FILINGMANAGER_NAME,advanced_micro,amazon,apple,asml,google,meta,microsoft,nvidia,palantir,palo_alto,salesforce,shopify,snowflake,tesla
"180 WEALTH ADVISORS, LLC",0.0,0.0,0.0,0.0,0.0,0.0,0.0,0.0,0.0,1.0,0.0,0.0,0.0,0.0
1834 INVESTMENT ADVISORS CO,0.0,0.08887350541699608,0.4608909190036834,0.0,0.0,0.0,0.4377303241840858,0.0,0.0,0.0,0.012505251395234772,0.0,0.0,0.0
"3Chopt Investment Partners, LLC",0.0,0.0,0.6838716651721926,0.0,0.0,0.0,0.3161283348278074,0.0,0.0,0.0,0.0,0.0,0.0,0.0
"9258 Wealth Management, LLC",0.0,0.0,0.0,0.0,0.0,0.0,0.0,0.0,0.0,0.0,0.0,1.0,0.0,0.0
"A. D. Beadell Investment Counsel, Inc.",0.0,0.0,0.4371123836007391,0.0,0.0,0.0,0.5628876163992609,0.0,0.0,0.0,0.0,0.0,0.0,0.0
ABNER HERRMAN & BROCK LLC,0.34823836930886665,0.0,0.0,0.0,0.0,0.0,0.6517616306911334,0.0,0.0,0.0,0.0,0.0,0.0,0.0
ACG Wealth,0.0,0.1941175493142895,0.3909482153802979,0.0,0.0,0.0,0.25625613889976145,0.09755588706639981,0.0,0.061122209339251284,0.0,0.0,0.0,0.0
ACTIAM N.V.,0.0,1.0,0.0,0.0,0.0,0.0,0.0,0.0,0.0,0.0,0.0,0.0,0.0,0.0
ADELL HARRIMAN & CARPENTER INC,0.0,0.16262304984934867,0.4011292567847472,0.0,0.0,0.0,0.25633508815923783,0.0,0.0,0.11949671074352368,0.06041589446314244,0.0,0.0,0.0
ADVISOR PARTNERS LLC,0.0,0.0,0.0,0.0,0.0,0.0,1.0,0.0,0.0,0.0,0.0,0.0,0.0,0.0
ADVISORS MANAGEMENT GROUP INC /ADV,0.0,0.0,0.9060921827807222,0.0,0.0,0.04382080345251121,0.0,0.0,0.0,0.0,0.0,0.0,0.0,0.05008701376676653
AEGON ASSET MANAGEMENT UK Plc,0.0,0.154287644361134,0.3721100335217473,0.0,0.0,0.0,0.4736023221171187,0.0,0.0,0.0,0.0,0.0,0.0,0.0
AGF INVESTMENTS INC.,0.11912125377203955,0.4614466333803273,0.11105349186549128,0.0,0.0,0.0,0.3083786209821419,0.0,0.0,0.0,0.0,0.0,0.0,0.0
AGF Investments LLC,0.0,0.0,1.0,0.0,0.0,0.0,0.0,0.0,0.0,0.0,0.0,0.0,0.0,0.0
AGF MANAGEMENT LTD,0.0,0.0,0.0,0.0,0.0,0.0,1.0,0.0,0.0,0.0,0.0,0.0,0.0,0.0
"AJ Advisors, LLC",0.0,0.20354775968193511,0.4910280287947214,0.0,0.0,0.0,0.3054242115233434,0.0,0.0,0.0,0.0,0.0,0.0,0.0
AKO CAPITAL LLP,0.0,0.0,0.0,0.0,0.0,0.0,1.0,0.0,0.0,0.0,0.0,0.0,0.0,0.0
ALERUS FINANCIAL  NA,0.0,0.0,0.0,0.0,0.0,0.0,0.0,0.0,0.0,0.0,1.0,0.0,0.0,0.0
ALGERT GLOBAL LLC,1.0,0.0,0.0,0.0,0.0,0.0,0.0,0.0,0.0,0.0,0.0,0.0,0.0,0.0
AM INVESTMENT STRATEGIES LLC,0.0,0.4002757341075208,0.5531483041355812,0.0,0.0,0.0,0.04219597053128531,0.0,0.0,0.0,0.004379991225612514,0.0,0.0,0.0
AMERICAN ASSET MANAGEMENT INC.,0.0,0.0,1.0,0.0,0.0,0.0,0.0,0.0,0.0,0.0,0.0,0.0,0.0,0.0
AMICA MUTUAL INSURANCE CO,0.0,0.2081948604055775,0.3034161782778924,0.0,0.0,0.0,0.34881137728079914,0.0,0.0,0.0,0.08305689530432345,0.0,0.0,0.056520688731407434
APCM Wealth Management for Individuals,0.0,0.0,0.8377181739799129,0.0,0.0,0.0,0.16228182602008717,0.0,0.0,0.0,0.0,0.0,0.0,0.0
APPLETON PARTNERS INC/MA,0.0,0.20376742719215377,0.49050173657566937,0.0,0.0,0.0,0.25282842031684316,0.0,0.0,0.049433701582031364,0.003468714333302388,0.0,0.0,0.0
AR ASSET MANAGEMENT INC,0.0,0.0,0.8744461945248794,0.0,0.0,0.0,0.12555380547512063,0.0,0.0,0.0,0.0,0.0,0.0,0.0
"ARGA Investment Management, LP",0.0,0.0,0.0,0.0,0.0,1.0,0.0,0.0,0.0,0.0,0.0,0.0,0.0,0.0
"ARGI Investment Services, LLC",0.0,0.0,0.6668618845345112,0.0,0.0,0.0,0.33313811546548877,0.0,0.0,0.0,0.0,0.0,0.0,0.0
"ARGONAUTICA PRIVATE WEALTH MANAGEMENT, INC",0.05178622143351109,0.1726810547912067,0.3930532057892256,0.011018613162311945,0.0,0.0,0.36039864778113995,0.0,0.0,0.0,0.011062257042604712,0.0,0.0,0.0
"ARMISTICE CAPITAL, LLC",0.0,0.0,0.0,0.0,0.0,0.0,0.0,1.0,0.0,0.0,0.0,0.0,0.0,0.0
"ARMSTRONG ADVISORY GROUP, INC",0.011412372513131316,0.14633948984478082,0.5400142491502663,0.0,0.0,0.0074054545769329716,0.2850460360579216,0.0,0.0,0.0,0.0,0.0,0.0,0.009782397856966966
ARROW FINANCIAL CORP,0.0,0.27225377795476935,0.4003793674414705,0.0,0.0,0.0,0.32736685460376014,0.0,0.0,0.0,0.0,0.0,0.0,0.0
ASSET PLANNING SERVICES INC /LA/ /ADV,0.0,0.2923465572250021,0.011116619712033244,0.0,0.0,0.0,0.6965368230629647,0.0,0.0,0.0,0.0,0.0,0.0,0.0
ATLANTA CAPITAL MANAGEMENT CO L L C,0.0,0.0,0.0,0.0,0.0,0.0,1.0,0.0,0.0,0.0,0.0,0.0,0.0,0.0
ATLAS CAPITAL ADVISORS LLC,0.0,0.0,0.8977058481629345,0.10229415183706542,0.0,0.0,0.0,0.0,0.0,0.0,0.0,0.0,0.0,0.0
ATRIA INVESTMENTS LLC,0.0,0.3610256798924185,0.0,0.0,0.0,0.0,0.6127827169917927,0.0,0.0,0.026191603115789015,0.0,0.0,0.0,0.0
AZZAD ASSET MANAGEMENT INC /ADV,0.03404515794404132,0.023562423312740347,0.47199227835589874,0.03817006597978467,0.0,0.0,0.3348724790615364,0.0,0.0,0.03052440692596667,0.0668331884200318,0.0,0.0,0.0
"Abacus Wealth Partners, LLC",0.0,0.3204199806464709,0.0,0.0,0.0,0.0,0.6795800193535292,0.0,0.0,0.0,0.0,0.0,0.0,0.0
Abound Wealth Management,0.0,0.0,0.731727994450163,0.0,0.0,0.0,0.24759225212556746,0.0,0.0,0.0,0.02067975342426951,0.0,0.0,0.0
Abundance Wealth Counselors,0.0,0.0,0.9532424373184601,0.04675756268153977,0.0,0.0,0.0,0.0,0.0,0.0,0.0,0.0,0.0,0.0
"Adams Asset Advisors, LLC",0.0,1.0,0.0,0.0,0.0,0.0,0.0,0.0,0.0,0.0,0.0,0.0,0.0,0.0
Adams Chetwood Wealth Management LLC,0.0,0.4206541956426448,0.2607660320581928,0.0,0.0,0.0,0.22296200642111627,0.0,0.0,0.0,0.09561776587804618,0.0,0.0,0.0
Alaska Wealth Advisors,0.0,0.11847065597142344,0.6014372513394537,0.0,0.0,0.0,0.28009209268912283,0.0,0.0,0.0,0.0,0.0,0.0,0.0
"Aldebaran Capital, LLC",0.0,0.0,0.0,0.0,0.0,0.0,1.0,0.0,0.0,0.0,0.0,0.0,0.0,0.0
Aldebaran Financial Inc.,0.0,1.0,0.0,0.0,0.0,0.0,0.0,0.0,0.0,0.0,0.0,0.0,0.0,0.0
"AllGen Financial Advisors, Inc.",0.0,0.0,0.2117253352045111,0.0,0.0,0.0,0.7882746647954888,0.0,0.0,0.0,0.0,0.0,0.0,0.0
AllSquare Wealth Management LLC,0.0,0.0,0.0,0.0,0.0,0.0,0.0,0.0,0.0,1.0,0.0,0.0,0.0,0.0
Allen Mooney & Barnes Investment Advisors LLC,0.0,0.3444920124167255,0.6555079875832746,0.0,0.0,0.0,0.0,0.0,0.0,0.0,0.0,0.0,0.0,0.0
"Alliance Wealth Advisors, LLC /UT",0.0,0.576717229965975,0.0,0.0,0.0,0.0,0.4232827700340251,0.0,0.0,0.0,0.0,0.0,0.0,0.0
"Alpha Financial Partners, LLC",0.0,0.2782781186491769,0.721721881350823,0.0,0.0,0.0,0.0,0.0,0.0,0.0,0.0,0.0,0.0,0.0
"AlphaMark Advisors, LLC",0.0,0.5700615485468716,0.35323949304392166,0.0,0.0,0.0,0.07669895840920679,0.0,0.0,0.0,0.0,0.0,0.0,0.0
AlphaQ Advisors LLC,0.0,0.36127668629862103,0.3182672491802096,0.0,0.0,0.0,0.3204560645211693,0.0,0.0,0.0,0.0,0.0,0.0,0.0
"Altiora Financial Group, LLC",0.0,0.0,0.0,0.0,0.0,0.0,1.0,0.0,0.0,0.0,0.0,0.0,0.0,0.0
Altium Wealth Management LLC,0.0,0.17334377581267627,0.5167963688902517,0.0,0.0,0.0,0.28127425873590745,0.0,0.0,0.0,0.028585596561164474,0.0,0.0,0.0
American Asset Management Inc.,0.0,0.4127320954907162,0.5872679045092839,0.0,0.0,0.0,0.0,0.0,0.0,0.0,0.0,0.0,0.0,0.0
American Portfolios Advisors,0.0,0.19548143619288966,0.5610307924280118,0.0,0.0,0.0,0.22945954130136306,0.0,0.0,0.0,0.014028230077735543,0.0,0.0,0.0
American Research & Management Co.,0.0,0.3169650194863778,0.0,0.0,0.0,0.0,0.27569845971780366,0.404571537104474,0.0,0.0027649836913445414,0.0,0.0,0.0,0.0
Amica Retiree Medical Trust,0.0,0.21368178915383523,0.3144402745559776,0.0,0.0,0.0,0.3459821938814728,0.0,0.0,0.0,0.0669063315008072,0.0,0.0,0.05898941090790728
"Anchor Investment Management, LLC",0.0,0.1287805475346003,0.3020630165355848,0.0,0.0,0.0901636267646965,0.46940232230324996,0.0,0.0,0.0,0.00959048686186853,0.0,0.0,0.0
"Annandale Capital, LLC",0.0,0.0,0.20247864953608866,0.0,0.0,0.502581448066032,0.29493990239787926,0.0,0.0,0.0,0.0,0.0,0.0,0.0
"Aperture Investors, LLC",0.0,0.0,0.0,0.0,0.0,1.0,0.0,0.0,0.0,0.0,0.0,0.0,0.0,0.0
Applied Capital LLC/FL,0.0,0.0,0.0,0.0,0.0,0.34921854849703726,0.6507814515029627,0.0,0.0,0.0,0.0,0.0,0.0,0.0
"Arcadia Wealth Management, LLC",0.0,0.6322379479313546,0.1758325620695387,0.0,0.0,0.0,0.19192948999910672,0.0,0.0,0.0,0.0,0.0,0.0,0.0
Ardevora Asset Management LLP,0.0,0.4968386725546023,0.0,0.0,0.0,0.0,0.0,0.0,0.0,0.0,0.5031613274453978,0.0,0.0,0.0
"Arista Wealth Management, LLC",0.0,1.0,0.0,0.0,0.0,0.0,0.0,0.0,0.0,0.0,0.0,0.0,0.0,0.0
"Aristotle Atlantic Partners, LLC",0.0,0.0,0.0,0.0,0.0,0.0,0.0,0.0,0.0,0.0,1.0,0.0,0.0,0.0
Arkos Global Advisors,0.0,0.15181917908401132,0.6399579486241885,0.0,0.0,0.0,0.20822287229179998,0.0,0.0,0.0,0.0,0.0,0.0,0.0
"Arlington Capital Management, Inc.",0.0,0.2261714898390713,0.35742969136198605,0.0,0.0,0.0,0.4163988187989426,0.0,0.0,0.0,0.0,0.0,0.0,0.0
"Armor Investment Advisors, LLC",0.0,0.0,0.0,0.0,0.0,1.0,0.0,0.0,0.0,0.0,0.0,0.0,0.0,0.0
Ashburton (Jersey) Ltd,0.0,0.0,0.0,0.0,0.0,0.0,1.0,0.0,0.0,0.0,0.0,0.0,0.0,0.0
"Ashfield Capital Partners, LLC",0.0,0.11416820748720084,0.4632567055366671,0.0,0.0,0.0,0.2975365115119735,0.12503857546415845,0.0,0.0,0.0,0.0,0.0,0.0
"Ashton Thomas Private Wealth, LLC",0.0,0.1577705319803412,0.39325196329412887,0.012951569519629006,0.0,0.0989440541962379,0.31051023729328925,0.0,0.0,0.026571643716373824,0.0,0.0,0.0,0.0
"Aspen Grove Capital, LLC",0.0,0.0,0.7038284111582322,0.017231515741496048,0.0,0.0,0.2789400731002718,0.0,0.0,0.0,0.0,0.0,0.0,0.0
Aspen Investment Management Inc,0.0,0.21678058797136537,0.26140998330591403,0.0,0.0,0.0,0.5218094287227205,0.0,0.0,0.0,0.0,0.0,0.0,0.0
"Aspen Wealth Strategies, LLC",0.0,0.17853942761313735,0.44241174593589877,0.0,0.0,0.0,0.37904882645096394,0.0,0.0,0.0,0.0,0.0,0.0,0.0
"Ategra Capital Management, LLC",0.0,0.07140862215822663,0.6276466406423896,0.0,0.0,0.0,0.2028632411118748,0.0,0.0,0.0,0.05645152976156419,0.0,0.0,0.0416299663259447
Ativo Capital Management LLC,0.0,0.0,0.6167840183396103,0.0,0.0,0.0,0.3832159816603897,0.0,0.0,0.0,0.0,0.0,0.0,0.0
"Atlas Wealth Partners, LLC",0.0,0.0,0.0,0.0,0.0,0.0,0.0,0.0,0.0,0.0,0.0,0.0,0.0,1.0
"Atria Investments, Inc",0.0,0.2179894041824564,0.2238673030010345,0.026199168190735846,0.0,0.11885468090700141,0.3918200304998736,0.0,0.0,0.021269413218898418,0.0,0.0,0.0,0.0
"Aurora Investment Managers, LLC.",0.0,0.0,0.26570144563183357,0.0,0.0,0.22633248314028598,0.21679565386426847,0.0,0.0,0.0,0.0,0.0,0.0,0.2911704173636121
"Aurora Private Wealth, Inc.",0.0,0.24102399675993116,0.6004286341084748,0.0,0.0,0.0,0.15854736913159406,0.0,0.0,0.0,0.0,0.0,0.0,0.0
Auto-Owners Insurance Co,0.0,0.3170448940332979,0.03269609121116546,0.0,0.0,0.41832566466508386,0.23193335009045277,0.0,0.0,0.0,0.0,0.0,0.0,0.0
Avalon Global Asset Management LLC,0.0,0.5133137795333619,0.4866862204666381,0.0,0.0,0.0,0.0,0.0,0.0,0.0,0.0,0.0,0.0,0.0
Avion Wealth,0.0,0.0,0.7079920973978825,0.0,0.0,0.0,0.29200790260211745,0.0,0.0,0.0,0.0,0.0,0.0,0.0
Azimuth Capital Management LLC,0.0,0.21021163730690842,0.0,0.07420515917403805,0.0,0.0,0.40765658347115374,0.2086392832879269,0.0,0.0,0.09928733675997281,0.0,0.0,0.0
"B. Riley Wealth Advisors, Inc.",0.0,0.0,0.0,0.0,0.0,0.18238067377283254,0.5583997265685688,0.0,0.0,0.07650127656271995,0.03626701186465247,0.015076551833460844,0.0,0.1313747593977653
"B. Riley Wealth Management, Inc.",0.0,0.0,0.0,1.0,0.0,0.0,0.0,0.0,0.0,0.0,0.0,0.0,0.0,0.0
BALASA DINVERNO & FOLTZ LLC,0.0,0.1626105547390658,0.5153129285334478,0.0,0.0,0.0,0.31223821562170584,0.0,0.0,0.0,0.009838301105780607,0.0,0.0,0.0
BANQUE PICTET & CIE SA,0.0,0.0,0.0,1.0,0.0,0.0,0.0,0.0,0.0,0.0,0.0,0.0,0.0,0.0
"BARON SILVER STEVENS FINANCIAL ADVISORS, LLC",0.0,0.11130036982118416,0.5182608378344008,0.0,0.0,0.07686806518753568,0.29357072715687943,0.0,0.0,0.0,0.0,0.0,0.0,0.0
"BARRETT & COMPANY, INC.",0.0,0.3044750008762565,0.41230319658375114,0.0011646619478302813,0.0,0.0,0.27044668646605685,0.0,0.0,0.0,0.0,0.0,0.0,0.011610454126105271
BARTLETT & CO. WEALTH MANAGEMENT LLC,0.0,0.11908598508429212,0.40856818429981967,0.0,0.0,0.0,0.4003003112108158,0.0,0.0,0.0,0.07204551940507256,0.0,0.0,0.0
"BASSETT HARGROVE INVESTMENT COUNSEL, LLC",0.0,0.22774155542020713,0.3600291553922499,0.0,0.0,0.0,0.4122292891875431,0.0,0.0,0.0,0.0,0.0,0.0,0.0
"BASSO CAPITAL MANAGEMENT, L.P.",0.0,0.0,0.0,0.0,0.0,0.0,1.0,0.0,0.0,0.0,0.0,0.0,0.0,0.0
"BCR Wealth Strategies, LLC",0.0,0.0,0.0,0.0,0.0,1.0,0.0,0.0,0.0,0.0,0.0,0.0,0.0,0.0
BCS Wealth Management,0.0,0.0,0.0,0.0,0.0,1.0,0.0,0.0,0.0,0.0,0.0,0.0,0.0,0.0
"BEACON FINANCIAL PLANNING, INC",0.0,0.0,0.18617044871521876,0.0,0.0,0.0,0.0787263663392218,0.0,0.0,0.0,0.0,0.0,0.0,0.7351031849455596
BEACON INVESTMENT ADVISORS LLC,0.0,0.0,0.4509387542781634,0.0,0.0,0.0,0.5490612457218366,0.0,0.0,0.0,0.0,0.0,0.0,0.0
BEDDOW CAPITAL MANAGEMENT INC,0.0,0.15216335250860658,0.08014361626981864,0.0,0.0,0.7072286484034788,0.06046438281809597,0.0,0.0,0.0,0.0,0.0,0.0,0.0
BEDRIJFSTAKPENSIOENFONDS VOOR DE MEDIA PNO,0.0,0.28608972277956635,0.0,0.0,0.0,0.0,0.36803236641905007,0.24337206829135308,0.0,0.0,0.10250584251003055,0.0,0.0,0.0
"BELLEVUE ASSET MANAGEMENT, LLC",0.0,0.0,0.0,0.0,0.0,0.0,0.0,0.0,0.0,1.0,0.0,0.0,0.0,0.0
BIRINYI ASSOCIATES INC,0.0,0.0,0.0,1.0,0.0,0.0,0.0,0.0,0.0,0.0,0.0,0.0,0.0,0.0
"BKD Wealth Advisors, LLC",0.0,0.0,0.5787315203391814,0.0,0.0,0.0,0.42126847966081843,0.0,0.0,0.0,0.0,0.0,0.0,0.0
"BLOOM TREE PARTNERS, LLC",0.0,0.0,0.0,0.0,0.0,0.0,1.0,0.0,0.0,0.0,0.0,0.0,0.0,0.0
"BOENNING & SCATTERGOOD, INC.",0.012394111748422827,0.10508212798067851,0.430241798311004,0.0,0.0,0.0,0.4397722512506994,0.0,0.0,0.0,0.012509710709195218,0.0,0.0,0.0
"BOS Asset Management, LLC",0.0,0.09446462707137518,0.5811195938079975,0.0,0.0,0.09378044677754638,0.23063533234308095,0.0,0.0,0.0,0.0,0.0,0.0,0.0
BOSTON FAMILY OFFICE LLC,0.0,0.23339578683473963,0.38605375463559766,0.0,0.0,0.00381071257791863,0.2704648044748091,0.0,0.0,0.0,0.10627494147693516,0.0,0.0,0.0
BOSTON FINANCIAL MANGEMENT LLC,1.0,0.0,0.0,0.0,0.0,0.0,0.0,0.0,0.0,0.0,0.0,0.0,0.0,0.0
BOSTON RESEARCH & MANAGEMENT INC,0.0,0.0,0.3879284787299418,0.0,0.0,0.0,0.6120715212700581,0.0,0.0,0.0,0.0,0.0,0.0,0.0
BOYD WATTERSON ASSET MANAGEMENT LLC/OH,0.0,0.0,0.0,0.0,0.0,0.0,0.0,0.0,0.0,0.0,0.0,1.0,0.0,0.0
"BRADY FAMILY WEALTH, LLC",0.0,0.10847290615641708,0.5095205671783088,0.0,0.0,0.0,0.38200652666527396,0.0,0.0,0.0,0.0,0.0,0.0,0.0
BRANDYWINE OAK PRIVATE WEALTH LLC,0.013585416453984622,0.13531777824119437,0.5457231611255905,0.0,0.0,0.025194220516306206,0.26756103065791687,0.0,0.0,0.0,0.012618393005007517,0.0,0.0,0.0
BREITER CAPITAL MANAGEMENT INC,0.1607699237959383,0.0,0.6260276286647397,0.0,0.0,0.0,0.21320244753932205,0.0,0.0,0.0,0.0,0.0,0.0,0.0
BREWIN DOLPHIN LTD,0.0,0.4123400164989817,0.23507192520873094,0.0,0.0,0.0,0.352275654357057,0.0,0.0,0.00031240393523030335,0.0,0.0,0.0,0.0
BREWIN DOLPHIN WEALTH MANAGEMENT LTD,0.0,0.0,0.0,0.0,0.0,0.0,1.0,0.0,0.0,0.0,0.0,0.0,0.0,0.0
"BROGAN FINANCIAL, INC.",0.0,0.1185979618900553,0.640662891616698,0.0,0.0,0.0,0.24073914649324687,0.0,0.0,0.0,0.0,0.0,0.0,0.0
"BROWN, LISLE/CUMMINGS, INC.",0.0,0.19517729831402045,0.28357548147657174,0.027593194685595346,0.0,0.08460979324900834,0.2774922133264086,0.0,0.0,0.050491792674669335,0.03945355705825843,0.0,0.004427624014730261,0.037179045200737566
BT Wealth Management LLC,0.0,0.11609462909822174,0.4978760422080123,0.0,0.0,0.0,0.386029328693766,0.0,0.0,0.0,0.0,0.0,0.0,0.0
BUILDER INVESTMENT GROUP INC /ADV,0.0,0.0,0.15064215391659116,0.0,0.0,0.0,0.8493578460834088,0.0,0.0,0.0,0.0,0.0,0.0,0.0
Baldrige Asset Management LLC,0.0,0.0,0.8138392857142858,0.0,0.0,0.0,0.1861607142857143,0.0,0.0,0.0,0.0,0.0,0.0,0.0
"Ballast, Inc.",0.0,0.0,0.0,0.0,1.0,0.0,0.0,0.0,0.0,0.0,0.0,0.0,0.0,0.0
"Banco de Sabadell, S.A",0.0,0.12106280982252571,0.32868854908570044,0.17067276844280535,0.0,0.0,0.37957587264896847,0.0,0.0,0.0,0.0,0.0,0.0,0.0
Banque Cantonale Vaudoise,0.0,0.19877882866437352,0.3393988062786882,0.0,0.0,0.0,0.3500279138909672,0.0,0.0,0.0,0.050631104969873185,0.0,0.0,0.06116334619609796
Baron Wealth Management LLC,0.0,0.11901707956021083,0.47992353326811305,0.0,0.0,0.0,0.24560176768203082,0.09482238665244302,0.0,0.0,0.06063523283720233,0.0,0.0,0.0
"Barrett Asset Management, LLC",0.0,0.0,0.0,0.0,0.0,0.0,1.0,0.0,0.0,0.0,0.0,0.0,0.0,0.0
Bartlett & Co. LLC,0.0,0.10787952172052295,0.4211630911130948,0.0,0.0,0.0,0.3974700363289135,0.0,0.0,0.0,0.07348735083746877,0.0,0.0,0.0
Baskin Financial Services Inc.,0.0,0.21845139440109063,0.4331310711910421,0.0,0.0,0.0,0.344840124216351,0.0035774101915161667,0.0,0.0,0.0,0.0,0.0,0.0
Beaton Management Co. Inc.,0.0,0.2238846427922704,0.2717880646648688,0.0,0.0,0.17460073495507833,0.3115902136399838,0.0,0.0,0.0,0.018136343947798627,0.0,0.0,0.0
"Beaumont Financial Advisors, LLC",0.004759739721285152,0.17177214855604214,0.3862128919691437,0.0,0.0,0.09681586721191623,0.3367557112273235,0.0,0.0,0.0,0.0036836413142893247,0.0,0.0,0.0
"Beaumont Financial Partners, LLC",0.0,0.23650560847857902,0.4292372956059852,0.0,0.0,0.0,0.32925853570897873,0.0,0.0,0.0,0.0049985602064571595,0.0,0.0,0.0
"Bensler, LLC",0.0,0.1370073854668157,0.37195535773618643,0.0,0.0,0.0,0.4910372567969979,0.0,0.0,0.0,0.0,0.0,0.0,0.0
"Berkeley Capital Partners, LLC",0.0,0.0,0.0,0.0,0.0,0.0,0.0,0.0,0.0,0.0,0.0,0.0,0.0,1.0
"Beverly Hills Private Wealth, LLC",0.0,0.9331402452736103,0.0,0.0,0.0,0.0,0.0,0.0,0.0,0.0,0.0,0.06685975472638975,0.0,0.0
Biechele Royce Advisors,0.0,0.0,0.9517804200523894,0.0,0.0,0.0,0.04821957994761052,0.0,0.0,0.0,0.0,0.0,0.0,0.0
"Bleakley Financial Group, LLC",0.013338041914580543,0.14460420439610935,0.4058514605518153,0.019581327964313708,0.0,0.07960980712147513,0.2744913178316812,0.0,0.0,0.005530493574786262,0.0,0.0,0.0,0.05699334664523863
"Blue Chip Partners, Inc.",0.0,0.2116100818337867,0.3820592386767939,0.0,0.0,0.0,0.40633067948941926,0.0,0.0,0.0,0.0,0.0,0.0,0.0
"Blue Chip Partners, LLC",0.0,0.0,0.5256958897475374,0.0,0.0,0.004060484449510284,0.46694134003555365,0.0,0.0,0.0,0.0,0.0,0.0,0.0033022857673986033
"Blue Edge Capital, LLC",0.0,1.0,0.0,0.0,0.0,0.0,0.0,0.0,0.0,0.0,0.0,0.0,0.0,0.0
Blue Investment Partners LLC,0.0,0.0,0.890374231273925,0.0,0.0,0.0,0.10962576872607512,0.0,0.0,0.0,0.0,0.0,0.0,0.0
"Blue Square Asset Management, LLC",0.0,0.2894719684056594,0.425014670131612,0.0,0.0,0.0,0.2855133614627285,0.0,0.0,0.0,0.0,0.0,0.0,0.0
"Boothe Investment Group, Inc.",0.0,0.0,0.8206144963260166,0.0,0.0,0.0,0.17938550367398334,0.0,0.0,0.0,0.0,0.0,0.0,0.0
Border to Coast Pensions Partnership Ltd,0.0,0.23896872018925344,0.3673187482374615,0.0,0.0,0.0,0.393712531573285,0.0,0.0,0.0,0.0,0.0,0.0,0.0
"Borer Denton & Associates, Inc.",0.0,0.0,0.3645397314641843,0.0,0.0,0.0,0.6354602685358156,0.0,0.0,0.0,0.0,0.0,0.0,0.0
"Boston Common Asset Management, LLC",1.0,0.0,0.0,0.0,0.0,0.0,0.0,0.0,0.0,0.0,0.0,0.0,0.0,0.0
"Boston Standard Wealth Management, LLC",0.0,0.0,0.6285851245105826,0.0,0.0,0.0,0.3714148754894174,0.0,0.0,0.0,0.0,0.0,0.0,0.0
Bowling Portfolio Management LLC,0.0,0.35723058542413383,0.0,0.0,0.0,0.0,0.6427694145758662,0.0,0.0,0.0,0.0,0.0,0.0,0.0
"Boyer & Corporon Wealth Management, LLC",0.0,0.0,0.5042228222063548,0.0,0.0,0.0,0.4957771777936451,0.0,0.0,0.0,0.0,0.0,0.0,0.0
Brandywine Oak Private Wealth LLC,0.0,0.17965383267482932,0.5303532482438528,0.010537828475424902,0.0,0.0,0.2505102760272908,0.0,0.0,0.0,0.02894481457860217,0.0,0.0,0.0
"Brave Warrior Advisors, LLC",0.0,0.0,0.0,0.0,0.0,0.0,1.0,0.0,0.0,0.0,0.0,0.0,0.0,0.0
Breakwater Capital Group,0.0,0.1357441496687151,0.6105962306517834,0.0,0.0,0.0,0.25365961967950146,0.0,0.0,0.0,0.0,0.0,0.0,0.0
Brendel Financial Advisors LLC,0.0,0.0,0.0,0.0,0.0,0.0,1.0,0.0,0.0,0.0,0.0,0.0,0.0,0.0
"Briaud Financial Planning, Inc",0.0,0.0,0.7318897323212145,0.0,0.0,0.0,0.26811026767878543,0.0,0.0,0.0,0.0,0.0,0.0,0.0
"Brick & Kyle, Associates",0.0,0.0,0.0,0.0,0.0,0.0,1.0,0.0,0.0,0.0,0.0,0.0,0.0,0.0
"Bridgewealth Advisory Group, LLC",0.0,0.1244353472001044,0.8755646527998956,0.0,0.0,0.0,0.0,0.0,0.0,0.0,0.0,0.0,0.0,0.0
Brightworth,0.0,0.7455628843641462,0.0,0.0,0.0,0.0,0.2544371156358538,0.0,0.0,0.0,0.0,0.0,0.0,0.0
"Bruderman Asset Management, LLC",0.0,0.291185487741569,0.2936342354519899,0.0,0.0,0.0,0.4151802768064412,0.0,0.0,0.0,0.0,0.0,0.0,0.0
"Bryn Mawr Capital Management, LLC",0.0,0.0,0.0,0.0,0.0,0.0,1.0,0.0,0.0,0.0,0.0,0.0,0.0,0.0
"Buck Wealth Strategies, LLC",0.0,0.0,0.0,0.0,0.0,0.0,1.0,0.0,0.0,0.0,0.0,0.0,0.0,0.0
"Buckley Wealth Management, LLC",0.0,0.0,0.0,0.0,0.0,0.0,0.0,0.0,0.0,0.0,1.0,0.0,0.0,0.0
"Bull Street Advisors, LLC",0.0,0.0,0.5271349101016173,0.0,0.0,0.0,0.4728650898983828,0.0,0.0,0.0,0.0,0.0,0.0,0.0
"Bulltick Wealth Management, LLC",0.0,0.41139004874099605,0.2876111093754088,0.0,0.0,0.0,0.30099884188359505,0.0,0.0,0.0,0.0,0.0,0.0,0.0
"Burns Matteson Capital Management, LLC",0.0,0.33147503695092617,0.20444398076966233,0.0,0.0,0.0,0.46408098227941164,0.0,0.0,0.0,0.0,0.0,0.0,0.0
Busey Wealth Management,0.0,0.0,0.0,0.0,0.0,0.0,0.0,0.0,0.0,0.0,1.0,0.0,0.0,0.0
"C2P Capital Advisory Group, LLC d.b.a. Prosperity Capital Advisors",0.0,0.0,1.0,0.0,0.0,0.0,0.0,0.0,0.0,0.0,0.0,0.0,0.0,0.0
CADENCE BANK NA,0.0,0.18093193410139,0.376656020336663,0.0,0.0,0.0,0.44241204556194696,0.0,0.0,0.0,0.0,0.0,0.0,0.0
"CAHABA WEALTH MANAGEMENT, INC.",0.0,0.13165811533606317,0.3822952704994446,0.0,0.0,0.0,0.3225696607506792,0.1634769534138131,0.0,0.0,0.0,0.0,0.0,0.0
CALAMOS ADVISORS LLC,0.0,0.2288039929884403,0.31064960870534314,0.0,0.0,0.0,0.3224838260689965,0.0,0.0,0.08675168087054723,0.04385305168868782,0.0,0.007457839677985118,0.0
CALAMOS WEALTH MANAGEMENT LLC,0.0,0.16915476459371864,0.4362357056935595,0.0,0.0,0.0,0.3056862055018306,0.08344670725365466,0.0,0.005476616957236583,0.0,0.0,0.0,0.0
CANANDAIGUA NATIONAL CORP,0.0,0.1276887373993763,0.3592428747552397,0.0,0.0,0.0,0.46795271593299004,0.0,0.0,0.0,0.045115671912393934,0.0,0.0,0.0
"CASCADE INVESTMENT GROUP, INC.",0.0,0.18903801228701472,0.5106746162632405,0.0,0.0,0.0,0.23905251263126107,0.0,0.0,0.0,0.06123485881848362,0.0,0.0,0.0
CATALYST FINANCIAL PARTNERS LLC,0.019325582171827973,0.1642019636652123,0.44869098943849794,0.0,0.0,0.0,0.33769070683352875,0.0,0.0,0.0,0.030090757890933014,0.0,0.0,0.0
CAZ INVESTMENTS LP,0.0,0.8966562639322336,0.0,0.0,0.0,0.0,0.0,0.0,0.0,0.0,0.0,0.0,0.10334373606776638,0.0
CCLA Investment Management,0.0,0.35790054482787725,0.0,0.0,0.0,0.0,0.6420994551721227,0.0,0.0,0.0,0.0,0.0,0.0,0.0
CCM INVESTMENT ADVISERS LLC,0.0,0.0,0.0,0.0,0.0,0.0,0.0,0.0,0.0,0.0,1.0,0.0,0.0,0.0
"CENTAURUS FINANCIAL, INC.",0.0,0.21602716105538136,0.49912063636750786,0.0,0.0,0.0,0.2447720676779273,0.0,0.0,0.0,0.040080134899183516,0.0,0.0,0.0
"CHAPIN DAVIS, INC.",0.0,0.11458985986944116,0.5110924157271008,0.0,0.0,0.0,0.374317724403458,0.0,0.0,0.0,0.0,0.0,0.0,0.0
CHARTIST INC /CA/,0.0,0.6215248257231568,0.19235150210841553,0.0,0.0,0.0,0.18612367216842765,0.0,0.0,0.0,0.0,0.0,0.0,0.0
"CHARTWELL INVESTMENT PARTNERS, LLC",0.0,0.0,0.0,0.0,0.0,0.0,0.0,0.0,0.0,0.0,1.0,0.0,0.0,0.0
CHASE INVESTMENT COUNSEL CORP,0.0,0.0,0.0,0.0,0.0,0.0,1.0,0.0,0.0,0.0,0.0,0.0,0.0,0.0
CHELSEA COUNSEL CO,0.0,0.0,1.0,0.0,0.0,0.0,0.0,0.0,0.0,0.0,0.0,0.0,0.0,0.0
CHICKASAW CAPITAL MANAGEMENT LLC,0.0,0.11657794011641753,0.6495058779415626,0.0,0.0,0.0,0.18257948145454506,0.0,0.0,0.0,0.05133670048747474,0.0,0.0,0.0
CI INVESTMENTS INC.,0.11077583689233865,0.29896185379653467,0.1704303325314277,0.0,0.0,0.0,0.411752398915555,0.0,0.0,0.0,0.0,0.008079577864144023,0.0,0.0
CIBC WORLD MARKET INC.,0.0,0.28687406477937366,0.0,0.0,0.0,0.24333155057931594,0.40791956825706255,0.0,0.0,0.027888892229354995,0.03398592415489284,0.0,0.0,0.0
"CJM Wealth Advisers, Ltd.",0.0,0.14332779823418415,0.491404100166651,0.0,0.0,0.0,0.225313202528731,0.07977623868571486,0.0,0.0,0.0,0.0,0.0,0.06017866038471902
CKW FINANCIAL GROUP,0.0,0.0,1.0,0.0,0.0,0.0,0.0,0.0,0.0,0.0,0.0,0.0,0.0,0.0
CLARET ASSET MANAGEMENT Corp,0.0,0.0,0.0,0.0,0.0,0.0,0.8962372160594193,0.043422905101389596,0.0,0.0,0.0,0.0,0.0,0.060339878839190925
CM WEALTH ADVISORS LLC,0.0,0.0,0.0,0.0,0.0,0.0,1.0,0.0,0.0,0.0,0.0,0.0,0.0,0.0
"COHEN & STEERS, INC.",0.0,0.204243733123791,0.35086999281783576,0.0,0.0,0.0,0.36105014752215336,0.0,0.0,0.0,0.013453419786236773,0.0,0.0,0.0703827067499831
COLONY GROUP LLC,0.0,0.0,0.4097234080377143,0.0,0.0,0.0,0.4835144473758948,0.09179055395726031,0.0,0.0018403608989201192,0.013131229730210497,0.0,0.0,0.0
COMERICA BANK,0.0,0.0,0.0,1.0,0.0,0.0,0.0,0.0,0.0,0.0,0.0,0.0,0.0,0.0
COMMERZBANK AKTIENGESELLSCHAFT /FI,0.0,0.0,0.0,0.0,0.0,0.0,1.0,0.0,0.0,0.0,0.0,0.0,0.0,0.0
"COMMONWEALTH EQUITY SERVICES, LLC",0.01546528105709096,0.1830536912661978,0.5070550222314936,0.004108398398500611,0.0,0.0,0.2562333131482381,0.0,0.0,0.010380657892253719,0.016124014252491322,0.00757962175373389,0.0,0.0
"CONTINUUM WEALTH ADVISORS, LLC",0.0,0.0,0.1864372845475041,0.0,0.0,0.0,0.813562715452496,0.0,0.0,0.0,0.0,0.0,0.0,0.0
"CONTRARIAN CAPITAL MANAGEMENT, L.L.C.",0.0,0.0,0.0,0.0,0.0,1.0,0.0,0.0,0.0,0.0,0.0,0.0,0.0,0.0
"CONWAY CAPITAL MANAGEMENT, INC.",0.0,0.3873573241078506,0.5552937398086234,0.0,0.0,0.0,0.05734893608352606,0.0,0.0,0.0,0.0,0.0,0.0,0.0
COOKSON PEIRCE & CO INC,0.0,0.0,0.0,1.0,0.0,0.0,0.0,0.0,0.0,0.0,0.0,0.0,0.0,0.0
CORA CAPITAL ADVISORS LLC,0.0,0.17054472375094795,0.5346435005645912,0.0,0.0,0.0514470309883832,0.2433647446960776,0.0,0.0,0.0,0.0,0.0,0.0,0.0
"CORBETT ROAD CAPITAL MANAGEMENT, LLC",0.0,0.32519362478397235,0.23943636214006822,0.0,0.0,0.0,0.25820447874470787,0.17716553433125154,0.0,0.0,0.0,0.0,0.0,0.0
CPA Asset Management LLC,0.0,0.0,0.7619018673364645,0.0,0.0,0.0,0.23809813266353552,0.0,0.0,0.0,0.0,0.0,0.0,0.0
"CPWM, LLC",0.002354371048877303,0.33708512461563944,0.27158200132340854,0.0,0.0,0.0,0.38605164173873807,0.0,0.0,0.0,0.002926861273336678,0.0,0.0,0.0
"CROWN ADVISORS MANAGEMENT, INC.",0.0,0.0,0.0,0.0,0.0,0.0,0.0,1.0,0.0,0.0,0.0,0.0,0.0,0.0
"CSM Advisors, LLC",0.0,0.0,0.4255692760296087,0.0,0.0,0.1530605359052355,0.42137018806515575,0.0,0.0,0.0,0.0,0.0,0.0,0.0
"CWM, LLC",0.046673356812062514,0.19744255969577074,0.34447025351377886,0.0015480569130359423,0.0,0.0,0.30786854869244146,0.0,0.0,0.021610307350434555,0.03532165813917361,0.0,0.0,0.04506525888330215
CYPRESS ASSET MANAGEMENT INC/TX,0.0,0.0,0.0,0.0,0.0,0.0,0.0,0.0,0.0,0.0,1.0,0.0,0.0,0.0
CYPRESS CAPITAL MANAGEMENT LLC,0.0,0.04673508635502181,0.0,0.0,0.0,0.0,0.9532649136449781,0.0,0.0,0.0,0.0,0.0,0.0,0.0
"Cahaba Wealth Management, Inc.",0.0,0.14642254297426713,0.5198766750490889,0.0,0.0,0.0,0.33370078197664405,0.0,0.0,0.0,0.0,0.0,0.0,0.0
"Cairn Investment Group, Inc.",0.0,0.07505578251824385,0.0,0.0,0.0,0.7363615785105259,0.18858263897123023,0.0,0.0,0.0,0.0,0.0,0.0,0.0
Calamos Advisors LLC,0.02203330606115465,0.16635493898886056,0.27886726243039717,0.004877980849401123,0.0,0.08277371153301735,0.2935345438279762,0.0,0.0,0.12458852337065557,0.022265716577094495,0.0047040163614429425,0.0,0.0
Calamos Wealth Management LLC,0.0,0.17651985395002726,0.47551910780704754,0.0,0.0,0.021914332501732917,0.3077870306906655,0.0,0.0,0.0,0.0,0.0,0.0,0.018259675050526815
"Calton & Associates, Inc.",0.02622643012542578,0.13295871825128378,0.5947550660843364,0.0,0.0,0.0,0.24605978553895408,0.0,0.0,0.0,0.0,0.0,0.0,0.0
"Cambridge Financial Group, Inc.",0.0,0.0,0.0,0.0,0.0,0.0,0.3517130473234742,0.336402581396769,0.0,0.0,0.3118843712797569,0.0,0.0,0.0
"Cambridge Investment Research Advisors, Inc.",0.050965334130012266,0.4201726708227788,0.0,0.0,0.0,0.0,0.4485365525919796,0.0,0.0,0.014761144696922461,0.04218068184735707,0.023383615910949788,0.0,0.0
Campbell Wealth Management,0.0,0.0,0.5831531488802525,0.0,0.0,0.0,0.41684685111974756,0.0,0.0,0.0,0.0,0.0,0.0,0.0
Canal Insurance CO,0.0,0.0,0.0,0.0,0.0,0.0,1.0,0.0,0.0,0.0,0.0,0.0,0.0,0.0
Candriam Luxembourg S.C.A.,0.0,0.13567050505409867,0.29414159531432343,0.0,0.0,0.0,0.431013239634122,0.07797244000009398,0.0,0.06120221999736194,0.0,0.0,0.0,0.0
"Canton Hathaway, LLC",0.0,0.2498666232921275,0.3716167859466493,0.0,0.0,0.0,0.3785165907612232,0.0,0.0,0.0,0.0,0.0,0.0,0.0
"Capital Advisors, Ltd. LLC",0.0,0.11096959646213378,0.48556771697070206,0.0,0.0,0.0,0.40346268656716416,0.0,0.0,0.0,0.0,0.0,0.0,0.0
Carr Financial Group Corp,0.06538354548601231,0.17838268874365107,0.3135210067322886,0.033247207639507725,0.0,0.0,0.31445032564968545,0.0,0.0,0.0,0.09501522574885478,0.0,0.0,0.0
Cedrus LLC,0.0,0.21917226867902523,0.4325708390026112,0.05519996742074136,0.0,0.0,0.29305692489762225,0.0,0.0,0.0,0.0,0.0,0.0,0.0
"Centerpoint Advisors, LLC",0.0,0.0,0.5049556701615666,0.00027891687255152917,0.0,0.034165951560214174,0.4603482411736073,0.0,0.0,0.0,0.0002512202320603983,0.0,0.0,0.0
"Centre Asset Management, LLC",0.0,0.2584512785943824,0.38386647764550297,0.0,0.0,0.0,0.35768224376011465,0.0,0.0,0.0,0.0,0.0,0.0,0.0
"Chapman Investment Management, LLC",0.0,0.0,0.0,0.0,0.0,0.0,0.0,0.0,0.0,0.0,1.0,0.0,0.0,0.0
Chemistry Wealth Management LLC,0.0,0.0,0.0,0.0,0.0,0.0,0.0,0.0,0.0,0.0,1.0,0.0,0.0,0.0
"Citadel Investment Advisory, Inc.",0.0,0.07384056994961236,0.026678369230368152,0.0,0.0,0.4115189145582499,0.4879621462617696,0.0,0.0,0.0,0.0,0.0,0.0,0.0
"Cito Capital Group, LLC",0.014178555748303704,0.0,0.8465392861682577,0.0,0.0,0.0,0.11218240640349368,0.0,0.0,0.0,0.02709975167994488,0.0,0.0,0.0
"Cladis Investment Advisory, LLC",0.0,0.0,0.7635723310887039,0.0,0.0,0.0,0.23642766891129607,0.0,0.0,0.0,0.0,0.0,0.0,0.0
Clare Market Investments LLC,0.0,0.3315615086700496,0.4078521504648965,0.0,0.0,0.0,0.2525505488564596,0.0,0.0,0.008035792008594368,0.0,0.0,0.0,0.0
ClariVest Asset Management LLC,0.0,0.2231468323950737,0.32205205566085815,0.0,0.0,0.0,0.31976320184571444,0.08990510969462638,0.0,0.0,0.04513280040372714,0.0,0.0,0.0
"Clarity Wealth Advisors, LLC",0.0,0.0,0.0,0.0,1.0,0.0,0.0,0.0,0.0,0.0,0.0,0.0,0.0,0.0
"Clifford Group, LLC",0.0,0.2521872564599938,0.2912960330765354,0.0,0.0,0.12611899285228279,0.33039771761118786,0.0,0.0,0.0,0.0,0.0,0.0,0.0
Close Asset Management Ltd,0.0,0.0,0.11414119060614138,0.0,0.0,0.04907446812743771,0.7441374841650117,0.09264685710140926,0.0,0.0,0.0,0.0,0.0,0.0
"Codex Capital, L.L.C.",0.0,0.0,0.0,0.0,0.0,1.0,0.0,0.0,0.0,0.0,0.0,0.0,0.0,0.0
Colonial Trust Advisors,0.7065301884330157,0.0,0.0,0.0,0.0,0.0,0.0,0.0,0.0,0.0,0.2934698115669842,0.0,0.0,0.0
Colonial Trust Co / SC,0.0,0.0,0.0,0.0,0.0,0.9503509269404605,0.0,0.0,0.0,0.0,0.04964907305953957,0.0,0.0,0.0
"Colorado Capital Management, Inc.",0.0,0.0681497695660276,0.7589399202868117,0.0,0.0,0.041523311796494954,0.1313869983506657,0.0,0.0,0.0,0.0,0.0,0.0,0.0
Commonwealth Retirement Investments LLC,0.0,0.05904473979563101,0.1564089945057688,0.0,0.0,0.0,0.7845462656986001,0.0,0.0,0.0,0.0,0.0,0.0,0.0
"Community Bank & Trust, Waco, Texas",0.0,0.12931518664874733,0.6203672129393751,0.0,0.0,0.00742516331347495,0.22687534685308142,0.0,0.0,0.0,0.016017090245321247,0.0,0.0,0.0
"Compass Financial Group, INC/SD",0.0,0.16789204656018236,0.8321079534398176,0.0,0.0,0.0,0.0,0.0,0.0,0.0,0.0,0.0,0.0,0.0
"Comprehensive Wealth Management, LLC",0.0,0.0,0.0,0.0,0.0,0.0,1.0,0.0,0.0,0.0,0.0,0.0,0.0,0.0
"Concord Asset Management, LLC/VA",0.0,0.0,0.48887784447690696,0.0,0.0,0.0,0.511122155523093,0.0,0.0,0.0,0.0,0.0,0.0,0.0
"Connecticut Wealth Management, LLC",0.0,0.0,0.0,1.0,0.0,0.0,0.0,0.0,0.0,0.0,0.0,0.0,0.0,0.0
"Connective Capital Management, LLC",0.0,0.0,1.0,0.0,0.0,0.0,0.0,0.0,0.0,0.0,0.0,0.0,0.0,0.0
Consolidated Investment Group LLC,0.0,0.1612817400834175,0.3219770216966991,0.0,0.0,0.0,0.17615831208647886,0.0,0.0,0.22366484464511338,0.11691808148829122,0.0,0.0,0.0
Consulta Ltd,0.0,1.0,0.0,0.0,0.0,0.0,0.0,0.0,0.0,0.0,0.0,0.0,0.0,0.0
"Continuum Advisory, LLC",0.0,0.0,0.0,0.2225331188230252,0.0,0.7774668811769748,0.0,0.0,0.0,0.0,0.0,0.0,0.0,0.0
Corbenic Partners LLC,0.0,0.0,0.5110496901216379,0.0,0.0,0.0,0.4159675632237091,0.07298274665465304,0.0,0.0,0.0,0.0,0.0,0.0
Cordasco Financial Network,0.0,0.11074538668878292,0.5485952726518764,0.0,0.0,0.0,0.34065934065934067,0.0,0.0,0.0,0.0,0.0,0.0,0.0
Cordatus Wealth Management LLC,0.0,0.0,0.0,0.0,0.0,0.0,1.0,0.0,0.0,0.0,0.0,0.0,0.0,0.0
"Core Wealth Management, Inc.",0.0,0.0,0.0,0.0,0.0,0.0,1.0,0.0,0.0,0.0,0.0,0.0,0.0,0.0
Core Wealth Partners LLC,0.0,0.20106663079619994,0.7989333692038001,0.0,0.0,0.0,0.0,0.0,0.0,0.0,0.0,0.0,0.0,0.0
"Corient Capital Partners, LLC",0.0,0.14252481115219276,0.42504466891927756,0.0,0.0,0.0,0.3796769685283139,0.0,0.0,0.0,0.05275355140021583,0.0,0.0,0.0
"Cornerstone Management, Inc.",0.0,0.0,0.5472356880854556,0.0,0.0,0.0,0.4527643119145443,0.0,0.0,0.0,0.0,0.0,0.0,0.0
"Corrigan Financial, Inc.",0.0,0.09999959755691633,0.7494377086214349,0.0,0.0,0.0,0.15056269382164883,0.0,0.0,0.0,0.0,0.0,0.0,0.0
"Coston, McIsaac & Partners",0.0,0.0,0.6897767309172872,0.0,0.0,0.05592171357976554,0.25022728764768726,0.0,0.0,0.0007698933886648617,0.0007221480622360331,0.0025822264043591486,0.0,0.0
Covestor Ltd,0.03740153087411573,0.2555622503403182,0.3513199883957064,0.0,0.0,0.0,0.35571623038985967,0.0,0.0,0.0,0.0,0.0,0.0,0.0
Covington Capital Management,0.0,0.23456442447374362,0.3752231677938302,0.02107218067679709,0.0,0.0,0.3342914632814086,0.0,0.0,0.0,0.033729853471891724,0.0011189103023288077,0.0,0.0
Covington Investment Advisors Inc.,0.0,0.0,0.398562789090274,0.0,0.0,0.0,0.46596176592488353,0.0,0.0,0.0,0.13547544498484254,0.0,0.0,0.0
"Cravens & Co Advisors, LLC",0.0,0.1464941401011042,0.09184391943570035,0.0,0.0,0.28784617542870333,0.23764543774288782,0.0,0.0,0.0,0.0,0.09717273774093348,0.0,0.1389975895506708
"Crescent Sterling, Ltd.",0.0,0.0,0.5285419688648569,0.0,0.0,0.0,0.47145803113514306,0.0,0.0,0.0,0.0,0.0,0.0,0.0
Crocodile Capital Partners GmbH,0.0,0.0,0.0,0.0,0.0,1.0,0.0,0.0,0.0,0.0,0.0,0.0,0.0,0.0
"Crossmark Global Holdings, Inc.",0.05661743926447568,0.29688287328815344,0.0,0.06046903162433279,0.0,0.0,0.5054391353897817,0.0,0.0,0.0,0.06011382048777213,0.019404139221738472,0.001073560723745783,0.0
Crossvault Capital Management LLC,0.0,0.36823310402438586,0.0,0.0,0.0,0.0,0.41824679617504934,0.0,0.0,0.0,0.21352009980056483,0.0,0.0,0.0
"Cunning Capital Partners, LP",0.0,0.3821158218484397,0.26247520743399516,0.0,0.0,0.0,0.3554089707175653,0.0,0.0,0.0,0.0,0.0,0.0,0.0
"Cyndeo Wealth Partners, LLC",0.0,0.2642143138258058,0.25542279666318096,0.0,0.0,0.0,0.48036288951101325,0.0,0.0,0.0,0.0,0.0,0.0,0.0
"Cyrus J. Lawrence, LLC",0.0,0.17594783025245975,0.26260086532686916,0.0,0.0,0.0,0.3896661046486246,0.0,0.0,0.1717851997720464,0.0,0.0,0.0,0.0
DAVIS SELECTED ADVISERS,0.0,0.8966755879223562,0.0,0.0,0.0,0.0,0.10332441207764372,0.0,0.0,0.0,0.0,0.0,0.0,0.0
"DAYMARK WEALTH PARTNERS, LLC",1.0,0.0,0.0,0.0,0.0,0.0,0.0,0.0,0.0,0.0,0.0,0.0,0.0,0.0
DE BURLO GROUP INC,0.0,0.0,0.0,0.0,0.0,0.0,0.0,0.0,0.0,1.0,0.0,0.0,0.0,0.0
DELTA CAPITAL MANAGEMENT LLC,0.0,0.0,0.0,0.0,0.0,0.0,1.0,0.0,0.0,0.0,0.0,0.0,0.0,0.0
DELTA FINANCIAL ADVISORS LLC,0.0,0.1263752350843952,0.44765357185626914,0.0,0.0,0.053964321376677456,0.37200687168265817,0.0,0.0,0.0,0.0,0.0,0.0,0.0
DEROY & DEVEREAUX PRIVATE INVESTMENT COUNSEL INC,0.0,0.0813552981854417,0.8997958408658218,0.0,0.0,0.0,0.0,0.0,0.0,0.018848860948736532,0.0,0.0,0.0,0.0
"DIVIDEND ASSETS CAPITAL, LLC",0.0,0.0,0.0,0.0,0.0,0.0,0.0,0.0,0.0,0.0,1.0,0.0,0.0,0.0
DIXON HUBARD FEINOUR & BROWN INC/VA,0.0,0.0,0.0,0.0,0.0,0.0,1.0,0.0,0.0,0.0,0.0,0.0,0.0,0.0
DOHENY ASSET MANAGEMENT /CA,0.0,0.0,0.9520728867556608,0.0,0.0,0.0,0.0,0.0,0.0,0.0,0.0,0.0,0.0,0.04792711324433915
"DOVER ADVISORS, LLC",0.0,0.0,0.8136291716580129,0.0,0.0,0.0,0.0,0.0,0.0,0.18637082834198707,0.0,0.0,0.0,0.0
DOWLING & YAHNKE LLC,0.0,0.22544681501873515,0.41976783665978434,0.0,0.0,0.0,0.2630952053223216,0.05096887665366674,0.0,0.0,0.04072126634549208,0.0,0.0,0.0
"DUDLEY CAPITAL MANAGEMENT, LLC",0.0,0.07619937394207509,0.4027693118607859,0.0,0.0,0.035529412371122296,0.3944421857538386,0.0,0.0,0.0,0.03106208440936458,0.0,0.0,0.05999763166281341
Daiwa Securities Group Inc.,0.0,1.0,0.0,0.0,0.0,0.0,0.0,0.0,0.0,0.0,0.0,0.0,0.0,0.0
"Danda Trouve Investment Management, Inc.",0.0,0.0,0.9817145395321291,0.0,0.0,0.01828546046787089,0.0,0.0,0.0,0.0,0.0,0.0,0.0,0.0
"Davis Investment Partners, LLC",0.0,0.0,0.7612916293558473,0.0,0.0,0.053742521732183614,0.18496584891196904,0.0,0.0,0.0,0.0,0.0,0.0,0.0
Davis Selected Advisers,0.0,0.0,0.0,0.0,0.0,0.0,1.0,0.0,0.0,0.0,0.0,0.0,0.0,0.0
Davy Global Fund Management Ltd,0.0,0.0,0.22707277994465036,0.0,0.0,0.0,0.7192056838595867,0.053721536195763,0.0,0.0,0.0,0.0,0.0,0.0
"DecisionPoint Financial, LLC",0.0,0.0,0.4381804304003123,0.0006388159183555003,0.0,0.0,0.5504451557168788,0.0,0.0,0.0,0.0,0.010735597964453239,0.0,0.0
Delta Financial Advisors LLC,0.0,0.18468423464611736,0.0,0.0,0.2840302679504193,0.0,0.456039146780881,0.07524635062258238,0.0,0.0,0.0,0.0,0.0,0.0
"Delta Financial Group, Inc.",0.0,0.0,0.0,0.0,0.0,1.0,0.0,0.0,0.0,0.0,0.0,0.0,0.0,0.0
"Detalus Advisors, LLC",0.0,0.0,0.0,0.0,1.0,0.0,0.0,0.0,0.0,0.0,0.0,0.0,0.0,0.0
Disciplina Capital Management LLC,0.0,0.0,1.0,0.0,0.0,0.0,0.0,0.0,0.0,0.0,0.0,0.0,0.0,0.0
Dixon Mitchell Investment Counsel Inc.,0.0,0.2309717600924753,0.3055228988884231,0.0,0.0,0.0,0.4635053410191016,0.0,0.0,0.0,0.0,0.0,0.0,0.0
"Domani Wealth, LLC",1.0,0.0,0.0,0.0,0.0,0.0,0.0,0.0,0.0,0.0,0.0,0.0,0.0,0.0
"Dominguez Wealth Management Solutions, Inc.",0.0,0.0,0.9578800473071057,0.0,0.0,0.0,0.042119952692894286,0.0,0.0,0.0,0.0,0.0,0.0,0.0
Dorsey Wright & Associates,0.0,0.0,0.0,0.0,0.0,0.0,1.0,0.0,0.0,0.0,0.0,0.0,0.0,0.0
Dougherty Wealth Advisers LLC,0.0,0.0,0.0,1.0,0.0,0.0,0.0,0.0,0.0,0.0,0.0,0.0,0.0,0.0
Doyle Wealth Management,0.003625169730120962,0.2539508460567226,0.3441044189227594,0.0,0.0,0.0,0.391002561803317,0.00731700348707996,0.0,0.0,0.0,0.0,0.0,0.0
E. Ohman J:or Asset Management AB,0.0,0.338031147386828,0.0,0.0,0.0,0.0,0.6619688526131721,0.0,0.0,0.0,0.0,0.0,0.0,0.0
EADS & HEALD WEALTH MANAGEMENT,0.09829139086169408,0.2530199234867885,0.0,0.0,0.0,0.09608154764916327,0.23568379415800414,0.255781579834453,0.0,0.0,0.061141764009896966,0.0,0.0,0.0
EAGLE GLOBAL ADVISORS LLC,0.0,0.0,0.0,0.0,0.0,0.0,0.0,0.0,0.0,0.0,1.0,0.0,0.0,0.0
"ELM ADVISORS, LLC",0.0,0.0,0.8689178470254957,0.0,0.0,0.0,0.13108215297450423,0.0,0.0,0.0,0.0,0.0,0.0,0.0
EMC Capital Management,0.0,0.941976264497711,0.0,0.0,0.0,0.045787082167480946,0.0,0.0,0.0,0.0,0.0,0.01223665333480808,0.0,0.0
"ETFIDEA, LLC",0.0,0.1666873069145661,0.6712250607273328,0.0,0.0,0.0,0.16208763235810106,0.0,0.0,0.0,0.0,0.0,0.0,0.0
EUBEL BRADY & SUTTMAN ASSET MANAGEMENT INC,0.0,0.0,0.0,0.0,0.0,0.0,1.0,0.0,0.0,0.0,0.0,0.0,0.0,0.0
EVERENCE CAPITAL MANAGEMENT INC,0.0,0.15854042040848998,0.3112129443352471,0.0,0.0,0.0,0.2887749933908611,0.12634194240248345,0.0,0.0,0.03471742658559226,0.0,0.0,0.08041227287732627
EXECUTIVE WEALTH GROUP LLC,0.0,0.0,0.14460794516240907,0.0,0.0,0.0,0.855392054837591,0.0,0.0,0.0,0.0,0.0,0.0,0.0
"Eagle Capital Management, LLC",0.0,0.22729294729826638,0.30617061930987977,0.0,0.0,0.0,0.25362085969792003,0.2043986974561769,0.0,0.0,0.0,0.0,0.0,0.00851687623775699
Egerton Capital (UK) LLP,0.0,0.0,0.0,0.0,0.0,0.0,1.0,0.0,0.0,0.0,0.0,0.0,0.0,0.0
"Eldridge Investment Advisors, Inc.",0.0,0.0,0.6525050202511827,0.0,0.0,0.0,0.34749497974881727,0.0,0.0,0.0,0.0,0.0,0.0,0.0
"Eley Financial Management, Inc",0.0,0.31833913803893016,0.0,0.0,0.0,0.11336003759102925,0.5683008243700406,0.0,0.0,0.0,0.0,0.0,0.0,0.0
Elgethun Capital Management,0.0,0.0,0.0,0.0,0.0,1.0,0.0,0.0,0.0,0.0,0.0,0.0,0.0,0.0
"Elk River Wealth Management, LLC",0.0,0.0,0.0,0.0,0.0,0.0,0.0,0.0,0.0,1.0,0.0,0.0,0.0,0.0
"Ellis Investment Partners, LLC",0.0,0.0,0.0,0.500544069640914,0.0,0.0,0.0,0.0,0.0,0.0,0.4994559303590859,0.0,0.0,0.0
Employees Retirement System of Texas,1.0,0.0,0.0,0.0,0.0,0.0,0.0,0.0,0.0,0.0,0.0,0.0,0.0,0.0
"Endurance Wealth Management, Inc.",0.0,0.0,0.6630758539242867,0.0,0.10111003265826053,0.0,0.17830452703555555,0.0,0.0,0.0533993752711245,0.004110211110772583,0.0,0.0,0.0
"Ensign Peak Advisors, Inc",0.0,0.0,0.0,0.0,1.0,0.0,0.0,0.0,0.0,0.0,0.0,0.0,0.0,0.0
Enterprise Trust & Investment Co,0.0,0.020713602028681645,0.3067904482905788,0.0,0.0,0.0,0.3749518312415316,0.29754411843920786,0.0,0.0,0.0,0.0,0.0,0.0
Envoi LLC,0.0,0.0,1.0,0.0,0.0,0.0,0.0,0.0,0.0,0.0,0.0,0.0,0.0,0.0
"Eos Management, L.P.",0.0,0.0,0.7344640685673989,0.0,0.0,0.0,0.2655359314326011,0.0,0.0,0.0,0.0,0.0,0.0,0.0
Equinox Partners Investment Management LLC,0.0,0.0,0.0,0.0,0.0,1.0,0.0,0.0,0.0,0.0,0.0,0.0,0.0,0.0
"Ergawealth Advisors, Inc.",0.0,0.07435546089381898,0.9256445391061809,0.0,0.0,0.0,0.0,0.0,0.0,0.0,0.0,0.0,0.0,0.0
Erste Asset Management GmbH,0.0,0.10340148314373836,0.4162031406183403,0.0,0.0,0.0,0.48039537623792133,0.0,0.0,0.0,0.0,0.0,0.0,0.0
"Ervin Investment Management, LLC",0.0,1.0,0.0,0.0,0.0,0.0,0.0,0.0,0.0,0.0,0.0,0.0,0.0,0.0
"Essex Private Wealth Management, LLC",0.0,1.0,0.0,0.0,0.0,0.0,0.0,0.0,0.0,0.0,0.0,0.0,0.0,0.0
Estabrook Capital Management,0.0037215160139011465,0.0,0.0,0.0,0.0,0.00751619891317083,0.9869677470446719,0.0,0.0,0.0,0.0,0.0,0.0,0.0017945380282561492
"Estate Counselors, LLC",0.0,0.393469695213814,0.0,0.0,0.0,0.0,0.4367539691737166,0.0,0.0,0.0,0.1697763356124696,0.0,0.0,0.0
"Etesian Wealth Advisors, Inc.",0.0,0.16048005826847397,0.37577932642842576,0.0,0.0,0.05857418676718617,0.23618382675729696,0.0986357673187884,0.0,0.0,0.07034683445982862,0.0,0.0,0.0
"Evergreen Wealth Management, LLC",0.0,0.33407660490529756,0.14798495711700757,0.0,0.0,0.31244319269546444,0.20549524528223045,0.0,0.0,0.0,0.0,0.0,0.0,0.0
"Evolution Advisers, Inc.",0.0,0.0,0.756202383277984,0.0,0.0,0.0,0.10308002865142932,0.0,0.0,0.0,0.0,0.0,0.0,0.14071758807058668
"F&V Capital Management, LLC",0.0,0.04740128557491886,0.0509737630586397,0.0,0.0,0.0,0.8432718117889083,0.05835313957753315,0.0,0.0,0.0,0.0,0.0,0.0
"FACT Capital, LP",0.0,0.0,0.0,0.0,0.0,0.0,1.0,0.0,0.0,0.0,0.0,0.0,0.0,0.0
FARMERS & MERCHANTS TRUST Co OF LONG BEACH,0.0,0.0,0.0,1.0,0.0,0.0,0.0,0.0,0.0,0.0,0.0,0.0,0.0,0.0
FIERA CAPITAL CORP,0.0,0.0,1.0,0.0,0.0,0.0,0.0,0.0,0.0,0.0,0.0,0.0,0.0,0.0
"FINANCIAL ADVISORY PARTNERS, LLC",0.0,0.0,0.49661370622459894,0.0,0.0,0.0,0.503386293775401,0.0,0.0,0.0,0.0,0.0,0.0,0.0
FINANCIAL PARTNERS CAPITAL MANAGEMENT LLC,0.0,0.0,0.0,0.0,0.0,0.0,0.0,0.0,1.0,0.0,0.0,0.0,0.0,0.0
FIRST WILSHIRE SECURITIES MANAGEMENT INC,0.0,0.2719923364492141,0.11735910700298699,0.0,0.0,0.18616847727574828,0.42448007927205056,0.0,0.0,0.0,0.0,0.0,0.0,0.0
FISHMAN JAY A LTD/MI,0.0,0.0,0.0,0.0,0.0,0.0,1.0,0.0,0.0,0.0,0.0,0.0,0.0,0.0
FMB WEALTH MANAGEMENT,0.0,0.10339006838867569,0.6711113085255374,0.0,0.0,0.0,0.22549862308578694,0.0,0.0,0.0,0.0,0.0,0.0,0.0
FORTE ASSET MANAGEMENT LLC,0.0,1.0,0.0,0.0,0.0,0.0,0.0,0.0,0.0,0.0,0.0,0.0,0.0,0.0
"FORTEM FINANCIAL GROUP, LLC",0.0,0.0,0.0,0.0,0.0,0.0,0.0,0.0,0.0,0.0,1.0,0.0,0.0,0.0
FOSTER & MOTLEY INC,0.0,0.012031161894125775,0.0,0.0,0.0,0.249521477804211,0.7384473603016632,0.0,0.0,0.0,0.0,0.0,0.0,0.0
FOSTER DYKEMA CABOT & CO INC/MA,0.0,0.5217334537891205,0.0,0.0,0.0,0.0,0.47169775226249167,0.0,0.0,0.0,0.0,0.0,0.0,0.00656879394838798
"FOUNDERS CAPITAL MANAGEMENT, LLC",0.0,0.029121769342060927,0.9708782306579391,0.0,0.0,0.0,0.0,0.0,0.0,0.0,0.0,0.0,0.0,0.0
FRONT BARNETT ASSOCIATES LLC,0.0,0.4587936356786045,0.0,0.0,0.0,0.0,0.28689321247916955,0.0,0.0,0.0,0.2543131518422259,0.0,0.0,0.0
"Fairfield Financial Advisors, LTD",0.0,0.313562826255106,0.40970568293145404,0.0,0.0,0.009563139166211076,0.2662537994669094,0.0,0.0,0.0,0.0009145521803195565,0.0,0.0,0.0
Family CFO Inc,0.0,0.0,0.0,0.0,0.0,1.0,0.0,0.0,0.0,0.0,0.0,0.0,0.0,0.0
"Family Investment Center, Inc.",0.0,0.0,0.7325523824452516,0.0,0.0,0.0,0.2674476175547485,0.0,0.0,0.0,0.0,0.0,0.0,0.0
Farmers & Merchants Trust Co of Chambersburg PA,0.0,0.1645787757460684,0.24263906660612816,0.0,0.0,0.0,0.3781799920199227,0.21038281439899467,0.0,0.0,0.0,0.004219351228886045,0.0,0.0
Farmers National Bank,0.0,0.7566536426392918,0.0,0.0,0.0,0.24334635736070823,0.0,0.0,0.0,0.0,0.0,0.0,0.0,0.0
"Fee-Only Financial Planning, L.C.",0.0,0.0,0.0,0.0,0.0,0.0,1.0,0.0,0.0,0.0,0.0,0.0,0.0,0.0
"Fidelis Capital Partners, LLC",0.0,0.0,1.0,0.0,0.0,0.0,0.0,0.0,0.0,0.0,0.0,0.0,0.0,0.0
Fiduciary Alliance LLC,0.0,0.28573776299585596,0.0,0.0,0.0,0.0,0.714262237004144,0.0,0.0,0.0,0.0,0.0,0.0,0.0
"Fieldpoint Private Securities, LLC",0.0,0.16555500781031912,0.4537290561689642,0.02735096545047426,0.0,0.0,0.3227116952847054,0.0,0.0,0.0,0.012956814577678524,0.017696460707858425,0.0,0.0
Fiera Capital Corp,0.0,0.0,0.0,0.0,0.0,0.0,1.0,0.0,0.0,0.0,0.0,0.0,0.0,0.0
"FinDec Wealth Services, Inc.",0.0,0.09734279512653865,0.9026572048734613,0.0,0.0,0.0,0.0,0.0,0.0,0.0,0.0,0.0,0.0,0.0
"Financial & Tax Architects, LLC",0.0,0.15702311842988353,0.2360412806302495,0.1500977246249855,0.0,0.16540169466566024,0.2914361816492212,0.0,0.0,0.0,0.0,0.0,0.0,0.0
"Financial Advisory Service, Inc.",0.0,0.20686333534015652,0.5607677869462053,0.0,0.0,0.0,0.19377058469384142,0.0,0.0,0.0,0.016609413181286965,0.021988879838509758,0.0,0.0
"Financial Alternatives, Inc",0.0,0.0,0.6429472352906636,0.0,0.0,0.0,0.10734557799271358,0.0,0.0,0.0,0.0,0.0,0.0,0.24970718671662284
"Financial Architects, Inc",0.0,0.0,0.0,0.0,0.0,0.0,0.0,0.0,0.0,0.0,0.0,1.0,0.0,0.0
"Financial Connections Group, Inc.",0.0,0.04259816315721096,0.7623971897704448,0.0,0.0,0.0,0.16527212855900783,0.0,0.0,0.013462768455872801,0.0162697500574638,0.0,0.0,0.0
"Financial Freedom, LLC",0.0,0.07215163909083641,0.46854884330617813,0.0,0.0,0.0890263931300319,0.36899341211081715,0.0,0.0,0.0,0.0,0.0,0.0012797123621364726,0.0
Financial Network Wealth Management LLC,0.0,0.0,0.0,0.0,0.0,0.0,0.0,0.0,0.0,0.0,0.47028508056624696,0.0,0.0,0.529714919433753
"Financial Partners Group, Inc",0.0,0.0,0.0,0.0,0.0,0.0,0.0,0.0,0.0,0.0,1.0,0.0,0.0,0.0
"Financial Partners Group, LLC",0.0,0.0,0.2226437706252572,0.0,0.0,0.0,0.3966501056996767,0.0,0.0,0.3807061236750662,0.0,0.0,0.0,0.0
"Financial Perspectives, Inc",0.0,0.0,0.0,0.0,0.0,0.0,0.0,0.0,0.0,0.0,0.0,1.0,0.0,0.0
"Financial Synergies Wealth Advisors, Inc.",0.0,1.0,0.0,0.0,0.0,0.0,0.0,0.0,0.0,0.0,0.0,0.0,0.0,0.0
First County Bank /CT/,0.0,0.19051460579384846,0.3301252492323251,0.0,0.0,0.050181678451516026,0.32032943124545327,0.0,0.0,0.043143526440306265,0.06570550883655078,0.0,0.0,0.0
"First Fiduciary Investment Counsel, Inc.",0.0,0.0,0.025432622194157532,0.0,0.0,0.0,0.9745673778058425,0.0,0.0,0.0,0.0,0.0,0.0,0.0
First PREMIER Bank,0.0,0.2371100578493035,0.0,0.0,0.0,0.0,0.7628899421506965,0.0,0.0,0.0,0.0,0.0,0.0,0.0
"First Pacific Advisors, LP",0.0,0.0,0.0,0.0,0.0,0.0,0.0,0.37286266112246924,0.0,0.0,0.6271373388775308,0.0,0.0,0.0
"First Trust Bank, Ltd.",0.0,0.45484862486690636,0.0,0.0,0.0,0.0,0.5451513751330935,0.0,0.0,0.0,0.0,0.0,0.0,0.0
"Firsthand Capital Management, Inc.",0.0,0.0,0.0,0.0,0.0,0.0,0.0,0.0,0.0,0.0,0.0,0.0,0.0,1.0
Flagstone Financial Management,0.0,0.0,0.47029259981164356,0.0,0.0,0.0,0.5297074001883565,0.0,0.0,0.0,0.0,0.0,0.0,0.0
"Focus Financial Network, Inc.",0.0,0.3165936595586616,0.5162525457159624,0.0,0.0,0.0,0.15429431770197913,0.0,0.0,0.0068378956679040976,0.006021581355492883,0.0,0.0,0.0
"Foresight Wealth Management, LLC",0.0,0.5982057648574656,0.0,0.0,0.0,0.0,0.0,0.25062282429150473,0.0,0.0,0.0,0.0,0.0,0.1511714108510296
"Forza Wealth Management, LLC",0.0,0.0,0.36434767018170217,0.0,0.0,0.0,0.6356523298182978,0.0,0.0,0.0,0.0,0.0,0.0,0.0
"Foundation Wealth Management, LLC",0.0,0.0,0.7153822796683262,0.0,0.0,0.0,0.2846177203316738,0.0,0.0,0.0,0.0,0.0,0.0,0.0
Founders Capital Management,0.0,0.0,0.0,0.0,0.0,0.0,0.0,0.0,0.0,0.0,1.0,0.0,0.0,0.0
"Foundry Partners, LLC",0.0,0.0,0.0,0.0,0.0,0.0,0.0,0.0,0.0,1.0,0.0,0.0,0.0,0.0
"FourThought Financial Partners, LLC",0.0,0.0,0.0,0.0,0.0,0.0,1.0,0.0,0.0,0.0,0.0,0.0,0.0,0.0
"Frank, Rimerman Advisors LLC",0.0,0.0,0.0,0.0,0.0,0.0,0.0,0.0,0.0,0.0,0.0,0.0,1.0,0.0
"Frisch Financial Group, Inc.",0.0,0.1514041046603836,0.5113347740037388,0.0,0.0,0.055075620790188184,0.27139901501155267,0.0,0.0,0.0,0.01078648553413663,0.0,0.0,0.0
"Front Street Capital Management, Inc.",0.0,0.07044762550242947,0.0,0.0,0.0,0.0,0.7429956775196211,0.0,0.0,0.0,0.0,0.0,0.0,0.1865566969779494
Frontier Wealth Management LLC,0.0,0.0,0.0,0.0,0.0,0.0,0.900469963773329,0.0,0.0,0.0,0.09953003622667098,0.0,0.0,0.0
Fruth Investment Management,0.0,0.0,0.427541806394754,0.0,0.0,0.06668857503491647,0.5057696185703296,0.0,0.0,0.0,0.0,0.0,0.0,0.0
GAMBLE JONES INVESTMENT COUNSEL,0.0,0.0,0.0,0.0,0.0,0.0,0.0,0.0,0.0,0.0,1.0,0.0,0.0,0.0
"GARRISON POINT ADVISORS, LLC",0.0,0.1269169397815659,0.27385396017386526,0.0,0.0,0.07849553666228683,0.2842911663783512,0.23644239700393088,0.0,0.0,0.0,0.0,0.0,0.0
"GEM Asset Management, LLC",0.0,0.1693945801339509,0.3940184889655675,0.0,0.0,0.0,0.4365869309004815,0.0,0.0,0.0,0.0,0.0,0.0,0.0
GFI Investment Counsel Ltd.,0.0,0.0,0.4988784941568113,0.0,0.0,0.0,0.5011215058431888,0.0,0.0,0.0,0.0,0.0,0.0,0.0
GMT CAPITAL CORP,0.0,1.0,0.0,0.0,0.0,0.0,0.0,0.0,0.0,0.0,0.0,0.0,0.0,0.0
"GODSEY & GIBB, INC",0.0,0.07783266618952377,0.0,0.0,0.0,0.0,0.9221673338104762,0.0,0.0,0.0,0.0,0.0,0.0,0.0
GOFEN & GLOSSBERG LLC /IL/,0.0,0.16853011834915363,0.0,0.17523914302530597,0.0,0.0,0.5242298603656579,0.025876597645160346,0.0,0.0,0.10612428061472205,0.0,0.0,0.0
"GR FINANCIAL GROUP, LLC",0.0,0.0,1.0,0.0,0.0,0.0,0.0,0.0,0.0,0.0,0.0,0.0,0.0,0.0
GREENOAKS CAPITAL PARTNERS LLC,0.0,1.0,0.0,0.0,0.0,0.0,0.0,0.0,0.0,0.0,0.0,0.0,0.0,0.0
GREENWOOD GEARHART INC,0.0,0.0,0.0,0.968332503392091,0.0,0.0,0.0,0.0,0.0,0.03166749660790903,0.0,0.0,0.0,0.0
GREYLIN INVESTMENT MANGEMENT INC,0.0,0.0,0.8977465680490402,0.0,0.0,0.0,0.1022534319509598,0.0,0.0,0.0,0.0,0.0,0.0,0.0
GROESBECK INVESTMENT MANAGEMENT CORP /NJ/,0.0,0.13474857672722376,0.0,0.0,0.0,0.0,0.8652514232727763,0.0,0.0,0.0,0.0,0.0,0.0,0.0
"GS Investments, Inc.",0.0,0.16862527547983697,0.27290989140559346,0.0,0.0,0.17987260807741756,0.1827313835587319,0.13050329476922706,0.0,0.0,0.06535754670919305,0.0,0.0,0.0
GUYASUTA INVESTMENT ADVISORS INC,0.0,0.0,0.0,1.0,0.0,0.0,0.0,0.0,0.0,0.0,0.0,0.0,0.0,0.0
"GW&K Investment Management, LLC",0.0,0.23491019745877373,0.0,0.0,0.0,0.0,0.7650898025412262,0.0,0.0,0.0,0.0,0.0,0.0,0.0
Gabalex Capital Management LLC,0.0,0.0,0.4754772876892693,0.0,0.0,0.0,0.5245227123107308,0.0,0.0,0.0,0.0,0.0,0.0,0.0
Gallacher Capital Management LLC,0.0,0.0,0.7114247312395754,0.0,0.0,0.0,0.2885752687604246,0.0,0.0,0.0,0.0,0.0,0.0,0.0
"Garde Capital, Inc.",0.0,0.0,0.0,0.0,0.0,0.0,0.0,0.0,0.0,0.26704470526176977,0.0,0.0,0.7329552947382303,0.0
"Garrison Point Advisors, LLC",0.0,0.187089365103699,0.31990100961433166,0.0,0.0,0.0,0.29431434922581634,0.1719923731411927,0.0,0.0,0.0,0.026702902914960247,0.0,0.0
"Garrison Point Capital, LLC",0.0,0.0,1.0,0.0,0.0,0.0,0.0,0.0,0.0,0.0,0.0,0.0,0.0,0.0
"Gateway Wealth Partners, LLC",0.0,0.15805869290319496,0.6026767565063506,0.0,0.0,0.0,0.23926455059045446,0.0,0.0,0.0,0.0,0.0,0.0,0.0
Gavilan Investment Partners LLC,0.0,0.6323691482918247,0.0,0.0,0.0,0.0,0.0,0.0,0.0,0.0,0.0,0.3676308517081753,0.0,0.0
"General Partner, Inc.",0.007913201889136927,0.07798418199298031,0.5419923085691374,0.0,0.0,0.04798556560045667,0.3241247419482888,0.0,0.0,0.0,0.0,0.0,0.0,0.0
Generali Investments Towarzystwo Funduszy Inwestycyjnych,0.11501009390540352,0.15162995283573472,0.15609673141538005,0.0,0.0,0.04649640441731843,0.212387080156658,0.18792527675726092,0.0,0.07984713504491443,0.05060732546732989,0.0,0.0,0.0
Generali Powszechne Towarzystwo Emerytalne,0.0,0.0,0.13953684806713978,0.0,0.0,0.0,0.6492789906168304,0.0,0.0,0.0,0.21118416131602996,0.0,0.0,0.0
Gifford Fong Associates,0.05887967488351404,0.19633690841154164,0.2188319308453805,0.0,0.0,0.0,0.14567648895752364,0.2816596209869896,0.0,0.0,0.05584934714151817,0.0427660287735323,0.0,0.0
"Glen Eagle Advisors, LLC",0.0,0.19615162842152262,0.2974965038673028,0.0,0.0,0.0241444469393086,0.4590871272092152,0.0,0.0,0.0,0.022515328494449833,0.0,0.0006049650682011466,0.0
"Global Financial Private Client, LLC",0.0,0.06429370064336411,0.6388261150644664,0.0,0.0,0.0,0.29688018429216956,0.0,0.0,0.0,0.0,0.0,0.0,0.0
Global Wealth Strategies & Associates,0.0,0.16672738527372347,0.511144214377464,0.0,0.0,0.0,0.32212840034881257,0.0,0.0,0.0,0.0,0.0,0.0,0.0
"Goehring & Rozencwajg Associates, LLC",0.0,0.0,0.0,0.0,0.0,1.0,0.0,0.0,0.0,0.0,0.0,0.0,0.0,0.0
"Goldstein Advisors, LLC",0.0,0.11772741069495085,0.5537865392143936,0.0,0.0,0.0,0.3284860500906555,0.0,0.0,0.0,0.0,0.0,0.0,0.0
"Grace & Mercy Foundation, Inc.",0.0,0.31845062956162445,0.07117071075367053,0.0,0.0,0.3364370621961579,0.2739415974885472,0.0,0.0,0.0,0.0,0.0,0.0,0.0
"Grandeur Peak Global Advisors, LLC",0.0,0.0,0.0,0.0,0.0,0.0,0.0,1.0,0.0,0.0,0.0,0.0,0.0,0.0
Grandview Asset Management LLC,0.049506546553205015,0.0,0.6675812918612981,0.0,0.0,0.13645079425089457,0.0,0.0,0.0,0.0,0.10084563509389169,0.045615732240710825,0.0,0.0
Granite FO LLC,0.0,1.0,0.0,0.0,0.0,0.0,0.0,0.0,0.0,0.0,0.0,0.0,0.0,0.0
"Granite Harbor Advisors, Inc.",0.0,0.25012042996207595,0.3955036845706947,0.0,0.0,0.19229538274616598,0.16208050272106345,0.0,0.0,0.0,0.0,0.0,0.0,0.0
Graphene Investments SAS,0.0,0.21427113628725486,0.0,0.0,0.0,0.0,0.7857288637127452,0.0,0.0,0.0,0.0,0.0,0.0,0.0
Grassi Investment Management,0.1634339321307201,0.091533126229779,0.0,0.0,0.0,0.011621404294064741,0.6318236427503183,0.0,0.0,0.0,0.10158789459511765,0.0,0.0,0.0
"Great Lakes Retirement, Inc.",0.0,0.0,0.0,0.3376304763644263,0.0,0.0,0.0,0.0,0.0,0.6623695236355737,0.0,0.0,0.0,0.0
Great Waters Wealth Management,0.0,0.11906820633452832,0.7049478423898885,0.0,0.0,0.0,0.17598395127558322,0.0,0.0,0.0,0.0,0.0,0.0,0.0
Greenwich Wealth Management LLC,0.0,0.03530888527071543,0.6919663579284488,0.0,0.0,0.0,0.26645536704153305,0.0,0.0,0.0,0.0,0.0,0.0,0.006269389759302562
"Grey Fox Wealth Advisors, LLC",0.0,0.15106822618237908,0.7635553611895628,0.0,0.0,0.0,0.08537641262805817,0.0,0.0,0.0,0.0,0.0,0.0,0.0
Gulf International Bank (UK) Ltd,0.027703211234716793,0.2662559510441909,0.0,0.0,0.0,0.09805173524582085,0.4096043076782526,0.15532180965727355,0.0,0.0,0.04306298513974509,0.0,0.0,0.0
HALL LAURIE J TRUSTEE,0.17025930339892936,0.029557229392906198,0.0,0.0,0.0,0.002659441190775604,0.5521009371444633,0.23985128030088984,0.0,0.005571808572035711,0.0,0.0,0.0,0.0
"HANTZ FINANCIAL SERVICES, INC.",0.00198357290261816,0.0,0.2430122638046631,0.0,0.0,0.1591422077423963,0.38202383981695465,0.07708196974709196,0.0,0.015539698376597421,0.12117493096753054,0.0,4.1516642147821964e-05,0.0
"HAZLETT, BURT & WATSON, INC.",0.0,0.1789522559806198,0.49335621277884334,0.0260623801352579,0.0,0.0,0.24552336731603921,0.0,0.0,0.009064297971131527,0.033192692035934196,0.0,0.0,0.013848793782174223
HBW Advisory Services LLC,0.0,0.133558629627707,0.3511110929650513,0.0,0.0,0.0,0.3015497966442362,0.0,0.0,0.0,0.1854331597338673,0.028347321029138232,0.0,0.0
HC FINANCIAL ADVISORS INC,0.0,0.17231664257880386,0.4836476951879157,0.0,0.0,0.0,0.34403566223328025,0.0,0.0,0.0,0.0,0.0,0.0,0.0
HENDLEY & CO INC,0.0,0.14090329737718235,0.4032386052521609,0.0,0.0,0.0,0.4354397667193592,0.020418330651297563,0.0,0.0,0.0,0.0,0.0,0.0
HERITAGE INVESTORS MANAGEMENT CORP,0.0009249306016005887,0.1130272776554293,0.3422494303997733,0.0,0.0,0.030608746717622266,0.2582817419039468,0.0,0.0,0.16275531965807943,0.09106240569046643,0.0010901473730816854,0.0,0.0
"HF Advisory Group, LLC",0.0,0.21687981434189835,0.13252381928054222,0.0,0.0,0.17739488294957126,0.29970620057950226,0.0,0.0,0.0,0.08108156097529567,0.0,0.0,0.09241372187319016
"HGI Capital Management, LLC",0.0,1.0,0.0,0.0,0.0,0.0,0.0,0.0,0.0,0.0,0.0,0.0,0.0,0.0
HGK ASSET MANAGEMENT INC,0.0,0.0,1.0,0.0,0.0,0.0,0.0,0.0,0.0,0.0,0.0,0.0,0.0,0.0
"HHR Asset Management, LLC",0.0,0.33016472985902723,0.0,0.0,0.0,0.0,0.33581371099848034,0.0,0.0,0.0,0.3340215591424923,0.0,0.0,0.0
HIGH POINTE CAPITAL MANAGEMENT LLC,0.0,0.0,0.0,0.0,0.0,0.0,1.0,0.0,0.0,0.0,0.0,0.0,0.0,0.0
"HIGHLINE CAPITAL MANAGEMENT, L.P.",0.0,1.0,0.0,0.0,0.0,0.0,0.0,0.0,0.0,0.0,0.0,0.0,0.0,0.0
HIGHLINE WEALTH PARTNERS LLC,0.0,0.16137526055098927,0.34168364022767506,0.0,0.0,0.14599826586342227,0.22899570136635347,0.0,0.0,0.12015315627673996,0.0,0.0017939757148200005,0.0,0.0
"HM Capital Management, LLC",0.0,0.3804494338123734,0.15534834050699678,0.0,0.0,0.0,0.4642022256806298,0.0,0.0,0.0,0.0,0.0,0.0,0.0
HOERTKORN RICHARD CHARLES,0.9997962943682183,0.0,0.0,0.0,0.0,0.0,0.0,0.0,0.0,0.0,0.0002037056317817,0.0,0.0,0.0
"HOWARD WEALTH MANAGEMENT, LLC",0.0,0.1283536023518565,0.5982938435073025,0.0,0.0,0.06525089673987006,0.11179394108374908,0.0,0.0,0.0,0.0,0.0,0.0,0.09630771631722193
HUNTER ASSOCIATES INVESTMENT MANAGEMENT LLC,0.0,0.038102804347439664,0.0,0.0,0.0,0.023354749259856887,0.9385424463927033,0.0,0.0,0.0,0.0,0.0,0.0,0.0
"HYA Advisors, Inc",0.0,0.17949575508103938,0.7040776948803704,0.0,0.0,0.0,0.11642655003859018,0.0,0.0,0.0,0.0,0.0,0.0,0.0
"Halpern Financial, Inc.",0.0,0.0,0.0,0.0,0.0,0.0,1.0,0.0,0.0,0.0,0.0,0.0,0.0,0.0
Handelsbanken Fonder AB,0.6135764866730432,0.0,0.0,0.0,0.0,0.0,0.0,0.0,0.0,0.25349931259258135,0.0,0.0,0.1329242007343755,0.0
Hanson & Doremus Investment Management,0.0,0.0,0.29647134796901403,0.0,0.0,0.0,0.6969957607185904,0.0,0.0,0.0,0.006532891312395793,0.0,0.0,0.0
Harvest Portfolios Group Inc.,0.35170556576561607,0.0,0.6482944342343839,0.0,0.0,0.0,0.0,0.0,0.0,0.0,0.0,0.0,0.0,0.0
Hayek Kallen Investment Management,0.0,0.05567335034633613,0.4653367359338923,0.0,0.0,0.0,0.39446348280471505,0.08452643091505652,0.0,0.0,0.0,0.0,0.0,0.0
Heathbridge Capital Management Ltd.,0.0,0.0,0.0,0.0,0.0,0.0,1.0,0.0,0.0,0.0,0.0,0.0,0.0,0.0
Hemington Wealth Management,0.0,0.0637863931486661,0.756685480154584,0.0,0.0,0.01965515196035936,0.13789358896559276,0.0,0.0,0.0,0.0,0.0,0.0,0.021979385770797878
"Heritage Financial Services, LLC",0.0,0.0,1.0,0.0,0.0,0.0,0.0,0.0,0.0,0.0,0.0,0.0,0.0,0.0
"Heritage Wealth Management, Inc./Texas",0.0,0.0,1.0,0.0,0.0,0.0,0.0,0.0,0.0,0.0,0.0,0.0,0.0,0.0
"High Probability Advisors, LLC",0.0,0.0,0.5763998927334849,0.0,0.0,0.0,0.42360010726651504,0.0,0.0,0.0,0.0,0.0,0.0,0.0
"HighTower Trust Services, LTA",0.0,0.0,0.3869151315088915,0.0,0.0,0.0,0.6130848684911085,0.0,0.0,0.0,0.0,0.0,0.0,0.0
"Highland Financial Advisors, LLC",0.0,0.3232037401574804,0.4985236220472441,0.0,0.0,0.0,0.1782726377952756,0.0,0.0,0.0,0.0,0.0,0.0,0.0
Highland Private Wealth Management,0.0,0.3839905731349489,0.02995521275490082,0.0,0.0,0.0,0.5851236415671337,0.0,0.0,0.0,0.0009305725430166106,0.0,0.0,0.0
"Hill Investment Group Partners, LLC",0.0,0.13217816643899763,0.4558971850561617,0.0,0.0,0.0,0.41192464850484073,0.0,0.0,0.0,0.0,0.0,0.0,0.0
Hilltop Partners LLC,0.0,0.0,0.6943729246274046,0.0,0.0,0.0,0.3056270753725954,0.0,0.0,0.0,0.0,0.0,0.0,0.0
"Hobart Private Capital, LLC",0.0,0.0,1.0,0.0,0.0,0.0,0.0,0.0,0.0,0.0,0.0,0.0,0.0,0.0
"Holloway Wealth Management, LLC",0.0,0.0,0.9439352967807456,0.0,0.0,0.0,0.056064703219254344,0.0,0.0,0.0,0.0,0.0,0.0,0.0
"Horrell Capital Management, Inc.",0.0,0.0,0.6739276783996923,0.0,0.0,0.0,0.3260723216003078,0.0,0.0,0.0,0.0,0.0,0.0,0.0
"Hotaling Investment Management, LLC",0.0,0.22834586763034245,0.4292257274845027,0.0,0.0,0.0,0.3424284048851548,0.0,0.0,0.0,0.0,0.0,0.0,0.0
"Houlihan Financial Resource Group, Ltd.",0.0,0.31339561034279734,0.24950438540547432,0.0,0.0,0.0,0.43710000425172824,0.0,0.0,0.0,0.0,0.0,0.0,0.0
"Howard Wealth Management, LLC",0.0,0.19812140575079873,0.6750287539936103,0.0,0.0,0.0,0.12684984025559107,0.0,0.0,0.0,0.0,0.0,0.0,0.0
"Hudock, Inc.",0.0,0.0,0.0,0.0,0.0,0.0,0.0,0.0,0.0,0.0,0.0,0.0,1.0,0.0
Hudson Canyon Capital Management,0.07399465908859325,0.1171971709498972,0.2300424772785504,0.0,0.0,0.08184151045037048,0.19789610541517047,0.1855727713777852,0.0,0.0,0.05440360542342564,0.0,0.0,0.059051700016207256
"Hunter Perkins Capital Management, LLC",0.0,0.0,1.0,0.0,0.0,0.0,0.0,0.0,0.0,0.0,0.0,0.0,0.0,0.0
IBM Retirement Fund,0.018379289187629926,0.22503305538864476,0.3422403839990082,0.0,0.0,0.0,0.30937307822627286,0.0648456205924681,0.0,0.0059827259618466504,0.0341458466441296,0.0,0.0,0.0
ICON ADVISERS INC/CO,0.0,1.0,0.0,0.0,0.0,0.0,0.0,0.0,0.0,0.0,0.0,0.0,0.0,0.0
"INSIGNEO ADVISORY SERVICES, LLC",0.0,0.22190430174079942,0.5566395505653423,0.0,0.0,0.0,0.21767204446064373,0.0,0.0,0.0,0.0,0.0,0.003784103233214518,0.0
INVERNESS COUNSEL LLC /NY/,0.0,0.3135566344525792,0.31116152521820784,0.0,0.0,0.0,0.3752818403292129,0.0,0.0,0.0,0.0,0.0,0.0,0.0
"INVICTUS PRIVATE WEALTH, LLC",0.0,0.0,0.5417888728782458,0.0,0.0,0.0,0.45821112712175405,0.0,0.0,0.0,0.0,0.0,0.0,0.0
ITHAKA GROUP LLC,0.0,0.0,0.0,0.0,0.0,0.0,0.0,0.0,0.0,1.0,0.0,0.0,0.0,0.0
Ilmarinen Mutual Pension Insurance Co,0.0,0.0,0.34110100373806385,0.0,0.0,0.0,0.40068832838248786,0.2112950763368631,0.0,0.0,0.046915591542585254,0.0,0.0,0.0
"Independent Solutions Wealth Management, LLC",0.014563978659244046,0.19428839683197893,0.4782003229915153,0.0,0.0,0.0,0.3129473015172617,0.0,0.0,0.0,0.0,0.0,0.0,0.0
Industrial Alliance Investment Management Inc.,0.0,0.0,0.0,0.0,0.0,0.0,0.0,0.0,0.0,0.0,0.0,1.0,0.0,0.0
"Integris Wealth Management, LLC",0.0,0.027834428306034498,0.49000699139077836,0.0,0.0,0.0,0.4141950852883103,0.0,0.0,0.0,0.0,0.0,0.0,0.06796349501487679
Intelligent Financial Strategies,0.0,0.0,1.0,0.0,0.0,0.0,0.0,0.0,0.0,0.0,0.0,0.0,0.0,0.0
"Intergy Private Wealth, LLC",0.0,0.0,0.0,0.0,0.0,0.0,1.0,0.0,0.0,0.0,0.0,0.0,0.0,0.0
Intermede Investment Partners Ltd,0.0,0.3194839878313688,0.25549861768600896,0.0,0.0,0.0,0.42501739448262216,0.0,0.0,0.0,0.0,0.0,0.0,0.0
Intrinsic Edge Capital Management LLC,0.0,0.0,0.0,0.0,0.0,0.0,0.0,1.0,0.0,0.0,0.0,0.0,0.0,0.0
Invesco Ltd.,0.0,0.0,0.0,0.0,0.0,0.0,1.0,0.0,0.0,0.0,0.0,0.0,0.0,0.0
"Iyo Bank, Ltd.",0.0,0.18852439099343504,0.2235489685159007,0.0,0.0,0.0,0.4042948845306687,0.0,0.0,0.0,0.1836317559599956,0.0,0.0,0.0
JACOBS & CO/CA,0.0,0.17257591332611594,0.3407741738288452,0.0,0.0,0.13797581124614025,0.22655770346898377,0.11526670694734567,0.006849691182569248,0.0,0.0,0.0,0.0,0.0
JAMES INVESTMENT RESEARCH INC,0.0,0.0,0.0,0.0,0.0,0.0,0.0,0.0,0.0,0.0,1.0,0.0,0.0,0.0
"JARISLOWSKY, FRASER Ltd",0.0,0.2343826251395925,0.00743197410355803,0.015975677499021384,0.0,0.07153864996979889,0.3911781189327333,0.0,0.0,0.0,0.0,0.27949295435529586,0.0,0.0
JDM Financial Group LLC,0.0023274284415261753,0.06437994093410226,0.8065664949580397,0.0,0.061485810294283585,0.0,0.051201904158196955,0.0,0.0,0.014038421213851456,0.0,0.0,0.0,0.0
JNBA Financial Advisors,0.0,0.0,0.0,1.0,0.0,0.0,0.0,0.0,0.0,0.0,0.0,0.0,0.0,0.0
JTC Employer Solutions Trustee Ltd,0.008173912027145996,0.0,0.7723604345256858,0.0,0.0,0.0,0.0,0.0,0.0,0.0,0.0,0.0,0.2194656534471681,0.0
"Jackson Square Partners, LLC",1.0,0.0,0.0,0.0,0.0,0.0,0.0,0.0,0.0,0.0,0.0,0.0,0.0,0.0
James Hambro & Partners,0.0,0.0,0.0,0.0,0.0,0.0,0.0,0.0,0.0,0.0,1.0,0.0,0.0,0.0
"James J. Burns & Company, LLC",0.0,0.8326645724898539,0.0,0.0,0.0,0.16733542751014607,0.0,0.0,0.0,0.0,0.0,0.0,0.0,0.0
Janney Capital Management LLC,0.0,0.14867329612108318,0.22334870206695945,0.0,0.0,0.029406504370836733,0.4481875140546136,0.0,0.0,0.0,0.023914372861560663,0.0,0.12646961052494632,0.0
Janney Montgomery Scott LLC,0.015487300648549501,0.28412945403435497,0.6420589637196267,0.020311059556840486,0.0,0.0,0.0,0.0,0.0,0.0,0.03801322204062825,0.0,0.0,0.0
"Jarislowsky, Fraser Ltd",0.0,0.32285112327461557,0.012347453007856233,0.01977717286646365,0.0,0.0,0.6450242508510645,0.0,0.0,0.0,0.0,0.0,0.0,0.0
"Jeereddi Investments, LP",0.0,0.0,1.0,0.0,0.0,0.0,0.0,0.0,0.0,0.0,0.0,0.0,0.0,0.0
"Jessup Wealth Management, Inc",0.0,0.4803662640420112,0.45987834814100215,0.0,0.0,0.0,0.05975538781698673,0.0,0.0,0.0,0.0,0.0,0.0,0.0
"Johnson & White Wealth Management, LLC",0.0,1.0,0.0,0.0,0.0,0.0,0.0,0.0,0.0,0.0,0.0,0.0,0.0,0.0
"KB FINANCIAL PARTNERS, LLC",0.0,0.2757358719324637,0.0,0.1883517815846786,0.0,0.0,0.5359123464828578,0.0,0.0,0.0,0.0,0.0,0.0,0.0
KEATING INVESTMENT COUNSELORS INC,0.0,0.0,0.0,0.0,0.0,0.0,1.0,0.0,0.0,0.0,0.0,0.0,0.0,0.0
KEMPEN CAPITAL MANAGEMENT N.V.,0.0,0.0,0.0,0.0,0.0,0.0,1.0,0.0,0.0,0.0,0.0,0.0,0.0,0.0
KENNEDY INVESTMENT GROUP,0.0,0.37740831838534666,0.5002746858740483,0.0,0.0,0.0,0.07133784425966697,0.0,0.0,0.0,0.012633160251605439,0.038345991229332695,0.0,0.0
"KFG WEALTH MANAGEMENT, LLC",0.0,0.09365578836167575,0.585861888614402,0.0,0.0,0.0,0.22010201890201017,0.0,0.0,0.0,0.0,0.0,0.0,0.10038030412191193
KINGS POINT CAPITAL MANAGEMENT,0.0,0.26278744425985834,0.4249785782985049,0.0,0.0,0.0,0.2946445746262132,0.0,0.0,0.0,0.0025522427209932674,0.015037160094430357,0.0,0.0
"KRS Capital Management, LLC",0.17885780160086964,0.02308370175224812,0.4812598116869907,0.0,0.0,0.08580436025124039,0.0679796360491896,0.0,0.0,0.08165311636259255,0.049667996220891256,0.012896811262274328,0.0,0.0187967648137035
Kades & Cheifetz LLC,0.0,0.0,0.0,0.0,0.0,0.0,1.0,0.0,0.0,0.0,0.0,0.0,0.0,0.0
Kapstone Financial Advisors LLC,0.0,0.04440182130563339,0.648283087999851,0.0,0.0,0.1374980520962602,0.12724814243774127,0.0,0.0,0.0,0.024605289716526056,0.0,0.0,0.017963606443988023
Karp Capital Management Corp,0.0,0.2637685501672343,0.48641641647762357,0.0,0.0,0.0,0.24981503335514205,0.0,0.0,0.0,0.0,0.0,0.0,0.0
"Kaydan Wealth Management, Inc.",0.0,0.0,0.5649013620266066,0.0,0.0,0.0,0.4350986379733934,0.0,0.0,0.0,0.0,0.0,0.0,0.0
Kaye Capital Management,0.0,0.08162348660664663,0.7799612379535178,0.0,0.0,0.0,0.13841527543983556,0.0,0.0,0.0,0.0,0.0,0.0,0.0
Kearns & Associates LLC,0.0,0.3125565074640179,0.0,0.0,0.0,0.0,0.6874434925359821,0.0,0.0,0.0,0.0,0.0,0.0,0.0
"Keebeck Alpha, LP",0.0,0.0,0.4994344564829146,0.0,0.0,0.0,0.5005655435170854,0.0,0.0,0.0,0.0,0.0,0.0,0.0
"Keebeck Wealth Management, LLC",0.0,1.0,0.0,0.0,0.0,0.0,0.0,0.0,0.0,0.0,0.0,0.0,0.0,0.0
Kelly Financial Services LLC,0.0,0.0,0.0,0.0,0.0,0.6436909565677514,0.0,0.0,0.0,0.0,0.0,0.35630904343224856,0.0,0.0
KilterHowling LLC,0.0,0.18052358352071046,0.5789647152448144,0.0,0.0,0.0,0.15603368993822272,0.0,0.0,0.0,0.0,0.0,0.0,0.0844780112962525
"Kinetic Partners Management, LP",0.0,0.6160491010506205,0.0,0.0,0.0,0.0,0.38395089894937945,0.0,0.0,0.0,0.0,0.0,0.0,0.0
King Wealth,0.0,0.18732800111850006,0.3232376460435234,0.0,0.0,0.0,0.405396478907163,0.0,0.0,0.0,0.08403787393081358,0.0,0.0,0.0
"Knollwood Investment Advisory, LLC",0.0,1.0,0.0,0.0,0.0,0.0,0.0,0.0,0.0,0.0,0.0,0.0,0.0,0.0
"Knowledge Leaders Capital, LLC",0.0,0.0,0.0,1.0,0.0,0.0,0.0,0.0,0.0,0.0,0.0,0.0,0.0,0.0
"Koesten, Hirschmann & Crabtree, INC.",0.0,0.0,0.7103550779215602,0.0,0.0,0.0,0.28964492207843984,0.0,0.0,0.0,0.0,0.0,0.0,0.0
Kooman & Associates,0.0,0.16590364430046103,0.4562680610081766,0.0,0.0,0.0,0.3778282946913625,0.0,0.0,0.0,0.0,0.0,0.0,0.0
"LAM GROUP, INC.",0.0,0.3565260421393264,0.0,0.0,0.32638499692781286,0.0,0.31455910943328963,0.0,0.0,0.0,0.0,0.0025298514995710213,0.0,0.0
LATHROP INVESTMENT MANAGEMENT CORP,0.0,0.01701782903718305,0.0,0.0,0.0,0.0,0.982982170962817,0.0,0.0,0.0,0.0,0.0,0.0,0.0
LAZARD ASSET MANAGEMENT LLC,0.0,0.0,0.0,0.0,0.0,0.0,0.8959917760963181,0.0,0.0,0.0,0.10400822390368188,0.0,0.0,0.0
LEDERER & ASSOCIATES INVESTMENT COUNSEL/CA,0.0,0.17047624242712783,0.4036628303502092,0.0,0.0,0.0017345682730172099,0.3512271556181066,0.07289920333153915,0.0,0.0,0.0,0.0,0.0,0.0
"LEGACY FINANCIAL GROUP, INC.",0.0,0.0824246258109731,0.7136023503037701,0.0,0.0,0.0,0.20397302388525695,0.0,0.0,0.0,0.0,0.0,0.0,0.0
LGT Financial Advisors LLC,0.0,0.18988032056424942,0.37017230056774825,0.0,0.0,0.0,0.4399473788680023,0.0,0.0,0.0,0.0,0.0,0.0,0.0
LINCLUDEN MANAGEMENT LTD,0.0,0.0,0.0,0.0,0.0,0.0,1.0,0.0,0.0,0.0,0.0,0.0,0.0,0.0
"LJI Wealth Management, LLC",0.025589799059653303,0.09313268301370094,0.6454069293041513,0.0,0.0,0.08147311098989886,0.15439747763259562,0.0,0.0,0.0,0.0,0.0,0.0,0.0
"LMG Wealth Partners, LLC",0.0,0.19195270225927455,0.4532383434592005,0.0,0.0,0.0,0.35480895428152504,0.0,0.0,0.0,0.0,0.0,0.0,0.0
LODESTAR PRIVATE ASSET MANAGEMENT LLC,0.0,0.19518295741328875,0.6927855121541276,0.0,0.0,0.021938183154151757,0.09009334727843162,0.0,0.0,0.0,0.0,0.0,0.0,0.0
"LORD, ABBETT & CO. LLC",0.0,0.0,0.0,0.0,0.0,0.0,1.0,0.0,0.0,0.0,0.0,0.0,0.0,0.0
LSV ASSET MANAGEMENT,0.0,0.0,0.625361516271677,0.0,0.0,0.0,0.3746384837283229,0.0,0.0,0.0,0.0,0.0,0.0,0.0
LVM CAPITAL MANAGEMENT LTD/MI,0.0,0.01230794372844404,0.0,0.0,0.0,0.0,0.987692056271556,0.0,0.0,0.0,0.0,0.0,0.0,0.0
Laffer Tengler Investments,0.0,0.0,0.3087299066566276,0.0,0.0,0.0,0.3575699978310401,0.0,0.0,0.24813082734210362,0.08556926817022875,0.0,0.0,0.0
Lakehouse Capital Pty Ltd,0.0,0.5606555864350372,0.0,0.0,0.0,0.2049420379589155,0.23440237560604735,0.0,0.0,0.0,0.0,0.0,0.0,0.0
Lakewood Asset Management LLC,0.0,0.0,0.5996062756467176,0.0,0.0,0.06276550530984912,0.3376282190434332,0.0,0.0,0.0,0.0,0.0,0.0,0.0
"Landmark Wealth Management, LLC",0.0,1.0,0.0,0.0,0.0,0.0,0.0,0.0,0.0,0.0,0.0,0.0,0.0,0.0
Lane & Associates LLC,0.0,0.06972176562602818,0.4431699511506013,0.0,0.0,0.0,0.4871082832233705,0.0,0.0,0.0,0.0,0.0,0.0,0.0
Lane Generational LLC,0.0,0.0,0.0,0.0,0.0,0.0,0.0,0.0,1.0,0.0,0.0,0.0,0.0,0.0
Lannebo Fonder AB,0.0,0.2176636791845216,0.2146918357150302,0.0,0.0,0.0,0.32069311771082565,0.1006819982027474,0.0,0.0,0.14626936918687508,0.0,0.0,0.0
"Laurel Wealth Advisors, Inc.",0.012423432710648332,0.17823273658067523,0.5519499549778478,0.0,0.02671290620567368,0.0,0.22572118182323947,0.0,0.0,0.004959787701915594,0.0,0.0,0.0,0.0
Leading Edge Financial Planning LLC,0.0,0.0,1.0,0.0,0.0,0.0,0.0,0.0,0.0,0.0,0.0,0.0,0.0,0.0
Ledyard National Bank,0.0,0.0,0.0,0.0,0.0,0.0,0.0,0.0,0.0,0.0,1.0,0.0,0.0,0.0
Lee Capital Holdings LLC,0.0,1.0,0.0,0.0,0.0,0.0,0.0,0.0,0.0,0.0,0.0,0.0,0.0,0.0
"Lee Financial Group Hawaii, Inc.",0.0,1.0,0.0,0.0,0.0,0.0,0.0,0.0,0.0,0.0,0.0,0.0,0.0,0.0
"Left Brain Wealth Management, LLC",0.0,0.0,0.5052997638594868,0.0,0.0,0.0,0.49470023614051317,0.0,0.0,0.0,0.0,0.0,0.0,0.0
"Legacy Capital Partners, Inc.",0.0,0.1880635058009599,0.5610901635667526,0.0,0.0,0.0,0.21278453992068372,0.0,0.0,0.0,0.03806179071160377,0.0,0.0,0.0
Legacy Trust,0.0,0.1041250857300722,0.39796451293269186,0.0,0.0,0.0,0.30783028976082555,0.0,0.0,0.19008011157641028,0.0,0.0,0.0,0.0
"Legacy Wealth Management, LLC / MS",0.0,0.0,0.40199402116928723,0.0,0.0,0.0,0.4582493659473408,0.0,0.0,0.13975661288337196,0.0,0.0,0.0,0.0
"Legacy Wealth Planning, LLC",0.0,0.0,0.6828943642027754,0.0,0.0,0.0,0.31710563579722456,0.0,0.0,0.0,0.0,0.0,0.0,0.0
"Legal Advantage Investments, Inc.",0.0,0.0,1.0,0.0,0.0,0.0,0.0,0.0,0.0,0.0,0.0,0.0,0.0,0.0
"Legend Financial Advisors, Inc.",0.0,0.0,0.0,0.0,0.0,0.0,1.0,0.0,0.0,0.0,0.0,0.0,0.0,0.0
"Lenox Wealth Advisors, LLC",0.0,0.3148390732814428,0.4571750620706463,0.0,0.0,0.0,0.2185267551141643,0.00945910953374663,0.0,0.0,0.0,0.0,0.0,0.0
Lesa Sroufe & Co,0.0,0.050417669793117924,0.11037208461820959,0.0,0.0,0.0,0.8392102455886725,0.0,0.0,0.0,0.0,0.0,0.0,0.0
Lester Murray Antman dba SimplyRich,0.0,0.05887804775103057,0.6180409977911279,0.04352849726353109,0.0,0.0,0.2795524571943104,0.0,0.0,0.0,0.0,0.0,0.0,0.0
"LifeSteps Financial, Inc.",0.0,0.0,0.0,1.0,0.0,0.0,0.0,0.0,0.0,0.0,0.0,0.0,0.0,0.0
"Lifestyle Asset Management, Inc.",0.0,0.0,0.7913441225751089,0.0,0.0,0.0,0.2086558774248911,0.0,0.0,0.0,0.0,0.0,0.0,0.0
"Linden Thomas Advisory Services, LLC",0.0,0.039653006199304536,0.43348742495347997,0.0,0.0,0.0,0.0,0.0,0.0,0.21332667351509899,0.3135328953321166,0.0,0.0,0.0
"Lindenwold Advisors, INC",0.0,0.14182360719468315,0.36301485618993745,0.0,0.0,0.11276045580958999,0.3362049472328852,0.0,0.0,0.0,0.0,0.0,0.0,0.04619613357290412
Liontrust Investment Partners LLP,0.0,0.30970383495541487,0.0,0.0,0.0,0.0,0.0,0.0,0.0,0.6902961650445851,0.0,0.0,0.0,0.0
Lipe & Dalton,0.0,0.054566953079994714,0.7453033091426088,0.0,0.0,0.053146536718938035,0.12258767316304588,0.024395527895412772,0.0,0.0,0.0,0.0,0.0,0.0
Livingston Group Asset Management CO (operating as Southport Capital Management),0.0,1.0,0.0,0.0,0.0,0.0,0.0,0.0,0.0,0.0,0.0,0.0,0.0,0.0
Lodestone Wealth Management LLC,0.0,0.18050561639865814,0.8194943836013419,0.0,0.0,0.0,0.0,0.0,0.0,0.0,0.0,0.0,0.0,0.0
"Long Road Investment Counsel, LLC",0.0,0.0,0.0,0.0,0.0,0.0,1.0,0.0,0.0,0.0,0.0,0.0,0.0,0.0
Longbow Finance SA,0.0,0.0,0.0,0.0,0.0,0.0,1.0,0.0,0.0,0.0,0.0,0.0,0.0,0.0
Loveless Wealth Management LLC,0.0,0.050372363198930986,0.4606977939684125,0.0,0.0,0.0,0.3053867110707498,0.1835431317619068,0.0,0.0,0.0,0.0,0.0,0.0
Lumina Fund Management LLC,0.0,0.0,1.0,0.0,0.0,0.0,0.0,0.0,0.0,0.0,0.0,0.0,0.0,0.0
"M.D. SASS INVESTORS SERVICES, INC.",0.0,1.0,0.0,0.0,0.0,0.0,0.0,0.0,0.0,0.0,0.0,0.0,0.0,0.0
MACKAY SHIELDS LLC,0.0,0.0,0.5118240921461363,0.0,0.0,0.0,0.4881759078538637,0.0,0.0,0.0,0.0,0.0,0.0,0.0
MAGNOLIA CAPITAL MANAGEMENT LTD,0.0,0.0,0.6940501741669891,0.0,0.0,0.0,0.3059498258330108,0.0,0.0,0.0,0.0,0.0,0.0,0.0
MCDANIEL TERRY & CO,0.0055088762669278975,0.14580083023379622,0.0,0.0,0.0,0.0,0.8441883333619947,0.0,0.0,0.0,0.004501960137281162,0.0,0.0,0.0
MCDONALD PARTNERS LLC,0.0,0.0,0.0,0.0,0.0,1.0,0.0,0.0,0.0,0.0,0.0,0.0,0.0,0.0
MCINTYRE FREEDMAN & FLYNN INVESTMENT ADVISERS INC,0.0,0.0,0.0,0.0,0.0,0.0,1.0,0.0,0.0,0.0,0.0,0.0,0.0,0.0
MENLO ADVISORS LLC,0.0,0.0,0.5076697127937336,0.0,0.0,0.0,0.4923302872062663,0.0,0.0,0.0,0.0,0.0,0.0,0.0
MERIDIAN MANAGEMENT CO,0.0,0.0,0.0,0.0,0.0,0.0,0.0,0.0,0.0,1.0,0.0,0.0,0.0,0.0
"MONTCHANIN ASSET MANAGEMENT, LLC",0.1300610928690101,0.0,0.0,0.0,0.0,0.0,0.86993890713099,0.0,0.0,0.0,0.0,0.0,0.0,0.0
MORGAN JESS S & CO INC,0.0,0.31530654302358996,0.3864490609447763,0.0,0.0,0.0,0.0,0.0,0.0,0.0,0.2982443960316337,0.0,0.0,0.0
MOUNT VERNON ASSOCIATES INC /MD/,0.0,0.22750923122243913,0.3938050919330053,0.0,0.0,0.1489678083170533,0.22971786852750228,0.0,0.0,0.0,0.0,0.0,0.0,0.0
MRA Advisory Group,0.0,0.0,0.4508752860844205,0.0,0.0,0.0,0.5491247139155795,0.0,0.0,0.0,0.0,0.0,0.0,0.0
"MRP Capital Investments, LLC",0.0,0.0,0.4993448260630019,0.0,0.0,0.0,0.5006551739369981,0.0,0.0,0.0,0.0,0.0,0.0,0.0
MSH Capital Advisors LLC,0.0,0.12376369831679966,0.48936707828434406,0.0,0.0,0.033474464791829465,0.35339475860702674,0.0,0.0,0.0,0.0,0.0,0.0,0.0
MURPHY CAPITAL MANAGEMENT INC,0.0,0.45604883807063346,0.0,0.0,0.0,0.0,0.45886950667491333,0.0,0.0,0.0,0.08508165525445313,0.0,0.0,0.0
"Madden Advisory Services, Inc.",0.0,0.0,0.0,0.0,0.0,0.0,1.0,0.0,0.0,0.0,0.0,0.0,0.0,0.0
"Madrona Venture Group, LLC",0.0,0.0,0.0,0.0,0.0,0.0,0.0,0.0,0.0,0.0,0.0,0.0,1.0,0.0
"Mainsail Financial Group, LLC",0.0,0.0,0.2128248402770026,0.0,0.0,0.0,0.7871751597229975,0.0,0.0,0.0,0.0,0.0,0.0,0.0
Majedie Asset Management Ltd,0.0,0.4623296669022811,0.0,0.0,0.0,0.0,0.537670333097719,0.0,0.0,0.0,0.0,0.0,0.0,0.0
Manchester Global Management (UK) Ltd,0.0,0.0,0.0,0.0,0.0,0.0,0.0,0.0,0.0,0.0,0.0,0.0,1.0,0.0
Marathon Capital Management,0.0,0.2806975945579121,0.0,0.0,0.0,0.0,0.7193024054420879,0.0,0.0,0.0,0.0,0.0,0.0,0.0
"Marietta Wealth Management, LLC",0.0,0.0,0.0,1.0,0.0,0.0,0.0,0.0,0.0,0.0,0.0,0.0,0.0,0.0
"Marmo Financial Group, LLC",0.0,0.0,0.0,0.0,0.0,0.0,1.0,0.0,0.0,0.0,0.0,0.0,0.0,0.0
Marotta Asset Management,0.0,0.43725901183339355,0.0,0.0,0.0,0.0,0.5627409881666066,0.0,0.0,0.0,0.0,0.0,0.0,0.0
Martel Wealth Advisors Inc,0.0,0.8227208799935068,0.06194252066814925,0.0,0.0,0.0,0.11533659933834403,0.0,0.0,0.0,0.0,0.0,0.0,0.0
"Martin Capital Partners, LLC",0.0,0.0,0.0,0.0,0.0,0.0,1.0,0.0,0.0,0.0,0.0,0.0,0.0,0.0
Maryland Capital Management,0.0,0.2662192894623252,0.3339880167606788,0.0,0.0,0.0,0.2869106380979507,0.008422549396727146,0.0,0.0,0.10445950628231819,0.0,0.0,0.0
"Mason Investment Advisory Services, Inc.",0.0,0.20336340576450188,0.3648308863835297,0.0,0.0,0.0,0.4318057078519684,0.0,0.0,0.0,0.0,0.0,0.0,0.0
Massachusetts Wealth Management,0.0,0.0919414911018473,0.5011109672301974,0.0,0.0,0.0,0.4069475416679552,0.0,0.0,0.0,0.0,0.0,0.0,0.0
"Mathes Company, Inc.",0.0,0.28202930115733793,0.368779350182204,0.0,0.0,0.0,0.17982180404835668,0.0,0.0,0.0,0.06994799414124322,0.09942155047085816,0.0,0.0
"Matrix Capital Management Company, LP",0.0,0.0,0.0,0.0,0.0,0.0,0.0,0.0,0.0,0.0,1.0,0.0,0.0,0.0
Matrix Trust Co,0.0,0.0,0.5192965095358042,0.0,0.0,0.0,0.48070349046419575,0.0,0.0,0.0,0.0,0.0,0.0,0.0
"McCarthy Grittinger Financial Group, LLC",0.0920306852533272,0.0,0.6532903494905974,0.0,0.0,0.0,0.15003476696677276,0.0,0.0,0.0,0.10464419828930255,0.0,0.0,0.0
"McClarren Financial Advisors, Inc.",0.0,0.0,1.0,0.0,0.0,0.0,0.0,0.0,0.0,0.0,0.0,0.0,0.0,0.0
"McGinn Investment Management, Inc.",0.0,0.0,0.5009114966186415,0.0,0.0,0.0,0.49908850338135835,0.0,0.0,0.0,0.0,0.0,0.0,0.0
"McGlone Suttner Wealth Management, Inc.",0.0,0.0,0.41483442788131797,0.0,0.0,0.0,0.5169610147692868,0.0,0.0,0.0,0.06820455734939537,0.0,0.0,0.0
"Meeder Advisory Services, Inc.",0.0,0.16500462159513032,0.4392237503873695,0.0,0.0,0.0,0.36873874670160733,0.0,0.0,0.0,0.027032881315892866,0.0,0.0,0.0
Meredith Wealth Planning,0.0,0.0,0.5316471321741483,0.0,0.0,0.1912791722397376,0.2770736955861141,0.0,0.0,0.0,0.0,0.0,0.0,0.0
Meridian Financial Partners LLC,0.0,0.19766821955631672,0.4170441525645851,0.0,0.0,0.0,0.3253307593161793,0.0,0.0,0.0,0.059956868562918805,0.0,0.0,0.0
"Meridian Financial, LLC",0.0,0.15704731529857596,0.3345031502561229,0.0,0.0,0.0,0.508449534445301,0.0,0.0,0.0,0.0,0.0,0.0,0.0
"Meristem Family Wealth, LLC",0.0,0.21926200757634803,0.5283084166056089,0.0,0.0,0.0,0.2524295758180429,0.0,0.0,0.0,0.0,0.0,0.0,0.0
"Meritas Wealth Management, LLC",0.0,0.05262460116230597,0.7999489554605625,0.0,0.0,0.0,0.1474264433771315,0.0,0.0,0.0,0.0,0.0,0.0,0.0
"Mill Creek Capital Advisors, LLC",0.0,0.0,0.6216602596788654,0.0,0.0,0.0,0.27378170700948107,0.0,0.0,0.0,0.0,0.0,0.0,0.10455803331165357
"Millington Financial Advisors, LLC",0.0,0.0,1.0,0.0,0.0,0.0,0.0,0.0,0.0,0.0,0.0,0.0,0.0,0.0
Mills Wealth Advisors LLC,0.0,0.0,0.0,0.0,0.0,0.0,1.0,0.0,0.0,0.0,0.0,0.0,0.0,0.0
Minot Wealth Management LLC,0.0,0.46522802031263977,0.0,0.0,0.0,0.0,0.5347719796873603,0.0,0.0,0.0,0.0,0.0,0.0,0.0
Mn Services Vermogensbeheer B.V.,0.0,0.0,0.39593355424027166,0.0,0.0,0.0,0.36369786177563573,0.0,0.0,0.04513303411343952,0.17211651883642481,0.0,0.023119031034228382,0.0
"Money Design Co.,Ltd.",0.0,0.0,0.0,0.0,0.0,1.0,0.0,0.0,0.0,0.0,0.0,0.0,0.0,0.0
"Moran Wealth Management, LLC",0.0,0.0,0.0,0.0,0.0,0.0,1.0,0.0,0.0,0.0,0.0,0.0,0.0,0.0
Morningstar Investment Services LLC,0.0,0.0,0.0,0.0,0.0,0.0,1.0,0.0,0.0,0.0,0.0,0.0,0.0,0.0
"Morris Capital Advisors, LLC",0.0,0.2738257570143325,0.4617713320191495,0.0,0.0,0.0,0.26440291096651797,0.0,0.0,0.0,0.0,0.0,0.0,0.0
Morton Capital Management LLC/CA,0.0,0.0807281883978905,0.4166970349779197,0.0,0.0,0.023125839682722627,0.4794489369414671,0.0,0.0,0.0,0.0,0.0,0.0,0.0
"Moser Wealth Advisors, LLC",0.0,0.0,0.0,0.0,0.0,0.0,0.0,0.0,0.0,0.0,1.0,0.0,0.0,0.0
Moss Adams Wealth Advisors LLC,0.0,0.11828720256674347,0.35518803077295125,0.051630044233666815,0.0,0.08209421868113252,0.392800503745506,0.0,0.0,0.0,0.0,0.0,0.0,0.0
NEVILLE RODIE & SHAW INC,0.0,0.0767829655511142,0.5698363514516079,0.0,0.0,0.0,0.2840746837774443,0.0,0.0,0.01147289728343877,0.05783310193639461,0.0,0.0,0.0
"NEW ENGLAND GUILD WEALTH ADVISORS, INC.",0.0,0.5140939597315437,0.0,0.0,0.0,0.0,0.4859060402684564,0.0,0.0,0.0,0.0,0.0,0.0,0.0
NEW MEXICO EDUCATIONAL RETIREMENT BOARD,0.0,0.22514087472369043,0.3998111375198083,0.0,0.0,0.0,0.3750479877565013,0.0,0.0,0.0,0.0,0.0,0.0,0.0
NEW YORK STATE COMMON RETIREMENT FUND,0.0,0.2258746557079843,0.38632086791349146,0.0,0.0,0.0,0.3774758862370761,0.0,0.0,0.01032859014144803,0.0,0.0,0.0,0.0
NEW YORK STATE TEACHERS RETIREMENT SYSTEM,0.01858885027483321,0.16821950377863873,0.30350877539427074,0.0,0.0,0.0,0.28383064482047987,0.11846209179652603,0.0,0.0,0.027014167012781514,0.0,0.0,0.0803759669224699
"NFC Investments, LLC",0.0,0.0,0.5022309648323178,0.0,0.0,0.0,0.49776903516768223,0.0,0.0,0.0,0.0,0.0,0.0,0.0
"NFP Retirement, Inc.",0.0,0.0,0.8833031590299877,0.0,0.0,0.0,0.0,0.0,0.0,0.058792046899009985,0.0,0.057904794071002255,0.0,0.0
NKCFO LLC,0.0,0.4161355643494333,0.24372674956965928,0.0,0.0,0.0,0.34013768608090755,0.0,0.0,0.0,0.0,0.0,0.0,0.0
NOESIS CAPITAL MANGEMENT CORP,0.0,0.20204421859812763,0.7979557814018724,0.0,0.0,0.0,0.0,0.0,0.0,0.0,0.0,0.0,0.0,0.0
NORTHERN OAK WEALTH MANAGEMENT INC,0.0,0.11918377174501896,0.4546198760007223,0.0,0.0,0.0,0.4261963522542587,0.0,0.0,0.0,0.0,0.0,0.0,0.0
NORTHSTAR ASSET MANAGEMENT INC,0.0,0.025502743725243363,0.3607086259032989,0.0,0.0,0.0,0.3776977806954035,0.0,0.0,0.0,0.21148341035369536,0.0,0.0,0.0246074393223589
"NSI Retail Advisors, LLC",0.0,0.0,0.4930761899422549,0.0,0.0,0.0,0.5069238100577451,0.0,0.0,0.0,0.0,0.0,0.0,0.0
NWI MANAGEMENT LP,0.0,0.0,0.0,0.0,0.0,0.0,0.0,0.0,0.0,1.0,0.0,0.0,0.0,0.0
"Nadler Financial Group, Inc.",0.0,0.0,0.0,0.0,1.0,0.0,0.0,0.0,0.0,0.0,0.0,0.0,0.0,0.0
"Nantahala Capital Management, LLC",0.0,0.0,0.0,0.0,0.0,1.0,0.0,0.0,0.0,0.0,0.0,0.0,0.0,0.0
"Narus Financial Partners, LLC",0.0,0.15824893507828444,0.5037281516680395,0.0,0.0,0.16396252074950882,0.12863775030348112,0.0,0.0,0.0,0.0,0.0,0.0,0.04542264220068608
"National Wealth Management Group, LLC",0.0,0.0,0.5647074387115543,0.0,0.0,0.0,0.4352925612884457,0.0,0.0,0.0,0.0,0.0,0.0,0.0
"Nepsis, Inc.",1.0,0.0,0.0,0.0,0.0,0.0,0.0,0.0,0.0,0.0,0.0,0.0,0.0,0.0
Neumann Advisory Hong Kong Ltd,0.0,0.0,0.0,0.0,0.0,1.0,0.0,0.0,0.0,0.0,0.0,0.0,0.0,0.0
New England Capital Financial Advisors LLC,0.0,0.2436404006030792,0.44837207078003194,0.0,0.0,0.05531722958814577,0.16487825694770367,0.0,0.0,0.0,0.003234230175759413,0.0,0.0,0.08455781190527997
"New England Research & Management, Inc.",0.0,0.0,0.0,0.0,0.0,0.0,1.0,0.0,0.0,0.0,0.0,0.0,0.0,0.0
New Hampshire Trust,0.0,0.1628181632995778,0.38726014152890376,0.0,0.0,0.060152065057110383,0.33309243104202574,0.0,0.0,0.008152493930511266,0.04852470514187114,0.0,0.0,0.0
"New Republic Capital, LLC",0.0,0.18217588979459737,0.3261448775504108,0.0,0.0,0.0,0.44851499116231164,0.0,0.0,0.0,0.04316424149268026,0.0,0.0,0.0
Newlands Management Operations LLC,0.0,0.17390347929453387,0.00865210023702801,0.0,0.0,0.6697983727794412,0.06968080920708578,0.0,0.0,0.0,0.0,0.07796523848191123,0.0,0.0
"Nicollet Investment Management, Inc.",0.0,0.31546498339712076,0.0,0.0,0.0,0.14639672798000433,0.33406051370313933,0.0,0.0,0.05733937818508891,0.0,0.0,0.0,0.14673839673464673
NinePointTwo Capital LLC,0.0,0.19340297871044376,0.4047452258398562,0.0,0.0,0.0,0.3393689276033259,0.0,0.0,0.0,0.0,0.0,0.0,0.06248286784637407
"Nordwand Advisors, LLC",0.0,0.0,0.21931232227976954,0.0,0.0,0.2433867688955143,0.5373009088247162,0.0,0.0,0.0,0.0,0.0,0.0,0.0
"Norman Fields, Gottscho Capital Management, LLC",0.0,0.21325009037233403,0.7590854319797565,0.0,0.0,0.0,0.027664477647909386,0.0,0.0,0.0,0.0,0.0,0.0,0.0
North Growth Management Ltd.,0.0,0.0,0.0,0.0,0.0,0.0,0.48910940471688297,0.5108905952831172,0.0,0.0,0.0,0.0,0.0,0.0
"Northeast Financial Group, Inc.",0.0,0.3432477485254201,0.3457085937549381,0.0,0.0,0.0,0.3110436577196419,0.0,0.0,0.0,0.0,0.0,0.0,0.0
Northern Financial Advisors Inc,0.0,0.0,0.0,0.0,0.0,0.25023220579952976,0.7497677942004703,0.0,0.0,0.0,0.0,0.0,0.0,0.0
OAK ASSOCIATES LTD /OH/,0.3473003972253818,0.0,0.0,0.0,0.0,0.0,0.0,0.6526996027746182,0.0,0.0,0.0,0.0,0.0,0.0
"OAK HILL WEALTH ADVISORS, LLC",0.0,0.24440356679154637,0.42116284823166295,0.0,0.0,0.0,0.33443358497679077,0.0,0.0,0.0,0.0,0.0,0.0,0.0
OAKMONT CORP,0.0,0.4714154784433537,0.19000283627090686,0.0,0.0,0.0,0.317225674343537,0.021356010942202512,0.0,0.0,0.0,0.0,0.0,0.0
OGOREK ANTHONY JOSEPH /NY/ /ADV,0.0,0.0,0.0,1.0,0.0,0.0,0.0,0.0,0.0,0.0,0.0,0.0,0.0,0.0
OPSEU Pension Plan Trust Fund,0.0,0.6172680681433085,0.3827319318566916,0.0,0.0,0.0,0.0,0.0,0.0,0.0,0.0,0.0,0.0,0.0
"OSBORNE PARTNERS CAPITAL MANAGEMENT, LLC",1.0,0.0,0.0,0.0,0.0,0.0,0.0,0.0,0.0,0.0,0.0,0.0,0.0,0.0
"Old North State Trust, LLC",0.0,0.08956842720752005,0.5947929173678033,0.0,0.0,0.0,0.31563865542467673,0.0,0.0,0.0,0.0,0.0,0.0,0.0
"Old North State Wealth Management, LLC",0.0,0.4492075100675884,0.23301097199468945,0.0,0.0,0.0,0.18310850589764263,0.0,0.0,0.0,0.10648434905480947,0.0,0.0,0.028188662985270087
"Olistico Wealth, LLC",0.0,0.19388369025533114,0.5337731872454835,0.0,0.0,0.0,0.11549142745964976,0.13346429729774736,0.0,0.0,0.023387397741788156,0.0,0.0,0.0
"Olstein Capital Management, L.P.",0.0,0.0,0.38564498104752776,0.0,0.0,0.3261123744869847,0.2882426444654874,0.0,0.0,0.0,0.0,0.0,0.0,0.0
OneAscent Financial Services LLC,0.0,0.0,0.0,0.5698364547612768,0.0,0.0,0.0,0.0,0.0,0.4301635452387233,0.0,0.0,0.0,0.0
OneAscent Wealth Management LLC,0.0,0.0,0.5663335169591565,0.0,0.0,0.0,0.3443298969072165,0.0,0.0,0.08933658613362715,0.0,0.0,0.0,0.0
"Opus Capital Group, LLC",0.049683234406539156,0.0,0.5225599722871741,0.0,0.0,0.14258248895817094,0.18771309231168934,0.09746121203642637,0.0,0.0,0.0,0.0,0.0,0.0
"Owen LaRue, LLC",0.0,0.19099053360443718,0.7503678421569885,0.0,0.0,0.0,0.0,0.0,0.0,0.0,0.0,0.0,0.0,0.05864162423857435
P.A.W. CAPITAL CORP,0.0,0.0,0.0,0.0,0.0,0.0,1.0,0.0,0.0,0.0,0.0,0.0,0.0,0.0
"PALISADE CAPITAL MANAGEMENT, LP",0.0915831384899856,0.0,0.39534525933245934,0.0,0.0,0.2411496018131697,0.220624648837091,0.0,0.0,0.051297351527294414,0.0,0.0,0.0,0.0
PALLADIUM PARTNERS LLC,0.0,0.0,0.5828516114063581,0.0,0.0,0.0,0.41714838859364195,0.0,0.0,0.0,0.0,0.0,0.0,0.0
PARADIGM ASSET MANAGEMENT CO LLC,0.0,0.0,0.0,0.33683665889884234,0.0,0.0,0.6631633411011576,0.0,0.0,0.0,0.0,0.0,0.0,0.0
PARK NATIONAL CORP /OH/,0.0,0.0,0.0,0.0,0.0,0.0,0.0,1.0,0.0,0.0,0.0,0.0,0.0,0.0
"PARNASSUS INVESTMENTS, LLC",0.00046508980900205894,0.0,0.0,0.0,0.0,0.0,0.0,0.0,0.0,0.0,0.9995349101909979,0.0,0.0,0.0
"PATRIOT INVESTMENT MANAGEMENT GROUP, INC.",0.0,0.10375274829498067,0.42269936440226824,0.0,0.0,0.0,0.18902356948963472,0.1974270317997719,0.0,0.0,0.0,0.0,0.0,0.08709728601334445
PAYDEN & RYGEL,0.0,0.0,0.0,0.0,0.0,0.0,0.9651110804647837,0.034888919535216376,0.0,0.0,0.0,0.0,0.0,0.0
PEAPACK GLADSTONE FINANCIAL CORP,0.007524348385487254,0.0,0.9924756516145127,0.0,0.0,0.0,0.0,0.0,0.0,0.0,0.0,0.0,0.0,0.0
"PEAVINE CAPITAL, LLC",0.0,1.0,0.0,0.0,0.0,0.0,0.0,0.0,0.0,0.0,0.0,0.0,0.0,0.0
PENNSYLVANIA CAPITAL MANAGEMENT INC /ADV,0.0,0.0,0.0,0.0,0.0,0.0,0.0,0.0,0.0,0.0,1.0,0.0,0.0,0.0
PENOBSCOT WEALTH MANAGEMENT,0.0,0.07317556309061886,0.559746449004323,0.0,0.0,0.0,0.3670779879050582,0.0,0.0,0.0,0.0,0.0,0.0,0.0
PEREGRINE CAPITAL MANAGEMENT LLC,0.0,0.0,0.0,0.0,0.0,0.0,0.0,0.0,0.0,1.0,0.0,0.0,0.0,0.0
PETRA FINANCIAL ADVISORS INC,0.0,0.19992127745060173,0.3683292884912614,0.0,0.0,0.4317494340581369,0.0,0.0,0.0,0.0,0.0,0.0,0.0,0.0
PETREDIS INVESTMENT ADVISORS LLC,0.0,0.14803374089842386,0.2644041288051202,0.0,0.0,0.100712996419969,0.2904193213628296,0.16606582236465772,0.0,0.0,0.030363990148999716,0.0,0.0,0.0
PFS INVESTMENTS INC.,0.0,0.0,0.0,0.0,0.0,0.0,1.0,0.0,0.0,0.0,0.0,0.0,0.0,0.0
"PFS Partners, LLC",0.0,0.10916276775582728,0.6367927205735254,0.0,0.0,0.01835425845401848,0.2217651824306014,0.0,0.0,0.013925070786027505,0.0,0.0,0.0,0.0
PGGM Investments,0.0,0.0,0.5158026507672255,0.0,0.0,0.0,0.4841973492327746,0.0,0.0,0.0,0.0,0.0,0.0,0.0
PGIM Custom Harvest LLC,0.0,0.0,0.6685675706202422,0.0,0.0,0.0,0.22100215244783897,0.0,0.0,0.0,0.11043027693191897,0.0,0.0,0.0
PHILADELPHIA TRUST CO,0.0,0.10006185443776296,0.2756536092445879,0.0,0.0,0.07644961680141728,0.25472248931720354,0.29311243019902844,0.0,0.0,0.0,0.0,0.0,0.0
"PHYSICIANS FINANCIAL SERVICES, INC.",0.0,0.5140670547015201,0.0,0.0,0.0,0.0,0.4859329452984798,0.0,0.0,0.0,0.0,0.0,0.0,0.0
PIN OAK INVESTMENT ADVISORS INC,0.0,0.2377573310040202,0.0,0.0,0.0,0.07631373132730376,0.607855164768877,0.0,0.07807377289979905,0.0,0.0,0.0,0.0,0.0
"PPS&V ASSET MANAGEMENT CONSULTANTS, INC.",0.0,0.0845163247936002,0.7768689700282282,0.0,0.0,0.0,0.05815591044611214,0.0,0.0,0.0,0.0,0.0,0.0,0.08045879473205945
"PRESILIUM PRIVATE WEALTH, LLC",0.0,0.17518688863671636,0.319455947672564,0.0,0.0,0.0,0.5053571636907195,0.0,0.0,0.0,0.0,0.0,0.0,0.0
PRICE MICHAEL F,0.0,1.0,0.0,0.0,0.0,0.0,0.0,0.0,0.0,0.0,0.0,0.0,0.0,0.0
PRICE T ROWE ASSOCIATES INC /MD/,0.0,0.28768460187607864,0.25659857109008205,0.03804897433351334,0.0,0.0,0.37244448655151213,0.0,0.0,0.0,0.045223366148814004,0.0,0.0,0.0
PROFESSIONAL ADVISORY SERVICES INC,0.0,0.3973376898281853,0.0,0.0,0.0,0.0,0.5900601917248952,0.012602118446919363,0.0,0.0,0.0,0.0,0.0,0.0
PUBLIC EMPLOYEES RETIREMENT ASSOCIATION OF COLORADO,0.006898928284956164,0.23575993732027037,0.36942530828204073,0.0,0.0,0.0,0.324841500000208,0.0,0.0,0.002326734022376433,0.06074759209014835,0.0,0.0,0.0
"Pacific Ridge Capital Partners, LLC",0.0,0.0,0.0,0.0,0.0,1.0,0.0,0.0,0.0,0.0,0.0,0.0,0.0,0.0
"Pacific Sage Partners, LLC",0.0,0.1034806628507322,0.07201340158978897,0.0,0.0,0.009167408331795437,0.7910582011682633,0.0,0.0,0.019507182181952454,0.004773143877467751,0.0,0.0,0.0
"Pacific Wealth Strategies Group, Inc.",0.0,0.0,0.0,0.0,0.0,0.0,0.0,0.0,0.0,0.0,1.0,0.0,0.0,0.0
"Palisades Hudson Asset Management, L.P.",0.0,0.0,0.29778104221431884,0.0,0.0,0.0,0.7022189577856811,0.0,0.0,0.0,0.0,0.0,0.0,0.0
"Palogic Value Management, L.P.",0.0,0.0,0.6160107328361385,0.0,0.0,0.0,0.3839892671638614,0.0,0.0,0.0,0.0,0.0,0.0,0.0
"Park Edge Advisors, LLC",0.0,0.19487344626591316,0.2635960701375554,0.0,0.0,0.1878373114848197,0.3536931721117117,0.0,0.0,0.0,0.0,0.0,0.0,0.0
"Pekin Hardy Strauss, Inc.",0.0,0.0,0.0,0.0,0.0,0.0,0.0,0.0,0.0,0.0,1.0,0.0,0.0,0.0
Peloton Wealth Strategists,0.0,0.0,0.035763871334067075,0.0,0.0,0.0,0.49563452092513155,0.0,0.0,0.0,0.46860160774080145,0.0,0.0,0.0
"Pembroke Management, LTD",0.0,0.0,0.0,0.0,0.0,1.0,0.0,0.0,0.0,0.0,0.0,0.0,0.0,0.0
Pensionfund Sabic,0.0,0.0,0.5416654780921953,0.0,0.0,0.0,0.45833452190780466,0.0,0.0,0.0,0.0,0.0,0.0,0.0
"Per Stirling Capital Management, LLC.",0.0,0.21078025085044416,0.5770159928731082,0.0,0.0,0.0,0.17253501578991498,0.0,0.0,0.03966874048653265,0.0,0.0,0.0,0.0
Personal Wealth Partners,0.0,0.2833656400315888,0.3418048675425372,0.0,0.0,0.0,0.3748294924258741,0.0,0.0,0.0,0.0,0.0,0.0,0.0
"Peterson Financial Group, Inc.",0.0,0.0,0.4972326083990217,0.0,0.0,0.0,0.5027673916009784,0.0,0.0,0.0,0.0,0.0,0.0,0.0
"Pinnacle Holdings, LLC",0.0,0.0,0.0,0.0,0.0,0.0,0.6446752198813913,0.0,0.0,0.0,0.3553247801186087,0.0,0.0,0.0
"Plotkin Financial Advisors, LLC",0.0,0.1925720260356608,0.6906029863357952,0.0,0.0,0.03790214298366936,0.07892284464487456,0.0,0.0,0.0,0.0,0.0,0.0,0.0
"Portfolio Solutions, LLC",0.0,1.0,0.0,0.0,0.0,0.0,0.0,0.0,0.0,0.0,0.0,0.0,0.0,0.0
Portland Hill Asset Management Ltd,0.0,0.0,0.0,0.0,0.0,0.0,0.736842105263158,0.0,0.0,0.0,0.26315789473684215,0.0,0.0,0.0
"Portolan Capital Management, LLC",0.0,1.0,0.0,0.0,0.0,0.0,0.0,0.0,0.0,0.0,0.0,0.0,0.0,0.0
"PrairieView Partners, LLC",0.0064645726225774445,0.08494420799688035,0.7144250605256768,0.0,0.0,0.0,0.18950314489132472,0.0,0.0,0.0,0.0019960058631676085,0.0,0.0026670081003730087,0.0
"Private Capital Group, LLC",0.0,0.14389583659589703,0.4773149287456096,0.03587328575583346,0.0,0.0,0.319973601199132,0.0,0.0,0.002662251951945234,0.02028009575158281,0.0,0.0,0.0
Private Portfolio Partners LLC,0.0,0.0,0.0,0.0,0.0,1.0,0.0,0.0,0.0,0.0,0.0,0.0,0.0,0.0
"Procyon Advisors, LLC",0.0,0.0,0.0,1.0,0.0,0.0,0.0,0.0,0.0,0.0,0.0,0.0,0.0,0.0
"Prosperity Financial Group, Inc.",0.0,0.1030434291143824,0.5321378175878945,0.0,0.0,0.05678533490992449,0.3080334183877987,0.0,0.0,0.0,0.0,0.0,0.0,0.0
"Prosperity Wealth Management, Inc.",0.0,0.17968322019818425,0.3050272170694128,0.0,0.0,0.0,0.4411197348805868,0.0,0.0,0.0,0.0,0.07416982785181621,0.0,0.0
"QUARRY HILL ADVISORS, LLC",0.0,0.0,1.0,0.0,0.0,0.0,0.0,0.0,0.0,0.0,0.0,0.0,0.0,0.0
"Quad-Cities Investment Group, LLC",0.0,0.0,0.0,0.0,0.0,0.0,0.0,0.0,0.0,0.0,1.0,0.0,0.0,0.0
Quintet Private Bank (Europe) S.A.,0.0,0.0,0.0,0.0,0.0,0.009720534187115529,0.49723380215320834,0.4388362752852827,0.0,0.0,0.018732970651043047,0.0,0.0,0.035476417723350515
"R. W. Roge & Company, Inc.",0.0,0.07553534489874618,0.5611410013638498,0.0,0.0,0.12160069387548929,0.24172295986191486,0.0,0.0,0.0,0.0,0.0,0.0,0.0
"RAM Investment Partners, LLC",0.0,0.0,0.0823495056395836,0.0,0.0,0.0,0.8987890695319632,0.0,0.0,0.0,0.018861424828453224,0.0,0.0,0.0
"RCS Financial Planning, LLC",0.0,0.0,1.0,0.0,0.0,0.0,0.0,0.0,0.0,0.0,0.0,0.0,0.0,0.0
REAVES W H & CO INC,0.0,0.0,1.0,0.0,0.0,0.0,0.0,0.0,0.0,0.0,0.0,0.0,0.0,0.0
"REBALANCE, LLC",0.0,0.0,0.7049222490825792,0.0,0.0,0.0,0.2950777509174208,0.0,0.0,0.0,0.0,0.0,0.0,0.0
"RED LIGHTHOUSE INVESTMENT MANAGEMENT, LLC",0.0,0.03890618488132777,0.7339966418462884,0.0,0.0,0.0,0.22709717327238374,0.0,0.0,0.0,0.0,0.0,0.0,0.0
"REGIMEN WEALTH, LLC",0.0,0.0,1.0,0.0,0.0,0.0,0.0,0.0,0.0,0.0,0.0,0.0,0.0,0.0
"RF&L WEALTH MANAGEMENT, LLC",0.0,0.23880283373758165,0.3782275706193715,0.0,0.0,0.15296776854851532,0.2300018270945315,0.0,0.0,0.0,0.0,0.0,0.0,0.0
"RGT Wealth Advisors, LLC",0.0,0.0,1.0,0.0,0.0,0.0,0.0,0.0,0.0,0.0,0.0,0.0,0.0,0.0
"RICE HALL JAMES & ASSOCIATES, LLC",0.0,1.0,0.0,0.0,0.0,0.0,0.0,0.0,0.0,0.0,0.0,0.0,0.0,0.0
RJA Asset Management LLC,0.0,0.0,1.0,0.0,0.0,0.0,0.0,0.0,0.0,0.0,0.0,0.0,0.0,0.0
ROANOKE ASSET MANAGEMENT CORP/ NY,0.3186497498256542,0.1458127142994974,0.10012444342632168,0.0,0.0,0.18760217807515603,0.24781091437337066,0.0,0.0,0.0,0.0,0.0,0.0,0.0
ROVIN CAPITAL /UT/ /ADV,0.0,0.0,0.8100138673949753,0.0,0.0,0.0,0.0,0.0,0.0,0.0,0.1218186460738908,0.0,0.0,0.06816748653113393
ROWLAND & CO INVESTMENT COUNSEL/ADV,0.0,0.0,0.6253622349299715,0.0,0.0,0.0,0.3746377650700285,0.0,0.0,0.0,0.0,0.0,0.0,0.0
"RPg Family Wealth Advisory, LLC",0.0,0.0,0.0,0.0,0.0,0.0,0.0,0.0,0.0,0.0,1.0,0.0,0.0,0.0
RW Investment Management LLC,0.0,0.0,0.48444728940403553,0.0,0.0,0.07197279326119106,0.3867471372139401,0.0,0.0,0.0,0.0,0.0,0.0,0.05683278012083337
Raab & Moskowitz Asset Management LLC,0.0,0.0,0.0,0.0,1.0,0.0,0.0,0.0,0.0,0.0,0.0,0.0,0.0,0.0
"Radnor Capital Management, LLC",0.0,0.0,0.49474384753599604,0.0,0.0,0.0,0.5052561524640039,0.0,0.0,0.0,0.0,0.0,0.0,0.0
"Rappaport Reiches Capital Management, LLC",0.0,0.0,0.0,0.09724217360632094,0.0,0.0,0.9027578263936791,0.0,0.0,0.0,0.0,0.0,0.0,0.0
Ratio Wealth Group,0.0,0.0,0.6457623784379103,0.0,0.0,0.0,0.35423762156208966,0.0,0.0,0.0,0.0,0.0,0.0,0.0
"Red Cedar Capital, LLC",0.0,0.05025328890344203,0.5542307914555926,0.0,0.0,0.0,0.3955159196409654,0.0,0.0,0.0,0.0,0.0,0.0,0.0
"Rede Wealth, LLC",0.0,0.0,0.0,0.0,0.0,0.0,0.0,0.0,0.0,0.0,0.0,1.0,0.0,0.0
Redpoint Investment Management Pty Ltd,0.02857922978548846,0.3392225216194381,0.0,0.0,0.0,0.0,0.4722744933236902,0.10118320301502357,0.0,0.009210935521751912,0.04952961673460763,0.0,0.0,0.0
Regent Investment Management LLC,0.0,0.25016901173923906,0.4760919157439014,0.0,0.0,0.0,0.2599567063525102,0.0,0.0,0.013782366164349347,0.0,0.0,0.0,0.0
Regis Management CO LLC,0.0,0.0,0.0,0.0,0.0,0.0,0.0,0.0,0.0,0.0,0.0,0.0,1.0,0.0
Register Financial Advisors LLC,0.0,0.0921944380574994,0.548370638658048,0.0,0.0,0.0,0.3594349232844527,0.0,0.0,0.0,0.0,0.0,0.0,0.0
Rehmann Capital Advisory Group,0.04402522124777906,0.0,0.0,0.03198951781272512,0.0,0.0,0.8544661144807063,0.0,0.0,0.0,0.06951914645878965,0.0,0.0,0.0
"Rex Capital Advisors, LLC",0.0,0.0,1.0,0.0,0.0,0.0,0.0,0.0,0.0,0.0,0.0,0.0,0.0,0.0
"Reynders McVeigh Capital Management, LLC",0.038788003922436226,0.09830915114057831,0.36225422745473873,0.0,0.0,0.0,0.22407116526448836,0.27396728402953563,0.0,0.00261016818822266,0.0,0.0,0.0,0.0
Rheos Capital Works Inc.,0.0,0.0,0.0,0.27786623503257235,0.0,0.0,0.0,0.0,0.0,0.0,0.7221337649674276,0.0,0.0,0.0
"Richard W. Paul & Associates, LLC",0.07254054822163115,0.13161150497490204,0.33283960705448357,0.0,0.0,0.12030525155331052,0.2796543387090594,0.0,0.0,0.0,0.0,0.0,0.0,0.06304874948661332
Ritter Daniher Financial Advisory LLC / DE,0.0,0.0,0.0,0.9426928334971585,0.0,0.0,0.0,0.0,0.0,0.0,0.05730716650284151,0.0,0.0,0.0
River Street Advisors LLC,0.0,0.12402231975668039,0.45777427341071086,0.0,0.0,0.0,0.33214735840723153,0.0,0.0,0.0,0.0,0.045121932146964465,0.0,0.04093411627841263
"Riverview Capital Advisers, LLC",0.0,0.3063709839562642,0.45632882743554914,0.0,0.0,0.007141729204643019,0.16255899892232373,0.03237742253576082,0.0,0.0,0.03522203794545905,0.0,0.0,0.0
"Roble, Belko & Company, Inc",0.0,0.14276955311017317,0.34653018854343454,0.0,0.0,0.0,0.5090698749374514,0.0,0.0,0.0,0.0016303834089409187,0.0,0.0,0.0
Rockingstone Advisors LLC,0.0,0.2790810202859257,0.38031041850454345,0.0,0.0,0.0,0.34060856120953087,0.0,0.0,0.0,0.0,0.0,0.0,0.0
"Rooted Wealth Advisors, Inc.",0.0,0.199656422981485,0.44176369536171023,0.0,0.0,0.0,0.35857988165680477,0.0,0.0,0.0,0.0,0.0,0.0,0.0
"Round Table Services, LLC",0.0,0.5939320702602391,0.0,0.0,0.0,0.0,0.4060679297397609,0.0,0.0,0.0,0.0,0.0,0.0,0.0
"Ruedi Wealth Management, Inc.",0.0,0.01623666708883348,0.8353455225217394,0.0,0.0,0.0,0.1484178103894271,0.0,0.0,0.0,0.0,0.0,0.0,0.0
Rye Brook Capital LLC,0.0,0.0,0.0,0.0,0.0,0.0,1.0,0.0,0.0,0.0,0.0,0.0,0.0,0.0
S&CO INC,0.0,0.0768222757752223,0.48069556397914426,0.0,0.0,0.025726747592778446,0.36359006812026845,0.0,0.0,0.04753205189669243,0.00563329263589429,0.0,0.0,0.0
S. MUOIO & CO. LLC,0.0,0.0,0.0,0.0,0.0,0.0,1.0,0.0,0.0,0.0,0.0,0.0,0.0,0.0
SALEM CAPITAL MANAGEMENT INC,0.0,0.0,0.0,0.0,0.0,0.0,1.0,0.0,0.0,0.0,0.0,0.0,0.0,0.0
SAYBROOK CAPITAL /NC,0.0,1.0,0.0,0.0,0.0,0.0,0.0,0.0,0.0,0.0,0.0,0.0,0.0,0.0
SCHAPER BENZ & WISE INVESTMENT COUNSEL INC/WI,0.0,0.0,0.0,0.0,1.0,0.0,0.0,0.0,0.0,0.0,0.0,0.0,0.0,0.0
"SCHOLTZ & COMPANY, LLC",0.0,0.0,0.0,0.0,0.0,0.0,0.0,0.0,0.0,0.0,1.0,0.0,0.0,0.0
SENTINEL TRUST CO LBA,0.0,0.0,0.0,0.0,0.0,1.0,0.0,0.0,0.0,0.0,0.0,0.0,0.0,0.0
SENTRY INVESTMENT MANAGEMENT LLC,0.0,0.23331215643127803,0.33539235086192387,0.0,0.0,0.0,0.31364719623290627,0.08688465533308976,0.0,0.0,0.03076364114080211,0.0,0.0,0.0
SHELL ASSET MANAGEMENT CO,0.0,0.23048909464294834,0.3784218647262987,0.0,0.0,0.0,0.38090126665441826,0.0,0.0,0.0,0.0,0.010187773976334656,0.0,0.0
"SHEPHERD KAPLAN KROCHUK, LLC",0.0,0.0,0.0,0.0,0.0,0.4292204150308469,0.570779584969153,0.0,0.0,0.0,0.0,0.0,0.0,0.0
SHIKIAR ASSET MANAGEMENT INC,0.0,0.572009119452566,0.0,0.0,0.0,0.0,0.33674992130662557,0.0,0.0,0.0,0.0912409592408084,0.0,0.0,0.0
SHUFRO ROSE & CO LLC,0.0,0.0,0.0,1.0,0.0,0.0,0.0,0.0,0.0,0.0,0.0,0.0,0.0,0.0
SILVERLAKE WEALTH MANAGEMENT LLC,0.0,0.03781375008385704,0.3609741556610686,0.0,0.0,0.0463932109794736,0.5425913511993391,0.0,0.0,0.0,0.012227532076261694,0.0,0.0,0.0
"SILVIA MCCOLL WEALTH MANAGEMENT, LLC",0.0,0.038675067839257976,0.6517772988078254,0.0,0.0,0.0,0.2318314047144935,0.0,0.0,0.0,0.0,0.0,0.0,0.07771622863842319
"SIMPLEX TRADING, LLC",0.0,0.36670878745499286,0.43390102935220626,0.0,0.0,0.0,0.19939018319280088,0.0,0.0,0.0,0.0,0.0,0.0,0.0
SIT INVESTMENT ASSOCIATES INC,0.0,0.1007216105166745,0.4068311758075444,0.01844692094236019,0.0,0.0,0.41912201853274167,0.0,0.0,0.0,0.054878274200679325,0.0,0.0,0.0
SMART Wealth LLC,0.0,0.0,0.6768396752869483,0.0,0.0,0.0,0.32316032471305167,0.0,0.0,0.0,0.0,0.0,0.0,0.0
SOMERVILLE KURT F,0.0,0.0,0.0,1.0,0.0,0.0,0.0,0.0,0.0,0.0,0.0,0.0,0.0,0.0
SONATA CAPITAL GROUP INC,0.0,0.3141087780356836,0.302109600560377,0.0,0.0,0.0,0.3643920125328139,0.0,0.0,0.0,0.019389608871125473,0.0,0.0,0.0
SORA INVESTORS LLC,0.0,0.0,0.0,0.0,0.0,1.0,0.0,0.0,0.0,0.0,0.0,0.0,0.0,0.0
SP Asset Management,0.0,0.13514505049686423,0.4193747028691712,0.0,0.0,0.0,0.34233089502137165,0.0,0.0,0.0,0.10314935161259277,0.0,0.0,0.0
SP Asset Management LLC,0.02091727069382714,0.06951457659170046,0.1279909778656443,0.0,0.0,0.6446627389138997,0.10585706742523848,0.0,0.0,0.0,0.021451993559728173,0.0,0.009605374949961701,0.0
"SRN Advisors, LLC",0.241482979406529,0.0,0.1043336114521077,0.0,0.0,0.0,0.36328836868126624,0.2908950404600971,0.0,0.0,0.0,0.0,0.0,0.0
STAR Financial Bank,0.0,0.1500227192755951,0.4314457416270414,0.0,0.0,0.0,0.41853153909736357,0.0,0.0,0.0,0.0,0.0,0.0,0.0
STF Management LP,0.0,0.0,0.0,0.0,0.0,0.0,1.0,0.0,0.0,0.0,0.0,0.0,0.0,0.0
STONEBRIDGE CAPITAL MANAGEMENT INC,0.035090706180402255,0.09629110696568073,0.0,0.0,0.0,0.0,0.8562850788944192,0.0,0.0,0.0,0.0,0.0,0.0,0.01233310795949788
STONERIDGE INVESTMENT PARTNERS LLC,0.0,0.3128107312222732,0.0,0.0,0.0,0.0,0.6871892687777267,0.0,0.0,0.0,0.0,0.0,0.0,0.0
"STRATEGIC CAPITAL ADVISERS, INC.",0.0,0.26796996294168374,0.3372648889810121,0.0,0.0,0.0,0.30307021559830116,0.09169493247900315,0.0,0.0,0.0,0.0,0.0,0.0
"SUMMIT PARTNERS PUBLIC ASSET MANAGEMENT, LLC",0.0,0.0,0.0,0.0,0.0,0.0,0.0,0.0,0.0,0.0,0.0,1.0,0.0,0.0
"SUMMIT WEALTH & RETIREMENT PLANNING, INC.",0.0,0.0,0.0,0.0,0.0,0.0,0.0,1.0,0.0,0.0,0.0,0.0,0.0,0.0
SYCOMORE ASSET MANAGEMENT,0.0,0.0,0.0,0.0,0.0,0.0,1.0,0.0,0.0,0.0,0.0,0.0,0.0,0.0
"Sabadell Asset Management, S.A S.G.I.I.C",0.0,0.29551320280692744,0.30236036657170096,0.0,0.0,0.0,0.40212643062137166,0.0,0.0,0.0,0.0,0.0,0.0,0.0
Sadoff Investment Management LLC,0.0,0.07517078209870372,0.8220000666466727,0.0,0.0,0.0,0.10282915125462362,0.0,0.0,0.0,0.0,0.0,0.0,0.0
"Sage Financial Management Group, Inc.",0.0,0.18211693824455702,0.4677083963582981,0.0,0.0,0.0,0.3501746653971448,0.0,0.0,0.0,0.0,0.0,0.0,0.0
"Sage Private Wealth Group, LLC",0.0,0.0,1.0,0.0,0.0,0.0,0.0,0.0,0.0,0.0,0.0,0.0,0.0,0.0
"Saiph Capital, LLC",0.0,0.24453537235771933,0.4097542608508118,0.0,0.0,0.0,0.2396697087648529,0.0,0.0,0.0,0.10604065802661602,0.0,0.0,0.0
San Luis Wealth Advisors LLC,0.0,0.0,1.0,0.0,0.0,0.0,0.0,0.0,0.0,0.0,0.0,0.0,0.0,0.0
Sara-Bay Financial,0.0,0.0,0.7918258479239584,0.0,0.0,0.0,0.10900065576384609,0.0,0.0,0.09917349631219549,0.0,0.0,0.0,0.0
"Schear Investment Advisers, LLC",0.09245836719222934,0.1487736212458353,0.24913420487784735,0.0,0.0,0.0,0.19103912148299323,0.31859468520109474,0.0,0.0,0.0,0.0,0.0,0.0
Schoolcraft Capital LLC,0.0,0.20898297503165703,0.404942695759488,0.0,0.0,0.0,0.386074329208855,0.0,0.0,0.0,0.0,0.0,0.0,0.0
"Scott & Selber, Inc.",0.03600969205768022,0.24302342519935988,0.0,0.0,0.21287115854220562,0.10673958781856847,0.36723364244277285,0.0,0.0,0.0,0.03412249393941298,0.0,0.0,0.0
Scott Investment Partners LLP,0.0,0.0,0.0,0.0,0.0,0.0,1.0,0.0,0.0,0.0,0.0,0.0,0.0,0.0
Seascape Capital Management,0.0,0.12665590112478942,0.758816908891359,0.0,0.0,0.0,0.1145271899838517,0.0,0.0,0.0,0.0,0.0,0.0,0.0
Security Asset Management,0.0,0.5682317233109754,0.0,0.0,0.0,0.0,0.4317682766890246,0.0,0.0,0.0,0.0,0.0,0.0,0.0
Security National Bank,0.0,0.0,0.0,0.0,0.0,0.0,0.0,0.0,0.0,0.0,1.0,0.0,0.0,0.0
"Seed Wealth Management, Inc.",0.0,0.1859096691233927,0.31323298943917993,0.0,0.0,0.0,0.3592036663441593,0.0,0.0,0.0,0.14165367509326818,0.0,0.0,0.0
Selway Asset Management,0.0,0.0,0.0,0.0,1.0,0.0,0.0,0.0,0.0,0.0,0.0,0.0,0.0,0.0
Semus Wealth Partners LLC,0.0,0.08614090225860738,0.7031531931283468,0.0,0.0,0.0,0.10490444442015817,0.0,0.0,0.0,0.010432855662111688,0.0,0.0,0.09536860453077586
"Sensible Money, LLC",0.0,0.3757828109532804,0.0,0.0,0.0,0.0,0.6242171890467196,0.0,0.0,0.0,0.0,0.0,0.0,0.0
Sharper & Granite LLC,0.0,0.0,0.674060363431996,0.0,0.0,0.2056862017188031,0.12025343484920102,0.0,0.0,0.0,0.0,0.0,0.0,0.0
Shira Ridge Wealth Management,0.0,0.055625733765867144,0.6608149365776468,0.0,0.0,0.0,0.2835593296564862,0.0,0.0,0.0,0.0,0.0,0.0,0.0
Sierra Capital LLC,0.0,0.5536965187191496,0.0,0.0,0.0,0.06249116421433877,0.3308896074704558,0.0,0.0,0.05292270959605593,0.0,0.0,0.0,0.0
Silicon Valley Capital Partners,0.0,0.0,0.0,1.0,0.0,0.0,0.0,0.0,0.0,0.0,0.0,0.0,0.0,0.0
Silicon Valley Community Foundation,0.0,0.0,0.0,0.0,0.0,0.0,0.0,0.0,0.0,1.0,0.0,0.0,0.0,0.0
Silvant Capital Management LLC,0.0,0.0,0.0,1.0,0.0,0.0,0.0,0.0,0.0,0.0,0.0,0.0,0.0,0.0
"Silver Oak Advisory Group, Inc.",0.0,0.0,0.40841447731030683,0.0,0.0,0.0,0.5915855226896932,0.0,0.0,0.0,0.0,0.0,0.0,0.0
"Single Point Partners, LLC",0.0,0.0,0.6723383535927056,0.0,0.0,0.0,0.3276616464072944,0.0,0.0,0.0,0.0,0.0,0.0,0.0
Sippican Capital Advisors,0.0,0.0,0.0,0.0,0.0,1.0,0.0,0.0,0.0,0.0,0.0,0.0,0.0,0.0
"SkyView Investment Advisors, LLC",0.0,0.1957960581322007,0.40322246796193406,0.0,0.0,0.0,0.4009814739058652,0.0,0.0,0.0,0.0,0.0,0.0,0.0
"SlateStone Wealth, LLC",0.0,0.0,0.0,0.0,0.0,0.0,0.0,0.0,0.0,1.0,0.0,0.0,0.0,0.0
"Slocum, Gordon & Co LLP",0.0,0.0,0.0,0.0,0.0,0.0,0.9737922321562198,0.0,0.0,0.0,0.02620776784378017,0.0,0.0,0.0
Smithfield Trust Co,0.0,0.08410365404723474,0.5274698894414418,0.0,0.0,0.0,0.36567592189887116,0.0,0.0,0.007469005535461203,0.007787412576174115,0.0,0.0,0.007494116500817112
Snowden Capital Advisors LLC,0.0,0.0,0.0,1.0,0.0,0.0,0.0,0.0,0.0,0.0,0.0,0.0,0.0,0.0
"Socha Financial Group, LLC",0.0,1.0,0.0,0.0,0.0,0.0,0.0,0.0,0.0,0.0,0.0,0.0,0.0,0.0
Sonnipe Ltd,0.0,0.46481918487689383,0.0,0.0,0.0,0.0,0.5351808151231062,0.0,0.0,0.0,0.0,0.0,0.0,0.0
Sonoma Private Wealth LLC,0.0,0.17202410050234362,0.2674387251290393,0.0,0.0,0.0,0.560537174368617,0.0,0.0,0.0,0.0,0.0,0.0,0.0
"Sound Stewardship, LLC",0.0,0.0,0.060642346155517654,0.0,0.0,0.8497921940015022,0.08956545984298005,0.0,0.0,0.0,0.0,0.0,0.0,0.0
"Sound View Wealth Advisors Group, LLC",0.0,0.0,0.0,0.0,0.0,0.0,0.0,0.0,0.0,1.0,0.0,0.0,0.0,0.0
South Dakota Investment Council,0.0,0.17721830857166448,0.34428281898383795,0.0,0.0,0.0,0.38362246382446336,0.07542663799877515,0.0,0.0,0.0,0.0,0.0,0.019449770621259133
Southland Equity Partners LLC,0.0,0.06755996076521559,0.7536885304934275,0.0,0.0,0.0,0.08465634227863063,0.028827244828056747,0.0,0.0,0.0,0.0,0.0,0.06526792163466945
"Sowa Financial Group, Inc.",0.0,0.03700531136835718,0.7290156480141134,0.0,0.0,0.0,0.2339790406175293,0.0,0.0,0.0,0.0,0.0,0.0,0.0
"Spearhead Capital Advisors, LLC",0.0,0.33164753469085057,0.0,0.0,0.0,0.0,0.3500844748977684,0.008416154420635376,0.0,0.0,0.30985183599074556,0.0,0.0,0.0
"Spectrum Management Group, LLC",0.0,0.17237889658456793,0.4517139277986562,0.0,0.0,0.0,0.3759071756167759,0.0,0.0,0.0,0.0,0.0,0.0,0.0
"State of Alaska, Department of Revenue",0.025634743695521937,0.18347830441331905,0.33146627036869925,0.0,0.0,0.0,0.31331067013010816,0.12034803994187791,0.0,0.0,0.025761971450473643,0.0,0.0,0.0
"Stephens Consulting, LLC",0.0,0.06667643508414815,0.5655093626134714,0.0,0.0,0.0,0.36441480789148095,0.0,0.0,0.0033993944108994894,0.0,0.0,0.0,0.0
"Sterling Financial Group, Inc.",0.0,0.0827845583517705,0.8090280485840259,0.0,0.0,0.0,0.10818739306420365,0.0,0.0,0.0,0.0,0.0,0.0,0.0
"Sterling Investment Advisors, Ltd.",0.0,0.0,0.0,0.0,0.0,0.0,0.0,0.0,0.0,0.0,1.0,0.0,0.0,0.0
Stolper Co,0.0,0.0,0.6378025809707569,0.0,0.0,0.0,0.362197419029243,0.0,0.0,0.0,0.0,0.0,0.0,0.0
Stony Point Wealth Management Inc.,0.0,0.19722666295961633,0.47803572669771316,0.0,0.0,0.0,0.32473761034267046,0.0,0.0,0.0,0.0,0.0,0.0,0.0
Strait & Sound Wealth Management LLC,0.02364893141061941,0.1533883968380318,0.30213821403571184,0.0,0.0,0.03724470781687097,0.26378607588485725,0.12947704497365906,0.0,0.010965447779568451,0.01739080132159336,0.0,0.0,0.061960379939087845
Strategic Advisors LLC,0.0,0.0,1.0,0.0,0.0,0.0,0.0,0.0,0.0,0.0,0.0,0.0,0.0,0.0
"Strategic Wealth Advisors Group, LLC",0.0,0.2227125857745444,0.4442824515173236,0.0,0.0,0.0,0.18177636409514059,0.0,0.0,0.0,0.0187201300165789,0.0,0.0,0.13250846859641247
"Sugarloaf Wealth Management, LLC",0.0,0.0,0.0,0.0,1.0,0.0,0.0,0.0,0.0,0.0,0.0,0.0,0.0,0.0
"Summit Financial, LLC",1.0,0.0,0.0,0.0,0.0,0.0,0.0,0.0,0.0,0.0,0.0,0.0,0.0,0.0
Summit Global Investments,0.0,0.0,0.0,0.0,0.0,0.0,1.0,0.0,0.0,0.0,0.0,0.0,0.0,0.0
"Summit Wealth Partners, LLC",0.0,0.1596223089256157,0.46234962444337074,0.0,0.0,0.0,0.31550096397808236,0.0,0.0,0.0,0.0,0.0,0.0,0.06252710265293128
"Surevest, LLC",0.0,0.20247079413207295,0.3015951754581531,0.0,0.0,0.0,0.16529183573371384,0.0,0.0,0.19194219021714898,0.13870000445891115,0.0,0.0,0.0
Sutton Wealth Advisors Inc.,0.0,0.095433479436764,0.6176188852189535,0.0,0.0,0.05012127957101491,0.21368054060456088,0.0,0.0,0.00839552843222884,0.014750286736477795,0.0,0.0,0.0
Swedbank AB,0.0,0.0,0.0,0.0,0.0,0.10897062464674939,0.0,0.0,0.0,0.0,0.0,0.0,0.0,0.8910293753532506
"Symmetry Partners, LLC",1.0,0.0,0.0,0.0,0.0,0.0,0.0,0.0,0.0,0.0,0.0,0.0,0.0,0.0
"Syntegra Private Wealth Group, LLC",0.03860257286290457,0.1181225107710736,0.5864264735123684,0.0,0.0,0.0,0.25684844285365344,0.0,0.0,0.0,0.0,0.0,0.0,0.0
"T. Rowe Price Investment Management, Inc.",0.0,0.21721214584690007,0.1871580353391563,0.0,0.0,0.07972431984466574,0.4318065789073381,0.0,0.0,0.0,0.0840989200619396,0.0,0.0,0.0
"TAGStone Capital, Inc.",0.0,0.8596250053145505,0.04340924873513697,0.0,0.0,0.062088122333867145,0.03487762361644534,0.0,0.0,0.0,0.0,0.0,0.0,0.0
TANAKA CAPITAL MANAGEMENT INC,0.0,0.4739590008449428,0.0,0.06439021165325215,0.31015259424128244,0.15149819326052247,0.0,0.0,0.0,0.0,0.0,0.0,0.0,0.0
"TCP Asset Management, LLC",0.0,0.0,1.0,0.0,0.0,0.0,0.0,0.0,0.0,0.0,0.0,0.0,0.0,0.0
TEACHER RETIREMENT SYSTEM OF TEXAS,0.0,0.22081579172278012,0.42485923540060394,0.0,0.0,0.0,0.3543249728766159,0.0,0.0,0.0,0.0,0.0,0.0,0.0
TEACHERS RETIREMENT SYSTEM OF THE STATE OF KENTUCKY,0.027277239158556336,0.2215404684847193,0.2711829018075901,0.0,0.0,0.0,0.3044112755020623,0.13243766359593986,0.0,0.0,0.04315045145113193,0.0,0.0,0.0
TEALWOOD ASSET MANAGEMENT INC,0.0,0.0,0.3516212511327983,0.0,0.0,0.0,0.37319300265982674,0.0,0.0,0.27518574620737485,0.0,0.0,0.0,0.0
TEXAS PERMANENT SCHOOL FUND,0.01720673457128179,0.19240438664418294,0.31675343255528693,0.0,0.0,0.0,0.28872409555818773,0.06234137074485656,0.0,0.0,0.03060804641307482,0.0,0.0,0.09196193351312924
TFC Financial Management,0.01042562929061785,0.04908924485125858,0.5800091533180778,0.011615560640732266,0.0,0.0,0.28285583524027463,0.0,0.0,0.0,0.013821510297482837,0.010755148741418764,0.0,0.041427917620137304
"TFC Financial Management, Inc.",0.00443486658768626,0.0,0.6078899216082178,0.0,0.0,0.025212611358733438,0.31397383171345633,0.0,0.0,0.0,0.014380700906018253,0.03350950117296931,0.0005985666529186146,0.0
THOMAS STORY & SON LLC,0.3217867963313053,0.0,0.5270636407915267,0.12754988318624985,0.0,0.0,0.023599679690918248,0.0,0.0,0.0,0.0,0.0,0.0,0.0
"THOROUGHBRED FINANCIAL SERVICES, LLC",0.0,0.20196400616506888,0.46745888609147535,0.0,0.0,0.0,0.2930490663632549,0.0,0.0,0.0,0.037528041380200765,0.0,0.0,0.0
TOBAM,0.0,0.0,0.13290563458954777,0.0,0.0,0.8670943654104522,0.0,0.0,0.0,0.0,0.0,0.0,0.0,0.0
"TOBIAS FINANCIAL ADVISORS, INC.",0.0,0.25123953794082143,0.5906184917070233,0.0,0.0,0.0,0.15814197035215527,0.0,0.0,0.0,0.0,0.0,0.0,0.0
TOWER BRIDGE ADVISORS,0.003876231601467366,0.05814324360990556,0.4318060013195931,0.0,0.0,0.0,0.5061745234690339,0.0,0.0,0.0,0.0,0.0,0.0,0.0
TRAPHAGEN INVESTMENT ADVISORS LLC,0.0,0.08890894854833668,0.7051636746606501,0.0,0.0,0.05037451816835603,0.1555528586226571,0.0,0.0,0.0,0.0,0.0,0.0,0.0
"TRH Financial, LLC",0.0,0.202088189278074,0.4917973115361282,0.0,0.0,0.0,0.30611449918579775,0.0,0.0,0.0,0.0,0.0,0.0,0.0
TRUST CO OF OKLAHOMA,0.02657172585975669,0.0,0.561860772439287,0.0,0.0,0.0,0.41156750170095646,0.0,0.0,0.0,0.0,0.0,0.0,0.0
"TSFG, LLC",0.0027875418625524393,0.3847888048703751,0.42731774079758156,0.0,0.0,0.022269268071150948,0.16283664439834003,0.0,0.0,0.0,0.0,0.0,0.0,0.0
TUCKER ASSET MANAGEMENT LLC,0.0,0.0957259592201908,0.6527398634646265,0.0,0.0,0.0,0.2515341773151827,0.0,0.0,0.0,0.0,0.0,0.0,0.0
"Talbot Financial, LLC",0.0,0.1983234365340007,0.35519763440895974,0.0,0.0,0.0,0.37489182801900806,0.0,0.0,0.0,0.07158710103803144,0.0,0.0,0.0
Tandem Wealth Advisors LLC,0.0,0.23779876174625922,0.36625412768688465,0.0,0.0,0.0,0.3959471105668562,0.0,0.0,0.0,0.0,0.0,0.0,0.0
"Tanglewood Legacy Advisors, LLC",0.0,0.0,0.7069893114251203,0.007025310421412036,0.0,0.0,0.2859853781534676,0.0,0.0,0.0,0.0,0.0,0.0,0.0
"Tarbox Family Office, Inc.",0.1313185824788631,0.0,0.0,0.0,0.0,0.0,0.0,0.0,0.0,0.003417880913833423,0.8652635366073034,0.0,0.0,0.0
"Tatro Capital, LLC",0.0,0.0,0.5549116997792495,0.0,0.0,0.0,0.4450883002207505,0.0,0.0,0.0,0.0,0.0,0.0,0.0
Taylor Wealth Management Partners,0.0,0.15793135162541708,0.4361262197576739,0.0,0.0,0.0,0.4059424286169089,0.0,0.0,0.0,0.0,0.0,0.0,0.0
"Taylor, Cottrill, Erickson & Associates, Inc.",0.0,0.0,0.6215538733099194,0.0,0.0,0.0,0.37844612669008065,0.0,0.0,0.0,0.0,0.0,0.0,0.0
Te Ahumairangi Investment Management Ltd,0.0,0.0630911161051023,0.36201070029691307,0.0,0.0,0.1388597861238882,0.43603839747409634,0.0,0.0,0.0,0.0,0.0,0.0,0.0
Ted Buchan & Co,0.0,0.28882234476961366,0.12025684389029516,0.33538451639170497,0.0,0.0,0.25553629494838626,0.0,0.0,0.0,0.0,0.0,0.0,0.0
"Telemetry Investments, L.L.C.",0.0,0.0,0.0,0.0,0.0,0.0,1.0,0.0,0.0,0.0,0.0,0.0,0.0,0.0
"Templeton & Phillips Capital Management, LLC",0.0,1.0,0.0,0.0,0.0,0.0,0.0,0.0,0.0,0.0,0.0,0.0,0.0,0.0
Think Investments LP,0.0,1.0,0.0,0.0,0.0,0.0,0.0,0.0,0.0,0.0,0.0,0.0,0.0,0.0
Thrivent Financial for Lutherans,0.0,0.26396773605792845,0.29098437128526006,0.0,0.0,0.0,0.3767845980641205,0.0,0.0,0.008699288507751026,0.05956400608494014,0.0,0.0,0.0
"Tillar-Wenstrup Advisors, LLC",0.0,0.0,0.5597058823529412,0.0,0.0,0.0,0.4402941176470588,0.0,0.0,0.0,0.0,0.0,0.0,0.0
Tillman Hartley LLC,0.0,0.22355257732711584,0.2157204790197936,0.0,0.0,0.0,0.5607269436530905,0.0,0.0,0.0,0.0,0.0,0.0,0.0
"TimesSquare Capital Management, LLC",0.0,0.0,0.0,0.0,0.0,0.0,1.0,0.0,0.0,0.0,0.0,0.0,0.0,0.0
Tinicum Inc,0.0,0.0,0.0,0.0,0.0,1.0,0.0,0.0,0.0,0.0,0.0,0.0,0.0,0.0
Titus Wealth Management,0.0,0.4739790591207459,0.0,0.0,0.0,0.0,0.38690793460721246,0.0,0.0,0.0,0.0,0.0,0.0,0.1391130062720416
Torray LLC,0.0,0.528790185722669,0.0,0.0,0.0,0.0,0.4712098142773311,0.0,0.0,0.0,0.0,0.0,0.0,0.0
Tower View Investment Management & Research LLC,0.0,0.23489665742854218,0.2881650706402714,0.0,0.0,0.0,0.2973778701223198,0.17956040180886662,0.0,0.0,0.0,0.0,0.0,0.0
"Transamerica Financial Advisors, Inc.",0.0,0.0,0.0,1.0,0.0,0.0,0.0,0.0,0.0,0.0,0.0,0.0,0.0,0.0
Treasurer of the State of North Carolina,0.0,0.21099895314617187,0.38424041354253646,0.0,0.0,0.0,0.3612797663171369,0.0,0.0,0.009792384032405692,0.03368848296174888,0.0,0.0,0.0
Trellis Wealth Advisors LLC,0.0,0.0,0.23178499245152706,0.0,0.0,0.0,0.7682150075484729,0.0,0.0,0.0,0.0,0.0,0.0,0.0
Trevian Wealth Management LLC,0.0,0.21740199617936776,0.2848155844975469,0.0,0.0,0.11245068064999189,0.3853317386730936,0.0,0.0,0.0,0.0,0.0,0.0,0.0
"Trifecta Capital Advisors, LLC",0.0,0.21141785141115588,0.3184691268756264,0.0,0.0,0.0,0.29198952849931237,0.0,0.0,0.10081120248209657,0.07582330495424884,0.000648732353760793,0.0008402534237991155,0.0
Triple Frond Partners LLC,0.0,0.5115488662373114,0.0,0.0,0.0,0.0,0.4884511337626886,0.0,0.0,0.0,0.0,0.0,0.0,0.0
"Triune Financial Partners, LLC",0.0,0.0,0.0,0.0,0.0,0.0,1.0,0.0,0.0,0.0,0.0,0.0,0.0,0.0
"True Wealth Design, LLC",0.0,0.0,1.0,0.0,0.0,0.0,0.0,0.0,0.0,0.0,0.0,0.0,0.0,0.0
Trust Co of Kansas,0.0,0.47671929454662715,0.0,0.0,0.0,0.0,0.5232807054533728,0.0,0.0,0.0,0.0,0.0,0.0,0.0
Truvvo Partners LLC,0.0,0.0,0.6702439024390244,0.0,0.0,0.0,0.3297560975609756,0.0,0.0,0.0,0.0,0.0,0.0,0.0
"Two Creeks Capital Management, LP",0.0,0.0,0.0,1.0,0.0,0.0,0.0,0.0,0.0,0.0,0.0,0.0,0.0,0.0
"Two Point Capital Management, Inc.",0.0,0.0,0.4123077335692309,0.0,0.0,0.0,0.587692266430769,0.0,0.0,0.0,0.0,0.0,0.0,0.0
UBS ASSET MANAGEMENT AMERICAS INC,0.0,0.19268469605684113,0.3731659741429772,0.0,0.0,0.0,0.3792886590077055,0.0,0.0,0.0,0.05486067079247621,0.0,0.0,0.0
UMB BANK N A/MO,0.0,0.22629552066956937,0.4015053272577525,0.0,0.0,0.0,0.30368378771065585,0.0,0.0,0.0,0.0685153643620223,0.0,0.0,0.0
"UNIQUE WEALTH, LLC",0.0,0.12917552017373016,0.45916835237662434,0.0,0.0,0.0,0.41165612744964547,0.0,0.0,0.0,0.0,0.0,0.0,0.0
US Asset Management LLC,0.0,0.18112518610318643,0.38973126284008025,0.0,0.0,0.10895457834632245,0.320188972710411,0.0,0.0,0.0,0.0,0.0,0.0,0.0
"USAdvisors Wealth Management, LLC",0.0,0.21478805580108373,0.2900734022520272,0.0,0.0,0.0,0.4951385419468891,0.0,0.0,0.0,0.0,0.0,0.0,0.0
"Ulland Investment Advisors, LLC",0.0,0.26933910310270215,0.3761683565299539,0.0,0.0,0.2791256535613379,0.075366886806006,0.0,0.0,0.0,0.0,0.0,0.0,0.0
V2 Financial group LLC,0.0,0.4505375679808136,0.4210437901011746,0.0,0.0,0.0,0.12841864191801175,0.0,0.0,0.0,0.0,0.0,0.0,0.0
VALICENTI ADVISORY SERVICES INC,0.13202294352263721,0.33438200495487347,0.3089003338893158,0.0,0.0,0.0,0.22469471763317345,0.0,0.0,0.0,0.0,0.0,0.0,0.0
VALLEY NATIONAL ADVISERS INC,0.0,0.12076463748138386,0.5212088051607286,0.0,0.0,0.0,0.3580265573578875,0.0,0.0,0.0,0.0,0.0,0.0,0.0
VAN ECK ASSOCIATES CORP,0.42456237742507996,0.16580703655619566,0.0027605413485110096,0.4046345608173586,0.0,0.0,0.0,0.0,0.0022354838528547026,0.0,0.0,0.0,0.0,0.0
VAN LANSCHOT KEMPEN INVESTMENT MANAGEMENT N.V.,0.0,0.0,0.530299901491366,0.0,0.0,0.0,0.0,0.0,0.0,0.0,0.46970009850863403,0.0,0.0,0.0
VAUGHAN DAVID INVESTMENTS LLC/IL,0.0,0.00751666276947815,0.05124201250515619,0.0,0.0,0.006333377538701087,0.932726327654216,0.0,0.0,0.0,0.0,0.0,0.0,0.0021816195324486113
"VESTOR CAPITAL, LLC",0.0,0.0,0.0,0.0,0.0,0.0,1.0,0.0,0.0,0.0,0.0,0.0,0.0,0.0
VGI Partners Ltd,0.0,1.0,0.0,0.0,0.0,0.0,0.0,0.0,0.0,0.0,0.0,0.0,0.0,0.0
"VIAWEALTH, LLC",0.0,0.14005506835999787,0.182775623901202,0.0,0.0,0.0,0.2922169382718481,0.2516622669219528,0.0,0.0,0.047374674723643664,0.024935555133031376,0.0,0.060979872688324166
"VIRIDIAN RIA, LLC",0.0,1.0,0.0,0.0,0.0,0.0,0.0,0.0,0.0,0.0,0.0,0.0,0.0,0.0
Vancity Investment Management Ltd,0.0,0.18430921638842632,0.37128478015258154,0.0,0.0,0.0,0.4444060034589922,0.0,0.0,0.0,0.0,0.0,0.0,0.0
Vanderbilt University,0.0,0.0,0.0,0.0,0.0,0.0,1.0,0.0,0.0,0.0,0.0,0.0,0.0,0.0
"Vantage Investment Partners, LLC",0.0,0.0,0.6395896583868842,0.0,0.0,0.0,0.3604103416131159,0.0,0.0,0.0,0.0,0.0,0.0,0.0
"Vawter Financial, Ltd.",0.0,0.0,1.0,0.0,0.0,0.0,0.0,0.0,0.0,0.0,0.0,0.0,0.0,0.0
"Vertex Planning Partners, LLC",0.0,0.0,0.0,0.0,0.0,0.0,1.0,0.0,0.0,0.0,0.0,0.0,0.0,0.0
Verum Partners LLC,0.0,0.2422288028652625,0.4578436970040792,0.0,0.0,0.0,0.29992750013065844,0.0,0.0,0.0,0.0,0.0,0.0,0.0
Vestcor Inc,0.01599339252451949,0.16840245003765014,0.2866635039459358,0.0,0.0,0.0,0.3257556233072976,0.11912052287606223,0.0,0.0,0.023660137125752857,0.0,0.0,0.06040437018278197
Vienna Powszechne Towarzystwo Emerytalne S.A. Vienna Insurance Group,0.5305494736864345,0.4694505263135656,0.0,0.0,0.0,0.0,0.0,0.0,0.0,0.0,0.0,0.0,0.0,0.0
"Vigilant Capital Management, LLC",0.0,0.24489519246316363,0.2979154486165423,0.18272049710832447,0.0,0.0,0.27430125264815247,0.0,0.0,0.0,0.0,0.0,0.00016760916381708472,0.0
"Violich Capital Management, Inc.",0.0,0.0,0.45502288758824977,0.0,0.0,0.0,0.5403385828621841,0.0,0.0,0.004638529549566278,0.0,0.0,0.0,0.0
"Vishria Bird Financial Group, LLC",0.0,0.2640236205536437,0.3951479164255948,0.0,0.0,0.0,0.25551464158356624,0.0,0.0,0.0,0.0,0.0,0.08531382143719529,0.0
"Vivo Capital, LLC",0.0,0.0,0.0,0.0,0.0,1.0,0.0,0.0,0.0,0.0,0.0,0.0,0.0,0.0
WADE G W & INC,0.0,0.12521415970189628,0.4943052165212848,0.0,0.0,0.05271726000441049,0.32571462298802023,0.0,0.00204874078438832,0.0,0.0,0.0,0.0,0.0
"WARNER FINANCIAL, INC",0.0,0.4955103022528662,0.0,0.0,0.0,0.0,0.5044896977471338,0.0,0.0,0.0,0.0,0.0,0.0,0.0
WATERSHED PRIVATE WEALTH LLC,0.0,0.225277537682168,0.35392187083157406,0.0,0.0,0.0,0.2575459046958194,0.0,0.0,0.0,0.07729152576722971,0.08596316102320889,0.0,0.0
WEDBUSH SECURITIES INC,0.02205383941016753,0.20978195256361218,0.5251755777952776,0.0,0.0,0.0,0.2166626978259952,0.0,0.0,0.0,0.026325932404947485,0.0,0.0,0.0
WELCH CAPITAL PARTNERS LLC/NY,0.0,0.7511238275325289,0.10764426675794024,0.0,0.0,0.0,0.14123190570953098,0.0,0.0,0.0,0.0,0.0,0.0,0.0
WEST PACES ADVISORS INC.,0.0,0.1152032895476827,0.4876747885654267,0.013519801458401096,0.0,0.0,0.32374716149148397,0.04548421536099411,0.0,0.0,0.014370743576011702,0.0,0.0,0.0
WESTWOOD MANAGEMENT CORP /IL/,0.0,0.4707977861264169,0.0,0.0,0.0,0.0,0.526236293666033,0.0,0.0,0.0,0.0,0.0,0.0,0.00296592020755018
WFA Asset Management Corp,0.0,0.14957995315612205,0.8136175149547078,0.0,0.0,0.002955203412293181,0.03384732847687705,0.0,0.0,0.0,0.0,0.0,0.0,0.0
"WHITENER CAPITAL MANAGEMENT, INC.",0.0,0.0,0.0,0.0,0.0,0.0,0.0,0.0,0.0,0.0,1.0,0.0,0.0,0.0
WINSLOW ASSET MANAGEMENT INC,0.0,0.4312536185933666,0.0,0.0,0.0,0.0,0.5687463814066334,0.0,0.0,0.0,0.0,0.0,0.0,0.0
WINTRUST INVESTMENTS LLC,0.0,0.0,0.0,0.0,0.0,0.0,1.0,0.0,0.0,0.0,0.0,0.0,0.0,0.0
"WORLD EQUITY GROUP, INC.",0.0,0.0,0.9485982316586882,0.011445100296280706,0.0,0.0,0.0,0.0,0.0,0.0,0.03995666804503097,0.0,0.0,0.0
WPWealth LLP,0.0,0.0,0.8063747630449498,0.0,0.0,0.0,0.1936252369550502,0.0,0.0,0.0,0.0,0.0,0.0,0.0
"WR Wealth Planners, LLC",0.0,0.0,0.0,0.0,0.0,0.46219267240128514,0.537807327598715,0.0,0.0,0.0,0.0,0.0,0.0,0.0
"WSFS CAPITAL MANAGEMENT, LLC",0.0,0.18526811824273515,0.5384812481548942,0.0,0.0,0.0,0.2762506336023707,0.0,0.0,0.0,0.0,0.0,0.0,0.0
WT Wealth Management,0.0,0.0,0.0,0.0,0.0,0.0,0.0,0.0,0.0,0.0,1.0,0.0,0.0,0.0
"Walker Financial Services, Inc.",0.0,0.0,0.13651194249800916,0.0,0.0,0.0,0.8634880575019909,0.0,0.0,0.0,0.0,0.0,0.0,0.0
"Wallace Advisory Group, LLC",0.0,0.0,0.5598577604899617,0.0,0.0,0.0,0.0,0.2498192844484148,0.0,0.0,0.19032295506162347,0.0,0.0,0.0
"Wallington Asset Management, LLC",0.0,0.16812422164606022,0.2565613188646113,0.0,0.0,0.11980034773749111,0.3392400347799668,0.0,0.0,0.11627407697187044,0.0,0.0,0.0,0.0
"Warren Averett Asset Management, LLC",0.0,0.09898184042798909,0.6445118639623949,0.0,0.0,0.0,0.19574757633075518,0.060758719278860854,0.0,0.0,0.0,0.0,0.0,0.0
Waycross Investment Management Co,0.0,0.0,0.4242780259801284,0.0,0.0,0.0,0.5757219740198715,0.0,0.0,0.0,0.0,0.0,0.0,0.0
"Wayfinding Financial, LLC",0.0,0.042433023423721274,0.2767358726554704,0.0,0.0,0.0,0.6667267929399439,0.0,0.0,0.0,0.01410431098086453,0.0,0.0,0.0
"We Are One Seven, LLC",0.011455270629717556,0.3226787451055135,0.0,0.03100518808562163,0.0,0.0,0.5000742756720548,0.13478652050709264,0.0,0.0,0.0,0.0,0.0,0.0
WealthBridge Investment Counsel Inc.,0.0,1.0,0.0,0.0,0.0,0.0,0.0,0.0,0.0,0.0,0.0,0.0,0.0,0.0
Wedmont Private Capital,0.0,0.0,0.0,1.0,0.0,0.0,0.0,0.0,0.0,0.0,0.0,0.0,0.0,0.0
"Weinberger Asset Management, Inc",0.0,0.0,0.3726907966028183,0.0,0.0,0.3711536973520262,0.0,0.0,0.0,0.0,0.0,0.2561555060451554,0.0,0.0
"Weitzel Financial Services, Inc.",0.0,0.0,0.0,0.0,0.0,0.0,0.0,0.0,0.0,0.0,0.0,0.0,0.0,1.0
Werba Rubin Papier Wealth Management,0.0,0.08996271885471667,0.6675396731913666,0.0,0.0,0.06539176744179805,0.11706310747669062,0.0,0.0,0.0,0.06004273303542796,0.0,0.0,0.0
"Werlinich Asset Management, LLC",0.18145673712095528,0.02523605084535689,0.10260714352206578,0.0,0.0,0.0,0.18307606008816166,0.5076240084234604,0.0,0.0,0.0,0.0,0.0,0.0
Wesleyan Assurance Society,0.0,0.0,0.3801862948405981,0.0,0.0,0.0,0.6198137051594019,0.0,0.0,0.0,0.0,0.0,0.0,0.0
"Westbourne Investment Advisors, Inc.",0.0,0.0,0.40953693252285533,0.0,0.0,0.23958911035034458,0.3508739571268001,0.0,0.0,0.0,0.0,0.0,0.0,0.0
Western Financial Corp/CA,0.0,0.0,0.652623993945636,0.0,0.0,0.0,0.34737600605436403,0.0,0.0,0.0,0.0,0.0,0.0,0.0
"Westmount Partners, LLC",0.007668680820175857,0.1058680417073775,0.6387990319939293,0.0,0.0,0.0,0.24766424547851748,0.0,0.0,0.0,0.0,0.0,0.0,0.0
"Westside Investment Management, Inc.",0.0,0.0,1.0,0.0,0.0,0.0,0.0,0.0,0.0,0.0,0.0,0.0,0.0,0.0
"Wharton Business Group, LLC",0.0,0.01927522755059009,0.8999028104421689,0.0,0.0,0.009831001853421204,0.07099096015381988,0.0,0.0,0.0,0.0,0.0,0.0,0.0
"Whetstone Capital Advisors, LLC",0.0,1.0,0.0,0.0,0.0,0.0,0.0,0.0,0.0,0.0,0.0,0.0,0.0,0.0
"Whitaker-Myers Wealth Managers, LTD.",0.0,0.0,1.0,0.0,0.0,0.0,0.0,0.0,0.0,0.0,0.0,0.0,0.0,0.0
White Pine Investment CO,0.0,0.0,0.3215219426011421,0.0,0.0,0.25180620261018627,0.4266718547886717,0.0,0.0,0.0,0.0,0.0,0.0,0.0
William Allan Corp,0.0,0.1795005328547738,0.5267902222963228,0.0,0.0,0.0,0.2937092448489035,0.0,0.0,0.0,0.0,0.0,0.0,0.0
"Windle Wealth, LLC",0.0,0.10334488978475262,0.41925230746753034,0.0,0.0,0.0,0.4322722043905302,0.0,0.0,0.0451305983571866,0.0,0.0,0.0,0.0
"Windsor Advisory Group, LLC",0.0,0.0,0.6925394952330598,0.0,0.0,0.0,0.30746050476694026,0.0,0.0,0.0,0.0,0.0,0.0,0.0
Windsor Group LTD,0.0,0.18838864100529445,0.4463465716181234,0.0,0.0,0.0,0.34195361180128264,0.0,0.0,0.0,0.02331117557529952,0.0,0.0,0.0
"Winfield Associates, Inc.",0.03126688022109164,0.3082792717614651,0.29360862113829894,0.0,0.05017452241872818,0.0,0.24282932694464632,0.03882742469514657,0.0,0.0,0.03501395282062325,0.0,0.0,0.0
Wolff Financial Management LLC,0.0,0.0472038134513366,0.4481660392174563,0.0,0.0,0.21559811288266956,0.2890320344485377,0.0,0.0,0.0,0.0,0.0,0.0,0.0
"Worth Financial Advisory Group, LLC",0.0,0.30299400555112727,0.34187494530783563,0.0,0.0,0.0,0.3229357722818407,0.0,0.0,0.0,0.032195276859196355,0.0,0.0,0.0
"X-Square Capital, LLC",0.16638525095490003,0.1651447590018163,0.14420055082758002,0.0,0.0,0.3514071950275773,0.09668369923728705,0.0,0.0,0.0,0.0,0.07617854495083946,0.0,0.0
ZEVIN ASSET MANAGEMENT LLC,0.0,0.45563150853651485,0.0,0.0,0.0,0.0,0.5443684914634851,0.0,0.0,0.0,0.0,0.0,0.0,0.0
waypoint wealth counsel,0.0,0.16310342925275417,0.45314942715695306,0.0,0.0,0.0,0.38374714359029266,0.0,0.0,0.0,0.0,0.0,0.0,0.0
