FILINGMANAGER_NAME,2020Q1,2020Q2,2020Q3,2020Q4,2021Q1,2021Q2,2021Q3,2021Q4,2022Q1,2022Q2,2022Q3,2022Q4,2023Q1,2023Q2,2023Q3,2023Q4,2024Q1,2024Q2,2024Q3,2024Q4
" CALDWELL SUTTER CAPITAL, INC.",,,,,,,,,,,,,,,,,,inf,1.15,-30.14
 NEUBERGER BERMAN GROUP LLC,,,,,,,,,,,,,,,,inf,40.36,140.32,-51.04,-66.07
" ONCE CAPITAL MANAGEMENT, LLC",,,,,,,,,,,,,,,,,,inf,9.81,-14.78
&PARTNERS,,,,,,,,,,,,,,,,,inf,58.78,171.49,23.65
"1248 Management, LLC",,,,,,,,,,,,,,,,,,,,inf
1492 Capital Management LLC,,,,,,,,,,,,,,inf,-100.0,inf,24.24,-0.14,1.28,-24.88
"1620 INVESTMENT ADVISORS, INC.",,,,,,,,,,,,,,,,,,,,inf
"17 CAPITAL PARTNERS, LLC",,,,,,,,,,,,,,,,,inf,-2.03,26.02,-100.0
1776 WEALTH LLC,,inf,-100.0,,,,,,,,,,,,,,,,,
"180 WEALTH ADVISORS, LLC",,,,,inf,33.33,4.81,10.09,15.17,-25.9,-17.77,101616.15,20.21,2.62,-11.01,-2.98,42.35,13.95,-13.17,-26.93
1832 Asset Management L.P.,,-100.0,,inf,-70.01,150.51,-91.23,2517.06,-85.02,-53.58,48.06,142724.76,-42.87,-0.12,-81.69,44.13,108.88,8.86,28.12,-97.36
1834 INVESTMENT ADVISORS CO,,,,,,,,,,,,inf,106.89,-4.1,-16.29,29.69,-32.52,-14.98,-28.82,-26.38
"1858 WEALTH MANAGEMENT, LLC",,,,,,,,,,,,,,,,inf,0.0,40.1,4.8,-46.07
1ST SOURCE BANK,,,,,,,,,,,,,,inf,-2.25,46.68,37.2,-5.82,1.15,54.1
"20/20 Capital Management, Inc.",,62.53,-3.38,9.73,-11.63,24.61,-100.0,,,,,,,,,,,,,
25 LLC,,,,,,,,,,,,,inf,77.34,-100.0,,,,,
"360 Financial, Inc.",,,,,,,inf,55.98,-36.81,-100.0,,,,,,inf,22.44,-10.13,6.18,-100.0
"4WEALTH ADVISORS, INC.",,,,,,,,,,,,,,,,,,,,inf
"55I, LLC",,,,,,,inf,-100.0,,inf,82.03,-100.0,,,,,,,,
"9258 Wealth Management, LLC",,135.5,-15.21,15.33,-4.24,18.91,17.89,3.16,-18.08,-7.11,-21.34,97032.94,37.1,5.1,-10.83,632.98,-62.99,-6.09,6.57,-100.0
"A.R.T. Advisors, LLC",,,,,inf,-100.0,,,,,,,,,,,,,,
AAFMAA Wealth Management & Trust LLC,,,,inf,20.23,20.12,-14.16,-27.85,59.2,-65.18,-7.81,85621.69,-6.18,-34.85,-5.26,60.56,-33.63,-4.11,24.44,-20.98
ABEILLE ASSET MANAGEMENT SA,,,,,,,,,,,,inf,-100.0,,,,,,,
"ABLE Financial Group, LLC",,,,,,,,,,,,,,,,,,,inf,-100.0
"ABLES, IANNONE, MOORE & ASSOCIATES, INC.",,,,,,,,,,,,,,,,inf,-100.0,,,
ABNER HERRMAN & BROCK LLC,,inf,57.43,15.42,-8.38,15.75,8.57,36.91,-24.65,-100.0,,,,inf,-7.25,35.93,20.59,-5.92,-0.39,-25.44
ACG Wealth,,inf,55.78,11.79,8.59,65.29,12.95,17.34,-77.91,-86.62,-100.0,,,,,,,,,
ACORN CREEK CAPITAL LLC,,,,,,,,,,,,,,,,inf,23.1,22.86,1.21,-26.31
ACORN FINANCIAL ADVISORY SERVICES INC /ADV,,,,inf,-22.57,-29.0,9.15,-8.75,-19.59,-35.53,-17.32,108805.71,-0.11,241.29,10.83,-27.89,3.69,-11.03,-13.69,-27.41
"ADAGE CAPITAL PARTNERS GP, L.L.C.",,1.12,52.71,-48.19,-12.4,17.67,8.61,50.69,94.17,-29.83,-20.97,102462.17,41.9,-100.0,inf,52.8,22.09,-9.57,-3.61,-28.58
"ADAMS DIVERSIFIED EQUITY FUND, INC.",,,,,,,,,,,inf,102127.93,51.32,16.22,118.57,43.37,-6.24,6.61,-100.0,
ADAMSBROWN WEALTH CONSULTANTS LLC,,,,,,,,inf,-7.55,-13.95,2.77,101439.62,62.57,23.15,-8.9,56.41,21.91,-7.73,2.72,-24.79
ADAPT Investment Managers SA,,,,,,,,,,,,,,,,,,,,inf
"ADE, LLC",,,,inf,-16.67,20.0,0.0,-100.0,,,,,,,,,,,,
ADELL HARRIMAN & CARPENTER INC,,,,,,,,,,,,,,,inf,237.21,142.76,5.8,19.66,-47.52
ADIRONDACK TRUST CO,,64.29,8.7,16.0,713.79,21.19,31.82,20.95,19.52,-18.9,-10.63,102592.41,50.77,20.28,-10.96,85.05,-11.12,-10.17,2.58,-25.42
"ADVANCED RESEARCH INVESTMENT SOLUTIONS, LLC",,15.68,-99.84,11.76,-13.16,18.18,109397.44,-99.86,-23.73,-28.89,-18.75,-100.0,,,,,,,,
ADVENT CAPITAL MANAGEMENT /DE/,,-100.0,,,inf,32.95,-34.28,-30.06,11.39,-100.0,,,,,inf,-100.0,,inf,-100.0,
"ADVISOR GROUP HOLDINGS, INC.",,,,,,,,,,,,inf,49.81,-100.0,,,,,,
ADVISOR PARTNERS LLC,,123.24,47.76,34.57,-1.46,-46.43,7.74,46.85,2.47,-12.91,-100.0,,,,,,,,,
ADVISORS MANAGEMENT GROUP INC /ADV,,,,,,,,,inf,86.09,4.89,2.76,-100.0,inf,8.84,42.9,22.24,-33.68,22.83,-22.41
ADVISORY RESEARCH INC,,-8.54,-100.0,,,,,,,,,,,inf,-26.05,-100.0,,,,
"ADVISORY SERVICES NETWORK, LLC",,,,,,,,,,,,,,inf,-100.0,,,,,
AE Wealth Management LLC,,292.93,101.77,39.17,-24.74,102.33,17.69,40.41,4.8,-17.54,-9.3,88491.36,93.04,-2.17,21.21,57.04,-79.85,22.89,7.89,-20.43
AEGON ASSET MANAGEMENT UK Plc,,,,,,,,,inf,-24.66,1.06,160.23,-24.35,6.44,-100.0,inf,112.51,22.45,1.8,-30.64
AFFINITY WEALTH MANAGEMENT LLC,,15.45,11.62,-20.19,-11.46,-100.0,,,,,,,,,,,,,,
AFG FIDUCIARY SERVICES LIMITED PARTNERSHIP,,,,,,,,inf,-10.31,-10.25,0.35,118151.07,28.66,18.99,-7.9,25.79,1.68,2.91,8.85,-16.78
"AFS Financial Group, LLC",,,,,,,,,,,,inf,49.47,7.84,-16.06,-51.59,-100.0,,,
"AFT, FORSYTH & COMPANY, INC.",,,,inf,-14.36,19.71,4.42,23.06,32.89,-40.58,-22.52,85153.44,43.6,-100.0,,inf,22.44,-10.13,1.15,-100.0
AGF INVESTMENTS INC.,,27.3,49.29,20.01,-40.41,24.36,8.93,37.4,-25.78,-30.0,-100.0,,,,,,,,,
AGF Investments LLC,,,inf,2530.0,-31.94,16.2,3.37,14.42,6.91,-77.95,-100.0,,,,,,,,,
AGF MANAGEMENT LTD,,,,,,,,,,,,inf,44.06,-100.0,inf,151.33,-65.78,-28.42,-100.0,
"AGP FRANKLIN, LLC",,,,,,,,,,,,,,,,,,,,inf
AI-Squared Management Ltd,,,,,,,,,,,,,,,,,,inf,78.67,-100.0
"AIGEN INVESTMENT MANAGEMENT, LP",,-100.0,inf,-100.0,,inf,-100.0,inf,-100.0,,,,,,,,,,,
"AJO, LP",,-3.73,144.48,-100.0,,,,,,,,,,,,,,,,
"AJOVista, LLC",,,,,,,,,,,,,,,,inf,22.44,-10.13,-100.0,
AKUNA SECURITIES LLC,,,,,,,,,,inf,-100.0,,,,,,,,,
ALBION FINANCIAL GROUP /UT,,,,,,inf,60.0,-12.5,1542.86,-96.52,-25.0,-100.0,,inf,13.3,13.65,204.88,-10.13,17.34,-26.38
ALGERT GLOBAL LLC,,-6.61,144.39,-13.22,-8.45,21.73,2.17,17.12,-21.99,-100.0,,,,,,,,,,
ALKEON CAPITAL MANAGEMENT LLC,,,,,,,inf,-100.0,inf,-7.23,-16.99,101556.59,51.0,-100.0,,,,,,
ALLSTATE CORP,,30.39,38.44,11.68,-6.99,10.35,-0.08,406.66,-39.35,-38.19,-11.89,102086.21,-87.39,16.32,-9.74,35.2,19.29,-9.44,-72.92,2391.39
ALLSTATE INVESTMENT MANAGEMENT CO,,,,,,,,,,,,inf,-100.0,,,,,,,
"ALPHASIMPLEX GROUP, LLC",,inf,9.58,-100.0,,,,,,,,,,,,,,,,
"ALPINE WOODS CAPITAL INVESTORS, LLC",,3.41,61.2,20.32,4.82,56.62,9.56,39.31,-4.85,0.57,-74.23,-65.29,553.12,61.52,-5.46,137232.01,-59.13,6.53,-27.9,-22.49
"ALTERNA WEALTH MANAGEMENT, INC",,,,,,,,,inf,-100.0,,,,,,,,inf,-100.0,
ALTFEST L J & CO INC,,,,,,,,,,,,,,inf,-8.19,53.74,-47.21,-100.0,inf,-100.0
AM INVESTMENT STRATEGIES LLC,,,,,,,,inf,-24.04,-100.0,,,,,,inf,33.22,-19.2,5.25,-33.14
AM Squared Ltd,,,,,,,,,,,,inf,46.02,-100.0,,,,,,
AMALGAMATED BANK,,-48.23,51.35,14.23,-18.17,364.22,4.97,214.73,7.61,-65.57,-16.21,2.92,50.62,12.35,-10.52,36.86,5.45,-10.44,-0.89,-27.98
AMERICAN INTERNATIONAL GROUP INC,,15.5,50.8,-100.0,,,,,,,,,,,,,,,,
"AMERICAN INTERNATIONAL GROUP, INC.",,,,inf,-18.44,16.9,118.49,-29.85,-2.52,-30.1,-18.88,95659.26,51.85,15.18,-7.69,46.32,-100.0,,,
AMERICAN NATIONAL BANK,,,,inf,22.73,40.74,28.95,24.49,57.38,-27.08,-40.0,57.14,174387.88,16.22,-7.12,19.29,16.36,-4.21,-100.0,
AMERICAN NATIONAL BANK & TRUST,,,,,,,,,,,,,,,,,,,inf,-29.61
AMERICAN NATIONAL INSURANCE CO,,,inf,11.97,-14.4,19.43,9.43,-74.47,-100.0,,,,,,,,,,,
"AMERIFLEX GROUP, INC.",,,,,,,,,,,,,,,,,,,,inf
AMF Tjanstepension AB,,,,,,,,,,,,,,,,inf,-18.49,18.03,102.31,-63.73
AMG National Trust Bank,,,,,,inf,9.5,40.18,-24.1,-100.0,,,,,,,inf,-100.0,,
AMJ Financial Wealth Management,,inf,26.86,13.83,-13.62,-10.96,27.55,48.41,-16.01,-100.0,,,,,,,inf,-100.0,,
AMP Capital Investors Ltd,,,,,inf,-100.0,,,,,,,,,,,,,,
AMUNDI PIONEER ASSET MANAGEMENT INC,,-100.0,,,,,,,,,,,,,,,,,,
AMUSSEN HUNSAKER ASSOCIATES LLC,,,,inf,9.11,37.14,82.37,46.57,-54.2,-39.66,-37.31,100349.13,29.93,13.83,-14.75,29.27,-100.0,,,
ANDERSON FISHER LLC,,4.64,43.79,-2.16,-100.0,,,,,,,,,,,,,,,
"ANGELES WEALTH MANAGEMENT, LLC",,,,,,,,,inf,-39.11,0.0,116426.61,62.43,2.94,-10.82,55.51,34.42,-13.9,-2.51,-35.98
"ANGLEPOINT ASSET MANAGEMENT, LTD.",,,inf,259.39,-59.91,-100.0,,,,,,,,,,,,,,
APPALOOSA LP,,,,,,,,,,,,,,inf,-11.1,26.67,-0.71,-24.46,-16.2,-22.17
"APPLETON GROUP, LLC",,,,,,inf,9.59,27.35,-25.26,-100.0,,inf,32.02,-100.0,,,,,,
APPLETON PARTNERS INC/MA,,,,,,,inf,53.85,-18.44,-100.0,,,,,,inf,-16.26,-100.0,,inf
ARCADIA INVESTMENT MANAGEMENT CORP/MI,,,,,,,,,,inf,-20.0,697800.0,51.32,12.36,-9.74,43.37,22.44,-10.13,1.15,-30.8
ARDSLEY ADVISORY PARTNERS LP,,-100.0,inf,173.85,101.59,42.67,-26.99,-67.43,-100.0,,inf,-100.0,,,,inf,-60.81,-38.89,-100.0,
"ARGI Investment Services, LLC",,,,,,,,inf,8.8,22.79,-21.56,-100.0,,,,,,,,
"ARGONAUTICA PRIVATE WEALTH MANAGEMENT, INC",,,,,,,,,,,,inf,51.32,14.04,-9.74,42.29,22.44,-0.73,1.48,-26.45
ARK Investment Management LLC,,,,,,,,,inf,-9.09,-100.0,,inf,46.63,2.09,67.32,-25.23,12.11,235.46,13.11
"ARMISTICE CAPITAL, LLC",,,,,,,,,inf,-7.89,-7.94,-100.0,,,,,,,,
"ARMSTRONG ADVISORY GROUP, INC",,,,,,,,,,,,inf,48.25,14.39,-11.18,43.96,0.0,1.52,7.31,-31.95
ARMSTRONG HENRY H ASSOCIATES INC,,,,,,,,,,,,,,,,,inf,0.0,-100.0,
"ARS Investment Partners, LLC",,inf,65.75,0.24,-4.5,7.2,9.72,24.68,-58.71,17.21,-100.0,,,inf,-8.86,46.09,22.07,-10.13,11.68,-26.38
ARVEST TRUST CO N A,,,,,,,,,,,,,,,,,inf,-100.0,,
"ASAHI LIFE ASSET MANAGEMENT CO., LTD.",,,,inf,-100.0,,,inf,524.59,-75.46,89.3,-100.0,,inf,-100.0,,inf,35.66,-100.0,inf
"ASB Consultores, LLC",,,,,,,,,,,,,,inf,-100.0,,inf,-29.45,-27.66,-100.0
"ASHTON THOMAS SECURITIES, LLC",,,,,,,,,,,,,,,,,,,inf,-100.0
"ASPIRIANT, LLC",,,,,,,inf,42.18,-24.64,-28.57,-100.0,,,,,,,,,
ASSET MANAGEMENT CORP /IL/ /ADV,,,,,,,,,inf,54.84,-2.34,95172.27,29.37,-100.0,,,,,,
"ASSETMARK, INC",,inf,166.67,62.5,-17.95,43.75,619.57,1547.13,40.26,-3.41,-8.54,-100.0,,,inf,32.59,30.27,8.54,33.21,-32.5
"ATALANTA SOSNOFF CAPITAL, LLC",,,inf,2.85,-8.06,-57.43,65.9,70.82,21.07,-45.51,18.43,225645.86,-67.78,-39.33,-13.65,64.59,7.53,-35.33,7.82,-100.0
ATLAS CAPITAL ADVISORS INC.,,,,,,,,,,,,,,,,,,,,inf
ATLAS CAPITAL ADVISORS LLC,,inf,-100.0,inf,4.72,-75.3,9.55,185.88,-20.07,-45.03,-78.31,-61.16,51.32,16.22,-9.73,43.36,22.44,-10.12,1.15,-100.0
ATRIA INVESTMENTS LLC,,761.06,2.07,-59.74,-57.61,182.95,56.09,16.53,-26.04,-36.99,-17.41,-100.0,,,,,,,,
"ATTICUS WEALTH MANAGEMENT, LLC",,-14.52,56.6,109.64,-7.18,30.03,20.48,-42.29,-64.04,-55.24,0.0,83548.94,42.35,16.22,90.26,-31.98,-31.17,-9.85,8.38,-25.53
ATWOOD & PALMER INC,,,,inf,-100.0,inf,118.75,-30.0,-24.49,-29.73,-100.0,,,,inf,-56.99,22.46,479.02,18.59,-100.0
"AVAII WEALTH MANAGEMENT, LLC",,,,,,,,,,inf,-100.0,,,,,,,,,
AVALON CAPITAL MANAGEMENT,,,,,,,,,,,,,,,,inf,22.44,-9.85,1.15,-26.38
"AVANTAX ADVISORY SERVICES, INC.",,-47.07,535.73,-57.06,25.46,36.28,35.07,21.28,-3.48,8.79,-15.57,106072.1,48.29,30.3,-1.52,47.74,26.57,23.7,0.39,-19.88
AVISO WEALTH MANAGEMENT,,,,,,,,,,,,,,,,inf,31.23,-1.3,0.67,-66.82
AXIOM INTERNATIONAL INVESTORS LLC /DE,,,,inf,-100.0,,,,,,,,,,,,,,,
AXIOM INVESTORS LLC /DE,,,,,inf,164.49,-51.4,22.02,-41.81,-63.77,-51.16,102413.01,92.75,-99.41,35.85,-4.9,45.62,-29.75,-67.19,-100.0
"AXQ CAPITAL, LP",,,,,,,,,,,,inf,-100.0,,inf,-100.0,inf,58.03,-32.62,-100.0
AXS Investments LLC,,,,,inf,55.65,-100.0,inf,-70.67,147.23,0.0,111227.39,43.76,54.77,-16.53,37.65,72.16,-54.78,10.41,-20.41
"AXXCESS WEALTH MANAGEMENT, LLC",,,,,,,,inf,-18.88,-53.27,-19.26,88857.95,-9.17,229.59,33.26,82.34,22.26,15.13,-9.67,-21.87
AZZAD ASSET MANAGEMENT INC /ADV,,-100.0,inf,15.0,-28.65,-68.84,8.98,37.18,42.48,-23.71,-17.62,0.62,-22.68,20.82,-26.87,44.89,34.41,-15.68,5.67,-20.01
Aaron Wealth Advisors,,,,inf,-17.0,-100.0,,,,,,,,,,,,,,
Aaron Wealth Advisors LLC,,,,,,inf,10.37,32.58,742.97,-91.78,-13.2,100293.54,63.27,16.0,-17.11,54.56,50.94,-15.86,10.71,-32.8
"Abacus Planning Group, Inc.",,,,,,,,,inf,-100.0,,,inf,-100.0,,inf,20.42,-2.76,22.16,-33.19
"Abacus Wealth Partners, LLC",,,,,,,,,inf,-30.06,-17.14,-13.5,36.12,26.79,-9.74,167.81,-41.42,-10.91,4.67,-24.83
"Abbot Financial Management, Inc.",,,,,,,,,,,,,inf,13.61,15.18,54.14,22.16,3.51,16.02,-6.23
"Abbrea Capital, LLC",,20.97,-31.67,218.54,-8.73,-39.93,115.92,54.46,-48.16,-43.46,0.29,92164.96,-99.8,29.1,4.08,63.25,42.13,-22.34,-100.0,
"Abel Hall, LLC",,,,,,,,,,,,,,,,inf,23.65,-2.36,5.83,-34.24
Aberdeen Wealth Management LLC,,,,,,,,,,,,,,,,,,,inf,-100.0
Abich Financial Wealth Management LLC,,,,,,,,,,,,,,,,inf,-29.01,81.4,-27.35,-100.0
Able Wealth Management LLC,,,,,,,,,,,,,,,,inf,55.84,-100.0,,
Abound Wealth Management,,,,,,,,,inf,-100.0,inf,-42.29,43.27,-8.54,-12.66,46.06,-20.61,-14.46,18.15,-35.74
"Absolute Capital Management, LLC",,,,,,,,inf,-100.0,,inf,-100.0,,,,,,,,
Absolute Gestao de Investimentos Ltda.,,,,,,,,,,,,,,,,,,inf,12.05,-100.0
Abundance Wealth Counselors,,,,,inf,-100.0,,,,inf,-13.19,96.92,-14.29,-100.0,inf,50.9,21.86,-24.53,8.82,-18.6
Accel Wealth Management,,,,inf,18.72,37.69,-11.73,75.0,-24.95,-27.71,-16.67,79826.0,58.43,17.3,-16.79,42.09,24.7,-10.16,2.75,-27.46
Accordant Advisory Group Inc,,,,,,,,,,,,,,,,,inf,-100.0,,
Accredited Investors Inc.,,,,,,,,inf,-14.02,-100.0,,,inf,15.96,-9.33,49.72,19.84,-0.98,98.75,-62.32
"Accredited Wealth Management, LLC",,,,,,,,,,,,,,,,,,,,inf
"Accretive Wealth Partners, LLC",,,,inf,-100.0,,,,,,,,,,,,,,,
"Accurate Wealth Management, LLC",,,,,,inf,-6.59,6.55,14.47,-100.0,inf,57001.73,57.26,-3.0,-12.85,33.19,14.55,21.66,-8.39,-25.2
Accuvest Global Advisors,,,,,,,,inf,91.69,-100.0,,,,,,,,,,
"Acorn Wealth Advisors, LLC",,,,,,,,,,,,,,,,,,,inf,-100.0
"Acorns Advisers, LLC",,,,,,,,,,,,,,,,,inf,51.55,36.06,-0.21
"Acropolis Investment Management, LLC",,,,,,,inf,48.57,-16.35,-28.74,-18.55,103210.89,47.09,18.08,-13.2,15.35,52.28,21.63,101.1,-68.35
Activest Wealth Management,,,,,inf,150.0,-40.0,283.33,278.26,129.89,-100.0,,inf,96.82,-44.12,-100.0,inf,29.03,-2.44,48.48
Adalta Capital Management LLC,,,inf,35.25,-14.63,10.9,-1.97,23.5,-100.0,,,,,,,,,inf,1.15,-33.79
Adams Wealth Management,,inf,37.18,8.72,-8.02,27.73,7.8,45.02,-19.81,-11.28,1.54,152116.41,49.93,26.71,0.68,44.25,15.66,17.96,11.1,-3.63
Addison Advisors LLC,,,,,,,,inf,66.67,-66.67,20.0,-100.0,,,,,inf,-32.59,-49.42,-26.37
Addison Capital Co,,,,,,,,,inf,-25.48,-20.23,2.5,17.07,2.08,-100.0,,,,,
"Adero Partners, LLC",,,,,,,,,,,,,,inf,-8.17,32.13,22.74,-7.14,2.91,-26.28
Advanced Asset Management Advisors Inc,,,,,,,,,,,,inf,-100.0,,,,,,,
"Advanced Portfolio Management, LLC",,,,,,,,,,,,,,,,,inf,230.26,-85.25,-100.0
"Advisor OS, LLC",,,,,,,,inf,-100.0,,,,,inf,-0.98,189.67,10.7,-12.9,8.57,-47.65
Advisor Resource Council,,,,,,inf,-75.56,116.22,-48.56,2.82,15.11,106473.36,-18.56,-100.0,,inf,-65.64,-100.0,inf,-100.0
"AdvisorNet Financial, Inc",,30.58,34.2,13.57,19.76,46.23,-0.56,40.06,16.8,-25.26,-11.91,37060.6,70.36,15.45,-2.27,45.81,35.27,-8.23,20.08,-12.9
AdvisorShares Investments LLC,,,inf,31.95,-7.04,-100.0,inf,41.04,-69.89,-100.0,,,,,,,,,,
"Advisors Asset Management, Inc.",,5.71,24.36,14.45,-7.79,56.0,23.78,45.7,-20.47,-37.1,-30.38,91948.65,43.22,0.25,-17.68,6.37,-6.06,-26.01,-13.06,-22.64
"Advisors Capital Management, LLC",,,,inf,-100.0,,inf,26.96,-1.6,-36.89,1809.56,-16.63,54.11,-5.47,-100.0,inf,21.58,-15.16,3.6,74231.99
"Advisory Alpha, LLC",,,inf,-100.0,,,,inf,32.32,-26.72,-7.64,101778.95,59.28,174.04,-38.94,-11.89,23.32,-3.39,11.19,-19.25
Advisory Resource Group,,,,,,,,inf,10.0,-9.09,14.17,135050.36,28.45,-2.93,11.42,31.56,7.9,-1.7,20.69,-9.83
"Advisory Services Network, LLC",,18.92,187.83,3.05,-48.04,18.39,79.22,27.01,-45.44,-3.34,-29.42,91026.56,63.54,-100.0,inf,36.67,36.68,-10.89,0.0,-15.01
"Affiance Financial, LLC",,,,,,,,,,,,inf,-100.0,,,,,,,
"Aft, Forsyth & Sober, LLC",,,,inf,84.93,19.72,9.57,39.87,-24.07,-30.0,-17.19,102168.42,51.32,16.22,-9.74,43.36,22.44,-10.13,1.15,-26.38
Ahrens Investment Partners LLC,,-10.29,26.61,0.36,-14.08,41.18,23.81,29.33,-22.49,-21.58,-100.0,,inf,-100.0,,,,,,
"Aigen Investment Management, LP",,,,,,,,,,inf,286.42,-100.0,,inf,-100.0,inf,270.93,-61.81,-100.0,
Alaethes Wealth LLC,,,,,,,inf,50.41,-9.13,-16.95,-11.49,112650.87,69.32,7.86,-5.76,41.58,17.66,-9.64,1.15,-25.84
"Alamar Capital Management, LLC",,,,,,,,,,,inf,102254.59,51.32,16.22,-9.74,43.37,-100.0,inf,1.15,-100.0
Albar Capital Ltd,,,,,,,,,,,,inf,19.98,-100.0,inf,269.63,-100.0,,,
Alberta Investment Management Corp,,inf,-100.0,,,,inf,205.45,-63.73,-52.62,-100.0,,inf,205.5,-86.67,43.37,22.44,-95.43,-100.0,
Alecta Tjanstepension Omsesidigt,,,,,,,,,,,,,,,,,,,,inf
"Alera Investment Advisors, LLC",,,,,,,,,,,,,,,,,inf,714.43,-14.99,-100.0
Aletheian Wealth Advisors LLC,,,,,,,,,,,,,,inf,-100.0,,inf,-67.23,-65.05,-100.0
"Alexis Investment Partners, LLC",,,,,,,,,,,,,,,,,,,,inf
Alight Capital Management LP,,275.98,19.89,-32.88,-28.68,378.65,-45.23,-30.08,-62.0,-65.03,-100.0,,inf,59.81,64.12,-64.16,213.45,-43.12,24.87,-100.0
"Aljian Capital Management, LLC",,,,,,,,,,,,,,,,,,inf,121.76,-17.52
"All Terrain Financial Advisors, LLC",,,,,,,,,inf,-3.79,-17.27,102274.73,51.32,18.92,-9.74,43.37,-21.93,-10.13,1.33,28.44
AllSquare Wealth Management LLC,,22.38,-15.49,8.73,-12.52,20.55,-17.2,37.5,-17.65,-21.59,-23.6,84960.98,51.32,27.81,-26.39,43.14,25.26,-7.74,-1.09,-32.71
Allegheny Financial Group LTD,,,,,,,,inf,-100.0,,,,,,,,,,,
"Allegiant Private Advisors, LLC",,,,inf,-14.37,19.77,-100.0,,,,,,,,,,,,,
"Allen Capital Group, LLC",,,,,,,,,,,,,,inf,-100.0,inf,23.28,-26.11,37.57,-100.0
"Alliance Wealth Advisors, LLC",,,,,,,,,,,,,,,,inf,1.72,-6.38,21.41,-14.63
"Allied Investment Advisors, LLC",,,,,,,,,,,,,,,,,inf,-100.0,,
"Allred Capital Management, LLC",,-100.0,,,inf,-100.0,,,,,,,,,,inf,113.29,3.19,8.65,-35.55
Allworth Financial LP,,5.45,-68.97,150.0,8.89,159.18,56.69,120.6,497.95,-30.13,59.11,53786.94,61.06,52.76,-25.42,57.06,1.5,-0.84,30.48,-14.2
"Almanack Investment Partners, LLC.",,,,,,,inf,37.51,-19.51,-27.49,-37.5,95435.65,43.6,124.0,-55.09,40.58,25.22,75.22,-50.89,-27.44
"Alpha Cubed Investments, LLC",,1.01,49.67,21.16,-16.73,19.21,7.96,40.14,6.85,-21.19,-5.23,982864.26,100.68,-83.45,-16.35,1226.41,-73.12,29.43,-5.79,-57.69
Alpha DNA Investment Management LLC,,,,inf,-91.03,814.43,-100.0,,,,,,,,,,,,,
Alpha Omega Wealth Management LLC,,,,,,,,,inf,-35.88,-17.36,99613.17,51.32,16.22,-9.74,43.37,22.44,-10.13,2.18,-26.38
"Alpha Paradigm Partners, LLC",,,,inf,16383.52,213.78,-31.59,-33.75,123.44,-17.76,-99.88,36734.73,-100.0,,,,,,,
Alpha Square Group S LLC,,,,,,,,,,,,,,,,inf,-12.54,-100.0,,
"Alpha Square Group S, LLC",,,,,,,,inf,54.93,-73.34,-100.0,,,,inf,-100.0,,,,
AlphaCore Capital LLC,,-100.0,,,,,,,,,,,,,,,,inf,-40.3,-31.84
AlphaCrest Capital Management LLC,,-56.61,43.6,-28.02,1323.13,-61.14,-70.64,-29.79,15.0,426.46,-26.26,-100.0,,,,,,,,
"AlphaMark Advisors, LLC",,,,,inf,166.67,12.5,44.44,-23.08,-30.0,157.14,-16.67,53.33,13.04,0.0,-3.85,100.0,-28.0,-66.67,-25.0
"AlphaStar Capital Management, LLC",,,,inf,35.15,-67.12,-100.0,,,,,inf,-100.0,,inf,717.56,-61.19,16.7,4.57,-100.0
Alphadyne Asset Management LP,,,,,,,,,,,,,,inf,616.71,-100.0,,,,
"Alphastar Capital Management, LLC",,,,,,,inf,9.35,-6.96,36.64,-21.7,-100.0,,,,,,,,
Alpine Bank Wealth Management,,,,,,,,,,,,,,,,,,,inf,-100.0
"Alpine Global Management, LLC",,inf,-100.0,,,,,,,,,,,,,,inf,38.65,-100.0,
Alpine Investment Management Ltd,,,,,,,,,,,,,,,inf,-100.0,inf,124.68,-100.0,
Alta Advisers Ltd,,,,,,,,,,,inf,2.15,-100.0,,,,,,,
"Alta Park Capital, LP",,,,,,,,,,,,,,,inf,-100.0,inf,-100.0,,
Alta Wealth Advisors LLC,,,,inf,-11.15,19.8,12.53,39.97,-25.33,-30.01,-19.49,98657.99,48.61,14.45,-11.28,42.07,16.13,-9.78,-59.03,-23.43
Alteri Wealth LLC,,,,,,,,,,,,,,,,,,,,inf
"Alterity Financial Group, LLC",,,,,inf,-100.0,,inf,-100.0,inf,-13.85,81372.67,65.05,7.71,4.13,38.9,-100.0,,,
"Alternative Investment Advisors, LLC.",,,,,,,,,,,,,,,inf,35.73,-15.74,-11.68,-1.4,-100.0
Altium Wealth Management LLC,,,inf,45.89,0.0,14.17,21.26,51.75,52.68,5.75,-100.0,,,,,,,,,
"Altman Advisors, Inc.",,11.98,39.43,12.35,-73.49,45.62,11.26,-2.89,-7.94,-8.86,-33.71,105016.25,-36.12,-100.0,inf,38.76,-28.4,-100.0,inf,-24.29
Altus Wealth Group LLC,,,,inf,-100.0,,,,,,,,,,,,inf,-5.06,11.81,-100.0
"Alyeska Investment Group, L.P.",,,,,,,inf,-100.0,,,,inf,-90.24,-100.0,inf,65.59,10697.69,-100.0,,
Amalgamated Financial Corp.,,,,,,,,,inf,-100.0,,,,,,,,,,
"Ambassador Advisors, LLC",,-53.0,89.87,-100.0,inf,14.81,153.46,33.09,36.75,-20.88,88.26,41821.13,-19.53,-2.28,8.71,-100.0,,,,
Ameliora Wealth Management Ltd.,,,,,,,,,,,inf,138073.33,2405.34,9.2,-9.74,50.02,59.11,-11.55,5.86,-23.14
"American Assets Investment Management, LLC",,,,,,,,,,,inf,102114.62,51.32,16.22,-9.74,43.37,22.44,-10.13,1.15,-26.38
"American Capital Advisory, LLC",,,,,,,,,,,,,,,,,,,inf,-27.39
"American Financial Advisors, LLC",,,,,,,,inf,-100.0,,,,,,,inf,25.9,-10.4,20.46,-26.38
"American Investment Services, Inc.",,,,,,,,,,,,,,,,,inf,-10.13,-1.24,0.0
"American Money Management, LLC",,,,,,,,,,,,,,,,,,,inf,-100.0
American Portfolios Advisors,,329.84,142.33,-42.26,-4.99,36.69,9.83,20.96,-16.71,-30.33,-13.53,-100.0,,,,,,,,
American Research & Management Co.,,,,,,,,,,,inf,-100.0,,,,,,,,
American Trust,,,,,,,,,,,,,,,,,inf,27.11,-1.58,-26.38
"Americana Partners, LLC",,,,,,,inf,80.07,-19.47,-35.55,-100.0,,inf,205.15,31.49,49.07,23.56,-3.73,15.15,-56.42
"Ameritas Advisory Services, LLC",,,,,,,,inf,-32.58,-32.76,-17.09,86570.08,64.01,-40.57,20.93,154.02,-5.72,10.56,-27.36,-29.82
"Ameritas Investment Company, LLC",,93.72,0.0,165.23,11368.16,-99.62,56.95,-100.0,,,,,,,,,,,,
"Ameritas Investment Partners, Inc.",,,inf,10.0,-18.18,-22.22,14.29,37.5,-27.27,-25.0,-100.0,inf,14.58,8.29,-16.86,36.91,18.96,-10.19,-6.46,-16.96
Amitell Capital Pte Ltd,,,,,,,,,,,,inf,468.15,-100.0,,,,,,
"Amplius Wealth Advisors, LLC",,,,,,,,inf,-20.62,-100.0,,,,,,,,,,
Analog Century Management LP,,,,inf,-99.88,60.78,26.55,37.36,-7.78,-59.05,-16.05,126355.19,175.52,-3.74,7.29,4.46,16.06,54.4,55.48,-37.12
Anatole Investment Management Ltd,,,,,,,,,,,,,,,,inf,-100.0,,,
"Anchor Investment Management, LLC",,,,,inf,-90.71,-100.0,inf,-24.91,16.81,83.78,-20.64,57.4,109.55,4.55,58.39,23.01,-8.68,31.13,-24.34
Ancora Advisors LLC,,,,,,,,,,,,,,,,inf,33.76,20.32,-0.81,-44.53
"Ancora Advisors, LLC",,15.52,35.32,16.91,-8.18,19.52,-44.27,40.62,39.85,-56.6,8.73,-1.11,260820.73,16.57,-26.76,-100.0,,,,
Andar Capital Management HK Ltd,,,,inf,-59.08,-70.08,-100.0,inf,112.75,-43.8,-71.46,82346.54,51.32,104.55,-38.46,138.95,46.93,-32.15,36.23,-19.63
Andra AP-fonden,,52.82,45.0,-14.67,-13.15,25.24,9.66,37.77,-100.0,inf,-12.02,-28.46,89124.92,4.63,-100.0,,,inf,-100.0,inf
"Andrew Hill Investment Advisors, Inc.",,,,,,,,inf,-100.0,,,,,,,,,,,
"Angeles Investment Advisors, LLC",,,,,,,inf,45.7,-100.0,,,,,,,,inf,46.06,2.68,-31.3
AnglePoint Asset Management Ltd,,,,,,,,,,,,,,,,inf,-100.0,,,
"Annapolis Financial Services, LLC",,,,,inf,-100.0,,,inf,-100.0,,inf,-100.0,,,inf,-100.0,,inf,-100.0
"Annex Advisory Services, LLC",,,,,,,,inf,7.33,-25.16,-100.0,,,,inf,-100.0,inf,19.02,17.0,-25.74
"Annis Gardner Whiting Capital Advisors, LLC",,,,,,,,,,,,,,,inf,60.22,36.66,2.27,2.13,-23.13
Antonetti Capital Management LLC,,,,,,,inf,41.79,-100.0,inf,-100.0,inf,26.13,-65.1,-69.88,-100.0,,,,
"Apella Capital, LLC",,,,,,,,,inf,-100.0,,,,inf,29.17,16.73,61.86,4.78,-0.68,-22.68
"Aperio Group, LLC",,18.56,67.7,13.89,-100.0,,,,,,,,,,,,,,,
"Aperture Investors, LLC",,,inf,-100.0,,,,,,,,,,inf,-100.0,,,,,
"Apexium Financial, LP",,,,,,,,,,,inf,105538.63,51.32,16.22,-9.81,43.76,25.64,-9.95,-2.61,-20.63
"Apollon Financial, LLC",,,,,,,,,,,,,,,,inf,43.84,-6.43,8.3,-40.98
"Apollon Wealth Management, LLC",,92.86,77.55,-52.02,228.53,38.54,6.51,57.4,-8.87,-22.98,-18.57,112769.28,50.17,32.15,-11.85,167.11,29.62,-0.85,4.69,-32.36
Appian Way Asset Management LP,,,,,,,,,,,,,,,,,inf,-100.0,,
Applied Capital LLC,,,,,inf,19.62,9.65,36.51,58.54,-100.0,,,,,,,,,,
Apriem Advisors,,61.88,19.81,17.86,-17.07,34.88,9.35,28.03,-5.75,-26.64,-13.26,98428.89,48.26,1.61,1.97,44.62,15.26,3.65,-6.7,-25.64
"Aprio Wealth Management, LLC",,,,,,,,,,,,,,,,inf,105.24,-23.22,2.26,-29.6
"Aptus Capital Advisors, LLC",,,,inf,-100.0,,,inf,892.77,261.73,-71.49,94651.2,-58.99,-26.63,93.32,39.66,416.61,8.15,-53.19,138.0
Aquatic Capital Management LLC,,,,,,,,inf,59.72,1100.43,282.54,-100.0,,,inf,-100.0,inf,-79.01,-100.0,inf
"Aquire Wealth Advisors, LLC",,,,,,,,inf,-100.0,,,,,,,,,,,
Arabesque Asset Management Ltd,,,,,,inf,251.63,-44.29,160.71,-55.64,5.86,44339.79,-100.0,,,,,,,
"Aragon Global Management, LP",,,,,,,,,,,,,,,,inf,194.5,-100.0,,
Arbor Wealth Advisors LLC,,,,,,,,,,,,,,,,,,,inf,-100.0
Archer Investment Corp,,191400.0,55.84,43.2,316.97,-15.13,-81.22,-43.25,6446.96,-35.6,-16.6,126.72,-32.96,57.39,-25.22,44.41,9.47,-10.13,1.34,-100.0
"Archford Capital Strategies, LLC",,15.76,62.62,19.33,-12.24,13.08,-23.52,-7.23,90.94,-22.87,-66.54,-100.0,inf,123.05,42.23,42.97,27.43,7.93,6.67,1.67
Arden Trust Co,,-100.0,,,,,,,,,,,,,,,,,,
Ardevora Asset Management LLP,,,,,,,,,inf,-25.27,-100.0,,,,inf,-48.23,-100.0,,,
Ardmore Road Asset Management LP,,,,,,,,,,,,,,,,inf,-100.0,,inf,-100.0
"Arete Wealth Advisors, LLC",,,,,inf,-100.0,,inf,-100.0,,,inf,64.86,-100.0,112629.82,48.35,-100.0,inf,21.16,-40.53
Argent Trust Co,,,,,,inf,30.09,53.06,105.33,-23.95,-11.57,85116.09,58.3,15.14,-1.85,43.66,26.88,-9.34,24.96,-7.91
"Argentarii, LLC",,,,,,,,,,,,,,,,,,,,inf
Ariose Capital Management Ltd,,-100.0,,,,,,,,,,,,,,inf,-100.0,,,
Ariston Services Group,,,,,,,,,,,,,,,,,,,inf,-100.0
Arizona State Retirement System,,67.09,102.03,6.37,-14.35,19.81,9.37,37.11,2.6,-30.08,-18.62,101976.42,51.45,21.45,-10.56,48.41,20.3,-9.17,0.04,-25.42
Arkadios Wealth Advisors,,2452.31,20.69,-99.82,2175.51,45.74,-3.75,-15.28,-27.4,-34.62,-16.69,114429.58,67.67,13.13,-9.02,37.89,46.44,24.48,-12.97,-6.05
"Arlington Capital Management, Inc.",,,,,,,,,,,,,inf,12.07,-9.74,43.37,26.22,-9.53,3.83,-34.68
Arlington Partners LLC,,,,,,,inf,233.33,12.0,-43.3,-17.32,102091.43,69.44,7.64,-100.0,inf,-100.0,,,
Arlington Trust Co LLC,,,,,,,,,,,,,,,,inf,17.23,-10.13,1.15,-25.93
Arrow Financial Corp,,,,,,,,,,,,,,,,,,,inf,-100.0
ArrowMark Colorado Holdings LLC,,-23.2,-11.62,-0.17,-8.21,50.57,16.4,17.52,-24.02,-25.17,-9.4,159793.57,43.05,-7.96,-22.25,17.85,-24.26,-17.62,15.87,-26.38
"Arrowroot Family Office, LLC",,,,,,,,,,,,,,,,,,,,inf
Artemis Investment Management LLP,,-50.0,365.52,43.94,-87.03,-100.0,inf,-100.0,inf,525.2,-80.57,98395.43,795.5,-48.28,-48.09,109.67,65.39,20.03,-67.21,-27.42
Artisan Partners Limited Partnership,,-24.04,76.36,0.05,-5.8,20.2,0.68,45.52,-24.31,-25.56,-13.41,108526.99,29.87,-17.31,-9.6,53.51,-18.3,-18.24,19.07,-31.3
"Ascendant Capital Management, LLC",,,,inf,-6.86,84.37,-23.12,1.41,-100.0,inf,-17.12,102060.88,66.45,-100.0,,,,,,
"Ascent Group, LLC",,,,,,,,inf,-42.68,-32.19,-46.94,113032.12,57.08,0.45,2.86,60.7,71.52,-1.87,-45.49,-99.61
Ashburton (Jersey) Ltd,,,,,,,,,,,,inf,2204.76,189.19,0.0,95.43,-100.0,inf,-0.14,-24.22
"Ashfield Capital Partners, LLC",,,,,,,,,inf,-29.26,-17.14,-100.0,,,,,,,,
"Ashton Thomas Private Wealth, LLC",,inf,55.84,12.17,-14.4,22.9,16.02,40.81,-12.79,14.65,-45.42,-22.38,76.64,17.14,43.39,112.05,44.35,-2.88,13.94,-26.95
"Asio Capital, LLC",,,,,,,,,inf,-5.22,32.68,90850.28,70.58,14.81,-9.55,42.5,-16.85,-10.25,-24.03,-24.02
"Aspect Partners, LLC",,,,,,,,,,,,,,,,inf,24.28,-7.47,16.64,-35.55
"Aspen Grove Capital, LLC",,,,,,,,,,,,,,,,,inf,-11.54,2.28,-100.0
Aspen Investment Management Inc,,,inf,76.14,-100.0,,inf,162.89,-100.0,,,,,inf,-9.62,43.67,22.22,-100.0,,
Aspex Management (HK) Ltd,,,,,,,,,,,,,,inf,55.17,77.1,-100.0,,,
Aspire Growth Partners LLC,,,,,,,,,,,,,,,,,,,,inf
Assenagon Asset Management S.A.,,-66.82,1323.03,-40.73,5.97,55.46,5.41,-8.63,212.0,94.19,-40.84,19.47,70902.75,103.73,-8.83,-5.53,151.76,15.92,43.79,-25.34
"Asset Dedication, LLC",,16.0,65.52,11.81,165.22,88.29,10.2,82.96,-26.65,-24.56,-8.47,5.24,122.92,21.81,-7.37,34.7,-11.92,90298.45,-29.5,-69.03
"Asset Management Resources, LLC",,,,,,,,,inf,-31.11,-100.0,,inf,9.53,-29.42,-32.76,-100.0,,,
"Asset Planning,Inc",,,,,,,,,,,,,,,,,,,,inf
"AssuredPartners Investment Advisors, LLC",,,,,,,,,,,,,,,,,,,,inf
Aster Capital Management (DIFC) Ltd,,,,,,,,,,,,,,,,,,,inf,1994.06
Astoria Portfolio Advisors LLC.,,,,,,,,,,,,,,,,inf,8.16,1.42,11.0,-27.19
Atala Financial Inc,,,,,,,,,,,,,,,,,,,,inf
Atika Capital Management LLC,,,,,,,,,,,,,inf,-100.0,,inf,-73.31,-100.0,inf,-100.0
"Atlantic Edge Private Wealth Management, LLC",,,,,,,,,,,,,,,,inf,22.44,-10.13,8921.45,-47.15
"Atlas Brown,Inc.",,,,,,inf,9.45,40.91,-15.81,-100.0,,,inf,-100.0,,,inf,-9.26,40.78,-18.29
"Atlas Legacy Advisors, LLC",,,,,,,,,,,,,,,,,,,,inf
Atlas Private Wealth Advisors,,inf,-47.55,19.42,-51.81,32.5,9.43,-100.0,,,,inf,-100.0,inf,-6.97,57.94,-48.39,79.75,1.15,-55.82
Atlas Private Wealth Management,,15.87,54.79,12.39,70.08,-100.0,,,,,,,,,,,,,,
"Atlas Private Wealth Management, LLC",,,,,,,,,,,,,,,,,inf,-100.0,,
Atom Investors LP,,,inf,-100.0,inf,30.97,14.59,-66.68,-100.0,inf,-100.0,,inf,-83.94,291.32,38.84,-67.54,-12.04,33.55,-23.13
"Atomi Financial Group, Inc.",,,,,,,,,,,,,,inf,465.84,-40.76,47.36,-19.62,-12.34,35.19
AtonRa Partners,,,,inf,-17.41,129.13,-41.37,7.36,-36.99,-47.79,-11.76,80999.52,-20.38,-7.13,-35.52,29.25,-100.0,,,
"Atreides Management, LP",,,,,inf,-61.07,-100.0,,,,inf,83321.6,191.96,-73.55,93.44,-19.85,-34.92,-8.09,149.32,-44.81
"Atria Investments, Inc",,,,,,,,,,,,inf,120.25,-4.1,-11.54,53.31,42.28,-22.17,-23.23,-45.99
"Audent Global Asset Management, LLC",,,,,,,,inf,-36.92,-28.02,-15.84,48502.12,25.48,48.27,8.56,-8.46,30.73,-20.59,-50.77,-100.0
Aufman Associates Inc,,,,,,,,,,,,,,,,,,,inf,-100.0
"Aurora Investment Managers, LLC.",,,,,,,,,,,,,,,inf,-100.0,,inf,1.71,-27.76
"Aurora Private Wealth, Inc.",,,,,,,,,,inf,-100.0,,,,,,,,,
"Ausdal Financial Partners, Inc.",,-0.37,41.04,-10.05,-12.35,7.05,26.33,14.14,-13.26,766.92,-91.12,112329.64,40.67,13.1,-8.11,56.48,10.56,-0.32,14.29,-4.15
"Austin Private Wealth, LLC",,,,,,,,,,,,,inf,2.24,41.91,128.36,49.54,69.06,26.9,-60.21
"Austin Wealth Management, LLC",,,,,,,,,,,,,,,,inf,-100.0,,,
AustralianSuper Pty Ltd,,,,,,,,,inf,19.89,-100.0,,,inf,-9.51,43.37,-93.75,-25.3,17.25,-26.38
"Authentikos Wealth Advisory, LLC",,,,,,,,,,,,,,,inf,39.25,22.21,-11.27,-20.47,-100.0
"Autumn Glory Partners, LLC",,,,,,,,,,,,,,,,,,inf,-100.0,
"Auxano Advisors, LLC",,,,,,,,,,,,,,,,,inf,-4.37,-12.39,-4.82
Avala Global LP,,,,,,,,,,,,inf,58.57,78.54,14.08,120.21,-17.64,-17.79,-31.68,-100.0
Avalon Global Asset Management LLC,,,,,,,,,,inf,57.4,18.38,51.31,16.85,6.59,48.86,8.89,35.03,-32.34,-26.38
Avalon Investment & Advisory,,2.89,49.74,12.9,-15.15,27.36,7.2,29.95,-21.52,-30.61,-57.79,0.02,167121.46,-100.0,,,,,,
Avalon Trust Co,,,,,,,,,,,,,inf,16.2,-9.73,43.37,22.44,-10.13,102.27,1529.88
"Avantax Planning Partners, Inc.",,,,,,,,inf,128.45,20.41,-11.94,102371.43,32.23,14.7,-8.01,39.66,29.06,-14.36,-32.05,-8.57
Avanza Fonder AB,,,,,,,,,,,,,,,,,,,,inf
"Aveo Capital Partners, LLC",,,,,,,,,,,,,,,,,inf,-17.49,0.65,-31.51
"Avestar Capital, LLC",,inf,-5.07,97.57,152.09,436.65,-64.49,46.29,-86.54,145.71,-10.89,41420.4,64.42,5.04,2.27,107.15,46.75,-0.6,15.1,-20.28
"Aviance Capital Partners, LLC",,,,,inf,-100.0,inf,36.81,-79.62,122.78,-0.99,-100.0,,inf,209.27,-100.0,inf,1112.38,95.29,-100.0
"Avidian Wealth Enterprises, LLC",,,,,,,,,,,,,,,,,,,inf,-55.86
"Avidian Wealth Solutions, LLC",,,,,inf,34.99,-100.0,inf,-27.3,-100.0,,inf,74.99,13.96,-24.53,36.49,75.69,4.93,-100.0,
Avion Wealth,,,,inf,140.0,-62.5,-100.0,inf,0.0,300.0,-25.0,0.0,-83.33,600.0,42.86,70.0,41.18,0.0,0.0,-29.17
"Avior Wealth Management, LLC",,,,,,,,,,,,,,,inf,44.77,40.68,-10.68,-5.81,23.25
Aviso Financial Inc.,,,,,,,,,,,,,,,,,,,inf,-97.69
Avitas Wealth Management LLC,,13.41,64.53,16.84,-13.2,83.76,8.31,44.79,-44.87,-31.58,-16.63,94586.56,87.6,14.41,10.94,125.29,21.58,-5.6,-2.84,-27.72
Avondale Wealth Management,,0.0,60.0,12.5,3655.56,-66.57,8.85,40.65,-45.66,237.23,-32.18,213038.6,44.9,9.36,20.71,32.44,7.36,24.62,23.6,-53.6
Aware Super Pty Ltd as trustee of Aware Super,,,,,,,,,,,,,,,,,,,,inf
Axim Planning & Wealth,,,,,,,,,,inf,13.79,-100.0,,,,,,,,
"Axiom Advisory, LLC",,,,,,,,,,,,,,,,,,inf,1283.09,-100.0
Axiom Investment Management LLC,,17.54,66.06,36.84,104.34,-35.51,-65.47,-44.63,-100.0,,inf,-100.0,,,,,,,,
Azimuth Capital Investment Management LLC,,,,,,,,,,,,,,,,inf,3873.74,-7.61,3.56,-28.85
B & T Capital Management DBA Alpha Capital Management,,30.4,151.69,23.88,-11.89,18.2,13.93,198.33,-25.94,-29.86,-12.2,132132.7,0.0,0.0,36.06,2.01,-0.0,-88.52,-7.5,-33.27
B. Metzler seel. Sohn & Co. AG,,,,,,,,,,,,,,,,,inf,-15.86,29.06,-100.0
B. Metzler seel. Sohn & Co. Holding AG,,,,,,,,,,,,,,,,,,,inf,-100.0
"B. Riley Wealth Advisors, Inc.",,,,,,,,,,,,inf,-12.88,146.83,-55.94,36.66,-26.82,23.64,2.99,-37.45
"B. Riley Wealth Management, Inc.",,-100.0,inf,138.01,-19.81,20.13,39.1,-7.26,-34.5,1090.86,-100.0,,,,,,,,,
"B.O.S.S. Retirement Advisors, LLC",,,,,,,,,,,,inf,53.76,-85.18,-100.0,inf,-100.0,inf,13.48,-100.0
BAHL & GAYNOR INC,,,,,,,,,inf,-32.29,-20.92,102179.84,51.2,13.62,-8.57,41.97,22.32,-10.49,2.64,-26.39
"BAILARD, INC.",,,inf,-100.0,,,,inf,63.3,227.2,16.18,122254.03,363.89,16.24,-15.8,32.76,9.35,-21.34,-2.49,-24.02
BAILLIE GIFFORD & CO,,,,,,,,,,,,,inf,65.1,-9.58,40.28,7.5,-15.19,-35.79,-31.98
BAINCO INTERNATIONAL INVESTORS,,,inf,115.46,-100.0,,,,,,,,,,,,,,,
"BAKER TILLY WEALTH MANAGEMENT, LLC",,,,,,,,inf,-32.7,-100.0,,,inf,46.71,-100.0,,,,,
BALASA DINVERNO & FOLTZ LLC,,91.67,56.42,6.51,-10.31,13.7,13.55,45.46,-12.85,-35.26,-24.25,-100.0,,,,,,,,
BALDWIN BROTHERS INC/MA,,15.31,56.19,11.61,-12.18,19.65,-100.0,,,,,,,,,,,,,
BALDWIN BROTHERS LLC/MA,,,,,,,inf,5308.33,-24.04,-30.02,-17.1,104279.37,51.32,10.95,-9.74,43.37,86.05,11.65,-100.0,
BALDWIN WEALTH PARTNERS LLC/MA,,,,,,,,,,,,,,,,,,,inf,-62.14
BANK OF NOVA SCOTIA,,-100.0,inf,-61.75,-4.24,243.15,51.7,9.17,-98.39,12590.8,-94.67,355892.07,-28.47,85.57,103.53,34.01,6.43,109.87,-12.16,40.92
BANK OF STOCKTON,,,,,,inf,12.96,55.94,-31.14,-50.57,-100.0,,,inf,-100.0,inf,6.77,-37.43,-6.05,-31.5
BANK OF THE WEST,,,,,inf,30.1,64.44,11.05,-9.72,-23.87,-25.07,88074.47,-100.0,,,,,,,
BANK PICTET & CIE (ASIA) LTD,,,,,,,inf,-13.52,-23.98,-30.14,82753.23,20.48,51.32,16.22,-37.49,46.29,39.21,40.3,-100.0,
BANQUE PICTET & CIE SA,,,,,,inf,6334.62,283.53,-49.88,-2.92,81393.41,10.03,67.67,-11.04,142.29,-6.67,-33.0,15.85,3.02,-31.11
BARCLAYS PLC,,-58.61,225.1,21.91,17.21,15.23,19.4,214.92,-63.11,-23.95,-3.24,71.28,28.64,69.36,-59.61,163.84,9.28,-4.38,70.04,-48.86
BARINGS LLC,,100.0,1372.41,-100.0,,,,inf,-100.0,,,,,,,,,,,
BAROMETER CAPITAL MANAGEMENT INC.,,,,,,,,,,,,,inf,-64.38,-100.0,,,,,
"BARON SILVER STEVENS FINANCIAL ADVISORS, LLC",,,,,,,,,,,,,,,,,inf,-100.0,,
"BARRETT & COMPANY, INC.",,,,,,,,,,,inf,0.0,51.33,16.24,-9.73,43.33,9793.89,-10.13,1.15,-66.29
BARTLETT & CO. WEALTH MANAGEMENT LLC,,-100.0,,inf,-14.39,19.61,44.63,-100.0,inf,-29.86,-17.33,2.03,49.48,16.22,-10.0,44.99,27.5,-4.39,-3.07,-26.38
"BASSETT HARGROVE INVESTMENT COUNSEL, LLC",,,,,,,,,,,inf,112.1,51.19,-33.86,59.88,-100.0,,,,
BAXTER BROS INC,,,,,,,,,,,,,,,,inf,-27.25,-26.19,34.37,-22.4
BBVA USA,,,,,,inf,9.09,-100.0,,,,,,,,,,,,
"BCJ Capital Management, LLC",,,inf,11.97,53.05,-31.42,-100.0,,,,,,,,,,,,,
"BCM ADVISORS, LLC",,inf,45.32,20.07,-9.81,4.63,34.46,-1.86,-20.64,-3.22,-29.15,113579.89,27.17,29.25,-2.01,51.17,-10.16,-12.65,5.04,-19.72
BDF-GESTION,,,,,,,,,,,,,,,,,,inf,-21.25,83.69
"BDO Wealth Advisors, LLC",,12.9,62.86,35.09,297.4,32.68,9.11,37.7,48.36,-31.49,85.48,72419.83,-54.9,12.13,-100.0,,,,,
BEACON FINANCIAL GROUP,,,,,,,,,,,,,,,inf,76149.84,37.86,27.87,7.4,-32.49
BEACON INVESTMENT ADVISORS LLC,,,,,,,,,,,,,,,,,,inf,1.15,-26.38
"BEACON INVESTMENT ADVISORY SERVICES, INC.",,,,inf,61.28,31.18,13.16,45.83,202.29,-30.8,-19.14,90458.41,45.04,14.59,-10.99,41.0,17.87,-11.31,-0.73,-29.34
"BEAM Asset Management, LLC",,inf,54.5,-100.0,,,,,,,,,,,,,,,,
"BECK CAPITAL MANAGEMENT, LLC",,,,,,,,,,,,inf,82.85,-100.0,,,,,,
BECKER CAPITAL MANAGEMENT INC,,,,,,,,inf,0.8,-100.0,,,,,,,,inf,1.15,-100.0
BEDEL FINANCIAL CONSULTING INC,,,,,,,,,,,,,,,inf,-100.0,,,,
BEL AIR INVESTMENT ADVISORS LLC,,,,,inf,-44.53,-100.0,,,,,,,,,,,,,
"BELLEVUE ASSET MANAGEMENT, LLC",,,,inf,0.0,-50.0,-100.0,inf,-40.0,-33.33,0.0,79650.0,53.61,109.18,-100.0,,inf,-10.14,1.11,-26.4
BENDER ROBERT & ASSOCIATES,,,,,,inf,178.54,-50.0,43.24,-24.78,29.63,100036.04,59.97,161.04,-9.02,43.51,21.46,-11.15,0.83,-33.87
BENNETT SELBY INVESTMENTS LP,,,,,,,,,inf,-100.0,,,,,,,,,,
BERKLEY W R CORP,,,,,,,,,,,,,,,inf,-100.0,,inf,14.48,24.2
BERKSHIRE CAPITAL HOLDINGS INC,,-100.0,0.0,0.0,0.0,0.0,0.0,0.0,0.0,0.0,0.0,64700.0,1209748.77,-99.99,-9.75,43.39,22.46,-10.14,865720.41,-99.99
"BFSG, LLC",,,,,,,inf,21.74,-100.0,,,inf,-100.0,,,inf,23.4,-55.41,1.16,-26.38
"BFT FINANCIAL GROUP, LLC",,,,,,inf,-100.0,,,,,,,,,,,,,
"BILLEAUD CAPITAL MANAGEMENT, LLC",,-100.0,,,,,,,,,,,,,,,,,,
"BIP Wealth, LLC",,,,,,,,,,,,,inf,-100.0,,,inf,-100.0,inf,-7.19
BIRINYI ASSOCIATES INC,,81.12,-9.85,20.58,8.32,-11.38,18.88,38.5,15.93,-39.56,-27.69,-27.5,37.02,29.8,0.2,-100.0,inf,-31.9,-99.92,61552.03
BIT Capital GmbH,,,,,,inf,-39.48,69.68,25.57,-92.45,278.34,-44.57,-58.31,112.49,938.64,-100.0,inf,-78.16,6.57,-24.7
"BIVIN & ASSOCIATES, INC.",,,,,,,,inf,-22.22,-100.0,,,,,,,,,,
"BKD Wealth Advisors, LLC",,,inf,16.32,-100.0,,,,inf,-100.0,,,,,,,,,,
"BKM Wealth Management, LLC",,,,,,,,,,,,,,,,inf,-100.0,,,
BLACKHILL CAPITAL INC,,,,,,,,,,,,,,,,,inf,-10.13,1.15,-100.0
BLAIR WILLIAM & CO/IL,,22.17,54.71,58.16,-5.72,36.69,14.35,41.37,42.99,-26.1,-27.94,96892.82,50.13,17.16,-16.52,42.05,31.97,-3.87,5.4,-24.35
"BLB&B Advisors, LLC",,,,,,,,,,,,,,inf,-100.0,inf,100.13,-10.01,-7.6,-34.49
"BLODGETT WEALTH ADVISORS, LLC",,,,,,,,inf,-21.42,-52.53,6.71,97898.05,31.79,-16.59,18.01,35.82,32.01,-8.2,3.02,-23.95
"BLUE BELL PRIVATE WEALTH MANAGEMENT, LLC",,,,,,,,inf,239.13,-33.33,-17.31,77474.42,-85.31,887.8,-80.88,1437.18,-43.28,-8.12,20.63,-38.95
"BLUEFIN CAPITAL MANAGEMENT, LLC",,,inf,-85.2,-97.44,5035.56,-95.23,89.42,167.39,56.87,-57.77,66692.01,-100.0,,inf,2441151.15,-100.0,,,
BLUESTEIN R H & CO,,-68.13,9.2,-28.09,-14.45,19.63,9.54,40.07,-100.0,,,,,,,,,,,
BLUESTEIN R H & CO LLC,,,,,,,,,inf,-33.54,-100.0,,,,,,,,,
"BNC WEALTH MANAGEMENT, LLC",,,inf,20.4,-100.0,,,,inf,-25.18,54.25,-100.0,inf,54.09,-6.95,43.76,25.85,0.01,6.04,-20.89
"BNP PARIBAS ARBITRAGE, SA",,33.25,-100.0,,,,,inf,-100.0,,,,,,,,,,,
"BNP PARIBAS ARBITRAGE, SNC",,,,,,,,,,,,inf,-100.0,,inf,-100.0,,,,
BNP PARIBAS FINANCIAL MARKETS,,,,,,,,,,,,,,,,,inf,-100.0,inf,-44.71
BOARDMAN BAY CAPITAL MANAGEMENT LLC,,,,inf,-100.0,inf,-100.0,,,,,,,,,,,,,
BOCHK Asset Management Ltd,,,,,,,,,,,,,,,,inf,164.55,-97.79,413.92,-100.0
"BOENNING & SCATTERGOOD, INC.",,,inf,28.95,8.75,22.52,8.32,47.88,5.6,47.87,-9.1,-25.6,-100.0,,,,,,,
"BOK Financial Private Wealth, Inc.",,,,,inf,71.49,29.02,65.03,18.59,-100.0,,,,,inf,-100.0,,inf,12.09,6.84
"BOKF, NA",,2.47,53.97,30.56,-24.84,-100.0,inf,28.94,41.02,-44.17,-23.6,101447.03,-49.53,11.48,-17.93,53.59,24.89,-30.4,10.59,-31.19
"BOOTHBAY FUND MANAGEMENT, LLC",,-100.0,,,,,,,,,,,,,,,,,,
"BOS Asset Management, LLC",,,,,,,,,,,,,,,,,inf,-100.0,,
BOSTON FAMILY OFFICE LLC,,,,,,,,,inf,-100.0,,,,,,,,,,
BOSTON FINANCIAL MANGEMENT LLC,,,,,,,,,,,,inf,52.03,13.26,-10.15,44.52,9.62,-10.93,2.6,-16.62
BOSTON PRIVATE WEALTH LLC,,,inf,23.68,-17.11,56.27,19.18,-28.1,-100.0,,,,,,,,,,,
BOULDER HILL CAPITAL MANAGEMENT LP,,,,,,,,,inf,-100.0,inf,-100.0,,,,,,,,
BOURGEON CAPITAL MANAGEMENT LLC,,,,,,,,,,,,,,,,,,inf,-17.03,-78.39
BOYD WATTERSON ASSET MANAGEMENT LLC/OH,,,,,,,,,,,,,,,inf,42.53,129.91,36.75,-46.84,-33.6
BRADLEY FOSTER & SARGENT INC/CT,,,,,,,,inf,29.7,-49.92,-24.21,86156.37,51.32,16.22,0.0,33.65,22.44,-8.2,10.37,-25.15
"BRANDYWINE MANAGERS, LLC",,,,,,,,,inf,-30.14,-17.12,102155.75,51.32,4.74,-9.74,43.37,22.44,-10.13,9.45,-26.38
BRANDYWINE OAK PRIVATE WEALTH LLC,,,,,,,,,,,,inf,44.88,17.29,-27.39,63.33,41.01,-6.55,1.13,-26.91
"BRASS TAX WEALTH MANAGEMENT, INC",,,,,,,,,,,,,,,,,inf,11.57,1.79,-100.0
BREAKLINE CAPITAL LLC,,,inf,55.33,-100.0,inf,31.23,-100.0,inf,355.65,-45.44,87609.9,-100.0,,,,,,,
BREITER CAPITAL MANAGEMENT INC,,16.38,99.52,12.94,-13.57,18.55,-2.31,39.88,-25.42,-100.0,,,,,,,,,,
BREWIN DOLPHIN LTD,,739.87,-72.15,2.85,189.96,297.3,131.11,-100.0,2.08,10.2,-100.0,,,,,,,,,
BREWIN DOLPHIN WEALTH MANAGEMENT LTD,,-100.0,inf,37.98,-14.41,343.05,-14.44,-99.86,-25.81,78.26,-100.0,,,,,,,,,
BRIDGES INVESTMENT MANAGEMENT INC,,,,,,,,,,,,,,,,,,inf,1.15,-26.38
BRIDGEWAY CAPITAL MANAGEMENT INC,,74.84,326.12,-100.0,,,,,,,,,,,,,,,,
"BRIDGEWAY CAPITAL MANAGEMENT, LLC",,,,inf,-12.89,10.43,-20.49,-4.79,-51.5,-31.72,-37.91,102124.75,51.32,-37.55,-78.18,-100.0,,,,
"BRIGADE CAPITAL MANAGEMENT, LP",,,,,,,,,,,inf,-100.0,,,,,,,,
BRIGHTON JONES LLC,,4.72,60.42,20.81,5.6,-4.89,7.6,28.92,2.35,-32.21,-11.58,116999.91,38.23,24.75,-3.23,54.44,21.36,6.46,-40.89,104.82
BRILLIANCE ASSET MANAGEMENT LTD,,,,,,,,,,,,,,,inf,43.37,76.21,34.76,-100.0,
BRILLIANCE ASSET MANAGEMENT Ltd,,inf,-100.0,,,,,,,,,,,,,,,,,
BRINKER CAPITAL INC,,-5.03,-100.0,,,,,,,,,,,,,,,,,
BRITISH COLUMBIA INVESTMENT MANAGEMENT Corp,,87.19,69.04,9.26,-14.92,171.72,-45.08,32.72,-10.02,-47.44,-29.89,91087.88,52.27,17.26,-9.12,82.09,27.42,43.75,12.09,6.18
BROWN BROTHERS HARRIMAN & CO,,133.33,57.14,927.27,-9.73,20.59,5.69,40.0,-1.1,-14.44,-9.74,90345.32,127.64,1.89,216.63,84.6,5.86,-9.9,5.89,-22.35
"BROWN, LISLE/CUMMINGS, INC.",,,,,,,,inf,-24.02,-30.07,-17.14,2.22,51.33,16.22,-9.74,43.37,22.44,132.17,1.15,18.74
"BRR OpCo, LLC",,,,,,,,,inf,-25.7,-21.81,-100.0,,,,,,,,
BRYN MAWR TRUST Co,,,,,,inf,278.95,138.89,-22.67,-17.29,-13.64,-67.37,103.23,125.4,61953.52,-100.0,inf,-10.13,-100.0,
BSW Wealth Partners,,,,,,,,inf,-13.45,-17.89,-21.07,-100.0,,,,,inf,-22.24,2.54,-25.59
BTG Pactual Asset Management US LLC,,,,,,,,,,,,,,,,,,,inf,-100.0
"BUCKINGHAM STRATEGIC WEALTH, LLC",,,,inf,-100.0,,inf,41.35,-10.45,-15.33,40.94,74012.57,0.0,160.1,0.11,101.87,11.84,7.08,-100.0,
BURNEY CO/,,,,,,,,,,,,,,,,,,,,inf
"BURR FINANCIAL SERVICES, LLC",,,,,,,,,,,,,,,,inf,-5.68,-38.51,4.33,-78.63
"BUTENSKY & COHEN FINANCIAL SECURITY, INC",,,,,,,,,,,,,inf,23.8,3.13,51.44,-10.85,-6.1,8.87,-16.43
"BWCP, LP",,,,,,,,,,,,,,inf,-100.0,,,,,
Baader Bank Aktiengesellschaft,,,,,,,,inf,71.43,128.23,154857.31,205.86,-26.64,69.65,-53.79,-32.59,13.15,-9.06,16.3,-26.3
Baader Bank INC,,,,,,,,inf,71.43,-100.0,,,,,,,,,,
"Badgley Phelps Wealth Managers, LLC",,,,,,,,,,,,,,,,,inf,-3.1,36.74,-53.79
"Baker Avenue Asset Management, LP",,,,,,,,inf,24.74,-38.54,932.15,72650.52,123.97,-19.19,-9.2,166.76,-37.51,-15.64,-2.31,-26.3
Baker Chad R,,,,,,,,,inf,-30.06,-17.15,2.24,228774.79,16.22,-9.74,43.37,22.3,-10.13,0.97,-26.38
Baker Ellis Asset Management LLC,,,,,,,,,inf,-100.0,,,,,,inf,22.44,-10.13,8.02,-100.0
Balboa Wealth Partners,,,,,,,,,,,inf,-100.0,inf,-100.0,,,,inf,4.13,-26.06
"Baldwin Investment Management, LLC",,,,,,,,,inf,-44.9,-100.0,,,,,,,,,
Balentine LLC,,-59.02,-100.0,,,,inf,146.5,98.52,95.28,-81.3,95566.5,75.29,30.35,-16.33,75.36,53.63,-100.0,,
"Ballast, Inc.",,,,,,,,,inf,131.38,-5.79,88837.62,87.13,15.19,-14.5,40.79,25.19,-9.15,0.54,-23.86
"Ballentine Partners, LLC",,,,,inf,20.83,10.34,40.62,-20.0,-33.33,-50.0,105150.0,-89.14,16.25,-9.78,258.51,22.45,-46.08,15681.74,-95.03
"Ballew Advisors, Inc",,,,inf,-100.0,,inf,-5.5,-100.0,,,,,,,,,,,
"Baltimore-Washington Financial Advisors, Inc.",,,,,,,,inf,-100.0,inf,-14.5,98777.11,99.35,-13.41,-13.55,258.06,23.2,-5.56,4.06,-24.78
Balyasny Asset Management L.P.,,,,,,,,,,,,,inf,61.2,358.87,-9.24,-14.08,-66.09,392.32,-68.03
Balyasny Asset Management LLC,,-79.95,443.69,-100.0,inf,69.12,367.63,1.58,-56.08,17.69,10.7,100222.37,-100.0,,,,,,,
Banco BTG Pactual S.A.,,,,,,,,,,,,,,,inf,32.39,17.15,237.1,-46.66,-37.39
"Banco Santander, S.A.",,,,,,inf,-100.0,inf,-30.9,4.02,4.35,317812.96,1.01,113.54,68.89,-77.32,-66.69,233.05,182.11,72.92
Bangor Savings Bank,,,,,,,,,,inf,-17.92,-3.45,149598.81,16.22,-9.74,43.37,22.44,-12.58,1.15,-26.38
"Bank Julius Baer & Co. Ltd, Zurich",,0.0,134.96,107.85,-94.04,296.5,-6.73,93.68,2316.89,-27.87,-19.61,-91.52,143.12,478738.88,-99.91,113429.52,12.94,-7.44,1.2,-34.77
Bank Pictet & Cie (Europe) AG,,,,,,,,,,,,,,inf,49.18,52.22,28.89,8.12,0.38,-17.03
Bank of Jackson Hole Trust,,,,,,,,,,,,,,,,,,,,inf
Bank of Marin,,,,,,,,,inf,-30.01,-20.32,94953.15,41.62,-8.76,-17.44,43.37,22.44,-10.58,2.52,-19.91
Bank of New Hampshire,,,,,,,,,inf,-40.69,15.12,-48.48,149798.04,16.22,-9.74,62.67,1015.8,1.52,7.19,-25.25
BankPlus Trust Department,,,,,,,,,,,,,,,,,,,,inf
Banque Cantonale Vaudoise,,29.62,-13.67,82.34,-9.62,5.14,-6.92,105.67,4.5,-37.43,-21.26,-36.92,50.06,11.23,-3.89,113.97,62.39,5.92,-13.91,-100.0
"Bard Financial Services, Inc.",,,,,,,,,,,,,,,,,inf,-10.13,-100.0,
"Bare Financial Services, Inc",,,,,,,,,,,,,,,,inf,31.62,-8.78,13.57,-26.38
"Barnett & Company, Inc.",,,,,,,,inf,-100.0,,,,,,,,,,,
Bartlett & Co. LLC,,-100.0,,inf,0.0,0.0,50.0,-100.0,inf,-29.84,-17.37,2.16,49.34,16.25,-10.03,45.02,-100.0,,,
Bath Savings Trust Co,,,,,,,,,,,,,,,,,inf,-15.38,1.15,-28.1
"Bay Colony Advisory Group, Inc d/b/a Bay Colony Advisors",,17.72,77.93,35.15,-27.96,49.61,-16.9,39.6,-31.81,-34.58,-31.42,96913.82,105.34,3.15,23.51,48.82,0.68,151.41,5.4,-25.13
"Bay Harbor Wealth Management, LLC",,0.0,650.0,-60.0,-100.0,,,,,,,,,,,,,,,inf
Bay Rivers Group,,inf,-100.0,,inf,21.1,-30.79,75.52,-16.05,-10.61,-17.48,103724.65,51.62,24.48,-11.4,48.32,14.04,-0.75,3.52,-25.25
"BayBridge Capital Group, LLC",,,,,,,,,,,,,,,,inf,-28.85,12.33,-100.0,
"Bayesian Capital Management, LP",,,,inf,306.9,-6.28,36.31,-28.86,-100.0,,,inf,-100.0,,,,inf,-100.0,inf,-100.0
Baystate Wealth Management LLC,,100.0,750.0,23.53,-52.38,110.0,-38.1,100.0,88.46,-46.94,-15.38,-72.73,205216.67,7168.54,-98.84,77.19,-100.0,,,
"Beacon Capital Management, Inc.",,,,,,,,,,,,,,,,inf,-100.0,,,
"Beacon Capital Management, LLC",,,,,,,,,inf,0.0,-7.41,95371.0,91.15,30.89,0.0,-15.98,78.1,-13.6,3.73,-26.38
Beacon Financial Advisory LLC,,,,,,,,,,,,,,,,inf,62.88,-21.57,7.41,-100.0
"Beacon Harbor Wealth Advisors, Inc.",,,,inf,-100.0,,,inf,-22.8,-28.5,-100.0,,,,,,,,,
"Beacon Pointe Advisors, LLC",,inf,42.08,36.93,-19.85,4422.86,42.79,23.48,74.27,-32.39,-17.95,93605.59,45.73,23.12,-9.72,38.39,20.61,-12.68,-0.23,-27.14
"Beaird Harris Wealth Management, LLC",,,,,,,,inf,-31.48,-36.49,53.19,129440.28,18.64,30.12,-30.8,45.59,33.02,31.1,-31.11,-27.22
"Bear Mountain Capital, Inc.",,,,,,,,,,,,,,,,inf,-2.97,-100.0,,inf
"Beaumont Asset Management, L.L.C.",,,,,,inf,12.79,41.82,-20.58,-100.0,,,,,,,,,,
"Beaumont Financial Advisors, LLC",,,,,,,,,,,,inf,53.37,23.73,3.71,45.99,55.03,-5.13,1.42,-27.5
"Beaumont Financial Partners, LLC",,,,,,inf,9.54,-7.12,-14.77,-32.33,-100.0,,,,,,,,,
"Beck Bode, LLC",,,inf,-100.0,,inf,-100.0,,,,,,,,,,,,,
"Bedel Financial Consulting, Inc.",,21.62,64.44,10.81,2.44,98.81,9.58,-100.0,inf,-100.0,,,inf,16.22,-4.66,186.73,-36.63,-10.51,1.15,-17.74
"Bedell Frazier Investment Counseling, LLC",,,inf,15.84,0.81,53.2,8.93,-22.67,-23.62,-28.37,66.13,84268.88,34.23,-100.0,,,,,,
"Bedell Frazier Investment Counselling, LLC",,,,,,,,,,,,,,,,inf,27.68,-8.85,5.54,102.11
"Beech Hill Advisors, Inc.",,,,,,,,,,,,,,,,,,,inf,209.36
"Beirne Wealth Consulting Services, LLC",,,,,,,,,,,,,,,,inf,-100.0,,,
Bell Bank,,,,,,,,,,,,,,inf,1.12,56.6,27.59,10.79,129.52,-23.75
"Bell Investment Advisors, Inc",,,,,,,inf,36.54,-100.0,inf,-8.62,107320.75,41.51,12.97,-1.94,42.21,24.15,-7.86,2.74,-25.33
Bell Rock Capital LLC,,,,,,,,inf,-28.81,-100.0,inf,-100.0,,,,,,,,
Bellecapital International Ltd.,,15.53,56.13,13.16,-100.0,inf,9.48,39.87,53.37,-64.9,-10.32,919890.57,65.12,26.46,-4.61,46.8,15.88,1.25,6.04,4.92
"Bellwether Advisors, LLC",,,,inf,-15.38,27.27,7.14,-100.0,inf,-31.25,-18.18,107844.44,52.33,-100.0,,,,,,inf
"Belmont Capital, LLC",,,,,,,,,,,,,,inf,-9.74,43.37,-97.55,-20.11,1.15,-100.0
Belpointe Asset Management LLC,,4.85,189.68,2.09,106.98,107.5,-70.47,12.14,176.4,39.15,7.66,39093.01,95.76,-51.28,-100.0,,,,,
Belvedere Trading LLC,,,,,,,inf,-49.62,-100.0,inf,224.13,113812.6,-51.66,62.53,-15.23,3.44,-61.59,89384.53,-16.88,-22.78
Benchmark Investment Advisors LLC,,,,,,,,,,,,,,,,inf,-58.9,-100.0,,
"Benedetti & Gucer, Inc.",,,,,,,,,,,,,,,,,inf,-100.0,,
Benin Management CORP,,,,,,,,,,,,,,,,,inf,-100.0,,
Berbice Capital Management LLC,,,,,,,,,,,,,,,,,,,,inf
"BerganKDV Wealth Management, LLC",,0.0,50.0,11.11,-50.0,20.0,8.33,46.15,268.42,-25.71,-75.0,104030.77,260.56,-76.66,-100.0,,,,,
"Berger Financial Group, Inc",,,,,,,,,,,,,inf,12.97,10.5,49.38,20.6,-3.11,24.27,-21.12
"Berkeley Capital Partners, LLC",,,,,,,,inf,-1.37,-100.0,,,inf,13.0,-8.69,44.54,23.18,-13.01,4.17,-32.39
Berkshire Bank,,,,,,,,,inf,-100.0,,,,,,,,,,
"Berman Capital Advisors, LLC",,-100.0,,inf,-50.0,950.0,9.52,-100.0,,,,,,,,,,,,
Bernard Wealth Management Corp.,,,,,,,,,,,,,,,,,,,,inf
Bernardo Wealth Planning LLC,,17.61,45.87,12.83,-100.0,,,,,,,,,,,,,,inf,-100.0
Berry Street Capital Management LLP,,,,,,,inf,275.84,-98.23,459.4,-100.0,,,,,,,,,
"Berry Wealth Group, LP",,,,,,,,,,,,,,,,inf,-3.78,-0.4,-4.37,-22.42
"Better Money Decisions, LLC",,,,,inf,100.0,11.54,-100.0,,inf,-100.0,,,,,,,,,
"Bienville Capital Management, LLC",,inf,55.83,12.03,-14.56,-100.0,,,,,,,,,,,,,,
"Bigelow Investment Advisors, LLC",,,,,,,,,,,,,,,,,,inf,-51.55,-25.01
Biltmore Capital Advisors LLC,,,inf,-100.0,inf,-100.0,inf,-100.0,,,,,,,,,,,,
"Birchcreek Wealth Management, LLC",,,,,,,,,,,,,,,,,inf,-100.0,,
Birinyi Associates INC,,,,,,,,,,,,,,,,inf,-100.0,,,
"Bison Wealth, LLC",,,,,,,,,,,,,,inf,-9.25,220.14,28.4,0.0,20.63,-75.12
"Black Swift Group, LLC",,,,,,inf,-56.17,-100.0,,,,,,inf,-100.0,,,,,
"BlackDiamond Wealth Management, LLC",,,,,,,,,,,,,,,,inf,25.98,-9.93,41.24,2.94
BlackRock Inc.,,13.76,53.56,16.18,-9.57,16.41,9.28,45.2,2.27,-31.93,-16.21,104862.27,54.46,17.04,-10.91,46.1,22.38,-5.76,-100.0,
"BlackRock, Inc.",,,,,,,,,,,,,,,,,,,inf,-25.37
Blackhawk Capital Partners LLC.,,,,,,,,,,,,,,,,,,inf,142.61,-100.0
"Blackston Financial Advisory Group, LLC",,,,,,,,,,,,,,,,,,,inf,-7.78
"Blake Schutter Theil Wealth Advisors, LLC",,,,,,,,,,,,,,,,,,,inf,-100.0
"Blankinship & Foster, LLC",,,,,,,,,,,,,,,,,,,inf,-100.0
"Bleakley Financial Group, LLC",,,,,,,,,,,,inf,62.63,22.94,-14.82,42.66,23.68,-9.16,-7.85,-33.17
Bleichroeder LP,,,,,,,,,inf,-65.0,-17.14,101901.72,51.32,16.22,-9.74,43.37,22.44,-10.13,1.15,-26.38
"Blue Edge Capital, LLC",,,,,,,,,,,,,,inf,-8.51,40.95,22.44,-10.51,1.34,-27.29
"Blue Fin Capital, Inc.",,,,,,,,inf,-23.3,-26.17,-7.66,94062.09,50.37,86.69,32.1,49.03,61.45,-4.37,0.9,-34.73
"Blue Grotto Capital, LLC",,,,,,,,,,,inf,134257.51,47.82,-42.62,-46.87,43.37,-38.78,-100.0,inf,-100.0
"Blue Trust, Inc.",,,,,,,,,,,,,,,,inf,382156.1,-11.57,135.59,91.21
"BluePath Capital Management, LLC",,,,,,,,,,,,,,,inf,-100.0,inf,-5.29,-13.36,186.42
"BluePointe Capital Management, LLC",,,,,,,,,,,,,,,,inf,28.1,-7.95,-20.32,-100.0
"Bluefin Trading, LLC",,-69.03,-100.0,,,,,,,,,,,,,,,,,
Blueprint Investment Partners LLC,,,,,,,,,,,,,inf,-100.0,,inf,53.16,-33.6,-11.38,-60.98
"Blueshift Asset Management, LLC",,inf,-100.0,,inf,262.83,129.73,-100.0,inf,118.08,-35.82,-100.0,,,,,,,,inf
"Bluesphere Advisors, LLC",,,,inf,-21.41,24.39,721.57,43.56,84.32,-75.62,-37.3,87240.81,50.55,3.08,-9.59,48.23,10.9,-13.71,-61.46,-45.2
"Blume Capital Management, Inc.",,,,,,,,,,,,,,inf,-9.74,43.37,-72.67,-10.13,915.41,-75.07
"Bogart Wealth, LLC",,,,,inf,16.67,800.0,63.49,-28.16,-27.03,100.0,53353.7,99.82,62.04,-1.59,72.62,3.63,11.27,28.04,-20.3
Boltwood Capital Management,,,,,,,,,inf,-30.03,-39.33,-100.0,inf,17.85,-7.65,13.18,22.44,-8.42,-20.86,-15.13
"Boothe Investment Group, Inc.",,,,,,,,,inf,-31.51,34.37,2.75,49.17,-41.08,132.87,-29.52,-57.69,19.91,84.93,-26.13
Bordeaux Wealth Advisors LLC,,,,,,,,,,,,,,,,,inf,-100.0,,inf
"Boston Common Asset Management, LLC",,,,inf,-12.8,28.67,10.08,46.99,-8.03,-23.53,-16.78,4.76,-100.0,,,,,,,
Bouchey Financial Group Ltd,,,,,,,,inf,-100.0,,,,,inf,-4.46,42.8,26.19,-2.44,13.25,-26.4
"Boulder Wealth Advisors, LLC",,,,,,,,,,,,inf,-100.0,,,,,,,
"Bouvel Investment Partners, LLC",,,,,,,,,,,,,,,,,,inf,139.72,-58.22
"Bowie Capital Management, LLC",,,,,,,,,,inf,107.14,87080.35,-6.9,-15.16,-50.94,55.73,-100.0,inf,-100.0,
Bowman & Co S.C.,,,,,,,,,,,,,,,,inf,25.31,-1.47,13.07,-23.24
"Bracebridge Capital, LLC",,,,,inf,-100.0,,,,,,,,,,,,,,
"Bradley & Co. Private Wealth Management, LLC",,,,,,,,,,,,,,,,,,,,inf
"Brady Martz Wealth Solutions, LLC",,,,,,,,,,,,,,,,,,,,inf
"Bragg Financial Advisors, Inc",,,,,,,,,inf,33.71,35.6,129938.56,64.48,39.07,-4.19,53.09,141.94,-55.18,6.24,-24.25
"Bramshill Investments, LLC",,,,,,,,,,,,,,,,,inf,-100.0,,
Brandywine Oak Private Wealth LLC,,,,,,,inf,37.41,-18.98,-30.14,-11.08,-100.0,,,,,,,,
Braun-Bostich & Associates Inc.,,28.57,-100.0,,,,,,,,,,,,,,,,,
"Bravias Capital Group, LLC",,,,,,,,,,,,,,,,,,,,inf
Breakwater Capital Group,,,,,,,,,,,,,,,,,,,inf,-22.52
Breed's Hill Capital LLC,,,,,,,,,,,,,,,,,,,,inf
Brendel Financial Advisors LLC,,,,,,,,inf,-100.0,,,,,,,,,,,
Brewin Dolphin Wealth Management Ltd,,inf,-100.0,,,,,,,,,,,,,,,,,
"Briaud Financial Planning, Inc",,,,,,,,,,,,,,,,,,,,inf
"Brick & Kyle, Associates",,-42.68,1986.28,-91.61,-10.8,17.09,12.33,180.87,-62.32,-30.03,-16.21,1.21,50.57,5.52,-7.65,43.09,12.34,-10.87,-1.12,-21.84
"Bridge Advisory, LLC",,,,,,,,,,,,,,,,,inf,-9.26,-100.0,
"Bridgefront Capital, LLC",,,,,,,,,,,,,,inf,41.33,-100.0,,,inf,-100.0
"Bridgewater Associates, LP",,,inf,134.19,-100.0,inf,-100.0,,inf,180.66,1.44,-100.0,,,,,inf,45.47,34.66,-9.61
"Bright Futures Wealth Management, LLC.",,,,,,,,,,,,,,,,,inf,-17.67,-11.48,-100.0
"Brinker Capital Investments, LLC",,,inf,112.86,-56.79,43.44,13.03,13.46,-10.6,-56.09,-20.15,109797.6,-100.0,,,,,,,
"Bristlecone Advisors, LLC",,,,,,,,,,,,,inf,9.59,-9.74,43.37,19.83,-5.41,42.97,-40.08
Broderick Brian C,,,,,,,,,inf,-29.99,-18.22,106727.24,56.13,15.17,-7.39,53.96,54.55,4.57,1.86,-10.72
Bronson Point Management LLC,,,,,,inf,-100.0,,,,,,,,,,,,,
"Brooklyn FI, LLC",,,,,,,,,,,,,,,,,,,,inf
Brookstone Capital Management,,inf,261.87,-92.71,-100.0,inf,43.59,64.58,-38.97,8.18,-45.15,106193.27,68.65,36.31,38.0,52.66,17.88,-4.15,0.83,16.04
Brown Financial Advisors,,,,,,,,,,,,,,,,,,inf,-25.24,-26.08
Brown Shipley& Co Ltd,,,,,,,,,,,,,,inf,-100.0,,inf,-100.0,,
"Bruce G. Allen Investments, LLC",,,,,,,,,,,,,,,,inf,-15.23,-10.13,1.15,-26.38
"Brucke Financial, Inc.",,,,,,,,,,,,,,,,,,,,inf
"Bryce Point Capital, LLC",,,,,,,,,,,,,,,,,,,,inf
"Bryn Mawr Capital Management, LLC",,,,,,,,,,,,,,,inf,38.12,44.29,-29.99,12.75,11.24
"Buck Wealth Strategies, LLC",,,,,,,,,,,,,,inf,-9.73,-100.0,,,,
"Buckingham Capital Management, Inc.",,,,,,,,,inf,469.65,42.72,128867.26,61.19,16.66,-0.29,59.31,12.36,-15.05,1.54,-25.37
"Buckley Wealth Management, LLC",,,,,,inf,12.5,21.81,325.34,-16.76,-69.47,-100.0,,,,inf,22.44,-4.51,10.08,-26.38
"Budros, Ruhlin & Roe, Inc.",,,,inf,-11.54,34.47,38.67,-28.38,-100.0,,,,,,,,,,,
"Budros, Ruhlin & Roe, LLC",,,,,,inf,38.67,-100.0,,,,,,,,,,,,
Buffington Mohr McNeal,,,,,,,,,inf,-36.15,-18.01,100688.26,47.62,-15.69,-11.83,43.65,19.43,-5.91,4.63,-25.78
"Bull Oak Capital, LLC",,,,,,,,,,,,,,,inf,-100.0,,,,
"Bullseye Investment Management, LLC",,,,,,,,inf,-24.05,225.81,-100.0,,,,,,,,,
"Bulltick Wealth Management, LLC",,,,,,inf,-100.0,inf,-22.15,-33.14,-100.0,,,inf,94.9,45.77,19.08,-100.0,,
"Burleson & Company, LLC",,inf,2.57,13.62,-10.09,17.89,11.61,38.13,-16.41,-30.25,-17.22,102210.8,-100.0,,,,,,,
"Burns Matteson Capital Management, LLC",,,,,,,inf,60.52,-54.98,-100.0,,,,,,,,,,
Busey Bank,,,,,,,,,,,,,,,,inf,22.79,-4.93,7.08,-29.81
Busey Trust CO,,,,,,,,,,,,,,,inf,-100.0,,,,
Busey Wealth Management,,,,,,,,,inf,-100.0,,,,,,,,,,
Byrne Asset Management LLC,,,,,,,,inf,401.23,-17.25,-16.21,101637.74,-99.85,15.7,92292.05,38.9,19.05,-12.77,76.02,-59.07
"C2C Wealth Management, LLC",,,,,,,,inf,-64.97,-100.0,,,inf,0.98,-100.0,,inf,-100.0,,
"C2P Capital Advisory Group, LLC d.b.a. Prosperity Capital Advisors",,,,,,,,,,,,,,,,inf,215.14,-46.12,104.97,-19.08
CAAS CAPITAL MANAGEMENT LP,,295.51,-40.47,450.43,-44.13,-35.81,-4.97,18.21,22.43,-26.27,21.52,93665.85,-45.8,-58.0,-92.18,1898.95,-100.0,,inf,-100.0
CADINHA & CO LLC,,,,,,,,,,,,,,,,,,,,inf
"CAHABA WEALTH MANAGEMENT, INC.",,,,,,,,,,,,,,,,,inf,-7.51,-100.0,
CAHILL FINANCIAL ADVISORS INC,,,,,,,inf,-100.0,,,,,,,,,,,,
CAISSE DE DEPOT ET PLACEMENT DU QUEBEC,,-2.91,-100.0,inf,635.55,54.18,203.0,72.7,-8.25,-69.26,23.03,67026.09,32.62,-5.19,-52.66,114.0,62.13,-20.81,34.49,-55.77
CAISSE DES DEPOTS ET CONSIGNATIONS,,,,,,,,,,,,,,,,,,,,inf
CALAMOS ADVISORS LLC,,6.66,-79.15,13.92,-55.32,-1.03,9.72,45.17,66.94,-20.15,3.98,-100.0,,,,,,,,
CALAMOS WEALTH MANAGEMENT LLC,,12.17,54.48,54.66,-68.71,11.99,-100.0,,,,inf,-100.0,,,,,,,,
"CALDWELL SUTTER CAPITAL, INC.",,,,,,,,,,,,,,inf,-9.73,44.86,23.7,-100.0,,
CALIFORNIA FIRST LEASING CORP,,,,,,,,,,inf,122.1,102151.12,51.32,16.22,7.68,43.37,22.44,-10.13,1.15,-26.38
CALIFORNIA PUBLIC EMPLOYEES RETIREMENT SYSTEM,,30.01,59.47,19.48,-17.06,6.57,19.8,35.85,-4.73,-33.95,-2.29,99507.18,29.78,11.03,-8.03,-100.0,,,,
CALIFORNIA STATE TEACHERS RETIREMENT SYSTEM,,33.52,57.16,18.8,-14.11,12.28,6.56,42.98,-0.01,-30.17,-18.53,103248.48,49.74,13.33,-13.25,45.57,23.19,-10.17,0.74,-28.13
"CALTON & ASSOCIATES, INC.",,,,,,,,,,,,inf,0.28,71.82,-100.0,inf,-8.59,-15.66,130.54,-74.81
CAMBRIDGE TRUST CO,,87.02,-3.6,1.63,-14.49,19.29,119.11,-29.42,-14.94,-30.41,-20.65,0.15,125659.99,4.08,-6.11,38.67,6.19,-100.0,,
CAMDEN NATIONAL BANK,,,,,,,,,,,,,,,,,,inf,-80.17,-100.0
CAMPBELL CAPITAL MANAGEMENT INC,,,,,,,,,,,,,,inf,-100.0,inf,22.66,91205.05,1.3,-29.25
CAMPBELL NEWMAN ASSET MANAGEMENT INC,,,inf,112.0,-57.15,1.97,9.2,38.92,-24.04,-30.57,-17.33,101361.86,51.32,15.47,-9.91,43.99,22.0,-10.29,-2.74,-27.44
CANADA LIFE ASSURANCE Co,,,,,,,,,,,,,,,,,inf,-1.17,5.67,-25.14
CANADA PENSION PLAN INVESTMENT BOARD,,42.42,-86.03,-79.19,33785.48,23.97,-55.99,0.39,1850.19,-31.39,-22.28,87265.47,36.58,16.22,-13.47,45.36,34.5,2.79,-31.77,-67.01
CANANDAIGUA NATIONAL BANK & TRUST CO,,,,,,,,,,,,,,,,,,inf,92.76,26.96
"CANTOR FITZGERALD, L. P.",,,,,,,,,,,,,inf,16.28,-10.01,-100.0,,,,
"CAP Partners, LLC",,,,,,,,,,,,,,,,inf,24.32,-12.16,2.61,-30.04
"CAPITAL & PLANNING, LLC",,,,,,,,,,,,,,,,,,,,inf
CAPITAL ADVISORS INC/OK,,,,,,,inf,1.98,-100.0,,,,inf,6.17,-4.89,45.64,54.21,-0.18,12.08,-21.96
CAPITAL COUNSEL LLC/NY,,,,,,,,,inf,-30.06,-17.15,102130.57,51.32,16.22,-9.74,43.37,22.44,-10.13,1.15,-26.38
CAPITAL FUND MANAGEMENT S.A.,,124389.76,339.81,75.09,-2.32,-17.73,146.08,-12.98,-22.21,-29.58,-1.4,-9.39,30.49,-26.3,146.05,-49.67,43.26,56.4,2.0,-33.75
CAPITAL PERFORMANCE ADVISORS LLP,,,,,,,,,inf,-100.0,,,,,,,,,inf,-23.78
"CAPROCK Group, Inc.",,33.01,99.64,15.17,-3.81,23.43,21.26,41.68,26.46,-26.89,-20.2,104053.27,-100.0,,,,,,,
"CAPSTONE INVESTMENT ADVISORS, LLC",,1830.94,118.29,70.14,1.37,12.85,-49.12,57.27,-73.97,-82.27,-83.37,289830.98,-34.17,857.37,-48.79,175.18,4.76,67.08,15.12,23.83
CAPTRUST FINANCIAL ADVISORS,,50.4,10.93,145.07,129.8,45.07,2.0,40.15,-8.69,72.2,-58.19,102558.92,108.57,28.62,-9.58,55.64,-29.7,-10.22,6.82,-23.86
"CARDIFF PARK ADVISORS, LLC",,,,,,,,inf,0.0,-40.45,-21.24,101967.42,48.22,26.84,19.39,43.37,22.84,-8.69,-6.2,-23.36
"CARILLON TOWER ADVISERS, INC.",,-99.91,-80.96,569.77,-100.0,,,,,,,,,,,,,,,
"CARL STUART INVESTMENT ADVISOR, INC",,,,,,,,,inf,-100.0,,,inf,-100.0,,,,,,
CARLSON CAPITAL L P,,,,,,,inf,-56.94,-100.0,,,,,,,,,,,
CAROLINAS WEALTH CONSULTING LLC,,inf,0.0,2800.0,-68.97,177.78,288.0,37.11,-49.62,46.27,-62.24,65194.59,77.28,172.08,-43.03,49.65,84.75,-49.19,70.99,-66.37
CARY STREET PARTNERS INVESTMENT ADVISORY LLC,,,inf,-100.0,,,,,inf,10.22,-5.37,-100.0,,,,,,,,
CASTLE WEALTH MANAGEMENT LLC,,,,,,,,,,inf,28.12,-100.0,,,,,,,,
CASTLEARK MANAGEMENT LLC,,15.61,-100.0,,,,,,,,,,,inf,51.82,12.61,-100.0,,,
CATALYST FINANCIAL PARTNERS LLC,,,,,,,,,,,,inf,57.72,37.42,4.74,53.91,15.13,10.68,4.24,-25.96
CAXTON ASSOCIATES LP,,-79.46,2637.16,-32.7,-100.0,inf,-97.55,193.59,-47.03,229.75,408.05,-100.0,,inf,-100.0,,,inf,21.38,-10.02
"CBIZ Investment Advisory Services, LLC",,,,,,,,,,,,,,,,,inf,-13.43,30.82,-30.07
"CENTAURUS FINANCIAL, INC.",,156.29,118.63,36.07,-43.12,28.42,2.09,34.29,-4.14,-40.14,-42.22,-51.13,2.3,129.27,27.17,60.88,46.76,15.81,19.53,-100.0
CENTRAL BANK & TRUST CO,,inf,134.18,82.16,-6.82,37.26,3.48,59.64,-2.95,-12.3,4.79,103445.83,53.81,12.2,-11.75,-9.62,-22.39,-51.23,-100.0,
CENTRAL TRUST Co,,0.0,1350.0,68.97,3151.02,45.95,103.05,20.44,40.89,-31.12,181.62,22625.35,20.41,17.28,-6.56,42.37,22.04,-12.35,0.68,-15.33
"CENTRAL VALLEY ADVISORS, LLC",,,,,,,,,,,,,,,,,inf,-100.0,,
CERITY PARTNERS LLC,,,,,inf,-100.0,,,,inf,-100.0,,,,,,,,,
"CERTUITY, LLC",,,,,,,,,,,,,inf,25.69,-5.38,51.62,18.19,-1.33,-17.15,-13.59
CFM WEALTH PARTNERS LLC,,16.98,54.68,8.97,-14.42,19.65,8.24,44.19,-25.72,-34.17,-17.15,101121.06,51.68,16.07,-0.61,43.66,35.99,-7.5,111.82,-67.23
"CGC Financial Services, LLC",,,,,,,,,,,,,,inf,-100.0,,,,,
CHANNEL WEALTH LLC,,,,,,,,,,,,,,,,,,,,inf
"CHAPIN DAVIS, INC.",,,,,,,,,,,,,,inf,-100.0,inf,773.46,-87.78,7.22,0.0
"CHAPMAN FINANCIAL GROUP, LLC",,,,,,,,,,,,,,,,,,,,inf
CHARLES SCHWAB INVESTMENT MANAGEMENT INC,,126.42,-25.27,15.78,-19.17,22.38,20.74,42.68,6.55,-29.85,-16.31,105363.41,53.58,16.71,-8.9,47.15,25.85,-7.11,3.05,-23.14
"CHARTWELL INVESTMENT PARTNERS, LLC",,72.21,40.29,-10.35,-54.03,19.56,9.55,39.33,-24.05,-30.07,-100.0,,inf,135340.72,-99.91,42.21,17.56,-45.21,-47.26,-100.0
CHASE INVESTMENT COUNSEL CORP,,1.68,24.33,11.04,-63.45,-36.05,88.12,40.24,-24.01,-33.42,-100.0,,,inf,-41.32,44.42,-16.37,-41.84,-32.37,-100.0
CHELSEA COUNSEL CO,,,,,,,,inf,106.47,-100.0,,inf,-100.0,,,,inf,370.28,-70.44,-26.38
"CHERRYDALE WEALTH MANAGEMENT, LLC",,,,,,,,,,,,,,,,,inf,-5.95,-100.0,
CHICAGO TRUST Co NA,,,,inf,-100.0,inf,26.94,61.5,-87.95,-100.0,,,,,,inf,22.55,13.92,36.96,-25.04
"CHILDRESS CAPITAL ADVISORS, LLC",,,,inf,12.96,-9.51,88.77,-12.86,16.3,-20.27,-30.17,100447.62,-100.0,,inf,64.02,20.47,-11.2,6.13,-34.74
CHILTON CAPITAL MANAGEMENT LLC,,,,,,,,,,inf,-100.0,,,,,,inf,-78.28,-35.12,-37.15
CHILTON INVESTMENT CO INC.,,,,,,,,,,,,,,,,,,inf,-100.0,
"CHIRON CAPITAL MANAGEMENT, LLC",,,inf,-100.0,,inf,1.59,2.09,-25.06,-100.0,,inf,12.45,-40.68,-100.0,,,,,
"CHOREO, LLC",,,,,,,,,inf,-100.0,,,inf,17.85,3.73,99.51,22.56,244.35,20.81,-42.51
CHURCHILL MANAGEMENT Corp,,,,inf,-100.0,,inf,33.85,-56.08,-100.0,,,inf,14.98,-11.16,39.92,33.93,-10.76,1.2,-100.0
CI INVESTMENTS INC.,,14.46,-3.54,22.26,-11.22,25.15,32.9,39.84,-22.49,-32.07,-21.09,10.48,57.43,-16.95,-36.38,36.68,2.37,-17.38,-10.12,-48.89
"CI Private Wealth, LLC",,,,,,,,,,,,inf,98.01,-100.0,,,,,,
CIBC Asset Management Inc,,24.46,62.42,20.82,-6.3,24.29,11.48,52.92,8.41,-23.27,-12.59,102264.78,52.66,37.97,-5.07,41.46,29.39,-19.91,7.94,-7.22
CIBC Capital Markets (Europe) S.A.,,,,,,,,,,,,,,,,,,,,inf
CIBC Private Wealth Group LLC,,,,,,,,,,,,,,,,,,,inf,-92.65
"CIBC Private Wealth Group, LLC",,,,,,,,,,,,,,,,,inf,26.72,-100.0,
CIBC WORLD MARKET INC.,,,,,,,,,inf,-19.58,-15.13,-41.63,92.76,33.49,-35.09,212.64,-16.0,7.38,-3.96,-25.02
CIBC WORLD MARKETS CORP,,15.82,29.06,52.39,-61.01,-9.38,-36.53,-16.39,888.97,-33.22,-34.55,42918.23,26.48,177.28,-56.62,235.79,-38.46,59.66,-11.19,-57.46
CIBC World Markets Inc.,,-12.33,67.98,401.04,-85.15,64.43,55.19,70.01,-100.0,,,,,,,,,,,
CIDEL ASSET MANAGEMENT INC,,,,,,,,,,,,,,,,,inf,-4.64,10.15,-10.06
CITY HOLDING CO,,,,,,inf,55.66,55.1,1.31,-24.73,-11.02,103843.46,55.62,13.56,24.08,52.01,-6.02,-6.65,4.44,-36.29
CKW FINANCIAL GROUP,,,,,,inf,-100.0,,,,,,,inf,-9.7,43.62,24.3,22.93,1.22,-48.04
"CLARIS ADVISORS, LLC / MO /",,,,,,,,,,,,,,,,,,,inf,-100.0
"CLEAR INVESTMENT RESEARCH, LLC",,,inf,12.12,-16.22,22.58,7.89,41.46,-24.14,-29.55,-19.35,4.0,150684.62,17.68,-9.74,44.08,31.47,-10.95,11.66,-16.99
CLEAR STREET LLC,,,,,,,,inf,-29.96,24.02,-9.36,12.38,-100.0,inf,-36.85,-77.94,175.49,199.57,-29.19,101.22
CLEAR STREET MARKETS LLC,,inf,91.04,123.64,-66.4,134.58,9.53,39.84,-72.03,-100.0,inf,-57.95,-100.0,inf,-69.35,0.0,-100.0,,,
CLIFFORD SWAN INVESTMENT COUNSEL LLC,,,,,,,,,inf,-27.55,-17.14,103029.53,45.09,16.22,-9.96,33.32,19.01,-5.13,3.85,-31.86
"CLOVERFIELDS CAPITAL GROUP, LP",,,,,,,,,,,,,,,inf,53.24,27.67,-11.17,-100.0,
"CMG Global Holdings, LLC",,,,,,,inf,1.27,-100.0,,inf,-100.0,,,,inf,-100.0,,,
CNB Bank,,,,,,,,,inf,-100.0,inf,44568.97,10.09,14.62,45.93,37.81,-32.46,-10.13,1.15,-26.38
COATUE MANAGEMENT LLC,,,,,,,,,,,,inf,211.89,90.57,43.48,-28.83,-72.62,-2.56,-100.0,
COBBLESTONE CAPITAL ADVISORS LLC /NY/,,inf,55.56,11.9,-20.74,15.77,9.28,51.46,-27.32,-26.51,-23.28,102171.37,51.32,6.79,-12.13,43.37,22.44,-20.19,15.97,-23.8
"COHEN & STEERS, INC.",,,,,,inf,-3.23,33.33,-25.0,-30.0,-19.05,764.71,51.02,16.22,-9.3,77.78,28.85,-11.75,-26.22,-21.78
COLDSTREAM CAPITAL MANAGEMENT INC,,25.76,60.59,28.08,-12.64,22.03,-19.7,211.73,-4.89,18.13,-100.0,inf,58.39,16.29,-14.74,59.53,21.68,-11.55,130.63,-62.6
COLLECTIVE FAMILY OFFICE LLC,,,,inf,-4.89,19.63,-8.79,28.91,-65.61,-100.0,,,,inf,-5.26,43.1,28.59,-13.98,-6.04,-35.16
COLONY GROUP LLC,,,inf,-100.0,,,,inf,1716.8,-6.24,-23.5,-30.7,31.57,15.78,-7.27,-100.0,,,,
COLUMBUS CIRCLE INVESTORS,,-10.1,11.94,-100.0,,,,,,,,,,,,,,,,
COMERICA BANK,,17.84,32.69,18.82,-14.43,18.9,-5.88,-7.54,11.07,-10.59,-33.13,12.03,-100.0,,inf,55.38,20.66,-9.82,0.55,35.15
"COMERICA SECURITIES,INC.",,,,inf,-100.0,,inf,55.56,30.95,-28.94,-15.14,89567.84,95.56,0.25,-9.68,-100.0,,,,
COMMERCE BANK,,6.2,154.27,15.22,4.15,20.02,19.19,50.03,24.47,-26.1,-20.44,103975.18,30.86,18.04,-15.54,43.79,19.88,-9.89,3.1,-21.36
COMMERZBANK AKTIENGESELLSCHAFT /FI,,-99.35,273.47,25.68,-100.0,,,inf,-100.0,,,,,,inf,184.77,-2.23,12.82,36.83,28.13
"COMMONWEALTH EQUITY SERVICES, LLC",,43.03,58.84,21.99,-23.09,35.99,22.47,48.75,-1.95,-34.21,-15.97,2.6,51.51,15.23,-4.95,53.98,21.4,-0.54,-5.38,-25.48
COMMONWEALTH OF PENNSYLVANIA PUBLIC SCHOOL EMPLS RETRMT SYS,,3.65,153.16,13.4,-28.94,100.33,9.39,40.22,8.85,-24.59,-17.47,17.99,151655.32,19.42,4.41,56.14,22.75,-10.05,0.38,-27.9
COMMUNITY TRUST & INVESTMENT CO,,,,,,,,,,,,,,,inf,43.39,3.79,6.19,1.85,-23.39
COMPTON CAPITAL MANAGEMENT INC /RI,,,,,inf,8.49,9.55,39.86,-26.56,69.96,-65.88,-50.6,-100.0,,,,,,,
"CONCOURSE FINANCIAL GROUP SECURITIES, INC.",,,,,,inf,-19.11,81.91,84.53,-18.56,-100.0,inf,35.38,26.35,114.17,-21.97,45.12,20.08,-10.5,-55.76
CONNABLE OFFICE INC,,,,,,,,,,inf,-18.28,2.26,152271.19,7.47,-9.59,42.78,0.67,-10.13,1.7,-100.0
CONNING INC.,,17.69,61.07,14.03,-21.59,3.2,1.99,23.34,-7.28,-30.51,-21.51,101627.03,46.45,3.21,-8.56,43.37,19.41,-7.36,-0.08,-31.04
CONNORS INVESTOR SERVICES INC,,,,,,,,,,,,,,inf,-1.6,63.98,76067.88,29.74,3.18,-29.53
"CONSILIO WEALTH ADVISORS, LLC",,,,,,,,,,,,,,,,inf,34.65,-11.13,15.36,-29.15
"CONTINENTAL INVESTORS SERVICES, INC.",,,,,,,,,,,inf,-100.0,,,,,,,,
"CONTRAVISORY INVESTMENT MANAGEMENT, INC.",,18.98,46.09,-27.0,-15.24,-100.0,,,inf,-100.0,,,,,,,,inf,-100.0,
COOK WEALTH MANAGEMENT GROUP LLC,,,,,,,,,inf,5.29,-100.0,,,,,inf,-100.0,,,
COOKSON PEIRCE & CO INC,,,,,,,,,inf,-100.0,,,,,,inf,-38.59,103548.44,-100.0,
COOPER CREEK PARTNERS MANAGEMENT LLC,,,,,,,,,,,,,inf,16.22,50.46,-15.98,27.34,-10.13,114.36,-51.81
CORA CAPITAL ADVISORS LLC,,,,,,,,,,,,,,inf,-10.02,43.34,22.07,-11.32,-40.23,-25.35
CORNERCAP INVESTMENT COUNSEL INC,,,,,,,,,,,,,,inf,-9.73,43.37,26.89,4392.94,-35.14,-29.84
CORNERSTONE ADVISORS INC,,,,,,,,inf,-100.0,,,,,,,,,,,
"CORRADO ADVISORS, LLC",,,,,,,,,,,,inf,-100.0,,,,,,,
COUNTRY CLUB BANK,,,,,,,,,,,,,,,,,,inf,17.52,75.63
COUNTRY CLUB BANK /GFN,,,,,,,,,inf,-100.0,,,,,inf,52.49,19.33,-100.0,,
COUNTRY TRUST BANK,,16.67,57.14,9.09,-13.89,19.35,10.81,39.02,-24.56,-30.23,3.33,82848.39,51.32,16.22,-9.73,43.37,22.44,-10.13,1.15,-26.38
COURIER CAPITAL LLC,,,,,,,,,inf,-30.12,-28.0,102185.48,51.32,16.22,-9.74,16.64,22.78,-10.38,110.97,-46.77
COZAD ASSET MANAGEMENT INC,,,,,,,,inf,-100.0,,inf,300610.37,2.63,12.98,-15.24,32.56,22.12,-14.77,1.17,-27.19
"CPWM, LLC",,,inf,14.84,-13.16,22.31,9.23,0.0,100.62,-26.93,-19.55,-100.0,,,,,,,,
"CRA Financial Services, LLC",,,,,,,,,,,,,,,,,,,inf,-100.0
CRAWFORD INVESTMENT COUNSEL INC,,,,,,,,,,,,,,,,,inf,-100.0,,
CREATIVE FINANCIAL DESIGNS INC /ADV,,2060.0,55.56,11.9,7.98,31.03,7.89,50.17,-17.63,-31.83,-15.29,117276.1,51.48,9.04,-7.8,47.67,40.82,-11.79,-0.07,-31.11
"CRITERION CAPITAL ADVISORS, LLC",,,,,,,,,,,,,,,,inf,22.44,-10.13,0.0,0.0
"CROWLEY WEALTH MANAGEMENT, INC.",,,,,,,,,,,,,,,,,,,,inf
CRUX WEALTH ADVISORS,,,,,,,,,,,,,,,,,,,,inf
CSS LLC/IL,,-10.78,232.8,86.44,-74.58,220.17,-100.0,inf,-100.0,,inf,102245.37,-100.0,,,,,,,inf
"CSat Investment Advisory, L.P.",,-25.0,-16.67,0.0,60.0,-100.0,,,,,,,,,,,,,,
CTC LLC,,,,,,inf,606.56,9.64,-6.79,-40.28,-16.88,-14.49,97763.03,22.29,37.44,41.77,37.5,-20.87,9.8,-19.2
"CULLEN INVESTMENT GROUP, LTD.",,,,,,,,,,,,,,,,inf,24.81,-8.96,8.42,-23.8
CULLINAN ASSOCIATES INC,,,,,,,,,inf,-100.0,,,inf,79.63,-16.07,-1.7,1.47,-10.13,3.43,-23.22
"CULTIVAR CAPITAL, INC.",,,,,,,,,,,,,,,,,,inf,-100.0,
"CUSTOM INDEX SYSTEMS, LLC",,,,,,,,,,,,,,,,inf,14.47,-100.0,inf,-23.03
CV Advisors LLC,,,,,,,,,,,,,,,,inf,1023.11,-10.03,-9.88,-31.77
"CVA Family Office, LLC",,,,,inf,63.08,-100.0,inf,0.78,-5.45,-29.63,133227.49,5.2,22.83,-9.89,54.19,22.84,-9.22,199.4,-70.2
"CWA Asset Management Group, LLC",,,inf,198.13,-58.46,55.47,0.49,32.85,-3.64,-34.72,-17.92,115596.48,130.66,-27.78,6.38,260.71,19.51,-100.0,inf,-40.24
"CWM Advisors, LLC",,-100.0,,,,,,,,,,,,,,,,,,
"CWM, LLC",,2.1,8.02,1.39,32.48,18.29,-100.0,inf,-30.66,-30.32,-19.27,18.61,58.5,-8.75,-47.12,67.67,35.45,-7.61,3.72,-100.0
CX Institutional,,,,,,,,inf,24.5,-100.0,,inf,236.92,24.79,-8.62,2.97,67.62,-5.23,0.02,12.74
CYPRESS ASSET MANAGEMENT INC/TX,,,,,,,,,inf,-30.3,-18.71,99117.17,48.9,15.52,-10.0,42.31,22.98,-12.43,-100.0,inf
CYPRESS CAPITAL MANAGEMENT LLC,,,,inf,-100.0,,,,,,,,,,,,,,,
"Cable Hill Partners, LLC",,,,,,,,inf,-0.85,13.25,-5.28,-100.0,inf,8.59,-43.62,-100.0,,inf,9.61,-20.4
CacheTech Inc.,,,,,,,,,,,,,,,,,,inf,11.1,-3.63
"Cadent Capital Advisors, LLC",,,,,,inf,9.66,33.58,-23.49,-100.0,,,,,,,,,,
"Caerus Investment Advisors, LLC",,,,,,,,inf,61.57,10.32,-46.75,-100.0,,,,,,,,
"Caitlin John, LLC",,,,,,,,,,,,,,,,inf,683.62,-85.96,930.52,4.78
"Caitong International Asset Management Co., Ltd",,,,,,,,,,,,,,,,,,,,inf
Calamos Advisors LLC,,,,,,,,,,,,inf,21.07,1.94,28.6,11.28,10.65,-22.75,-0.5,-26.29
Calamos Wealth Management LLC,,,,,,,,,,,,,,,inf,42.63,-35.4,-100.0,inf,-19.81
California Public Employees Retirement System,,,,,,,,,,,,,,,,inf,35.62,-11.58,0.15,-30.93
"Callan Capital, LLC",,,,,,,,,,,,,,,inf,71.85,227.92,-1.38,-50.09,-39.73
"Callan Family Office, LLC",,,,,,,,,,,,,,,,,,,,inf
"Calton & Associates, Inc.",,,inf,24.04,39.21,21.36,3.78,30.9,-23.61,-61.68,-15.08,-100.0,,,,,,,,
"Camarda Financial Advisors, LLC",,,,,,,,,,,,,,inf,-100.0,,inf,-100.0,,
"Cambridge Financial Group, Inc.",,,,,,,,,inf,-100.0,,,,,,,,,,
"Cambridge Investment Research Advisors, Inc.",,64.02,79.13,-9.93,-5.35,33.16,6.4,66.98,-21.62,-22.45,-16.44,-4.3,31.81,19.74,5.05,55.12,25.7,-11.75,8.22,-28.26
"Camden Capital, LLC",,,inf,79.46,-13.82,-17.79,12.2,160.05,-63.85,-16.18,19.31,127759.83,-100.0,,,,,,,
"Camelot Portfolios, LLC",,,,,,,,,,,,,,,,,,inf,-100.0,
Campbell & CO Investment Adviser LLC,,,,,,,,,inf,-100.0,,,,,,,,,,
Candriam Luxembourg S.C.A.,,-6.65,31.99,55.14,-3.95,157.94,-10.18,40.83,-18.51,-100.0,,,,,,,,,,
Candriam S.C.A.,,,,,,,,,,inf,-5.7,112268.92,31.84,7.61,-21.96,85.37,7.65,-27.24,39.28,-32.83
Cannell & Spears LLC,,,,,,,,,,,,,,,,,,inf,-7.62,-100.0
"Cannon Advisors, Inc.",,,,,,,,,,,,,,,,,,,inf,-32.01
"Canopy Partners, LLC",,,,,,,,,,,,,,,,inf,41.38,-11.98,-1.35,-51.72
"Canton Hathaway, LLC",,inf,235.24,23.93,-17.34,-28.21,4.79,39.78,-25.96,-26.62,-17.08,-24.65,136.83,10.77,-2.21,31.31,-4.71,-9.8,10.08,-34.67
"Canvas Wealth Advisors, LLC",,,,,inf,54.86,16.09,36.48,-33.84,-20.03,-14.8,87068.49,-4.16,13.55,-6.3,30.8,-5.94,-9.06,22.19,-13.73
Capasso Planning Partners LLC,,,,,,,,,inf,-29.33,-16.99,102485.13,47.98,16.27,-9.77,43.45,12.51,-4.14,-0.91,-100.0
"Cape Investment Advisory, Inc.",,,,,,,,,,,,,,,,inf,-100.0,inf,56.38,-46.91
"Capital A Wealth Management, LLC",,,,,,,,,,,,,,,,,,,,inf
"Capital Advantage, Inc.",,,,,,,,,inf,-30.06,-17.14,102272.11,48.02,18.47,-9.3,43.37,2.14,18.68,-8.14,-25.17
"Capital Advisors, Ltd. LLC",,,,,,,,inf,300.0,-100.0,inf,0.0,333.33,1223.08,-9.3,43.59,21.88,-8.42,4.0,-30.38
"Capital Advisory Group Advisory Services, LLC",,897.06,-15.04,2.08,-12.59,26.46,53.23,-3.01,-7.45,-17.0,-29.65,94871.26,55.75,-100.0,inf,69.94,20.07,-12.46,4.39,-24.6
"Capital Analysts, LLC",,16.22,-58.14,-100.0,,,,,,,,,,,,,,,,
Capital Asset Advisory Services LLC,,,,,,,,inf,18.53,-8.79,-100.0,inf,45.79,16.81,-16.37,34.5,23.5,7.65,8.66,-29.23
"Capital CS Group, LLC",,,,inf,-100.0,inf,168.02,-34.12,-100.0,inf,-67.02,2671348.39,-100.0,,,inf,-100.0,inf,-100.0,
"Capital Directions Investment Advisors, LLC",,,,,,inf,100.0,-100.0,inf,0.0,-50.0,97100.0,-100.0,,,,,,,
"Capital Investment Advisors, LLC",,155.43,37.58,6.5,-24.66,16.72,9.03,33.28,-25.93,-42.5,-29.45,6.76,126426.26,26.03,-0.77,33.21,39.27,4.97,36.24,-31.09
"Capital Investment Advisory Services, LLC",,,inf,12.13,-8.85,21.22,9.2,48.1,90.83,-15.19,-1.36,118161.03,44.64,15.21,-11.67,28.86,26.8,1.68,7.51,-19.32
"Capital Investment Counsel, Inc",,-26.08,118.71,-31.14,14.26,69.88,9.02,24.64,52.9,-34.65,-21.79,123353.46,40.42,71.86,-14.82,43.37,-13.19,26.76,5.21,-43.62
"Capital Management Associates, Inc",,,,,,,,,,,,,,,,,,,inf,-100.0
Capital Market Strategies LLC,,,,,,,,inf,-100.0,,,,,inf,0.75,64.19,19.12,31.56,9.74,-11.11
"Capital Wealth Alliance, LLC",,,,,,,,,,inf,-100.0,,,,,,,,,
"Capital Wealth Planning, LLC",,-100.0,,,,,,inf,-100.0,,,,,,,inf,-42.43,-100.0,inf,-100.0
Capitolis Advisors LLC,,,,inf,-82.59,-96.51,6565.17,87.18,18.22,-30.06,-100.0,,,,,,,,,
Capitolis Liquid Global Markets LLC,,,,,,,,,,,,,,,,inf,478.1,-36.14,92.9,-38.66
Capricorn Fund Managers Ltd,,,,,,,,,,inf,-100.0,,,,,,,,,
"Caprock Group, LLC",,,,,,,,,,,,,inf,8.2,-15.25,42.55,43.26,26.65,5.74,-29.9
"Capstone Financial Advisors, Inc.",,,,,,,,,,,,,,,,inf,25.6,-9.97,1.09,-100.0
"Caption Management, LLC",,,,,,,,,inf,-46.21,-17.16,102141.52,-100.0,,,inf,-100.0,,,inf
"Cardan Capital Partners, LLC",,inf,68.29,11.78,-21.88,-8.92,12.53,-100.0,,,,,,,,,,,,
Cardinal Point Capital Management ULC,,,,,,,,,,,,,,,,,,,inf,-100.0
Cardinal Strategic Wealth Guidance,,,,,,,,,,,,,inf,21.5,-13.66,43.37,22.44,-10.13,1.15,-26.38
Carlson Capital Management,,,,,,,,,,,,,,inf,-100.0,inf,17.5,-100.0,,
"Carlton Hofferkamp & Jenks Wealth Management, LLC",,,,,,,,,,,,,,,,,,inf,-1.62,-100.0
"Carmel Capital Partners, LLC",,,,,,,,,,,,,inf,16.23,406.58,-100.0,,,,
"Carmichael Hill & Associates, Inc.",,17.78,54.72,10.98,3.3,31.91,28.23,-16.35,-18.8,-26.85,-25.32,101933.9,-50.0,244.0,0.19,43.37,-10.32,-5.87,19.06,-100.0
Carmignac Gestion,,,,,,inf,-100.0,,,,inf,17914157.11,67.09,1.8,127.51,-36.12,24.12,-82.8,-91.27,-57.0
"Carnegie Capital Asset Management, LLC",,,,,,,,inf,213.04,-33.84,-1.34,107365.57,294.78,19.43,-5.65,57.99,28.31,-100.0,,
Carnegie Investment Counsel,,,,,,,,,,,,,,,,,,inf,29.88,-23.73
"Carolina Wealth Advisors, LLC",,25.0,40.0,28.57,-11.11,0.0,12.5,44.44,-23.08,-30.0,-14.29,0.0,146916.67,16.22,-9.74,43.37,22.45,-10.13,1.15,-10.02
Carr Financial Group Corp,,,,,,,,,,,,inf,-33.8,8.57,68.33,55.06,-16.41,-0.33,-27.18,-29.09
Carrera Capital Advisors,,,,,,,,,,,,,,,,,,inf,-100.0,
"Carroll Financial Associates, Inc.",,235.71,-4.26,540.0,-46.88,107.19,-38.17,169.9,-100.0,,,,,,,,,,,
"Carroll Investors, Inc",,,,,,,,inf,-55.7,7205.71,11.77,92425.02,85.07,19.24,-0.33,41.05,21.2,-7.09,3.49,-25.31
Carson Advisory Inc.,,,,,,,,,,,,,inf,-100.0,,,,,,
"CarsonAllaria Wealth Management, Ltd.",,,,,,,,inf,-56.78,-31.37,-17.14,3.45,151490.0,27.49,-9.74,43.37,52.51,-1.62,-2.49,-26.38
"Cartenna Capital, LP",,,,,,,,,,inf,34.45,85486.55,-100.0,,,,,,,
"Cascade Financial Partners, LLC",,,,,,,,,,,,,,,,,inf,-0.36,-25.36,0.72
"Cascades Capital Asset Management, LLC",,,,,,,,,,,,,,,,,,,inf,-100.0
"Cascadia Advisory Services, LLC",,,inf,-100.0,,,,,,,,,,,,,,,,
Cassaday & Co Wealth Management LLC,,,,,,,,,,,,inf,51.32,45.23,-2.48,166.62,-31.36,-9.29,0.8,-26.69
"Cassady Schiller Wealth Management, LLC",,,,,,,,inf,-100.0,,,inf,-29.45,16.22,6.87,43.37,23.37,-10.13,1.15,-24.41
"Castle Financial & Retirement Planning Associates, Inc.",,,,,,,,inf,-100.0,,,,,,,,,,,
"Castle Rock Wealth Management, LLC",,inf,7.62,34.02,-9.68,40.37,58.62,-32.8,-49.46,-67.56,53.31,125983.8,23.22,14.33,-2.02,34.35,101.05,22.71,15.91,-100.0
CastleKnight Management LP,,,,,,,,,,,,,,inf,784.08,15.87,24.7,-17.78,-25.12,81.11
"Castleview Partners, LLC",,,,,,,,,inf,-100.0,inf,-100.0,inf,88.87,-18.22,43.37,22.44,222.61,112.05,6.11
"Catalina Capital Group, LLC",,,,,,,,,,,,,,,,inf,183.34,-4.86,10.85,-32.94
"Catalytic Wealth RIA, LLC",,,,,,,,,,,,,,,,,inf,-16.17,-100.0,
"Cavalier Investments, LLC",,,inf,-100.0,,,,,,,,,,inf,-100.0,inf,2306.59,-50.5,-52.63,-23.38
"Cavalry Management Group, LLC",,-100.0,inf,119.68,-100.0,,inf,-10.69,115.61,-38.46,-72.61,65566.23,-79.0,325.34,-100.0,,,,,
Caxton Associates LP,,,,,,,,,,,,,inf,-100.0,,,,,,
"Cedar Brook Financial Partners, LLC",,,,,,,,,inf,-100.0,,,inf,-2.2,-100.0,,inf,-100.0,,
"Cedar Mountain Advisors, LLC",,,,,,,,,inf,-27.27,-25.0,107950.0,-9.29,25.9,-93.06,43.39,22.39,-10.09,1.11,-26.34
"Cedar Wealth Management, LLC",,,,,,inf,9.8,48.21,-24.1,36.51,-17.44,101433.8,-17.61,-12.55,-9.74,43.37,30.77,-10.13,-5.29,-26.38
"Ceeto Capital Group, LLC",,,,,,,,,,,,,,,,,inf,12.37,1.15,-31.28
Centennial Bank/AR/,,,,,,,,,,,,,,,inf,186.73,-38.79,-10.12,1.15,-26.38
Centennial Wealth Advisory LLC,,,,,,,,,,,,,,,,,,,inf,-100.0
Center For Asset Management LLC,,,,,,,,,,,,,,,,,,,inf,-100.0
"Center for Financial Planning, Inc.",,inf,66.67,10.0,-18.18,133.33,166.67,182.14,-0.63,-29.94,-30.0,82418.18,39.29,16.22,-9.74,360.9,22.44,-10.13,6.24,-25.85
CenterBook Partners LP,,,,,,,,,inf,201.16,-27.03,-100.0,inf,238.79,92.48,-71.7,286.02,-26.93,64.83,-91.28
"CenterStar Asset Management, LLC",,inf,-100.0,,inf,26.83,-100.0,inf,2.71,-36.27,-100.0,,,,inf,-79.68,-100.0,inf,-56.35,50.53
"Centerpoint Advisors, LLC",,,,,,,,,,,,inf,0.0,0.0,0.0,-100.0,,,,
Centerpoint Advisory Group,,,,,,,,,,,,,,,,,,,,inf
"Centiva Capital, LP",,-82.07,-48.29,647.3,977.63,61.95,-78.17,472.36,-60.14,21.59,-20.05,267210.75,-59.98,-10.23,-1.09,50.3,-55.11,28.51,125.49,-51.81
Central Asset Investments & Management Holdings (HK) Ltd,,3.72,1675.3,-68.07,-100.0,inf,-44.03,73.06,-39.71,-85.9,-100.0,inf,1498.14,-62.03,36.15,222.42,-100.0,,,
Centric Wealth Management,,,,inf,-14.8,40.25,9.37,37.57,-17.27,-30.83,-13.68,102268.29,54.43,6.77,-9.47,69.45,-3.21,-9.36,213.65,0.39
"Centricity Wealth Management, LLC",,,,,,,,,,,,,,,,,,,,inf
Centurion Wealth Management LLC,,,,,,,,,,,,,,,,,,,inf,-100.0
"Cerebellum GP, LLC",,,inf,-100.0,,,,,,,,,,,,,,,,
Cerity Partners LLC,,,inf,14.68,2001.21,18.25,9.53,52.52,2.21,-100.0,inf,212642.4,73.74,19.93,-15.17,-100.0,,inf,9.95,-100.0
Certified Advisory Corp,,17.14,-100.0,,inf,36.04,-25.19,39.58,-1.74,-26.08,-7.19,114088.19,80.64,-48.63,-100.0,inf,41.16,-6.64,8.83,-28.58
Cetera Advisor Networks LLC,,13.54,76.27,57.61,-17.66,112.02,8.09,44.81,-5.66,-3.46,-9.06,121995.24,48.52,18.82,50.1,129.99,38.92,-100.0,,
Cetera Advisors LLC,,-30.35,95.77,231.74,-7.76,8.01,9.74,4.25,-21.85,-6.86,-99.83,34249620.0,50.89,39.33,28.05,14.38,437.87,-100.0,,
Cetera Investment Advisers,,21.02,81.04,498.4,5.88,48.79,24.14,35.9,-13.35,-25.76,-99.87,64854482.35,62.78,11.76,-4.8,39.35,576.67,-27.78,0.39,-26.77
"Cetera Trust Company, N.A",,,,,,,,,,,,,,,,inf,22.44,-10.13,1.15,-26.38
"Change Path, LLC",,,,inf,168.38,10.46,7.33,-9.07,-100.0,,,,,,,,,,,
"Channing Capital Management, LLC",,,,,,,,,,,,,,,,,,inf,31.46,-100.0
"Charles Carroll Financial Partners, LLC",,,,,,,,,inf,-100.0,inf,102014.86,59.97,192.91,-9.73,47.21,-100.0,,,
"Charles Schwab Investment Advisory, Inc.",,,,,,,,,,,,,,,,,inf,-100.0,,
Charles Schwab Trust Co,,,,,,,,,,,,,,,,,,,inf,-100.0
"Charter Oak Capital Management, LLC",,,,inf,-26.32,125.0,7.94,45.59,-24.24,-30.67,-100.0,,,,,,inf,-13.92,14.24,-100.0
"Checchi Capital Advisers, LLC",,44.61,34.45,20.27,-19.08,5.3,19.4,49.84,13.14,-10.97,-35.09,95887.72,69.05,13.74,-6.54,44.27,16.02,-13.23,-2.01,-33.76
"Cherry Tree Wealth Management, LLC",,,,,,,,,,,,,,inf,-46.67,43.38,116.59,-10.14,1.15,-26.36
"Chicago Capital, LLC",,,,,,,,,,,,,,,,inf,89.3,-5.99,1.03,-25.33
Chicago Partners Investment Group LLC,,27.44,17.23,21.53,-14.74,108.98,-20.39,-21.31,9.94,1.92,-32.44,136064.23,6.81,27.47,-4.05,80.69,95.88,-7.61,11.95,-12.31
"China Universal Asset Management Co., Ltd.",,,,,,,,inf,-29.84,-53.02,-36.19,102230.51,8.9,105.59,-62.91,250.44,79.11,-31.19,-27.5,-4.77
"Chiron Investment Management, LLC",,,,,,,inf,-100.0,,,,,inf,-100.0,inf,-100.0,inf,26.36,-100.0,
Choate Investment Advisors,,,,,,,,,,,,,,inf,51.64,50.49,30.91,-12.89,7.31,-6.75
"Chokshi & Queen Wealth Advisors, Inc",,,,,,,,,,,,,,,,,,,,inf
Chris Bulman Inc,,,,,,,,,,,,,,,,,,inf,-100.0,
"Christensen, King & Associates Investment Services, Inc.",,,,,,,,,,,,,,,,inf,26.36,-7.64,24.18,-100.0
"Christopher J. Hasenberg, Inc",,,,,,,,,,,,,,,,,inf,-10.13,19.31,-30.1
"Chronos Wealth Management, LLC",,,,inf,-100.0,,,inf,-100.0,,,,,,,,,,,
"Chung Wu Investment Group, LLC",,,,,,,,,,,,,,,,,,,,inf
Cinctive Capital Management LP,,,inf,-100.0,inf,6672.51,100.57,-87.13,-100.0,inf,-97.98,114660.45,7664.0,-100.0,inf,387.65,-100.0,,inf,-91.51
Cipher Capital LP,,,,,,,,,,,,inf,-68.22,16.55,-100.0,,,,,
"Circle Wealth Management, LLC",,,,,,inf,10.19,57.14,-23.26,-100.0,,,,inf,109.74,39.79,32.75,148.97,10.7,-76.11
Citizens Business Bank,,,,,,,,inf,-100.0,,,,,,,,,,,
Citizens National Bank Trust Department,,,,,,,,,,,inf,0.0,97900.0,16.22,30547.41,99.32,33.47,4.74,12.88,13.66
"Cito Capital Group, LLC",,14.63,55.78,11.8,-14.4,19.67,9.54,39.89,-100.0,inf,-17.02,2.21,51.23,16.33,-9.82,43.39,-100.0,,,
City State Bank,,,,,,,,inf,-14.1,-4.48,46.88,1.06,391.58,16.27,-9.76,108.78,-50.73,92748.41,1.05,1.46
"Cladis Investment Advisory, LLC",,,,,,,,inf,-31.24,-30.06,-16.43,-16.23,182.55,15.82,-11.71,43.37,25.97,-7.61,-43.23,-35.19
"Claraphi Advisory Network, LLC",,-100.0,inf,19.97,-100.0,,inf,298.94,-8.18,-30.2,-33.56,345694.57,-100.0,,,,,,,
Clare Market Investments LLC,,inf,-100.0,inf,60.55,66.0,20.23,23.03,-41.69,-66.04,-14.85,-7.82,54.9,182.81,8.72,5.11,60.25,-62.08,8.41,-43.62
ClariVest Asset Management LLC,,0.0,2029900.0,-3.24,11.41,11.32,-45.23,35.44,-100.0,inf,-19.45,-100.0,,,,,,,,
Clarity Capital Partners LLC,,,,,,,,,,,,,,,,inf,7.84,-10.25,-1.23,-26.63
Clarity Financial LLC,,,,inf,-100.0,,,inf,-6.83,-100.0,inf,140063.43,-100.0,inf,50.58,75.4,-19.52,24.72,4.95,-26.07
"Clarity Wealth Advisors, LLC",,,,,,,,,,,,,,,,,,,inf,-29.34
"Clarius Group, LLC",,26.13,75.48,26.19,-12.04,18.09,15.11,26.35,0.0,-17.51,-15.7,16.58,139652.41,27.56,-30.0,32.0,5.72,-8.26,4.51,-27.48
"Clark Capital Management Group, Inc.",,,,,,,,inf,102.65,-35.23,31.46,97077.09,59.16,14.83,-5.39,263.14,66.61,1.9,14.01,-15.97
Claro Advisors LLC,,,,inf,-17.48,7.88,31.51,44.44,0.0,-37.98,100.0,140172.29,6.7,25.94,-45.97,43.32,5.92,9.85,52.29,-54.72
"Clarus Group, Inc.",,,,,inf,-100.0,,,,,,,,,,,,,,
Clarus Wealth Advisors,,,,,,,,,,,,,,inf,-100.0,inf,-13.09,26.7,7.98,-100.0
"Claybrook Capital, LLC",,,,,,inf,-100.0,,,,,,,,,,,,,
Clean Yield Group,,-54.55,60.0,125.0,-100.0,inf,11.11,40.0,57.14,-40.91,-15.38,102945.45,-42.06,16.22,-4.91,5.62,-24.64,-100.0,inf,-26.38
"Clear Creek Financial Management, LLC",,,,,,,,inf,111.9,-26.97,-14.46,131862.95,51.48,-57.45,-14.82,86.91,105.62,-1.81,76.38,-19.51
"Clear Harbor Asset Management, LLC",,,inf,-100.0,,,,inf,-100.0,,,,inf,49.22,29.81,-14.06,20.7,-10.89,10.8,47.85
Clear Point Advisors Inc.,,,,,,,,,,,,,,,,inf,77.94,-10.13,70.75,-100.0
"Clear Sky Advisers, LLC",,,,,,,,,,,,,,inf,-100.0,,,,,
Clear Street Derivatives LLC,,,,,,,,,,,,,,,,,,,inf,54.42
"Clearbridge Investments, LLC",,,inf,12.48,-2.45,-7.26,15.53,15.45,3.04,-16.02,-50.02,102207.43,28.1,-80.91,-9.74,43.37,22.44,-12.92,1.15,-26.38
Clearline Capital LP,,,,,,,,,,,,,,,inf,-58.34,-100.0,,,
"Clearstead Advisors, LLC",,16.13,93.06,145.32,25.22,27.63,-12.66,45.38,-25.87,-16.37,-20.05,76632.94,41.69,86.35,108.02,-21.01,13.25,906.56,15.9,-41.14
"Clearstead Trust, LLC",,,,,,,,,inf,-29.85,-11.7,-4.82,152001.27,0.0,7.05,513.12,28.83,5.15,4.07,-26.39
Clearview Wealth Advisors LLC,,,,,inf,14.29,50.0,-83.33,3750.0,-31.17,-18.87,26260.47,8.08,25.52,-100.0,,,,,
Clio Asset Management LLC,,,,,,,,,,,,,,inf,-100.0,,,,,
Close Asset Management Ltd,,,,,,,,,,inf,-16.94,5.92,50.93,20.16,-9.59,14.39,27.48,109.35,123.82,-63.19
CloudAlpha Capital Management Limited/Hong Kong,,,,inf,-97.12,22559.87,-77.66,38.94,-84.11,-100.0,,,inf,-41.11,1293.3,-31.25,-79.99,-100.0,,
"Coastal Capital Group, Inc.",,-100.0,,,inf,-100.0,,,,,,,,,,,,,,
"Coastal Investment Advisors, Inc.",,1.87,55.05,13.02,-11.26,23.01,61.15,32.74,-23.65,-29.22,-14.32,101210.9,59.02,5.8,0.0,-100.0,,,,
Coastline Trust Co,,,,,,,,,,,,,,,,,,,inf,-67.64
"Coastwise Capital Group, LLC",,,,,,,,,,,,,inf,-1.23,-19.1,39.13,82.14,-41.43,38.46,-4.41
Codex Capital Asset Management L.L.C.,,,,,,,,,,,,,,,,,,inf,-20.2,-100.0
"Codex Capital, L.L.C.",,,,inf,101.78,27519.98,9.47,179.88,140.45,0.0,-23.7,2.16,51.32,13.9,-9.74,34.59,17.12,-100.0,,
"Cognios Capital, LLC",,-100.0,,,,,,,,,,,,,,,,,,
Cohen Klingenstein LLC,,,,,,,inf,39.84,-24.01,-30.08,-17.08,102079.53,51.32,16.22,-9.74,43.37,22.44,-10.13,1.15,-26.38
Coign Capital Advisors LLC,,,,,,,,,,,,,,,,,,,,inf
Collaborative Holdings Management LP,,,,,,,,,,,,,,inf,-14.03,-100.0,inf,-100.0,,
"Colonial River Investments, LLC",,,,,,,,,,,,,,,,,,,inf,-33.25
"Colonial River Wealth Management, LLC",,,,,,,,inf,2.38,-100.0,,,,,,inf,179.05,1.12,-100.0,
Colonial Trust Advisors,,,,,,,,,,,,inf,48.0,17.96,-9.57,43.89,1.55,-18.08,62.53,-26.38
Colonial Trust Co / SC,,,,,,,,,,,,inf,51.32,-21.37,-35.41,47.4,59.12,-50.48,120.32,26.36
"Colony Family Offices, LLC",,,,,,,,,,inf,-17.39,102212.81,51.61,-100.0,,,,,,
"Colony Group, LLC",,,,,,,,,,,,,,,,inf,50.7,873.93,33984.79,-100.0
Columbia Trust Co 01012016,,,,inf,5.13,59.45,12.43,0.0,-100.0,,,,,,,,,,,
"Column Capital Advisors, LLC",,,,,,,,inf,400.0,-40.0,0.0,563400.0,51.32,25.57,-13.58,-100.0,,,,
"Community Bank & Trust, Waco, Texas",,,,,,,,,,,,,inf,32.85,-100.0,inf,97.43,-8.34,1.16,-26.87
"Community Bank, N.A.",,,,,,,,,,,inf,-100.0,,,,,,,,
Compass Financial Services Inc,,,,,,,,,,,,,,,,,,,,inf
Compass Wealth Management LLC,,,,,,,,,,,,inf,41.87,116.22,-51.48,43.37,18.89,-14.15,-6.75,-26.38
"Comprehensive Financial Consultants Institutional, Inc.",,,,,,,,inf,-100.0,,,,,,,inf,45.88,-6.58,3.79,-19.84
"Comprehensive Financial Planning, Inc./PA",,,,,,,,,,,,,,,,,,,,inf
"Concentric Capital Strategies, LP",,,,,,,,,,,,,,,inf,18.21,91.98,116.44,-38.54,-100.0
Concentrum Wealth Management,,,,,,,,,inf,214.97,-7.02,100771.2,48.32,15.25,147.97,205.59,-31.46,-8.18,8.26,-31.12
Concord Wealth Partners,,,,inf,400.0,-40.0,0.0,5400.0,-1.21,43.56,-100.0,inf,47.11,66.62,-34.35,13.43,-34.5,-59.03,118.9,-67.25
"Concorde Asset Management, LLC",,1.25,62.14,-100.0,inf,22.28,9.53,-16.25,-1.85,-100.0,inf,100216.27,-9.43,102.2,-4.09,15.91,27.35,-23.25,-3.67,-100.0
"Concurrent Investment Advisors, LLC",,,,,,,,,,,,,,,,inf,21.18,1.28,17.61,-11.83
"Confluence Wealth Services, Inc.",,,,,,,,inf,-100.0,inf,-100.0,,,,,inf,101.58,1.62,-40.47,-10.32
Congress Park Capital LLC,,,,,,,,,,inf,-100.0,inf,8.73,-100.0,,,,inf,228.29,-46.14
Congress Wealth Management LLC / DE /,,,,,,,,inf,-100.0,inf,-17.08,-100.0,inf,-100.0,,,,inf,-100.0,
"Connor, Clark & Lunn Investment Management Ltd.",,173.46,129.55,-54.88,-20.47,-27.1,1363.39,66.87,-53.53,-100.0,,,inf,20983.14,56.84,16.28,-7.42,-100.0,,
Consolidated Planning Corp,,,,,,,,,,,,,,,,inf,52.63,-0.34,-100.0,
Consolidated Portfolio Review Corp,,,,,,,,,,,,,inf,17.6,-3.89,43.82,-100.0,inf,-34.8,-100.0
"Continuum Advisory, LLC",,,inf,8.16,-1.57,124305.43,41.9,39.13,-39.32,-13.3,-16.09,101.06,50.69,12.08,-57.41,-25.96,37.39,7.68,-5.55,-34.24
Contour Asset Management LLC,,,,inf,-100.0,,,,,,,,,,,,,,,
"Convergence Investment Partners, LLC",,,inf,13.93,-100.0,inf,5.45,33.19,47.57,-54.39,-100.0,,inf,12.6,-9.44,46.33,21.9,88137.01,-3.07,-26.23
"Cook Wealth, LLC",,,,,,,,,,,,,,,,,inf,-10.2,7.43,-100.0
Cooper Financial Group,,,,,,,,,inf,-100.0,,,,inf,152.56,90.86,44.75,3.18,-2.73,-25.59
Coppell Advisory Solutions Corp.,,,,,,,,,,,,inf,-100.0,,,,inf,-100.0,,
Coppell Advisory Solutions LLC,,,,,,,,,,,,inf,-100.0,inf,-46.16,421.58,-100.0,inf,45.41,-30.43
"Copperwynd Financial, LLC",,,inf,-100.0,,,,,,,,,,,,,,,,
Corbenic Partners LLC,,,,,,,inf,50.0,-83.33,0.0,-100.0,,,,,,,,,
"Cordant, Inc.",,,,,,,,,inf,-33.33,0.0,103550.0,51.33,16.23,-9.74,5884.2,-5.42,-10.13,1.15,-26.38
Cordasco Financial Network,,-100.0,inf,33.33,-25.0,33.33,0.0,150.0,210.0,-64.52,-100.0,,,,,,,,,
Cordatus Wealth Management LLC,,18.37,14.22,12.86,-10.66,-100.0,,inf,-100.0,,,,,,,,,,,
Core Alternative Capital,,,,,,,,inf,95871.43,13.2,57.17,114341.81,17.11,-17.83,-15.88,-7.0,-6.74,-19.95,-6.12,-22.78
"Core Wealth Advisors, Inc.",,,,,,,,,,inf,-100.0,,,,,,,,,
"CoreCap Advisors, LLC",,,,,,,,inf,23.26,-57.12,-29.23,104151.69,-100.0,inf,-7.05,97.29,55.17,-100.0,inf,-35.94
"Corebridge Financial, Inc.",,,,,,,,,,,,,,,,,,inf,-1.71,-30.19
"Corient Capital Partners, LLC",,,,inf,-45.45,-27.78,-100.0,,inf,-100.0,,,,,,,,,,
Corient Private Wealth LLC,,,,,,,,,,,,,,inf,-9.63,51.58,26.01,-5.0,6.02,-29.63
"Cornell Pochily Investment Advisors, Inc.",,,,,,,,,,,,,,,,inf,-100.0,,,
"Cornerstone Advisors, LLC",,,,inf,28.39,35.0,9.55,39.85,-24.01,29.55,-17.14,102122.21,-100.0,inf,-13.04,35.9,15.16,-10.55,13.03,-26.7
"Cornerstone Advisory, LLC",,,,inf,127.09,27.77,7.64,36.44,13.76,-53.15,-16.92,97985.12,54.84,-3.65,-10.23,19.78,35.26,-7.38,-13.47,-25.53
"Cornerstone Management, Inc.",,,,,,,,inf,-24.02,-30.06,-17.14,2.23,51.32,-100.0,,,,,,
Cornerstone Planning Group LLC,,,,,,,,,,,,inf,-100.0,inf,-18.57,28.69,-27.32,6.41,30.65,-23.57
"Cornerstone Select Advisors, LLC",,,,,,,,,,,,,,,,,,,,inf
"Cornerstone Wealth Group, LLC",,,,,inf,153.04,19.43,36.76,-57.46,-16.36,-100.0,,,,inf,428.64,-34.62,-3.5,2.61,-86.45
"Cornerstone Wealth Management, LLC",,,,,,inf,14.22,48.19,49.32,-27.95,-7.3,-100.0,inf,-16.98,49.32,14.83,42.45,2.09,16.85,-7.48
Corton Capital Inc.,,,,,,,,,inf,-24.26,-100.0,,,,inf,135.17,-48.78,-100.0,,
"Coston, McIsaac & Partners",,,,,,,,,,,,,,inf,0.0,100.0,450.0,-9.09,320.0,-71.43
Cottage Street Advisors LLC,,,,,,,,inf,-14.99,-51.56,-100.0,,,inf,-9.74,38.66,16.16,-10.86,0.97,-27.05
"Coulter & Justus Financial Services, LLC",,,,,,,,,,,,,,,,,inf,-100.0,,
Counterpoint Mutual Funds LLC,,,,,,,,,inf,-100.0,,,,,,,,,,
"Counterweight Ventures, LLC",,,,,,,,,,,,,,,,inf,11.92,-15.2,-6.91,-26.38
"Country Club Trust Company, n.a.",,inf,60.93,12.43,-16.97,17.65,9.47,-100.0,,,,,,,,,,,,
Covea Finance,,,,,,,,,,,,,,,inf,29.02,-12.49,60.13,37.67,-69.52
"Covenant Asset Management, LLC",,,,inf,-100.0,,,,inf,-31.02,4.25,102418.36,79.99,36.26,-8.47,47.01,1.21,-8.96,23.75,-45.11
"Covenant Partners, LLC",,,,,,,,,,,,,,,,inf,22.44,-10.13,-100.0,
Covestor Ltd,,,,,,,,inf,70.99,-49.55,0.0,-11.5,-32.0,30.88,-13.48,51.95,52.14,-6.18,0.0,-20.96
Covington Capital Management,,,inf,100.0,0.0,-50.0,500.0,166.67,2562.5,-11.15,-13.34,-100.0,,,,,,,,
Cowen Prime Advisors LLC,,inf,-100.0,,,inf,8.51,41.18,-23.61,-30.91,-15.79,0.0,40.62,126466.67,-100.0,,,,,
Cowen Prime Services LLC,,13.04,57.69,12.2,-15.22,20.51,-100.0,,,,,,,,,,,,,
Cox Capital Mgt LLC,,,,,,,,,,,,,,,,,,,inf,-26.96
Crake Asset Management LLP,,,,,,,inf,-99.7,99.23,-86.69,4.56,504124.26,109.59,-6.39,7.6,3.58,15.26,243.67,-51.07,-9.93
"Cranbrook Wealth Management, LLC",,,,,inf,100.0,250.0,42.86,1010.0,-29.73,-16.67,101440.0,51.32,14.05,-9.74,43.37,22.44,-8.24,1.15,-26.1
"Crawford Lake Capital Management, LLC",,inf,-21.03,-2.79,-100.0,,inf,-31.61,-14.04,112.66,-100.0,,,,,,,,,
Creative Capital Management Investments LLC,,,,,,,,,,,,,inf,-88.38,-9.73,-28.32,22.45,-10.13,127.23,-26.38
Creative Planning,,89.13,207.97,20.05,-100.0,inf,24.5,21.44,-6.3,-20.01,-20.11,160976.56,7.42,24.43,-1.79,39.49,32.64,0.05,20.68,-27.15
"CreativeOne Wealth, LLC",,,,,,,,,inf,95.42,-14.4,7.09,102.55,8.78,-65.01,32.76,166.27,-13.78,91934.58,5.66
Credit Capital Investments LLC,,,,,,,,,inf,48.17,-15.59,-100.0,,,inf,-100.0,,,,
Creekmur Asset Management LLC,,,,,,,,,,,,,,,,inf,-27.2,0.7,11.05,-36.96
"Crescent Grove Advisors, LLC",,,,,,,,,,,,,,,,,,,,inf
"Crescent Park Management, L.P.",,,,,,,,,,inf,-15.22,-100.0,,,,,,,,
"Cresset Asset Management, LLC",,,inf,22.39,-16.53,63.72,53.21,114.46,-39.73,-63.76,-29.78,82312.61,70.38,5314.23,-100.0,,inf,-64.95,1.81,787.13
"Crestline Management, LP",,,,,,inf,1.62,-65.2,72.21,75.93,-21.77,75803.81,66.55,-100.0,inf,144.92,-37.29,-100.0,,inf
Crestmont Private Wealth LLC,,,,,,,,,inf,-100.0,,,,,,,,,,
Crestwood Advisors Group LLC,,,,inf,-100.0,,,inf,51.2,-60.62,-100.0,,,,,inf,-100.0,,,
"Crestwood Advisors Group, LLC",,,,,,,,,,,,,,,,inf,70.08,14.34,5.07,-15.43
"Crestwood Capital Management, L.P.",,,,,,,,,,inf,9.53,210509.35,40.26,-22.64,-1.52,29.15,-24.72,-35.87,-12.48,-26.38
"Crew Capital Management, Ltd.",,,,,,,,,,,,,,,,inf,-100.0,,,
Crewe Advisors LLC,,,inf,-66.67,-50.0,100.0,0.0,-100.0,inf,1933.33,6603.28,64506.85,50.74,14.53,-100.0,,inf,-10.23,1.15,-31.4
Crews Bank & Trust,,,,,,,,,,,,,,,,,,,,inf
"Cribstone Capital Management, LLC",,,,,,,,,,inf,9450.0,239616.75,-100.0,,,,,,,
Cromwell Holdings LLC,,,,,,,,,,,,,,,,,,inf,0.66,-31.82
Cross Staff Investments Inc,,,,,,,,inf,-22.49,43.35,-69.7,66017.2,70.59,20.26,-11.25,40.92,22.44,-14.38,-8.07,-31.56
"Crossmark Global Holdings, Inc.",,21.03,53.65,39.23,-18.63,13.92,6.16,4.61,1.2,-30.91,-16.14,192.48,51.6,12.11,-1.82,31.4,-16.39,17.73,8.86,-19.04
Crossvault Capital Management LLC,,,,,,,inf,49.77,-24.17,-100.0,,,,,,,,,,
"Crown Wealth Group, LLC",,,,,,,,,,,,,,,,,inf,-100.0,,
Csenge Advisory Group,,,,,,,inf,-100.0,inf,-12.38,8.97,-100.0,inf,103.19,-13.92,103.2,37.36,12.44,-8.2,-25.27
Curbstone Financial Management Corp,,inf,50.7,11.84,-15.18,21.18,9.89,30.95,-0.47,-29.33,-16.87,2.25,151259.37,16.22,-9.74,41.17,20.54,-11.36,-59.26,-26.38
Curi Capital,,,,inf,-100.0,,,,,,,,,,,,,,,
"Curi RMB Capital, LLC",,,,,,,,,,,,,,,,,inf,-13.57,2818.67,-65.26
"Curi Wealth Management, LLC",,,,,,,,inf,12.33,-29.88,-100.0,,,,,,,,,
Custom Portfolio Group LLC,,,,,,,,,,,,,,,,,inf,-10.13,-100.0,
"Cutler Capital Management, LLC",,,,,inf,28.7,-0.72,-100.0,,,,,,,,,,,,
Cutler Group LLC / CA,,,,,,,,,,,inf,5.82,-9.49,-20.27,21.89,116.99,-68.65,-100.0,,
Cutler Group LP,,-5.01,3.33,-8.02,-14.53,60.29,0.36,10.45,-88.92,161.99,-100.0,,,,,,,,,
"Cutter & CO Brokerage, Inc.",,,,,,,inf,39.93,-20.53,-100.0,,,inf,11.25,10.51,57.76,18.05,-17.39,7.02,-11.67
"Cyndeo Wealth Partners, LLC",,,,,,,,,,,,inf,6782.36,-97.96,3.13,485.23,138.04,-7.96,-0.93,-26.36
"Cynosure Group, LLC",,,,,,,,,,,,,,,,,inf,12.81,13.76,-33.13
Cypress Capital Management LLC (WY),,inf,-100.0,inf,-97.38,7376.09,-38.76,-99.62,-100.0,inf,-25.0,107850.0,51.32,16.22,-9.74,43.37,11140.07,-14.95,0.48,-34.14
"Cypress Capital, LLC",,,,,,,inf,39.81,-16.98,-35.91,-100.0,,,,,,,inf,-100.0,
"Cypress Point Wealth Management, LLC",,,,,,,inf,-100.0,,,,,,,,,,,,
"Cypress Wealth Services, LLC",,,,,,,,,,,,,,,,,,,inf,-100.0
"Cyrus J. Lawrence, LLC",,,,,,,,,,,,,,,,,,inf,0.0,-100.0
Czech National Bank,,,,,,,,,,,inf,102834.14,52.22,16.66,33.7,43.69,23.01,-2.65,116.56,-60.72
D L CARLSON INVESTMENT GROUP INC,,,,,,,,,,,,,,inf,68.85,-1.18,0.21,-1.91,-19.61,-69.86
"D'Orazio & Associates, Inc.",,inf,50.0,33.33,-25.0,33.33,300.0,-100.0,,,,,,inf,-100.0,inf,29.65,-0.61,3.98,-36.53
D.A. DAVIDSON & CO.,,19.37,65.89,31.54,26.1,34.54,39.09,20.96,0.16,-13.8,-2.4,93345.8,51.53,17.81,-19.12,78.67,24.95,-2.13,28.01,-40.07
D1 Capital Partners L.P.,,,,,,,,,,,,,,inf,-100.0,,,,,
"DAGCO, INC.",,,,,,,,,,,,,,,,inf,-100.0,,,
DARK FOREST CAPITAL MANAGEMENT LP,,,,,,,inf,-95.54,200.0,-93.33,-100.0,,,inf,-100.0,,,,inf,-100.0
DAVENPORT & Co LLC,,,,,,inf,-100.0,,inf,-22.11,-19.23,85160.77,66.14,24.12,3095.3,45.46,21.59,14.1,2.28,-29.53
DAVIS R M INC,,,,,,,,,inf,-100.0,inf,83.49,34.7,16.41,-15.41,146252.91,22.8,-18.86,-3.19,-26.65
"DAYMARK WEALTH PARTNERS, LLC",,,,,,,,,,,,inf,53.03,11.84,-11.8,41.42,16.97,-8.11,-0.98,-34.29
"DB Wealth Management Group, LLC",,,,inf,-33.33,50.0,0.0,33.33,-100.0,,,,,,,,,,,
"DCF Advisers, LLC",,2.07,14.27,11.87,-2.72,5.28,-20.33,4.88,-24.02,-30.06,-17.13,102114.62,51.32,18.16,29.33,24.67,22.44,-10.13,1.15,-3.14
"DCM Advisors, LLC",,,,inf,-100.0,,inf,94.64,-21.03,-82.33,-100.0,,,,,inf,-100.0,,,
"DDFG, Inc",,,,,,,,,,,,inf,-13.53,16.22,-9.74,186.73,-38.78,-10.13,1.15,-26.38
DE BURLO GROUP INC,,,inf,101.02,-78.98,17.74,9.72,198.11,29985.06,-100.0,1324869.33,-100.0,inf,9.63,1.72,0.0,-12.64,-21.46,176.26,-32.84
DEARBORN PARTNERS LLC,,,,,,,,,inf,-15.17,54.19,48430.62,-1.62,-100.0,,inf,41.31,1.4,1.15,-100.0
DELTA ASSET MANAGEMENT LLC/TN,,18.18,53.85,12.5,-13.33,30.77,9.8,39.29,-100.0,,,inf,52.98,16.22,-9.74,43.37,22.44,-10.13,1.5,-26.63
DELTA FINANCIAL ADVISORS LLC,,,,,,,,,,,,,,inf,-9.74,43.37,22.44,-10.13,1.15,-31.55
DELTEC ASSET MANAGEMENT LLC,,inf,-91.82,503.9,-1.7,102.96,-100.0,,inf,-100.0,inf,-100.0,,inf,-22.08,-100.0,inf,-100.0,,
DEROY & DEVEREAUX PRIVATE INVESTMENT COUNSEL INC,,,,,,,,,,,,,,inf,-9.69,43.17,22.49,-10.15,-100.0,
DEUTSCHE BANK AG\,,,,,,,,,,,,,,,inf,-18.78,146.9,439.52,-79.02,-41.75
"DFPG INVESTMENTS, LLC",,39.55,11.21,32.18,-100.0,inf,26.29,-1.78,17.95,37.86,-25.36,70444.83,107.25,33.77,84.99,18.98,-100.0,,,
"DGS Capital Management, LLC",,,,,,,,,,,,,,inf,-100.0,inf,130.37,-60.76,100.99,-31.94
DIMENSIONAL FUND ADVISORS LP,,,,,,,,,,inf,-17.05,1.66,173694.98,35.02,-1.75,49.25,4.08,-4.01,5.47,-24.52
"DISCOVERY CAPITAL MANAGEMENT, LLC / CT",,,inf,-100.0,,,,inf,-100.0,,,,inf,-100.0,inf,-100.0,,,,
"DIVERSIFY WEALTH MANAGEMENT, LLC",,,,,,,,,,,,,,,,,,,inf,20.61
"DIVIDEND ASSETS CAPITAL, LLC",,,,,,,,,,,,,,inf,-8.57,43.75,-100.0,,,
DIXON HUBARD FEINOUR & BROWN INC/VA,,,,,,,,inf,-5.75,-29.15,-100.0,,,,,,,,,
"DMC Group, LLC",,,,,,,,,,,,,inf,18.02,3.1,36.98,32.69,-13.06,-3.45,-25.78
"DMG Group, LLC",,,,,,,,inf,-39.54,-10.74,-6.42,-2.71,-100.0,,,,,,,
DOHENY ASSET MANAGEMENT /CA,,106.48,14.89,-30.94,-21.69,23.18,3.73,39.0,-25.13,-100.0,inf,-33.43,129.98,15.86,-16.16,33.4,29.7,38.65,-30.06,-31.73
"DONALDSON CAPITAL MANAGEMENT, LLC",,,,,,inf,15.84,97.27,51.68,-44.13,145.33,-100.0,inf,17.87,1.31,40.61,7.13,2.36,5.14,-26.99
DOWLING & YAHNKE LLC,,,,,,inf,57.76,91.45,2.44,-10.53,-32.08,-100.0,,,,,,,,
DRAVO BAY LLC,,,,,,,,,inf,-100.0,,,,,,,,,,
DRIEHAUS CAPITAL MANAGEMENT LLC,,15.68,21022.59,1.74,-100.0,,,,,,,,,,,,,,,
"DRIVE WEALTH MANAGEMENT, LLC",,,,,,,,,,,,,inf,15.26,-18.71,99.46,28.51,-7.09,-87.87,524.26
DROMS STRAUSS ADVISORS INC /MO/ /ADV,,,,,,,,,,,,,,,,,inf,89767.84,-100.0,
DSM CAPITAL PARTNERS LLC,,,,,,,,,,,,,,,,,,,,inf
DSM Capital Partners LLC,,,,,,,,,,,,,,,,inf,267100.07,-14.63,-6.64,-100.0
"DT Investment Partners, LLC",,,,,,,inf,-100.0,inf,-100.0,inf,110167.07,28.56,31.12,-12.57,67.34,4.9,-9.57,17.99,-26.38
"DUALITY ADVISERS, LP",,inf,-14.68,-39.95,73.19,-38.22,-100.0,inf,-55.66,6.48,-100.0,,,inf,-100.0,,inf,-100.0,,
"DUDLEY CAPITAL MANAGEMENT, LLC",,,,,,,,,,,,,,,,,inf,7.97,29.38,-100.0
DUNCKER STREETT & CO INC,,inf,57.14,10.61,-100.0,,,,,,,inf,51.32,16.22,-9.74,43.36,22.44,-10.13,-84.77,-26.38
DUPONT CAPITAL MANAGEMENT CORP,,13.64,114.81,-67.04,-25.97,-100.0,,inf,176.17,-74.75,35.8,11069.56,-100.0,,,,,,,
"DZ BANK AG Deutsche Zentral Genossenschafts Bank, Frankfurt am Main",,87.39,-50.48,394.17,-29.67,293.02,230.63,137.98,-94.5,0.66,-49.76,640640.58,-9.0,-9.18,-18.29,-92.35,777.07,143.87,5.32,-10.84
Daiwa Securities Group Inc.,,0.0,95.27,14.07,-55.16,19.68,19.02,48.69,5.25,-30.3,25.89,97.37,54.93,6.35,-53.61,70.11,33.75,-9.0,12.57,-21.24
Dakota Wealth Management,,,,,,,,,,inf,-37.0,49566.38,99.39,28.72,-42.72,-100.0,,,,inf
"Dana Investment Advisors, Inc.",,,,,,,inf,27.22,133.95,-19.04,-51.25,33484.0,16.12,-25.4,-18.33,27.15,-11.89,32.11,-50.41,-61.6
"Danda Trouve Investment Management, Inc.",,-11.76,0.0,-86.67,900.0,-40.0,-25.0,-11.11,-100.0,,,,,,,,,,,
Dantai Capital Ltd,,,,,,,,,,,,,,inf,144.5,127.82,-100.0,,,
Darden Wealth Group Inc,,,,,,,,,,,,,,,,inf,121.56,10.5,2.56,-38.07
"Darwin Advisors, LLC",,,inf,-93.11,-100.0,inf,-0.83,-21.74,-9.77,29.9,-100.0,,,,,,,,,
"Darwin Wealth Management, LLC",,,,,,,,,,,inf,137634.23,3.48,40.85,-4.01,31.07,-23.62,-100.0,inf,-100.0
David J Yvars Group,,,,inf,41.15,2.62,9.09,16.93,-100.0,,,,,inf,-11.11,65.31,22.44,-10.97,0.47,-28.19
Davidson Capital Management Inc.,,,,,,,,inf,-33.33,0.0,50250.0,273.09,46.1,22.44,-9.73,43.37,-2.46,-10.14,37.75,-21.79
Davidson Kempner Capital Management LP,,,,,,inf,-37.43,249.76,-100.0,,,,,,,,,,,
"Davies Financial Advisors, Inc.",,,,,,,,,,,,,,,,,inf,-13.74,-1.85,-30.25
Davis Capital Management,,50.0,-100.0,,,,,,,,,,,,,,,,,
Davy Global Fund Management Ltd,,,,,inf,19.53,9.51,-100.0,,,,,,,,,,,,
"DeDora Capital, Inc.",,,inf,20.12,4.06,32.68,18.2,-100.0,inf,-25.53,-9.82,119140.99,62.0,14.84,-8.98,42.73,146.72,-56.65,1.4,-25.75
"Deane Retirement Strategies, Inc.",,,,,,,,,,,,,inf,-100.0,inf,-30.05,-77.17,-100.0,,
"Decatur Capital Management, Inc.",,,,,,inf,-100.0,inf,-100.0,,,,,,,inf,22.44,-9.37,1.15,-100.0
"DecisionPoint Financial, LLC",,,,,,,,,,,,inf,-100.0,,,,inf,-8.21,13.57,-24.58
Decker Retirement Planning Inc.,,,,,,,,,,,,,,,,,,,,inf
DeepCurrents Investment Group LLC,,,,,,,,,,,,,,inf,-100.0,,,,,
Degroof Petercam Asset Management,,,,,,,,,,,,,,,,inf,15.99,-100.0,,
"Del-Sette Capital Management, LLC",,,,,,,,,,,inf,-100.0,,,,,,,,
Delaney Dennis R,,,,,,,,,,,inf,104231.25,53.32,5.6,-11.03,71.65,12.74,-12.05,-0.61,-45.79
"Delos Wealth Advisors, LLC",,,,,,inf,9.09,183.33,-61.76,-30.77,-11.11,97050.0,-100.0,,,,inf,-10.12,-100.0,
Delphia (USA) Inc.,,,,,,,,inf,-26.32,2.46,-100.0,,,,,,,,,
"Delta Accumulation, LLC",,,,,,,,,,,,,inf,132.45,88.49,-31.34,-2.77,139.8,-100.0,
Delta Financial Advisors LLC,,,,,,,,,inf,0.74,-17.22,-100.0,,,,,,,,
"Delta Financial Group, Inc.",,,,,,,,,,,,,,,,,inf,-5.7,70.23,-100.0
Delta Global Management LP,,,,,,,,,,,,,,,,inf,-60.17,-100.0,inf,-100.0
"Delta Investment Management, LLC",,inf,-100.0,inf,-100.0,,,inf,-100.0,,,,,,,,inf,-25.72,43.6,-100.0
Dempze Nancy E,,,,,,,,,inf,-50.31,-14.43,106203.44,59.66,11.97,20.94,43.21,8.13,-13.36,14.13,-23.15
"Denver PWM, LLC",,,,,,,,,,,,,,,,,,inf,85.59,-81.48
Deseret Mutual Benefit Administrators,,,,,,inf,7.69,104.76,97.67,-41.18,-35.0,55403.08,73.6,18.23,-13.35,12.58,22.44,2.16,22.22,-13.91
Desjardins Global Asset Management Inc.,,,,,,,,inf,-12.73,-42.31,-48.51,-10.06,814.69,18239.76,55.14,-48.13,-100.0,,,
Destination Wealth Management,,,,,,,,,inf,-30.47,-6.26,86924.08,51.16,13.71,-4.0,32.0,27.49,3.22,35.02,-22.31
"Destiny Wealth Partners, LLC",,,,,,,inf,40.0,-31.58,-53.3,-25.88,8638.1,-100.0,,,,inf,-100.0,inf,-6.15
"Detalus Advisors, LLC",,,,,,,,,,,,,,,,inf,22.44,-19.05,11.2,-19.0
"Deuterium Capital Management, LLC",,,,,,,,inf,-100.0,,,,,inf,-100.0,,,,,
"DiNuzzo Private Wealth, Inc.",,,,,,,,,,,,,,,,inf,-38.78,-9.51,0.87,-26.13
"Diligent Investors, LLC",,,,,,,,,,,,,,,,inf,16.09,26.34,7.85,-21.85
"Disciplined Investments, LLC",,-100.0,,,,,,,inf,-80.0,50.0,38766.67,379.16,22.34,-100.0,,,,,
Distillate Capital Partners LLC,,,,,,,,,,,,inf,-100.0,,,,,,,
"Diversified Enterprises, LLC",,,,,,,,,,,,,,,,,,,inf,-100.0
Diversified Trust Co,,26.86,245.93,-7.72,-8.37,19.15,9.53,40.27,6.51,-38.38,-23.26,-10.27,157652.49,27.53,4.06,79.99,-5.34,-10.15,0.16,-30.76
"Diversified, LLC",,,,,,,,,,,,,,,,,,,inf,-100.0
"Diversify Advisory Services, LLC",,,,,,,,,,,,,,,,,inf,8.94,-19.13,13.63
Dixon Hughes Goodman Wealth Advisors LLC,,,,,,,,inf,-24.49,-100.0,,,,,,,,,,
Dixon Mitchell Investment Counsel Inc.,,,,,,,,,,,,,,,,,,,,inf
Dogwood Wealth Management LLC,,,,,,,,,,,,,,,,inf,-22.73,-100.0,inf,-100.0
"Domani Wealth, LLC",,15.5,76.17,11.81,-14.31,19.68,-33.72,39.85,-23.66,-100.0,,,,,,,,,,
Donoghue Forlines LLC,,,,,,,,inf,0.12,-100.0,,,,,,,,,,
Dorsey Wright & Associates,,4.51,-11.42,17.23,-100.0,,,,,,,,,,,,,,,
DoubleLine ETF Adviser LP,,,,,,,,,,,,inf,80.85,-100.0,,,,,,
"Douglass Winthrop Advisors, LLC",,,,,,,,,,,,,,,,,inf,0.18,62.55,-31.47
Doyle Wealth Management,,,inf,15.02,-4.46,20.0,9.44,47.21,28.62,-27.88,-18.22,-100.0,,,,,,,,
Driehaus Capital Management LLC,,,,,,,,,,,,,,,,inf,-100.0,,,
"Duncan Williams Asset Management, LLC",,,,,,,,,,,,,,,,,inf,-9.11,9.99,-30.19
"Dunhill Financial, LLC",,,,,,,,,,,,,,,,inf,29.5,-3.0,41.09,-39.93
Dynamic Advisor Solutions LLC,,,inf,70.14,-10.03,16.1,221.73,32.53,-19.73,-18.89,-15.99,95132.99,54.59,6.19,-1.41,19.66,76.24,-1.54,11.2,-47.36
Dynamic Technology Lab Private Ltd,,68.27,-44.49,17.33,84.9,-100.0,,,,,,,,,,,inf,-100.0,inf,-100.0
"Dynamic Wealth Strategies, LLC",,,,,,,,,,,,,,,,inf,-99.86,23.13,6.63,-100.0
"Dynasty Wealth Management, LLC",,,,,,,,,,,,,,,,,inf,6.04,4.8,-100.0
"E Fund Management (Hong Kong) Co., Ltd.",,,,,,,,,,,,,,,,inf,187.5,-94.2,0.0,300.0
"E Fund Management Co., Ltd.",,,,,inf,-100.0,inf,32.66,7.71,-30.68,635.62,12.44,63.33,8.25,-14.32,-100.0,,,,
E. Ohman J:or Asset Management AB,,,,,,,,,,,,,,,,,inf,-13.56,-100.0,
EA Series Trust,,,,,,,,,,,,,,inf,-100.0,,,,,
EADS & HEALD WEALTH MANAGEMENT,,94.34,34.95,5.52,-11.29,7.94,2.14,24.55,-26.24,-30.52,-17.48,-8.53,52.57,14.23,-9.87,49.03,21.02,-4.94,-2.39,-27.28
EAGLE ASSET MANAGEMENT INC,,-16.03,44.63,-15.32,-6.02,15.72,-21.83,18.73,-41.68,-28.7,-98.84,102925.94,98.6,-100.0,,inf,336.96,71.43,31.22,-100.0
EAGLE GLOBAL ADVISORS LLC,,,,,,,,,,,,,,inf,-10.64,40.83,22.32,-9.98,1.2,-100.0
EAGLE WEALTH STRATEGIES LLC,,,,,,,,,,,,,,,,inf,20.87,-38.72,-0.33,-22.69
"EAM Investors, LLC",,,,,,,,,,,,,inf,-100.0,,,,,,
EARNEST PARTNERS LLC,,,,,,,,,,,,,,,inf,43.37,18.43,-10.47,3.31,-26.38
EASTERLY INVESTMENT PARTNERS LLC,,,,,,,,,,,,,inf,-43.39,-19.86,-17.33,17.52,-11.21,1.15,-26.38
EASTERN BANK,,,,,inf,23.12,61.78,42.85,-31.79,-28.83,-15.89,93495.84,79.73,15.65,-10.66,46.7,-2.69,-22.78,33.0,-0.27
EATON VANCE MANAGEMENT,,112.09,-26.26,127.46,-51.27,28.84,2.95,256.7,-100.0,inf,-45.79,-100.0,,,,,,,,
EDENTREE ASSET MANAGEMENT Ltd,,,,,,,,,,,,,,,,,,inf,52.75,-26.38
EDGEWOOD MANAGEMENT LLC,,,,,,,,,,,,inf,126.98,16.22,-9.74,39.35,22.44,-13.88,1.15,-26.38
EDMOND DE ROTHSCHILD HOLDING S.A.,,44.64,167.31,46.71,13.3,29.36,-9.69,32.02,-25.33,-29.14,-11.54,111172.67,49.66,7.43,-50.03,24.82,20.76,41.34,11.56,-59.87
EFG Asset Management (North America) Corp.,,,,,,,,inf,-30.38,-39.34,-10.27,116267.02,54.22,-14.44,-22.89,188.47,-2.33,-1.37,-2.98,-19.48
ELEMENT CAPITAL MANAGEMENT LLC,,,,,,,,,,,,,inf,-100.0,,,inf,27.2,-100.0,
"ELEMENT POINTE ADVISORS, LLC",,,,,,,,,,,,inf,56.83,16.22,-7.6,187.19,15.22,-55.06,-10.58,-21.65
"ELEVATION WEALTH PARTNERS, LLC",,,,,,,,,,,,,,,,,,,,inf
ELEVATUS WELATH MANAGEMENT,,,,,,,,,,,,,,inf,-68.74,51.07,22.91,510.24,-97.49,-100.0
ELLINGTON MANAGEMENT GROUP LLC,,-100.0,,,,,,,,,,,,,,,,,,
"EMERALD ADVISERS, LLC",,-100.0,,,,,inf,-100.0,,,,,,,,,,,,
"EMG Holdings, L.P.",,,,,,,,,,inf,-100.0,,,,,,,,,
"EMINENCE CAPITAL, LP",,,,,,,,,,,,,,,,inf,-32.44,51.42,1.89,13.56
"ENCOMPASS WEALTH ADVISORS, LLC",,,,inf,-100.0,,,,,,,,,,,,,,,
"ENDEAVOR PRIVATE WEALTH, INC.",,,,,,,,,,,,,,,,,,,,inf
ENGINE NO. 1 LLC,,,,,,inf,85.16,76.71,-100.0,,,,,,,,,,,
ENTERPRISE FINANCIAL SERVICES CORP,,0.0,0.0,1500.0,-100.0,,inf,-100.0,,,,,,,,,,,,
ENVESTNET ASSET MANAGEMENT INC,,29.96,57.54,63.82,-9.33,6.36,60.82,54.01,37.3,-23.29,-29.88,110458.18,97.39,22.03,-6.76,48.54,32.22,-10.88,7.95,-34.99
ENZI WEALTH,,,,,,,,,,,,,,inf,-100.0,,,,,inf
"EP Wealth Advisors, LLC",,22.84,50.53,322.84,-1.76,16.61,109.14,-30.49,45.65,-28.86,-16.23,97886.73,52.32,25.56,-11.49,42.64,33.45,8.88,20.39,-32.76
EPG Wealth Management LLC,,,,,,,,,,,,,,,,,,,,
"EPIQ Capital Group, LLC",,,,,,,,,,,,,,,,,,,inf,-100.0
EQUITABLE TRUST CO,,,,,,,,,inf,-28.49,-17.07,99023.53,51.32,54.98,27.02,48.26,38.61,-16.67,-6.21,-26.38
"EQUITEC PROPRIETARY MARKETS, LLC",,,,,,,inf,64.79,408.77,-44.93,-41.85,23925.54,-69.5,347.48,-76.54,-100.0,,,,
"ERn Financial, LLC",,,,,,,,,,,,,,,,,,,inf,-100.0
ESSEX INVESTMENT MANAGEMENT CO LLC,,,inf,92.85,-100.0,,,,,,,,,inf,55.63,-100.0,,,,
"ETF MANAGERS GROUP, LLC",,6.14,93.02,46.63,-30.09,-60.07,245.81,57.01,-49.98,-82.23,-11.01,106458.46,38.79,-100.0,,,,,,
ETRADE Capital Management LLC,,23.08,28.12,-100.0,,,,,,,,,,,,,,,,
EUBEL BRADY & SUTTMAN ASSET MANAGEMENT INC,,,,,,,,,,,,,,,,,,,,
EUDAIMONIA ADVISORS LLC,,,,,,,,inf,-100.0,,,,,,,,inf,-100.0,,
EULAV Asset Management,,,,,,,,,,inf,-13.69,118471.69,31.45,3.31,16.86,30.53,15.94,-10.85,46.83,-8.39
"EVENTIDE ASSET MANAGEMENT, LLC",,,inf,458.46,26.3,-100.0,,,,,,,,,,,,,,inf
EVERENCE CAPITAL MANAGEMENT INC,,-21.56,52.76,28.09,-57.21,19.68,9.54,39.85,29.11,-29.31,-10.58,-37.45,52.37,20.63,-13.19,80.3,22.44,-12.26,3.6,-38.79
EVERETT HARRIS & CO /CA/,,,,,,,,,,,,,,,,inf,27.06,21.83,24.66,-24.76
EVERGREEN CAPITAL MANAGEMENT LLC,,,,,,inf,31.98,50.31,15.71,-90.83,-100.0,inf,-100.0,inf,-9.74,43.36,22.44,-10.13,1.15,-26.39
EVERMAY WEALTH MANAGEMENT LLC,,,,,,,inf,40.0,-100.0,inf,-17.39,102963.16,83.86,-31.24,-8.77,54.03,-57.8,43.28,-50.07,-27.92
EVERPAR ADVISORS LLC,,,,,,,,,,,,,,,,inf,-21.23,7.79,2.74,-100.0
"EVOKE WEALTH, LLC",,-99.87,40.43,-57.58,44.64,-100.0,,,,,,,,inf,41.72,68.51,135.37,-100.0,inf,15.62
"EWA, LLC",,,,,,,,,,,,,,,inf,58.18,-3.86,8.87,-7.64,-17.24
EWG Elevate Inc.,,,,,,,,,,,,,,,,,,,,inf
EXANE DERIVATIVES,,-94.63,9387.92,-45.65,-100.0,inf,23.3,25.04,-21.92,-100.0,,,,,,,,,,
EXCALIBUR MANAGEMENT CORP,,,,,,,,,,,,,,,,,,inf,16.96,-25.42
"EXCHANGE TRADED CONCEPTS, LLC",,6876.92,-86.33,377.82,15.11,108.8,59.38,539.85,-30.6,-41.81,-25.98,87270.51,36.74,-1.44,68.26,25.16,-44.67,-69.28,14.91,-6.76
"EXENCIAL WEALTH ADVISORS, LLC",,,,inf,-49.22,19.62,6.75,62.35,-18.37,16.59,-16.37,129889.28,34.8,3.55,-5.16,49.2,42.27,-14.8,794.07,0.36
Eagle Bay Advisors LLC,,,,,,inf,-3.12,6.45,-40.91,113035.9,-99.92,85817.65,227.44,-23.9,19.22,0.22,19.54,-39.46,5.58,-52.74
Eagle Strategies LLC,,,,,,,,,,,,,,,,,inf,-88.66,5.21,-100.0
Eaton Vance Management,,,,,,,,,inf,-100.0,,,,,,,,,,
Echo Street Capital Management LLC,,,,inf,-65.15,-100.0,inf,-100.0,inf,9.73,-68.14,-100.0,,inf,-53.45,-100.0,,,,
Econ Financial Services Corp,,,,,,,,inf,-28.57,-100.0,,,,,,,,,,
"Edge Capital Group, LLC",,,inf,11.74,63.04,8.83,16.23,50.75,32.92,-27.78,-19.04,64065.06,43.77,16.62,-9.67,44.27,21.28,-5.38,-2.71,-41.85
Edge Wealth Management LLC,,615.38,-73.12,-8.0,-13.04,20.0,8.33,184.62,-100.0,,,,,,,,,,,
EdgeRock Capital LLC,,,,,,,,,,,,,,,,inf,-100.0,,inf,-100.0
"Edgestream Partners, L.P.",,inf,-65.56,58.38,25.65,-24.7,533.84,108.06,-72.04,-36.63,-100.0,,inf,271.23,-86.74,-8.19,581.62,-75.27,-3.95,-52.95
Eisler Capital (UK) Ltd.,,,,,inf,126.15,-41.04,24.35,190.7,-100.0,,,inf,16.81,-100.0,,inf,136.81,-79.43,-100.0
Eisler Capital (US) LLC,,,,,,,,,,,,,inf,169.02,28.66,5.17,-37.33,204.4,61.45,-100.0
Elefante Mark B,,,,,,,,,,,,,,,,,,,,inf
"Elequin Capital, LP",,,,,,,,,,,,,,,,,,,,inf
"Elequin Securities, LLC",,,,,,,,,,,,inf,-100.0,,,,,,,
"Elevated Capital Advisors, LLC",,,,,,,inf,-100.0,inf,-100.0,inf,225400.71,24.36,-1.31,-10.91,44.02,17.85,-3.52,30.25,-16.12
Elgethun Capital Management,,,,,,,,,,,,,,inf,-23.66,42.5,25.86,-12.57,1.15,3.03
"Elite Wealth Management, Inc.",,,,,,,,,inf,-29.59,-17.17,113913.91,55.24,513.78,-1.0,40.76,9.57,-79.7,3.65,-31.07
"Ellevest, Inc.",,300.0,50.0,100.0,-61.11,64.29,391.3,37.17,48.39,-41.74,-50.0,105852.24,86.67,-100.0,,,inf,-6.25,4.56,-100.0
"Ellis Investment Partners, LLC",,22.22,63.64,50.0,-14.81,52.17,37.14,4.17,-24.0,-28.95,-48.15,-100.0,,,,,,,,
"Elm Ridge Management, LLC",,,,,,inf,-100.0,,,,,,,,,,,,,
"Elmwood Wealth Management, Inc.",,-99.48,0.0,-100.0,inf,18.18,-100.0,inf,-100.0,,,,,,,,,,,
Elo Mutual Pension Insurance Co,,,,inf,-11.03,16.52,9.54,50.58,7.39,-29.9,-21.74,4.95,50.23,24.06,-8.14,149943.3,33.21,-13.12,4.74,-29.22
"Elyxium Wealth, LLC",,,,,,,,,,,,,,,,,,,inf,68.42
"Empire Financial Management Company, LLC",,,,,,,,,,,,,,,,,,,inf,-32.04
"Empirical Asset Management, LLC",,,,,,,,,,,,,,,,,inf,-100.0,inf,-32.06
"Empirical Capital Management, LLC",,,,,,,,,,,,,,,,,,,inf,-100.0
"Empirical Finance, LLC",,168.89,1.65,37.94,0.0,123.48,-34.95,95.47,16.28,-25.92,0.08,111379.95,57.56,29.29,1.42,44.5,26.78,-16.14,3.55,-27.36
"Empirical Financial Services, LLC d.b.a. Empirical Wealth Management",,24.07,54.66,-94.02,-43.41,92.16,2.04,39.75,-11.0,-48.34,4.28,95121.64,0.97,74.58,166.46,4.9,22.6,2.48,8.52,-26.37
Employees Retirement System of Texas,,17.15,30.09,11.86,-30.8,2.69,31.68,29.14,9.93,-41.29,9.22,-20.05,-82.38,25.36,-100.0,inf,30.95,-100.0,,
"Empower Advisory Group, LLC",,,,,,,,,,,,,inf,22.22,-9.69,33.47,26.67,-18.77,4.62,-25.95
"Empowered Funds, LLC",,7.03,8.71,-100.0,,,inf,102.37,-24.39,94.08,12.7,-100.0,inf,12.4,-4.8,34.45,153.44,-52.93,6.87,-17.25
Encompass More Asset Management,,,,,,,,,,,,,,,,,,,inf,-20.15
"Endurance Wealth Management, Inc.",,,,,,,,,inf,-33.33,-25.0,0.0,66.67,220.0,-100.0,,,,,
Engineers Gate Manager LP,,440.96,-65.36,453.05,-76.65,-100.0,inf,72.42,947.66,-88.38,-25.96,-100.0,,inf,-43.58,-83.26,1565.76,-100.0,,
Engrave Wealth Partners LLC,,inf,17.85,-100.0,,,,,,,,,,,,,,,,
"Enlightenment Research, LLC",,inf,302.44,-100.0,inf,-100.0,,inf,388.92,-100.0,,,,,,,,,,
"Ensign Peak Advisors, Inc",,179.57,56.05,-8.62,-22.08,-50.71,189.48,84.77,16.07,-39.63,11.99,155322.35,-37.59,-14.47,4.08,381.32,51.13,-21.94,-39.43,-46.96
Enterprise Bank & Trust Co,,,,,,,,,,,,,,,,,,,,inf
Enterprise Financial Services Corp,,,,,inf,-100.0,,,,,,,,,,,,,,
"Entropy Technologies, LP",,,,,,,,,,,,,,,,inf,-48.95,-100.0,inf,-100.0
"EntryPoint Capital, LLC",,,,,,,,,,,,,,,,inf,122.74,-100.0,,
"Envestnet Portfolio Solutions, Inc.",,,,,,,,,,,,,,,inf,10.06,46.6,-0.32,21.11,-26.72
"Epic Trust Investment Advisors, LLC",,,,,,,,inf,-100.0,,,,,,,,,,,
"Eqis Capital Management, Inc.",,,,inf,-37.67,19.57,8.54,44.59,-13.83,92200.79,-33.98,2.63,56.64,35.29,-100.0,,,,,
Ergoteles LLC,,,,inf,-100.0,,,,inf,1835.9,-12.59,-100.0,inf,-100.0,,,,,,
Erste Asset Management GmbH,,-39.45,43.23,31.82,-43.97,225.26,32.1,20.56,14.88,-42.0,-25.77,-9.62,136.17,-17.04,7.11,32.06,18.83,2.8,38.13,-49.5
Eschler Asset Management LLP,,,,,,,,,inf,-100.0,,,inf,48.85,-100.0,inf,-100.0,,,
"Essex Financial Services, Inc.",,,inf,-100.0,,inf,9.61,77.09,68.04,-72.29,-17.03,2.31,158021.12,-37.94,-21.12,58.39,60.32,-9.92,-100.0,
Essex LLC,,,,,,,inf,41.34,189.33,-65.01,-6.9,121809.5,0.0,258.85,-54.75,43.48,15.78,-10.62,-3.99,-27.65
Essex Savings Bank,,,,,,,,inf,6.94,-30.52,-100.0,,inf,8.84,-9.25,46.17,0.0,187.76,-1.14,-26.38
Estabrook Capital Management,,,,,,,,inf,-24.02,-16.07,-18.52,-6.44,51.32,8.69,-9.29,43.37,22.44,-9.91,1.15,-26.38
"Estate Counselors, LLC",,-100.0,,,,,,,,,,,,,,,,,,
Estuary Capital Management LP,,,,,,,,,,,,,,,,,,,inf,-100.0
Ethic Inc.,,101.69,82.35,40.32,18.88,62.57,34.58,70.45,6.94,-19.32,-17.75,102166.44,45.29,-20.41,7.93,62.4,28.27,-4.76,5.0,-14.54
"Ethos Financial Group, LLC",,,,,,,,,,,,,,,inf,-100.0,inf,-73.7,100723.05,0.82
"Eudaimonia Partners, LLC",,7.58,109.86,43.62,-14.02,-100.0,,,inf,-48.04,7.86,104457.14,252.87,-52.64,-9.94,42.52,23.29,-100.0,,
Eukles Asset Management,,,,,,,,,,,,,,,,,,,,inf
"Evanson Asset Management, LLC",,,,inf,-13.79,21.25,-1.78,65.86,-27.92,-26.99,-13.88,148518.1,-46.85,35.24,-9.74,43.37,22.44,-9.26,7.29,-27.37
"EverSource Wealth Advisors, LLC",,,,,,,,inf,-48.75,53.66,180.16,52981.87,191.34,36.25,-8.54,52.96,131.91,-44.13,4.15,-29.91
"Evercore Wealth Management, LLC",,,,,,,,inf,94.26,-30.54,-10.99,99687.25,51.12,56.25,12.6,70.66,22.44,8.97,-3.46,-26.38
Evergreen Private Wealth LLC,,,,,,,,,,,,,,,,inf,22.44,-43.12,1.15,-26.38
"Everhart Financial Group, Inc.",,,,,,,,inf,35.78,-24.55,-50.72,101771.36,234.12,30.73,-6.26,54.23,41.14,-1.28,4.17,-33.14
"Evoke Wealth, LLC",,,,,,inf,-13.51,40.62,14.81,-29.03,-20.0,-100.0,,,,,,,,
"Evolution Wealth Advisors, LLC",,-33.33,134.21,14.04,-12.81,-10.17,37.74,31.05,309.41,-30.38,-26.96,52339.33,-100.0,,,,,,,
"Executive Wealth Management, LLC",,16.62,47.61,20.95,-10.71,32.48,10.74,34.14,83.94,-44.97,-17.02,98792.35,182.08,-45.67,2.11,51.34,26.58,-100.0,inf,-63.5
"ExodusPoint Capital Management, LP",,,inf,1522.19,-100.0,,,,,,,,inf,34.81,-100.0,inf,212.91,-38.57,-95.71,210.68
F/M Investments LLC,,,,inf,5.97,44.93,2.48,-12.14,104294.99,-99.79,-73.13,93393.74,56.57,-35.05,-14.48,42.64,22.79,121.22,-5.27,-17.08
"F3Logic, LLC",,,,,,inf,0.88,-100.0,inf,-38.77,-100.0,,,,,,,,,
FACTORY MUTUAL INSURANCE CO,,,,,,,,,,,,,,,inf,921.05,-17.2,-81.34,120.19,-26.38
"FAGAN ASSOCIATES, INC.",,38.55,54.98,19.01,-13.14,20.75,12.12,39.8,-23.41,-34.08,-16.14,104767.98,52.37,18.56,-8.13,44.28,20.62,-8.94,2.14,-26.68
"FAIRFIELD, BUSH & CO.",,,,,,,,,inf,-51.02,-18.68,82982.58,301.25,16.27,-68.13,48.65,15.79,-10.16,3.35,12.91
"FALCON POINT CAPITAL, LLC",,,,inf,-100.0,,,,,,,,,,,,,,,
FARMERS & MERCHANTS INVESTMENTS INC,,27.27,59.52,13.43,-14.47,21.54,12.66,76.4,12542.04,-32.56,-18.08,107150.62,58.07,17.98,-9.47,54.68,21.68,-10.03,0.72,-27.01
FARMERS & MERCHANTS TRUST Co OF LONG BEACH,,,,,,inf,14.09,54.52,-27.68,-26.68,-14.34,104393.56,29.62,20.19,-9.74,66.62,11.46,-13.88,2.32,-16.73
FARR MILLER & WASHINGTON LLC/DC,,inf,-100.0,,,,,,,,,,,,,,,,,
FCF Advisors LLC,,,,,,,,,inf,-100.0,,,,,,,,,,
"FDx Advisors, Inc.",,139.6,-43.7,121.89,872.65,-100.0,,inf,-42.14,-13.09,-26.99,-32.95,0.0,159.62,-21.98,49.79,-30.99,-100.0,,
"FFG Partners, LLC",,,,,,,,,,,,,,,,inf,22.44,-100.0,,
FFT WEALTH MANAGEMENT LLC,,,,,,,,,,,,,inf,4.05,-27.77,49.5,26.32,-0.47,62.79,-37.76
"FIDUCIARY FAMILY OFFICE, LLC",,,,,,,,,,,,,,,,inf,34.88,-10.13,0.38,-100.0
"FIDUCIARY FINANCIAL GROUP, LLC",,,,,,,,,,,,,,,,,,inf,-3.42,-32.55
FIDUCIARY TRUST CO,,inf,56.1,11.72,-13.64,25.51,33.23,64.16,-1.92,-31.73,-35.02,111963.05,49.19,30.31,-100.0,,,,,
FIDUCIENT ADVISORS LLC,,,,,,,,,,,,,,,,,,,,inf
FIERA CAPITAL CORP,,15.8,55.79,-100.0,,,,,,,,,,,,,,,,
FIFTHDELTA Ltd,,,,,,,,,,inf,4.92,83773.62,-100.0,,,,,,,
FINANCIAL COUNSELORS INC,,,,,,,inf,-9.09,23.7,-23.95,842.91,-82.84,8.03,42.34,112302.37,42.41,25.21,-5.17,9.75,-32.17
FINANCIAL LIFE ADVISORS,,,,,,inf,4.47,40.08,-24.17,-100.0,,,,,,,,,,
FIRETRAIL INVESTMENTS PTY LTD,,,,,,,,,,,,,,,,,,inf,26.43,-19.47
"FIRST AMERICAN TRUST, FSB",,,,,,,,,,,,,,inf,92031.3,100.22,33.23,-6.2,2.96,-30.88
"FIRST BUSINESS FINANCIAL SERVICES, INC.",,,,,,inf,46.19,50.92,12.4,-30.02,-17.31,2.19,160912.23,16.22,-7.85,-100.0,,inf,1.15,-26.38
FIRST CITIZENS BANK & TRUST CO,,22.07,-100.0,inf,-18.88,-57.69,25.0,193.38,-29.47,2.53,-27.7,-13.04,167477.85,224.94,-11.73,-37.05,31.34,-12.43,8.72,-37.32
FIRST COMMUNITY TRUST NA,,,,,,,,,,,inf,0.0,122400.0,16.24,351.3,43.36,10103.86,-9.22,2.02,-50.89
FIRST FARMERS & MERCHANTS BANK / TRUST,,,,,,,,,inf,-100.0,,,,,,,,,,
FIRST FINANCIAL CORP /IN/,,,,,,,,,,inf,-16.07,120755.32,51.32,16.22,-9.74,51.54,-56.41,-61.33,-100.0,
FIRST FOUNDATION ADVISORS,,,,,,inf,39.37,25.65,5134.88,-29.9,-16.78,102792.72,51.47,17.01,-8.45,34.87,22.42,-10.55,1.96,-26.53
FIRST HAWAIIAN BANK,,-38.46,187.5,13.04,-15.38,40.91,-22.58,41.67,50.0,-21.57,-15.0,-11.76,222056.67,21.69,-10.62,31.17,-2.43,-22.02,-10.19,-76.76
FIRST INTERSTATE BANK,,,,inf,100.0,16.67,-42.86,50.0,-100.0,,,,inf,8.37,-9.74,43.37,22.44,-4.14,10.09,-23.72
FIRST MANHATTAN CO,,,,inf,-15.0,76.47,10.0,39.39,123.91,-82.52,111.11,126542.11,-100.0,,,,,,,
FIRST MANHATTAN CO. LLC.,,,,,,,,,,,,,inf,89.5,446.68,128.63,251.49,82.05,-86.23,-23.64
FIRST MERCHANTS CORP,,,,,,,,,inf,-100.0,,,,,,,,,,
FIRST MIDWEST BANK TRUST DIVISION,,inf,6.4,6.94,153.68,13.31,7.68,22.52,-100.0,,,,,,,,,,,
FIRST NATIONAL BANK OF OMAHA,,11.21,-100.0,,,,,,,,,,,,,inf,20.38,-2.66,4.41,-25.84
"FIRST REPUBLIC INVESTMENT MANAGEMENT, INC.",,-33.08,1542.12,65.89,-71.82,12.16,144.89,80.16,41.71,-52.1,-13.01,76621.81,127.55,-100.0,,,,,,
FIRST TRUST ADVISORS LP,,-1.11,28.57,9.79,-8.01,107.14,-43.44,9.49,-19.29,-49.68,-19.78,113555.32,24.03,19.14,66.49,17.9,-2.03,-3.54,-0.06,-24.89
FIRST UNITED BANK & TRUST,,,,,,,,,inf,-18.43,27.88,98988.35,111.01,38.89,0.39,69.57,26.78,-8.38,4.16,-26.72
FJARDE AP-FONDEN /FOURTH SWEDISH NATIONAL PENSION FUND,,34.1,62.79,9.24,-13.18,-10.53,37.68,33.09,-2.84,67.27,-59.78,58607.31,46.59,-99.88,-14.34,39.46,27.28,-100.0,inf,-28.88
"FLAGSHIP HARBOR ADVISORS, LLC",,88.01,56.21,31.26,0.33,23.49,0.0,234.48,-57.27,-41.45,-10.97,104226.77,55.02,13.95,2.64,37.59,27.47,-100.0,inf,-34.11
"FLAGSHIP WEALTH ADVISORS, LLC",,,,,,,,,,,,,,,,,,,,inf
"FLORIDA FINANCIAL ADVISORS, LLC",,,,,,,,,,,,,,,,,inf,-5.32,-1.74,-100.0
FLOW TRADERS U.S. LLC,,,,,,,,,,,inf,-100.0,,,inf,-100.0,,,,
FLOYD FINANCIAL GROUP LLC,,,,,,,,,,,,,,,,,,,,inf
FLPUTNAM INVESTMENT MANAGEMENT CO,,,,inf,-100.0,inf,-100.0,inf,-6.37,-100.0,,,inf,187.37,-12.87,24.05,290.89,74.95,-3.07,-29.23
"FLYNN ZITO CAPITAL MANAGEMENT, LLC",,,,,,,,,,,,,,,,,inf,-0.37,3.78,-25.08
"FNY Investment Advisers, LLC",,,inf,-83.33,101600.0,-99.9,-100.0,,,,,,inf,746.94,-100.0,,inf,17.35,6.36,-77.2
FOCUS FINANCIAL NETWORK INC /ADV,,,,,,,,,,,,,,,,inf,-100.0,,,
"FORA Capital, LLC",,-100.0,,inf,-100.0,inf,-99.92,11.23,-100.0,,,inf,125.0,-100.0,,,inf,-76.34,-100.0,inf
FORSTA AP-FONDEN,,43.67,342.29,-30.57,-0.29,113.53,-38.79,45.42,-5.86,-30.86,-9.4,96819.94,27.97,20.96,-11.74,46.75,37.94,-17.02,11.08,-25.15
"FORT PITT CAPITAL GROUP, LLC",,,,,,,inf,58.54,11602.36,-25.91,-17.72,105144.74,52.77,11.16,-10.83,183.11,-49.17,-9.74,12.27,-100.0
FORT WASHINGTON INVESTMENT ADVISORS INC /OH/,,,,,,,,,,,,,,,,,,,inf,122.88
FORTE CAPITAL LLC /ADV,,,,,,,,,,,,,,,,,inf,-6.17,17.9,-100.0
"FORTEM FINANCIAL GROUP, LLC",,,,inf,-100.0,,,,,,,,,,,,inf,-11.8,125.19,-67.76
"FORTRESS PRIVATE LEDGER, LLC",,,,,,,,,,,,,,,,,,,,inf
"FORVIS Wealth Advisors, LLC",,,,,,,,,,inf,-18.02,87546.1,49.46,21.22,-2.48,23.82,67.87,-100.0,,
FOSTER DYKEMA CABOT & CO INC/MA,,,,,,,,,,,,,,inf,-6.25,-100.0,,,,
"FOSTER DYKEMA CABOT & PARTNERS, LLC",,,,,,,,,,,,,,,,inf,22.44,-10.13,122.82,-59.8
FOUNDERS FINANCIAL SECURITIES LLC,,,,,,,,,,,,,inf,15.25,-9.74,44.16,34.38,463.88,-32.52,-26.2
"FOX RUN MANAGEMENT, L.L.C.",,inf,-100.0,,,,,,inf,235.24,-2.89,-100.0,inf,115.05,-100.0,,,,inf,262.26
"FPC INVESTMENT ADVISORY, INC.",,,,,,,,,,,,,,,,,inf,5.06,7.24,41.81
"FRED ALGER MANAGEMENT, LLC",,-72.18,1881.69,122.45,-42.89,-63.34,415.14,50.39,2.98,-36.03,-40.68,61764.62,166.64,-63.03,-50.42,208.92,31.9,-45.95,-24.31,-50.82
"FREEDOM WEALTH ALLIANCE, LLC",,,,,,,,,,,,inf,-100.0,,,,,,,
FRG Family Wealth Advisors LLC,,,,,,,,,,,,,,,,inf,7.44,-100.0,inf,-100.0
FRIESS ASSOCIATES LLC,,1.74,-100.0,inf,-92.69,7.39,7.6,35.87,-64.3,-100.0,,,,,,,,,,
FRONTIER CAPITAL MANAGEMENT CO LLC,,-19.59,78.81,-10.0,-50.24,-1.01,69.76,21.65,-23.47,-100.0,,,,,,,,,,
FSA Wealth Management LLC,,-100.0,,,,,,,,,,,,,,inf,106594.94,-100.0,inf,15.34
"FSB PREMIER WEALTH MANAGEMENT, INC.",,,,,,,,inf,-100.0,,,,,,,,,,,
"FSC Wealth Advisors, LLC",,,,,,,,inf,-24.35,-29.89,-16.39,101500.0,51.32,67.94,-37.53,100.71,-12.54,-10.13,1.15,-26.48
FUKOKU MUTUAL LIFE INSURANCE Co,,15.53,69.51,-0.58,-14.4,19.55,31.75,40.55,-6.78,-30.07,-20.16,102101.18,51.32,16.22,-9.74,71.23,14.59,-23.26,-4.64,-26.38
FULTON BREAKEFIELD BROENNIMAN LLC,,,,,,,,,,inf,-17.12,102147.87,45.07,15.69,-13.96,39.77,22.44,1303.9,0.02,-35.9
"FWG Holdings, LLC",,,,,,,,,,,,,,,,,,,inf,-100.0
"FWL INVESTMENT MANAGEMENT, LLC",,,,,,,,,,,,inf,9180.49,79.13,-12.84,24.97,-6.62,-45.38,-26.43,-76.09
"Fairbanks Capital Management, Inc.",,,,,,,,,,,,,,inf,-9.74,43.37,22.44,34.81,34.87,65.64
"Fairfield Financial Advisors, LTD",,,,,,,,,inf,-37.98,-33.12,-7.71,-23.16,-11.73,-11.35,36.84,-100.0,inf,1121.11,-58.13
"Fairscale Capital, LLC",,,,,,,,,,,,,,,,,,inf,-7.59,-26.38
"Fairvoy Private Wealth, LLC",,,,,,,,,,,,,,,,,,,,inf
Fairway Wealth LLC,,,,,,,,,,,,,,,,,,inf,-100.0,
"Faithward Advisors, LLC",,,,,,,,,,,,,,,,inf,4.61,-3.49,-25.54,-35.56
"Family Firm, Inc.",,,,,,,,,inf,-28.69,-17.19,106831.6,30.96,16.22,-6.87,43.37,24.83,-10.13,11.57,-26.38
"Family Investment Center, Inc.",,,,,,,,,,,,,,,,inf,6.96,-100.0,inf,-100.0
Farmers & Merchants Trust Co of Chambersburg PA,,,,inf,-100.0,,inf,40.0,-100.0,inf,-25.0,0.0,-100.0,inf,-80.0,40.0,85.71,-7.69,0.0,-25.0
"Farringdon Capital, Ltd.",,,,,,,,,,,,,,,,,,,,inf
"Farther Finance Advisors, LLC",,,,,,,,,,,,inf,261.29,12.94,-11.07,355.21,29.85,12.09,8.22,-44.12
Fedenia Advisers LLC,,,,,,,,,,,,,,,,,,,,inf
FengHe Fund Management Pte. Ltd.,,,,inf,-100.0,inf,25.42,-100.0,,,inf,417167.19,-93.37,1412.87,-50.75,127.81,-61.85,-100.0,inf,380.88
"Fermata Advisors, LLC",,,,,,,,,,,,,,,,inf,-21.83,5.83,3.01,-62.62
"Fernwood Investment Management, LLC",,,,,,,,inf,-100.0,,,,,,,,inf,-10.13,1.15,-100.0
"Fi3 FINANCIAL ADVISORS, LLC",,,,,,,,,,,,,inf,14.83,-8.03,196.54,-44.56,7.16,0.03,-29.86
Fidato Wealth LLC,,,,,,,,,inf,-100.0,,,,,,,,,,
"Fidelis Capital Partners, LLC",,,,,,,,,,,,,,inf,0.6,141.72,43.3,175.89,20.8,-48.6
Fiduciary Alliance LLC,,,,,,,,,,,,inf,-100.0,inf,-100.0,,,inf,31.64,168.66
Fiduciary Group LLC,,,,,,,,,inf,11.68,-100.0,,inf,-47.49,80.53,-26.42,24.44,-100.0,,
"Fiduciary Group, LLC",,,,,,,,,,,,,,,,,,inf,-3.21,-28.46
Fiduciary Planning LLC,,,inf,12.2,85.51,-100.0,,,,,,,,,,,,,,
Fiduciary Trust Co,,,,,,,,,,,,,,,inf,43.22,38.31,-29.51,3.6,-41.65
Field & Main Bank,,inf,60.23,7.4,-9.52,25.83,4.5,41.28,-22.62,-25.49,-15.11,104805.11,57.43,15.18,-10.23,43.71,14.82,-10.4,2.58,-24.85
Fielder Capital Group LLC,,,,,,,,,,,,,,,,inf,22.85,-10.03,-0.7,-27.13
"Fieldpoint Private Securities, LLC",,inf,12.13,12.93,-71.45,47.75,-5.34,39.77,-13.48,-42.08,-100.0,,,,,,,,,
"Fieldview Capital Management, LLC",,,,,,,,,,,,,,,,,,,,inf
Fifth Third Wealth Advisors LLC,,,,,,,,,,,,,,inf,0.17,50.72,51.46,112.85,17.64,-12.63
Filament LLC,,,inf,-100.0,,,,,,,,,,,,,,,,
"FinTrust Capital Advisors, LLC",,-53.74,233.82,-8.37,-5.77,18.37,253.45,-41.22,0.41,-17.98,-34.26,74968.58,0.0,0.0,59.84,-100.0,,,,
"Financial & Tax Architects, LLC",,,,,,,,,,,,,,,,,,inf,-100.0,
"Financial Advisors Network, Inc.",,inf,36.15,12.76,-13.76,75.18,48.58,-3.0,-46.21,-15.93,-17.08,115491.39,-100.0,,inf,49.79,-100.0,,,inf
Financial Advocates Investment Management,,19.03,110.14,14.81,-64.19,-33.0,3.84,49.23,21.21,-32.4,-14.23,95217.2,29.92,15.91,-9.78,49.51,63.47,-18.0,-1.29,-28.3
"Financial Architects, Inc",,12.5,-100.0,,,,,,,,,,,,,,,,,
"Financial Avengers, Inc.",,,,inf,50.0,-100.0,,,inf,-33.86,-19.59,102314.1,87.64,8.93,2.8,43.37,15.64,-11.53,25.95,-32.37
"Financial Connections Group, Inc.",,,,,,,,inf,700.0,-35.42,-19.35,-100.0,,inf,-98.97,0.0,100.0,350.0,-88.89,0.0
Financial Engines Advisors L.L.C.,,,,,,,,,,,,,,,,,,,inf,-32.6
Financial Enhancement Group LLC,,,,,,,,,inf,-50.0,0.0,-100.0,,,,,,,,
"Financial Freedom, LLC",,,,,,,,,,,,inf,-100.0,,,,,,,
"Financial Gravity Asset Management, Inc.",,,,,,,,,,,,inf,-100.0,inf,-43.54,694.21,177.35,-91.9,-100.0,
"Financial Gravity Companies, Inc.",,,,,,,,,,,,,,,,,,,,inf
"Financial Insights, Inc.",,,,,,,,,,,,,,,,inf,20.22,-27.53,-49.8,-100.0
Financial Life Planners,,,,,,,,,,,,,,,,,,,,inf
"Financial Management Professionals, Inc.",,1300.0,55.71,19.27,-12.31,40.35,16.87,39.04,-14.62,-31.98,-55.63,13.43,81.58,21.74,-5.36,50.94,34.58,-25.39,-2.07,67613.98
Financial Network Wealth Advisors LLC,,,,,,,,,,,,,,,,,,inf,-100.0,inf
"Financial Perspectives, Inc",,15.67,-69.33,3109.16,-98.72,9361.05,9.55,39.84,-17.64,-30.06,-21.73,4.08,51.32,35.34,-5.55,45.73,20.11,-10.81,4.72,-15.06
"Financial Security Advisor, Inc.",,,,,,,,,,,,,,,,,,,inf,-100.0
"Financial Sense Advisors, Inc.",,,,,,,,,,,,,,,inf,13.95,-100.0,inf,9.56,-100.0
"Financial Strategies Group, Inc.",,,inf,11.32,-100.0,,,,,,,,,,,,,,,
"Financial Synergies Wealth Advisors, Inc.",,,,,,,,,,inf,-43.54,-1.95,51.32,16.22,-32.3,-16.01,113.88,-100.0,,
Financially Speaking Inc,,,,,,,,,,,,,,,,,,,,inf
FineMark National Bank & Trust,,22.14,75.31,19.25,-13.6,19.38,13.77,39.49,7.03,-32.59,-4.3,78326.46,34.61,34.11,82.37,-37.23,25.98,-9.49,-9.38,-32.01
"Finer Wealth Management, Inc.",,,,,,,,,inf,-20.36,-5.38,145550.71,158.57,23.12,16.12,72.0,46.1,-2.55,12.72,-24.47
"Firefly Value Partners, LP",,15.68,-100.0,,,,,,,,,,,,,,,,,
Firestone Capital Management,,,inf,20.0,-16.67,20.0,0.0,-100.0,,,,,,,,,,,,
First Affirmative Financial Network,,,,,,,,inf,-1.3,-100.0,,,,,,inf,23.18,7.3,31.8,-22.78
"First Allied Advisory Services, Inc.",,60.84,-7.54,-100.0,,,,,,,,,,,,,,,,
"First Bancorp, Inc /ME/",,,,,,inf,9.4,51.86,-9.62,-48.85,-13.47,93847.17,49.35,3.78,-8.07,43.37,22.44,-8.5,1.15,-26.7
First Bank & Trust,,,,,,,,,,,,,,inf,-9.74,173.53,14.34,-14.99,2.49,-25.53
"First Business Financial Services, Inc.",,,,,,,,,,,,,,,,inf,104.08,-100.0,,
"First Capital Advisors Group, LLC.",,,,,,,,,,,inf,103612.92,-100.0,inf,-100.0,,,,,
"First Command Advisory Services, Inc.",,,,,,,,,,,,,inf,-100.0,inf,126.11,1617.11,-10.13,1.15,-26.38
First Command Bank,,,,,,,,,inf,-78.26,-100.0,,inf,16.22,-100.0,,,,,
"First Command Financial Services, Inc.",,,,,,,,inf,170.59,-78.26,-100.0,,inf,16.22,-100.0,,,,,
First Dallas Securities Inc.,,,,,,,,,inf,65.96,-17.18,-16.72,23.79,-100.0,,,,inf,-18.43,-100.0
First Farmers & Merchants Bank / Trust,,,,,,,,,,inf,-100.0,,,,,,,,,
"First Heartland Consultants, Inc.",,,,inf,-100.0,inf,4.12,32.34,-57.86,-2.07,-10.57,113532.09,-17.45,24.8,-99.84,72.54,-17.96,102.61,-50.89,49106.88
"First Horizon Advisors, Inc.",,,,,,,inf,-100.0,,inf,-100.0,inf,408.13,-19.48,-14.23,22.2,90.84,10.17,63.56,1.04
"First Long Island Investors, LLC",,,,,,,,,inf,-100.0,,,,,,,,,,
"First National Advisers, LLC",,,,,,,,,,,,,,,,inf,89.18,11.1,16.33,-17.65
First National Bank,,,,,inf,-100.0,,,,,,,,,,,,,,
First National Bank of Hutchinson,,,,,,,,,,,,,,,,,,,inf,-24.85
First National Bank of South Miami,,inf,-75.0,20.0,-16.67,20.0,16.67,28.57,-22.22,-28.57,-20.0,0.0,159175.0,1274.9,-100.0,,,,,
First National Trust Co,,,,,,inf,15.86,20.73,-20.88,-30.07,-16.63,113397.08,51.57,6.09,-1.92,41.36,-69.19,1671.72,5.11,-22.77
First PREMIER Bank,,inf,56.19,-100.0,,,,,,,,,,,,,inf,-9.09,40.0,-28.57
"First Pacific Advisors, LP",,,,,,,inf,40.13,-24.09,7.78,-17.22,-100.0,,,,,,,,
First Pacific Financial,,,,,,,,,,,,,,inf,4135.98,43.37,22.44,756.82,8.94,-26.38
First Personal Financial Services,,18.75,50.0,19.3,-33.82,20.0,9.26,40.68,-20.48,-33.33,-18.18,103352.78,51.32,1.06,-9.74,43.37,22.44,-10.13,2.17,-100.0
First Trust Direct Indexing L.P.,,,,,,,,,,,,,inf,18.55,-11.88,63.42,44.87,-2.25,10.89,-100.0
First Trust Investment Solutions L.P.,,,,,,,,,,,,,,,,inf,39.51,-4.99,19.43,-100.0
First Washington CORP,,,,,,,,,,,,inf,75597.72,16.11,-9.74,43.37,22.44,-10.13,1.15,-26.38
FirstPurpose Wealth LLC,,,,,,,,,,,,,,,,inf,-100.0,,,
Five Oceans Advisors,,,,,,,,inf,-0.89,-100.0,,,inf,16.39,-9.65,45.15,22.61,-12.29,0.76,-25.46
Fjarde AP-fonden (The Fourth Swedish National Pensionfund),,,,,,,,,,,,,,,,,,inf,-100.0,
"Fjell Capital, LLC",,,,,,,,,,,,,,,,,,,,inf
"Flaharty Asset Management, LLC",,,,,,inf,5.17,45.08,-17.51,-30.14,-100.0,,,,inf,-100.0,inf,52.34,-35.5,-100.0
"Focus Financial Network, Inc.",,3.04,11.3,13.88,62.05,-41.45,32.38,48.7,42.04,-31.21,-4.5,266.39,-68.68,17.83,-12.97,-100.0,inf,-2.59,28.24,-23.6
Focus Partners Wealth,,,,,,,,,,,,,,,,,,,,inf
"Focused Wealth Management, Inc",,44.44,623.08,12.77,21.7,1.55,9.54,-9.06,-46.36,-30.0,5.1,78566.99,96.2,6.91,-29.58,47.19,42.32,542.11,-83.55,7.69
Force Hill Capital Management LP,,,,,inf,420.99,-14.36,-67.14,140.98,2.6,-100.0,inf,-100.0,,,,,,,
"Ford Financial Group, LLC",,,,,,inf,-100.0,,,,,,,,,,,,,
Forge First Asset Management Inc.,,,,,,,,,,,,,,,,inf,-100.0,,,
"Formidable Asset Management, LLC",,26.02,177.11,-47.13,-16.3,32.25,0.77,33.49,-29.65,61.1,-69.11,2.61,51.43,18.66,96779.68,41.75,19.82,-5.36,10.33,37.57
"FormulaFolio Investments, LLC",,43.74,90.1,74.64,-100.0,inf,-100.0,,,,,,,,,,,,,
Fort Point Capital Partners LLC,,,,,,,,,,,,,,,,inf,73.02,5.47,28.62,-0.92
Fort Sheridan Advisors LLC,,,inf,117.31,96.9,43.71,-7.66,39.2,-37.83,-73.48,-8.49,90865.32,51.32,-12.61,32.48,43.74,21.2,-5.32,25.49,2.35
"Fortis Advisors, LLC",,18.18,53.85,15.0,-13.04,1190.0,119.38,-30.04,-35.86,-4.33,-17.28,102210.95,51.32,132.45,-9.74,43.37,-79.75,-10.13,68.59,-26.38
"Fortis Capital Advisors, LLC",,,,,,,,,,,,,,,,inf,73.09,-10.27,-100.0,inf
Fortis Capital Management LLC,,,,,inf,19.71,-100.0,,inf,-100.0,inf,92055.44,74.57,17.46,3.97,53.85,9.76,-57.06,7.52,-32.22
"Fortis Group Advisors, LLC",,,inf,-100.0,,,,,,,,,inf,28.48,-15.08,0.0,100.14,21.28,1.25,-26.58
Fortitude Advisory Group L.L.C.,,,,,,,,inf,16.0,1.38,-100.0,inf,62.93,6.53,-34.15,25.02,40.71,-2.03,15.13,-42.31
"Fortitude Family Office, LLC",,,,,,,,,,,,,,,,inf,22.44,9.13,382.32,-29.47
"Fortress Wealth Group, LLC",,,,,,,,,,,,,,,,,,inf,-100.0,
"Forum Financial Management, LP",,,,,,,,inf,-13.1,-19.1,-19.74,130153.73,76.79,13.3,-8.5,45.6,21.75,-14.6,-0.54,21.5
"Forvis Mazars Wealth Advisors, LLC",,,,,,,,,,,,,,,,,,inf,71.37,-42.24
"Foster Group, Inc.",,,,,,,,,,,,,,,,,inf,-10.58,-5.2,-100.0
"Foundations Investment Advisors, LLC",,,,,,,,,,inf,5.79,114351.55,25.4,53.44,-11.18,95.91,-4.0,-15.63,7.01,-1.48
Founders Capital Management,,,,,,,,,,inf,-100.0,,,inf,549.96,192.71,22.44,-93.89,1.17,-100.0
"Founders Financial Alliance, LLC",,,inf,23.51,-16.83,22.41,8.86,86.44,-14.35,-20.5,-14.25,93493.69,-21.22,151.58,-19.3,43.12,25.72,-8.12,0.65,-27.62
"Foundry Partners, LLC",,,,inf,-14.57,19.91,17.79,8.72,2.47,-100.0,,,,inf,-100.0,,,,,
"Fountainhead AM, LLC",,,,,,,,,,,,,,,,,inf,-8.52,3.63,-100.0
"FourThought Financial Partners, LLC",,,,,,,,,,,,inf,34.39,-2.6,-9.05,255.02,-39.51,-7.19,6.5,-27.44
"FourThought Financial, LLC",,,,inf,-15.28,35.25,13.94,32.45,267.87,23.03,-11.18,-100.0,,,,,,,,
"Fourth Dimension Wealth, LLC",,,,,,,,,,,,,,,,,,,,inf
Fragasso Financial Advisors Inc,,,,,,,,,,,,,,,,,,inf,10.28,-3.93
Fragasso Group Inc.,,,,,,,,,,,,,,,,,inf,-100.0,,
Franchise Capital Ltd,,,,,,,inf,-4.11,-70.83,-22.27,-100.0,,inf,-100.0,,inf,-100.0,,,
"Frank, Rimerman Advisors LLC",,,,,,,,,,,,,,,,inf,22.44,1948.81,-7.45,-52.33
"Frazier Financial Advisors, LLC",,,,,,,,,,,,,,,,inf,60.41,-28.21,-8.59,-39.44
"Freedman Financial Associates, Inc.",,,,inf,-15.22,20.51,9.57,39.81,-22.92,-100.0,,,,,,,,,,
"Freedom Investment Management, Inc.",,,,,,,,,,,,,,,inf,28.58,34.44,-3.72,11.82,-36.35
Friedenthal Financial,,,,,,,,,,,,,,inf,-100.0,,inf,-100.0,,
"Frisch Financial Group, Inc.",,,,,,,,inf,-19.54,-100.0,,,,,,,inf,-5.48,19.81,-100.0
Front Row Advisors LLC,,,,,,,,,,,inf,200.0,200.0,-36.11,89756.52,-100.0,inf,10.98,-100.0,
"Front Street Capital Management, Inc.",,,,,,,,,,,,,,,,inf,-100.0,,,
Frontier Wealth Management LLC,,,,,inf,97.42,13.35,73.5,-21.48,83.83,-100.0,,,,,,,,,
Fulcrum Asset Management LLP,,inf,115.96,-53.7,-31.31,450.67,-79.58,0.0,206.4,-100.0,,,,,,,,,,
Fulcrum Equity Management,,,inf,851.25,-24.22,-100.0,inf,48.02,-100.0,,,,,,,,,,,
"Full Sail Capital, LLC",,,,,,,,,,,,,,inf,-100.0,inf,24.31,-9.68,-100.0,
Fullerton Fund Management Co Ltd.,,-100.0,inf,641.3,-54.41,423.37,-1.02,103.22,-40.85,-41.38,-19.72,71078.74,69.08,-87.63,-73.71,-100.0,inf,-66.44,-100.0,
"Fulton Bank, N.A.",,,,,,,,,inf,-49.42,13.7,76.31,170022.1,17.05,9.66,181.63,-44.48,7.36,-13.82,-56.08
Fund Management at Engine No. 1 LLC,,,,,,,,,inf,-17.32,-21.42,116855.04,66.72,24.59,-0.51,-100.0,,,,
"Fundamentun, LLC",,,,,,,,inf,-100.0,,,,,,,,,,,
Future Financial Wealth Managment LLC,,,,,,,,inf,-100.0,,,,,,,,,,inf,-100.0
Future Fund LLC,,,,,,,,,,,,,,,,,,inf,-30.09,4.53
G&S Capital LLC,,,,,,,,,,,,,,,,,inf,-100.0,,
"G2 CAPITAL MANAGEMENT, LLC / OH",,,,,,,,inf,-100.0,,,,,,,,,,,
"GABELLI & Co INVESTMENT ADVISERS, INC.",,,,,,,inf,43.2,51.86,-100.0,,,,inf,-9.74,43.37,22.44,-10.13,1.15,39.87
GABELLI FUNDS LLC,,,,inf,-82.58,19.66,9.56,36.41,69.76,-68.29,105.4,68894.87,51.32,16.22,-5.5,42.94,21.21,-10.34,0.55,-26.38
GABLES CAPITAL MANAGEMENT INC.,,,,,,,,,,,,,,,,inf,-38.78,-10.13,3045.85,-16.44
GAM Holding AG,,,,,,inf,-100.0,,inf,-26.03,-17.33,-100.0,,,,inf,-61.73,-100.0,inf,-0.25
"GAMCO INVESTORS, INC. ET AL",,,,inf,-100.0,,,,,,inf,-100.0,inf,174.81,-35.85,5.41,9.22,-50.43,22.43,-50.11
GARDA CAPITAL PARTNERS LP,,,,,,,,,,,,inf,51.09,-100.0,inf,-100.0,inf,2906.64,-34.49,-100.0
GARDNER LEWIS ASSET MANAGEMENT L P,,,,,,,,,,,,,inf,94.81,-100.0,,,,,
GATEWAY INVESTMENT ADVISERS LLC,,11.85,24.1,12.1,-14.25,19.47,9.5,39.35,-15.67,-26.68,-10.18,88208.34,55.84,10.46,-11.26,42.74,9.23,-10.09,1.08,-28.01
GDS Wealth Management,,,,,,,,,,,,,,,,inf,36.72,0.97,12.2,-19.78
"GERBER, LLC",,,,,,,,,,,,,,,,inf,22.44,-10.13,1.15,-26.38
"GERMAN AMERICAN BANCORP, INC.",,,,,,,,,,,,,,,,,inf,-100.0,,
GF FUND MANAGEMENT CO. LTD.,,,,,,,,,,,,,,,,,,,,inf
"GFG Capital, LLC",,,,,,,,,inf,33.48,24.24,-100.0,,inf,83.53,-28.32,20.55,9.31,-31.91,17.89
"GFS Advisors, LLC",,,,,,,,,,,inf,137227.19,-14.43,12.55,-13.59,32.66,-100.0,,,
"GHP Investment Advisors, Inc.",,,inf,-100.0,,,,,inf,-47.25,62.33,47216.74,51.32,4.22,-4.9,33.62,22.65,-10.35,-1.78,-29.15
GILDER GAGNON HOWE & CO LLC,,,,,,,,,,,,,,,inf,41.12,19.35,-11.85,29.74,-27.34
GIRARD PARTNERS LTD.,,,,,,,,,,,,,inf,-100.0,,inf,21.0,-10.13,-100.0,
"GKV Capital Management Co., Inc.",,,,,,,,,,,,,,,,,,,,inf
GLENMEDE TRUST CO NA,,71.05,251.54,37.86,-15.87,87.36,6.85,50.33,1498.81,141.75,-15.73,112682.83,-75.45,0.0,-70.06,89.3,15.68,-35.28,4.44,-22.31
GLOBALT Investments LLC / GA,,,,,,,,,,,,,,,,inf,19.06,18.24,-100.0,
GLOBEFLEX CAPITAL L P,,,,,,,,inf,-57.14,-33.33,-100.0,,,,,,,,,
GLUSKIN SHEFF & ASSOC INC,,,,,,,,,,,,,inf,13.67,-21.16,-100.0,,,,
"GM Advisory Group, Inc.",,,,,inf,48.73,-5.41,70.18,-29.03,-100.0,,,inf,16.73,-6.96,-100.0,,,,
"GM Advisory Group, LLC",,,,,,,,,,,,,,,,inf,38.84,-4.47,-14.98,-29.81
GODSEY & GIBB ASSOCIATES,,,,,,,inf,-100.0,,inf,-100.0,,,,,,,,,
"GODSEY & GIBB, INC",,,,,,,,,,,inf,751200.0,-79.12,742.19,-9.73,107.62,204.64,701.97,-45.52,-38.44
GOFEN & GLOSSBERG LLC /IL/,,,,,,,inf,35.11,-20.72,29.05,39.87,-3.68,-100.0,,,,,,,
"GPS Wealth Strategies Group, LLC",,,inf,8.91,74.11,19.18,44.99,88.17,-16.31,-26.93,-9.99,81887.7,20.08,20.42,-18.31,30.08,95.23,13.38,-18.92,-37.46
"GQ Asset Management, LLC",,-100.0,,,,,,,,,,,,,,,,,,
GQG Partners LLC,,145.31,-16.94,20.19,-100.0,,,,,,inf,-63.91,149752.08,11.42,-100.0,inf,28.55,-100.0,,
"GREAT LAKES ADVISORS, LLC",,223.47,364.44,74.25,-92.0,5.83,9.96,2770.33,-95.99,-34.34,-23.72,103596.99,45.38,26.69,-10.69,33.48,98.67,-27.68,192.55,-57.38
"GREAT VALLEY ADVISOR GROUP, INC.",,inf,104.6,19.66,-15.65,2.04,23.64,85.74,17.74,9.89,-2.45,96619.95,19.58,8.6,9.36,43.61,59.06,-5.78,5.6,-31.33
GREAT WEST LIFE ASSURANCE CO /CAN/,,,,,,,,,inf,-37.46,-18.36,4.44,53.75,4.88,-3.37,57.96,-100.0,,,
GREENWOOD CAPITAL ASSOCIATES LLC,,,,,,,,,,,,,,inf,73.07,189.98,-57.22,-5.02,-93.7,-100.0
GREENWOOD GEARHART INC,,,,,,,,,,,,,,,,inf,-100.0,,,
"GRIMES & COMPANY, INC.",,,inf,16.73,-100.0,inf,-44.22,-100.0,inf,-29.61,-16.89,103078.32,34.37,14.56,-8.8,43.45,22.85,-15.79,-0.22,-27.33
GROUP ONE TRADING LLC,,,,,,,,,,,,,,,,,,,inf,-18.7
"GROUP ONE TRADING, L.P.",,-10.58,141.52,56.17,92.38,15.59,18.13,67.08,-34.0,-39.71,-28.5,92825.65,10.59,30.29,-21.92,40.62,-20.13,-24.18,-100.0,
GROUPAMA ASSET MANAGMENT,,,,,,,,,,,,,,,,inf,189.58,-5.64,-22.28,-7.67
GSA CAPITAL PARTNERS LLP,,inf,-53.58,319.29,-26.89,-60.87,-53.44,-60.65,118.54,-100.0,,,inf,319.75,-100.0,,,,inf,-44.48
"GSB Wealth Management, LLC",,,,,inf,-97.66,5.17,92.34,-24.0,-8.74,-22.97,131037.67,250.66,-48.33,5.63,44.37,16.19,5.48,41.51,1.34
GSG Advisors LLC,,,,,,,,,,,,,,,,,,,inf,-100.0
GUARDIAN CAPITAL ADVISORS LP,,,inf,7.41,69.83,72.25,7.42,1.83,-31.34,-17.72,-100.0,inf,-100.0,,,,,,,
"GUARDIAN WEALTH ADVISORS, LLC / NC",,,,,,,,inf,-25.13,-15.4,-21.74,108996.88,38.91,18.13,-1.86,43.34,27.24,-3.61,3.44,-22.39
"GUERRA PAN ADVISORS, LLC",,,,,,,,,,inf,-100.0,,inf,37.26,-0.04,45.14,22.44,-10.13,1.15,-26.38
GUYASUTA INVESTMENT ADVISORS INC,,,,,,,,,,,,,,,,,,,inf,-100.0
GW HENSSLER & ASSOCIATES LTD,,,,,,,,,,,,,,,,,,inf,4.14,0.0
"GW&K Investment Management, LLC",,,,,,,,,inf,104.55,-100.0,,inf,1625.0,10.14,59.21,17.36,8.45,6.49,-26.83
GWM Advisors LLC,,64.63,65.47,25.61,-17.43,20.25,15.64,-100.0,,,,,,,,,,,,
GWN SECURITIES INC.,,,,,,,,,,,,,,,,,,,,inf
"GYL Financial Synergies, LLC",,,,,,,,inf,-100.0,,,,,,,,,,inf,-100.0
"GYROSCOPE CAPITAL MANAGEMENT GROUP, LLC",,,,,,,,,,,,,inf,20.69,23.9,-100.0,,,,
Gainplan LLC,,inf,-100.0,,inf,312.62,-100.0,inf,-100.0,,,,,inf,-100.0,,inf,-28.91,0.97,-100.0
"Gallagher Capital Advisors, LLC",,,,,,,,,,,,,,,,,,,,inf
"Gallagher Fiduciary Advisors, LLC",,,,,,,,,,,,,,,,,inf,1.67,1.1,3.65
"Game Creek Capital, LP",,,,,,,,,,,,,,,,,,inf,-3.96,-52.23
"Game Plan Financial Advisors, LLC",,14.85,79.88,12.34,-9.47,26.2,16.64,18.93,66.34,-31.59,-23.26,44015.92,-100.0,,,inf,23.04,-24.09,18.44,-42.25
"Garde Capital, Inc.",,,,,,,,,,,,,,,,,,inf,1.69,-7.5
Garden State Investment Advisory Services LLC,,,,,,,,,,,,inf,66.74,16.49,2.63,28.74,-12.68,-9.78,135.49,-46.52
Garner Asset Management Corp,,,inf,19.61,-15.57,23.3,9.45,39.93,204.11,-27.56,-21.35,2.37,49.42,-0.68,-10.64,157314.86,-99.89,-10.09,0.55,-27.88
"Garrett Wealth Advisory Group, LLC",,,,,,,,,,,,,,,,,inf,4.55,-100.0,
"Gateway Advisory, LLC",,,,inf,-100.0,,,,,,,,,inf,2.03,81.6,27.82,-14.73,2.85,-100.0
"Geier Asset Management, Inc.",,,,inf,-0.4,21.27,-100.0,,,,,,,,,,,,,
Geller Advisors LLC,,,,inf,-8.0,20.0,18.84,40.55,-3.69,-35.14,-100.0,,inf,190.63,-9.63,30.82,-19.36,-10.9,-12.93,-26.99
Gen-Wealth Partners Inc,,,,,,,,,,,,,,,,,inf,-10.13,-71.96,-18.71
Geneos Wealth Management Inc.,,69.05,-0.7,69.5,46.44,90.29,-34.53,56.08,-100.0,,,,,,,,,,,inf
"General Partner, Inc.",,,,,,,,,,,,inf,51.32,16.22,-9.74,43.37,31.7,-10.13,1.15,-26.38
"Generali Investments CEE, investicni spolecnost, a.s.",,,,,,,,,,,,,,,,,,,,inf
Generali Investments Towarzystwo Funduszy Inwestycyjnych,,,,,,,,,inf,-24.26,1.49,17.0,52.47,10.32,14.21,0.0,-13.2,14.48,2.96,-8.25
"Generali Investments, Management Co LLC",,,,,,,,,,,,,,,,,,,,inf
"Genesee Capital Advisors, LLC",,,,,,,,,,,,,,,inf,145.25,60.52,90.22,1.51,-32.83
"Geneva Partners, LLC",,inf,-100.0,,,,inf,-43.85,-100.0,,,,,inf,-100.0,,inf,-100.0,,
"Genovese Burford & Brothers Wealth & Retirement Plan Management, LLC",,,inf,11.6,-100.0,,,,,,,,,,,,,,,
Genus Capital Management Inc.,,,,,,,,,,,,,,inf,-100.0,inf,22.44,-10.13,1.15,-26.38
"GeoWealth Management, LLC",,,,,,,,,,,,,,,,,inf,-10.14,1.17,-26.39
Gerber Kawasaki Wealth & Investment Management,,,,,inf,38.35,10.88,56.96,-1.61,32.17,-2.64,79965.13,188.49,-37.11,6.59,110.43,36.93,-8.02,4.59,-34.71
Gifford Fong Associates,,15.68,55.84,-14.88,-14.4,19.65,23.31,39.85,-8.23,-30.06,-17.15,2.22,-9.16,16.22,-9.74,43.37,-8.93,-10.12,1.15,-26.39
"Gilbert & Cook, Inc.",,27.95,75.09,-9.75,-3.89,55.06,130.14,-39.99,-30.01,-23.84,-37.4,110722.01,51.26,-24.76,-100.0,,,,,
Gilliland Jeter Wealth Management LLC,,,,,,,,,,,,,,,,,inf,-10.11,3399.08,-100.0
"Gilman Hill Asset Management, LLC",,,,,,,,,,inf,11.85,-100.0,,,,,inf,28.95,30.27,-38.51
Gladius Capital Management LP,,,,,,,,,inf,68.67,-57.56,146077.9,-100.0,inf,2626.09,-52.25,-87.73,0.12,265.83,-60.3
Gladstone Institutional Advisory LLC,,-100.0,inf,55.41,-34.8,33.55,131.0,125.35,31.12,-31.76,-8.3,132917.25,-61.5,-13.18,13.54,61.91,9.25,8.63,0.68,-40.64
Glass Jacobson Investment Advisors llc,,,,,,,,,,,,inf,-100.0,inf,-9.74,31.03,23.48,-91.57,1.15,9.67
Glass Wealth Management Co LLC,,,,,,,,,,,,,,,,,inf,-100.0,,
Glassman Wealth Services,,49.12,56.47,18.05,-21.02,40.32,17.82,-26.34,244.37,-49.42,-31.18,116450.28,13.04,17.61,33.53,44.39,-100.0,,,
"Glaxis Capital Management, LLC",,,,,,,,,inf,-100.0,,,,inf,-100.0,,inf,-10.13,-100.0,
"Glen Eagle Advisors, LLC",,inf,-100.0,inf,80.16,19.65,15.7,139.31,-8.9,-24.78,-23.76,-14.84,38.95,-0.95,-9.74,34.15,25.45,30.45,4.32,-39.52
Glenview Trust Co,,,,,,,,,inf,-31.69,-22.71,80306.81,-100.0,inf,-100.0,,inf,-100.0,,
Glenview Trust co,,,,,,,,,,,,,inf,-100.0,inf,37.15,-100.0,inf,18.92,-24.26
"Global Assets Advisory, LLC",,,,,,,,,,inf,-100.0,,,inf,531.1,-100.0,inf,26940.21,-15.79,1.12
"Global Financial Private Client, LLC",,20.43,1.32,9.99,-40.69,-72.08,9.79,40.46,-24.82,-31.91,-10.27,-2.02,49.07,19.95,-4.03,42.74,24.37,-11.52,237.89,-37.32
"Global Retirement Partners, LLC",,12.7,52.2,25.6,-24.4,31.0,17.68,-100.0,inf,-16.78,-14.07,136274.46,30.42,10.49,-6.35,53.9,9.51,2.85,-49.13,-13.79
"Global Trust Asset Management, LLC",,-100.0,,inf,-100.0,,,inf,-78.26,-80.0,-20.0,101100.0,51.32,-76.75,-9.73,43.33,512.24,61.77,625.61,-16.53
"Global Wealth Management Investment Advisory, Inc.",,15.79,18.18,76.92,91.3,1580.68,9.47,-89.99,-6.17,-43.42,-100.0,,,inf,24.04,55.62,72.33,-4.27,28.82,-23.15
Global Wealth Strategies & Associates,,,,,,,,,,,,inf,-100.0,,,,,,,inf
"Global X Japan Co., Ltd.",,,,,,,,,,,,,,,,inf,414.88,-100.0,inf,-18.77
Glovista Investments LLC,,,,inf,-100.0,,,,,,,,,,,,,,,
"GoalFusion Wealth Management, LLC",,,,,,,,inf,-3.31,-30.0,-17.29,118568.64,-1.45,16.22,-9.74,70.13,-11.76,-21.14,1.15,-32.89
GoalVest Advisory LLC,,,,,inf,14.29,-100.0,,inf,0.0,-50.0,135900.0,51.32,114.77,-51.15,43.4,-100.0,,inf,-100.0
"Goelzer Investment Management, Inc.",,,,,,,,,,,,,,inf,-100.0,inf,21.36,-11.13,4.24,-27.47
Gold Investment Management Ltd.,,,,,,,,,,,,,,,,inf,22.2,-15.32,1.24,-12.96
"Golden Green, Inc.",,,,inf,-45.17,-5.04,249.24,21.26,-47.67,-7.35,-36.35,106179.13,-22.8,26.2,27.37,-100.0,,,,
Golden State Equity Partners,,,,inf,-100.0,,,,,,,,,inf,-11.13,22.05,-100.0,inf,5.16,-42.69
"Golden State Wealth Management, LLC",,68.09,52.15,15.14,-14.31,92.75,7.52,22.46,0.53,-100.0,,,,,,,,,,inf
"Goldstein Advisors, LLC",,,,,,,,,,,,,,,,,inf,-100.0,,
"Goldstone Financial Group, LLC",,,,,,,,,,,,,,,,,,inf,-17.9,-4.35
Goldstream Capital Management Ltd,,,,,,,,,,,,,,inf,-9.74,-100.0,,,,
"Good Life Advisors, LLC",,70.1,-100.0,,,inf,96.22,30.07,-23.92,-25.75,1.21,82797.81,10.93,70.24,10.26,17.81,95.04,-13.44,-5.53,-38.06
"Goodman Advisory Group, LLC",,,,,,,,,,,,,,inf,-88.1,-100.0,,,inf,-100.0
Gordian Capital Singapore Pte Ltd,,,,,,,,inf,-34.85,211.71,23.65,-31.77,-1.81,172733.33,101.77,154.31,71.0,56.37,-49.31,-28.34
"Gotham Asset Management, LLC",,inf,98.36,-71.07,104.16,4.71,145.08,69.61,206.99,-90.02,-32.92,183218.49,10.14,190.2,19.89,62.97,29.05,-8.66,38.67,-55.6
Governors Lane LP,,,,,,,,,,,,inf,3.66,-79.36,137.54,665.01,-71.13,-7.72,218.94,-36.05
"Gradient Capital Advisors, LLC",,,,,,,,,,,,,,inf,174.09,81.32,28.99,-4.27,3.21,-24.68
Gradient Investments LLC,,9.62,55.44,0.0,-6.32,21.69,-14.46,46.99,-22.83,1768.37,-4.54,110739.79,49.1,10.4,-1.1,51.73,0.51,0.66,-11.75,-26.78
"Graham Capital Management, L.P.",,,,,,,,,inf,1.48,-100.0,inf,-100.0,,inf,84.75,-49.29,-100.0,inf,255.56
Grandview Asset Management LLC,,inf,57.31,5.37,-11.32,15.3,-100.0,inf,-23.73,-31.04,-25.13,-1.26,29.87,-100.0,inf,39.15,22.99,-9.51,0.77,-27.38
"Grange Capital, LLC",,,,,,,,,,,,,,,,,,,,inf
"Granite Bay Wealth Management, LLC",,,,,,,,,,,,,,,,,,inf,-100.0,
"Granite Group Advisors, LLC",,,,,,,,,,,,,,,,inf,-9.02,-10.13,-100.0,
"Granite Point Capital Management, L.P.",,-8.03,56.74,101.66,-52.15,18.81,9.59,51.11,-29.66,-30.1,-17.18,102308.96,90.47,-100.0,,,,,,
GraniteShares Advisors LLC,,,,,,,,inf,9.23,-41.89,-27.5,85856.37,46.07,0.66,-100.0,,,,,
Grant Private Wealth Management Inc,,,,,,,,,,,,,,,,,,,,inf
"Grant Street Asset Management, Inc.",,,,inf,-100.0,,,,,,,,,,,,,,,
"Grantham, Mayo, Van Otterloo & Co. LLC",,,,,,,,,,inf,-82.8,12950.32,-100.0,,,,,,inf,-15.11
Grassi Investment Management,,52.65,-38.93,43.74,-16.46,21.74,7.94,39.66,-23.02,-17.05,-15.16,15.65,49.41,14.83,-6.6,47.64,22.44,-8.59,3.17,47.59
Graticule Asia Macro Advisors LLC,,,,,inf,4495.33,-100.0,,,,,,,,,,,,,
Gratus Capital LLC,,,,,,,,,,,,,inf,58.9,-9.83,41.83,-100.0,,,
"Gratus Capital, LLC",,,,,,,,,,,,,,,,inf,-16.63,-3.86,-100.0,
Gray Wealth Management Inc.,,,,,,,,,,,,,,,,,inf,-4.26,4.74,-100.0
Graypoint LLC,,,,,,inf,16.53,61.82,21.57,-26.62,-14.86,130852.96,86.46,28.74,-10.39,74.27,33.18,-6.21,3.0,-29.56
"Great Lakes Retirement, Inc.",,,,,,,,,,,,,inf,-20.46,-100.0,inf,23.04,2.27,5.17,-25.6
"Great Point Wealth Advisors, LLC",,,,,,,,,,,,,,,,inf,22.44,-100.0,,
Great Waters Wealth Management,,,,,,,,,,,,,,,,,,,,inf
"Greater Midwest Financial Group, LLC",,,,,,,,,,,,,,,,inf,138.05,-10.56,21.49,-8.8
Greenfield Savings Bank,,,,,,,,,,,,,inf,25.18,-3.65,60.51,56.95,6.98,19.36,-19.82
Greenland Capital Management LP,,,,,,,,,,,,,,,inf,609.91,130.79,-72.07,219.24,-75.2
"Greenline Partners, LLC",,,,,,,,,,,,,,,,,,,,inf
Greenwich Wealth Management LLC,,,,,,,,,,,,,,,,,inf,16.83,6.78,-100.0
"Grey Fox Wealth Advisors, LLC",,,,,,,,,,,,inf,72.67,-100.0,,,,,,
"Grey Street Capital, LLC",,,,,,,,,,,,,,,,,inf,-100.0,,
"Greystone Financial Group, LLC",,,,inf,-100.0,,,,,inf,-10.82,51194.06,27.56,-61.48,-9.74,43.37,22.44,20.05,66.95,-66.28
"Ground Swell Capital, LLC",,,,,inf,-100.0,,,,inf,-100.0,,inf,-100.0,inf,-100.0,,,inf,-100.0
Grove Bank & Trust,,inf,48.43,21.15,-15.46,19.76,9.61,39.78,-8.84,-29.98,-16.88,4.55,152397.97,16.09,-4.52,45.49,24.57,-10.8,4.91,-24.42
Gryphon Financial Partners LLC,,,,,,,,inf,-3.83,-100.0,,,inf,23.01,-9.57,164.44,-26.18,4.09,8.59,-30.95
"Guardian Wealth Advisors, LLC",,,,,inf,-100.0,,,,,inf,-100.0,,,,,,,,
"Guild Investment Management, Inc.",,,,,,,,,inf,362.13,-37.2,95601.91,70.36,-100.0,,,,,,
Gulf International Bank (UK) Ltd,,29.79,54.71,4.73,-23.19,19.26,8.35,19.48,3.93,-27.86,-16.92,1.68,19.0,-10.02,-18.89,32.35,22.93,-15.73,-3.23,-27.18
Gunderson Capital Management Inc.,,12.24,5.7,19.07,-100.0,,,,,inf,-100.0,,inf,10.58,-6.48,14.84,25.06,-100.0,,
"HAGER INVESTMENT MANAGEMENT SERVICES, LLC",,,,,,,,,,,,,,,,,,,,inf
"HALBERT HARGROVE GLOBAL ADVISORS, LLC",,,,,,,,,,,inf,42000.0,113.42,16.23,-13.02,530.22,-100.0,,,inf
HALL LAURIE J TRUSTEE,,,,,,,,,inf,-35.3,-19.34,-0.24,32.8,-4.74,-21.57,42.81,15.18,-18.43,-6.97,-29.28
HALLMARK CAPITAL MANAGEMENT INC,,,,,,,,,,inf,-50.0,1211100.0,-91.91,16.22,-100.0,,,,,
HANCOCK WHITNEY CORP,,inf,24.75,9.98,-15.15,26.61,7.58,30.6,-1.84,-34.73,-13.54,71858.45,47.96,-25.8,-16.96,48.63,998.14,-8.63,1.02,-84.24
HANSEATIC MANAGEMENT SERVICES INC,,97.76,-86.3,17.69,-100.0,,,inf,-100.0,,,,inf,15.79,92204.55,45.54,1224.26,-100.0,,
"HANTZ FINANCIAL SERVICES, INC.",,,,,,,,,,inf,-17.3,42.86,50.36,16.15,-9.61,46.61,4.94,-4.12,0.61,-30.03
"HAP Trading, LLC",,10.43,319.73,55.31,-45.41,-38.08,-10.44,100.12,90.4,28.56,24.32,-90.4,-42.4,75839.68,-30.26,722.76,-28.18,71.82,-27.83,328.8
"HARBERT FUND ADVISORS, INC.",,,,,,,,,,,,,,inf,-48.85,-15.67,4.38,58.13,-100.0,
"HARBOR CAPITAL ADVISORS, INC.",,,,,,,,inf,-25.51,-30.48,-0.42,101142.86,231.64,68.91,-4.65,20.17,-99.9,-22.53,-2.24,-34.73
"HARBOR INVESTMENT ADVISORY, LLC",,,inf,20.0,5.56,107.02,12.71,131.58,18.83,-49.73,-10.6,73450.46,47.59,9.94,62.93,151.08,-4.55,-10.31,0.4,-60.54
"HARBOUR INVESTMENTS, INC.",,,,,inf,23.0,8.68,-2.52,-100.0,inf,0.0,89031.8,52.39,15.14,-17.15,40.32,53.41,-10.72,-2.19,-26.03
HARMONY ASSET MANAGEMENT LLC,,,,,,,,,,,,,,,,inf,-100.0,inf,92.49,-25.02
"HARRELL INVESTMENT PARTNERS, LLC",,,,,,,,,,,,,,,,inf,28.16,-9.87,-3.94,-21.33
HARTFORD INVESTMENT MANAGEMENT CO,,0.82,50.8,24.55,-16.75,16.95,-2.51,50.79,-5.12,-31.87,-18.16,-22.07,175778.22,-3.85,-12.02,41.75,17.46,-10.88,-0.49,-27.52
HARTLINE INVESTMENT CORP/,,17.77,54.5,13.2,-14.54,29.03,12.75,24.07,-28.52,-9.31,-100.0,inf,52.26,15.89,-9.16,43.04,-96.8,3116.38,7.41,-42.86
HARVARD MANAGEMENT CO INC,,,,,,,,inf,-24.01,43.61,-17.14,102125.38,51.32,-99.83,-9.73,143264.42,22.44,246.75,-11.17,-38.58
"HARVEST GROUP WEALTH MANAGEMENT, LLC",,inf,-57.14,-100.0,,,,,,,,,,,,,,,,
HARVEST VOLATILITY MANAGEMENT LLC,,,,inf,39.43,58.84,75.58,84.16,-10.86,-25.77,-21.66,80107.35,28.19,-0.25,-100.0,,,,,
"HAZLETT, BURT & WATSON, INC.",,,,,,,,,inf,-28.12,-21.74,22.22,100.0,131.82,30.39,45.86,39.69,-20.66,184.65,-18.14
"HB Wealth Management, LLC",,,,,,,,inf,178.65,18.28,-27.5,148464.89,55.46,27.83,-0.23,68.37,45.36,35.68,13.83,-31.33
"HBC Financial Services, PLLC",,inf,162.5,9.52,213347.83,-99.88,-3.33,-31.03,136290.0,-6.82,-99.95,-100.0,,,,,,,,
HBK INVESTMENTS L P,,43.18,-44.29,11.86,-65.04,-32.24,4573.88,57.68,-100.0,,inf,253377.18,-100.0,inf,-100.0,inf,-100.0,,,
HBK Sorce Advisory LLC,,23.36,107.83,46.05,-34.11,54.92,4.73,38.29,-36.86,-72.99,91.75,138.38,92776.75,5.72,-24.16,53.39,27.9,-9.56,2.0,-24.42
HBW ADVISORY SERVICES LLC,,,,,,,,,,,,,,,,inf,0.0,184627.85,16.52,-27.14
HBW Advisory Services LLC,,,,inf,-100.0,,inf,40.1,-16.25,-3.38,16.59,-100.0,,inf,-100.0,,,,,
HCR Wealth Advisors,,,,,,,,,,,,,,,,inf,21.99,-23.18,-0.44,-20.31
"HEADINVEST, LLC",,,,,,,,,inf,-28.46,-8.96,105648.43,19.32,7.04,18.58,50.53,12.54,21.89,1.93,-20.01
HEALTHCARE OF ONTARIO PENSION PLAN TRUST FUND,,5261.54,-100.0,inf,-93.8,769.7,-96.6,69197.44,-99.16,2664.04,-87.67,75715.06,-99.97,4759827.04,-100.0,5066510.68,430.52,543.78,-69.73,80.11
HELLMAN JORDAN MANAGEMENT CO INC /MA/,,,,,inf,16.58,59.11,14.25,-10.76,-30.27,-3.93,135.38,-100.0,,,,,,,
HENDLEY & CO INC,,,,,,,,,,,,,,,,,,,,inf
"HERBST GROUP, LLC",,,,,,,,,,,,,,,,,inf,2.84,32.79,-100.0
HERITAGE INVESTORS MANAGEMENT CORP,,,,,,,,inf,-23.95,-30.11,-16.45,-100.0,inf,4.6,-9.52,43.32,17.8,-10.07,0.8,-26.46
HERITAGE OAK WEALTH ADVISORS LLC,,,,,,,,,,,,,,,,,,,inf,-100.0
"HERITAGE WEALTH MANAGEMENT, LLC",,,,,inf,-47.83,-13.1,-100.0,inf,81277.61,-99.93,191059.46,-100.0,,,,,,,
"HERON FINANCIAL GROUP, LLC",,,,,,,,inf,62.56,-30.06,-6.43,90693.13,64.19,16.75,-100.0,,,,,
"HHM Wealth Advisors, LLC",,,,inf,-15.0,21.57,8.06,-100.0,,inf,121.43,107503.23,38.1,10.04,-9.74,38.54,22.73,24.49,-20.53,110.8
"HIGHLAND CAPITAL MANAGEMENT FUND ADVISORS, L.P.",,131.38,-6.46,55.35,-100.0,,,,,,,,,,,,,,,
"HIGHLAND CAPITAL MANAGEMENT, LLC",,907.69,47.87,5.8,-14.99,12.13,0.88,34.6,-16.71,-28.99,-51.71,-45.95,210689.88,-8.53,-11.0,153.93,1.95,-23.06,-61.87,18.62
HIGHLINE WEALTH PARTNERS LLC,,,,,,,,,,,inf,-75.93,61.16,16.22,-9.74,43.38,22.44,1.93,28.34,-38.86
HILL ISLAND FINANCIAL LLC,,,,,,,,,,,,,,,,,,,inf,-100.0
HIMENSION CAPITAL (SINGAPORE) PTE. LTD.,,,,,,,,,,,,,,,inf,970.56,-100.0,,,
"HM Capital Management, LLC",,,inf,-100.0,,,,,,,,,,,,,,,,
HM PAYSON & CO,,0.0,140.0,858.33,-14.78,-55.1,11.36,97.96,123.71,-26.27,-1.25,101810.13,122.84,19.52,-46.92,36.89,40.97,44.67,-28.92,-31.6
HNP Capital LLC,,,,,,,,,inf,-100.0,,,,,,,,,,
HOERTKORN RICHARD CHARLES,,,,,,,,,,,,inf,51.32,16.22,2.3,43.37,22.44,4.89,49.69,-23.56
"HOEY INVESTMENTS, INC",,inf,245.88,-7.15,-75.6,323.68,-61.8,688.21,19.55,-34.56,37.64,82143.63,224.88,51.33,-12.06,-27.91,19.1,-35.23,0.0,-96.18
"HOGE FINANCIAL SERVICES, LLC",,,,,,,,,,,,,,,,,inf,39.8,-100.0,
"HOHIMER WEALTH MANAGEMENT, LLC",,,,,,,,,,,,,,,,,inf,-6.6,1.15,6.96
HOLDERNESS INVESTMENTS CO,,,,,,,,,inf,-30.09,-19.59,100210.58,52.1,8.45,-7.54,43.37,58.66,98.06,-39.78,-17.63
HOLLENCREST CAPITAL MANAGEMENT,,40.0,48.21,6.02,-13.64,26.32,34.38,54.26,28.14,-38.04,-100.0,inf,241.68,245.96,-9.27,44.47,-39.24,-7.51,-3.14,-28.06
"HOWARD WEALTH MANAGEMENT, LLC",,,,,,,,,,,,,,,,,,,,inf
HOWE & RUSLING INC,,-100.0,inf,2320.0,50.41,-32.42,8.94,39.55,-21.93,-29.45,-41.75,-100.0,,,,,,,,
HOWLAND CAPITAL MANAGEMENT LLC,,,,,,,,,,,,,,,,,,inf,1.15,-100.0
"HOYLECOHEN, LLC",,,inf,43.57,-7.86,22.51,35.98,86.77,0.76,9.37,-15.83,56060.59,51.32,17.33,-10.96,45.65,22.62,-9.3,-100.0,
HSBC HOLDINGS PLC,,,inf,192.31,-39.79,-6.09,27.36,26.06,19.76,-23.03,-21.88,116175.4,53.12,-3.68,-11.92,45.0,69.8,-0.88,7.4,-26.18
"HUB Investment Partners, LLC",,,,,,,,,,,,,,,,,,,,inf
HUDSON EDGE INVESTMENT PARTNERS INC.,,,,,,,,,,,,,,,,,,,inf,-57.51
HUDSON VALLEY INVESTMENT ADVISORS INC /ADV,,,,,,,,,inf,-19.43,0.61,106378.52,56.1,20.31,-11.18,24.64,44.32,-15.86,27.28,-27.55
HUNTINGTON NATIONAL BANK,,,,,,inf,77.08,-100.0,,,,,,,,,,,,
HWG Holdings LP,,inf,-22.39,52.18,-99.0,20.25,-100.0,inf,-63.32,-100.0,inf,0.0,21900162.9,-75.95,-80.06,513.11,-100.0,inf,-100.0,
"HYA Advisors, Inc",,,,inf,-100.0,inf,18.67,53.56,-23.9,-100.0,,,,,,,,,,
HYMAN CHARLES D,,,,,inf,21.03,10.81,39.72,16.96,-30.06,-17.38,201376.01,63.19,16.16,-17.0,43.31,22.5,-10.15,-100.0,
Haafor (Singapore) Pte. Ltd.,,inf,9.94,27.26,-100.0,,,,,,,,,,,,,,,
"Halpern Financial, Inc.",,,,,,,,,,,inf,-100.0,,,,,,,,
"Hamilton Point Investment Advisors, LLC",,,,,,,,,,,,,inf,16.22,-9.74,43.37,22.44,-10.13,1.15,-26.38
Handelsbanken Fonder AB,,inf,-20.88,12.94,-10.15,19.66,11.68,34.33,-1.06,-7.54,-14.42,18.35,57.97,6.46,-7.26,50.18,28.59,-12.67,9.62,-28.3
Handelsinvest Investeringsforvaltning,,,,,,,,,,,,,,,,inf,-7.22,-100.0,,
"Hanlon Investment Management, Inc.",,inf,-100.0,,,,,,,,,,,,,,,,,
"Hansen & Associates Financial Group, Inc.",,,,,,,,,,,,,,,,inf,-67.34,-100.0,,
Hanson & Doremus Investment Management,,,,,,,inf,573.68,-24.22,-29.9,-17.65,3.57,218.97,-45.41,-8.91,11.96,23.3,-10.24,0.88,-26.09
"Hapanowicz & Associates Financial Services, Inc",,,,,,,,,,,,,,inf,19.19,19.45,-100.0,inf,4.9,-100.0
Harbor Advisors LLC,,,,,,,,,,,,,,,inf,43.37,144.88,-10.13,1.15,-26.38
"Harbor Group, Inc.",,,,,,,,,inf,-26.02,-100.0,inf,68.43,28.9,-14.41,18.68,25.47,-14.17,1.15,-26.38
"Harbour Capital Advisors, LLC",,,,,,,,,,,,,,,,,,,,inf
Harbour Trust & Investment Management Co,,,,,,,,,,,,,,,,inf,28.96,-5.22,-3.69,-26.38
Hardy Reed LLC,,,,,,,,,,,,,,,,,,inf,2.12,-100.0
"Harfst & Associates, Inc.",,,,,,inf,9.54,-5.71,550.96,-36.4,-11.85,104764.14,52.45,36.62,-9.69,42.8,-4.04,-9.26,3.41,6.62
"Harrington Investments, INC",,,,,,,,,,,,,,,,,,,inf,65.58
Hartford Financial Management Inc.,,,,inf,200.0,22.22,9.09,22.22,-13.64,-28.95,-22.22,111242.86,51.32,16.22,-9.73,43.37,22.44,-22.57,1.15,-26.38
Hartford Funds Management Co LLC,,,,,,,,,,,,,inf,31.32,-29.11,-100.0,,,,
"Harvest Fund Management Co., Ltd",,1.34,103.37,-10.38,-39.74,12.55,79.83,140.9,-29.41,-27.46,-18.5,-16.21,143.7,341.97,-47.35,29.66,145.72,-100.0,,
"Harvest Investment Services, LLC",,inf,63.23,18.37,21.35,3.99,17.64,-2.03,-19.85,-18.37,-100.0,,inf,43.85,36.2,24.65,116.24,-22.47,-31.14,-60.73
Harvest Portfolios Group Inc.,,,,,,,,,,,,inf,35.82,31.2,83.87,-43.08,-6.47,7.1,5.6,-15.11
"Harwood Advisory Group, LLC",,11038.46,-100.0,,,,,,,,,,,,,,,,,
"Haven Capital Group, Inc.",,,,,,,,,,,,,,,,,,,,inf
"Hayden Royal, LLC",,inf,-99.86,-100.0,,,,,,,,,,,,,,,,
Headlands Technologies LLC,,,,,,,,,,,,,,inf,-100.0,inf,-100.0,inf,-100.0,
Heartland Bank & Trust Co,,,,inf,-18.72,4.2,0.29,41.43,-8.52,-26.34,-8.22,91564.39,-40.56,6.74,-8.47,34.34,77.36,6.29,-1.31,-38.65
"Heck Capital Advisors, LLC",,,,,,,,,,,,,,,,,,,,inf
Hel Ved Capital Management Ltd,,,,,,,,,,,,,,inf,-100.0,inf,253.67,-100.0,,
Hemenway Trust Co LLC,,,,,,,,inf,14339.71,-30.43,-16.88,106608.58,52.75,12.86,-9.12,45.44,13.59,-11.67,-1.68,-25.96
Hemington Wealth Management,,,,,,,,,,,,,,,,,,,inf,-15.53
"Hennion & Walsh Asset Management, Inc.",,,,,inf,29.39,4.36,-12.13,-14.53,-58.34,-20.18,-75.0,52.47,-100.0,,,inf,284.0,35.81,-9.35
"Henrickson Nauta Wealth Advisors, Inc.",,,,,,,,inf,-100.0,,,,,,,,,,,
Herald Investment Management Ltd,,15.66,55.87,-29.99,-14.92,19.62,9.56,4.81,53.72,-30.06,-2.53,2.26,151221.89,16.22,-9.74,43.35,10.47,-10.09,1.2,-33.56
"Heritage Financial Services, LLC",,,,,,,,,,inf,-100.0,,,,,,,,,
Heritage Trust Co,,,,,,,,,,,,,,,,,,,,inf
Heritage Wealth Advisors,,inf,55.7,-99.89,87122.22,49.69,9.46,23.19,-99.22,-29.96,82826.59,102.44,-26.03,132.45,-9.74,47.78,22.79,30.41,-67.27,-25.76
"Heritage Wealth Management, Inc.",,,,,,,,,,,,,,,,,,inf,-4.55,-25.25
"Heritage Wealth Partners, LLC",,,,,,,,,,,,,,inf,-100.0,inf,0.0,109.91,2.52,-27.26
"Herold Advisors, Inc.",,,,,,,inf,40.34,84892.71,-100.0,,,,inf,-100.0,inf,-5.57,-12.58,21.61,3.58
Hexagon Capital Partners LLC,,,inf,77.06,409.97,19.8,10.11,38.96,-5.05,-29.23,33.69,16192.41,-38.89,18.53,-7.32,40.27,29.28,-12.52,-4.31,10.66
"Hibernia Wealth Partners, LLC",,,,,,,,,,,,,,,inf,-100.0,,,,
Hidden Lake Asset Management LP,,,,,,,,,,,,,,,,inf,-100.0,,,
Hiddenite Capital Partners LP,,,,,,,,,,inf,273.39,207577.76,-72.17,-100.0,,,,,,
"High Falls Advisors, Inc",,,,,,,,,,,,,,inf,-100.0,,,,,inf
High Net Worth Advisory Group LLC,,,,,,,,inf,-21.13,-24.11,56.47,35742.86,-100.0,inf,4.76,-100.0,inf,-14.32,-100.0,inf
HighMark Wealth Management LLC,,-99.88,58.06,16.33,-14.04,18.37,10.34,46.88,-19.15,-27.63,-16.36,97576.09,35.68,16.22,-9.74,43.37,44.68,-20.89,-41.62,-34.06
HighPoint Advisor Group LLC,,-95.2,65.68,29.33,-35.93,55.06,17.03,-100.0,,inf,-100.0,,,,,inf,-99.92,-4.12,126194.84,-36.94
"HighTower Advisors, LLC",,48.06,82.55,18.28,-16.35,32.69,-16.43,48.73,-4.43,-26.9,-21.16,100298.71,14.36,21.73,-6.75,44.36,18.58,-7.95,21.02,-39.85
"HighTower Trust Company, N.A.",,,,,,,,,,,,,inf,-100.0,,,,,,
HighVista Strategies LLC,,,,,,,,,,,,,,,,,inf,-7.45,-100.0,
Highland Private Wealth Management,,,,,,,,inf,34.62,-41.43,-100.0,,,,,,,,,
"Highlander Capital Management, LLC",,,,,,inf,11.11,40.0,-21.43,72.73,-15.79,0.0,-6.25,13.33,-11.76,171880.0,-100.0,,,
"Highlander Partners, L.P.",,,,,,,,,,,,,inf,52.35,-9.74,43.37,-28.05,13.52,1.15,-26.38
Hills Bank & Trust Co,,,,,,,,,inf,-69.54,-31.21,-18.07,134952.82,-13.13,-9.72,43.65,22.44,-11.93,-5.28,2.71
Hillsdale Investment Management Inc.,,,inf,28.85,-49.25,-100.0,inf,22.95,388.67,-35.88,-88.94,62551.92,-66.01,468.78,144.68,30.93,49.27,-100.0,,
Hilltop National Bank,,,,,,,,,,,,,,,,,inf,48.17,29.01,-26.38
"Hilton Capital Management, LLC",,,,,inf,19.64,9.52,39.8,-23.96,-30.09,-17.12,0.0,102088.34,75.87,-9.74,43.37,22.44,-10.13,1.15,-26.38
"Hixon Zuercher, LLC",,,,,,,,,,,,,,inf,-8.76,43.62,-10.96,-9.45,-4.72,-22.83
"Hobbs Group Advisors, LLC",,,,,,,,,,,,,,,,inf,-100.0,inf,-9.79,-100.0
Hodges Capital Management Inc.,,,,,,,,,inf,-6.2,14.66,-6.77,109.41,-100.0,,,inf,215591.09,-52.42,-48.63
Hofer & Associates. Inc,,,,,,,,,,,,,,,,,,inf,8.1,-100.0
"Holocene Advisors, LP",,179.39,-100.0,,,,,,,,,,,,inf,-100.0,inf,-36.89,-100.0,
Homrich & Berg,,,,,,inf,-100.0,,,,,,,,,,,,,
Honeycomb Asset Management LP,,,,inf,-100.0,inf,25.6,-71.3,51.97,-100.0,,,inf,-100.0,inf,-100.0,inf,-100.0,,
Hood River Capital Management LLC,,3.21,55.85,123.73,-58.66,74.02,-15.01,1.57,-21.8,-28.89,-17.12,168323.44,-36.73,-100.0,,,,,,
"Hoover Financial Advisors, Inc.",,inf,-100.0,inf,-20.27,22.03,-100.0,,,,,,,,,,,,,
"Hopwood Financial Services, Inc.",,,,,,,,,,,,,,,,,,,,inf
"Horan Securities, Inc.",,,,,,inf,-100.0,inf,346.67,-26.87,-20.41,84441.03,51.32,15.78,-100.0,,,,,
"Horizon Investments, LLC",,,,,,,inf,-100.0,,inf,-11.37,-34.01,174037.41,38.3,-13.32,94.63,29.74,16.5,29.7,13.36
"Horizon Wealth Management, LLC",,,,,,,,inf,59.22,-34.78,-100.0,,,,,,inf,-100.0,,
"Hotaling Investment Management, LLC",,,,,,,,,,,inf,-100.0,,,,,,,,
"Householder Group Estate & Retirement Specialist, LLC",,,,,,,,,,,inf,122.22,115.0,-100.0,inf,-99.88,162546.59,-99.9,8.54,-92.46
"Howard Capital Management Group, LLC",,,,,,,,,,,,,,,,inf,-43.03,-10.13,145.92,-63.19
Howard Capital Management Inc.,,,,,,,,,,,,,,inf,-3.07,-100.0,,,inf,-24.61
"Hoxton Planning & Management, LLC",,,,,,,,,,,,,inf,54.07,-99.92,64.47,130946.1,-12.11,-1.54,-100.0
"Hudock, Inc.",,3050.0,-93.65,2250.0,-14.36,49.07,10.83,35.34,-40.83,-30.05,-17.45,-100.0,,,inf,42.13,8.49,-4.52,5.09,-8.64
Hudson Bay Capital Management LP,,47.66,-99.46,-100.0,,,inf,362.07,-88.5,3038.96,11.47,29246.12,1880.86,-100.0,inf,385.03,-43.45,-13.72,162.02,-33.89
Hudson Canyon Capital Management,,,,,inf,32.18,5.52,31.17,-24.02,-29.33,-12.63,0.01,51.22,12.59,-9.74,40.19,22.44,-20.67,1.15,-26.38
"Hudson Value Partners, LLC",,,,,,inf,10.42,42.05,-22.51,-30.09,-19.26,103675.14,25.49,-5.22,0.08,49.55,29.97,-22.4,-6.63,-28.3
Human Investing LLC,,,,,inf,-100.0,,,,,,,,,,,,,,
Hummer Financial Advisory Services Inc,,,,,,,,,,,,,,inf,-9.74,43.37,22.44,-10.13,1.15,-26.38
"Hunting Hill Global Capital, LLC",,,,,,,inf,68.36,-100.0,,inf,-100.0,,,,,,,,
"Hurley Capital, LLC",,,,,,,,,,,,,,,,,,,,inf
"Hurlow Wealth Management Group, Inc.",,,,,,,,,,,,,,,,,inf,-100.0,,
"IAG Wealth Partners, LLC",,0.0,75.0,0.0,-14.29,33.33,0.0,37.5,54.55,-29.41,141.67,35189.66,51.32,16.22,-9.74,43.37,22.44,-10.13,1.15,28.59
"IAM Advisory, LLC",,,,inf,-9.27,-100.0,inf,18.48,-17.87,-30.11,-17.37,100627.16,47.67,14.44,-10.32,40.26,22.34,-11.49,1.2,-26.53
IBEX WEALTH ADVISORS,,,,,,,,,,,,,inf,-100.0,inf,163.79,-100.0,inf,-100.0,inf
IBM Retirement Fund,,29.03,114.86,30.66,-21.3,0.52,9.8,-16.32,-2.55,-100.0,,,,,,,,,,
"ICA Group Wealth Management, LLC",,,,,,,,,inf,-4.81,-32.77,84005.13,60.13,-13.6,-10.98,41.16,26.05,-81.09,-100.0,
ICAPITAL WEALTH LLC,,,,,,,,inf,71991.21,-100.0,inf,-100.0,inf,-100.0,,,,,,
ICICI Prudential Asset Management Co Ltd,,,,,,,,inf,30.07,-32.44,-0.27,139396.54,92.8,23.33,18.52,56.36,25.63,-0.81,20.37,-26.37
"ICONIQ Capital, LLC",,,,,,,,,,,,,,,,,,inf,167.53,3.58
"IEQ CAPITAL, LLC",,-100.0,inf,-100.0,inf,130.62,-51.56,31.91,299.35,-17.6,-26.99,22452.97,57.88,-5.25,4.34,49.22,93.29,44.43,28.05,-17.97
"IFG Advisory, LLC",,,,,,inf,16.17,37.5,13.84,-24.32,-2.64,1.48,151720.39,-100.0,inf,53.4,-100.0,inf,-100.0,inf
IFM Investors Pty Ltd,,-10.72,76.39,29.89,-1.48,49.18,8.78,38.24,147.49,-62.44,-15.93,106655.1,55.62,23.07,-7.25,-99.86,123102.83,-9.16,0.79,-100.0
"IFP Advisors, Inc",,-3.88,259.42,-46.6,-28.26,24.44,22.22,84.66,-14.32,-52.35,9.26,-22.85,26651.88,1029.21,-39.5,119.08,34.77,41.97,66.83,-10.99
"IFS Advisors, LLC",,,,,,,,,,,,,,,,,inf,23.96,1.16,-26.38
"IHT Wealth Management, LLC",,241.76,7.85,-25.57,-5.45,79.91,-60.26,94.01,29.5,-30.35,42.5,95858.33,80.55,33.47,-14.02,23.05,35.78,2.82,35.11,-32.11
"IMA Advisory Services, Inc.",,,,,,,,,,,,,,,,,,inf,-42.71,-14.31
"IMA Wealth, Inc.",,,,,,,,,,,,,,,,,inf,-100.0,,
"IMC-Chicago, LLC",,7.05,117.35,10.11,32.34,54.08,-0.46,69.16,-33.67,-46.4,-18.55,114951.73,63.31,45.45,-24.34,73.46,51.81,7.02,13.46,14.18
IMS Capital Management,,,,,,,,,,,,,,,inf,283.84,24.0,-8.47,4.91,5.6
IMZ Advisory Inc,,,,,,,,,,,,,,,,inf,3.81,-10.26,4.0,-28.35
INCEPTIONR LLC,,,,,,,,,,,,inf,-100.0,inf,-100.0,,,,,
"INFRASTRUCTURE CAPITAL ADVISORS, LLC",,,,,,,,,,,,,,,,,inf,-100.0,inf,-100.0
INNOVIS ASSET MANAGEMENT LLC,,,,,,,,,,,,inf,-12.58,76.82,-8.21,-100.0,,,,
"INSIGNEO ADVISORY SERVICES, LLC",,,,,,,,,,,,inf,72.9,86.06,16.63,103.47,56.44,-19.44,20.96,-34.77
"INSPIRE TRUST CO, N.A.",,,,,,,,,,,,,,,,,,inf,70.67,-8.54
"INSTITUTIONAL & FAMILY ASSET MANAGEMENT, LLC",,0.0,66.67,340.0,172.73,-23.33,-45.65,40.0,8.57,-31.58,-15.38,101472.73,51.32,-6.01,-9.74,69.06,28.77,-35.84,-100.0,
INTACT INVESTMENT MANAGEMENT INC.,,,inf,104.69,-44.55,10.25,-39.88,-100.0,inf,-13.01,6.54,181014.47,-0.9,-8.83,-9.74,16.01,-63.02,-99.94,1.23,287218.29
INTECH INVESTMENT MANAGEMENT LLC,,,,,,,,,,inf,245691.94,104.3,-5.29,-28.8,-7.21,43.47,-38.92,-65.62,-16.36,-78.99
"INTERNATIONAL ASSETS INVESTMENT MANAGEMENT, LLC",,72.92,46.76,86491.32,-99.79,-0.72,3.25,190.71,-17.67,-65.1,41.93,130455.48,-52.3,20.7,99.89,-17.89,65.5,18.79,-99.35,8977.03
INTREPID CAPITAL MANAGEMENT INC,,,,,,,,,,,,,,inf,-57.37,323.16,33.98,23.88,13.2,-4.97
INTRUST BANK NA,,,inf,47.56,-18.07,38.6,19.89,63.27,-10.7,96.36,-84.0,213734.78,83.07,17.97,-11.61,54.58,24.83,-18.57,-1.39,-36.39
INVENIO WEALTH PARTNERS LLC,,,,,,,,,,,,,,inf,4.34,28.52,14.27,-11.96,1.15,-26.38
INVERNESS COUNSEL LLC /NY/,,,,,,inf,97.97,-3.18,52.07,-30.26,-8.8,-100.0,,,,,,,,
"INVESCO, LLC",,,,,,,,,,,,,,inf,-9.74,43.37,19.78,-16.78,1.15,-20.6
INVESTMENT HOUSE LLC,,,,,,,,,,,,,,,,inf,-26.07,-76.54,1057.82,-10.02
INVESTMENT MANAGEMENT CORP /VA/ /ADV,,,,,,,,,,,,,,,,,,,,inf
"INVESTMENT PARTNERS, LTD.",,,,,,,,,,,,,,,,,,,inf,-100.0
INVESTORS ASSET MANAGEMENT OF GEORGIA INC /GA/ /ADV,,15.72,32.19,8.72,-13.73,12.96,7.22,37.51,-18.59,-30.78,-17.0,102634.34,49.49,13.63,-10.69,42.8,16.9,-13.68,1.25,-27.46
"INVICTUS PRIVATE WEALTH, LLC",,,,,,,,,,,,,,,inf,-52.38,-25.22,228.49,95.57,28.98
IPG Investment Advisors LLC,,37.11,65.59,-72.52,51.5,21.2,-44.47,-99.87,1867.53,-14.27,-100.0,inf,-100.0,inf,38.81,-100.0,inf,608.79,15.42,-70.65
IQ EQ FUND MANAGEMENT (IRELAND) Ltd,,,,,,,,,,,,,,,,,,,inf,287.81
"ISLAY CAPITAL MANAGEMENT, LLC",,inf,0.0,0.0,-100.0,,,,,,,,,,,,,,,
ITHAKA GROUP LLC,,,,,,,inf,231.46,-15.4,-32.53,-19.63,174776.29,-11.13,0.72,-12.91,41.05,15.29,-13.38,-2.31,-28.91
IVC Wealth Advisors LLC,,,,,,,,,inf,-29.12,-17.57,103107.21,35.25,16.2,-9.78,40.72,22.81,-9.77,-45.95,-4.94
Ibex Investors LLC,,,,,,,,,,inf,-100.0,,,inf,-100.0,,,,,
"Icon Wealth Advisors, LLC",,,,,,,,,,,,,,,,inf,35.48,10.31,99.08,-62.77
"Icon Wealth Partners, LLC",,inf,-100.0,,,,,,,,,,inf,-100.0,,,,,,
"Ifrah Financial Services, Inc.",,,,,,inf,9.48,141.56,-55.02,-100.0,,,inf,14.54,-6.31,31.9,-2.61,-21.82,-1.26,-100.0
"Ignite Planners, LLC",,,,,,,,,,,,,inf,21.59,-8.1,15.69,61.94,-10.17,-3.9,-24.27
Illinois Municipal Retirement Fund,,,inf,114.29,-14.4,68.1,34.48,57.48,3.07,45.74,-38.07,-22.92,49.79,-35.16,-16.64,43.37,22.44,81283.81,1.15,-52.0
"Illumine Investment Management, LLC",,,,,,,,,,,,,,,,,,,,inf
Ilmarinen Mutual Pension Insurance Co,,,,inf,28.39,-0.29,-12.36,-100.0,inf,-30.05,-17.15,360.01,58.05,11.28,-9.73,30.62,4.52,-17.83,42.24,-10.02
"Impact Investors, Inc",,,,,,,,,,,,,,,,,,,,inf
"Impact Partnership Wealth, LLC",,,,,,,,,,,,,,inf,-17.67,-32.22,-15.73,637.48,19.24,-1.59
Imprint Wealth LLC,,,,,,,,,,,,,,inf,-100.0,,,,,
InTrack Investment Management Inc,,,,inf,1.97,18.18,-3.93,85.94,-58.65,-20.0,-20.49,93458.81,36.6,-63.97,41.77,85.19,4.61,45.56,-3.6,-19.96
Independence Bank of Kentucky,,,,,,,,,,,,,,inf,31.38,163.94,75.27,119.76,94.32,-17.89
Independent Advisor Alliance,,100.93,93.71,-1.3,13.48,-8.26,10.61,42.22,0.71,-23.5,-18.39,-11.22,153372.94,18.57,-5.88,42.5,24.71,-9.65,1.31,-25.39
"Independent Solutions Wealth Management, LLC",,inf,22.35,12.4,-37.48,-100.0,,inf,-100.0,inf,-100.0,,,inf,12.48,-26.26,30.58,-18.72,3.65,-32.2
Independent Wealth Network Inc.,,,,,,,,,,,,,inf,9.96,-100.0,inf,64.86,8.88,-18.76,-26.9
"Index Fund Advisors, Inc.",,,,,,,,inf,-100.0,,,,,,,,,,,
Indiana Trust & Investment Management CO,,,,,,,,,,,,,,,inf,43.37,35.09,853.3,-100.0,
Indiana Trust & Investment Management Co,,,,,,,,,,,,,,,,,,,inf,-81.09
"Indie Asset Partners, LLC",,,,,,inf,9.51,40.12,-29.91,-100.0,,,,,,,,inf,-100.0,
Industrial Alliance Investment Management Inc.,,,,,,,,inf,-73.43,-41.33,-1.73,9.15,32.81,-97.02,-9.81,40.28,26.07,-100.0,,
Infini Capital Management Ltd,,,,inf,-100.0,,,inf,-100.0,,,,,,,,,,,
Infini Master Fund,,,,inf,-100.0,,,inf,-100.0,,,,,,,,,,,
Innova Wealth Partners,,,,,,,,,,,,,,,,,,,inf,-100.0
"Inscription Capital, LLC",,,,,,,,,,,,,,,,,inf,-50.44,10.16,-100.0
"Insight Advisors, LLC/ PA",,,,inf,-17.36,57.31,-21.42,2.69,18.81,-34.08,-54.83,88797.6,27.83,16.97,-9.25,44.54,22.42,-18.5,-5.05,-20.35
"Insight Wealth Strategies, LLC",,34.86,114.54,11.6,-5.06,1.49,10.64,34.24,-23.62,-32.72,0.0,86858.17,50.23,15.04,-7.51,35.2,-19.24,-6.77,-100.0,
"Inspire Advisors, LLC",,,,inf,-100.0,,,,,,,,,,,,,,,
"Institute for Wealth Management, LLC.",,16.56,70.84,-2.08,0.45,27.47,22.6,38.29,85.18,-30.49,-16.79,100397.79,49.46,15.22,-11.78,40.91,24.12,-9.5,6.13,-29.55
Integrated Advisors Network LLC,,28.43,73.88,10.87,-13.68,53.66,94.75,-22.33,141.93,-45.24,-30.92,62920.38,143.91,1.55,-12.61,43.86,21.77,-11.54,19.03,-25.76
"Intellectus Partners, LLC",,,,,,,,,,,,,,,,,inf,63.14,34.59,-8.97
Intellus Advisors LLC,,,,,,,,,,,,,,,,,,,,inf
"InterOcean Capital Group, LLC",,,,inf,-16.04,18.1,6.39,1.2,-18.53,-23.3,-1.18,88450.59,40.42,-5.68,-11.87,-6.7,37.66,-100.0,,
"Interchange Capital Partners, LLC",,,,inf,-100.0,,,,,,,inf,53.57,33.22,-20.41,26.27,3.82,137.75,-47.06,-21.2
International Private Wealth Advisors LLC,,,,,,,,,,,,,,,,,,,,inf
Intersect Capital LLC,,28.45,93.55,76.0,-17.68,34.89,59.98,-52.63,-17.18,-9.15,-100.0,,,,,,,,,
"Interval Partners, LP",,,,,,,,,,,,,inf,-100.0,,,,inf,-34.23,130.89
Intrepid Financial Planning Group LLC,,,,,,,,,,inf,2.47,101087.15,74.66,39.13,0.34,38.57,122.94,-11.41,1.15,-40.45
Intrinsic Edge Capital Management LLC,,,,inf,-100.0,,inf,702.07,80.42,-100.0,,,,,,,,,,
"Invera Wealth Advisors, LLC",,,,,,,,,,,,,,,,inf,9.41,-100.0,,
Invesco Ltd.,,15.66,55.68,11.92,-14.41,19.62,9.55,-100.0,,,,,,,inf,-100.0,,,,
Investmark Advisory Group LLC,,,,,,,,inf,0.0,-100.0,,,,,,,,,,
"Investment Advisory Group, LLC",,,,,,,,,,,,,,inf,-8.64,43.58,23.23,-10.13,2.75,-24.92
Investment Management Corp of Ontario,,,,,,,,,,,,,,,,inf,-15.23,23.95,50.59,12.98
"Investment Partners Asset Management, Inc.",,,,,,,,,,,,,,,,,,,inf,2.97
"Investment Research & Advisory Group, Inc.",,,,,,,,inf,16.87,-29.9,-17.65,102837.5,51.32,16.22,-9.74,-100.0,,,,inf
"Investor's Fiduciary Advisor Network, LLC",,,,,,,,,,,,,,,,,,,,inf
"Investors Financial Group, LLC",,93.9,28.09,30.06,3.2,27.18,6.31,38.23,-100.0,,,,,,,,,,,
Investors Research Corp,,,,,,,inf,40.96,105.13,56.67,-12.5,165093.01,51.93,12.66,-9.74,37.4,-98.44,-10.13,1.15,3.07
Invictus RG,,,inf,-30.22,-100.0,,,,,,,,,,,,,,,
"Invst, LLC",,,,,inf,-100.0,inf,13.09,-14.15,8.61,-100.0,inf,15.57,28.0,-33.45,9.75,5.59,-6.27,-10.93,-100.0
"Ipswich Investment Management Co., Inc.",,,,inf,-2.08,-13.56,0.0,34.46,42.61,-61.58,-14.3,93860.56,51.04,14.62,-6.87,52.19,-49.21,-13.82,0.93,-26.38
"Iron Financial, LLC",,,,inf,-100.0,,,,,,,,,,,,,,,
Iron Gate Global Advisors LLC,,,,,,,,,,,,,,,,,inf,-31.96,2.62,-26.38
"Iron Horse Wealth Management, LLC",,,,,,,,,,,,,,,inf,43.36,22.44,-10.13,24.67,169.87
"IronBridge Private Wealth, LLC",,,,inf,-14.36,31.14,9.13,40.17,-100.0,,,,,,inf,1189.4,19.0,-7.9,-1.38,-26.56
"Ironbridge Private Wealth, LLC",,,,,,,,,inf,-100.0,,,,,,,,,,
"Ironwood Investment Counsel, LLC",,,,,,,,,inf,-33.49,-15.7,101872.6,48.65,20.75,-12.81,18.06,33.28,-17.4,1.2,-35.39
"Islet Management, LP",,-100.0,,,,,inf,-100.0,,inf,-100.0,,,inf,-100.0,,,,,
Itau Unibanco Holding S.A.,,,inf,-100.0,,,,,,,,,,,,,,,,
J. Goldman & Co LP,,,inf,94.54,-100.0,,inf,574.63,-90.34,-100.0,,,inf,-49.27,26.25,-100.0,inf,-100.0,inf,-100.0
"J. L. Bainbridge & Co., Inc.",,,,,,,,,,,,,,,,,inf,-100.0,,
"J. W. Coons Advisors, LLC",,,,inf,-7.42,19.81,9.45,39.93,-23.39,-30.2,-100.0,,,inf,-9.74,158.44,-38.78,-10.13,1.15,-100.0
"J.P. Marvel Investment Advisors, LLC",,,,,,,,,,,,,inf,18.28,-9.74,43.37,43.53,-10.18,1.06,-44.85
J.P. Morgan Private Wealth Advisors LLC,,,,,,,,,,,,,,,inf,-100.0,,,,
"J.W. COLE ADVISORS, INC.",,,inf,-36.34,20.51,14.84,3.79,48.49,43.65,-50.87,-23.6,90036.23,49.83,-13.21,-12.98,74.03,61.27,0.44,29.42,-18.31
"JACKSON SQUARE CAPITAL, LLC",,15.46,62.5,-100.0,,inf,121.57,-9.96,-49.39,-100.0,,,inf,16.5,-34.01,108.35,23.69,-1.34,-45.73,-26.56
JACOBS & CO/CA,,,,,,,,,,,,,,,,,,,inf,-100.0
"JACOBSON & SCHMITT ADVISORS, LLC",,,,,,,,,,,,,,,inf,42.22,-100.0,inf,1.15,-19.37
"JAG CAPITAL MANAGEMENT, LLC",,,,inf,15.99,19.39,127.15,-29.67,-50.36,-8.48,-49.92,34395.15,760.41,89.42,-55.65,7.9,-36.61,-3.62,87.87,-100.0
JAMES INVESTMENT RESEARCH INC,,,,,inf,50.0,0.0,33.33,-25.0,-33.33,0.0,0.0,-100.0,,,,,,,
"JAMISON PRIVATE WEALTH MANAGEMENT, INC.",,,,,,,,,,,,,,,inf,42.89,24.39,-8.97,6.41,-23.58
"JANICZEK WEALTH MANAGEMENT, LLC",,,,,,,,,,inf,-54.12,54543.59,40.79,75.79,7.22,198.99,59.48,-26.55,-100.0,
JAT Capital Mgmt LP,,,,,,,,,inf,28.13,-100.0,,,inf,709.77,-29.52,491.19,-98.69,-100.0,
JB Capital LLC,,,,,,,,,inf,-26.46,-100.0,,,,inf,45.75,-92.72,26.49,4.73,-33.17
JBR Co Financial Management Inc,,,,,,,,,,,,,,,,inf,22.44,-10.13,5.46,-18.53
JCIC Asset Management Inc.,,19.21,57.15,56.34,-10.95,47.0,-11.41,39.3,-25.2,-100.0,inf,3.22,152364.96,9.69,-12.28,42.53,22.0,-10.99,1.78,-100.0
JDC-JSC L.P.,,,inf,-100.0,,,,,,,,,,,,,,,,
JDM Financial Group LLC,,,,,,,,,,,,inf,51.15,16.22,-9.74,43.36,22.45,-10.13,20.47,-38.19
"JEPPSON WEALTH MANAGEMENT, LLC",,,inf,-100.0,,,,,,,,,,,,,,,,
"JFG Wealth Management, LLC",,,,,,,,,,,,,,,,inf,-100.0,,,
"JFS WEALTH ADVISORS, LLC",,inf,66.67,-40.0,-100.0,,inf,36.57,-23.01,-82.61,21.88,36105.13,127.68,14.1,-9.74,161.8,-19.0,-12.44,3.02,-26.19
"JGP Wealth Management, LLC",,,,,,,,,,,,,,,,,,,inf,-100.0
JJJ Advisors Inc.,,,inf,-12.9,74.07,25.53,-20.9,-15.0,22.69,-100.0,,,,,,,,,,
JMAC ENTERPRISES LLC,,,,,,,,,,,,,inf,54.16,3.2,49.33,4.42,-6.98,6.58,-35.64
JNBA Financial Advisors,,7.69,64.29,8.7,-12.0,18.18,7.69,-21.43,54.55,-2.94,-39.39,48480.0,333.77,16.22,-9.74,43.37,-17.14,-13.53,1.15,-26.38
JOHNSON INVESTMENT COUNSEL INC,,,,,,,inf,76.73,-2.66,-92.64,-3.6,93236.57,9.45,36.25,27.05,-100.0,inf,-4.34,-6.61,-28.84
JONES FINANCIAL COMPANIES LLLP,,,,,,,inf,78.79,-52.54,-28.57,-70.0,233233.33,-100.0,,inf,226.62,718.53,967.18,182.01,42.17
"JOSH ARNOLD INVESTMENT CONSULTANT, LLC",,,,,,,,,inf,76.74,-61.78,2.19,295.49,117332.99,-62.1,-100.0,,,,
JOURNEY STRATEGIC WEALTH LLC,,,,,,,,inf,0.82,-100.0,inf,-100.0,inf,-100.0,,,,inf,25.86,-9.28
JPMORGAN CHASE & CO,,,,,,,,,,,,inf,337968.49,-24.67,18.31,86626.96,-5.55,-63.85,-82.35,857.29
JS Capital Management LLC,,inf,-100.0,,inf,-100.0,,,,,,,,,,inf,-100.0,,,
JT Stratford LLC,,,,,inf,34.48,15.56,51.48,-35.94,-100.0,,,inf,20.0,-12.72,113.18,76.0,2.21,26.44,-29.35
JTC Employer Solutions Trustee Ltd,,,,,,,inf,40.26,-24.07,-29.88,-17.39,2.11,51.55,16.33,-9.94,44.81,41.7,-9.81,1.4,-25.26
JTC Employer Solutions Trusteee Ltd,,,,,,inf,-100.0,,,,,,,,,,,,,
"JUNCTURE WEALTH STRATEGIES, LLC",,,inf,22.22,-100.0,inf,70.87,60.94,-37.25,-49.79,-100.0,,,inf,23.42,43.91,13.12,-79.58,1.15,-23.93
JUPITER ASSET MANAGEMENT LTD,,,inf,881.97,-33.89,-2.53,-65.8,335.61,-61.91,-100.0,,,,,,,inf,-100.0,,
"Jackson Hole Capital Partners, LLC",,,,inf,27.81,20.05,10.59,73.11,56.91,-35.59,-22.21,96853.45,37.64,3.97,-9.74,-51.05,22.44,-10.13,-0.86,-44.52
"Jackson Square Partners, LLC",,,,,,,,,,,,inf,4.27,-18.78,-11.15,28.02,-8.2,-19.06,-26.11,-29.94
"Jackson Wealth Management, LLC",,21.66,242.44,4.13,-98.1,809.42,-100.0,inf,1.78,-100.0,inf,57317.84,181.09,7.51,-62.15,-8.64,1348.65,-50.34,88.73,-48.24
"Jackson, Grant Investment Advisers, Inc.",,,,,,,,,inf,-30.0,-16.67,102051.43,68.86,16.22,-9.74,43.37,22.44,-10.13,1.15,-26.38
"Jacksonville Wealth Management, LLC",,,,,,,,,,,,,,,,,,,,inf
Jacobi Capital Management LLC,,133.33,-21.43,77.27,-67.95,68.0,361.9,58.76,-4.55,-100.0,inf,-100.0,inf,32.14,-15.72,46.21,7.15,-14.0,33.16,68.46
Jacobsen Capital Management,,,,,,,,,,,,,inf,30.73,-16.92,57.88,21.7,-9.28,3.29,-28.17
"Jaffetilchin Investment Partners, LLC",,inf,-82.86,29.92,-25.07,63.42,7.62,66.15,-40.88,-32.88,-100.0,,inf,8.69,8.24,47.74,59.3,-4.05,-4.86,-25.3
"James J. Burns & Company, LLC",,,,,,,,,,,,,,,,,,inf,3.96,-100.0
"James Reed Financial Services, Inc.",,,,,,,,inf,-100.0,,,,,,,,,,,
Janney Montgomery Scott LLC,,9.92,63.32,35.47,-100.0,,,,,,inf,5.95,-100.0,inf,-2.13,38.43,22.18,-0.33,21.29,-18.78
"Jasper Ridge Partners, L.P.",,,inf,11.85,-14.41,79.5,-26.97,39.84,-24.01,-65.03,-17.14,-100.0,,,,,inf,-10.13,1.15,-26.38
Jericho Capital Asset Management L.P.,,,inf,-30.31,-100.0,inf,2.21,-1.59,-100.0,inf,-5.17,-100.0,inf,16.22,-100.0,,,,,
"Jessup Wealth Management, Inc",,,,,,,,,,,,inf,162.22,0.16,122.78,108.93,-8.87,2.62,-13.69,-13.15
Jetstream Capital LLC,,,,,,,,,,,inf,-100.0,,,,,,,,
"Joel Isaacson & Co., LLC",,,,,,,,,,,,,inf,16.22,-9.74,210.46,-20.2,-1.2,8.89,-44.03
"Johnson & White Wealth Management, LLC",,,,,,,,,,,,inf,-100.0,,,,,,,
"Johnson Bixby & Associates, LLC",,,,,,,inf,-100.0,,,,,,,,,,,,
"Johnson Financial Group, Inc.",,,,,,,,,,,,,,,,inf,-100.0,,,
"Joseph P. Lucia & Associates, LLC",,0.0,-100.0,inf,0.0,7050.0,9.79,-100.0,inf,0.0,-100.0,,,,,,,,,
"Journey Advisory Group, LLC",,,,,,,,,,,inf,132890.83,51.32,20.67,-18.98,186.73,-38.67,-8.08,0.0,0.0
"Jump Financial, LLC",,,,,inf,4.7,24.57,177.87,125.12,-100.0,inf,-100.0,,inf,1424.83,-22.29,12.96,159.0,-100.0,
Junson Asset Management (Hong Kong) Ltd,,,,inf,-33.97,-100.0,,,inf,-48.7,-60.58,-100.0,,,,,,,,
JustInvest LLC,,101.81,107.62,29.7,-20.15,218.25,-15.37,120.98,-100.0,,,,,,,,,,,
K.J. Harrison & Partners Inc,,,,,,,inf,-100.0,,inf,-100.0,inf,11.72,-100.0,,inf,-100.0,inf,-100.0,
"K2 PRINCIPAL FUND, L.P.",,,,,inf,-100.0,,,,,,,,,,,inf,-100.0,,
KADENSA CAPITAL Ltd,,-0.82,-100.0,,,,,,,,,inf,-44.8,-100.0,,,inf,-100.0,,
"KANE INVESTMENT MANAGEMENT, INC.",,,,,,,,,,,,,,,,,,,,inf
KARLINSKI ANDREW C,,,,,,,,inf,-100.0,,,,,,,,,,,
"KAVAR CAPITAL PARTNERS GROUP, LLC",,,,,,,,inf,-8.91,-100.0,,,,inf,-100.0,inf,22.44,-10.13,1.15,-26.38
"KB FINANCIAL PARTNERS, LLC",,,,,inf,-17.14,-100.0,inf,-75.19,218.18,-63.81,7.89,48.78,160.66,-11.32,-100.0,,,,
"KCL Capital, L.P.",,-100.0,inf,44.12,-100.0,,,,,,inf,147558.88,-100.0,,,,,,,
KCM INVESTMENT ADVISORS LLC,,,,,,,inf,357.59,26.42,-19.07,193.64,5.15,152434.25,14.64,-10.21,32.58,20.22,-10.42,2.99,-97.32
KELLY LAWRENCE W & ASSOCIATES INC/CA,,9.82,-23.34,-13.61,-4.86,19.19,9.34,35.44,-22.25,-28.53,-16.49,99611.86,50.56,21.04,-11.69,42.44,9.16,-9.65,0.9,-25.83
KENNEDY INVESTMENT GROUP,,,,,,,,,,,,,,inf,134.71,44.09,-71.46,-100.0,,inf
"KESTRA PRIVATE WEALTH SERVICES, LLC",,,inf,-27.71,-6.58,142.11,7.31,23.58,-34.85,-99.93,-24.25,89548.61,40.72,26.83,2.3,64.23,28.79,16.87,3.06,-30.06
KEYSTONE INVESTORS PTE LTD,,,,,,,,,,,,inf,125.6,-13.93,-98.42,6652.45,-90.5,-100.0,,
"KFA Private Wealth Group, LLC",,,,,,,,,,,,,,inf,-5.15,66.39,30.56,-100.0,,
"KG&L Capital Management,LLC",,,,,inf,244.17,0.84,32.45,170.81,-66.03,-27.99,53653.24,30.25,35.62,43.66,39.74,13.67,7.32,8.72,-45.95
KIECKHEFER GROUP LLC,,,,,,,,,,,,,,,,,,,,inf
KING LUTHER CAPITAL MANAGEMENT CORP,,,,,,,,,inf,-22.26,-0.91,90149.07,46.14,15.66,-10.02,43.62,27.12,-8.39,8.91,-37.19
KINGS POINT CAPITAL MANAGEMENT,,,,,,inf,-44.64,41.94,-25.0,-100.0,,,,,,,,,,
"KINGSWOOD WEALTH ADVISORS, LLC",,,,,,,,,,,,,,inf,5.92,234.42,18.53,55.77,12.38,-23.18
KKM Financial LLC,,,,,,,,,,,,,,,,,inf,-18.33,-100.0,
"KLCM Advisors, Inc.",,,,,,,,,,,,,,,,inf,35.79,-13.71,17.63,-36.72
KLINGENSTEIN FIELDS & CO LP,,,,,,,,,inf,-30.04,-18.39,87764.66,51.32,-71.82,-38.2,-100.0,,,,
KLP KAPITALFORVALTNING AS,,,,,,,,,,,,,,,,,,,,inf
"KMG FIDUCIARY PARTNERS, LLC",,,,,,inf,326.76,112.75,2.11,-11.96,37.23,107903.28,51.22,23.25,-3.1,50.98,24.1,-7.81,-26.66,-23.18
KORNITZER CAPITAL MANAGEMENT INC /KS,,,,,,,,,inf,-45.92,-18.41,-100.0,inf,86.01,-9.74,9.88,21.06,-62.48,104.44,-46.07
KP Management LLC,,,,,,,,,,,,,,,,inf,6.12,-10.13,1.15,16.09
KPP Advisory Services LLC,,,,,,,,,,,,,,,,inf,70.18,0.84,-28.49,-21.69
"KRS CAPITAL MANAGEMENT, LLC",,,,,,,,inf,-11.34,-29.34,-17.15,-100.0,,,,,,,,
"KRS Capital Management, LLC",,,,,,,,,,,,inf,49.99,17.39,-7.35,38.98,23.89,-11.6,-0.56,-26.62
Kaizen Financial Strategies,,,,inf,-14.24,-100.0,inf,43.89,-30.31,-0.28,-7.22,112755.99,35.44,17.13,-3.39,52.3,26.89,-17.01,22.58,-29.84
"Kamunting Street Capital Management, L.P.",,,,,inf,-100.0,,,,,,,,inf,-39.82,-100.0,inf,-95.68,-100.0,
Kapitalo Investimentos Ltda,,,,,,,,,,,,,,,inf,-100.0,,,,
Karani Asset Management LLC,,,,,,,,,,,,,,inf,-22.17,-100.0,,,,
Karp Capital Management Corp,,,,,,,,,inf,-100.0,,,,,,,,,,
Kathleen S. Wright Associates Inc.,,,,,,,,,,,,,,,,inf,22.44,-10.13,1.15,-26.38
"Kathmere Capital Management, LLC",,,inf,-100.0,,,,,,,,,,,,,,,,
Kayak Investment Partners LLC,,,inf,441.26,-33.09,26.71,39.19,-56.73,-86.53,-100.0,,,,,,,,,,
"Keebeck Alpha, LP",,inf,-39.11,11.71,-100.0,,,,inf,-33.44,-7.73,-100.0,,,,,,,,
Keebeck Wealth Management,,,,,,,,,,,,,,,,,,,,inf
"Keebeck Wealth Management, LLC",,,,,,,,,,,,,,,,inf,21.91,-11.04,-1.17,-100.0
"Keel Point, LLC",,,,,,,inf,76.52,-1.72,0.87,-38.1,-100.0,inf,32.35,-12.73,169.61,37.27,-54.29,25.32,-31.43
Keener Financial Planning LLC,,,,,,,,,,,,,,,,inf,22.37,-10.25,1.23,-26.52
Kelly Financial Services LLC,,15.67,55.89,11.83,-14.39,-98.73,10190.0,263.61,104.09,-30.06,-13.58,2.23,17.04,32.21,14.56,43.37,26.21,-18.97,-100.0,
Kennebec Savings Bank,,,,,,,,,,,,,,,,,,,inf,-28.5
"Kensington Investment Counsel, LLC",,,,,,,,,,,,,,inf,0.43,34.68,22.48,-10.13,1.12,-26.38
Kentucky Retirement Systems,,-5.59,63.91,15.76,-9.08,12.32,8.53,44.72,9.15,-19.28,-12.94,2.67,51.99,18.04,90194.63,43.09,16.22,-10.79,-6.36,-27.38
Kentucky Retirement Systems Insurance Trust Fund,,-6.08,66.73,17.66,-8.85,9.63,8.55,41.78,15.42,-19.75,-13.42,2.21,50.07,17.11,90194.23,42.7,13.43,-12.13,-7.02,-100.0
Kentucky Trust Co,,,,,,,,,,,,,,,,,,,,inf
Kepos Capital LP,,,,,,,,,,,,,,,inf,-100.0,,,,
"Kercheville Advisors, LLC",,,,inf,-7.69,-11.22,9.75,50.99,-20.48,-42.19,-100.0,,inf,141.63,-50.12,43.37,168.18,-39.95,-5.0,-44.71
"Kerrisdale Advisers, LLC",,,,,,,,,,,,inf,-100.0,,,,,,,
"Kesler, Norman & Wride, LLC",,,,,,,,,,,,,,,,,inf,39.26,11.87,0.6
"Kessler Investment Group, LLC",,,,,,,inf,51.58,-26.51,-99.94,-33.33,-100.0,,,,,,,,
"Kestra Advisory Services, LLC",,,inf,-20.62,-27.29,21.53,25.3,47.85,-1.94,-99.9,66295.63,13.58,27.34,42.34,-0.4,41.62,67.19,3.49,-4.97,-14.85
"Kestra Investment Management, LLC",,,,,,,,,,,,,,,,,,,inf,-36.0
Keudell/Morrison Wealth Management,,,,,,,inf,-28.46,-25.28,-100.0,,,inf,16.22,-9.34,46.77,22.18,-5.76,0.83,-27.25
"Key Client Fiduciary Advisors, LLC",,,,,,,,inf,-24.91,-18.48,-17.15,109852.28,39.74,15.77,7.92,43.97,29.24,6.76,3.42,-24.29
Key Financial Inc,,,,,,,,inf,16.59,-32.69,-13.71,99639.74,19.81,22.54,-9.74,43.37,128.75,-51.89,1.93,-26.38
Key Square Capital Management LLC,,-100.0,,,,,,,inf,-100.0,,,,,,,,,,
"Keyes, Stange & Wooten Wealth Management, LLC",,,,,,,,,,,,,,,,inf,20.31,-8.34,-0.31,-100.0
Keystone Financial Group,,-37.6,327.55,14.97,-20.96,12.72,5.69,31.1,-24.21,-31.34,-16.07,90198.06,-100.0,inf,-10.53,172.66,-39.21,-10.75,305.11,-66.56
"Keystone Wealth Services, LLC",,,,,,,,,,,,,,inf,-6.91,150.74,9.15,58.36,15.83,-25.69
Kidder Stephen W,,,,,,,,,inf,-30.71,-18.56,105481.23,53.86,15.17,0.67,47.75,4.77,-33.61,1.65,-33.0
"Kiely Wealth Advisory Group, Inc.",,,,,,,,,,,,,,,,inf,-100.0,,,
"Kimelman & Baird, LLC",,,,,,,,,,,,,,,,,,inf,1.16,-26.34
King Wealth,,254.22,137.58,13.41,-13.22,-93.88,-0.32,43.41,-23.32,-33.33,-100.0,,inf,18.22,-6.85,-100.0,,,,
King Wealth Management Group,,,,,,,,,,,,,,,,inf,28.93,-7.54,-1.05,-22.41
Kingfisher Capital LLC,,,,,,,,,,inf,-15.13,-100.0,,,,,,,,
"Kingstone Capital Partners Texas, LLC",,,,,,,,,,,,,,,,,,,,inf
"Kingsview Wealth Management, LLC",,29.31,134.0,111.4,-39.02,81.77,9.12,65.4,58665.17,-99.94,140.36,91744.51,34.91,51.67,-36.42,-6.03,24.12,-5.73,-6.73,-8.66
"Kistler-Tiffany Companies, LLC",,38.0,55.07,52.34,-7.98,30.67,33.16,80.46,4.25,-21.59,-11.69,133973.82,64.29,3.52,-100.0,,,,,
Kite Lake Capital Management (UK) LLP,,,,,,,,inf,-100.0,,,,,,,,,,,
Kiwi Wealth Investments Limited Partnership,,-100.0,,,,,inf,1399.28,4.02,63127.04,0.0,-100.0,,,,,,,,
"Klingman & Associates, LLC",,,,inf,-100.0,inf,11.36,40.82,-6.96,-100.0,,,,inf,-100.0,inf,24.39,-9.47,-100.0,
Knights of Columbus Asset Advisors LLC,,,,,,,,,,,,,,inf,35.86,46.59,-26.62,-30.72,-46.49,-66.96
"Knoll Capital Management, LLC",,,,,,inf,9.48,39.92,-49.52,-30.1,-100.0,,,,,,,,,
"Knollwood Investment Advisory, LLC",,,,,,,,,,,,inf,186.27,16.22,-9.74,345.3,22.44,-6.04,1.15,-22.96
Kodai Capital Management LP,,,,,,,,,,,,,,,,,,,inf,-100.0
"Koesten, Hirschmann & Crabtree, INC.",,,,,,,,,,,,,,,,,,,,inf
"Kohmann Bosshard Financial Services, LLC",,,,,,,,,,,,,,,,,,,,inf
"Kolinsky Wealth Management, LLC",,,,,,,,inf,-100.0,,,,,inf,-1.77,15.59,29.29,-3.47,12.88,-34.65
Kore Private Wealth LLC,,36.43,58.64,34.32,-8.85,23.99,19.78,133.58,-63.71,19.06,-46.4,-100.0,,,,,,,,
Korea Investment CORP,,42.65,48.97,-56.53,-5.64,63.51,-36.16,214.07,92.83,-18.72,-20.55,88136.08,51.07,-29.04,-17.31,24.79,53.83,-15.25,9.71,-34.12
"Koshinski Asset Management, Inc.",,28.74,24.53,161.11,-25.63,-60.08,132362.87,30.93,-17.9,-99.9,-100.0,inf,55.18,-0.69,-2.04,30.76,60.27,-15.44,-9.71,-24.95
"Kovack Advisors, Inc.",,51.01,104.29,27.95,-7.08,35.43,79.54,54.29,-53.69,-32.85,104.64,99080.63,51.34,22.12,-2.61,-30.25,78.45,-22.38,2.85,-32.49
"Kovitz Investment Group Partners, LLC",,,inf,11.59,-100.0,inf,9.28,-10.81,71.0,-45.06,-100.0,inf,118.18,-100.0,,inf,241.61,-100.0,,
"Kowal Investment Group, LLC",,,,,,,inf,-100.0,,,,,,,,,inf,-100.0,inf,-100.0
"Kozak & Associates, Inc.",,,,,,,,,,,,inf,169800.0,18.17,149.28,48.02,35.37,0.79,-4.74,-21.0
"Kraft, Davis & Associates, LLC",,,,,,,,,,,,,,,,,inf,-100.0,,
Krane Funds Advisors LLC,,4.35,67.11,160.46,131.25,-100.0,,,,,,,,,,,,,,
Krilogy Financial LLC,,inf,14.5,84.28,-25.36,53.02,-19.71,39.79,12.75,-13.77,-27.38,90628.8,23.1,-100.0,inf,10.19,21.46,-9.91,41.87,-41.89
"Kure Advisory, LLC",,,,,,,,,,,,,,,inf,49.41,-100.0,,,
L & S Advisors Inc,,,inf,57.4,-34.38,87.79,-12.89,33.5,-100.0,,,,inf,45.54,-74.95,293.01,-77.78,9.38,336.92,-100.0
"L. Roy Papp & Associates, LLP",,,,,,,,,,,,,,,,inf,22.44,9.61,-13.24,-100.0
L.M. KOHN & COMPANY,,,,,,,,,inf,-14.89,-100.0,,inf,76.51,-6.89,42.97,33.73,-100.0,inf,-25.34
"L2 Asset Management, LLC",,,,,,,,inf,22.4,-29.08,-5.53,115380.0,58.11,25.93,0.45,74.13,21.5,-0.41,4.97,-27.69
"LAFFER TENGLER INVESTMENTS, INC.",,,,,,,,,,,,,,,,,inf,183.99,3176.61,-29.23
"LAKE STREET ADVISORS GROUP, LLC",,5.31,59.66,15.79,-12.27,38.86,-100.0,,inf,-100.0,inf,-2.11,116.31,31.79,62501.19,176.09,-24.29,-11.27,6.48,-32.72
LAKE STREET FINANCIAL LLC,,,inf,30.51,-10.89,27.2,7.78,57.31,-18.15,-20.54,-13.81,101914.55,34.53,19.98,-5.86,96.79,-100.0,,,
"LAKE STREET PRIVATE WEALTH, LLC",,,,,,,,,,,,,,,,,inf,7.71,-37.79,-31.03
"LANDSCAPE CAPITAL MANAGEMENT, L.L.C.",,,,,,,,,,,,,,,,,inf,-100.0,inf,-100.0
LANNEBO FONDER AB,,,,,,,,,,,inf,2.22,33.3,-1.02,-8.09,44.09,-100.0,,,
LATHROP INVESTMENT MANAGEMENT CO,,,,,,,,,,,,,,,,,,,,inf
LATHROP INVESTMENT MANAGEMENT CORP,,,,,,,,,,,,inf,51.33,16.23,-9.7,43.06,22.44,-10.12,-0.51,-100.0
"LAZARI CAPITAL MANAGEMENT, INC.",,,,,,,,,,,,,,inf,-6.24,31.83,14.28,-9.55,3.79,-10.22
"LBMC INVESTMENT ADVISORS, LLC",,,,,,,,,inf,-32.92,-17.07,101245.96,51.32,16.36,-14.72,47.29,22.44,-10.13,39.18,-26.38
LBP AM SA,,,,,,,,,,,,,,inf,4.53,51.35,-45.55,-10.1,-39.79,75.46
LCM Capital Management Inc,,,,,,,,inf,56.9,-22.25,-19.08,102655.02,88.43,25.91,18.06,48.51,19.07,-2.11,6.72,-23.16
"LEAVELL INVESTMENT MANAGEMENT, INC.",,,,,,,,,,inf,-17.1,6.48,-1.85,16.17,-9.71,42.47,27.04,-10.2,156074.53,-13.37
LECAP ASSET MANAGEMENT LTD,,,,,,,,,,,,,,,,,,inf,-53.51,-72.08
LEE DANNER & BASS INC,,,,,,,,,,,,,,,,,,inf,-1.42,5448.33
"LEE JOHNSON CAPITAL MANAGEMENT, LLC",,,,,,,,inf,-20.88,-100.0,,,,,,,,,,
"LEGACY FINANCIAL GROUP, INC.",,,,,,,,,,,,,,,,,,,inf,-100.0
"LEO BROKERAGE, LLC",,,,,,,,,inf,-100.0,,,inf,146.37,-100.0,,,,,
"LEVEL FOUR ADVISORY SERVICES, LLC",,34.81,31.5,65.6,1.77,21.16,-76.4,236.99,-35.85,-31.55,-22.27,139187.94,202.75,112.92,-11.93,54.89,0.0,16.06,-5.12,-16.81
LGT Financial Advisors LLC,,,,,,,,,,,,,,,inf,23.45,22.44,-10.13,1.15,-26.38
LGT Group Foundation,,,,,,,,inf,-100.0,,,,,,,,,,,
"LIBERTY ONE INVESTMENT MANAGEMENT, LLC",,,,,,,,inf,-22.3,-100.0,inf,104856.82,58.96,-0.48,-16.21,43.93,325.91,-99.91,97065.63,-13.81
LIBERTY SQUARE WEALTH PARTNERS LLC,,,,,,,,,,,,,,,,,,,,inf
LIBERTY WEALTH MANAGEMENT LLC,,,,inf,-1.08,1089.13,-87.39,-100.0,inf,-29.03,-25.51,-100.0,inf,14.41,-99.91,39.08,22.09,-11.27,97037.75,-28.97
"LIGHT STREET CAPITAL MANAGEMENT, LLC",,,,,,,,,,,,inf,53.73,-43.62,19.67,77.7,-39.22,-3.98,58.9,-32.63
LINCOLN CAPITAL CORP,,,,,,,,,,,,inf,59.86,18.3,-8.36,50.68,2.63,-10.62,-67.83,-28.95
LINCOLN NATIONAL CORP,,,,,inf,30.2,25.35,27.56,-7.93,-9.57,-3.3,105029.15,19.52,6.28,23.04,18.45,59.59,-100.0,,
LITTLE HOUSE CAPITAL LLC,,,inf,45.13,-100.0,,inf,30.46,-100.0,,,,,,,,,,inf,-41.16
"LJI Wealth Management, LLC",,,,,,,,,,,,inf,52.67,17.52,-6.38,44.03,38.91,-10.92,14.66,-28.46
LM Advisors LLC,,,,,,,,,,,,,,,,inf,-100.0,inf,-99.99,81.07
LMR Partners LLP,,809.02,-100.0,,,,,,,inf,545.83,-100.0,,inf,16915.41,-21.73,37.1,-100.0,inf,-50.64
LOCKHEED MARTIN INVESTMENT MANAGEMENT CO,,,,,,,,,,,,,,,,,inf,-11.16,-1.7,-27.38
LODESTAR PRIVATE ASSET MANAGEMENT LLC,,,,,,,,,,,,,inf,16.22,-8.39,44.85,23.84,-10.13,25.15,-28.95
LOGAN CAPITAL MANAGEMENT INC,,,,,inf,20.51,34.04,39.68,13.64,-30.0,-27.14,102388.24,51.32,-16.9,-9.74,43.37,6.1,-10.13,1.15,-25.94
LONE PINE CAPITAL LLC,,,,,,,,,,,,inf,9.66,-100.0,,,,,,
LONGFELLOW INVESTMENT MANAGEMENT CO LLC,,,,,,,,,inf,-100.0,,,,,,,,,,
"LORD, ABBETT & CO. LLC",,2.1,49.82,73.15,-70.49,-33.11,263.25,63.23,-45.0,-45.52,-39.52,124.67,85.69,-1.46,-49.8,144.02,32.92,-61.8,-100.0,
LOS ANGELES CAPITAL MANAGEMENT & EQUITY RESEARCH INC,,143.52,136.98,-100.0,,,,,,,,,,,,,,,,
LOS ANGELES CAPITAL MANAGEMENT LLC,,,,inf,-51.58,28.53,128.82,-30.28,-43.41,-46.76,-53.34,69640.97,164.01,-21.91,-51.76,25.93,58.88,-20.5,-38.44,-94.81
LPL Financial LLC,,54.81,73.96,25.57,-4.27,25.75,26.92,50.93,-8.43,-25.48,-10.41,108986.82,66.58,20.15,2.5,27.91,24.47,-3.63,13.81,-20.23
"LRI Investments, LLC",,,,,,,,,,,,,,,,,inf,-5.81,-28.99,-13.21
"LS Investment Advisors, LLC",,,inf,15.39,-23.04,-100.0,,,inf,39.82,-58.54,102147.58,51.32,16.22,-5.59,43.37,22.44,-10.13,1.15,-26.38
LSV ASSET MANAGEMENT,,,,,,,,,,,,,,,inf,43.59,22.5,-10.2,-100.0,
"LVW Advisors, LLC",,,,,,,,,,,,,,,,inf,47.21,4.18,43.38,-100.0
"LWM Advisory Services, LLC",,,,,,,,inf,-15.11,-35.28,-100.0,,,,,,,,,
"LWMG, LLC",,,,,,,,,,,,inf,44.17,16.11,-3.92,187.78,-40.17,-9.71,-5.33,-100.0
"LYELL WEALTH MANAGEMENT, LP",,,,inf,34.64,39.08,6.28,42.69,435.56,-14.5,-10.1,90000.36,81.41,31.44,-1.42,47.03,22.64,1.67,3.08,-25.43
La Banque Postale Asset Management SA,,,,,,,,,,,,inf,47.15,-100.0,,,,,,
"LaSalle St. Investment Advisors, LLC",,,,,,,,,,,,,,,,,,,inf,-9.57
Laffer Tengler Investments,,,,,,,,,,,,,inf,-100.0,,,,,,
"Laffer Tengler Investments, Inc.",,,,,,,,,,,,,,,,inf,-100.0,,,
Laidlaw Wealth Management LLC,,,,inf,-100.0,inf,-100.0,inf,19.35,-16.02,-11.26,91417.1,40.86,17.18,-10.05,39.43,92.83,-8.32,-1.13,-43.23
"Laird Norton Wetherby Wealth Management, LLC",,,,,,,,,,,,,,,,inf,23.46,-12.02,1.23,-35.53
Lake Point Wealth Management,,-100.0,,,,inf,-40.0,50.0,-22.22,-28.57,-100.0,,,,,,,,,
Lane Generational LLC,,,,,,,,,,,,,,,,,,,,inf
Lannebo Fonder AB,,222.66,67.6,11.85,-6.89,31.23,-3.34,18.87,-37.43,-30.06,-100.0,,,,,,,,,
Lansing Street Advisors,,,,,,,,,inf,-24.37,-16.94,102495.6,50.56,16.22,-100.0,inf,30.83,22.02,11.66,-43.88
"Lantern Wealth Advisors, LLC",,,,,,,,,,,,,,,,,inf,-100.0,inf,-100.0
Larson Financial Group LLC,,,inf,6.67,206.25,-30.61,17.65,387.5,66.67,-63.08,1069.17,103095.79,56.01,14.29,-11.52,41.39,21.76,4.3,44.9,-22.19
"Latitude Advisors, LLC",,,,,,,inf,36.95,18.35,-100.0,,,,,,,,,,
"Lauer Wealth, LLC",,,,,,,,,,,,,,,,,,,,inf
Laurel Wealth Advisors LLC,,20.0,58.33,-63.16,0.0,-28.57,880.0,142.86,1.68,-29.75,-21.18,102373.13,22.77,16.22,-9.74,43.37,25.29,-10.13,25.98,-26.38
"Laurel Wealth Advisors, Inc.",,63.73,28.5,12.8,-9.1,22.87,6.94,78.65,-5.11,4.44,-54.41,-5.24,-100.0,,,,,,,
Laurion Capital Management LP,,-88.45,-95.39,8444.72,312.96,-100.0,,,inf,-40.61,-18.48,352293.54,76.76,52.73,-0.05,-67.65,62.55,-14.6,1022.41,-87.88
Lavaca Capital LLC,,,,,,,,,inf,-100.0,,,,,,,,,,inf
Leap Investments LP,,inf,-100.0,,,,,,,,,,,,,,,,,
"Lebenthal Global Advisors, LLC",,,,inf,-100.0,,,,,,,,,,,,,,,
Ledyard National Bank,,,,,,,,,,,,,,,,inf,22.44,-13.33,13.67,-100.0
Lee Financial Co,,,,,,inf,-100.0,inf,-75.0,0.0,100.0,90600.0,-100.0,,inf,43.36,-100.0,,,
"Leelyn Smith, LLC",,,,,inf,-100.0,,inf,0.0,0.0,-50.0,129400.0,-100.0,,,,,,,inf
"Left Brain Wealth Management, LLC",,,,,,,,,,,,inf,85.78,29.63,-8.64,45.91,35.16,-8.95,1.28,-39.66
"Legacy Advisors, LLC",,,,,,,,,,,,,,inf,5.84,168.4,80.17,-26.9,7.95,-8.42
"Legacy Bridge, LLC",,-43.74,57.91,5.89,-14.04,19.14,10.25,20.29,-7.87,-21.57,-17.17,102456.42,29.88,6.97,-40.43,41.52,22.19,-13.05,1.04,-26.38
"Legacy Capital Group California, Inc.",,,,,,,,,,,,,,inf,-8.85,101.61,-40.3,-13.87,-100.0,inf
"Legacy Capital Wealth Partners, LLC",,,,,,,,,,,,,,,,,inf,-100.0,,
"Legacy Financial Advisors, Inc.",,,,inf,-100.0,inf,44.06,54.64,-39.78,-100.0,,,inf,25.12,-13.88,247.96,-29.49,-7.19,-1.48,-36.0
Legacy Financial Group LLC,,,,,,,,,,,,,,,inf,-100.0,,,,
"Legacy Financial Strategies, LLC",,,,,,,,,,,,,,,,,inf,47.8,60.49,-55.37
"Legacy Investment Solutions, LLC",,,,,,,,,,,,,,,,,,,inf,143.89
Legacy Private Trust Co.,,,,,,,,,,,inf,124825.2,91.19,14.98,2.21,42.24,61.78,-7.37,-14.16,-57.66
Legacy Trust,,,,,,,,,,,,,,,,inf,-100.0,,inf,-100.0
"Legacy Wealth Asset Management, LLC",,,,,,,,,,inf,406.14,103543.24,51.75,13.68,-11.61,36.45,10.07,-12.64,1.76,-27.46
"Legacy Wealth Managment, LLC/ID",,,,,,,,,,,,,,,,,,,inf,143.89
Lehman & Derafelo Financial Resources LLC,,6.23,616.43,-55.96,-14.43,-36.52,-100.0,,,,,,,,,,,,,
"Lenox Wealth Advisors, LLC",,-9.09,55.0,9.68,-11.76,20.0,8.33,53.85,91.67,-100.0,,,,,,,,,,
"Lenox Wealth Management, Inc.",,20.08,-100.0,,,,,,,,,,,,,,,,,
"Leo Wealth, LLC",,,,,,,,,,,,,,,,inf,12.58,-13.02,-11.32,-26.63
"Level Financial Advisors, Inc.",,,,,,,,inf,-16.67,70.0,-68.63,106150.0,41.82,25.67,-26.7,43.37,-100.0,,,
Leverage Partners Absolute Return Fund SPC,,,,,,,,inf,-100.0,,,,,inf,-100.0,,,,,
"Lewis Asset Management, LLC",,,,,,,,,,,,,,,,inf,6.28,-10.17,8.18,-25.15
"LexAurum Advisors, LLC",,,,,,,inf,40.2,-21.68,-100.0,,,,inf,-100.0,,,,,
Liberty Wealth Management LLC,,14.58,56.36,-100.0,,,,,,,,,,,,,,,,
"Lido Advisors, LLC",,106.66,61.32,36.28,0.76,19.47,130.43,-32.56,-18.49,-58.75,-15.42,146479.25,13.86,39.58,2.18,46.21,31.17,0.58,3.28,-16.83
"Life Planning Partners, Inc",,,,,,,,,,,,,,,,,,,,inf
"LifePlan Financial, LLC",,,,,,,,,,,,,,,,inf,7.33,-11.27,-3.93,-15.92
LifePro Asset Management,,inf,94.93,37.27,-4.74,-100.0,,,inf,-100.0,,,,,,,,,,
"LifeSteps Financial, Inc.",,,,,,,,,,,,,,,,,inf,-100.0,,
"Lifeworks Advisors, LLC",,,,,,,,,,,,,,,,,,,,inf
"Lindbrook Capital, LLC",,14.79,9.79,12.87,-15.4,19.74,10.66,-5.0,-16.43,-22.25,-14.88,105643.29,67.28,112.71,-35.72,50.55,25.67,-2.13,13.2,-27.87
"Linden Thomas Advisory Services, LLC",,,,,,,,,,,,inf,54.07,28.46,22.36,63.14,35.98,-15.8,10.43,-19.3
"Lineweaver Wealth Advisors, LLC",,,,,,,,,,,,,,,,,inf,-14.69,36.62,-25.2
"Linscomb & Williams, Inc.",,,,,,,inf,40.28,15.2,-100.0,inf,170138.81,41.57,41.62,-5.8,37.7,-100.0,,,
"Linscomb Wealth, Inc.",,,,,,,,,,,,,,,,,inf,-6.84,3.68,-18.13
"Lionshead Wealth Management, LLC",,,,,,,,,,,,,,,,,,,,inf
Liontrust Investment Partners LLP,,,,inf,-100.0,,inf,78.15,-24.02,-30.06,-17.14,2.23,1836.9,-6.02,-78.2,163.78,27.76,51.48,0.0,-100.0
Lipe & Dalton,,,,,,,,,,,,,,,,inf,16.44,-10.59,1.32,-25.97
Litman Gregory Wealth Management LLC,,,,,,,,,,,,,,,,inf,22.61,3.8,1.15,-19.8
Live Oak Investment Partners,,,,,,,,,,,,inf,-100.0,,,,,,,
"Livforsakringsbolaget Skandia, Omsesidigt",,168.98,46.12,-25.44,-14.43,40.85,79.03,16.77,6.9,-21.51,-1.37,102101.51,51.32,5.75,-13.56,48.7,22.39,-11.68,46.35,-86.16
Livingston Group Asset Management CO (operating as Southport Capital Management),,,,,inf,-23.45,-44.59,3809.76,-97.36,-100.0,,,,,,,,,,
"Lloyd Advisory Services, LLC.",,,,,,,,,,,,,,,,,inf,-100.0,,
Lodestone Wealth Management LLC,,,,,,,,,,,,,,,,,inf,-9.11,0.55,20.4
Loews Corp,,,,,,,,,,,,,inf,-20.58,-100.0,,,,,
Lokken Investment Group LLC,,,,,,,,,,,,,,,,inf,22.9,0.36,1.95,-27.41
"Long Island Wealth Management, Inc.",,,,,,,,,,,,,,,,inf,-100.0,,,
LongView Wealth Management,,,,,,,,,,,,,,,,inf,20.92,-27.18,4.08,-32.86
Longbow Finance SA,,,,,,,,,,,,,inf,-10.73,-100.0,,inf,-14.77,1.15,-22.72
Longitude (Cayman) Ltd.,,,,inf,76.07,8.01,-23.98,-13.19,-24.0,-20.08,-9.36,75825.16,25.13,45.95,32.05,9.25,30.58,40.27,5.19,559.86
Louisiana State Employees Retirement System,,17.09,84.28,138.9,-7.42,20.36,9.31,41.56,-11.34,-8.87,-25.91,-0.95,151796.21,25.83,2.7,42.23,19.57,-10.54,-1.24,-29.4
"Lowe Wealth Advisors, LLC",,-44.44,60.0,12.5,-11.11,12.5,11.11,40.0,-21.43,-27.27,-25.0,107850.0,51.32,16.22,-100.0,,,,,
"Lumature Wealth Partners, LLC",,,,,,,,,inf,-83.33,787.5,60747.89,71.06,0.81,-100.0,,,,,
"Lynch Asset Management, Inc.",,,,,,,,,inf,62.5,50.87,237064.77,52.76,16.22,-8.32,43.37,24.33,-10.74,8.89,-25.76
Lynwood Capital Management Inc.,,,,,,,,,,,,,,inf,-63.89,-100.0,inf,-100.0,,
Lynx Investment Advisory,,,,,,,,,,,,,,,,,,inf,88.38,-20.9
"Lyon Street Capital, LLC",,,inf,-100.0,,,,,,,,,,,,,,,,
M & L Capital Management Ltd,,,,,,,,,,,,,,,,,,,,inf
"M Holdings Securities, Inc.",,-100.0,,,inf,-100.0,,,inf,-33.91,1.64,22.33,21.96,-100.0,,,,inf,-100.0,
M&G INVESTMENT MANAGEMENT LTD,,-83.83,54.23,12.26,-16.38,12485.91,-16.42,-98.38,1.01,-35.2,-27.78,103011.11,64.34,-100.0,,,,,,
M&G PLC,,,,,,,,,,,,,,,,,,,inf,-26.22
M&R CAPITAL MANAGEMENT INC,,18.52,56.25,10.0,-14.55,21.28,8.77,40.32,-24.14,-30.3,197.83,127264.96,54.02,96.38,-10.79,53.23,-81.4,-4.02,7.52,-100.0
M&T Bank Corp,,,,,,,,,,,,inf,-41.57,51.7,-25.02,43.37,-65.52,20.86,-100.0,
MA Private Wealth,,,,,,,,,,,,,,,inf,903.57,-38.34,-10.77,1.44,-26.59
MACKAY SHIELDS LLC,,11.04,62.14,-20.39,-26.0,8.86,109.82,-30.6,-6.95,-100.0,,,,,,,,,,
MACKENZIE FINANCIAL CORP,,55.82,39.36,38.24,80.21,169.25,46.31,25.2,-12.89,-35.36,-15.92,99401.24,41.5,-41.24,2.32,32.98,29.34,-9.86,-0.67,73.82
MACQUARIE GROUP LTD,,22.41,112.39,3.33,-25.08,60.66,0.04,50.46,139.84,30.75,-63.39,65795.18,204.21,15.64,-79.8,765.08,-84.01,956.87,35.15,-61.05
MACROVIEW INVESTMENT MANAGEMENT LLC,,,,inf,-25.0,66.67,80.0,111.11,-10.53,-5.88,-81.25,86266.67,51.33,16.22,240.71,-37.33,98.49,3.31,23.36,-100.0
MADDEN SECURITIES Corp,,,,,,,,,inf,-100.0,,inf,-100.0,,,,,,,
MAGNOLIA CAPITAL ADVISORS LLC,,,,,,,inf,30.94,-12.94,-100.0,,,,,,inf,-100.0,inf,-59.68,-24.25
MAI Capital Management,,-0.67,397.48,13.59,-9.29,27.4,49.56,41.38,53.17,-14.97,-9.45,92932.97,50.82,15.26,-26.58,39.6,23.19,-11.75,-7.54,-27.11
MAIRS & POWER INC,,,,,,,,,inf,-100.0,,,inf,16.22,-100.0,inf,18.97,-0.29,1.15,-6.14
MANCHESTER FINANCIAL INC,,15.62,54.05,13.16,-12.66,19.53,9.65,-30.93,-17.65,-100.0,,,inf,41.63,-26.36,43.2,10.04,-7.79,7.39,-20.14
"MANGROVE PARTNERS IM, LLC",,,,,,,,,,,,,,,,,,,inf,-100.0
"MAPLELANE CAPITAL, LLC",,,,,,,,,,,inf,-100.0,,,,,,,,
MARATHON CAPITAL MANAGEMENT,,,,,,,,,,,,inf,51.32,132.45,-54.87,178.58,-38.78,-10.13,1.15,-26.02
MARCO INVESTMENT MANAGEMENT LLC,,,,,inf,109.15,9.4,40.69,-32.22,-7.8,-5.83,102118.01,51.4,13.08,-9.66,43.52,-16.52,-10.13,0.74,-28.62
MARIETTA INVESTMENT PARTNERS LLC,,180.37,45.57,8.26,-14.42,22.92,34.34,54.33,144.08,-12.53,-82.88,110737.75,64.73,-2.08,-21.32,27.29,1.01,-10.46,1.15,-27.35
MARIPAU WEALTH MANAGEMENT LLC,,,,,,,,,,,,,,,,,inf,-100.0,,
MARK ASSET MANAGEMENT LP,,,,,,,,,inf,-26.17,-100.0,,,,,,inf,-100.0,,
"MARK SHEPTOFF FINANCIAL PLANNING, LLC",,,,inf,-100.0,inf,9.26,845.76,-38.89,-88.27,-17.5,101372.73,80.59,35.06,-9.74,103.35,22.44,-45.48,50.33,-50.47
MARSICO CAPITAL MANAGEMENT LLC,,,,,,,,,inf,-100.0,,,inf,1240.37,-100.0,inf,1.76,-100.0,,
MARTINGALE ASSET MANAGEMENT L P,,,inf,2.53,-100.0,,,,,,,,,,,,,,,
MASSACHUSETTS FINANCIAL SERVICES CO /MA/,,,inf,183.09,-28.08,2.29,12.62,27.08,-5.49,-39.06,-40.82,68548.1,979.08,47.34,-86.1,-11.37,13.44,-19.12,5.19,-79.64
MASSMUTUAL TRUST CO FSB/ADV,,14.29,56.25,12.0,42.86,60.0,9.38,94.29,-6.62,-17.32,19.05,-1.6,190581.3,37.4,24.4,35.98,33.0,6.27,6.58,-100.0
MASTRAPASQUA ASSET MANAGEMENT INC,,,,,,,,,inf,-26.93,-15.64,-100.0,,inf,-25.3,-100.0,,,,
"MATAURO, LLC",,,,,,,,,,,,,,,,,,,,inf
"MATHER GROUP, LLC.",,,,,,,,inf,260.26,-52.48,-29.85,208176.73,29.23,25.74,9.23,45.42,-8.5,92.17,-28.37,-31.03
MAVERICK CAPITAL LTD,,-85.96,-35.15,-100.0,inf,435.18,-100.0,,,,,,,inf,-41.44,-54.47,6180.4,41.19,110.68,-98.41
MBA Advisors LLC,,,,,inf,8.58,-17.52,26.68,-24.13,-23.45,-100.0,,inf,11.01,-12.62,42.89,1.66,-18.69,-21.04,-100.0
MBB PUBLIC MARKETS I LLC,,,,,,,,inf,-100.0,,,,,,,,inf,1091.49,-59.78,-71.17
"MBE Wealth Management, LLC",,,,,,,,inf,-2.86,-100.0,,,,,,inf,29.88,-0.45,12.6,-26.42
"MBL Wealth, LLC",,,,,,,,,,,,,,,,,,,inf,-100.0
"MBM Wealth Consultants, LLC",,,,,,,,inf,-24.0,-31.58,-7.69,-33.33,50.0,-100.0,,,,,,
MCDANIEL TERRY & CO,,19.23,75.27,46.01,-24.37,21.94,7.18,42.08,-42.78,-29.54,-15.77,-19.16,50.95,15.34,32.08,-42.54,-18.97,-21.37,0.97,-26.28
MCDONALD PARTNERS LLC,,,,,inf,25.78,-9.16,-100.0,,,,inf,46.32,15.83,-10.32,38.14,22.08,-5.63,10.78,-24.21
MCF Advisors LLC,,,,,inf,16.67,271.43,-100.0,inf,-28.57,33.33,136321.25,71.53,2.53,-17.82,54.86,30.35,-12.01,-0.19,-19.82
"MEAG MUNICH ERGO, Kapitalanlagegesellschaft mbH",,,,,,,,,,,,,,,,,,,inf,-100.0
"MEANS INVESTMENT CO., INC.",,,,,,inf,9.22,0.79,-4.71,-14.29,1.92,100163.84,50.86,1.78,-11.95,39.95,14.78,-5.41,3.7,-31.76
MEEDER ASSET MANAGEMENT INC,,,,,,,,,,,,,,,inf,-99.97,570451.63,-36.53,-97.28,-47.65
MERCER GLOBAL ADVISORS INC /ADV,,11.7,188.69,43.98,184.14,-18.77,-35.13,45.24,47.22,-43.26,-23.27,14.1,131.76,29.45,82.79,-6.63,-100.0,,,inf
MERIDIAN INVESTMENT COUNSEL INC.,,,,,,,,inf,-100.0,,,,,,,inf,22.44,8.16,1.15,-20.95
MEYER HANDELMAN CO,,,,,,,,,,,,,,,,,inf,-10.13,1.15,-100.0
"MFA WEALTH ADVISORS, LLC",,,,,,,,,,,,,,,,,,inf,1.15,-100.0
"MFA Wealth Advisors, LLC",,,,,,,inf,-100.0,,,,,,,,,,,,
"MFG WEALTH MANAGEMENT, INC.",,,,,,,,,,,,,,,,,,,,inf
"MGB Wealth Management, LLC",,,,,,,,,,,,,,,,inf,22.07,-0.92,-9.7,-50.7
MGO ONE SEVEN LLC,,,,,,,,,,inf,-36.42,57923.44,126.55,16.67,65.35,78.97,46.62,-18.68,11.77,-48.2
MID ATLANTIC FINANCIAL MANAGEMENT INC/ADV,,57.5,39.43,20.43,-27.06,39.63,11.19,-100.0,,,,,,,,,,,,
MIDLAND WEALTH ADVISORS LLC,,,,,,,,,,,,,,,,inf,14.98,-2.76,-7.66,-34.28
"MIG Capital, LLC",,,,,,,,,,,,,,,,,,,,inf
"MILESTONE ASSET MANAGEMENT, LLC",,,,,,,,,,,,,,,,,inf,208.06,14.77,6.51
"MILESTONE WEALTH, LLC",,,,,,,,,inf,-61.11,85.71,-100.0,,,,,,,,
"MILLER WEALTH ADVISORS, LLC",,,,,,,,inf,-25.0,-33.33,0.0,50.0,433.33,34787.5,-9.75,363068.2,-99.64,-15.0,-86.48,56.19
"MINDSET WEALTH MANAGEMENT, LLC",,,,,,,,,,,,,,,,,,,inf,-24.77
MIRABELLA FINANCIAL SERVICES LLP,,-100.0,,,,,,,,inf,68.6,133823.86,260.58,-100.0,inf,119.81,-6.11,-100.0,,
MIRAE ASSET SECURITIES (USA) INC.,,,,,,,,,,,,,,,,,,inf,148.08,84.57
"MISSION WEALTH MANAGEMENT, LP",,,inf,279.24,-18.1,20.05,-1.82,86.57,-7.75,-26.7,-10.55,81084.31,70.72,-4.34,-11.32,137.87,364.33,-60.14,25.97,-35.4
MITCHELL CAPITAL MANAGEMENT CO,,,,,,,,,,,,,,,,,,,inf,-33.24
MITCHELL MCLEOD PUGH & WILLIAMS INC,,,inf,56.4,-10.3,145.95,-41.48,68.31,-23.99,44.59,-54.95,104024.51,50.87,16.22,-9.74,38.33,25.56,-6.94,9.65,-23.47
MJP ASSOCIATES INC /ADV,,,,,,inf,9.95,86.88,-23.24,-28.08,-100.0,inf,68.79,11.71,-9.04,-3.69,68.02,-16.61,3.71,-44.99
"MKD WEALTH COACHES, LLC",,,,,,,,inf,-100.0,,,,,,,,,,,
MMA ASSET MANAGEMENT LLC,,,,,,,,,,,,,inf,135.5,-13.63,55.39,-51.05,5.1,60.14,-53.21
MMBG INVESTMENT ADVISORS CO.,,,,,,,,,inf,-64.95,-17.36,102285.39,51.24,-100.0,,,,,,
"MN Wealth Advisors, LLC",,,,,,,,,,,,,,,,,,,inf,-100.0
"MONECO Advisors, LLC",,,,,inf,72.52,16.45,50.0,4.19,-26.4,-20.47,88403.19,61.61,86.22,-7.16,36.76,44.93,-45.52,19.14,-18.52
MONETA GROUP INVESTMENT ADVISORS LLC,,,inf,28.78,61.45,-20.24,11.5,104.67,-21.1,5.18,-41.35,312477.54,-52.61,-31.16,-13.14,54.45,68.93,12.96,-4.97,-25.63
MONETARY MANAGEMENT GROUP INC,,,,,,inf,147.56,63.05,167.37,-28.64,-7.76,100168.41,51.32,-9.23,-11.02,42.33,-18.11,-10.13,0.6,-23.17
MONETTA FINANCIAL SERVICES INC,,15.67,55.84,11.83,-30.79,19.64,9.55,39.85,-34.02,-47.01,-30.39,72893.99,51.32,16.22,-27.79,43.37,22.44,-10.13,-100.0,
MONEY CONCEPTS CAPITAL CORP,,,,inf,-85.53,-100.0,,inf,84.12,-79.4,-21.14,376793.56,-60.54,-28.79,-7.98,34.09,25.1,4.3,4.1,-23.61
"MONTAG & CALDWELL, LLC",,,,,,,,,,,,,,,,,,,,inf
MONTAG A & ASSOCIATES INC,,,inf,289.5,55.22,91.31,148.91,26.5,-28.05,-34.74,-5.87,44278.01,85.35,8.47,-4.48,52.89,19.42,-18.75,4.46,-26.51
"MONTCHANIN ASSET MANAGEMENT, LLC",,,,,,,,,,inf,-19.88,3.42,51.3,16.32,-100.0,,inf,-9.44,11.65,-29.11
"MOODY LYNN & LIEBERSON, LLC",,,,,,,,,,,,,inf,244.79,-71.7,104.1,29.94,-7.0,-6.65,-73.64
MOODY NATIONAL BANK TRUST DIVISION,,,inf,11.89,-14.44,124.85,-45.29,39.9,-24.6,-25.53,-17.14,4.02,150922.1,35.79,16.15,21.45,22.69,6.8,19.34,-18.67
"MOORE CAPITAL MANAGEMENT, LP",,-100.0,,,,,inf,-100.0,,,,inf,455.13,248.49,-78.4,16.49,-100.0,inf,-8.72,1245.65
MORGENS WATERFALL VINTIADIS & CO INC,,,,,,,,,,,,,,inf,-100.0,,,,,
"MOSAIC FAMILY WEALTH PARTNERS, LLC",,,,,,,,,,,,,inf,14.05,-3.02,3150.69,-93.11,-35.64,-2.18,-26.12
MOSELEY INVESTMENT MANAGEMENT INC,,52.13,88.47,31.57,12.06,18.16,7.5,43.69,-39.56,-24.9,1.76,100861.97,53.32,13.04,31.83,-5.0,24.64,-10.29,-10.24,-33.17
MOTCO,,20.0,50.0,77.78,-68.75,200.0,40.0,38.1,-75.86,-28.57,540.0,-100.0,,inf,-9.77,43.39,14.29,-10.13,1.14,-26.38
MOTIVE WEALTH ADVISORS,,,,,,,,,,,,,,,,,inf,-15.24,0.0,-17.66
"MPS Loria Financial Planners, LLC",,inf,56.25,48.0,-78.38,-100.0,,,,,,,,,,,,,,
"MPWM ADVISORY SOLUTIONS, LLC",,,,,,,,,,,,,,,,,,,,inf
MQS Management LLC,,,,,,,,,,,,,,inf,-100.0,,,,,
MRA Advisory Group,,,,,,,,,,,,,,,,,inf,-25.24,-18.4,-100.0
"MRP Capital Investments, LLC",,,,,,,,,,,,,,,,inf,-100.0,inf,-69.65,-26.38
"MSA Advisors, LLC",,,,,,,,,,,,,,,,,,inf,1.15,-26.38
MUFG SECURITIES AMERICAS INC.,,,,,,,,,,,,,,,,,,,,inf
MUFG Securities EMEA plc,,390.31,86.77,-57.45,-79.65,-100.0,inf,5363.38,71.48,-95.39,-87.35,1792.56,75.67,112812.25,35.43,41.44,-73.02,85.24,-16.49,7.97
MUTUAL OF AMERICA CAPITAL MANAGEMENT LLC,,11.32,50.56,10.6,-11.69,21.48,10.04,40.11,3.97,-29.17,-16.19,105238.25,51.57,16.68,-11.9,37.1,19.98,-13.53,-1.11,-28.19
"MV CAPITAL MANAGEMENT, INC.",,,,,inf,2600.0,31.48,57.75,0.89,-35.4,0.0,111783.56,97.04,15.3,-6.36,45.74,22.94,-8.93,1.85,-27.47
MYDA Advisors LLC,,,,,,,,,,,,,inf,3.77,-100.0,,,,,
"Ma Investment Partnership, LP",,,,inf,-14.4,19.66,9.55,-100.0,,,,,,,,,,,,
"Mach-1 Financial Group, Inc.",,,,inf,-98.08,-100.0,,inf,-100.0,,,,,,,,,,,
"Mach-1 Financial Group, LLC",,,,,,,,,,inf,-15.25,-100.0,inf,-100.0,,,inf,-100.0,inf,-100.0
Machina Capital S.A.S.,,,,,inf,-100.0,,inf,146.15,-30.85,-51.46,-100.0,inf,40.39,-100.0,,,,,inf
"Madison Asset Management, LLC",,,,,,,,,,,,,,,,,,,,inf
"Madison Investment Advisors, LLC",,,,,,,,,,,,,,,,,,,,inf
"Madison Wealth Partners, Inc",,,,,,,inf,39.71,-17.47,-100.0,,,,,,,,,,
"Madrona Financial Services, LLC",,,,,,,,,,,,,,,,,inf,-100.0,inf,33.74
Magnetar Financial LLC,,inf,113.73,-100.0,inf,-100.0,inf,-30.64,-100.0,,,inf,-100.0,inf,-100.0,,,,,inf
Magnus Financial Group LLC,,128.14,-72.14,89.33,-100.0,,,,,,,,,,,,inf,-100.0,inf,-100.0
Maia Wealth LLC,,,,,,,,,,,,,,,,,,inf,-5.31,-100.0
"Main Street Financial Solutions, LLC",,,,inf,-8.29,-100.0,,inf,-41.35,-27.14,-100.0,,inf,3.73,-8.6,51.36,38.63,-33.73,13.61,-13.91
"Main Street Group, LTD",,,,,,,,,,,,,,,,inf,71.48,-1.63,45.93,-66.71
Main Street Research LLC,,,,,,,,inf,23.32,-38.34,-9.66,-100.0,inf,14.44,53.92,42.93,23.23,-10.13,-47.11,-61.43
MainStreet Investment Advisors LLC,,-100.0,,,,,,,,,,,,,,,,,,
Mainstream Capital Management LLC,,,,,,,,,,,,,,,,,,,inf,-27.4
"Malaga Cove Capital, LLC",,,,,inf,76.42,24.81,39.86,58.91,-22.52,-12.08,110295.37,51.51,22.61,-6.3,42.91,22.23,-7.69,-10.03,-29.99
Man Group plc,,,,,,,,,,,inf,-100.0,,,,,,,,
"Manatuck Hill Partners, LLC",,-100.0,,,,,,,,,,,,,,,,,,
Manchester Capital Management LLC,,,inf,1100.0,-100.0,,inf,39.91,-13.69,-100.0,,,,,,,inf,-8.05,6.08,-20.73
Manchester Global Management (UK) Ltd,,,,,,,,,,,,inf,26.11,-20.23,-16.1,52.63,64.39,-17.52,-1.86,-56.11
Mandatum Life Insurance Co Ltd,,,,,,,inf,140.47,-25.15,-100.0,,,inf,105.58,-35.15,131.39,-37.34,-21.26,-13.03,874.16
"Mango Five Family, Inc.",,,,,,,,,,,,,,,,inf,22.44,-100.0,,
Manitou Investment Management Ltd.,,,,,,,,,,,,,,,inf,43.37,-100.0,,,
Marathon Capital Management,,,,,,inf,9.68,40.61,-100.0,inf,-17.0,-100.0,,,,,,,,
Marathon Trading Investment Management LLC,,,,,,,,inf,65.07,3.8,27.61,87123.73,-17.12,42.27,-3.42,-8.01,67.49,14.08,-100.0,inf
"Marcum Wealth, LLC",,,,,,,,,,,,,inf,37.8,-9.33,45.77,20.58,-11.12,11.05,-36.22
Maridea Wealth Management LLC,,,,,,,,,,,,,,,,,,,,inf
"Mariner, LLC",,32.62,60.68,19.15,-8.09,39.02,165.22,71.21,31.55,-25.82,-17.19,27.15,70.99,137295.91,3.12,419.11,39.64,0.6,19.42,-26.92
"Marks Group Wealth Management, Inc",,,,,,,,,,,,,,,,,inf,-100.0,,
"Marquette Asset Management, LLC",,,,,,,,,inf,0.0,-100.0,,,,,,,,,
Marshall & Sterling Wealth Advisors Inc.,,,,,,,,,,,,,,,,,,,,inf
Marshall Financial Group LLC,,,,,,,,,inf,-20.91,-14.59,53580.39,52.49,8.93,-10.89,31.33,16.8,-16.3,-100.0,
"Marshall Financial Group, LLC",,,,,,,,,,,,,,,,,,,inf,-26.71
"Martin Capital Advisors, LLP",,,,,,,,,,,,,,,,inf,22.44,-7.37,9.01,-26.38
Maryland Capital Management,,,,,,,,,,inf,-17.42,-100.0,,,,,,,,
Maryland State Retirement & Pension System,,,,inf,327.54,20.34,10.87,39.18,3.38,-31.18,-16.53,103545.04,52.22,11.3,-8.99,44.91,6.31,4.11,-25.41,-31.01
Mascoma Wealth Management LLC,,,,,,,,,,,,inf,37.96,26.62,-9.19,43.39,22.43,-10.12,-100.0,
Mason & Associates Inc,,,,,,,,inf,48.42,-30.12,-16.57,102288.08,51.32,16.27,-9.74,47.21,-47.92,38.73,105.13,-3.79
Mass Ave Global Inc.,,,,,,,,,,,inf,-100.0,,,,,,,,
"MassMutual Private Wealth & Trust, FSB",,,,,,,,,,,,,,,,,,,,inf
"Matrix Capital Management Company, LP",,,,,,,,,inf,-100.0,,,,,,,,,,
Mattern Wealth Management LLC,,,inf,-100.0,,,,,inf,-100.0,,,,inf,-1.73,43.37,31.51,-13.43,-1.69,-20.64
"Mattson Financial Services, LLC",,,,,,,,,,,,,,,,,,inf,-0.77,-100.0
Maxi Investments CY Ltd,,,,,,,,,inf,-8.69,-17.15,2.27,51.26,16.26,-9.74,356.82,-3.71,-60.19,158.38,-55.75
Maxwell Wealth Strategies Inc.,,,,,,,,,,,,,,,,inf,707.18,-1.19,0.46,-50.46
"May Hill Capital, LLC",,,,,,,,,,,,,,,,,,,,inf
"Mayfair Advisory Group, LLC",,,,,,,,inf,-13.18,2.68,-100.0,,inf,23.35,-16.88,27.13,34.89,-19.49,-7.07,-100.0
"Mayflower Financial Advisors, LLC",,,,,,,inf,46.33,-100.0,,,,inf,77.81,-0.64,48.13,28.99,21.25,5.48,-46.09
Maytree Asset Management Ltd,,,,,,,,,,,,,,,,,,,,inf
"Maytus Capital Management, LLC",,,,,inf,30.52,-100.0,,inf,125.86,-100.0,,,,inf,-100.0,inf,409.27,21.98,-100.0
"McAdam, LLC",,,,,,,,,,,,,,,,inf,60.97,33.95,-4.79,-30.59
"McAlister, Sweet & Associates, Inc.",,,,,,,,,,,,,,,,,inf,-100.0,,
"McCarthy Asset Management, Inc.",,,,inf,-14.29,16.67,10.71,38.71,-23.26,-100.0,,,,,,,,,,
"McCarthy Grittinger Financial Group, LLC",,,,,inf,19.66,9.55,39.84,-24.02,-30.06,-17.14,2.23,51.32,16.22,-9.74,43.37,2.04,-10.13,1.15,-100.0
McDonald Partners LLC,,,,,,,,inf,-67.3,-33.79,-10.91,-100.0,,,,,,,,
"McElhenny Sheffield Capital Management, LLC",,,,,,,,,inf,-100.0,,,,,,,,,,
"McGlone Suttner Wealth Management, Inc.",,,,,,,,,,,,,,,,inf,103.55,-100.0,inf,-42.63
"McGowan Group Asset Management, Inc.",,,,,,,,,,,,inf,-100.0,,,,,,,
"McGuire Investment Group, LLC",,9.38,59.78,11.83,-14.39,20.26,9.56,55.94,4259.58,-65.12,-17.26,102785.33,48.09,11.36,-13.61,43.87,9.8,-12.04,-0.59,-27.58
"McIlrath & Eck, LLC",,,,,inf,100.0,275.0,40.0,-23.81,-31.25,290.91,26260.47,69.48,3.77,-9.73,43.36,442.23,-79.71,1.15,-26.38
McLean Asset Management Corp,,,,,,,,,,,,,,,,,inf,10.46,-5.2,-100.0
MeadowBrook Investment Advisors LLC,,,,,,,,,,,,,,,,inf,22.44,-10.13,1.15,-26.38
"Measured Risk Portfolios, Inc.",,,,,,,,,,,,,,,,,,,,inf
Mechanics Bank Trust Department,,,,,,,,,,,,,,,,,,,,inf
Mediolanum International Funds Ltd,,,,,,,,,,,,,,,,,inf,14.53,13.17,-70.95
"Meeder Advisory Services, Inc.",,,,,,,,,,,,inf,73.2,22.52,-22.77,50.21,29.64,21.15,-1.3,-26.17
Meiji Yasuda Life Insurance Co,,,inf,364.71,-15.46,30.48,-17.79,24.73,-31.89,92.37,13.06,-12.09,71.45,16.51,121343.88,68.21,156.18,-15.19,0.55,-26.28
Melqart Asset Management (UK) Ltd,,,,,,,inf,106.59,-100.0,inf,-1.5,171531.47,-100.0,inf,34.04,-100.0,,inf,-40.22,-100.0
Melvin Capital Management LP,,,inf,98.64,-100.0,,,,,,,,,,,,,,,
Menard Financial Group LLC,,,,,,,,,,,,,,,,,inf,96.76,10.74,-30.72
"Mendota Financial Group, LLC",,,,,,,,,,,,,,,,inf,22.44,-10.11,-36.77,-100.0
"Mengis Capital Management, Inc.",,-40.14,56.51,7.47,-16.85,121.08,-40.12,20.02,-23.35,-17.89,-21.91,7.84,152260.98,14.13,-10.15,42.05,116.19,1.81,-52.83,-26.93
Meridian Financial Partners LLC,,,,,,,,,,,,,,,inf,75.65,-100.0,,inf,-28.0
"Meridian Wealth Advisors, LLC",,137.61,10.23,18.04,-5.64,22.64,2.95,38.85,-6.91,-29.38,-21.83,99835.78,41.05,21.86,-9.61,296.83,26.95,-7.42,3.45,-20.31
"Meridian Wealth Management, LLC",,14.77,54.09,8.91,-5.4,14.58,17.07,25.41,-21.91,-20.31,-16.35,95291.04,43.03,-6.53,113.11,-29.02,3.54,-100.0,inf,-31.14
"Meridian Wealth Partners, LLC",,,,,inf,-100.0,inf,-100.0,,,,,,,,,,,,
Meridiem Capital Partners LP,,,,,,,,,,,,,,,,,,,,inf
Meridiem Investment Management Ltd.,,,,,,,,,,,,,,,,,inf,-10.13,1.15,-26.38
"Merit Financial Group, LLC",,,,inf,-100.0,inf,33.91,32.14,36.36,166.13,-42.79,119582.72,43.83,32.25,-3.12,-10.84,128.2,2.45,3.86,-6.51
"Merriman Wealth Management, LLC",,,,,,,,,,,,,,,,,,,,inf
"Mesirow Financial Investment Management, Inc.",,,,,,,,,,,,,,,,inf,23.27,-9.76,1.28,-25.71
Metavasi Capital LP,,,,,,,,,,,,,,,,inf,-100.0,,,
"Metis Global Partners, LLC",,,,,,,,inf,70.93,-30.7,-12.25,175790.5,107.36,21.13,5.2,66.48,23.01,-6.41,3.43,-20.85
"Michael S. Ryan, Inc.",,,,,,,,,,,,,,,,inf,22.44,-10.13,-100.0,
"MidWestOne Financial Group, Inc.",,,,,,,,,,,,,,,,,inf,-3.47,1.72,64.26
"Midwest Capital Advisors, LLC",,,,,,,,,,,,,,,,,,,,inf
Midwest Financial Group LLC,,,,,,,,,,,,,inf,14.21,-6.95,41.63,20.88,-10.1,0.99,-27.31
"Midwest Professional Planners, LTD.",,,,,,,,,inf,-26.9,-9.38,106300.32,51.48,46.61,2.9,57.46,62.34,-14.82,-6.99,-35.65
Midwest Wealth Management Inc.,,,,inf,-13.04,23.16,-100.0,inf,-21.95,-100.0,,,,,,,,,,
MilWealth Group LLC,,,,,,,,,,,,,,,,,,,,inf
Milestone Investment Advisors LLC,,,,,,,,,,,,,inf,-100.0,inf,-100.0,,,,
Milestones Administradora de Recursos Ltda.,,,,,,,,,,,,,,,,,inf,-100.0,,inf
"Mill Creek Capital Advisors, LLC",,,,,,,,,,,,inf,-85.34,36.7,-23.74,13.36,51.76,-15.19,49.69,-32.09
Miller Financial Services LLC,,,,,,,,,,,,,,,,,,,,inf
"Millstone Evans Group, LLC",,,,,,,,,,,,,,,,,,,,inf
"Mine & Arao Wealth Creation & Management, LLC.",,,,,,,,inf,-33.33,1350.0,-17.24,98133.33,59.22,16.22,-14.21,43.37,22.44,-100.0,,
"MinichMacGregor Wealth Management, LLC",,inf,53.21,23.66,11.22,26.9,9.06,27.18,-13.24,-100.0,,inf,62.98,7.61,-10.74,80.81,60.48,-28.82,1.12,-3.49
Minot DeBlois Advisors LLC,,,,,,,,,,,,,,,,,,,,inf
Minot Wealth Management LLC,,,,inf,-100.0,,,,,,,,,,,,,,,
Mint Tower Capital Management B.V.,,,,,inf,-13.92,154.33,-69.62,-45.13,-100.0,inf,-74.43,-100.0,,,,,,,
Mirabaud & Cie SA,,,,,,,,,,,,,,,,inf,-83.06,-10.13,268.66,-44.19
"Miracle Mile Advisors, LLC",,,,,,,,inf,324.73,-19.28,33.73,104684.6,48.63,19.93,-10.86,42.54,24.6,-5.69,0.48,-22.06
Mirador Capital Partners LP,,,,,,,,,,,inf,99740.06,42.36,10.23,383.36,38.85,18.98,-9.02,3.22,-25.88
"Mirae Asset Global Investments Co., Ltd.",,-33.21,87.01,174.31,-65.82,464.39,130.98,13.5,250.14,-15.12,-78.05,112467.31,64.24,-18.79,-10.15,23.97,44.13,7.08,29.92,-36.86
Missouri Trust & Investment Co,,,,,,,,inf,-18.07,-30.88,4.26,-59.18,229735.0,16.22,8.16,68.88,22.81,-13.51,1.15,-20.62
Mitsubishi UFJ Trust & Banking Corp,,137.8,-23.66,7.25,-28.21,35.93,6.82,38.92,-3.31,-30.39,-17.85,94566.66,104.88,22.62,-13.13,38.81,13.16,-19.56,-6.99,-29.64
"Miura Global Management, LLC",,,,,,,,,,,,,,inf,-100.0,,,,,
"Modera Wealth Management, LLC",,,,,,,,inf,-100.0,,,,,inf,82.44,-20.44,61.47,-27.31,13.72,-17.37
"Modern Wealth Management, LLC",,,,,,,,,,,,,,,,,,,inf,-100.0
"Modus Advisors, LLC",,inf,-100.0,,,,,,,,,,,,,,inf,-100.0,inf,-72.13
"Moisand Fitzgerald Tamayo, LLC",,,,,,,,,inf,-100.0,inf,133665.22,51.32,16.22,-1.94,43.37,22.44,-10.13,1.15,-26.38
"Moloney Securities Asset Management, LLC",,25.0,-16.93,28.12,-26.2,60.59,-5.56,40.56,-22.32,-29.29,-27.14,98183.88,77.93,14.69,-6.18,43.13,86.38,-43.04,-0.65,-23.95
Monashee Investment Management LLC,,,,,,,,,,,,,,,,,,inf,-100.0,
"Mondrian Capital Management, LLC",,,inf,2.54,-100.0,,,,,,,,,,,,,,,
Monolith Advisors,,,,,,,,inf,-100.0,,,,,,,,,,,
Montz Harcus Wealth Management LLC,,,,,,,,,,,,,,,,,inf,-10.9,12.36,-100.0
Monument Capital Management,,,,,,inf,-100.0,,,,,,,,,,,,,
"Moors & Cabot, Inc.",,34.8,21.53,9.04,-33.08,50.5,157.78,-56.99,9.97,-39.38,-19.04,267140.56,-38.09,1.59,-14.36,42.95,24.96,-4.33,12.16,-17.88
"Moran Wealth Management, LLC",,,,,,,,,,,,inf,61.68,138.45,-5.97,70.86,41.88,6.05,-4.57,-11.25
"MorganRosel Wealth Management, LLC",,,,,,,,,,,,,,,,,,,,inf
Morningstar Investment Management LLC,,,,,,,,,,,,,,,,inf,22.33,-10.32,-100.0,
Morningstar Investment Services LLC,,,,,,,,,,,,,,,inf,423.83,-18.38,2.62,25.35,-100.0
"Morse Asset Management, Inc",,47.86,62.6,14.71,44.12,-54.88,18.42,35.26,-40.74,-20.67,-29.3,-1.51,98.95,31.94,-8.98,39.29,7.17,-35.4,88875.0,-28.61
"Morton Brown Family Wealth, LLC",,,,,,,,,,,inf,-100.0,,,,inf,267.35,67.82,65.52,-6.31
Mosaic Advisors LLC,,,,,,,,inf,-100.0,,,,,,,,,,,
"Mosaic Family Wealth, LLC",,,,,,,,inf,-100.0,,,,,,,,,,,
"Moser Wealth Advisors, LLC",,14.55,438.1,33.63,10.82,62.55,18.5,39.81,-20.27,-27.37,-15.58,104430.11,-100.0,inf,-9.96,43.37,32.08,-7.97,0.81,-27.53
Mosley Wealth Management,,,,,,,,,,,,,,,,,,,inf,-100.0
Moss Adams Wealth Advisors LLC,,,,,,,,,,,,,,,,,inf,-73.73,12.09,49.72
Motley Fool Asset Management LLC,,,,,,,,,inf,-32.8,-16.38,98437.79,34.54,24.48,-0.94,53.74,556.99,-77.01,5.06,-26.37
Mount Lucas Management LP,,,,,,,,inf,-18.91,-22.8,62.42,-100.0,,,,,,,,
"Mount Yale Investment Advisors, LLC",,,inf,287.25,-49.49,-100.0,inf,78.12,12.86,-21.12,-39.21,59690.23,132.57,24.49,-25.47,62.06,45.13,-22.26,-29.15,-77.44
Mountain Hill Investment Partners Corp.,,,,,,,,,,,,,,,,,,,,inf
"Mowery & Schoenfeld Wealth Management, LLC",,,,,,,,,,,,,,,,inf,22.44,715.54,-88.85,912.11
Municipal Employees' Retirement System of Michigan,,-100.0,,,,,,,,,,,,,,,,,,
Murphy & Mullick Capital Management Corp,,,,,,,,,,,,,,,,,,,,inf
"Mutual Advisors, LLC",,inf,53.48,-75.1,214.73,124.69,-17.27,40.79,-20.95,-20.31,-11.71,104204.3,51.35,9.85,-2.81,40.43,7.37,-12.48,23.22,-12.17
"My Personal CFO, LLC",,,,,,,,,inf,-29.71,-25.54,116691.35,47.26,16.49,-9.68,57.5,26.29,-11.71,0.16,-26.38
N.E.W. Advisory Services LLC,,,,,,,,inf,-100.0,,,,,,,inf,35.95,-8.01,1.15,-34.66
NAN FUNG TRINITY (HK) LTD,,,,,,,,,,,,,,inf,-9.74,-100.0,,,,
NAPA WEALTH MANAGEMENT,,,,,,,,,,,,,,,,,,,,inf
"NAPLES GLOBAL ADVISORS, LLC",,,,,,,,,inf,-29.21,-17.58,199317.67,-24.15,14.02,-9.71,42.97,20.41,-9.54,4.96,-26.23
"NATIONS FINANCIAL GROUP INC, /IA/ /ADV",,,,,,inf,-9.79,201.85,-16.74,151.47,-76.85,48926.4,924.48,14.49,-84.86,56.62,-12.24,79.35,-22.12,-38.07
NATIXIS,,-94.48,-100.0,inf,50.82,8.76,-52.41,-49.97,237.82,-65.56,-36.37,140163.48,-71.8,-65.72,60.52,819.04,49.46,-56.46,12.35,-30.93
"NATURAL INVESTMENTS, LLC",,,,,,,,,,,,,,,,,,,,inf
NAVELLIER & ASSOCIATES INC,,,,,,,inf,99.7,-23.29,-43.06,-17.07,-100.0,,,,inf,21.61,-10.13,-1.86,-23.72
"NBC SECURITIES, INC.",,,,,,,,,,,,,,,inf,48.27,11.69,-34.64,-0.24,-37.8
NBT BANK N A /NY,,,,,,,,,,,,,,,,,inf,-13.51,81.41,-17.84
"NCM Capital Management, LLC",,,,,,,,inf,-28.88,-29.56,-17.99,2.12,51.5,116084.76,-7.15,41.66,18.68,16.97,2.04,-26.38
NCP Inc.,,,,,,,,,,,,,,,,,inf,-95.34,-30.7,-26.38
"NEIRG Wealth Management, LLC",,,,,,,,inf,-59.35,-30.31,-17.1,102520.72,42.8,3.73,-100.0,,,,,
NEOS Investment Management LLC,,,,,,,,,,,,,,,inf,107.88,165.7,75.2,38.61,10.4
NEUBERGER BERMAN GROUP LLC,,,,,,,,,,,,,inf,29.37,-12.89,41.34,40.36,-100.0,,
NEW MEXICO EDUCATIONAL RETIREMENT BOARD,,23.86,96.6,-14.49,-14.4,27.22,7.92,30.17,-2.47,-33.3,-24.28,-5.05,46.79,21.99,-3.52,43.37,103.11,-47.38,-1.71,-28.16
NEW WAVE WEALTH ADVISORS LLC,,,,,,,,,,,,,,,,,,inf,-11.41,-43.41
NEW YORK LIFE INVESTMENT MANAGEMENT LLC,,,,,,,,,,inf,-16.59,101479.63,51.27,15.64,-8.99,43.74,17.97,-10.89,-0.06,-25.54
NEW YORK STATE COMMON RETIREMENT FUND,,28.98,48.8,13.89,-17.86,22.08,9.11,36.83,97.16,-64.58,-16.72,-4.81,193.16,-46.51,-18.23,43.16,7.76,-11.9,5.63,-33.2
NEW YORK STATE TEACHERS RETIREMENT SYSTEM,,22.07,57.36,9.56,-16.69,15.21,8.37,38.46,2.16,-30.48,-14.19,-0.38,48.88,12.16,-13.39,38.44,18.88,-14.26,-3.3,-29.46
NEXT CENTURY GROWTH INVESTORS LLC,,-12.53,37.29,6.76,2.34,-7.22,9.56,-10.64,-23.85,-40.96,-16.6,238893.75,39.4,-43.19,-9.74,56.29,8.54,-10.38,39.62,-26.36
"NEXT Financial Group, Inc",,38.65,35.11,15.72,-11.91,28.98,10.35,42.36,-100.0,,,,,,,,,,,
"NFJ INVESTMENT GROUP, LLC",,,,,,,,,,,,,,,,,,,inf,-26.38
"NIA IMPACT ADVISORS, LLC",,,,,,,,,,,,,,,,,inf,-14.56,3.76,-16.71
"NICHOLAS COMPANY, INC.",,,,,,,,,inf,-30.08,-17.13,172.05,28.34,33.24,-39.85,-28.32,-22.57,17.42,16.78,-10.44
"NICOLET ADVISORY SERVICES, LLC",,,,,,,,inf,-100.0,,,,inf,54.9,5.17,61.62,31.96,-5.67,6.6,-20.41
NICOLET BANKSHARES INC,,,,,,,,,inf,-34.93,-100.0,,,inf,-100.0,inf,30.42,-10.36,18.46,15.16
NINE MASTS CAPITAL Ltd,,,,,,,,,,,,,,,,,,inf,-68.17,714.26
"NISA INVESTMENT ADVISORS, LLC",,20.77,70.21,10.31,-28.77,11.93,9.55,-100.0,inf,-30.49,-15.06,0.56,53.98,-100.0,,inf,21.97,-9.77,0.64,-26.36
NISSAY ASSET MANAGEMENT CORP /JAPAN/ /ADV,,31.56,37.21,12.4,-14.65,29.36,13.67,43.63,5.8,-27.96,-12.63,98517.56,50.38,17.91,-0.52,60.1,117.8,-10.0,15.74,-21.71
NJ State Employees Deferred Compensation Plan,,15.65,55.93,11.84,-14.37,19.63,9.52,39.85,-24.0,-30.07,-17.15,102136.77,51.32,16.22,-9.74,43.37,22.44,-10.13,1.15,-26.38
NOESIS CAPITAL MANGEMENT CORP,,,,,,,inf,26.39,-23.81,-100.0,,,,inf,-100.0,inf,2.03,-1.86,1.15,2755.91
NOMURA ASSET MANAGEMENT CO LTD,,25.75,104.33,110375.61,-13.51,11.79,11.66,61.98,-4.64,-18.8,-15.27,117.88,66.04,-37.96,-13.63,50.7,43.32,-14.06,-1.86,-35.89
NOMURA HOLDINGS INC,,inf,-100.0,,,,,,,,,,,,,,,,,
NORDEA INVESTMENT MANAGEMENT AB,,142.52,-0.56,21.19,-18.27,31.74,236.53,-43.77,214.97,-30.91,-13.48,70188.52,-14.03,-17.3,-22.4,42.97,16.0,22.26,1.92,-10.66
NORDEN GROUP LLC,,,,,,,,,,,,,,,,inf,2507.14,-92.62,10.99,-39.01
NORGES BANK,,34.48,62.52,19.88,-14.21,13.8,9.21,34.61,112918.44,-21.44,-15.75,17.62,65.31,6.59,-2.04,58.55,-100.0,inf,-100.0,inf
NORTH STAR ASSET MANAGEMENT INC,,,,,,,,,inf,-30.93,-17.41,103054.6,37.41,12.83,-10.71,40.72,17.85,-12.14,-1.12,-26.92
NORTHEAST INVESTMENT MANAGEMENT,,,inf,11.9,-14.59,19.93,9.5,39.84,12.4,-15.86,-27.46,16.1,136613.14,-1.45,-9.74,43.37,22.44,-8.0,1.15,-26.47
NORTHERN OAK WEALTH MANAGEMENT INC,,,,,inf,19.25,21.39,37.16,-20.32,-35.24,-45.29,-100.0,,,,,,,,
NORTHSTAR ASSET MANAGEMENT Co LLC,,,,,,,,,,,,,,,,,inf,-15.93,7.08,-24.8
NORTHSTAR ASSET MANAGEMENT LLC,,,,,,,,,inf,-25.65,-14.46,105581.4,52.98,35.06,-9.74,44.27,-100.0,,,
"NORTHWEST INVESTMENT COUNSELORS, LLC",,,,,inf,-100.0,,,inf,-27.27,100.0,101912.5,60.33,32.55,-2.33,-100.0,inf,84.18,15.48,-100.0
"NORTHWEST WEALTH MANAGEMENT, LLC",,,,,,,inf,-100.0,,,,,inf,16.22,-9.55,44.08,62.14,-8.41,1.15,-24.73
NOVARE CAPITAL MANAGEMENT LLC,,,,inf,226.24,-33.15,11.0,-100.0,,,inf,207655.36,71.01,24.81,-15.74,80.44,11.88,5.38,3.78,-22.11
NOVEM GROUP,,,,,,,,,,,,,,,,,,,,inf
"NVWM, LLC",,46.1,38.91,14.37,-23.41,19.3,106.11,23.08,-35.4,-35.68,4.48,86008.13,53.69,12.92,1.88,41.01,12.49,-2.59,2.1,-30.19
NWAM LLC,,16.22,-100.0,inf,-12.0,24.75,7.89,35.27,-15.26,-29.21,-31.91,106100.68,30.85,33.73,346.15,36.67,-10.88,-100.0,inf,-33.13
NWI MANAGEMENT LP,,,,,,,,inf,-100.0,inf,-58.57,2.23,51.32,-100.0,,inf,-0.99,-10.13,1.15,-26.38
"NWK Group, Inc.",,18.46,58.71,13.99,-14.34,19.75,11.63,40.72,-25.05,-29.54,-20.03,102678.35,50.61,-31.71,-9.75,46.35,24.84,-10.31,-100.0,
"NZS Capital, LLC",,,,,,,,,inf,0.2,16.88,164797.02,130.17,-4.61,-18.02,63.32,3.8,-20.42,2.42,-83.36
Nabity-Jensen Investment Management Inc,,,,,,,,,,,,,,,,inf,22.44,-100.0,inf,-100.0
"Nachman Norwood & Parrott, Inc",,,inf,-100.0,,,,,,,,,,,,,,,,
"Nadler Financial Group, Inc.",,-100.0,inf,4.77,5.18,-39.57,19.87,39.13,-43.16,-28.18,-100.0,,inf,21.64,-9.24,42.85,58.56,-15.94,3.89,-13.56
"Nalls Sherbakoff Group, LLC",,,,,,,,,,,,,inf,8.97,-24.32,58.21,-100.0,,,
"Nan Shan Life Insurance Co., Ltd.",,-88.43,1.88,52.41,-100.0,,inf,-2.42,-42.19,-30.07,-18.94,21248.72,51.21,16.22,1441.09,43.37,-77.29,518.36,-65.5,31.31
Napean Trading & Investment Co (Singapore) PTE Ltd,,,,,,,,,,,,,,,,inf,-5.76,-2.58,-34.08,-61.1
Naples Money Management LLC,,,,,,,,,,,,,,,,inf,20.36,-21.6,61.62,-100.0
National Pension Service,,24.11,51.08,14.36,-1.7,21.28,9.98,36.3,-0.34,-24.18,86638.39,4.51,53.74,10.87,-11.73,56.72,23.69,-7.97,-100.0,inf
"National Wealth Management Group, LLC",,,,,,,,,,inf,-100.0,,,inf,-100.0,inf,38.84,-43.96,-100.0,
Nationale-Nederlanden Powszechne Towarzystwo Emerytalne S.A.,,,,,,,,,,,,,,inf,-63.53,58.8,258.76,-30.24,-65.5,-38.85
Nauset Wealth Management. LLC,,,,,,,,,inf,-100.0,,,,,,,,,,
Navellier & Associates Inc,,-42.72,55.31,602.07,-14.86,-100.0,,,,,,,,,,,,,,
"Navis Wealth Advisors, LLC",,,,inf,-100.0,,,,,,,,,,,,,,,
"Naviter Wealth, LLC",,,,,,,,,,inf,-6.4,135094.23,8.42,22.47,-6.61,63.64,35.39,11.46,7.25,4.18
Nebula Research & Development LLC,,,,,,,,,,,,,,inf,-100.0,,inf,-100.0,inf,-100.0
"Nelson, Van Denburg & Campbell Wealth Management Group, LLC",,8.89,79.59,-69.32,-40.74,81.25,393.1,350.35,-2.33,-27.03,-14.81,102488.24,83.55,16.22,-100.0,,,,,
Nemes Rush Group LLC,,,,,,,,,,,,,,inf,-7.83,2923.06,25.36,-3.34,2.88,-22.21
Neo Ivy Capital Management,,306.5,-100.0,inf,70.34,-72.76,128.31,-77.4,399.12,-78.9,7.56,-100.0,,inf,-100.0,,,inf,-100.0,
Nepsis Inc.,,,,,,,,,,inf,-9.07,108325.37,64.25,16.03,-9.52,30.73,9.23,1.88,4.62,-24.66
"Nepsis, Inc.",,-88.6,-0.54,12.63,3.4,27.96,30.13,2.45,3.06,-100.0,,,,,,,,,,
Net Worth Advisory Group,,,,,,,,,,,,,,,,,,,inf,-29.48
Neuberger Berman Group LLC,,12.3,41.06,48.63,7.44,26.37,9.08,50.28,41.44,-60.31,-25.2,110893.71,-100.0,,,,,,,
"New Age Alpha Advisors, LLC",,,,,,,,,,,,,,,,inf,50.85,-23.23,1.38,46.68
"New Century Financial Group, LLC",,,,,,,,,,,,,,,,,,inf,14.8,-100.0
"New Covenant Trust Company, N.A.",,,,,,,,,,,,,,,,,inf,-100.0,inf,-100.0
New England Capital Financial Advisors LLC,,,,,,,,,,,,,,,,,,inf,1.16,-26.4
"New England Investment & Retirement Group, Inc.",,inf,45.84,15.0,-10.86,19.94,7.71,-100.0,,,,,,,,,,,,
"New England Research & Management, Inc.",,inf,-100.0,,inf,23.13,92.12,-10.3,-21.92,-4.5,5.97,-30.56,-100.0,inf,28.86,38.64,-61.7,101.52,-15.89,-86.81
New Jersey Better Educational Savings Trust,,,,,,,,,,,,,,,,inf,22.44,-38.68,1.15,-100.0
New Millennium Group LLC,,,,,,,,inf,-100.0,inf,-3.12,112504.95,196.29,11.03,65.9,-82.9,36.13,1.91,-1.88,-25.86
"New Republic Capital, LLC",,,,,,,,,,,,,,inf,-100.0,inf,29.41,-10.61,1.78,-25.79
New Vernon Capital Holdings II LLC,,,inf,-100.0,,,,,,,,,,,,,,,,
"NewEdge Advisors, LLC",,,,,,,,inf,-19.65,-32.8,-14.79,44445.63,276.9,60.2,-10.1,66.85,9.5,-0.11,9.6,-26.55
"NewEdge Wealth, LLC",,,,,,,,inf,83.96,-14.62,-14.41,100691.23,9.93,367.6,-70.48,24.36,550.26,6.14,20.51,-16.27
NewSquare Capital LLC,,41.47,105.03,37.8,-100.0,,,inf,-100.0,,,inf,309.72,-34.22,-83.94,-96.6,22.45,11254.44,1.15,17.44
"Newbridge Financial Services Group, Inc.",,,inf,22.42,-14.48,20.66,-4.13,45.34,-14.66,-27.82,-23.0,107070.45,39.4,18.71,20.7,-100.0,inf,9.36,24.37,-11.24
Newbrook Capital Advisors LP,,,,,,,,,,,,,inf,5.25,42.78,-2.85,-80.47,-100.0,,
"Newman Dignan & Sheerar, Inc.",,,,,inf,-100.0,inf,41.64,-23.38,-100.0,,,,,,,,,,
Next Level Private LLC,,,,,,,,,,,,,,,,,inf,-10.13,1.15,-26.38
"Nicholas Hoffman & Company, LLC.",,,,,,,,,,,,,,,,,inf,-100.0,,
"Nicholas Investment Partners, LP",,10.4,-69.15,44.3,50.7,0.46,35.94,352.54,-17.8,4.4,-17.14,141397.89,30.75,16.22,-32.07,45.11,24.02,-14.05,-85.29,-100.0
"Nikko Asset Management Americas, Inc.",,,,,,,,,inf,19.54,21.39,168699.6,2715.04,109.0,-9.28,39.85,-25.75,38.58,69.83,-0.71
"Nilsine Partners, LLC",,,,,,,,,,,,,inf,8.82,-12.04,38.07,30.08,-9.28,-4.85,-30.74
Ninepoint Partners LP,,,,,,,,,,,,,,inf,-9.74,43.37,22.44,4.67,-13.15,-26.38
"Nippon Life Global Investors Americas, Inc.",,30.9,55.82,11.88,-1.74,-100.0,,,,,,,,inf,-9.74,43.37,-36.8,-4.6,-10.56,-100.0
"Nishkama Capital, LLC",,,,,,,,,,,,,,,,,,,inf,-100.0
Noble Wealth Management PBC,,,,,,,,,,,,,,,,,,,,inf
North Forty Two & Co.,,,,,,,,,,,,,,,,,,,,inf
North Star Investment Management Corp.,,-0.37,55.84,12.66,-14.4,20.34,9.02,29.53,-26.62,-30.06,-17.11,101314.02,49.69,14.72,-9.7,43.37,-9.34,-16.83,1.15,-25.0
NorthCoast Asset Management LLC,,,,,inf,21.89,193.29,-100.0,,,,,,,,,,,,
"NorthCrest Asset Manangement, LLC",,,,,,,,inf,10.4,82.15,74.33,54850.41,125.81,16.09,-7.63,45.95,8.64,-7.88,4.54,0.0
"NorthRock Partners, LLC",,,,,,inf,77.65,18.55,-5.04,-0.19,-29.03,134772.46,52.12,4.62,26.02,40.65,46.85,-14.74,3.31,81.1
NorthStar Asset Management LLC /NJ/,,,,,,,,,,,,,,,,inf,18.01,-10.24,2.56,-25.68
Northeast Financial Consultants Inc,,,inf,11.72,-13.73,28.98,16.5,70.24,-20.21,-13.76,-15.55,-100.0,,inf,7.74,60.39,18.91,1.05,4.04,-26.38
"Northeast Financial Group, Inc.",,,,,,,,,inf,-30.46,-16.13,4.43,-100.0,,,,,,,
Northern Financial Advisors Inc,,,,,,,,,,,,,,,,inf,22.43,-9.72,0.96,-100.0
"Northwest Bancshares, Inc.",,,,,,,,,,,,,,,,,inf,-11.2,1.15,-5.8
Northwest Bank & Trust Co,,,,,,,,,,,,,,inf,-100.0,inf,7.44,2.42,-80.94,-16.39
Northwest Capital Management Inc,,,,,,,,,,,,,,inf,-21.44,85.11,102.64,-52.18,102.3,-63.19
Northwest Financial Advisors,,,,,,,,,,,,,,,,inf,41.38,-9.99,-12.53,-100.0
Norway Savings Bank,,,inf,12.2,-100.0,,,,inf,4.1,1.21,103985.33,84.13,37.86,-3.97,62.78,31.8,-6.53,13.64,-24.14
Notis-McConarty Edward,,,,,,,,,inf,-32.03,-17.77,103283.66,52.05,14.27,-11.79,43.02,13.23,-15.52,1.48,-29.53
"NuWave Investment Management, LLC",,inf,-81.63,176.17,-67.34,-100.0,inf,117.65,-100.0,inf,201.43,-100.0,,,,,,,,
Numerai GP LLC,,,,,,,,,,,,,,,inf,-100.0,,,,
NumerixS Investment Technologies Inc,,inf,-100.0,,,,,,,,,,,,,,,,,
"O'Dell Group, LLC",,,,,,,inf,58.7,-23.29,39.29,-56.41,-100.0,,inf,-100.0,inf,-100.0,,,
"O'Neil Global Advisors, Inc.",,,,,,inf,-59.25,-100.0,inf,-100.0,,,inf,-0.27,-100.0,inf,-100.0,inf,-80.46,-100.0
"O'SHAUGHNESSY ASSET MANAGEMENT, LLC",,1020.69,136.31,32.03,-16.27,42.64,53.92,-100.0,inf,-12.89,-40.37,128242.31,54.97,25.07,-1.62,69.55,45.73,-6.37,1.5,-37.96
OAK ASSOCIATES LTD /OH/,,,,,,,,,,,,inf,51.32,16.24,-9.74,38.09,21.02,-10.13,1.15,-26.38
"OAK HARBOR WEALTH PARTNERS, LLC",,,,,,,,,,,,,,,,inf,23.46,-9.37,-3.39,-25.27
"OAK HILL WEALTH ADVISORS, LLC",,,,,,,,,,,,,,,,inf,24.4,48.97,1.15,-26.38
OAK RIDGE INVESTMENTS LLC,,,,,,,,inf,-26.22,-31.87,-19.9,95607.33,63.57,15.81,-5.5,42.33,29.73,88.87,-100.0,
"OARSMAN CAPITAL, INC.",,,,,,,,,,,,,,,,,,,inf,55.38
"OBERMEYER WOOD INVESTMENT COUNSEL, LLLP",,,,,,,,inf,-25.9,-100.0,,,,,,,inf,68.63,-100.0,
OCCUDO QUANTITATIVE STRATEGIES LP,,,,,inf,-100.0,,inf,363.65,-100.0,,inf,-61.99,573.23,-10.99,-100.0,inf,-73.14,-100.0,
OFI INVEST ASSET MANAGEMENT,,,,,,,,,,,,,,,inf,114.96,11.02,-10.95,-100.0,inf
"OGBORNE CAPITAL MANAGEMENT, LLC",,,,,,,,,,,,,,inf,-100.0,,,,,
OKABENA INVESTMENT SERVICES INC,,,,,,,,,,,,,,inf,-100.0,,,,,
OLD NATIONAL BANCORP /IN/,,,,inf,-100.0,,,,inf,963.16,-2.48,1.14,165606.9,-5.56,-15.51,3.3,-5.25,42.66,2.7,-35.21
OLD NATIONAL BANCORP/IN/,,,inf,-100.0,,,,,,,,,,,,,,,,
OLD POINT TRUST & FINANCIAL SERVICES N A,,,,,,,,,,,,,,inf,-100.0,inf,22.44,-10.13,1.15,-26.38
OLD SECOND NATIONAL BANK OF AURORA,,,,,,,,,,inf,-25.0,107850.0,-100.0,,,inf,22.44,-10.13,-100.0,inf
OLIVER LAGORE VANVALIN INVESTMENT GROUP,,,,,,,,,inf,-21.74,-16.67,91226.67,14.47,12.95,-42.24,95.24,5936.67,-37.05,14.25,-100.0
OMC Financial Services LTD,,,,,,,,,,,,,,,,,inf,-6.25,0.0,-24.98
OMERS ADMINISTRATION Corp,,,,,,,,,,,,,,,,,,inf,19.56,-20.27
"ONCE CAPITAL MANAGEMENT, LLC",,,,,,,,,,,,inf,51.32,-5.59,-3.78,34.49,22.44,-100.0,,
"ONEFUND, LLC",,,,,,,,,,,,,,,,inf,21.06,-10.04,1.66,-24.08
ONTARIO TEACHERS PENSION PLAN BOARD,,13.83,56.74,-100.0,,,,,,,,,,,,,,,,
"OPINICUS CAPITAL, INC.",,,,,,,,,,,,,,,,inf,4.99,-0.49,7.37,-29.07
OPPENHEIMER & CO INC,,26.85,9.09,35.44,-18.41,2.07,17.98,41.8,52.37,-25.46,-12.97,89241.92,50.18,11.17,-7.86,47.1,12.04,-1.36,-5.16,-39.29
OPSEU Pension Plan Trust Fund,,-100.0,,,,inf,6.16,47.22,-26.93,129.81,-13.55,-100.0,,,,,,,,
OPTIMAS CAPITAL Ltd,,,,,,,,inf,43.32,-100.0,,inf,136.65,-24.57,-100.0,,,,inf,-100.0
OPTIMUM INVESTMENT ADVISORS,,120.0,54.55,65.88,-41.84,19.51,182.65,-9.75,26.4,-30.7,-17.81,66325.0,51.32,22.52,-9.74,65.47,25.17,15.31,6.3,-18.06
"OPTIONS SOLUTIONS, LLC",,,,,,,,,,,,,,inf,-100.0,,,,,
OREGON PUBLIC EMPLOYEES RETIREMENT FUND,,0.85,43.97,0.4,-13.36,-54.66,10.17,35.3,12.34,38.29,-21.5,46511.98,52.26,164.89,-25.23,21.32,-15.31,-9.74,0.97,-26.07
ORG Partners LLC,,,,,,,,,,,,,,inf,-23.36,34.81,-72.12,681.59,-17.04,-34.27
ORRSTOWN FINANCIAL SERVICES INC,,,,,,,,,,,,,,,,,,,inf,-11.71
"OSAIC HOLDINGS, INC.",,,,,,,,,,,,,,inf,-51.66,19.82,8.28,-100.0,inf,-81.35
"OSBORNE PARTNERS CAPITAL MANAGEMENT, LLC",,,,,,,,,,,,inf,51.45,18.08,-7.93,41.5,-15.56,24.09,2.93,-22.74
OSTERWEIS CAPITAL MANAGEMENT INC,,,,,,,,,,inf,2.93,103554.16,39.97,7.94,-46.04,40.36,3.2,33.65,-12.54,-99.94
OUTFITTER FINANCIAL LLC,,,,,,,,,,,,,,,,,inf,-11.35,-1.47,-18.94
OV Management LLC,,,,,,,,,,,,,,,,inf,22.44,-9.27,110.06,-61.0
OVERBROOK MANAGEMENT CORP,,,,,,,,,,,,,inf,77.88,-10.55,-100.0,,,,
OVERSEA-CHINESE BANKING Corp Ltd,,,,,,,,,,,,inf,28004.93,-100.0,inf,11.04,-51.32,-52.67,496.53,-76.91
OXFORD ASSET MANAGEMENT LLP,,,,,,,,,,,,,,,,,inf,-100.0,,inf
OXFORD FINANCIAL GROUP LTD,,,,,,,,,,,,,,inf,25.13,-100.0,,,,
"OXFORD FINANCIAL GROUP, LTD. LLC",,,,,,,,,,,,,,,,inf,34.3,-15.43,-19.18,-36.14
Oak Grove Capital LLC,,139.05,6.28,63.39,18.4,26.13,-27.56,16.38,104.67,-35.8,-12.07,49602.83,80.59,16.29,-7.72,61.34,24.94,-30.56,4.12,-40.71
Oak Harvest Investment Services,,,,,,inf,31.44,14.82,-14.91,-24.18,-18.54,104900.45,29.94,-71.85,-8.87,115.82,241.82,-21.53,-71.11,-83.11
Oak Thistle LLC,,,,,,,,,,inf,-100.0,inf,-100.0,inf,-100.0,,inf,14.31,-100.0,inf
"Oakwell Private Wealth Management, LLC",,,,,,,,inf,-100.0,,,,,inf,-6.96,47.26,36.0,-10.13,6.98,-24.53
"Oakworth Capital, Inc.",,,,,,,inf,50.0,977.78,-29.9,-17.65,102375.0,51.32,67.25,-16.6,42.39,22.44,-21.19,31.22,-26.38
Oasis Management Co Ltd.,,,,,,,,,inf,-100.0,,inf,-100.0,inf,-9.74,-54.96,-100.0,,,
"Objective Capital Management, LLC",,,,,,,,,,,,,,,,inf,18.02,-100.0,inf,-100.0
"Occidental Asset Management, LLC",,,,,,,,,inf,-43.33,-16.96,107175.42,43.9,16.22,-9.74,21.94,31.16,-16.55,-0.02,-28.85
"Ocean Capital Management, LLC",,,,,inf,19.54,-3.18,7.68,-22.4,-30.97,-6.84,101364.08,34.56,19.63,-25.15,34.16,21.86,-100.0,,
"Octavia Wealth Advisors, LLC",,,,inf,-100.0,,inf,22.8,-20.29,-35.11,-19.23,102894.6,54.76,22.82,-10.57,44.14,17.33,6.15,-5.64,-19.39
"Oder Investment Management, LLC",,,,inf,-100.0,,,,,,,,,,,,,,,
"Old North State Trust, LLC",,,,inf,-25.0,33.33,25.0,40.0,3185.71,-100.0,inf,0.75,202.99,-16.01,-9.97,-100.0,inf,-9.96,1.04,-100.0
Old Port Advisors,,,,,,,,,,,,,,,,,inf,8.55,3.19,-100.0
"Olistico Wealth, LLC",,,,,,,,,,,,,,,inf,87.88,48.21,-9.04,-23.1,-33.82
Olympiad Research LP,,,,,,,,,inf,-33.44,-7.73,-100.0,,,,,,,,
"OmniStar Financial Group, Inc.",,15.12,-38.28,26.19,-49.03,9.16,46.85,50.32,-33.05,-15.93,-100.0,,,,,,,,,
"Once Capital Management, LLC",,,,,,,,inf,-24.01,-11.41,-17.15,-100.0,,,,,,,,
"One Capital Management, LLC",,,,,,,,,inf,-100.0,,,,,,,,,,
One Day In July LLC,,,,,,,,,,,,,,,,,inf,-100.0,inf,-100.0
"One River Asset Management, LLC",,,,,,,,,,,,inf,361.66,-77.43,1274.24,33.14,-18.07,-96.47,-37.75,9109.24
"One Wealth Advisors, LLC",,,,,,,,,,,,inf,-100.0,,,inf,30.15,-16.84,23.2,-100.0
"One Wealth Management Investment & Advisory Services, LLC",,,,,,,,,,,,,,,,inf,-17.26,-16.04,0.46,201.75
"One01 Capital, LP",,,,,,inf,13.13,-100.0,,,,,,,,,,,,
"One68 Global Capital, LLC",,,,inf,-100.0,,,,,,,,,,,,,,,
OneAscent Financial Services LLC,,,,,,,,,,,,,inf,-100.0,inf,40.04,28.59,-15.63,-52.23,56.68
OneDigital Investment Advisors LLC,,,,,,,,,,,,,,inf,-0.79,77.89,7.75,-6.91,15.56,-28.13
Onex Canada Asset Management Inc.,,,,,,,,,,,,,,,,inf,13.29,-15.96,1.15,-26.92
Onyx Bridge Wealth Group LLC,,,,,,inf,38.23,32.72,-43.07,-100.0,,,inf,186.84,9.75,-41.29,75.89,-48.67,0.24,-28.04
"Opal Wealth Advisors, LLC",,,,,,,,,,,,,,,,,inf,-15.83,5.89,-100.0
Operose Advisors LLC,,,,,,,,,inf,-30.0,-17.65,45503.06,221.28,16.22,-8.69,43.37,297.97,-10.13,1.15,26.25
Opes Wealth Management LLC,,,inf,12.4,-14.59,30.0,0.32,39.62,-24.03,-30.12,-100.0,inf,27.23,16.22,-9.05,49.51,22.44,-11.59,0.04,-21.2
"Optas, LLC",,inf,55.7,12.07,-14.62,19.82,9.4,40.21,-19.61,-30.18,-16.59,101768.59,51.32,16.22,-68.78,43.37,22.44,21.18,1.15,-24.02
"Optimal Asset Management, Inc.",,-59.27,93.39,11.7,15.84,19.67,9.82,-100.0,,,,,,,,,,,,
"Optimus Prime Fund Management Co., Ltd.",,,,,,,inf,39.85,-100.0,inf,-100.0,,inf,-100.0,,,,,,
"Opus Capital Group, LLC",,,inf,11.63,-14.17,19.42,9.76,39.63,-25.99,-100.0,,,inf,16.4,-9.97,5.34,9.42,-15.56,1.96,-100.0
Oracle Alpha Inc.,,,,,,,,,,,,,,,,inf,-50.63,-100.0,,
"Oribel Capital Management, LP",,,,,,inf,-100.0,inf,-100.0,inf,-100.0,inf,-100.0,inf,-100.0,inf,-92.26,-100.0,,
"Orin Green Financial, LLC",,,,,,,,,,,,,,,,,inf,-10.13,1.15,-100.0
Orion Capital Management LLC,,,,inf,-14.13,18.99,-34.04,-6.45,663.79,-26.86,-13.27,104592.17,51.32,21.34,-1.84,55.6,21.74,-13.12,7.49,-7.22
"Orion Portfolio Solutions, LLC",,221.05,5.53,31.26,-6.36,9.0,50.72,13.08,5.78,-31.35,18.5,87302.37,568.74,92.9,-49.85,47.94,22.38,-6.8,5.64,-6.64
"Outlook Wealth Advisors, LLC",,,,,,,,inf,377.67,-60.47,-13.79,-100.0,,,inf,19.59,25.05,-13.62,3.98,-19.88
Ovata Capital Management Ltd,,,,,,,,,,,,,,,,,,,,
Overbrook Management Corp,,,,,,,,,,,,,,,,inf,-38.54,-13.07,1.38,-14.5
Oversea-Chinese Banking CORP Ltd,,,,,,,,,,,,inf,-100.0,,,,,,,
"Owen LaRue, LLC",,,,,,,,,,,,,,,,,inf,-100.0,,
"Oxbow Advisors, LLC",,,,inf,225.56,28.29,19.26,-21.21,-8.81,-31.41,-15.16,-100.0,,inf,-9.74,24.45,-3.17,-14.9,-100.0,
Oxbow Capital Management (HK) Ltd,,,,,,,,,,,,inf,13.35,-52.34,-100.0,,,,,
"Oxford Wealth Group, LLC",,,,,,,,,,,,,,,,,inf,24.25,-20.31,42.16
Oxinas Partners Wealth Management LLC,,,,inf,-67.58,55.77,22.47,39.11,-24.06,73.28,-100.0,,,,,,,,,
Oxler Private Wealth LLC,,,,,,,,,,inf,-100.0,,,,,,,,,
"PACES FERRY WEALTH ADVISORS, LLC",,,inf,-100.0,,,,,,,,,,,,,,,,
"PACIFIC CAPITAL WEALTH ADVISORS, INC",,,,,,,,,,,,,,,,inf,22.44,191.78,-100.0,
PACIFIC GLOBAL INVESTMENT MANAGEMENT CO,,,,,,,,inf,-100.0,,,,,,,inf,11.53,-14.14,1.15,-100.0
PACIFIC SUN FINANCIAL CORP,,,,,,,,,,,,,,,,,inf,-6.18,1.45,-14.79
PALISADE CAPITAL MANAGEMENT LLC/NJ,,14.93,45.13,4.31,-14.44,13.29,-37.76,-25.39,272.34,-29.91,-17.08,102127.68,-100.0,,,,,,,
"PALISADE CAPITAL MANAGEMENT, LP",,,,,,,,,,,,inf,50.4,11.96,-10.02,33.55,-8.21,-9.36,3.07,-25.11
PALLADIUM PARTNERS LLC,,,,,,,,,inf,-100.0,,,,,,,,,,
PANAGORA ASSET MANAGEMENT INC,,35.65,-5.14,-3.93,-64.59,24.29,114.61,23.57,73.31,-23.45,-80.5,100249.94,347.18,0.46,-52.61,110.48,59.97,-68.43,1.2,-27.78
PAPP L ROY & ASSOCIATES,,,,,,,,,inf,-100.0,,,,,,,,,,
PARADIGM ASSET MANAGEMENT CO LLC,,,,inf,-18.51,17.07,3.11,43.31,-24.02,-44.99,-17.95,-68.81,48.89,-74.72,-9.74,43.37,22.44,165.03,1.15,-0.19
PARAGON CAPITAL MANAGEMENT INC,,,,,,,,inf,248.28,-78.54,-4.56,123.13,-19.56,55.16,48.3,-100.0,inf,206.73,-100.0,
"PARAGON FINANCIAL PARTNERS, INC.",,,,,,,,inf,-24.01,-65.03,-17.13,102168.42,51.72,16.22,-9.74,42.99,22.44,-10.13,1.15,-26.38
PARK AVENUE SECURITIES LLC,,,inf,38.49,-5.71,125.79,-5.13,160096.56,-99.86,-22.14,69441.03,16.0,-99.79,55.16,6.49,68.89,37.08,-5.37,-4.75,-37.99
PARK NATIONAL CORP /OH/,,,,,,,,,inf,-100.0,inf,104263.23,48.47,16.06,-9.74,-10.65,-44.12,-16.97,-3.17,48.31
"PARNASSUS INVESTMENTS, LLC",,,,,,,,,,,,inf,75.35,-12.73,-2.18,67.32,57.7,5.66,11.64,4.91
PARSONS CAPITAL MANAGEMENT INC/RI,,,,,,,,,,inf,-18.32,76769.77,47.4,9.26,-10.97,48.47,26.63,-3.29,1.47,-41.73
"PARTNERS CAPITAL INVESTMENT GROUP, LLP",,,,,,,,,,,,,,inf,1767.41,-0.28,-100.0,inf,-100.0,
"PATHSTONE FAMILY OFFICE, LLC",,-99.85,-70.37,2025.0,111.18,210.86,6.81,128.52,-19.57,84371.84,1.95,278.86,-51.02,129.44,-1.46,-100.0,,,,
PATTEN & PATTEN INC/TN,,,,,,,,,inf,-30.2,-19.05,2.41,147868.73,16.04,-11.78,23.61,19.51,-13.42,0.29,-27.11
"PATTON ALBERTSON MILLER GROUP, LLC",,,inf,-100.0,,,,,,,,,,,,,,,,
"PATTON FUND MANAGEMENT, INC.",,,,,,,,inf,-100.0,,,,,inf,-100.0,,inf,-100.0,,
"PAX Financial Group, LLC",,,,,,,,,,,,,,,,,inf,-100.0,,
PBMares Wealth Management LLC,,,,,,,,,,,,,,,,,inf,-26.51,0.67,-100.0
"PDS Planning, Inc",,,,,,,,inf,12.85,-24.2,-100.0,,inf,37.31,-8.95,55.84,30.47,3.84,6.19,-28.15
"PDT Partners, LLC",,inf,-100.0,,,,inf,35.63,-100.0,,,,,,,,,,,
PEAPACK GLADSTONE FINANCIAL CORP,,,,,,inf,-1.6,68.92,2.72,-28.04,-17.32,-100.0,inf,29.34,4.33,21.46,38.04,-13.4,-4.63,-25.0
"PEDDOCK CAPITAL ADVISORS, LLC",,,,inf,-100.0,,,,,,,,,,,,,,,
PENNSYLVANIA CAPITAL MANAGEMENT INC /ADV,,inf,-100.0,,,,,,,,,,,,,,,,,
PERKINS CAPITAL MANAGEMENT INC,,-100.0,inf,11.83,-14.45,19.76,9.57,39.77,135.44,-30.07,-18.73,2.27,49.82,6.18,-9.75,42.57,19.52,-10.14,95907.87,-28.45
PERRITT CAPITAL MANAGEMENT INC,,,,,,,,,,,,,,,,inf,22.42,-100.0,,
PERSONAL CAPITAL ADVISORS CORP,,22.62,43.3,29.92,23.89,29.07,0.28,41.7,-34.19,-30.62,-23.86,107148.85,-100.0,,,,,,,
PETERSON WEALTH MANAGEMENT,,,,,,inf,17.34,46.74,21.66,-100.0,,,,inf,-18.96,42.59,53.65,88.3,-5.61,-100.0
PETREDIS INVESTMENT ADVISORS LLC,,,,,,,,,,,,inf,56.84,93.68,-10.4,40.04,-37.08,-10.67,0.52,-28.2
"PFC CAPITAL GROUP, INC.",,,,,,,,,,,,,,,,inf,22.61,-11.79,7.23,-25.15
PFG Advisors,,,,,,inf,8.61,50.66,96.49,-33.78,-21.12,103070.66,45.61,24.06,-13.56,51.73,38.01,-6.14,33.23,-26.89
"PFG Investments, LLC",,,,,,,,,,,,,inf,76.03,45.73,10.49,190.1,17.54,-0.87,-19.47
"PFG Private Wealth Management, LLC",,,,,,,,inf,-100.0,,,,,,,,,inf,1.15,-26.38
PFS INVESTMENTS INC.,,,,,,inf,129.0,14.26,153.18,10.06,-20.41,-81.68,-16.46,16.51,-100.0,,,,,
"PFS Partners, LLC",,,,,,,,,,,,inf,51.31,16.23,-9.73,43.37,22.44,-10.13,-81.92,62.17
PFW Advisors LLC,,,,,,,,,,,,,,inf,-4.42,45.15,22.25,-13.73,-100.0,inf
PGGM Investments,,,,inf,77.43,-92.3,2539.09,70.76,0.0,-100.0,,,,,,,,,,
PGIM Custom Harvest LLC,,,,,,,,,,,,,,,,,,inf,15.23,-100.0
PHILADELPHIA TRUST CO,,,,inf,-18.08,-100.0,,,,,,,,,,,,,inf,-26.43
"PHYSICIANS FINANCIAL SERVICES, INC.",,,,,,,,,,,,,inf,16.22,-9.65,43.32,24.64,-9.69,1.73,-28.52
PICTET ASSET MANAGEMENT Holding SA,,,,,,,,,,,,,,,,,inf,-100.0,,
PICTET ASSET MANAGEMENT SA,,,,,,,,,,,,,,inf,-100.0,,,,,
PICTON MAHONEY ASSET MANAGEMENT,,-45.48,120.27,11.78,28.49,-73.94,13.65,197.49,-39.72,101.4,-70.22,16.58,71.17,-16.06,57.63,-22.33,-3.64,-100.0,,
PILLAR PACIFIC CAPITAL MANAGEMENT LLC,,,,inf,38.61,-100.0,,,,,,,,,,,,,,
PIN OAK INVESTMENT ADVISORS INC,,16.67,214.29,6.06,-55.71,-3.23,60.0,41.67,-48.53,-31.43,-16.67,5.0,47.62,29.03,-10.0,44.44,98.08,-21.36,16.05,0.0
"PINEBRIDGE INVESTMENTS, L.P.",,inf,57.1,15.24,5.9,10.38,1.56,84.63,1.53,-44.88,-16.72,81313.05,24.52,22.74,-25.63,18.53,172.99,-16.07,14.01,-7.35
"PING CAPITAL MANAGEMENT, INC.",,,,,,,,,,,,,,,,,,inf,-24.14,-11.66
PINNACLE ASSOCIATES LTD,,12.57,73.4,198.9,-12.05,-3.07,9.68,72.7,118.17,-20.73,-21.39,219913.36,-30.45,18.84,-18.64,44.44,23.16,-6.65,-13.02,3.13
PINNBROOK CAPITAL MANAGEMENT LP,,,,,,,,,,inf,-100.0,,inf,-100.0,,inf,3269.57,-100.0,inf,-100.0
"PINNEY & SCOFIELD, INC.",,,,,,,,,,,,,,,,,,,,inf
PITTENGER & ANDERSON INC,,,,,,inf,205.31,56.52,-6.85,-68.39,-41.51,41687.1,-100.0,inf,-72.23,-61.77,53.05,9669.09,343.83,-99.43
"PKS Advisory Services, LLC",,,,,,,,,,,,,,,,,,,,inf
PLATINUM INVESTMENT MANAGEMENT LTD,,,,,,,,,,,,,,,,inf,47.4,-24.55,-100.0,
"PMV Capital Advisers, LLC",,,,,,,,,,,,,,,,,,,,inf
"POM Investment Strategies, LLC",,,,,,,,,,,,,,,,inf,-96.99,682.37,-56.94,-26.38
POSTROCK PARTNERS LLC,,,,,,,,,,,,,,,,,,,,inf
PRAKASH INVESTMENT ADVISORS LLC,,,,,,,,,,,,,,,,,,,,inf
"PRELUDE CAPITAL MANAGEMENT, LLC",,,,,,inf,-100.0,,,,,,,,,,,,,
PREMIER ASSET MANAGEMENT LLC,,44.82,72.95,20.96,-7.78,44.55,14.89,2.96,-68.31,-68.58,-48.91,57221.42,-100.0,,,,,,,
PRENTISS SMITH & CO INC,,,,,,,,,inf,-29.84,-100.0,,inf,-100.0,,,,,,
"PREVAIL INNOVATIVE WEALTH ADVISORS, LLC",,,,,,,,,,,,,,,,,,,,inf
PRICE T ROWE ASSOCIATES INC /MD/,,14.81,89.95,10.7,-33.07,18.86,11.88,28.92,0.63,-29.65,-28.36,7.11,60.26,-13.61,-45.73,218.2,-49.94,-23.11,86.83,-65.34
"PRIMORIS WEALTH ADVISORS, LLC",,,,,,,,inf,74.95,-62.14,-72.62,67677.36,21.3,13.01,-64.01,33.2,27.11,-11.64,-10.88,1188.92
PRINCETON CAPITAL MANAGEMENT LLC,,,,,,,,,,,,,,,inf,43.73,21.44,-7.31,10.06,-29.82
"PRINCIPAL SECURITIES, INC.",,,,,,,,,,,,,,,,inf,-41.43,4.67,-41.31,-35.85
PRIO WEALTH LIMITED PARTNERSHIP,,,inf,321.89,-11.38,18.78,10.19,38.64,-22.52,69821.82,-15.58,-1.51,52.35,21.65,-9.24,43.86,31.33,-17.12,0.71,-100.0
PRIVATE ASSET MANAGEMENT INC,,inf,31.76,39.29,-29.49,-100.0,,,,,,,,,,,,,,
PRIVATE CAPITAL MANAGEMENT LLC,,,,,,,,,inf,0.0,-100.0,,,,,inf,37.07,12.3,-7.25,-100.0
"PROEQUITIES, INC.",,-28.23,52.81,-21.32,-17.76,-100.0,,,,,,,,,,,,,,
PROFESSIONAL ADVISORY SERVICES INC,,,,,,,,,,,,,,,,,,,,inf
PROFESSIONAL PLANNING,,inf,-100.0,inf,-27.11,55.0,14.58,-100.0,,,,,,,,,,,,
PROFUND ADVISORS LLC,,-17.8,62.36,21.57,-8.48,17.83,19.42,44.01,-22.85,-43.43,-22.92,98812.35,68.64,32.63,7.91,66.62,30.19,-4.53,-8.87,-25.45
"PROSPERA PRIVATE WEALTH, LLC",,,,,,,,,,,,,,,,,,,inf,-100.0
PROVENCE WEALTH MANAGEMENT GROUP,,,,,,,,,,,,,inf,21.82,-5.83,48.48,-100.0,,,
"PSI Advisors, LLC",,inf,-100.0,inf,277.51,119.65,-23.54,-52.75,57.19,-21.44,-16.3,107345.9,54.1,-20.49,0.02,14.57,-8.89,18.31,20.62,-21.46
PUBLIC EMPLOYEES RETIREMENT ASSOCIATION OF COLORADO,,,,,inf,19.55,9.44,36.63,-3.27,-30.37,-13.87,1.57,44.69,14.06,72.21,-30.22,17.43,-12.62,1.17,-28.57
PUBLIC EMPLOYEES RETIREMENT SYSTEM OF OHIO,,66.78,58.06,35.68,-16.16,19.75,8.98,36.01,-0.78,-30.99,-16.67,102651.01,46.54,8.07,-16.38,43.93,14.66,-14.25,-100.0,inf
PUBLIC INVESTMENT FUND,,,,,,,,,,inf,-72.38,102125.21,51.32,16.22,-9.74,43.37,-71.95,92.58,51.85,-26.38
PUBLIC SECTOR PENSION INVESTMENT BOARD,,,,,,,,,,,,inf,-100.0,,,,,,,
PURSUE WEALTH PARTNERS LLC,,,,,,,,,,,,,,inf,251.37,-100.0,inf,207.64,-10.81,-27.07
PUTNAM FL INVESTMENT MANAGEMENT CO,,,inf,-100.0,,,,,,,,,,,,,,,,
PUZO MICHAEL J,,,,,,,,,inf,-30.55,-16.73,104127.79,57.98,11.62,-11.89,40.73,15.68,-12.98,0.91,-31.02
PVG ASSET MANAGEMENT CORP,,,,,,,,,,,,,,,,,,inf,-24.69,-100.0
"Pacer Advisors, Inc.",,82.1,33.65,-18.61,-20.78,10.23,8.96,110.31,-24.69,-75.54,220.66,27800.77,907.32,-18.92,-13.62,22.63,29.85,-6.3,-5.9,-21.1
"Pacific Capital Wealth Advisors, Inc.",,,,,,,,,,,,,,,,,,,inf,-30.87
Pacific Center for Financial Services,,,,,,,inf,38.1,-24.14,-31.82,-13.33,-100.0,inf,16.22,-9.74,43.25,34.17,-10.13,1.15,-13.28
"Pacific Edge Advisors, LLC",,,,,,inf,9.83,-100.0,,,,,,,,,,,,
"Pacific Point Advisors, LLC",,,,,,,,,,,,,,,,,,,,inf
Pacitti Group Inc.,,48.02,45.15,86.87,-8.01,25.87,16.61,-100.0,,,,,,,,,,,,
Page Arthur B,,,,,,,,,inf,-33.98,-20.41,101434.85,51.95,0.56,-13.2,33.83,7.33,-100.0,,
"Palacios Wealth Management, LLC",,,,,,,,,,,,,,,,,,,,inf
"Paladin Wealth, LLC",,,,,,,,,,,,,,,,,,,inf,-25.29
Palestra Capital Management LLC,,,,inf,-100.0,,,,,,,,,,,,inf,-100.0,,
"Palisade Asset Management, LLC",,,,,,,,,,,,,,,,,inf,-100.0,,
Pallas Capital Advisors LLC,,,,,,inf,7.67,-18.53,33.24,-30.85,-32.91,118225.94,-1.0,21.49,-21.1,54.69,49.79,6.02,0.66,-31.69
Palliser Capital (UK) Ltd,,,,,,,,,inf,-100.0,,,,,,,,,,
"Palouse Capital Management, Inc.",,,,,,,,,inf,-32.72,-17.03,1359774.52,-89.19,-27.87,-8.72,21.22,-100.0,,,
"Pantheon Investment Group, LLC",,inf,-23.92,-31.58,27.33,49.76,3.18,28.4,-100.0,,,,,,,,,,,
"Paradigm Financial Advisors, LLC",,inf,47.18,5.87,-13.86,22.77,190.93,41.44,-100.0,,,,,,,,,,,
"Paradigm Financial Partners, LLC",,,,,,,,,,,,,,,,,inf,39.29,-100.0,
"Paradigm, Strategies in Wealth Management, LLC",,,,,inf,0.0,-100.0,,,,,,,,,,,,,
Paragon Capital Management Ltd,,,,,,,,,inf,-100.0,,,inf,-100.0,,,,,,
"Paragon Wealth Strategies, LLC",,,,,,inf,-100.0,inf,4.46,-100.0,,inf,-100.0,,,,,,,
"Parallax Volatility Advisers, L.P.",,-32.91,282.85,-33.38,-49.25,87.35,57.56,15.97,-64.08,29.29,9.04,91217.43,-26.97,-0.39,-47.66,54.82,6.29,-32.11,-14.84,21.35
"Parallel Advisors, LLC",,25.44,57.55,-8.53,2.13,56.73,133.54,-17.12,6.29,-40.31,-19.48,90567.63,215.83,21.11,4.97,-19.51,34.91,-4.96,10.31,-27.2
Parametric Portfolio Associates LLC,,21.27,62.05,20.37,-11.28,142.92,-40.67,48.1,5.74,-100.0,,,,,,,,,,
Parametrica Management Ltd,,inf,-100.0,inf,-100.0,,,,inf,-37.13,-45.16,144039.64,6.08,-100.0,,,,,,
Parcion Private Wealth LLC,,,,,,,,,,,,,,,,,inf,5.4,7.12,-100.0
Parisi Gray Wealth Management,,,,,,inf,-100.0,,,,,,,,,,inf,1.42,16.53,-100.0
Park Place Capital Corp,,,,,,,,,,,,inf,143648.61,9.18,-4.0,-69.7,-21.48,-11.38,1.15,-26.38
"Park Square Financial Group, LLC",,,,,,,,,,,,,,,,,,,,inf
"Parker Investment Management, LLC",,-41.3,-100.0,,,inf,9.36,40.09,-24.12,-100.0,,,,,,,,,,
Parkside Financial Bank & Trust,,16.22,120.93,-9.47,-5.81,-1.23,8.75,180.46,-5.33,-16.45,-30.57,102517.16,74.34,53.57,13.11,83.37,14.92,-3.81,6.34,-34.69
"Parkside Investments, LLC",,-4.73,20.99,8.96,-3.77,41.46,-8.04,25.51,-25.51,-27.25,-13.65,122955.56,26.88,-0.32,-13.58,35.16,-63.87,-0.06,120.24,-18.11
Parkwood LLC,,,,inf,-4.03,20.97,22.86,13.6,-20.39,-43.97,-29.89,24.12,26.5,27.54,-35.77,45.85,213.22,-22.34,-20.2,-100.0
"Parkworth Wealth Management, Inc.",,,,,,,,,,,,,,,,,,,,inf
Partnervest Advisory Services LLC,,,inf,-100.0,,,,,,,,,,,,,,,,
"Pasadena Private Wealth, LLC",,inf,56.2,9.26,-16.22,13.01,8.44,40.57,-26.85,-30.05,-19.34,115748.78,70.33,15.6,-9.61,41.8,22.26,-15.13,2.76,91.97
"Pathstone Holdings, LLC",,,,,,,,,,,,,,,,inf,23.51,-15.05,-0.91,-29.2
"Pathway Financial Advisers, LLC",,,,,,,,,,,,inf,51.32,-100.0,inf,43.37,159.22,-28.15,102.29,-71.37
Pathway Financial Advisors LLC,,,,,,,,,,,,,,,,inf,-36.46,-5.05,-7.76,-100.0
"Patriot Financial Group Insurance Agency, LLC",,135.67,-46.08,5.01,-14.8,7.0,35.86,59.15,-13.68,-24.96,-2.99,97504.24,50.8,9.44,-8.16,46.65,24.93,33.48,20.69,-45.93
Patriot Investment Management Inc.,,inf,-100.0,,,,,,,,,,,,,,,,,
"Patten Group, Inc.",,,,,,,,,,,,,,,,,,inf,555.94,-16.88
"Patton Fund Management, Inc.",,-7.69,10.53,-11.26,-41.06,-100.0,,,,,,,,,,,,,,
Paul John Balson,,,inf,11.6,-100.0,,,,,,,,,,,,,,,
Paulson Wealth Management Inc.,,,,,,,,,,,,,,,,inf,18.19,-8.11,-0.94,-100.0
"Peachtree Investment Partners, LLC",,,,,,,,inf,-100.0,,,,,,,,inf,-62.6,20.91,-100.0
"Peak Financial Management, Inc.",,,,,,,,inf,-2.52,-100.0,,,inf,-4.1,-100.0,inf,96.03,-45.94,1.42,-100.0
"Pearl River Capital, LLC",,6655.56,-23.07,-60.82,324.01,-100.0,,inf,28.39,5.23,100.59,-100.0,inf,-100.0,,,,,,
Pegasus Partners Ltd.,,,,,,,,,,,,,,,,inf,26.04,-100.0,,
"Pekin Hardy Strauss, Inc.",,,,,,,,inf,-100.0,inf,-100.0,inf,56.49,-100.0,inf,44.37,24.13,4.58,213.53,-40.49
"Peninsula Wealth, LLC",,,,,,,,,,,,,,,,inf,19.3,-0.26,-11.17,-100.0
"Penobscot Investment Management Company, Inc.",,,,,,,,,inf,-100.0,,,inf,242.51,-9.74,44.41,48.86,-10.06,-10.81,-3.27
Pensionfund DSM Netherlands,,,,,,,inf,39.81,-100.0,,,,,,,,,,,
"Pensionmark Financial Group, LLC",,,,,,,,,,,,,inf,7.18,-16.93,114.0,-50.41,773.32,-100.0,
Pentwater Capital Management LP,,,,inf,38.0,136.28,115.18,226.84,-98.76,-88.03,672.29,39093.09,137.03,26.6,-5.3,-100.0,inf,-3.47,-5.82,-100.0
Peoples Bank/KS,,,,,,,,,,,,,,,inf,43.37,22.44,-10.13,1.15,-26.38
"Per Stirling Capital Management, LLC.",,,,,,,,,,,,inf,-100.0,,inf,71.36,34.05,-8.06,-4.32,-26.38
"Peregrine Asset Advisers, Inc.",,-68.15,-100.0,,,,inf,66.37,-48.62,-24.64,-15.93,96949.02,40.43,0.87,-7.29,551.29,-86.92,-7.93,1.15,-100.0
"Perennial Investment Advisors, LLC",,24.62,61.46,228.4,-54.55,49.8,6.69,54.53,-3.2,-35.39,-70.71,102417.0,171.73,34.48,-4.53,42.7,-9.27,-38.36,74.69,-53.61
"Perfromance Wealth Partners, LLC",,,,,,,,,inf,-30.02,-17.67,99486.97,51.32,16.58,326.34,24.24,22.86,-10.0,1.81,-26.91
"Perigon Wealth Management, LLC",,2.62,86.81,-11.39,25.96,73.88,5.52,65.63,65.14,-20.78,-21.66,220087.42,-31.25,192.67,-49.34,45.97,29.19,-6.6,27.56,-32.17
Periscope Capital Inc.,,,,,,,,inf,-17.54,-100.0,,,,,,inf,-100.0,,,
Perkins Coie Trust Co,,,,,,,,,,,,,,,inf,35.57,22.44,-36.06,1.15,-26.38
Perpetual Ltd,,-23.35,-49.73,-100.0,,,,,,,,,,,,,,,,
Perritt Capital Management Inc,,,,,,,,,,,,,,,,,,inf,-100.0,
Personal Wealth Partners,,,,,,inf,-100.0,,,,,,,,,,,,,
"Peterson Financial Group, Inc.",,,,,,,,inf,-20.34,-23.62,1.92,-34.18,-100.0,,,,inf,-100.0,inf,-100.0
Peterson Wealth Services,,,,,,,,,,,,,,,,inf,22.57,-9.39,10.62,-18.48
Petix & Botte Co,,,,,,,inf,-100.0,inf,-100.0,,,,inf,-9.74,43.37,-38.78,79.74,1.15,-26.38
"Petros Family Wealth, LLC",,,,,,,,,,,,,,,,,,,,inf
"Petrus Trust Company, LTA",,inf,-100.0,,,,,,,,,,,,,,,,,
"Pflug Koory, LLC",,inf,54.55,12.75,-14.78,19.39,10.26,39.53,91.67,-16.81,-10.8,5.08,147643.87,16.22,-37.56,43.37,22.44,-100.0,inf,-16.99
Phillips Wealth Planners LLC,,,,,,,,,,,,,,,,,,inf,-100.0,
Phoenix Financial Ltd.,,,,,,,,,,,,,,,,,,,inf,-26.16
Phoenix Holdings Ltd.,,,,,,,,,,,,,inf,-100.0,inf,-66.89,-92.55,-76.8,-100.0,
Phoenix Wealth Advisors,,,,,,inf,0.0,-100.0,,,,,,,,,,,,
"Physician Wealth Advisors, Inc.",,,,,,,,,,,,,inf,28.77,-7.81,116.13,0.58,11.71,-7.03,-40.05
Physician Wealth Solutions Inc.,,,,,,,,,,,,,,,,inf,22.44,-10.13,-9.92,-18.71
Pictet & Cie (Europe) SA,,,,,,inf,516.3,-36.78,107.22,-26.8,83443.95,21.01,23.6,-100.0,,,,,,
Pictet Asset Management Holding SA,,,,,,,,,,,,,,,inf,45.56,-100.0,inf,9.22,-23.82
Pictet North America Advisors SA,,,,,,,,,inf,42.7,79292.36,-12.19,48.17,18.66,-13.03,41.27,41.92,-14.68,20.16,-25.48
Pilgrim Partners Asia Pte Ltd,,,,,,,,,,,,,,,,,,,,inf
"Pine Haven Investment Counsel, Inc",,,,,,,,,,,,,,,,,inf,-2.15,27.68,-16.94
Pine Valley Investments Ltd Liability Co,,,,,,,,,,,,,inf,58.62,64.67,132.75,-70.25,3.93,13.31,-35.55
"PineBridge Investments, L.P.",,-100.0,,,,,,,,,,,,,,,,,,
Pineridge Advisors LLC,,,,,,,,,,,,,,,,inf,-94.35,-10.13,73.4,386.93
"Pines Wealth Management, LLC",,,,,,,,,,,,,,,,,,,,inf
Pingora Partners LLC,,,,,,,,,,,,,,,,inf,22.44,21.15,14.83,-25.72
"Pinkerton Retirement Specialists, LLC",,inf,191.67,-100.0,,,,,,,,,,,,,inf,-100.0,,
"Pinnacle Bancorp, Inc.",,,,,,,,,,,,inf,156715.38,179.94,-9.74,80.85,13.53,-10.13,28.6,-42.1
"Pinnacle Family Advisors, LLC",,495.26,22.95,-86.34,0.86,-100.0,,inf,-100.0,,,,,,,,,,,
"Pinnacle Private Wealth, LLC",,,,,,,,inf,29.37,-26.79,-100.0,,,,,,,,,
"Pinnacle Wealth Management Advisory Group, LLC",,,,,,,,,inf,-21.88,-67.12,183380.39,56.42,-0.97,-12.77,39.96,22.64,0.95,0.67,-27.55
"Pinnacle Wealth Management Group, Inc.",,,,,,,,,,,,,,,,,inf,-10.13,1.15,-100.0
"Pinnacle Wealth Management, LLC",,,,,,,,,inf,-26.74,-13.93,139376.34,-100.0,inf,13.44,40.07,-9.88,-7.05,-7.59,-26.81
"Pinnacle Wealth Planning Services, Inc.",,,inf,23.28,-28.72,86.19,-5.61,47.77,15.66,-6.09,-34.26,110738.83,57.48,18.4,-17.21,62.52,11.51,-4.98,4.54,33.14
Pinpoint Asset Management Ltd,,144.03,-28.62,-100.0,,,,,inf,-46.11,-17.14,-100.0,inf,-35.64,-100.0,,inf,-100.0,,
"Pinz Capital Management, LP",,,,,,,inf,-100.0,,,,,,,,,,,,
Piscataqua Savings Bank,,,,,,,,inf,-21.43,-27.27,-25.0,-100.0,,,,,,,,
"Plancorp, LLC",,,,,,,,,,,,,,,inf,50.49,25.7,-8.06,2.19,-24.74
"Planned Solutions, Inc.",,,,,,,,,,,,,,,,inf,-100.0,,inf,-100.0
Planning Capital Management Corp,,,,,,,,,,,,,,,,inf,-37.62,13.17,1176.12,-100.0
"Plante Moran Financial Advisors, LLC",,,,inf,1733.33,27.58,-88.36,140.82,-38.98,-25.0,-42.59,69267.74,-8.84,34.24,-21.85,241.21,39.16,-12.62,-21.54,-32.88
Platform Technology Partners,,,,,,,,,,,,,,,,inf,-100.0,,,
Plato Investment Management Ltd,,,,,,,,,,,,,,,,,inf,-61.03,1.05,-96.37
"Plotkin Financial Advisors, LLC",,,,,,,,,,,,,,,,,inf,-100.0,,
"Pluribus Labs, LLC",,,,,,,,inf,-100.0,,,,,,,,,,,
"Poehling Capital Management, INC.",,,,,,,,,,,,,,,,,,,inf,11.99
PointState Capital LP,,,inf,223.44,-100.0,,,,,,,,,,,,,,,
Pointe Capital Management LLC,,,,,,,,,,,,,inf,-100.0,,,,,,
Polar Asset Management Partners Inc.,,inf,145.91,6.65,4175.37,195.21,-79.11,-55.87,-100.0,inf,175.75,92758.76,-23.68,-15.98,9.51,74.64,-51.33,-7.93,-100.0,
Polar Capital Holdings Plc,,,,inf,-53.87,-100.0,,,,,,,,,,,,,,
Polar Capital LLP,,19.76,20.85,-100.0,,,,,,,,,,,,,,,,
"Polaris Greystone Financial Group, LLC",,inf,-100.0,,,,,,,,,,,,,,,,,
"Polaris Wealth Advisory Group, LLC",,,inf,32.66,32.63,-100.0,inf,47.4,-15.32,237.27,-90.03,355397.75,-100.0,inf,-4.1,-100.0,,,,
Polianta Ltd,,,,,,,,,,,,,,inf,-100.0,,,,,
Polymer Capital Management (HK) LTD,,,,,,,,,,,,,,,,inf,-90.55,-66.37,1510.35,5.99
"Portfolio Design Labs, LLC",,,,,,,,,,,,,,,,inf,434.42,5.23,-88.15,25.52
Portman Square Capital LLP,,,,,,,,,,,,inf,351.33,60.69,4.65,53.09,33.69,-85.9,1.15,-45.73
"Portside Wealth Group, LLC",,,,,,,,,,,,,,inf,-100.0,,,,inf,48.38
"Powell Investment Advisors, LLC",,,,,,,,,,,,,,inf,-100.0,inf,-100.0,,,
"Prairie Wealth Advisors, Inc.",,,,,,,,,,,,,,,,,inf,-16.54,0.24,-26.63
"PrairieView Partners, LLC",,-42.65,15.38,11.11,-14.0,20.93,119.23,-30.7,-24.05,-61.67,-17.39,0.0,52.63,17.24,-11.76,46.67,25.0,-12.73,2.08,-26.53
"Prasad Wealth Partners, LLC",,,,,,,,,,,,,,,,,,,,inf
"Precision Wealth Strategies, LLC",,,,,,,,inf,174.11,-8.02,-15.05,52970.7,-100.0,,inf,198.12,-28.74,-1.82,-100.0,
"Premier Path Wealth Partners, LLC",,,,,,,,,,,,,,,,inf,30.0,-6.77,-9.06,-37.68
Prentice Wealth Management LLC,,,,,,inf,10.4,-100.0,,,,,,inf,-8.7,46.5,24.4,-7.34,0.55,-21.06
"Presidio Capital Management, LLC",,,,,,,,,,,,,,,,,,,inf,-100.0
Prestige Wealth Management Group LLC,,7.41,51.72,-59.09,-11.11,18.75,1936.84,43.93,-19.03,-27.05,-18.84,65252.06,-71.58,-0.31,-9.74,43.37,-38.78,-10.13,23.06,-26.38
"Price Wealth, LLC",,133.33,2071.43,-100.0,,,,,,,,,,,,,,,,
"Prime Capital Investment Advisors, LLC",,-10.82,-31.18,131.68,2.04,33.35,-25.03,28.13,-0.51,-37.85,-16.13,164222.93,26.07,29.86,18.21,44.01,28.72,-14.21,13.5,-28.98
Princeton Global Asset Management LLC,,25.45,-29.71,-82.47,-17.65,85.71,123.08,18.97,-55.07,-32.26,-14.29,-66.67,163250.0,16.22,-9.74,43.37,114.27,-48.64,263.14,-76.01
"Principal Street Partners, LLC",,,,,,,,inf,15.44,-28.78,-100.0,,,,inf,30.5,26.33,-41.62,92.24,-64.0
Principle Wealth Partners LLC,,,,,,,,,,,,inf,48.93,20.6,-9.92,43.41,139.26,-20.57,17.9,-68.13
"Private Advisor Group, LLC",,103.55,19.22,-48.87,-2.02,26.25,68.58,44.11,83.34,-68.42,-32.17,14169.31,962.23,9.92,0.45,36.93,40.66,2.39,5.03,-27.11
Private Advisory Group LLC,,12.89,26.53,-5.33,-2.03,33.55,8.08,58.56,5.24,-13.11,-46.44,111291.38,97.47,88.47,-56.66,39.01,28.4,-41.64,27.31,-25.02
"Private Capital Advisors, Inc.",,,,,,,,inf,-100.0,,,,,,inf,-25.91,-35.92,-4.51,1.91,62731.33
"Private Capital Group, LLC",,14.89,61.11,113.79,-40.32,20.72,27.61,74.27,9.73,-32.42,-100.0,,,,,,,,,
"Private Ocean, LLC",,25.0,80.0,1033.33,-14.71,19.54,0.0,-95.19,-40.0,-33.33,-50.0,-100.0,inf,431.28,-4.66,43.37,22.44,18.32,-100.0,
Private Portfolio Partners LLC,,inf,-100.0,,,,,inf,228.64,-29.34,-16.95,-0.91,31.85,17.77,-6.61,57.67,24.56,-100.0,inf,-26.09
"Private Wealth Advisors, Inc.",,,,inf,-100.0,,,,,,,,,,,,,,,
"Private Wealth Advisors, LLC",,,,,,,inf,-9.34,-28.44,-6.58,-35.31,89428.27,47.94,-100.0,,,,,,
"Private Wealth Management Group, LLC",,,,,,,,,,,,,,,,inf,-0.22,-10.13,3.8,24.37
"Private Wealth Partners, LLC",,,,,,,,,inf,-32.73,-16.83,89030.42,55.9,16.63,-7.16,45.84,16.68,-10.02,6.83,-30.7
Privium Fund Management (UK) Ltd,,,,,,,,,,,,,,,,,,inf,-100.0,
Privium Fund Management B.V.,,,,,,,,,,,inf,-100.0,,,,,inf,342.75,20.55,-100.0
ProShare Advisors LLC,,38.49,79.29,35.6,3.63,15.62,19.24,114.9,-4.27,-53.3,-32.24,92336.62,234.15,-43.73,3.91,23.8,49.64,-16.25,7.05,-13.43
"ProVise Management Group, LLC",,inf,-100.0,,,,,,,,,,,,,,,inf,-40.21,-100.0
Proactive Wealth Strategies LLC,,,,,,,,,,,,,,,,,,,inf,-30.35
"Probity Advisors, Inc.",,,,,,inf,49.16,40.81,-16.56,-20.04,-6.92,112583.08,-100.0,inf,-9.27,40.34,15.57,-8.86,3.08,-100.0
"Procyon Advisors, LLC",,,,,,,,,,,,,inf,43.8,-8.27,91.91,14.86,-9.93,1.07,-13.56
"Procyon Private Wealth Partners, LLC",,20.0,-100.0,,,,,,,,,,,,,,,,,
Proem Advisors LLC,,,,,,,,,,,,,,,,,,,,inf
"Professional Financial Advisors, LLC",,,,,,,,,,,,,,,,,,,,
Proficio Capital Partners LLC,,,inf,26.1,-21.97,186.53,-41.31,47.82,-25.29,-30.33,-35.96,134744.33,238.59,-43.31,-9.77,46.04,25.8,-8.08,-26.93,101.52
"Promus Capital, LLC",,,,,,,,,,,,,,,,,,,,inf
Prospect Financial Services LLC,,,,,,,,,,,,,,,,,,,inf,-100.0
Prospera Financial Services Inc,,-59.38,-98.41,9361.36,-13.07,219.76,-49.31,96.74,-51.44,-46.98,175.46,95929.15,32.1,-18.77,-7.88,2.17,60.69,-26.04,52.39,-26.46
"Prosperity Consulting Group, LLC",,,,,,,,,,,,,,,,inf,219.22,-57.43,274.37,-22.4
"Prosperity Financial Group, Inc.",,,,,,,,,,,,,,inf,-4.56,62.2,30.21,-3.94,58.35,16.59
"Prosperity Wealth Management, Inc.",,,,,,,,,,,,,,inf,208.46,-46.44,-32.81,258.39,12.89,-29.57
Prostatis Group LLC,,-95.08,2816.96,-94.02,-13.07,6.27,-100.0,,,,,,,,,,,,,
"Providence Capital Advisors, LLC",,,,,,inf,-20.17,-43.61,-26.52,-30.13,619.38,102078.28,221.24,-44.27,-31.04,40.81,-35.58,-9.91,1.86,-25.96
Providence First Trust Co,,,,,,,,,,,,,,,,,inf,-10.13,12.54,-33.83
"Prudent Man Investment Management, Inc.",,,,,,,,,,,,,,,,,,,,inf
Public Sector Pension Investment Board,,11.83,95.56,-25.52,3.87,98.88,17.66,37.75,116.46,-29.39,17.55,-100.0,inf,7.08,-38.52,-69.54,19.11,56.08,137.31,38.75
"Pure Financial Advisors, LLC",,,,,,,,,,,,,,inf,1.76,56.52,57.07,24.04,-6.33,-24.59
"Purus Wealth Management, LLC",,,,inf,-8.87,31.73,93.58,43.2,-13.71,-28.69,-17.89,93016.59,66.78,18.22,-6.44,43.56,32.98,0.59,-1.59,-26.18
Putney Financial Group LLC,,,,,,,,,,,,,,,,,,,,inf
Q3 Asset Management,,,,,,,,,,,,,,,,,inf,-100.0,,
"QCM Cayman, Ltd.",,,inf,76.96,-100.0,inf,-100.0,,,,,,,,inf,-100.0,,inf,-100.0,
"QRG CAPITAL MANAGEMENT, INC.",,,,,,,,,,,,,,,inf,63.98,40.36,-4.4,1.6,-28.55
"QS Investors, LLC",,,inf,-100.0,,,,,,,,,,,,,,,,
QUADRANT CAPITAL GROUP LLC,,-52.26,146.46,22.36,-4.96,23.63,17.11,53.89,25.89,-25.66,-19.24,96991.68,84.81,20.15,-12.86,65.18,30.26,4.19,-0.33,-29.49
QUATTRO FINANCIAL ADVISORS LLC,,,,,,,,,,,,,,,,,,inf,413.59,-43.27
QVR LLC,,,,,inf,332.53,124.86,-100.0,inf,-74.88,11.75,-100.0,,,,,,,,
"Qsemble Capital Management, LP",,,,,,,,,,,,,inf,-100.0,,,,,,inf
Qtron Investments LLC,,,inf,11.92,-100.0,,inf,39.77,-2.22,7.12,-21.0,102165.49,79.84,16.22,-9.74,64.24,25.8,-10.13,-9.92,-32.14
"QuadCap Wealth Management, LLC",,,,,,,,,,,,,,,,,inf,-100.0,,
"Quadcap Wealth Management, LLC",,,,,,,,,,,,,,,,inf,-100.0,inf,15.05,-1.42
"Quadrant Private Wealth Management, LLC",,,,,,,,,,,,,,,,inf,57.73,-19.21,-100.0,
Quadrature Capital Ltd,,,inf,46.06,204.28,-24.61,-100.0,inf,-100.0,,,inf,-100.0,,inf,-45.31,81.92,-47.85,-100.0,
Quantamental Technologies LLC,,-67.91,-100.0,,,,,,inf,-3.21,-32.64,-100.0,,inf,-100.0,,,,,
Quantbot Technologies LP,,110.54,-100.0,,inf,-100.0,inf,31.36,-60.63,-100.0,,,,inf,-100.0,,inf,265.37,-100.0,
Quantinno Capital Management LP,,,,,,,,,inf,-71.22,-45.19,152324.94,416.06,17.41,-13.85,86.79,124.62,-15.12,25.02,-37.96
"Quantitative Investment Management, LLC",,inf,81.77,-16.54,-100.0,,inf,-60.5,-100.0,,inf,-100.0,inf,219.68,-100.0,inf,-100.0,inf,57.98,-100.0
Quantitative Systematic Strategies LLC,,-100.0,inf,62.88,-100.0,inf,-100.0,,,,,,,,,,,,,
"Quantum Financial Advisors, LLC",,,,,,,,,,inf,-100.0,,inf,16.38,-9.65,43.5,22.5,-10.13,1.15,-26.38
"Quantum Private Wealth, LLC",,,,,,,,inf,-22.22,-19.45,-12.82,153251.8,64.89,29.83,-3.91,42.92,24.79,-2.07,24.09,-18.08
Qube Research & Technologies Ltd,,133.2,-72.29,-100.0,inf,-100.0,inf,182.24,-20.18,79.04,-23.32,76008.7,-64.33,861.93,-51.19,-28.41,409.15,-43.58,2.43,67.47
"Quent Capital, LLC",,,,,,,,inf,-47.46,-23.46,-8.43,85550.42,202.71,19.43,-6.48,71.01,26.57,-53.98,20.11,-27.07
"Quest 10 Wealth Builders, Inc.",,,,,,,,,,,,,,,,,,,,inf
Quinn Opportunity Partners LLC,,,,,,,,inf,324.3,-71.97,88267.92,2.12,51.78,-100.0,,,inf,2.3,-46.76,8.2
Quintet Private Bank (Europe) S.A.,,,,,,,,,,inf,-100.0,,,inf,-100.0,,inf,-100.0,,
"Quotient Wealth Partners, LLC",,,,,,,,,,,,,,,,inf,16.85,-15.49,4.66,-42.47
RATIONAL ADVISORS LLC,,,,,,,,,inf,-100.0,,,,,,,,,,
RAYMOND JAMES & ASSOCIATES,,40.15,0.16,39.53,-31.77,64.73,28.88,53.3,-17.65,-29.0,1.99,98953.3,105.53,15.96,-24.01,200.56,32.61,-18.77,1.16,-100.0
RAYMOND JAMES TRUST N.A.,,,inf,-100.0,,,,inf,77.07,-8.4,-10.08,42.14,128.35,16.74,95305.78,125.16,31.19,0.28,3.74,-100.0
"RB Capital Management, LLC",,,,,,,,,,,,,,,,inf,16.45,-100.0,,
"RBA Wealth Management, LLC",,,,,inf,-100.0,,,,,,,,,,,,,,
"RD Lewis Holdings, Inc.",,,,,,,,,,,,,,,,,,,,inf
"RE Dickinson Investment Advisors, LLC",,,,,,,,,,,inf,0.0,150.0,-20.0,0.0,25.0,-100.0,inf,1.15,-25.63
READYSTATE ASSET MANAGEMENT LP,,,,,,,,,,,,,inf,-58.49,239.93,339.07,-63.96,-89.56,1105.29,-100.0
"REAP Financial Group, LLC",,,,,,,,,,,,,,,,inf,23.61,-6.92,22.97,-37.05
"REBALANCE, LLC",,,,,,,,,,,,inf,-100.0,,,,,,,
"RED CEDAR INVESTMENT MANAGEMENT, LLC",,inf,120.18,-19.27,-51.03,-100.0,,,,,,,,,,,,,,
"RED LIGHTHOUSE INVESTMENT MANAGEMENT, LLC",,,,,,,,,,,,,inf,16.22,-8.11,42.79,22.69,-10.2,1.07,-26.32
REDMONT WEALTH ADVISORS LLC,,,,,,,,,,,,,,,,,inf,-10.13,1.15,-100.0
"REGATTA CAPITAL GROUP, LLC",,,,,,,,inf,-24.91,-35.46,7.23,85939.25,-0.0,62.61,-100.0,inf,12.29,-9.64,5.19,-24.17
REGENTATLANTIC CAPITAL LLC,,,inf,-4.28,58.0,21.52,52.44,55.04,-6.89,-28.95,-25.73,-100.0,,,,,,,,
REGIONS FINANCIAL CORP,,,inf,-100.0,,inf,1.33,94.74,1984.46,-36.63,-25.04,3.14,38.74,113500.38,25.74,41.01,23.26,-9.67,-15.38,-100.0
"REILLY FINANCIAL ADVISORS, LLC",,0.0,220.0,218.75,-15.69,39.53,8.33,43.08,-100.0,,,,,,,,,,,
RENAISSANCE TECHNOLOGIES LLC,,-99.52,21807.27,21.64,13.77,34.76,99.2,-100.0,inf,-47.65,56.83,-29.89,-100.0,,,,,inf,-73.14,78.65
RESOURCES MANAGEMENT CORP /CT/ /ADV,,,,,inf,21.05,6.52,40.82,-27.54,-30.0,-17.14,-65.52,27920.0,-99.5,-57.14,66.67,180.0,-21.43,0.0,-27.27
RESTON WEALTH MANAGEMENT LLC,,,,,,,,,,,,,,,,,,,inf,-100.0
"RETIREMENT FINANCIAL SOLUTIONS, LLC",,,,,,,,,,,,inf,-100.0,,,,,,,
"RFG - Bristol Wealth Advisors, LLC",,,,,,,,,,,,,,,,,,,,inf
"RFG Advisory, LLC",,,,,,,,inf,18.31,-21.18,-36.95,337673.36,10.85,18.93,-19.0,14.71,-37.72,-9.14,83.69,-4.34
"RFG Holdings, Inc.",,,,,,,,,,,,,,,,,inf,60.75,14.41,-6.4
RFP Financial Group LLC,,,,,,,,,,,,inf,51.32,132.46,-54.87,156.55,110.52,-10.13,-100.0,
"RHS Financial, LLC",,,,,,,,,,,,,,,,,inf,-100.0,inf,-100.0
RHUMBLINE ADVISERS,,26.44,55.15,12.01,-18.45,13.92,7.68,42.23,3.2,-27.76,-13.34,6.98,55.89,114046.81,-8.92,41.88,22.15,-9.11,-0.21,-26.79
RIA Advisory Group LLC,,,,,,,,,,,,,inf,-6.78,-100.0,,inf,-100.0,,
"RICHARDS, MERRILL & PETERSON, INC.",,,,,,,,,,,,,,,,,,,,inf
RICHARDSON FINANCIAL SERVICES INC.,,,,,,,,,,,,,,,,,inf,30.38,9.82,21.63
"RIDGECREST WEALTH PARTNERS, LLC",,,,,,,,,,,,,,,,,inf,-10.13,2.24,-100.0
"RIK SAYLOR FINANCIAL, INC.",,,,,,,,,,,,,,,,,,,,inf
RITHOLTZ WEALTH MANAGEMENT,,,inf,6.48,14.02,51.97,-3.05,86.3,82.67,-20.27,4.99,80731.84,60.1,12.19,-8.17,52.97,20.19,-6.46,-2.75,-35.0
RIVER & MERCANTILE ASSET MANAGEMENT LLP,,,,,,,,,,inf,-13.74,62.78,51.77,6.68,77300.06,-100.0,,,,
RIVER GLOBAL INVESTORS LLP,,,,,,,,,,,,,,,,inf,-27.11,4.02,-0.41,-53.77
RKL Wealth Management LLC,,,,,,,,,inf,-100.0,,,,,,,,,,
"RMB Capital Management, LLC",,,,,,,,,,,,,,inf,0.6,133.26,-100.0,,,
RMR Wealth Builders,,inf,62.5,114.65,-54.95,18.18,10.26,-100.0,inf,-30.21,-100.0,,,,,,inf,-17.63,392.34,35.34
RNC CAPITAL MANAGEMENT LLC,,,,,,,,,inf,-28.77,-17.12,0.59,39.73,6.98,227363.83,135.31,32.99,8.68,0.0,-32.72
ROANOKE ASSET MANAGEMENT CORP/ NY,,,,,,,,,inf,-29.92,-16.98,-1.31,51.31,16.21,-10.6,43.18,18.48,-10.59,0.71,-25.8
ROBBINS FARLEY LLC,,,,,,inf,0.0,-100.0,,,,,,,,,,,,
ROCKLAND TRUST CO,,,,,,,,inf,65.71,-100.0,,,,inf,16.4,36.18,-31.49,-10.13,-13.09,-100.0
ROFFMAN MILLER ASSOCIATES INC /PA/,,inf,-100.0,,,,,,,,,,,,,,,,,
ROMAN BUTLER FULLERTON & CO,,1.32,265.65,17.48,-73.68,229.23,74.18,31.46,-13.42,-84.15,-100.0,inf,19.67,45.44,-11.37,101.57,-17.84,30.37,-15.31,-33.01
ROMANO BROTHERS AND COMPANY,,,,,,,,,,,inf,84895.65,62.73,17.56,0.23,38.02,21.96,-8.69,8.86,-20.66
ROPES WEALTH ADVISORS LLC,,,,,,inf,11.17,27.95,27.3,-27.61,-13.33,95145.3,52.24,27.84,-0.47,-100.0,,,,
ROTHSCHILD INVESTMENT LLC,,,,,,,,,,,,,,,,inf,21.41,-9.37,-1.4,-27.24
ROYAL BANK OF CANADA,,281.86,-48.97,-95.85,8875.76,2298.41,9.65,100.29,-32.94,-8.67,-38.81,-100.0,,,,,,,,
ROYAL LONDON ASSET MANAGEMENT LTD,,17.07,62.37,7.68,165.37,16.92,7.39,35.66,-29.54,-29.21,-60.77,106452.41,52.92,24.22,-4.96,193.73,-37.65,-8.56,3.87,-25.03
"RPG Investment Advisory, LLC",,14.29,50.0,625.0,9355.17,22.77,8.93,41.02,-2.15,-28.9,-16.27,103153.29,52.21,2.14,-9.67,45.82,1.53,4.05,4.08,-25.33
"RPg Family Wealth Advisory, LLC",,-42.65,68.53,18.21,-100.0,inf,-1.27,20.45,-51.55,-100.0,,,,,,,,,inf,-100.0
RS CRUM INC.,,,,,,,,inf,-100.0,,,,inf,13.9,-9.74,43.37,14.94,-2.12,7.01,-29.16
"RVW Wealth, LLC",,,,,,,,,,,,,,,inf,-100.0,,,,
"RWA WEALTH PARTNERS, LLC",,,,,,,,,,,,,,,,inf,20.24,68.06,-0.29,-27.25
"RWM Asset Management, LLC",,,,inf,-14.71,-100.0,,,,,,,,,,,,,,
"RWQ Financial Management Services, Inc.",,,,,,,inf,39.93,-100.0,inf,-7.92,-100.0,,inf,-100.0,inf,1895.99,-100.0,inf,-98.91
Raab & Moskowitz Asset Management LLC,,,,,,,,,,,inf,88864.42,147.59,9.63,-9.12,40.14,17.3,-22.89,12.69,-13.28
"Radnor Capital Management, LLC",,,,,,,,,,,,,,,,inf,22.44,-9.96,1.33,-100.0
"Rafferty Asset Management, LLC",,176.85,33.79,26.83,94.91,33.47,-32.25,115.21,24.94,-50.32,-15.73,130819.53,85.53,31.57,0.69,34.99,23.86,-4.52,26.3,-34.82
Railway Pension Investments Ltd,,19.54,46.13,9.49,-46.34,-100.0,inf,1114.54,53.87,-82.42,-53.75,-100.0,,,,,,,,
"Rain Capital Management, LLC",,,,,,,,,,,,,,,,,inf,-8.21,-100.0,
Raleigh Capital Management Inc.,,,,,,,,,inf,-46.33,260.68,1664.93,142.13,25.7,179.02,28.55,129.53,-14.73,-0.08,-31.4
"Ramirez Asset Management, Inc.",,,,,,,,,,,,,,,inf,43.37,25.03,-10.67,3.26,-26.38
"Ramsay, Stattman, Vela & Price, Inc.",,,,,,,,,inf,-30.0,-17.19,102168.42,51.32,16.22,-9.74,43.37,22.44,-10.13,1.15,-25.65
Ranch Capital Advisors Inc.,,,,,,,,inf,-22.82,-30.6,-16.87,99022.07,49.45,12.25,-3.24,44.07,2.69,-10.93,-9.08,-29.22
"Rappaport Reiches Capital Management, LLC",,,,,,,,,,,,,,,,inf,168.36,-45.17,-0.68,-45.14
Ratan Capital Management LP,,,inf,123.71,-100.0,,,,,,,inf,-100.0,,,inf,-36.29,75.9,-100.0,
Rathbone Brothers plc,,,inf,15.8,-21.88,91.57,33.18,-100.0,,,,,,,,,,,,
Rathbones Group PLC,,,,,,,,inf,-20.19,-29.26,-100.0,,inf,82.04,99.93,45.42,-100.0,inf,-8.17,-36.56
Rathbones Group Plc,,,,,,,,,,,inf,51278.83,-100.0,,,,inf,-100.0,,
"Raymond James Financial Services Advisors, Inc.",,51.68,40.41,23.85,-17.78,37.85,1.48,52.25,-15.15,-27.18,-11.66,91660.29,48.15,14.43,-1.45,166.27,25.65,-4.79,2.76,-100.0
Realta Investment Advisors,,,,,,,,,,,,,,,,inf,40.58,9.01,-46.23,-48.13
"Reby Advisors, LLC",,,,inf,-100.0,,,,,,,,,,,,,,,
"Red Door Wealth Management, LLC",,inf,-100.0,,,,,,,,,,,,,,inf,-100.0,inf,12.69
"Red Spruce Capital, LLC",,,,,,,,,,,,,,,,,,,,inf
Red Wave Investments LLC,,,,inf,-100.0,inf,9.36,39.69,-10.31,-30.12,-100.0,,inf,16.22,-9.74,43.37,23.06,-10.13,1.15,-26.38
"Redhawk Wealth Advisors, Inc.",,28.71,55.77,12.1,122.47,77.92,-71.68,36.94,-31.28,-38.83,-16.38,104959.59,142.33,17.06,-36.42,103.35,2.1,-40.94,-47.54,-100.0
Redpoint Investment Management Pty Ltd,,16.52,-17.6,-100.0,inf,23.23,-0.03,51.6,1.63,-28.45,-34.47,-100.0,,,,,,,,
"Redwood Investment Management, LLC",,,,,,,,inf,-15.24,-23.86,112.02,8.91,-100.0,,inf,-100.0,inf,-11.43,-100.0,
"Redwood Investments, LLC",,,inf,-42.22,38.44,5.7,-7.47,19.1,-24.08,-39.81,-17.45,102038.2,-80.41,11.64,-9.74,44.33,-36.75,-33.95,-100.0,
Redwood Park Advisors LLC,,,,,,,,,,,,,,,,,,,,inf
"Redwood Wealth Management Group, LLC",,,,,,,,,,,,inf,50.43,16.43,-11.71,25.55,-7.76,-100.0,inf,-33.61
Regal Investment Advisors LLC,,,,inf,-100.0,inf,9.63,43.3,-16.28,-34.39,-16.69,100534.51,37.51,16.8,-30.5,55.53,29.32,-2.62,-1.91,-51.13
"Regal Wealth Group, Inc.",,,,,inf,-100.0,,,,,,,,,,,,,,
Regency Capital Management Inc.\DE,,,,,inf,-100.0,,inf,3700.0,-28.95,-100.0,,,,,,,,,
Regent Peak Wealth Advisors LLC,,,,inf,15.87,53.88,-1.48,46.69,-6.78,-31.28,-24.68,109568.09,58.77,17.2,-18.91,62.74,33.08,-8.53,-0.59,34.05
Register Financial Advisors LLC,,,,,,,,,,,,inf,82.17,-28.76,-8.95,-100.0,inf,4.8,17.12,-19.89
Rehmann Capital Advisory Group,,,inf,22.51,-8.97,27.73,38.44,45.71,-8.51,-30.23,-13.51,-9.07,79.74,0.0,-38.85,40.73,33.73,-6.88,28.89,-23.82
"Relative Value Partners Group, LLC",,,,,,,,,,,,,,,,,,inf,-100.0,
"Reliant Investment Management, LLC",,,inf,10.53,-12.09,24.94,0.86,35.59,-21.71,-100.0,,,,,inf,44.96,20.42,-7.83,5.39,-24.16
Relyea Zuckerberg Hanson LLC,,,inf,10.05,-100.0,,inf,123.46,-55.43,-100.0,,,inf,31.15,81.47,56.46,23.48,-3.42,-48.52,-28.37
Resolute Advisors LLC,,,,inf,300.0,175.0,12.12,-89.19,-100.0,,,,,,,,,,,
Resolute Partners Group,,,,inf,-100.0,,,,,,,,,,,,,,,
"Resolute Wealth Strategies, LLC",,,,,,,,,,,,,inf,19.21,-1.04,45.89,1.75,-10.13,1.15,-25.16
"Resonant Capital Advisors, LLC",,,,,,,,inf,26.59,-37.28,-4.72,-100.0,inf,108.33,-7.96,46.8,36.67,-8.52,7.92,-36.75
"Resource Management, LLC",,,inf,52.4,0.52,149.09,-100.0,inf,-100.0,,,,,,,,,,,
"Resources Investment Advisors, LLC.",,12.05,48.2,18.47,-40.74,-30.06,4.45,385.13,-71.88,-36.42,1.85,133596.63,272.6,-100.0,,,,,,
Resurgent Financial Advisors LLC,,,,,,,,,inf,-100.0,inf,58223.26,-26.61,43.08,-34.49,3.21,161.1,-13.69,-100.0,
"Retirement Group, LLC",,inf,214.65,-45.14,115.31,-87.06,9.27,35.76,-37.05,-30.5,-24.49,0.0,58.11,132308.55,-4.23,42.67,46.31,-100.0,,
"Retirement Planning Co of New England, Inc.",,,,,,,,inf,-100.0,,,,,,,,,,,
Retirement Planning Group,,,,,,,,,,,inf,89978.24,48.8,-100.0,,,,,,
"Retirement Planning Group, LLC",,,,,,,,,,,,,,inf,-9.31,46.51,111.9,-49.3,9.52,-27.06
Retirement Systems of Alabama,,8.88,43.21,12.96,-17.04,22.66,-2.13,28.9,1.49,-38.36,65.4,49139.35,39.61,-10.74,-9.9,39.74,22.63,-10.15,0.18,-26.75
Retirement Wealth Solutions LLC,,,,,,,,,,,,,,,,,,,,inf
"Revolve Wealth Partners, LLC",,,,,,,,inf,-19.16,-29.98,-21.15,105665.24,44.4,13.77,-8.05,42.91,23.51,-10.51,12.29,-24.24
"Reyes Financial Architecture, Inc.",,,,,,,,,,,,,,,,,,,,inf
"Reynders McVeigh Capital Management, LLC",,,,,,,,,inf,-34.85,-20.7,-4.56,37.8,7.47,-11.99,40.12,19.27,-13.51,-0.68,-27.33
Rheos Capital Works Inc.,,,,,,inf,33.19,22.76,-24.02,-100.0,,inf,33.2,200.13,-0.05,21.78,-72.8,-100.0,inf,-100.0
"Rialto Wealth Management, LLC",,,,,,,,,,,,,,,,,,,,inf
"Rice Partnership, LLC",,,,,,,,,inf,-100.0,,,,,,inf,17.12,-10.13,-11.0,-100.0
Richard Bernstein Advisors LLC,,,,,,,,,,,,,,,,,,,inf,-26.38
"Richard W. Paul & Associates, LLC",,,,,,,,,,,,inf,67.7,-8.21,2.24,34.2,-5.93,-5.58,20.47,-22.4
Richardson Capital Management LLC,,,,,,,,,,,,,,,,,inf,-10.13,1.15,-26.38
Richelieu Gestion PLC,,,,,,,,,,,,inf,-100.0,,,,,,,
Ridgewood Investments LLC,,,,,,,,,,,,,inf,-79.52,-100.0,,,inf,36.77,-26.38
Riggs Asset Managment Co. Inc.,,,,,,,,,,,,,,,,inf,-2.24,-9.42,3.46,-100.0
"Ring Mountain Capital, LLC",,,,,,,,,,,,,,,,,,,,inf
Rinkey Investments,,,,,,,,inf,-100.0,,,,,,,,,,,
"Rise Advisors, LLC",,,,,,,,inf,-99.92,66.67,-60.0,116500.0,84.91,-31.31,-9.76,70.97,3359.72,-8.59,1.15,-28.53
Ritter Daniher Financial Advisory LLC / DE,,,,,,,,,,,,inf,51.36,-22.51,797.85,39.76,511.56,-10.59,1.15,-85.64
River Wealth Advisors LLC,,,,,,,,,inf,-100.0,,inf,95.53,32.33,2.44,58.94,42.31,-1.97,13.13,-56.14
"RiverFront Investment Group, LLC",,,,inf,-5.33,53.99,-100.0,,,,,,,,,,,,,
RiverGlades Family Offices LLC,,,,,,,,inf,-100.0,,,,,,,,,,,
"RiverTree Advisors, LLC",,,,,,,,inf,-100.0,,,,,,,,,,,
"Riverbend Wealth Management, LLC",,,,,,,,,,,,,,,,,,,,inf
Riverview Trust Co,,,,,,,,,inf,8.94,-54.48,-100.0,inf,16.22,-9.74,-100.0,inf,-10.13,4.49,-26.82
Riverwater Partners LLC,,,,,,,,,,inf,-100.0,,,,,,,,,
"Roberts Capital Advisors, LLC",,,,,,,,,,,,,,,,,inf,0.0,-9.09,-100.0
"Robertson Stephens Wealth Management, LLC",,,,,,,,,inf,-100.0,,,inf,26.53,52.83,126.29,29.13,1.33,2.1,-26.88
"Roble, Belko & Company, Inc",,,,,,,,,inf,-79.49,-25.0,16.67,42.86,-100.0,,inf,5407.69,-10.06,1.09,-26.42
Robocap Asset Management Ltd,,,,,,,,,,,,,,inf,6.27,42.85,17.74,-11.86,100.0,-54.47
"Rock Creek Group, LP",,,,inf,-100.0,,inf,-100.0,,inf,1060.0,94709.48,-69.08,51.73,-53.77,-100.0,,,,
"Rockbridge Investment Management, LCC",,,,inf,-38.46,25.0,10.0,36.36,72026.67,6968.12,-100.0,,,,,inf,-100.0,,,
"Rockline Wealth Management, LLC",,,,,,,,,,,,,,,,,inf,1.48,1.15,-100.0
Rokos Capital Management LLP,,,,,,,,,inf,-100.0,,,,,,,,,,
Rollins Financial,,,,,inf,20.98,-100.0,inf,-36.29,-100.0,,,,,inf,-100.0,,,,
"Rollins Financial Advisors, LLC",,,,,,,,,,,,,,,,,inf,-13.56,-26.63,-100.0
"Ronald Blue Trust, Inc.",,,,,,,,,,inf,-6.02,8.0,-45.19,-31.08,70.59,-100.0,,,,
"Root Financial Partners, LLC",,,,,,,,,,,,,inf,16.39,-17.85,36.44,39.13,-9.83,3.42,31.63
"Rooted Wealth Advisors, Inc.",,,,,,,,,,,,,,,,,,,inf,11.32
Ropes Wealth Advisors LLC,,15.09,55.74,12.63,-100.0,,,,,,,,,,,,,,,
Rosenbaum Jay D.,,,,,,,,inf,-100.0,,,,,,,,,,,
Rosenberg Matthew Hamilton,,15.69,77.97,11.43,-14.53,42.0,40.14,49.25,-13.13,-29.84,-4.42,108398.84,51.32,-20.91,-9.74,45.98,21.15,-15.71,8.12,-29.16
Rossmore Private Capital,,,inf,-100.0,,,,,,,,,,,,,,,,
Roth Financial Partners LLC,,,,,,,inf,39.81,-23.96,-100.0,,,,inf,-9.74,43.37,22.44,-10.13,101.15,-62.98
"Round Rock Advisors, LLC",,,,,,,,,,,,,,,,,inf,-100.0,,
Roundview Capital LLC,,,inf,8.38,-12.65,-100.0,,,inf,-67.07,53.37,117600.0,62.2,54.41,22.31,-59.43,31.94,-15.0,2.65,-25.87
Roxbury Financial LLC,,,,,,,,,,,,,,,,,,,,inf
Royal Bank of Canada,,,,,,,,,,,,inf,53.28,39.25,-17.24,155.63,127.76,-15.89,-50.15,-22.7
"Royal Fund Management, LLC",,-100.0,,,,,,,inf,-3.81,-14.2,152176.26,20.73,29.73,79.99,41.91,-65.57,190.45,6.23,-39.66
"Ruedi Wealth Management, Inc.",,,,,,,,,,,,,,,,,,inf,-48.29,-26.39
"Runnymede Capital Advisors, Inc.",,,,,,,,,,,,,,,,,,,,inf
Russell Clark Investment Management Ltd,,,inf,11.81,-14.38,19.67,9.51,-100.0,,,,,,,,,,,,
"Russell Investments Group, Ltd.",,-53.95,11.42,32.49,-14.37,-78.86,-20.61,624.05,18.87,-32.11,55.58,118267.0,40.31,24.43,-28.01,53.55,3.81,-26.72,2.19,-100.0
Rye Brook Capital LLC,,,,,,,,,,,,,,,,,,,,inf
S.A. Mason LLC,,,,,,,,,,,,,,,,,,,inf,-22.25
SAGE RHINO CAPITAL LLC,,,,,,,,,inf,-100.0,,,inf,11.49,-7.19,43.43,23.52,-9.05,2.3,-27.14
"SAGESPRING WEALTH PARTNERS, LLC",,,,,,,,,,,,,,,,,,,,inf
SALEM INVESTMENT COUNSELORS INC,,26.09,71.16,18.91,-8.67,21.49,11.59,43.32,-23.12,-29.29,-14.09,102149.27,53.83,17.28,7.31,47.9,29.9,-6.44,1.71,-22.63
SANDERS MORRIS HARRIS LLC,,-15.43,135.28,404.96,-43.89,-37.12,16.37,39.55,12.94,-31.11,-9.6,96663.36,-77.27,725.26,11.8,-8.31,53.64,-8.11,-6.15,19.95
SANDLER CAPITAL MANAGEMENT,,842.63,-13.78,-58.92,12.3,57.27,-53.94,12.81,63.61,21.69,-100.0,inf,51.97,-100.0,inf,-100.0,,,,
SAPIENT CAPITAL LLC,,,,,,,,,,,,,,,,inf,-100.0,,,
SATURNA CAPITAL CORP,,,,,,,,,,,,,,,,,inf,-10.14,1.15,-26.92
"SAX WEALTH ADVISORS, LLC",,,,,,,,,,,,,,,,,,inf,-100.0,inf
"SCGE MANAGEMENT, L.P.",,,,,,,,,,,,,,inf,-9.74,43.37,22.44,-100.0,,
SCHAPER BENZ & WISE INVESTMENT COUNSEL INC/WI,,,,,,,,inf,8481.53,-30.13,-18.11,201456.58,-29.99,7.04,-11.67,41.47,20.55,-10.28,2.59,-26.18
SCHNIEDERS CAPITAL MANAGEMENT LLC,,,,,,,,,,,,,inf,34.21,3.53,48.64,15.29,4.85,6.31,-34.79
"SCHOLTZ & COMPANY, LLC",,25.57,1135.64,13.92,-7.21,81.1,11.18,41.65,-30.2,-35.71,-56.54,-25.73,68.6,14.87,-14.02,-25.33,126125.58,131.52,-16.23,-59.39
SCHRODER INVESTMENT MANAGEMENT GROUP,,122.53,948.59,230.81,-7.04,-25.09,19.87,45.91,153.88,-17.06,2.86,108129.61,33.16,-40.54,-40.67,37.44,17.29,-0.74,2.68,-27.46
SCHRODERS IS Ltd,,,,,,,,,inf,-55.53,-100.0,,,,,,,,,
SCHWARTZ INVESTMENT COUNSEL INC,,,,,,,,,inf,47.65,-26.92,112015.87,71.35,-59.25,-46.51,43.37,-100.0,,,
SCOPIA CAPITAL MANAGEMENT LP,,,,,,,,,,,,,,,inf,-100.0,,,,
"SCOUT INVESTMENTS, INC.",,7.34,12.02,-3.83,-100.0,,,,,,,,,,,,,,,
SEAMOUNT FINANCIAL GROUP INC,,,,,,,,,,,,,,,,,inf,-9.54,5.77,-31.89
"SECURED RETIREMENT ADVISORS, LLC",,,,,,,,,,,,,,,,inf,25.23,-7.23,3.25,-21.73
"SECURIAN ASSET MANAGEMENT, INC",,,,,,,inf,38.52,1.57,-31.13,-17.15,100170.1,52.18,14.65,-21.56,26.5,13.9,-12.23,-2.57,-28.27
SEEDS INVESTOR LLC,,,,,,,,,,,,,,,,,inf,168.72,1.57,-32.57
SEEYOND,,inf,-100.0,,,,,,,,,,,,,,,,,
"SEGALL BRYANT & HAMILL, LLC",,,,,,,,,inf,29.15,-53.22,0.27,47.31,115784.85,-100.0,,,,,
SEI INVESTMENTS CO,,108.31,49.47,-38.39,-11.32,29.86,16.33,27.76,-27.29,-9.41,-20.96,93260.7,56.09,11.98,-9.23,22.19,3.73,-14.39,26.18,-51.21
SELDON CAPITAL LP,,,,,,,,inf,-13.91,38.59,-99.24,102677.36,7167.98,-46.77,-100.0,,,,,
SENTRY INVESTMENT MANAGEMENT LLC,,4.42,55.84,25.69,-85.25,19.68,-4.38,-51.77,159.86,-41.45,-17.2,-24.89,18.56,108.15,-25.94,41.87,22.43,-25.42,-48.8,26.41
"SEVEN EIGHT CAPITAL, LP",,-100.0,,inf,0.0,248.76,-14.61,-100.0,,,inf,69244.17,-93.65,18.81,-100.0,inf,462.41,-11.21,-16.21,-100.0
SEVEN MILE ADVISORY,,,,,,,,,,,,,,inf,-7.34,50.33,22.3,-15.96,-17.44,-32.83
SFE Investment Counsel,,,,,,,,,,,inf,184055.4,30.44,14.51,-7.81,27.91,5.89,5.75,11.76,-13.9
"SFG Wealth Management, LLC.",,,,,,,,inf,-100.0,,,,,,,,inf,-100.0,inf,-100.0
"SFMG, LLC",,,inf,12.21,-11.56,11.15,8.3,10.54,-18.21,395.76,-8.91,110591.86,60.47,20.77,-9.57,48.36,23.61,-10.25,112.26,-23.8
"SG Americas Securities, LLC",,19.86,98.65,68.4,109.62,-75.89,106.32,152.92,-27.7,-76.75,110.02,-46.61,-30.3,119.91,60.7,79.27,-58.07,18.95,-65.57,2.59
SG Capital Management LLC,,inf,-100.0,,,,,,,,,,,,,,,,,
"SG3 Management, LLC",,,inf,11.88,-14.42,212.57,29.84,3791.05,-99.74,176.63,-100.0,inf,-100.0,,,,,,,
"SGL Investment Advisors, Inc.",,,,,,,,,,,,,,,,,,,inf,-10.13
SHAKER INVESTMENTS LLC/OH,,,,,,,,,inf,-30.0,-100.0,,,,,,,,,
SHARPEPOINT LLC,,,,,,,,,,,,,,,,,,,,inf
SHEETS SMITH WEALTH MANAGEMENT,,-100.0,inf,13.6,-16.3,-100.0,inf,39.85,-22.8,-28.3,-100.0,,,,,inf,37.31,-100.0,inf,89.53
SHELL ASSET MANAGEMENT CO,,-15.61,136.35,69.55,-24.05,10.23,29.51,55.37,8.79,-30.75,-33.21,-13.38,52.0,10.0,-11.03,7.6,193.82,-100.0,inf,-17.05
SHELTON CAPITAL MANAGEMENT,,21.65,55.05,11.27,-4.93,20.99,11.24,44.03,3.96,-29.83,-17.23,84268.17,65.66,20.56,15.4,55.85,24.97,-8.15,12.07,-24.04
"SHELTON WEALTH MANAGEMENT, LLC",,,,,,,,inf,-21.17,-5.58,-17.07,125731.66,30.67,-0.27,-10.63,129.25,14.84,82.71,9.79,-20.56
SHERBROOKE PARK ADVISERS LLC,,,,,,,,,,,,,,inf,-100.0,,inf,499.49,-38.15,13.21
SHIKIAR ASSET MANAGEMENT INC,,,,,inf,111.28,19.22,37.59,-24.3,-42.28,-39.31,-100.0,inf,16.33,-14.85,38.14,8.15,-10.17,-3.9,-38.54
SHINE INVESTMENT ADVISORY SERVICES INC,,-100.0,inf,-100.0,,,,,,,,,,,,,,,,
SHUFRO ROSE & CO LLC,,,,,,,,,inf,-100.0,,,,,,,inf,-10.13,0.0,-2.26
SIENA CAPITAL LLC,,,,,,,,,inf,-31.71,-100.0,,,,,,,,,
"SIERRA OCEAN, LLC",,,,,,,,,,,,,,,,,,,,inf
SIERRA SUMMIT ADVISORS LLC,,,,,,,,,,,,,,,,inf,34.88,-9.56,9.94,-86.92
SIGMA INVESTMENT COUNSELORS INC,,,,,,,,,,,,,,,,,inf,13.18,6.47,-100.0
SIGNATURE ESTATE & INVESTMENT ADVISORS LLC,,,,,,,,,,,,,,,,,inf,147.73,24.28,-32.08
"SIGNATUREFD, LLC",,27.69,83.17,36.4,-5.05,50.75,18.91,70.24,-3.44,-28.89,-31.97,119312.34,67.61,28.78,-7.57,60.64,33.78,-11.55,2.88,-29.98
"SIGNET FINANCIAL MANAGEMENT, LLC",,,,,,,,inf,-100.0,,,,,,,,,,,
"SILVER OAK SECURITIES, INCORPORATED",,,,,,,,,,inf,69142.52,-100.0,inf,131.03,22297.33,510.76,-100.0,,inf,-40.6
"SILVER OAK SECURITIES, Inc",,,,,,,,,inf,-100.0,,,,,,,inf,9.51,-100.0,
SILVERCREST ASSET MANAGEMENT GROUP LLC,,inf,50.0,11.9,-2.66,44.54,3.78,53.01,68.33,-48.51,-22.39,102213.63,51.32,16.72,-10.33,94.23,14.52,162.45,-66.38,-26.15
SILVERLAKE WEALTH MANAGEMENT LLC,,,,,,,,,,,,,,inf,-100.0,,,,,
SIMMONS BANK,,,,,,,,,,,,,,,,inf,-100.0,,,
"SIMON QUICK ADVISORS, LLC",,0.0,-50.0,-100.0,,inf,700.0,-100.0,,,,,inf,57.15,4.9,54.28,53.86,-10.59,31.8,-36.04
"SIMPLEX TRADING, LLC",,40.45,87.7,2.93,22.12,32.62,4.89,135.67,-41.56,-35.63,-36.03,22.13,48.72,11.06,-5.16,34.01,28.91,-17.19,9.05,-4.88
SIT INVESTMENT ASSOCIATES INC,,15.68,105.54,-83.56,-100.0,,,,,,,,,,,,,inf,1.79,-26.32
"SITTNER & NELSON, LLC",,,,inf,-15.62,81.48,10.2,38.89,82.67,-18.98,-11.71,89983.67,86.18,16.22,-9.74,17.21,35.84,-5.99,15.14,-26.06
SJS Investment Consulting Inc.,,,,,,,,inf,-38.46,-100.0,inf,-100.0,inf,556.88,29.73,201.82,68.15,-82.45,25.6,-23.2
SLT Holdings LLC,,,,,,,,,,,,,,,,,,,,inf
SMART Wealth LLC,,,,,,,,,,,,,,,,,,inf,-100.0,
SMITH CHAS P & ASSOCIATES PA CPAS,,,,,,,,,,,,,,inf,-100.0,,,,,
"SMITH, MOORE & CO.",,,,,,,,,,,,,,inf,121.93,-20.12,58.39,0.47,-39.44,-28.67
SMITHFIELD TRUST CO,,2280.0,52.94,12.09,-14.71,21.26,-100.0,,,,,,,,,,,,,
"SNS Financial Group, LLC",,,,inf,-100.0,inf,18.98,17.51,-100.0,,,,,,,inf,22.44,-7.13,-2.11,-26.29
"SOA Wealth Advisors, LLC.",,,,inf,-16.62,-12.76,12.63,30.78,-23.95,-28.98,-13.6,111123.03,59.98,16.54,-8.16,184.48,-37.08,-2.34,101.85,-23.03
SOMA EQUITY PARTNERS LP,,,,,,,,,,inf,0.61,-100.0,,inf,-100.0,,,,inf,-29.15
SOMERVILLE KURT F,,,,,,,,,inf,-34.71,-45.47,102392.02,51.85,16.11,-10.38,39.35,15.49,-14.0,-2.67,-27.47
SONATA CAPITAL GROUP INC,,,,,,,,,,,,,,,,,,,inf,2.21
"SONORA INVESTMENT MANAGEMENT, LLC",,13.04,88.46,12.24,5.45,18.97,10.14,-100.0,,,,,,,,,,,,
SORA INVESTORS LLC,,,,,,,,,,inf,-100.0,inf,-100.0,,inf,-100.0,,inf,-100.0,
SOROS CAPITAL MANAGEMENT LLC,,inf,-100.0,inf,-100.0,inf,-100.0,,,,,,,,,,inf,-100.0,,
SOROS FUND MANAGEMENT LLC,,,,,,,,,,,,,,inf,-100.0,,,,,
SP Asset Management,,,,,,,,,inf,-31.06,-17.15,-100.0,,,,,,,,
SP Asset Management LLC,,,,,,,,,,,,inf,51.32,16.3,-9.74,43.62,23.67,-9.36,1.22,-26.37
"SPC Financial, Inc.",,,,,,,,,,,,,,,,,,inf,-45.29,-16.3
SPIRIT OF AMERICA MANAGEMENT CORP/NY,,inf,184.76,12.04,-3.88,-38.82,9.64,39.81,-23.84,-30.0,-17.39,102168.42,65.73,74.33,54.36,50.66,28.37,-4.6,7.75,-24.38
SPX Gestao de Recursos Ltda,,,,,,,,,,,,,,,,,inf,-100.0,,
"SRN Advisors, LLC",,,,inf,47.38,31.4,0.74,-15.18,-12.94,-58.48,-18.85,43.93,-40.43,6.29,-31.73,68.98,-8.64,-9.46,6.05,0.57
"SRS Capital Advisors, Inc.",,inf,45.45,31.25,-100.0,inf,11.11,35.56,106.56,-43.25,-4.9,84610.29,138.44,-22.62,-16.36,48.09,21.0,14.72,7.66,-9.68
"SRS Investment Management, LLC",,,,,,,,,,,,,,,,,inf,-100.0,,
SSI INVESTMENT MANAGEMENT LLC,,34.89,-9.15,-48.91,-100.0,,,inf,-100.0,,,,,,,,,,,
ST GERMAIN D J CO INC,,,,,,,,,,,,inf,-100.0,inf,-19.16,33.87,22.84,-5.81,3.04,-28.05
"STA Wealth Management, LLC",,,,inf,-100.0,,,,,,,,,,,,,,,
STABLEFORD CAPITAL II LLC,,,,,,,,,,,,,,,,,,inf,56.7,-29.82
STATE BOARD OF ADMINISTRATION OF FLORIDA RETIREMENT SYSTEM,,27.57,56.33,14.37,-16.41,17.64,8.2,37.21,0.48,-32.55,-18.02,99778.42,49.78,9.32,-12.62,46.11,-28.42,43.93,-1.29,-25.72
STATE FARM MUTUAL AUTOMOBILE INSURANCE CO,,,,,,,,,inf,-30.06,-17.14,102225.56,51.32,16.22,-9.74,-100.0,,,,
STATE OF MICHIGAN RETIREMENT SYSTEM,,-95.15,64.14,131.91,-12.04,-53.55,8.58,43.93,-11.14,-26.43,-17.39,99612.95,54.74,4.42,-9.72,47.07,45.06,2.89,7.09,-35.52
STATE OF WISCONSIN INVESTMENT BOARD,,35.86,98.42,-8.13,-24.58,14.28,19.57,27.3,28.39,-35.8,-29.79,82792.21,130.29,15.98,-40.2,42.85,18.26,-8.9,0.49,-29.94
STEADFAST CAPITAL MANAGEMENT LP,,,,,,,,,,,inf,16781.93,-100.0,,,,inf,-100.0,,
"STEEL GROVE CAPITAL ADVISORS, LLC",,,,,,,,,,,,,,,,,inf,-100.0,,
STEPH & CO,,,,,,,,,,,,,,,,,,,inf,-50.24
STEVENS CAPITAL MANAGEMENT LP,,inf,-100.0,inf,297.82,-100.0,,,inf,-31.43,-19.05,-0.25,-100.0,,,,,inf,14.66,-100.0
"STEWARD PARTNERS INVESTMENT SOLUTIONS, LLC",,,,,,,,,,,,,,,,inf,1036.11,-100.0,,
STF Management LP,,,,,,,,,,,,inf,148.99,-32.06,131.97,48.67,19.49,-14.05,-8.49,-22.68
STOCK YARDS BANK & TRUST CO,,,,,,,,inf,20.41,2783.05,-16.17,-23.21,62.19,89199.94,-31.96,-8.64,9.74,-12.44,-7.13,-16.28
STONEBRIDGE CAPITAL MANAGEMENT INC,,15.54,55.85,-9.76,-14.35,19.66,9.53,6.67,39.76,-30.06,-17.23,2.36,51.15,19.0,-9.79,31.91,37.51,-8.4,7.54,-32.9
"STONNINGTON GROUP, LLC",,,,,inf,101.43,39.95,430.24,-85.45,11.24,-72.24,165440.19,133.96,-100.0,,,,,,
"STRATEGIC PLANNING GROUP, LLC",,,,,,,,,,,,,,,,inf,25.5,3.31,9.98,-20.56
STRATEGIC WEALTH MANAGEMENT INC,,,inf,86.67,-14.39,0.65,26.45,39.83,-100.0,,,,,,,,,,,
STRATEGY ASSET MANAGERS LLC,,38.52,227.81,4.69,-14.31,17.1,-100.0,,,,,,,,,,inf,-100.0,,
STRS OHIO,,26.05,36.73,12.64,-15.7,18.62,6.24,40.14,-11.45,-63.37,-16.91,-5.98,250.25,-45.43,97.94,-31.43,7.98,83117.75,-0.02,-100.0
STUDIO INVESTMENT MANAGEMENT LLC,,,,,,,,,,,,,,,,,,inf,-100.0,
SUMITOMO LIFE INSURANCE CO,,,,inf,-17.82,4.31,5.12,34.69,75.0,-29.4,-26.31,0.47,50.24,107024.64,-10.92,36.3,188.18,-7.45,33.82,-29.66
"SUMITOMO MITSUI FINANCIAL GROUP, INC.",,-63.66,174.84,-0.49,-71.09,31.9,-21.09,-2.86,18.64,241.07,21.98,85045.68,-100.0,,,,,,,
"SUMMIT PARTNERS PUBLIC ASSET MANAGEMENT, LLC",,inf,190.58,76.89,-68.27,5.79,146.96,-100.0,inf,-48.46,-100.0,,inf,-74.39,114.87,-100.0,inf,-100.0,,
SUMMIT SECURITIES GROUP LLC,,,,,,,,,,,,,,,,,,inf,-100.0,inf
"SUMMIT WEALTH & RETIREMENT PLANNING, INC.",,,,,,inf,3.99,37.28,-28.6,-56.64,-17.21,98093.73,-0.88,-30.01,-100.0,inf,12.37,-4.55,-1.24,-100.0
SUMMITRY LLC,,,,,,,,,,,,,,,,,,,inf,-100.0
SURIENCE PRIVATE WEALTH LLC,,,,,,,,inf,-41.98,-100.0,,,,inf,-100.0,inf,-100.0,,,
"SUVRETTA CAPITAL MANAGEMENT, LLC",,,,,,,,,,,,inf,94.85,-30.85,69.64,-31.36,25.46,-9.0,1.32,-28.33
SVB WEALTH LLC,,,,,,,,,inf,876.43,-13.2,93806.77,37.15,7.99,-13.23,5.63,-12.09,-53.21,-100.0,inf
SWAN Capital LLC,,,,,,,,,,,,,,,,,,inf,1.15,-26.38
SYCOMORE ASSET MANAGEMENT,,,,,,,,,inf,28.12,-100.0,,,inf,-16.12,436.55,-36.95,-2.3,-67.67,62.06
SYLEBRA CAPITAL LLC,,,,,,,,,,,,,,,inf,1.13,-5.18,-57.37,102.31,14.93
SYM FINANCIAL Corp,,,,,,,,,,,,,,,,,,,,inf
SYMMETRY PEAK MANAGEMENT LLC,,,,,,,,,,,,,inf,-100.0,inf,-1.91,-100.0,,inf,-100.0
SYNOVUS FINANCIAL CORP,,,,,,,,,,,,,,,,inf,20.97,-100.0,,
SYON CAPITAL LLC,,,,,,,,,,,,,,,inf,500.71,-62.78,-7.32,-1.23,-41.14
SYQUANT CAPITAL SAS,,,,,,,,inf,281.4,-34.76,-100.0,,,,,,,,,
SYSTM Wealth Solutions LLC,,,,,,,,,,,,inf,80.34,-36.35,-100.0,inf,-30.23,-23.56,-99.83,-100.0
"Saba Capital Management, L.P.",,,,,,,,,,,,,inf,6.21,-9.11,32.52,-100.0,,,
"Sabadell Asset Management, S.A S.G.I.I.C",,,,,,,,,,inf,-2.64,1.65,94.07,19.69,-100.0,,,,,
"Sachetta, LLC",,,,,,,,,,,,,,,,inf,0.0,-6.09,18.52,-24.91
Sadoff Investment Management LLC,,,,,,,,,inf,-31.21,-18.76,-100.0,,,,,,,,
"Safe Harbor Fiduciary, LLC",,,,,,,,,,,,,,,,,,,inf,-26.39
"Safeguard Financial, LLC",,,,,,,,,,,,,,inf,-100.0,,,inf,33.81,-100.0
"Safeguard Investment Advisory Group, LLC",,,,inf,-100.0,,,,inf,0.0,-100.0,inf,85.14,17.35,-7.55,44.46,20.06,-3.54,14.22,-28.91
"Sage Capital Advisors,llc",,,,,,,,,,,,,inf,15.96,-9.74,45.97,22.44,-10.13,1.15,-25.24
"Sage Capital Management, LLC",,,,,,,,,,,,,,,,,,,inf,-100.0
Sage Investment Advisers LLC,,,,,,,,,inf,-25.0,28.19,80721.29,55.55,16.22,-3.6,43.37,31.44,-12.05,2.07,-100.0
Sage Mountain Advisors LLC,,,,,,,,inf,152.17,-64.26,-100.0,,inf,34.34,-0.27,48.22,26.13,10.03,7.13,-28.56
"SageGuard Financial Group, LLC",,,,inf,-13.14,21.43,-100.0,,,,,,,,,,,,,
"SageView Advisory Group, LLC",,,,,,,,,,,,,,,,inf,-77.01,140.69,-54.69,-24.61
Sageworth Trust Co,,,,,,,,,,,,,inf,-100.0,,,,,,
"Salomon & Ludwin, LLC",,,,,,,,,,,,,,,inf,0.0,309.63,-61.49,1.17,-26.38
"Saltoro Capital, LP",,,,,,,,,,,,,,,inf,5.64,-100.0,,,
"Samalin Investment Counsel, LLC",,,,inf,-100.0,inf,-11.51,6.55,61.47,-100.0,,,,,,,,,,
San Luis Wealth Advisors LLC,,,,,,,,,,,,,inf,45.73,-6.24,-17.34,-100.0,inf,-7.39,-26.15
"Sanctuary Advisors, LLC",,,,,,,,,,,,,,,,,,inf,-100.0,
"Sanctuary Wealth Management, L.L.C.",,,,,,,,,,,,inf,-100.0,inf,35.41,43.33,42.86,-35.8,-79.78,-26.42
"Sand Hill Global Advisors, LLC",,,,,,,,,,,,,,,,,,inf,3.67,-49.15
Sandbar Asset Management LLP,,,,,,,,inf,-100.0,,,,,inf,3.53,-100.0,,,,
"Sandy Cove Advisors, LLC",,,,,,,,inf,-21.63,-29.92,-17.36,102258.33,51.32,39.03,-6.01,44.31,22.09,-10.7,0.71,-38.76
Sandy Spring Bank,,-49.64,155.07,28.12,-12.64,20.05,13.11,43.74,-19.64,-32.04,-9.52,101656.84,60.75,15.76,-10.25,46.3,24.08,-6.77,1.99,-19.56
"Sanford Advisory Services, LLC",,,,inf,-14.42,20.22,9.55,-10.86,-24.0,-14.21,-13.3,102113.74,-100.0,,,,,,,
"Sanibel Captiva Trust Company, Inc.",,,,,,,,,,,,,,,,inf,22.86,-3.93,3.32,-15.77
Sara-Bay Financial,,,,,,,,,,,,,,,,inf,27.29,3.87,11.09,-19.95
Sargent Bickham Lagudis LLC,,0.0,100.0,600.0,-35.71,255.56,59.38,86.27,163.16,-7.2,-19.4,80083.42,-100.0,,,,,,,
"Sargent Investment Group, LLC",,,,,,,,,,,,,,,,,inf,46.8,85.72,54.88
Sassicaia Capital Advisers LLC,,,,,inf,1195.1,-70.0,-85.49,-100.0,,,inf,33.86,249.3,-100.0,,,,,
Saturna Capital CORP,,,,,,,,,inf,-30.71,-17.77,102664.38,111.84,16.54,16.7,43.37,-100.0,,,
Sava Infond d.o.o.,,,,,,,,,,,,,,,,,,,,inf
"Savant Capital, LLC",,,inf,12.8,-15.14,23.89,29.82,55.45,21.4,-15.63,-29.98,266102.49,-7.73,58.84,-6.34,59.13,14.5,-1.12,40.01,-28.6
Savior LLC,,122.02,3.96,71.79,-13.47,19.82,8.14,34.3,-16.71,7.7,-17.21,108417.89,49.9,-93.04,-84.54,-100.0,,,,
Savoie Capital LLC,,,,,,,,,,,,,,,inf,78.51,46.91,-10.13,5.39,-22.82
"Savvy Advisors, Inc.",,,,,,,,,,,,,,,,,,inf,19.05,-8.66
"Sawtooth Solutions, LLC",,495.78,142.07,19.46,-95.09,43.11,40.78,205.39,-44.42,-16.72,-14.73,-100.0,,,,,,,,
"Saxony Capital Management, LLC",,,,,,,,,,,,,,,,inf,-14.65,9.1,29.85,-15.58
"Scarborough Advisors, LLC",,,,,,,,,,,,,,,,inf,-52.31,5.73,-100.0,
"Schear Investment Advisers, LLC",,,,,,,,,,,,inf,62.95,32.76,-12.69,43.95,25.53,-4.96,13.17,-16.22
"Schechter Investment Advisors, LLC",,,,,,,,inf,-28.21,217.86,-78.65,113763.16,-22.68,111.11,16.47,81.0,1782.2,-9.25,0.06,-26.98
Schonfeld Strategic Advisors LLC,,-40.85,210.19,11.58,4.13,151.82,-42.79,-39.76,-86.74,-30.25,204.99,301855.59,-98.86,9409.65,-1.46,-72.77,704.34,43.74,5.06,-26.88
Schubert & Co,,,,,,,,inf,0.0,0.0,-100.0,,,,,,,,,
Sciencast Management LP,,31.41,-100.0,,inf,-100.0,,,,inf,-100.0,,,,,inf,-100.0,inf,-100.0,
Scientech Research LLC,,,,,,,,,,,,,,,,inf,-100.0,,,
"Scissortail Wealth Management, LLC",,,,,,,,,,,,,,,,inf,-89.43,-100.0,,
"Scott & Selber, Inc.",,inf,57.76,7.24,-14.04,18.19,-100.0,,,,,,inf,15.54,-9.82,41.71,22.85,-8.62,0.74,-26.94
Sculptor Capital LP,,14.86,-82.64,117.47,-79.07,-100.0,,,,,,,,,,,,,,
SeaBridge Investment Advisors LLC,,,,,,,,,,,,,,,,,,,,inf
"SeaCrest Wealth Management, LLC",,26.81,46.93,12.3,-17.12,36.87,8.11,36.8,-14.52,-32.03,-14.42,90149.98,55.99,29.75,-14.88,37.5,31.91,-13.76,-1.82,-34.8
"Second Half Financial Partners, LLC",,,,,,,,,,,,,,inf,-100.0,,,,inf,-36.77
"Second Line Capital, LLC",,,,,,,,,,,,,,,,inf,20.03,-19.63,1125.79,-11.86
"Secure Asset Management, LLC",,,,,,,,,,,,,,,,inf,132.47,12.24,65.1,-23.32
"Securian Asset Management, Inc",,8.97,54.0,12.35,-16.34,19.19,-100.0,,,,,,,,,,,,,
Seelaus Asset Management LLC,,,,,,,,,,,,,,,,inf,-16.12,-5.08,-100.0,inf
"Segment Wealth Management, LLC",,,,,,,,inf,-37.54,-100.0,,,,inf,144.99,42.63,39.99,-8.8,30.85,-25.98
"Select Equity Group, L.P.",,,,,,,,,,,,,,,,,,,inf,-100.0
"Selective Wealth Management, Inc.",,,,,,,,,inf,-29.41,-16.67,-100.0,,,,,,,,
Sellwood Investment Partners LLC,,,,,,,,,,,,,,,,,,,,inf
Selway Asset Management,,337.33,55.79,2.9,-100.0,,,,,,inf,-100.0,,inf,-10.78,53.1,144.88,-100.0,,
Semmax Financial Advisors Inc.,,,,,,,,,,,,,,,,inf,800.82,4.69,1.77,-100.0
"Sender Co & Partners, Inc.",,,,,,,,inf,-100.0,,,,,,,,,,,
"Sendero Wealth Management, LLC",,,,,,,,,,,,,,,,,inf,7.19,1.15,-48.38
"Sepio Capital, LP",,,,,,,inf,59.63,-12.07,-100.0,,,,,,,,,inf,-100.0
"Sequent Asset Management, LLC",,,,,,inf,6.96,39.75,-89.08,-100.0,,,,,,inf,22.32,-10.04,-22.31,-100.0
Sequent Planning LLC,,,,,,,,,,,,,,,,,inf,-29.86,15.68,-100.0
"Sequoia Financial Advisors, LLC",,,,inf,-23.62,423.69,-100.0,inf,-26.12,-27.53,-16.07,136538.12,-20.8,15.77,-3.68,102.26,7.62,-3.01,8.73,-20.83
"Serenus Wealth Advisors, LLC",,,,,,,,,,,,,,,,,,,,inf
"SevenBridge Financial Group, LLC",,,inf,11.98,-8.82,17.6,9.48,34.17,-58.74,-10.29,-100.0,inf,57.12,16.22,-9.07,44.52,4.46,-13.47,13.19,-17.54
Shannon River Fund Management LLC,,,,,,,,,,,,inf,593.57,-17.97,-52.74,-70.02,-100.0,,,
Shay Capital LLC,,,,inf,828.82,171.13,10.09,226.65,-87.84,62.32,-94.11,153090.46,35.39,-43.03,566.15,-100.0,inf,-40.8,-100.0,inf
"Sheaff Brock Investment Advisors, LLC",,43.84,68.33,13.06,94.91,26.37,-5.65,58.88,-34.07,-60.56,-14.18,104293.33,66.92,18.77,-14.27,70.6,42.27,-13.2,4.45,-39.99
Sheets Smith Investment Management,,,,inf,-100.0,,,inf,-23.72,-23.98,-100.0,,,,,,,,,
"Shellback Capital, LP",,,,,,,,,,,,,,,inf,-100.0,,,,
Shepherd Financial Partners LLC,,,,,,,,,,,,,,inf,2.14,48.47,33.88,24.5,-30.19,-30.97
"ShoreHaven Wealth Partners, LLC",,,,inf,-15.22,-100.0,,,,,,,,,,,,,,
"Shum Financial Group, Inc.",,,,,,,,,,,,,,,,,,,inf,-16.15
Siemens Fonds Invest GmbH,,,,inf,92.12,42.43,16.09,70.05,11.56,-31.81,-19.82,99186.2,50.93,15.99,-1.53,39.48,-3.75,-11.8,-24.78,-100.0
Sienna Gestion,,,,,,,,,,,,,,,,,inf,-55.26,19.12,-66.08
Sierra Capital LLC,,,,,,,,inf,0.0,161.54,-20.59,74.07,-100.0,,,,,,,
Sigma Planning Corp,,641.51,13.11,-52.31,-20.4,44.85,26.48,43.94,-26.21,-42.75,-7.51,84924.17,59.85,-28.02,-6.97,-35.69,507.6,-49.7,3.4,-16.37
"Signal Advisors Wealth, LLC",,,,,,,,,,,,,,,,inf,96.01,-100.0,inf,-100.0
"SignalPoint Asset Management, LLC",,,,,,,,inf,-100.0,,,,,,,inf,21.13,-10.34,2.44,-21.73
"Signature Resources Capital Management, LLC",,,,,,,,,,,,,,,,inf,0.0,137.63,1.15,-65.91
"Signature Wealth Management Partners, LLC",,,,,,,,,,,,,inf,1.89,-100.0,inf,14.15,-16.79,1.15,-100.0
Significant Wealth Partners LLC,,,,,,,,,,,,,,,,,inf,20.87,16.11,-16.05
Silicon Valley Capital Partners,,16.6,-10.73,29.62,9.77,35.05,9.49,47.47,11.75,86.53,-9.94,62126.71,17.41,24.03,-8.08,29.34,9.45,-9.61,1.66,163.38
Silicon Valley Community Foundation,,,,,,,,inf,-100.0,,,,,,,,,,,
Silvant Capital Management LLC,,,,,,,,,inf,-30.76,-18.22,102074.77,51.32,16.22,-9.74,43.37,78.77,-10.13,-10.93,-26.38
Silver Coast Investments LLC,,,,,,,,,,,,,,,,,,,inf,-11.39
"Silver Lake Advisory, LLC",,,,,,,,,,,,,,,,,inf,64.9,-100.0,
SilverOak Wealth Management LLC,,,,,,,,,,,,,,,,inf,20.35,-6.11,6.74,-17.49
Simmons Bank,,,,,,,,,,,,,,inf,-4.29,-100.0,inf,-11.49,-4.78,-22.39
"Simplicity Solutions, LLC",,,,,,,,,,,,inf,445.0,-21.29,-19.41,42.66,-100.0,,,
"Simplicity Wealth,LLC",,,,,,,,,,,,,,,,,inf,1.87,-83.24,-73.34
Simplify Asset Management Inc.,,,,,,,,inf,13.79,-100.0,,,inf,14.91,4.46,50.91,22.44,-19.6,85.02,-100.0
"Sivia Capital Partners, LLC",,,,,,,,,,,,,,,,inf,-36.14,-16.68,20.49,-29.72
Skandinaviska Enskilda Banken AB (publ),,,,,,,,,,,,inf,-19.18,-57.48,94.72,-100.0,inf,-24.96,-86.43,-23.76
"SkyOak Wealth, LLC",,-13.48,-100.0,inf,20.0,69.59,27.76,1.62,-9.69,-63.82,8.54,-100.0,inf,70.26,3.49,-13.87,0.74,51.82,-5.14,23.41
"SkyView Investment Advisors, LLC",,,,,,,,inf,-100.0,,inf,3.75,-97.99,20.0,0.0,-100.0,,,,
"Skylands Capital, LLC",,,,,inf,-100.0,,,,inf,3.59,-100.0,,,,,,,,
Slate Path Capital LP,,,,,,,,,,,,,,inf,-100.0,,,,,
"SlateStone Wealth, LLC",,,,inf,-18.94,96.45,7.53,-29.27,-100.0,,,,,inf,-9.21,43.21,-22.66,-17.04,103.74,-76.25
"Slow Capital, Inc.",,,inf,-100.0,,,,,,,,inf,94.73,16.6,-3.27,43.97,21.63,-14.82,-3.54,-25.36
Smartleaf Asset Management LLC,,,,,,,,,,,,,,,,inf,250.37,36.08,-22.48,-21.32
"Smith Anglin Financial, LLC",,,,inf,-7.42,19.41,-10.95,60.71,-21.98,-100.0,,,inf,20.68,6.01,43.92,36.83,-18.33,0.57,-25.0
"Smith Group Asset Management, LLC",,,,,,,inf,18.77,-23.85,-100.0,,,,,,inf,-11.6,-94.02,15.54,-28.57
Smith Salley Wealth Management,,,,,,,,,,,,,,,,,inf,-2.1,13.3,-49.3
Smith Thornton Advisors LLC,,,,,,,,,,,,,,,,,,inf,-100.0,
"Smith, Salley & Associates",,,,,,,,inf,-100.0,,,,,,,inf,-100.0,,,
Smithfield Trust Co,,,,,,,inf,108.7,-8.13,-29.48,-20.9,3.25,49.61,16.32,21.49,42.64,76.63,-15.74,-1.23,-27.0
Snowden Capital Advisors LLC,,55.34,306.7,-43.46,-5.26,23.3,14.76,-99.89,225.84,-23.54,-17.69,64392.7,140.16,23.83,-16.71,39.56,28.55,2.91,4.01,-29.38
"Sofos Investments, Inc.",,-100.0,,,,,,,,,,,,,,,,,,
"Solstein Capital, LLC",,18.18,53.85,-100.0,inf,-100.0,,,,,,,,inf,-9.74,43.37,22.44,-10.13,1.15,-26.38
Soltis Investment Advisors LLC,,,,,,,,,,,,,inf,533.81,-6.38,42.15,-47.0,502.91,-80.45,-63.07
"Sonora Investment Management Group, LLC",,,,,,,,,,,,,,inf,15.39,82.07,28.4,0.0,24.07,-17.62
"Sontag Advisory, LLC",,-30.08,69.09,-100.0,,,,,,,,,,,,,,,,
"Sound Income Strategies, LLC",,2166.67,58.82,12.04,46545.87,-99.88,9.16,-20.28,-34.21,-1.33,8.11,93331.25,28.9,-57.67,-11.5,106.67,40.83,38.82,78.0,-31.36
"Sound View Wealth Advisors Group, LLC",,inf,72.43,31.98,-15.2,19.61,18.42,37.09,-18.95,-27.54,-12.53,345334.71,-47.59,-1.87,-5.42,39.78,15.24,-8.85,30.69,-28.71
South Dakota Investment Council,,,,,,,,,inf,72.66,184.88,33.64,66.65,2.04,-16.47,38.47,8.6,-10.71,1.15,-24.96
South Shore Capital Advisors,,,,,inf,-100.0,,,,,,,,,,,,,,
Southeast Asset Advisors Inc.,,,,,,,,,,,,,,,,,,inf,-100.0,
"Southeast Asset Advisors, LLC",,,,,,,,,,,,,,,,,,,inf,-100.0
Southland Equity Partners LLC,,,,,,,,,,,,,,,,,,,inf,-100.0
Sovarnum Capital L.P.,,,,,,,inf,-100.0,,,,,,,,,,,,
"Sovereign Financial Group, Inc.",,,,,,,,inf,-100.0,,,,,inf,-100.0,inf,60.07,-10.64,14.3,-37.6
"Soviero Asset Management, LP",,,,,,,,,,,,,,,,,,,inf,-100.0
"Sovran Advisors, LLC",,,,,,,,,,,,,,,,,,,,inf
Sowell Financial Services LLC,,6.17,34.3,26.73,-4.61,-5.1,66.6,77.41,-31.47,-100.0,,inf,38.43,125355.52,0.34,52.66,73.42,-22.59,-16.0,-34.44
Spartan Planning & Wealth Management,,,,,,,,,,,,,,,inf,1099.12,-100.0,,,
"Spearhead Capital Advisors, LLC",,,,,,,,,inf,-30.87,-100.0,,,,,,,,,
"Spectrum Asset Management, Inc. (NB/CA)",,,,,,inf,-0.57,-9.97,-100.0,,,,,,,,,inf,7.34,-100.0
"Spectrum Strategic Capital Management, LLC",,,,,,,,,,,,,,,,inf,-7.96,-6.51,11.72,-10.61
"SpiderRock Advisors, LLC",,775.0,-1.43,189.86,225.0,-73.54,-100.0,,,,,,,,,,inf,477.19,179.22,-100.0
Spire Wealth Management,,,,,inf,32.83,11.86,55.19,-23.27,-100.0,,,,,,,,,,inf
"Spotlight Asset Group, Inc.",,,,,,,,,,,,,,inf,-100.0,,,,,
"Spouting Rock Asset Management, LLC",,-20.64,30.57,11.87,-14.4,21.89,9.56,-100.0,,inf,-55.36,-100.0,inf,-100.0,,inf,-100.0,,,
"St. Johns Investment Management Company, LLC",,,inf,-100.0,,inf,-100.0,,,,,,,inf,-100.0,inf,123.98,-1.63,14.91,-28.37
"St. Louis Financial Planners Asset Management, LLC",,,,,,,,,,,,,,,,inf,12.07,-100.0,inf,-100.0
"Stablepoint Partners, LLC",,,,,,,,,,,,,,,,inf,54.1,-19.41,35.82,-30.43
"Stamos Capital Partners, L.P.",,-100.0,inf,-100.0,,,,,inf,5.31,170.39,79423.17,49.85,-40.52,19.22,-74.87,-6.9,209.67,125.07,27.09
Standard Family Office LLC,,,,inf,20.0,-11.11,-100.0,,,,inf,-100.0,,,,,,,,
"Stanley-Laman Group, Ltd.",,inf,66.37,12.32,-12.96,22.05,-93.23,45.75,-100.0,,inf,102034.91,-100.0,inf,-100.0,inf,22.44,-2.27,1226.04,-93.58
"State of Alaska, Department of Revenue",,4.44,128.22,8.78,-18.75,53.8,6.75,40.28,-14.64,-42.37,-25.88,-12.63,49.23,-20.97,-13.2,30.42,23.05,-9.84,8.15,-27.57
State of New Jersey Common Pension Fund D,,25.25,49.39,6.77,-16.42,19.33,9.58,38.83,2.61,-30.36,-17.69,102125.04,51.32,16.22,-13.14,44.06,22.79,-41.94,1.15,-26.51
"State of Tennessee, Department of Treasury",,,,,,,,,,,,,,,,,,inf,1.51,-31.94
"State of Tennessee, Treasury Department",,40.69,41.34,-1.83,-52.2,36.22,57.89,6.8,-2.67,10.63,96.93,-54.82,144760.2,11.31,-27.63,33.49,16.83,-100.0,,
State of Wyoming,,,,,,inf,-16.22,-54.84,585.71,-86.98,-100.0,,inf,462.77,19.39,19.57,-72.6,52.77,-63.21,-100.0
Steel Peak Wealth Management LLC,,42.36,183.1,112.98,9.22,45.57,-3.14,47.98,23.81,-42.11,-16.15,82691.88,-16.31,174.24,-100.0,,,,,
"SteelPeak Wealth, LLC",,,,,,,,,,,,,,,inf,45.1,255.44,-23.92,-0.18,-30.14
"Steele Capital Management, Inc.",,,,,,,,,,,,,,,,,inf,-100.0,,
"Stephens Consulting, LLC",,,,,,,,inf,-24.02,-100.0,,,,,inf,34.41,22.44,-70.04,2.16,-99.27
Sterling Capital Management LLC,,,,,,,,,,,,,,,,,,,inf,-22.97
"Sterling Financial Planning, Inc.",,,,,inf,16.67,7.14,-100.0,,,,,,,,,,,,
"Sterling Investment Advisors, Ltd.",,67.16,8.21,-62.6,-78.26,20.0,8.33,82.05,81.69,-12.4,-100.0,,inf,13.28,-9.74,49.67,30.79,77.8,6.59,-26.38
"Sterling Manor Financial, LLC",,,,,,,,inf,-47.36,-47.16,-17.09,-100.0,,,,,,,,
Steward Financial Group LLC,,,,,,,,,inf,75.0,-100.0,inf,400.0,66.67,-12.0,-100.0,,,,
"Steward Partners Investment Advisory, LLC",,76.56,76.37,15.59,197172.28,-99.95,17.0,40.48,-27.9,-10.47,-18.29,84985.3,97.07,32.05,-3.28,98.75,257.84,-55.9,33.44,-30.85
Stiles Financial Services Inc,,,,,,,,inf,-20.69,-30.75,-14.06,101643.99,45.75,12.48,-13.57,35.88,16.65,-11.45,-0.69,-25.6
"Stockman Wealth Management, Inc.",,,,,,,,,inf,-100.0,,,,,inf,43.37,23.67,1.23,-47.37,-100.0
"Stokes Family Office, LLC",,,,,,,,,,,,,,,,inf,45.21,-3.67,1.15,-38.04
"Stone House Investment Management, LLC",,,,,,,,inf,-100.0,,,,inf,18.04,-9.74,52.81,37.29,-10.13,0.11,-24.01
Stone Ridge Asset Management LLC,,42.57,-100.0,,,,,,,,,,,,,,,,,
"StoneCrest Wealth Management, Inc.",,,,,,,,,,,,,,,,,inf,-100.0,,
Stonebridge Capital Advisors LLC,,-28.57,-100.0,,inf,111.76,-41.67,395.24,82.69,-61.05,-10.81,1372728.79,57.26,22.22,206.42,48.63,24.34,-3.43,9.15,-23.44
"Stonebridge Financial Group, LLC",,,,,,,,,,,,,,,,,,,,inf
"Stonebridge Financial Planning Group, LLC",,-17.5,51.96,8.49,-14.31,15.41,40.26,-19.37,3.88,-82.86,-21.27,92050.58,40.22,-7.11,-37.26,-18.26,24.42,-8.91,1.93,-17.09
Stonebrook Private Inc.,,,,,,,,,,,,,,,,inf,-18.17,44.68,9.87,-34.49
"Stonegate Investment Group, LLC",,,,,,,,,,inf,-100.0,,inf,16.22,-1.37,234.72,21.36,2969.02,-100.0,inf
Strait & Sound Wealth Management LLC,,,,,,,,,,,,inf,59.39,-1.85,-11.89,53.87,6.78,-4.19,-3.8,-33.02
Strategic Advisors LLC,,178.36,32.04,17.66,-14.78,38.7,17.83,35.22,-25.64,-33.73,-31.86,90927.46,54.78,12.25,-10.68,27.69,28.33,-11.24,15.23,-44.71
Strategic Advocates LLC,,,,,,,,,,,,,,,inf,235.81,-92.74,-20.67,0.33,-13.46
"Strategic Asset Management, LLC",,,,,,,inf,35.85,-24.31,-30.28,-17.11,-100.0,,,,,,,,
"Strategic Blueprint, LLC",,inf,66.67,8.85,-10.41,796.55,-3.26,39.74,-35.24,-5.69,-26.67,78250.92,-56.08,4.89,-11.71,-32.55,81.56,-13.4,10.25,-0.11
"Strategic Financial Concepts, LLC",,,,,,,,,,,,,,,,,inf,-94.31,2015.19,117.59
Strategic Investment Advisors / MI,,,,,,,,inf,315.93,-17.34,-100.0,inf,67.79,9.89,-29.78,-100.0,inf,-6.7,5.52,-31.95
"Strategic Investment Solutions, Inc. /IL",,,,,,,,,,,,,inf,-71.78,5624.37,-88.32,-100.0,inf,-70.45,61.66
"Strategic Wealth Advisors Group, LLC",,-81.0,52.96,21.69,-80.3,32.33,8.12,97.54,-26.68,-35.78,-22.1,-100.0,,,,,,,,
"Strategic Wealth Investment Group, LLC",,,,,,,,,,,,,,,,inf,-100.0,inf,33.69,135.82
"Strategic Wealth Partners, Ltd.",,,inf,68.42,80.11,85.65,9.09,37.77,-27.59,-15.07,79263.05,14.35,47.08,5.72,-12.92,42.66,49.5,16.46,-0.42,-29.41
"Stratos Investment Management, LLC",,,,,,,,,,,,,,,,inf,23.07,28.53,19.82,-29.98
"Stratos Wealth Advisors, LLC",,,,,,,,inf,43.56,-45.3,7.03,115114.84,13.57,47.51,38.47,38.88,-3.07,4.19,-0.53,-30.17
"Stratos Wealth Partners, LTD.",,33.44,79.19,-2.57,-13.31,24.74,12.18,91.34,-9.81,-32.25,-19.21,91499.29,-16.21,79.91,47.5,61.23,6.29,-12.13,-1.84,-36.44
"Strengthening Families & Communities, LLC",,,,,,,,,inf,1.89,-41.67,3.17,4887.69,-86.03,-5.74,158564.17,-99.88,-8.5,99334.29,-99.97
Strong Tower Advisory Services,,,,,,,,,inf,-32.8,-15.45,104477.28,-100.0,,,,,,,
"StrongBox Wealth, LLC",,,,,,,,,,,,,,,,inf,122.44,-50.53,1.15,-100.0
Sturgeon Ventures LLP,,50.52,22.86,59.12,-14.22,35.13,28.35,34.41,-6.69,-24.0,-41.66,64986.05,-100.0,,,,,,,
"Styrax Capital, LP",,,,,,,,,,,,,inf,32.49,-36.66,222.58,22.44,-50.07,-100.0,
Successful Portfolios LLC,,7.19,57.32,13.76,-10.05,19.89,9.08,40.84,-16.04,-30.5,-17.27,103946.86,42.49,-19.91,-8.9,45.07,20.08,-9.72,-0.26,-27.06
"Sugar Maple Asset Management, LLC",,,,,,,,,,,,,,,,,,,,inf
"Sugarloaf Wealth Management, LLC",,138.46,-100.0,inf,-100.0,,,,,,inf,121992.5,120.15,-98.3,-100.0,,,,inf,-100.0
"Sullivan, Bruyette, Speros & Blaney, LLC",,inf,65.94,39.74,-19.37,-100.0,,,,,,,,,,,,,,
"Sumitomo Mitsui DS Asset Management Company, Ltd",,29.31,54.86,11.48,-9.59,21.91,9.52,42.96,2.33,-21.47,-10.98,101700.8,66.65,28.73,-3.04,43.16,28.76,-3.55,4.86,-19.11
Summa Corp.,,,,,,,,,,,,,,,,inf,19.22,-5.87,7.24,-24.05
Summerhill Capital Management lnc.,,,,,,,,,,,,,,,,,inf,-13.23,1.91,-100.0
"Summit Financial Wealth Advisors, LLC",,,,,,,,inf,-100.0,,,,,,,,,,,
"Summit Financial, LLC",,,,,,,inf,69.39,27.61,-11.11,-10.36,9.74,55.36,7.53,95.03,33.49,19.76,16.53,11.06,-18.19
Summit Global Investments,,,,inf,106.96,30.59,13.05,39.99,-97.41,-100.0,inf,-32.35,550.87,5.08,-20.41,15.26,-73.94,10.11,53.86,-100.0
"Summit Trail Advisors, LLC",,,inf,-100.0,inf,47.44,29.86,-38.17,93.86,-6.15,-50.99,167226.72,93.79,67.27,0.73,30.79,76.55,4.53,13.18,-100.0
"Summit Wealth Partners, LLC",,,,,,,,,,,,,,,,,,inf,12.94,-100.0
"Summit X, LLC",,-1.68,924.3,-80.26,-7.22,26.16,-0.46,34.71,-11.9,-13.29,-76.87,431558.8,-78.63,-22.75,-27.88,59.77,9.92,5.67,-0.63,-18.84
Sun Life Financial INC,,,inf,12.07,-12.31,-100.0,,,,,,,,,,,,,,
"Sunbelt Securities, Inc.",,,inf,-52.18,-5.94,-100.0,,inf,57.61,-23.76,2.4,100954.18,53.68,13.92,-1.09,50.75,41.16,191.24,-2.19,-26.45
"Sunflower Bank, N.A.",,,,,,,,,,,,,,,,,,,inf,-17.69
Supplemental Annuity Collective Trust of NJ,,15.69,55.89,11.87,-14.39,19.61,9.58,39.83,-24.04,-30.06,-17.18,102168.42,51.32,16.22,-9.74,43.37,22.44,-10.13,1.15,-26.38
"Surevest, LLC",,,,,,,,inf,-25.0,-26.67,-18.18,-100.0,,,,,,,,
Sutton Wealth Advisors Inc.,,16.96,31.39,74.32,-45.08,36.75,12.04,89.57,23.32,-29.36,-14.11,-9.11,44.75,187.59,-2.22,-100.0,,,,
Swedbank AB,,,,,inf,2.28,2.9,21.7,-44.55,-27.83,-36.13,4.17,33.1,11.49,0.0,131.76,-99.85,61997.14,30.54,-5.74
"Sweet Financial Partners, LLC",,,,,,,,,,,,,,,,,inf,-100.0,,
Swiss National Bank,,30.32,53.58,8.77,-10.7,27.77,6.56,34.2,16.7,-29.96,-17.95,95402.18,47.58,5.58,-19.56,39.84,17.25,-11.11,1.42,-29.84
Sylebra Capital Ltd,,,inf,213.85,-6.84,25.62,19.88,-18.32,-41.39,-28.41,69.83,69442.03,47.69,-4.2,-21.06,-100.0,,,,
Symmetry Investments LP,,,,inf,-100.0,,,,inf,-37.55,-45.99,111.27,2.81,135.22,-33.91,6.87,-17.2,-92.93,164.11,-100.0
"Symmetry Partners, LLC",,,inf,2.3,-45.05,19.71,8.23,41.37,94.23,-47.64,-17.03,2.18,51.29,16.2,-9.7,-14.09,21.32,-18.31,-100.0,
"Symphony Financial Services, Inc.",,,,,,,,,,,,,,,,,,inf,-11.71,-100.0
"Symphony Financial, Ltd. Co.",,,inf,52.61,-100.0,,inf,167.67,-100.0,,,,,,,inf,-43.21,-15.82,20.28,120.72
"Synergy Asset Management, LLC",,,,,,,,,,inf,7.3,-100.0,,,inf,-61.45,32.34,-11.11,-91.38,-21.68
"Synergy Financial Group, LTD",,,,,,,,,inf,-34.37,-17.16,-100.0,inf,14.01,-1.44,49.42,13.67,-9.77,1.42,-26.36
"Synergy Financial Management, LLC",,,,inf,-31.16,-93.9,-100.0,,,,,,,,,,,,,
"Syntegra Private Wealth Group, LLC",,,,,,,,,,,,inf,52.43,19.99,-11.31,31.04,25.73,-8.91,6.01,-26.16
"Systematic Alpha Investments, LLC",,,,inf,-14.41,52.79,12.91,19.69,-24.02,-26.98,-20.64,102133.64,51.32,16.22,-9.74,43.37,22.44,-10.13,1.15,-26.38
Syverson Strege & Co,,,,,,,,,,,,inf,315.37,-100.0,,,,,,
"T. Rowe Price Investment Management, Inc.",,,,,,,,,,,,,,,,,inf,43.03,199.66,-46.54
TANAKA CAPITAL MANAGEMENT INC,,,inf,-63.16,-14.29,0.0,33.33,-100.0,,,,,,,,,,,,
TANDEM CAPITAL MANAGEMENT CORP /ADV,,,,,,,,,inf,-8.89,-18.93,114855.11,-25.23,16.22,89.69,-25.76,20.1,-4.76,96.73,-65.67
"TAP Consulting, LLC",,,,,,inf,7.3,45.1,-22.23,-58.9,-16.24,79633.76,-100.0,,,,,,,
"TAURUS ASSET MANAGEMENT, LLC",,,,,,,,,inf,2627.21,-17.03,103557.29,50.41,16.28,-8.89,107.19,21.56,-10.63,-0.23,-25.98
"TBH Global Asset Management, LLC",,,,,,,,,,,,,,,,,inf,7.83,-100.0,
TCF National Bank,,,,,inf,-100.0,,,,,,,,,,,,,,
"TCFG WEALTH MANAGEMENT, LLC",,,,,,,,,,,,,,,,,,,inf,-28.21
"TCG Advisory Services, LLC",,,,inf,2.91,34.28,-2.34,-40.29,13.25,-100.0,,,inf,1006.23,-77.55,209.01,78.35,0.59,8.53,-100.0
"TCI Wealth Advisors, Inc.",,21.3,305.34,-56.87,100.44,-36.6,4.47,42.43,-8.55,-34.6,-9.65,104607.26,23.12,29.34,-7.72,53.81,36.88,-10.77,-7.7,-33.77
"TCTC Holdings, LLC",,inf,62.5,15.38,-13.33,15.38,6.67,43.75,-26.09,-29.41,-8.33,102945.45,51.32,16.22,-9.73,43.36,50.42,-10.13,1.15,-26.38
TCWP LLC,,,,,,,,,inf,6.41,-13.71,144050.78,-16.91,205.14,-11.25,-61.46,15.67,-20.0,-100.0,
TD ASSET MANAGEMENT INC,,20.91,106.45,27.2,-37.7,47.41,5.32,124.91,-23.1,-32.13,-21.24,-100.0,,,,,,,,inf
TD Asset Management Inc,,,,,,,,,,,,inf,111.9,3.78,-27.3,4.36,10.75,-14.8,3.89,-100.0
TD Capital Management LLC,,,,inf,-16.0,-33.33,10.71,38.71,-100.0,,inf,103532.0,51.32,-70.94,-9.74,43.37,122.44,-50.53,34.54,-26.39
TEACHER RETIREMENT SYSTEM OF TEXAS,,233.31,208.0,-10.14,-5.88,12.88,-28.88,111.36,16.47,-36.51,-25.85,-11.75,2.05,116.82,-52.31,51.01,-6.23,-27.31,-22.51,-56.15
TEACHERS RETIREMENT SYSTEM OF THE STATE OF KENTUCKY,,7.26,51.84,-0.89,-20.08,19.65,64.6,57.94,29.19,-100.0,inf,9.42,38.64,2.04,-17.88,-6.11,5.24,-23.18,-2.07,-29.64
TEALWOOD ASSET MANAGEMENT INC,,,,,,,,,,,,,inf,16.56,-7.56,40.95,22.07,-10.6,2.76,-26.25
"TELEMUS CAPITAL, LLC",,3.68,-100.0,,,,,,inf,0.0,-100.0,,inf,-100.0,,inf,-100.0,,,
TEXAS CAPITAL BANK WEALTH MANAGEMENT SERVICES INC,,,,,,inf,-28.18,39.55,-23.96,-30.0,-100.0,,inf,17.01,-100.0,,,,,
TEXAS PERMANENT SCHOOL FUND,,11.19,68.28,7.47,-18.33,19.37,1.7,24.3,-3.27,-29.4,-11.58,2.45,-100.0,,,,,,,
TEXAS PERMANENT SCHOOL FUND CORP,,,,,,,,,,,,,inf,16.82,-10.76,43.26,22.59,-27.94,-100.0,
TFB Advisors LLC,,,,,,,,,,,,,inf,65.78,-100.0,,inf,19.88,4.65,-36.6
TFC Financial Management,,,inf,11.88,-14.16,19.59,9.48,39.37,7.91,-38.74,-14.53,-100.0,,,,,,,,
"TFC Financial Management, Inc.",,,,,,,,,,,,inf,75.07,17.9,-10.25,43.98,-9.48,-10.99,-0.62,-56.12
TFG Advisers LLC,,,,,,,,inf,-100.0,inf,-100.0,,inf,40.81,4.24,62.52,23.78,-15.94,2.81,-24.93
"TFO Wealth Partners, LLC",,,,,,,,,,,,,,,inf,72.49,-100.0,,,
"TFO-TDC, LLC",,,,,,inf,-100.0,,,inf,-100.0,,,,,,,,,
THAMES CAPITAL MANAGEMENT LLC,,,,,,inf,-1.09,39.28,5.72,-60.23,-100.0,,,inf,-100.0,,,,,
THOMAS STORY & SON LLC,,,,,,,,,inf,-30.02,-3.53,11.57,47.35,11.75,-13.05,41.96,6.17,-10.16,17.64,-26.38
THOMAS WHITE INTERNATIONAL LTD,,15.61,55.75,17.5,-32.92,19.76,9.52,39.91,-24.08,-29.97,-17.12,102014.61,51.32,16.22,-100.0,,,,,
"THOMPSON DAVIS & CO., INC.",,,,,,,,inf,-13.25,36.16,-58.92,92252.66,56.2,12.82,-8.53,63.61,-37.41,-20.8,-6.17,-49.49
"THOMPSON INVESTMENT MANAGEMENT, INC.",,,,,,,,,,,,,inf,16.22,-9.74,43.37,-38.78,0.66,1.15,-26.38
THORNBURG INVESTMENT MANAGEMENT INC,,,,,,inf,-100.0,,,,,,,,inf,220794.02,-6.44,3.23,-8.82,-25.04
"THOROUGHBRED FINANCIAL SERVICES, LLC",,,,,,,inf,155.7,175.13,9.04,-38.31,0.19,-49.31,155.11,13.66,77.03,32.07,29.37,-28.51,10.68
"THURSTON, SPRINGER, MILLER, HERD & TITAK, INC.",,,,,,,,,,,,,,,,,inf,-89.68,0.44,-13.84
"TIAA TRUST, NATIONAL ASSOCIATION",,,,,,,,,,,,,,,inf,254.26,-70.86,-9.03,-100.0,
"TIAA, FSB",,,,,,inf,1.95,41.67,68.21,-29.48,-23.34,640276.13,18.45,-54.34,-100.0,,,,,
"TIEMANN INVESTMENT ADVISORS, LLC",,,,,,,,,inf,-100.0,,,inf,11.8,-9.74,29.13,35.88,-10.13,1.35,-45.28
TIFF ADVISORY SERVICES INC,,,,,,,,,,,,,inf,-8.51,-100.0,,,,,
"TIG Advisors, LLC",,,,inf,398.11,6.16,-67.36,1745.67,-100.0,,inf,65855.05,-100.0,,,,,,,
TIGER MANAGEMENT L.L.C.,,-100.0,,,,,,,,,,,,,,,,,,
"TILIA FIDUCIARY PARTNERS, INC.",,,,,,,,inf,-22.13,-20.81,-16.23,151491.68,25.78,24.28,-6.86,45.06,24.57,-4.98,6.62,-23.4
TITAN GLOBAL CAPITAL MANAGEMENT USA LLC,,,,,,,,,,,,inf,303.17,19.78,-56.32,41.69,0.7,-10.86,-1.76,-27.95
"TITLEIST ASSET MANAGEMENT, LLC",,,,,,,,,,,,,inf,22.81,-3.7,28.51,19.92,5.44,11.71,-35.23
"TITLEIST ASSET MANAGEMENT, LTD.",,,,,,,,inf,3.71,-36.24,156.33,31719.45,-100.0,,,,,,,
"TKG Advisors, LLC",,,,,,,,,,,,,,,,,inf,-100.0,,
TLWM,,,,,,,,,,,,,,,,,,inf,2.47,-23.22
TOBAM,,,inf,18.9,-14.36,-23.35,-5.86,40.25,12.43,-22.63,-99.32,0.0,100.0,5450.0,12.61,98.8,159.76,50.58,-44.03,-40.07
TODD ASSET MANAGEMENT LLC,,,,,,,,,,inf,-100.0,,,,,,,,,
TOKIO MARINE ASSET MANAGEMENT CO LTD,,,,,,,,,,,,,,inf,-16.25,-100.0,,,,
TOMPKINS FINANCIAL CORP,,,,,,,,,,,,,,,,,inf,-10.13,1.15,-26.38
"TORNO CAPITAL, LLC",,,,,,,,,,,,,,,,,,inf,-100.0,inf
TORONTO DOMINION BANK,,127.65,-21.81,28.29,-24.48,174.56,-49.64,51.83,17.3,-28.19,-4.65,23.17,63.5,183.25,67548.64,-39.13,12.76,-14.25,84.7,15.02
TOTH FINANCIAL ADVISORY CORP,,17.46,33.01,9.94,-96.96,19.57,1543.64,69.03,-59.75,-90.89,23.21,96115.94,1301.6,20.9,-7.87,43.37,-22.75,-10.13,-6.59,-24.94
TOWER BRIDGE ADVISORS,,,,,,,,,,,,inf,76.19,16.22,-9.74,60.23,9.55,-10.13,-10.75,-33.25
TOWNSEND ASSET MANAGEMENT CORP /NC/ /ADV,,,,,,,,,,,,,,,,inf,25.49,-7.73,1.15,-31.78
TOWNSQUARE CAPITAL LLC,,,,inf,-100.0,,,,,,,inf,33.64,105.18,127.92,54.9,18.9,12.5,11.1,-99.85
"TRAN CAPITAL MANAGEMENT, L.P.",,,,,,,,,,,,,,,,,,inf,24.7,-26.38
"TRANSCEND CAPITAL ADVISORS, LLC",,,,,,,,,inf,-28.16,-100.0,inf,58.29,44.03,-3.64,39.13,75.0,18.23,10.01,-61.65
"TRANSCEND WEALTH COLLECTIVE, LLC",,,,,inf,40.33,-100.0,inf,-100.0,,,,,,,,,,,
TRAPHAGEN INVESTMENT ADVISORS LLC,,,,,,,,,,,,,,,,inf,10.35,-49.29,17.69,-100.0
"TRH Financial, LLC",,,inf,40.98,1.3,52.06,67.81,49.3,-72.88,-77.91,-100.0,,,,,,,,,
"TRIGLAV SKLADI, D.O.O.",,,,,,,,,,,,,,,,,,,,inf
"TRITONPOINT WEALTH, LLC",,,,,,,,,,,,,,,,inf,-4.49,21.17,7.29,-39.34
"TRU INDEPENDENCE ASSET MANAGEMENT 2, LLC",,,,inf,-100.0,,,,,,,,,,,,,,,
TRUE Private Wealth Advisors,,-32.26,80.95,10.53,-100.0,,,,,,,,,,,,inf,-1.34,11.37,-100.0
TRUEWEALTH LLC,,,,,,,,,,,,,,,,,,,,
TRUST CO OF OKLAHOMA,,,,,,,,,inf,-49.12,-41.02,-17.35,7.62,10.74,-17.34,39.97,7.04,-11.33,1.32,-22.85
TRUST CO OF TOLEDO NA /OH/,,,,,,,inf,37.62,525.41,-30.62,-20.2,5.12,148017.13,-2.84,-11.86,41.11,18.36,-11.99,5.89,-25.64
TRUST CO OF VERMONT,,5.45,27.59,12.16,-14.46,19.72,-100.0,inf,-100.0,inf,44.57,70611.28,145.64,20.86,14.2,38.74,44.19,15.61,1.31,-13.04
TRUST POINT INC.,,,,,,,,,,,,,,,,inf,76.0,-17.42,-25.62,-46.8
"TRUSTCORE FINANCIAL SERVICES, LLC",,75.0,0.0,214.29,-19.32,-7.04,9.09,48.61,82.24,-21.54,-27.45,101723.42,-100.0,,,,,,,
TRUSTMARK NATIONAL BANK TRUST DEPARTMENT,,,,,,,,,,,,,,,,,,inf,-100.0,
"TSFG, LLC",,inf,60.0,81.25,-13.79,20.0,6.67,40.62,-24.44,20.59,-19.51,3.03,20.59,0.0,-9.76,129.73,42.35,-4.96,7.83,-24.19
TT International Asset Management LTD,,,,,,,,,,,,,,,,,,,inf,-49.92
"TTP Investments, Inc.",,,,,,,,inf,12.59,-30.46,-16.28,65579.86,46.6,11.56,-100.0,inf,269.99,16.18,117.29,-96.36
TUCKER ASSET MANAGEMENT LLC,,,,inf,-22.25,-81.89,28.0,20.73,-0.48,-33.27,-21.08,33.74,86.23,16.22,-2.94,89.35,190.02,-34.75,-12.35,-34.34
TWIN CAPITAL MANAGEMENT INC,,,inf,654.84,-22.26,67.01,6.41,26.37,-23.66,-31.09,-18.26,-9.2,76152.17,-16.05,-13.55,143.22,53.56,-7.33,-0.82,-32.71
"TWIN PEAKS WEALTH ADVISORS, LLC",,,,,,,,,,,,,,,,,,,,inf
TWINBEECH CAPITAL LP,,-100.0,,,,,,,inf,-100.0,,inf,-100.0,,,,,,,
"TWO SIGMA ADVISERS, LP",,578.46,-84.17,315.52,-41.51,-37.94,-100.0,inf,-48.65,-100.0,,inf,-100.0,,inf,-90.94,-100.0,inf,-100.0,
"TWO SIGMA INVESTMENTS, LP",,10.35,48.6,111.64,73.6,-26.8,-88.23,833.36,-35.61,-100.0,inf,309442.16,-98.94,16.22,8527.29,-20.88,-96.74,3395.42,-90.98,-100.0
"TWO SIGMA SECURITIES, LLC",,117.95,-33.84,29.74,-60.56,1063.33,-60.38,-28.67,159.0,55.47,-31.07,34394.69,245.08,17.88,255.39,12.5,-28.14,7.92,-49.32,-99.22
"Tabor Asset Management, LP",,,,,,inf,41.71,-100.0,,,,,,,,,,,,
"Tactive Advisors, LLC",,,,,,,,,,,,,,inf,-100.0,,inf,-100.0,,
"Taddei, Ludwig & Associates, Inc.",,,,inf,-100.0,,,,,,,,,,,,,,,
"Taika Capital, LP",,,,,,,,inf,432.17,-19.11,6.27,-100.0,,,,,,,,
Tairen Capital Ltd,,-100.0,inf,-48.78,-100.0,inf,-100.0,inf,1186.36,-94.4,-100.0,inf,183.67,420.98,-100.0,,,,,
"Talon Private Wealth, LLC",,,,,,,,,,,,,,,,,,,,inf
"Tamar Securities, LLC",,,,,,,,,,,,,inf,0.01,-100.0,inf,67.86,-8.25,19.74,-40.03
Tanager Wealth Management LLP,,,,,,,,,,,,,,,,,inf,-10.13,4.55,-100.0
"Tarbox Family Office, Inc.",,23.08,60.42,12.99,-16.09,20.55,10.23,37.11,-33.83,-100.0,,,,,,,,,,
"Tatro Capital, LLC",,,,,,,,inf,-100.0,,,,,,,,,,,
"Team Financial Group, LLC",,,,,,,,,,,,,,,inf,-100.0,,,,
"Team Hewins, LLC",,,,,,,,,,,,,,,,inf,-38.56,-100.0,,
"Teamwork Financial Advisors, LLC",,,,,,,,,inf,-10.31,10.85,44850.47,375.05,-34.12,45.6,-37.24,20.42,-7.52,25.34,-18.27
"Telemark Asset Management, LLC",,-100.0,,,,,,,,,,,,inf,-100.0,,inf,-100.0,,
"Telemetry Investments, L.L.C.",,,,,,,,,inf,-41.08,4.81,-100.0,,,,,,,,
"Telemus Capital, LLC",,,inf,-100.0,,,,,,,,,,,,,,,,
"Telos Capital Management, Inc.",,,,,,,,inf,-100.0,,,,,,,,inf,-10.13,13.61,-100.0
"Tempus Wealth Planning, LLC",,,,,,,,,,,,,inf,16.22,11.3,48.29,33.22,6.72,2.79,6.22
"Ten Capital Wealth Advisors, LLC",,,,,,,,,,inf,-100.0,inf,-100.0,,,,,,,
Tenere Capital LLC,,,,,,,,,,,,inf,-100.0,,,,,,,
Tennessee Valley Asset Management Partners,,,,,,,,,,,,,,inf,-3.04,166.92,-37.87,79.74,-49.28,-27.25
Tevis Investment Management,,,,,,,,,inf,700.0,-100.0,,,,,,,,,
Texas Bank & Trust Co,,,,,,,,,,,,,,,,,,,,inf
Texas Capital Bank Wealth Management Services Inc,,,,,,,,,,,,,,,inf,49.34,31.28,99.28,-100.0,
Texas Yale Capital Corp.,,,,,,,,,,,,,,,,inf,40.76,-6.3,1.15,-29.39
Teza Capital Management LLC,,-75.37,15.67,-100.0,inf,101.82,-64.62,-100.0,inf,-26.78,1618.66,-100.0,inf,499.83,-100.0,,inf,-100.0,inf,-100.0
Third Point LLC,,,,,,,,,,,,,inf,39.47,-100.0,,,,,
"Thomas J. Herzfeld Advisors, Inc.",,inf,0.0,0.0,0.0,50.0,33.33,25.0,-20.0,-100.0,,,,,,,,,,
"Thrive Capital Management, LLC",,,,,,,,,,,,,,inf,28.66,72.51,-49.4,155.09,4.43,-100.0
"Thrive Wealth Management, LLC",,,,,,,,,,,,,,,,inf,29.74,-4.16,-5.73,-100.0
Thrivent Financial for Lutherans,,-10.1,32.0,-54.38,-82.99,36.2,16.04,71.2,-45.25,-28.03,-13.53,12.9,600.6,35.43,33.16,35.99,16.63,-0.23,1.43,-45.18
Tidal Investments LLC,,,,,,,,,,,,,,,,inf,17.52,-8.92,115.0,7.4
"Tidemark, LLC",,,,,,,,,,,,,,,,inf,22.44,22.23,1.15,-26.39
"TigerOak Management, L.L.C.",,,,,,,,,,,,,,,,,,,,inf
"Tilt Investment Management Holdings, PBC",,,,,,,,,,,,inf,70.91,17.91,-9.74,9.41,-100.0,,,
"TimeScale Financial, Inc.",,,,,,inf,50.0,100.0,-33.33,-25.0,33.33,110775.0,10.51,18.53,-100.0,,,,,
"Titan Capital Management, LLC /CA",,,inf,104.56,-100.0,,,inf,-100.0,,,,,,,,,,,
"Toroso Investments, LLC",,,inf,-72.21,14.99,87.81,25.59,102.09,9.31,-42.68,-26.91,8.7,307.22,-10.68,101749.67,-100.0,,,,
"Tortoise Investment Management, LLC",,16.67,57.14,12.12,-16.22,22.58,34.21,19.61,-21.31,-31.25,-15.15,100525.0,51.32,36.26,-6.73,192.17,-31.71,-11.48,33.73,-21.0
"Total Clarity Wealth Management, Inc.",,,,,inf,2588.89,18.18,38.93,-11.07,-45.85,-18.64,-100.0,,,,,inf,-0.07,7.88,-100.0
"Totem Point Management, LLC",,63.93,31.09,-33.65,31.6,-7.23,-35.36,15.46,-29.63,-32.63,-100.0,inf,14.71,29.64,-17.93,37.35,-19.97,-56.19,125.57,-100.0
Tower View Wealth Management LLC,,,,,,,,,,,,,,,,,inf,-8.33,53.37,-100.0
TownSquare Capital LLC,,,,,,inf,104.55,55.11,127.79,4.21,-0.3,-100.0,,,,,,,,
"Tradewinds Capital Management, LLC",,150.0,-30.0,57.14,-18.18,-5.56,52.94,38.46,-25.0,-81.48,-20.0,114875.0,47.05,16.22,-9.73,43.37,148.42,20.04,20.08,656.39
"Tradewinds, LLC.",,,,,,,,,,,,,,,,,,inf,7.94,-57.02
"Tradition Wealth Management, LLC",,,,inf,520.0,1193.55,23.44,49.29,2.71,-70.36,-20.44,-63.69,226.15,52.83,35.49,82.69,149648.13,-11.9,13.53,-36.71
"Tranquility Partners, LLC",,,,,,,,,,,,,,,,,inf,-10.41,9.47,-100.0
"Transamerica Financial Advisors, Inc.",,,,,,inf,-100.0,,,,,,,,,,inf,-100.0,inf,-50.0
"Transce3nd, LLC",,,,,,,,,,,,,,,,,,,,inf
Transcendent Capital Group LLC,,,,,,,,,,,,,,,,inf,122.44,991.79,-88.54,-70.55
"Traveka Wealth, LLC",,,,,,,,,,,,,,,,inf,34.01,-8.77,31.34,-45.97
"Traynor Capital Management, Inc.",,,,,inf,173.97,-55.17,3190.71,-19.0,-29.14,-8.46,92225.87,-87.81,976.09,-5.27,43.38,22.68,-8.96,7.98,-14.74
Treasurer of the State of North Carolina,,34.77,56.43,15.38,-14.11,18.85,9.69,40.6,3.08,-29.88,-19.54,3.44,52.4,16.1,-8.73,190.22,-38.27,-10.45,0.41,-25.94
Tredje AP-fonden,,-66.33,501.15,59.66,-22.89,19.66,-72.98,39.85,-7.55,83.24,23.39,46368.91,182.46,-8.5,-7.6,79.07,52.01,-25.91,26.67,-45.63
"Trek Financial, LLC",,,,,,,inf,11.44,-0.62,-4.13,-29.53,93073.7,24.36,16.82,33.31,-4.74,63.57,1.87,-2.67,-49.09
"Trellus Management Company, LLC",,,,,,,,,,,,,,inf,-9.74,-100.0,,,,
Trexquant Investment LP,,472.38,56.11,-87.36,626.38,-92.22,1663.41,-32.94,260.94,-73.64,146.96,-100.0,,,,,inf,-100.0,,
TriaGen Wealth Management LLC,,,,inf,-100.0,,,,,,,,,,,,inf,-100.0,,
"Triad Wealth Partners, LLC",,,,,,,,,,,,,,,,,,inf,-100.0,inf
Triangle Securities Wealth Management,,,,,,,,,,,,,inf,-12.15,-15.22,42.28,10.46,-10.38,189.76,-26.97
Triasima Portfolio Management inc.,,,,inf,-14.26,-100.0,,inf,16.0,-37.93,-27.78,-100.0,,,,,,,,
Triatomic Management LP,,,,,,,,,,,inf,102168.42,7.06,4905.12,-100.0,,inf,-100.0,,
"Tributary Capital Management, LLC",,-12.95,-78.36,-100.0,,,,,,,,,,,,,,,,
"Trifecta Capital Advisors, LLC",,,,,,,,,,,,inf,65.48,38.73,174.47,58.0,39.46,-0.77,8.26,-21.94
Trilogy Capital Inc.,,,,,,,,,,,,,,,,,inf,504.68,29.72,-32.23
"Trinity Legacy Partners, LLC",,,,,,,,,,,,,,,inf,45.36,21.71,-21.84,0.57,-100.0
"TrinityPoint Wealth, LLC",,,,,,,,,inf,-60.11,21.25,101816.9,19.79,16.12,-10.29,473.47,-78.33,-11.3,0.96,-24.22
Triumph Capital Management,,,,,,,,,inf,-26.58,49.6,-100.0,inf,-25.32,58.73,-100.0,inf,-57.09,948.41,-6.34
"Trivant Custom Portfolio Group, LLC",,,,,,,,,,,,,inf,20.23,-3.87,42.92,19.78,-9.89,1.26,-24.4
Trivest Advisors Ltd,,,,,,inf,-14.28,73.83,-38.82,-85.56,-20.89,429.72,4.86,-98.53,170.85,-100.0,,,,
"Trivium Point Advisory, LLC",,,,,,,,,,,,,,,,,,,inf,-22.72
Troluce Capital Advisors LLC,,,,,,,,,,,,,,,,,,inf,-100.0,
"TruNorth Capital Management, LLC",,,,,,,,,,,,,,,,,inf,-75.56,1.13,-26.39
"TruWealth Advisors, LLC",,,,,,,,,,,,,,,,inf,6.97,-2.68,3.49,-26.64
"Truadvice, LLC",,,,,,,,,,,,,inf,-100.0,,,,,,
True Capital Management,,,,,,,,,,,,,inf,-100.0,,,,,,
"True North Advisors, LLC",,15.77,57.98,23.65,-14.54,18.88,9.61,41.86,-22.7,-31.0,-11.35,92823.47,51.32,16.32,-9.73,68.05,7.28,-11.23,-0.25,7.45
"True Wealth Design, LLC",,,,,,,,,,,,inf,65.31,35.51,-3.26,3759.62,24.86,-8.38,-92.53,18.07
"TrueMark Investments, LLC",,,,,,,,,,,,,,,,inf,39.02,-10.13,-9.33,-31.98
"TrueWealth Advisors, LLC",,,,,,,,,,,,,,,,,inf,20.77,35.69,-100.0
"Trueblood Wealth Management, LLC",,,,,,,,,,,,,,,,inf,10.25,-9.04,1.67,-26.68
"Truepoint, Inc.",,,,,,,,,,inf,-100.0,,,,,inf,-100.0,,,
Trust Asset Management LLC,,,inf,-25.31,4.12,33.99,17.5,39.92,6.52,-25.55,-11.54,102157.12,53.24,16.22,-9.74,43.37,22.44,-10.13,1.15,-26.38
Trust Investment Advisors,,18.38,57.11,8.15,-16.55,21.44,9.33,140.95,-55.17,-30.27,-19.3,99623.72,69.93,17.43,-23.98,43.07,20.68,-10.27,2.29,-33.19
Truvestments Capital LLC,,0.0,-100.0,inf,-100.0,inf,0.0,4475.0,-100.0,inf,-17.7,107570.97,57.39,20.56,-9.74,38.21,113.66,-0.42,9.03,-22.89
Truxt Investmentos Ltda.,,,,,,,,,,,inf,-100.0,,,,,,,,
Trybe Capital Management LP,,,,inf,-14.4,-100.0,,,,,,,,,,,,,,
Turim 21 Investimentos Ltda.,,,,,,,,,,,,,,inf,-100.0,,,,,
Turiya Advisors Asia Ltd,,,,,,inf,-100.0,,,,inf,143295.69,74.0,-100.0,inf,118.55,-3.18,-100.0,,
"Turtle Creek Wealth Advisors, LLC",,,,,,,,,,,,,,,,inf,28.02,8.67,3.24,-100.0
Tuttle Tactical Management,,,,inf,-100.0,,,,,,,,,,,,,,,
"Twin Lakes Capital Management, LLC",,,,inf,-57.21,-5.15,-6.88,32.68,-14.96,-30.0,-17.24,102298.21,51.32,16.22,-9.74,43.37,22.44,-10.13,-0.71,-26.38
"Twin Peaks Wealth Advisors, LLC",,,,,,,,,,,,,,,,inf,22.13,-12.3,50.63,-100.0
"Twin Securities, Inc.",,,,,,,,inf,-100.0,,,,,,,,,,,
"Twin Tree Management, LP",,-74.35,553.62,9.51,34.17,6.89,-53.0,-38.84,361.43,9.22,-14.08,79107.22,28.03,50.86,7.74,58.99,2.62,-52.44,50.16,-49.52
Tyche Wealth Partners LLC,,,,,,,,,,,,,,,,inf,-45.9,-100.0,,
Tyler-Stone Wealth Management,,,,,,,,inf,-22.08,-23.33,-22.28,2.1,-100.0,inf,-13.73,149567.82,138.66,-14.81,140.39,-28.89
"U.S. Capital Wealth Advisors, LLC",,,,,,,,inf,2.45,-100.0,inf,125447.67,203.13,44.93,7.09,49.96,13.27,-10.14,-24.63,73.82
UBP Investment Advisors SA,,inf,-22.0,152.56,-61.93,-100.0,,inf,-100.0,,,,,,,,,,,
"UBS AM, a distinct business unit of UBS ASSET MANAGEMENT AMERICAS LLC",,,,,,,,,,,,,,,,,,,inf,-23.25
UBS ASSET MANAGEMENT AMERICAS INC,,60.29,68.39,84.4,-59.54,17.98,7.41,36.69,90.44,-36.86,-13.53,-2.1,59.52,0.0,-8.86,92.65,-100.0,,,
UBS ASSET MANAGEMENT AMERICAS LLC,,,,,,,,,,,,,,,,,inf,5.54,-100.0,
"UDINE WEALTH MANAGEMENT, INC.",,,,,,,,,,,inf,-100.0,inf,-8.61,-100.0,,,,,
UG Investment Advisers Ltd.,,,,,,,,,,,,,,,inf,-100.0,,,,
"UMA Financial Services, Inc.",,,,,,,,,inf,-2.63,-100.0,,,,,,,,,
UMB BANK N A/MO,,,,,,,,inf,3946.21,-100.0,,,,,,,,,,
"UMB Bank, n.a.",,,,,,,,,,inf,-87.15,23.75,150112.37,9.42,144.42,6.84,22.91,-3.4,6.06,-37.08
UNIO CAPITAL LLC,,,,,,,,,,,,,,,,,inf,106.64,0.22,-100.0
UNITED BANK,,,,,,,,,,,,,,,,,inf,18.8,-13.76,-100.0
UNIVERSITY OF TEXAS/TEXAS AM INVESTMENT MANAGEMENT CO,,,,,,,,,,,,,,,,inf,0.0,-100.0,,inf
USA FINANCIAL FORMULAS,,,,,,,,,,,,,inf,16.33,35255.61,-100.0,inf,-9.17,-100.0,
USA Financial Portformulas Corp,,13.82,-43.5,-27.55,-100.0,inf,-100.0,,inf,-100.0,,,,,,,,,,
"USAdvisors Wealth Management, LLC",,,,,,,,,,,,,,,,,,,,inf
USCA RIA LLC,,-100.0,,,,,,,,,,,,,,,,,,
USS Investment Management Ltd,,155.94,57.13,4.97,-14.38,19.62,137.69,39.9,125.29,-68.23,-43.79,104595.15,58.55,17.66,-11.94,37.77,24.1,-8.22,-0.76,-27.89
"Ulland Investment Advisors, LLC",,,,,,,,,,,,,,,,inf,140.82,-58.47,85.71,-26.37
"Ulrich Consultants & Investment Group, LLC",,,,,,,,,,inf,-17.2,-100.0,,,,,,,,
Umpqua Bank,,,,,,,,,,,,,,,,,,inf,21.9,-11.43
Uncommon Cents Investing LLC,,,,,,,,,,,,,,,,,,,inf,-100.0
UniSuper Management Pty Ltd,,,,,,,,,,,,,,inf,-50.59,43.84,22.67,22.61,1.24,-42.07
"Unique Wealth Strategies, LLC",,,,,,,,,,,,,,,,,,inf,-100.0,
Unison Advisors LLC,,,,,,,,,,,inf,102130.91,51.32,16.22,-9.74,43.37,22.44,-10.13,1.15,-26.38
"United Advisor Group, LLC",,,,,,,,,,,,,,,,,inf,-32.2,813.69,-33.73
"United Asset Strategies, Inc.",,14.29,54.31,11.73,-6.75,20.38,7.8,39.67,-69.08,-100.0,,,,,inf,38.22,26.41,-11.1,2.89,-15.33
United Bank,,,,,,,,,,,,,,,,,,,inf,55.56
"United Capital Management of KS, Inc.",,,,,,,,,,,,,,,inf,55.0,27.07,-100.0,,
"Uniting Wealth Partners, LLC",,,,,,,,,,,,,,,,,,,,inf
"Urban Wealth Management, LLC",,,,inf,-100.0,,,,,,,,,,,,,,,
Utah Retirement Systems,,161.72,-21.55,19.95,-17.97,20.03,3.99,40.16,0.91,-30.9,-16.71,101170.53,51.76,11.13,-9.31,44.2,22.52,-14.33,1.61,-26.22
V Wealth Advisors LLC,,,inf,38.73,-9.05,10.67,100.0,-31.47,-4.58,-14.42,-22.46,109693.63,74.2,17.44,-55.39,-100.0,,,,
VALICENTI ADVISORY SERVICES INC,,,,,,,,,inf,-30.25,-17.73,-2.91,15.51,-17.31,-3.61,91.64,19.44,-3.54,-1.25,-26.4
VALLEY FORGE INVESTMENT CONSULTANTS INC ADV,,,,,,,,,,,,,,,,,,inf,-100.0,
VALLEY NATIONAL ADVISERS INC,,16.28,90.0,-91.58,150.0,55.0,58.06,57.14,2.6,-18.99,-6.25,8.33,30.77,-1.18,17.86,69.7,125.0,-6.08,-67.32,-27.59
"VALLEY WEALTH MANAGERS, INC.",,,,,,,,,,,,,,,inf,43.39,22.46,-10.14,1.17,-26.39
VAN ECK ASSOCIATES CORP,,143.46,50.2,-27.06,24.42,21.51,-9.78,25.87,2.99,-29.93,-8.24,17.74,41.63,-0.78,10.29,39.33,19.23,42.07,2.77,1.14
VANGUARD GROUP INC,,-0.92,54.45,12.77,-13.92,20.54,10.02,39.44,4.25,-30.01,-16.56,103369.76,205.88,-41.26,81.98,45.77,-37.76,-8.56,2.08,-25.69
VCI Wealth Management LLC,,,,,,,,,,,,,,,,,inf,20.07,-100.0,
"VERUS CAPITAL PARTNERS, LLC",,-100.0,,,,,,,inf,-20.26,-38.63,76909.81,73.36,17.57,-3.83,47.06,23.47,-8.34,0.7,-22.64
"VESTOR CAPITAL, LLC",,-100.0,inf,14.27,-64.24,-98.95,8.33,40.0,6783.52,-69.22,-20.7,-94.96,71841.56,-14.59,-99.72,7153.73,22.99,-98.24,8.57,-27.19
"VETAMER CAPITAL MANAGEMENT, L.P.",,,,,,,,,,,,,,inf,225.75,-100.0,,,,
"VIAWEALTH, LLC",,,,,,,,,,,,inf,-1.75,-36.85,-100.0,,,,inf,-25.58
VICTORY CAPITAL MANAGEMENT INC,,-44.07,-3.1,10.27,-1.55,16.94,17.88,28.74,-27.26,-15.78,-15.21,353755.22,-58.08,0.05,-4.05,22.93,39.53,-4.28,-6.69,-35.16
"VICTORY FINANCIAL GROUP, LLC",,,,,,,,,,,,,,,,,,,,inf
VICUS CAPITAL,,,,,,,,,,,,,inf,85.28,-31.37,19.7,19.18,37.76,-41.02,-18.64
VIKING GLOBAL INVESTORS LP,,,inf,-0.22,-100.0,,,,,,,inf,-100.0,,,inf,2.14,-100.0,,
VIRGINIA RETIREMENT SYSTEMS ET AL,,,inf,33.26,102.34,67.72,-3.29,16.77,0.97,-100.0,inf,6.58,-100.0,inf,-100.0,,,,,
"VIRGINIA WEALTH MANAGEMENT GROUP, INC.",,,,,,,,,,inf,-100.0,,,,,,,,,
VISTA INVESTMENT PARTNERS LLC,,,,,,,,,,,,,,,,,,inf,-100.0,
"VOISARD ASSET MANAGEMENT GROUP, INC.",,,,,,,,,,,,,,,,inf,19.0,-29.81,33.37,-100.0
"VOLORIDGE INVESTMENT MANAGEMENT, LLC",,,,,inf,-100.0,,inf,-65.53,-19.68,-38.7,62611.45,-100.0,inf,-94.73,-100.0,inf,-100.0,,
"VSM Wealth Advisory, LLC",,,,,,,,,,,,,,,,,,,,inf
Vahanian & Associates Financial Planning Inc.,,,,,,,,inf,-100.0,,,,inf,41.83,-7.92,3.25,-100.0,,,
"Valeo Financial Advisors, LLC",,20.61,105.7,30.77,41.88,46.27,-72.45,205.76,49.93,-68.49,-2.85,171139.59,145.36,-11.8,0.74,48.19,214.12,-43.95,3.54,-16.12
"Valiant Capital Management, L.P.",,,,,,,,,,,,,,inf,6.37,26.43,-7.9,-16.72,-100.0,
Valley Brook Capital Group,,,,,inf,-100.0,,,,,,,,,,,,,,
"Valley Brook Capital Group, Inc.",,,,,,,,inf,-8.8,-100.0,,,inf,11.5,-9.74,99.26,88.85,3.68,17.19,-34.77
Valliance Asset Management Ltd,,,,,,,,,,,,,,,inf,-100.0,,,inf,-100.0
"Valmark Advisers, Inc.",,,inf,1.67,-14.4,19.71,-4.42,39.08,44.41,-25.31,-22.41,174545.13,47.33,-23.48,-9.74,115.62,52.71,-3.9,1.76,-26.88
"Value Aligned Research Advisors, LLC",,,,,,,,,,,,,,inf,-1.08,97.31,50.85,-100.0,inf,-100.0
Value Star Asset Management (Hong Kong) Ltd,,,,,,,,inf,-24.02,-100.0,,,inf,13.99,-15.05,-99.91,-46.69,12229.7,-100.0,
Valued Wealth Advisors LLC,,,,,,,,,,,,,,,,inf,199.64,-0.02,0.08,-32.32
"Values First Advisors, Inc.",,,,,,,,,inf,-100.0,,,inf,-100.0,,,,,,inf
"Van Hulzen Asset Management, LLC",,inf,48.29,77.94,-11.92,40.08,8.04,8.41,-21.24,-28.42,-18.55,-1.25,54.77,20.37,116.25,34.75,19.95,-56.17,5.18,45700.18
"Van Leeuwen & Company, LLC",,-100.0,,inf,-100.0,inf,230.8,-100.0,inf,-100.0,,,,,,,,,,
Vanguard Capital Wealth Advisors,,,,,,inf,-100.0,,,,,,inf,134.51,-44.01,49.16,9.47,-21.24,43.39,-100.0
"Vanguard Personalized Indexing Management, LLC",,,,,,,,,inf,72.31,-55.03,87016.59,74.69,23.46,-8.44,66.8,37.05,-11.44,16.8,-29.11
Vantage Consulting Group Inc,,,,inf,-100.0,,,,,,,,,,,,,,,
"Vantage Financial Partners Ltd., Inc.",,,,,,inf,9.52,-2.56,76811.02,-99.93,-100.0,inf,60.49,14.56,9.89,44.22,-100.0,,,
"Vantage Financial Partners, LLC",,,,,,,,,,,,,,,inf,133.69,-100.0,,,inf
Vantis Investment Advisers L.P.,,inf,-31.16,6.27,-15.11,-87.05,153.61,-100.0,,,,,,,,,,,,
"Variant Private Wealth, LLC",,,,,,,,,,,,,,,,,,,,inf
Varma Mutual Pension Insurance Co,,inf,55.85,76.61,-75.75,19.66,9.55,-24.68,220.79,-38.42,38.65,160144.37,-1.39,-13.67,-2.01,-100.0,inf,-19.98,-18.21,-18.2
"Vectors Research Management, LLC",,,,,,,,,,,,,,,,,,,inf,74774.18
"Veery Capital, LLC",,,,,,,,,,,,,inf,-18.76,-17.25,8.33,22.85,-10.51,-0.43,-26.52
Venture Visionary Partners LLC,,,,,inf,-100.0,inf,58.36,-11.42,137341.12,-99.9,72575.38,101.21,19.98,44.88,457.72,-51.0,31.46,3.77,-45.57
"Venturi Wealth Management, LLC",,inf,55.32,13.86,-14.41,20.6,122.31,-29.4,-22.21,-30.33,-99.18,109418.18,841.3,-92.16,27.88,3.79,108.15,-6.49,20.45,639.44
Veracity Capital LLC,,inf,93.22,-78.55,3.78,-16.26,-43.77,11.6,-100.0,,,,,inf,-9.17,84.14,43.34,-34.23,19.61,-17.46
"Verdad Advisers, LP",,,,,,,,,,,,,,,,,inf,-100.0,,
Verde Servicos Internacionais S.A.,,,,,,,,,,,inf,-100.0,,,,,,,,
Verdence Capital Advisors LLC,,,,,,,,,inf,-27.09,-16.86,154959.91,54.55,14.45,36.22,72.79,16.05,-6.76,21.45,-28.29
"Veritable, L.P.",,8.44,48.35,25.44,-28.52,38.83,14.18,40.1,62.63,-28.4,-22.15,106335.58,59.6,9.53,-100.0,,,,,
Veritas Investment Partners (UK) Ltd.,,,,,,,,,,,,,,,,inf,-100.0,,,
Veriti Management LLC,,,,inf,-8.6,76.99,15.77,33.28,10.18,-25.11,-19.42,105714.41,-100.0,,,,,,,
Verition Fund Management LLC,,28.19,376.48,926.45,-97.51,-60.8,628.53,2468.95,-31.21,-91.75,-21.58,16160.22,142.06,-50.89,244.44,51.14,-13.97,36.89,750.42,43.53
"Verity Asset Management, Inc.",,,,,,inf,-100.0,inf,759.22,-100.0,inf,18.9,156.93,-46.61,-7.99,53.83,-2.61,96.28,3.09,-63.45
"Vermillion & White Wealth Management Group, LLC",,,,,,,,,,,,,,,,inf,88.61,418.78,11.3,-26.38
"Vermillion Wealth Management, Inc.",,,,,,,,,,,,,,,,,,,,inf
"Versant Capital Management, Inc",,,,,,,inf,33.33,3825.0,19.11,-17.11,102780.0,92.25,-2.06,3.96,66.79,-82.25,53.59,30.4,-10.0
Versor Investments LP,,,,,,,,,,,inf,-100.0,,,,,,,,
"Vest Financial, LLC",,,,,,,,,,,,,,,,,,inf,202.43,-3.56
Vestcor Inc,,15.01,52.14,5.42,-15.66,7.73,-3.46,16.87,31.29,2.9,33.44,13.93,-15.51,13.62,-16.93,41.87,10.87,-10.13,85.96,-61.12
"Vestmark Advisory Solutions, Inc.",,,,,,,inf,50.39,61.04,-52.26,16.22,165251.74,46.69,-60.04,-100.0,,inf,-22.78,636.43,11.27
Vestment Financial LLC,,,,,,,,,,,,,,,,,,,,inf
Victrix Investment Advisors,,,,,,,,,,,,,,,,,,,,inf
"Vident Advisory, LLC",,,,,,,,,,,,,,,inf,71.69,357.6,94.14,39.24,-97.12
"Vident Investment Advisory, LLC",,159.92,128.29,1.54,60.32,64.53,-24.5,20.1,-6.18,-25.78,-19.72,6067.33,97.56,30.18,-100.0,,,,,
Vienna Asset Management LLC,,,,,,,,inf,68.19,-93.52,-52.23,-100.0,,,,inf,124.26,-42.02,49.2,118.91
Vienna Powszechne Towarzystwo Emerytalne S.A. Vienna Insurance Group,,,,,,,,,,,,inf,92.55,-34.08,-9.74,43.37,22.44,-10.13,1.15,-26.38
"Vigilant Capital Management, LLC",,,,,,,,,,,inf,-100.0,,,,,,,,
Vigilare Wealth Management,,,,,inf,91.85,14.2,45.13,-4.59,-49.63,-41.54,76890.88,5.12,-3.3,-100.0,inf,2.42,7.21,-100.0,
Vinva Investment Management Ltd,,,,,,,,,,,,,inf,66.84,-5.85,80.6,31.63,-0.48,18.68,-17.11
"Virtue Capital Management, LLC",,,,,,,,inf,-100.0,,,,,,,,inf,-28.68,3.05,-29.88
"Vise Technologies, Inc.",,,,,,,,inf,-13.79,-100.0,,,inf,46.42,2.12,45.52,49.74,29.0,122.58,2.74
"Vision Capital Management, Inc.",,,,,,,,,,,,,,inf,-100.0,inf,19.65,-10.13,12.39,-15.34
"VisionPoint Advisory Group, LLC",,-100.0,inf,7.11,3.98,55.74,44.26,-9.28,-53.24,166.07,-32.55,95375.37,-2.63,28.99,-9.76,11.31,16.4,-13.38,2.93,-48.78
Visionary Wealth Advisors,,,,,inf,76.64,-100.0,inf,145.58,-37.41,-27.53,-14.2,147653.53,5.04,22.26,54.65,19.55,6.03,-0.41,-21.88
Vista Cima Wealth Management LLC,,,,,,,,,,,,,,,,,,,,inf
"Vista Wealth Management Group, LLC",,8.21,-100.0,,,,,inf,101.41,100.53,-49.26,110347.41,51.47,-100.0,,,,,,
"VitalStone Financial, LLC",,,,,,,,,,,,inf,-99.7,-79.17,1629.09,-31.23,6.12,83576.08,38.42,-100.0
Vivaldi Capital Management LP,,,,,,,,,,,,,,,,inf,-100.0,inf,3.01,14.07
"Vivid Wealth Management, LLC",,,,,,,,,,,,,,,,inf,24.89,130.3,15.45,-18.56
Vontobel Swiss Wealth Advisors AG,,,inf,90.7,-12.92,0.25,-100.0,,,,,,,,,,,,,
WADE G W & INC,,,,,,,,,inf,-100.0,,,,inf,-21.41,36.59,-100.0,,,
WAFRA INC.,,,,,,,,,,,,,,inf,-35.38,-50.84,-26.68,-100.0,,
"WALLED LAKE PLANNING & WEALTH MANAGEMENT, LLC",,13.04,57.69,12.2,-15.22,20.51,8.51,-100.0,,,,,,,,,,,,
WALTER & KEENAN WEALTH MANAGEMENT LLC /IN/ /ADV,,,,,,,,,,,,,,,,,inf,-100.0,,
"WASHBURN CAPITAL MANAGEMENT, INC.",,,,,inf,-100.0,,,,,,,,,,inf,259.21,-4.78,-31.04,-100.0
WASHINGTON TRUST Co,,inf,50.0,366.67,33.93,18.67,-95.51,-100.0,inf,-33.33,-14.29,102016.67,51.32,-1.71,-9.74,471.69,134.9,-19.09,-17.94,-26.38
WATER ISLAND CAPITAL LLC,,,,,,,,inf,1496.15,-0.48,-22.28,105938.32,-100.0,,,,,,,
WATERSHED PRIVATE WEALTH LLC,,,,,,,,,,,,,,inf,-100.0,,,,,
"WAYCROSS PARTNERS, LLC",,,,,,,,,inf,-30.09,-17.14,102109.94,116.45,-0.03,-9.74,16.56,22.44,-10.13,1.15,-26.38
WBH ADVISORY INC,,,,,,,,,,,,,,,,,,,inf,-100.0
WCG Wealth Advisors LLC,,,,,,,,,,inf,-62.83,-100.0,,,inf,47.99,7.51,7.27,-22.89,50662.71
"WCM INVESTMENT MANAGEMENT, LLC",,,,,,,,,,,,inf,60.83,15.83,-8.73,46.61,-0.7,-10.55,-100.0,
WD RUTHERFORD LLC,,,,inf,-17.15,20.98,10.73,36.85,-24.18,-32.05,-19.39,84400.66,56.0,15.11,-13.63,59.33,-4.83,-17.77,1.68,-27.75
"WEALTH ADVISORS, INC.",,,inf,14.62,1.34,35.1,0.25,5.62,31.71,-56.94,-15.51,96898.55,-100.0,,,,,,,
WEALTH EFFECTS LLC,,,,,,,,inf,-27.04,1.76,-42.77,99628.28,145.63,55.37,-19.65,65.02,15.46,-12.31,1.86,-58.58
"WEALTH ENHANCEMENT ADVISORY SERVICES, LLC",,inf,-2.45,-71.01,-5.54,-100.0,,inf,2.78,-38.31,-100.0,,inf,-100.0,inf,42.15,21.89,-21.24,2.36,0.75
WEALTHCARE CAPITAL MANAGEMENT LLC,,,,,inf,-100.0,,,,,,,,,,,,,,
WEALTHGARDEN F.S. LLC,,,,,,,,,,,,,,,,,,,inf,-100.0
"WEALTHSOURCE PARTNERS, LLC",,,,,inf,41.23,15.1,46.06,136.33,-24.83,-2.13,84123.31,49.34,10.28,-12.46,18.38,-100.0,,,
"WEALTHSPAN PARTNERS, LLC",,,,,,,,,,,,,,,,,inf,-1.86,26.7,-100.0
WEATHERLY ASSET MANAGEMENT L. P.,,,inf,12.57,-14.5,1.36,9.62,39.82,-25.35,-100.0,,,,,,,,inf,2.02,-100.0
"WEBSTER BANK, N. A.",,16.67,57.14,427.27,73.56,-41.06,10.11,39.29,-11.36,-30.17,-17.16,2.14,151369.93,-62.66,-9.74,174.62,22.44,-7.48,44.29,-22.44
WEDBUSH SECURITIES INC,,65.5,76.25,8.58,27.3,76.75,4.0,30.73,-20.29,-22.8,-8.2,-4.95,56.83,17.63,-2.81,47.47,40.8,2.04,-0.95,-24.66
WEDGE CAPITAL MANAGEMENT L L P/NC,,,,inf,-100.0,,,,inf,-29.91,-12.07,1.96,149412.5,-100.0,,,,,,
WELCH & FORBES LLC,,,,,,,,,inf,-100.0,,,,,,,,,,
WELD CAPITAL MANAGEMENT LLC,,-100.0,,,inf,-71.02,-100.0,,,,,,,,,,,,,
WESBANCO BANK INC,,17.21,36.49,-100.0,inf,-4.42,-6.23,33.29,-26.03,-13.97,25.48,31.38,29.82,-13.51,103895.95,47.27,-6.94,3.69,25.5,-18.02
"WESPAC Advisors SoCal, LLC",,,,,inf,61.78,69.69,58.62,-55.88,-30.06,-100.0,,,,,,inf,-14.2,25.34,-100.0
"WESPAC Advisors, LLC",,inf,-34.52,229.55,-34.62,-46.62,58.1,179.0,-43.01,115.57,-100.0,,,,,,inf,-29.67,-0.02,-100.0
"WEST MICHIGAN ADVISORS, LLC",,,,,,,,inf,-100.0,,,,,,,inf,75.83,-10.79,37.63,-33.43
WEST PACES ADVISORS INC.,,,,,,,,inf,6788.36,-19.97,-17.14,2.23,35.76,16.22,-9.74,46.96,42.22,-4.05,-5.97,-38.1
"WESTBOURNE INVESTMENTS, INC.",,,,,,,,,,,,,,,,,,,,inf
"WESTERLY CAPITAL MANAGEMENT, LLC",,,,,,,,,,,,,,,inf,-28.32,22.44,-53.27,94.52,158.99
WESTERN FINANCIAL CORPORATION,,,,,,,,inf,-6.47,-100.0,,,,,,,,,,
WESTFIELD CAPITAL MANAGEMENT CO LP,,,,,,,,,inf,22.24,-1.2,117071.82,-81.75,261.96,24.23,21.46,-13.29,116.25,-53.21,-100.0
WESTWOOD MANAGEMENT CORP /IL/,,,,,,,,,,,,,,inf,-9.82,-100.0,,,,
WETHERBY ASSET MANAGEMENT INC,,22.09,271.86,-39.24,-29.36,47.42,15.72,48.69,2.38,-22.99,-24.06,106322.84,78.7,25.04,-7.62,-100.0,,,,
"WETZEL INVESTMENT ADVISORS, INC.",,,,,,,,,,,,,,,,inf,104134.43,14.68,-100.0,
WEXFORD CAPITAL LP,,-100.0,,,,,,,,inf,-100.0,,,,,,,inf,-17.05,-100.0
WFA Asset Management Corp,,,,,,,,inf,-24.0,-30.05,-17.17,2.26,51.29,16.22,80.51,43.37,22.43,-55.06,1.15,-26.39
"WFA of San Diego, LLC",,inf,-100.0,,,,,,,inf,-100.0,inf,-100.0,inf,-9.74,-100.0,,inf,1.15,-100.0
"WHALEROCK POINT PARTNERS, LLC",,,,,,,,inf,-12.14,-100.0,,,,inf,-100.0,inf,-38.78,4.18,1.15,-26.38
WHITE PINE CAPITAL LLC,,,,,,,,,,,,,inf,55.72,14.17,41.19,20.7,4.71,26.35,-23.1
WHITTIER TRUST CO,,110.0,271.43,10.26,15.12,209.09,14.38,241.14,6.11,-4.03,-37.5,988698.42,61.17,17.82,-6.33,48.15,29.89,-6.7,2.91,-88.27
WHITTIER TRUST CO OF NEVADA INC,,,,,,,inf,40.26,449.07,-30.86,-30.85,654532.8,56.62,17.58,-8.92,45.31,25.51,-8.23,2.94,-85.65
WILBANKS SMITH & THOMAS ASSET MANAGEMENT LLC,,,,,,,inf,67.61,-42.58,21.95,11.6,85145.52,28.37,124.46,-9.21,45.1,26.16,-100.0,,
"WILLIAM BLAIR INVESTMENT MANAGEMENT, LLC",,-19.36,41.51,-0.29,-7.97,35.05,7.86,53.03,-35.2,-48.24,-18.79,109425.36,239.3,3.83,-27.56,53.73,16.35,20.1,32.34,-36.4
"WILLNER & HELLER, LLC",,,,,,,,inf,30.96,-42.58,-20.2,106355.45,-100.0,,,inf,16.69,-11.47,11.21,-17.97
"WIMMER ASSOCIATES 1, LLC",,,,,,,,,inf,-27.26,-21.64,107871.72,52.05,16.95,-4.49,43.37,30.07,-10.13,2.02,-28.26
"WIN ADVISORS, INC",,,,,,,,,,,,,,,,inf,-12.04,-100.0,,
WINTON GROUP Ltd,,,inf,-30.14,29.15,107.48,-45.16,26.01,-100.0,,,,inf,296.72,-36.69,-54.86,-100.0,inf,-100.0,inf
WINTRUST INVESTMENTS LLC,,,,,,,,,inf,-100.0,inf,-42.98,54.68,8.92,-9.06,45.66,16.56,32.2,-83.52,-100.0
"WIPFLI FINANCIAL ADVISORS LLC,",,,,,,,,,,,inf,-100.0,,,,,,,,
WISCONSIN CAPITAL MANAGEMENT LLC,,,inf,58.06,-100.0,,inf,40.01,-8.17,-20.11,-40.47,8280.64,934.37,16.22,-9.89,46.18,23.92,-10.71,1.22,-25.29
"WJ Wealth Management, LLC",,,,,,,,,,,,,,,inf,32.42,75.34,23.02,0.56,-59.58
"WMG Financial Advisors, LLC",,,,,,,,inf,71.99,-71.43,-40.5,-100.0,inf,-100.0,,,,,,
"WNY Asset Management, LLC",,,,,,inf,-100.0,inf,-100.0,,,,,inf,-100.0,,inf,-100.0,,
WOLFF WIESE MAGANA LLC,,,,inf,-3.45,935.71,96.9,-31.17,-39.95,-1.48,-14.62,98768.01,47.87,15.79,45.66,11.99,-2.42,4.49,3.46,-48.52
WOODLEY FARRA MANION PORTFOLIO MANAGEMENT INC,,0.0,-100.0,,,,,,,,,,,,,,inf,-100.0,,
WOODMONT INVESTMENT COUNSEL LLC,,,,,,,,,,,,,,,,,inf,-2.76,-3.39,-100.0
"WOODWARD DIVERSIFIED CAPITAL, LLC",,,,,,,,,,,,,,,inf,30.63,29.73,-7.04,-31.26,-32.94
"WORLD EQUITY GROUP, INC.",,,,,,,,,inf,-38.54,-4.89,2.55,-6.55,96.35,91.02,42.7,-67.01,-47.16,187.3,-27.63
"WP Advisors, LLC",,,,,,inf,9.52,42.39,-18.45,-20.9,-15.98,95200.0,51.32,16.22,-7.94,41.8,22.44,-9.6,2.62,-12.86
"WR Wealth Planners, LLC",,,,,,,,,inf,-30.06,-17.14,2.23,2717.06,-29.49,-15.23,54.15,18.0,-56.0,16.78,-39.8
WRAPMANAGER INC,,,,,,,,,,,,,,inf,3.06,41.48,70.48,0.72,11.77,-30.43
WRIGHT INVESTORS SERVICE INC,,inf,-100.0,,,,,,,inf,17.12,102322.87,29.05,-24.19,-8.67,49.68,23.89,5.1,2.86,-44.37
WT Asset Management Ltd,,-100.0,,,,,,,,,,,,,,,,,inf,-100.0
"Wade Financial Advisory, Inc",,,inf,8.43,-14.44,6.93,9.31,45.19,-13.01,11.14,-15.83,102171.47,48.32,7.8,-9.35,42.76,12.15,-12.29,-5.92,-30.15
"Wagner Wealth Management, LLC",,,,,,inf,70.0,47.06,-100.0,inf,-14.29,-100.0,,,,,,,,
Wahed Invest LLC,,,,,,,,,inf,-37.64,-10.67,115728.84,47.91,34.79,-0.45,244.59,19.04,-45.32,5.5,-24.7
Waldron Private Wealth LLC,,inf,77.27,12.31,-8.68,20.75,10.97,41.42,2.64,-21.08,-24.43,0.0,208675.22,11.36,-12.24,62.54,29.2,-8.55,2.43,-27.13
"Walker Asset Management, LLC",,,,,,,,,,inf,-100.0,,,,,,inf,-10.13,1.15,-100.0
Walkner Condon Financial Advisors LLC,,,,,,,,,,,inf,102362.93,51.83,4.29,-12.3,44.54,-17.02,67.02,-45.77,-29.59
Walleye Capital LLC,,inf,-36.19,-100.0,,,,,inf,-9.54,164.06,89190.82,25.74,4316.81,98.09,-37.49,5.03,-0.63,-20.85,-37.79
Walleye Trading LLC,,3.86,138.02,34.44,-10.82,55.94,12.9,57.49,-3.66,-45.31,-9.92,83916.05,93.8,-11.47,133.51,-24.23,-8.95,19.87,2.84,-34.59
Waratah Capital Advisors Ltd.,,,,,,,,,,,,inf,-100.0,,,,,,,
Warberg Asset Management LLC,,,,,,,,,,,,,,,,,,,,inf
Warm Springs Advisors Inc.,,,,,,,,,,,,,,,,,,,,inf
"Warren Street Wealth Advisors, LLC",,,,,,,,,,,,,inf,20.92,-8.02,55.05,29.41,-8.32,-3.06,-29.78
"Warther Private Wealth, LLC",,,,,,inf,98.07,74.15,14.15,-40.98,-30.77,-100.0,,,,,inf,9.94,-100.0,
"Washington Trust Advisors, Inc.",,,,,,,,inf,660.0,-100.0,,,,,,,,,,
Washington Trust Bank,,inf,42.21,2.49,-13.36,21.21,10.39,33.67,-36.06,-28.95,-14.05,15.51,163610.95,3.74,-13.34,36.89,0.36,-7.04,5.73,-24.13
"Waterloo Capital, L.P.",,-100.0,,,,,,,,,,,inf,-16.93,-100.0,inf,53.23,7.13,-62.77,-38.22
"Watershed Asset Management, L.L.C.",,,,,,,,,,,,,inf,-100.0,,,,,,
"Waterway Wealth Management, LLC",,,,,,,,,,,,,,,,,,,inf,47.8
"Watts Gwilliam & Co., LLC",,,,,,,,,,,,,,,,,inf,-100.0,inf,-37.56
"Waverly Advisors, LLC",,,,,,,,,,,,,inf,22.91,-30.6,48.41,110.88,110.52,-2.29,149.03
Waverton Investment Management Ltd,,-36.08,-100.0,,,,,,,inf,9.54,62.77,154946.7,9.7,-3.04,36.93,8.59,8.34,6.62,-23.28
"Wayfinding Financial, LLC",,,,,,,,,,,,,inf,17.3,-8.31,47.08,17.3,9.49,-100.0,inf
"We Are One Seven, LLC",,-3.91,48.89,-3.98,3.89,3.49,15.66,1.88,96.93,-100.0,,,,,,,,,,
"Wealth Advisors of Iowa, LLC",,,,,,,,,,,,,,,,inf,23.85,-10.13,1.15,-100.0
"Wealth Advisory Solutions, LLC",,,,,,,,,,,,,,,,,inf,548.74,9.31,-80.95
Wealth Alliance,,,,,,,inf,113.21,-45.13,140.32,-100.0,,,,,,,,,
"Wealth Alliance Advisory Group, LLC",,,,,,,inf,1.35,-100.0,,,,inf,13.33,-11.62,43.37,21.28,163.89,15.88,5.22
"Wealth Architects, LLC",,,,,,,,,,,,,,,,inf,91.65,16.84,250.29,-26.39
"Wealth Enhancement & Preservation of GA, LLC",,inf,-44.58,-100.0,,,,,,,,,,,,,,,,
"Wealth Group, Ltd.",,,,,,,,,,,,,,,,,inf,-12.74,288.44,-80.73
Wealth High Governance Capital Ltda,,,,,,,,,,,,,,,,inf,-100.0,,inf,-100.0
"Wealth Management Partners, LLC",,,,,,,,,,,,,inf,50.96,2.09,64.66,35.24,16.02,2.24,-22.02
Wealth Quarterback LLC,,-100.0,,inf,-100.0,inf,-51.3,-100.0,,inf,-16.16,109731.56,62.91,20.03,-14.14,68.25,-5.29,17.86,17.96,-25.87
"WealthCollab, LLC",,,,,,,,,,,,,,,,inf,22.44,89.87,1058.65,-25.42
"WealthOne, LLC",,,,,,,,,,,,,inf,-100.0,inf,-100.0,,,,
"WealthPLAN Partners, LLC",,,,,,inf,40.22,-23.64,-100.0,,,,inf,-62.65,-100.0,inf,62.49,117.57,39.34,-23.77
"WealthPlan Investment Management, LLC",,,,,,,,,,,,,,,,,inf,-100.0,inf,-100.0
"WealthShield Partners, LLC",,,,,inf,79.45,-100.0,inf,3.34,2.91,-100.0,,,,,inf,10.41,28.52,27.77,-12.49
"WealthStone, Inc.",,,inf,12.76,-11.78,-100.0,,,,,,,,,,,,,,
"WealthTrust Asset Management, LLC",,,,,,,,,inf,-100.0,,,,,,,inf,-9.18,-100.0,
WealthTrust Axiom LLC,,,,,,,,,,,,,,,,,,,,inf
Wealthcare Advisory Partners LLC,,-100.0,,inf,26.63,65.57,1.49,52.15,14.11,-28.98,-19.0,102386.24,48.5,15.29,-16.35,56.25,87.39,-6.78,0.45,-34.55
Wealthfront Advisers LLC,,12.16,55.27,15.95,-5.14,33.46,36.12,79.21,-0.17,-52.77,-27.03,213847.57,65.78,19.89,-4.72,51.3,30.77,-9.09,2.49,-97.17
"Wealthpoint, LLC",,,,,,,inf,39.81,-100.0,,,,,,,,,,,
Wealthquest Corp,,,,,,,,,,,,,,,,,,inf,-100.0,
"Wealthspire Advisors, L.P.",,39.06,81.79,-100.0,,,,,,,,,,,,,,,,
"Wealthspire Advisors, LLC",,,,inf,1.52,-100.0,inf,63.79,-67.94,119.18,-11.88,176769.5,21.1,16.7,2.19,45.4,25.95,-2.74,-8.57,-24.18
"Wealthstream Advisors, Inc.",,,,,,,,,,,,,,,,,inf,-11.08,9.15,-100.0
"Wealthstreet Investment Advisors, LLC",,14.01,49.77,8.07,-22.94,-100.0,,,,,,,,,,,,,,
Weaver Capital Management LLC,,,,,,,,,,,,,,,,,,inf,-16.73,-46.73
Weaver Consulting Group,,,,,,,,,,,,,,,,,,inf,7.63,-100.0
Wedmont Private Capital,,,,,,,,inf,-6.7,43.86,-46.65,133270.69,62.58,33.93,30.34,51.47,31.09,16.26,-3.4,-39.57
"Welch Group, LLC",,,,,inf,-100.0,,,inf,-100.0,,,inf,23.24,-7.5,43.38,17.68,-2.25,10.83,-20.69
"Well Done, LLC",,,,,,,,,,,,,,,,,inf,-8.81,18.23,0.0
"Wellington Shields & Co., LLC",,,,,,,,,,inf,0.0,92200.0,51.33,423.98,-9.74,260.36,124.0,-60.0,14.04,12.6
"Wellington Shields Capital Management, LLC",,15.68,55.86,27.14,-13.82,23.1,8.4,39.84,-21.86,-30.06,-17.14,99728.62,51.32,16.62,-9.7,10.92,22.2,-10.13,1.25,-25.96
"Wellington Wealth Strategies, LLC.",,,,inf,-100.0,,,,,,,,,,,inf,52.01,-100.0,inf,-76.61
"Wellspring Financial Advisors, LLC",,,,,,,,,inf,-100.0,,,,,,inf,38.66,13.18,-8.77,-100.0
Werba Rubin Papier Wealth Management,,,,,,,,,,,,,,,,,,inf,16.18,-100.0
"Werlinich Asset Management, LLC",,,,,inf,16.98,8.0,37.43,-5.93,-34.53,-18.43,1.62,41.84,9.39,-9.79,35.24,21.37,-11.15,2.89,-26.04
West Branch Capital LLC,,,,,,,,,,,,inf,202.64,25.87,-16.65,-80.86,492.02,46.33,71.56,-20.15
"West Family Investments, Inc.",,,,,,inf,26.02,24.59,-42.46,-39.32,-100.0,,,inf,-7.53,42.38,47.13,-23.78,67.15,-37.21
"West Financial Advisors, LLC",,,,,,,,,,,,,,,,,,,inf,-100.0
"West Oak Capital, LLC",,inf,30.16,34.15,-28.18,-16.46,48.48,39.8,-24.09,-33.65,65.22,-91.23,146920.0,16.22,-99.91,46.67,45.45,91143.75,-98.99,47.12
"West Tower Group, LLC",,,,,,,,,,,,,,inf,-93.51,-100.0,,inf,405.76,-100.0
"WestEnd Advisors, LLC",,,,,,inf,9.59,39.85,-100.0,inf,-99.91,77600.0,-100.0,,inf,29.09,22.38,-20.07,1.16,-35.57
"WestHill Financial Advisors, Inc.",,,,,,,,inf,-100.0,,,inf,-68.83,16.22,-9.77,43.37,20.92,-9.0,1.15,-27.2
"Westchester Capital Management, LLC",,,,,,,inf,-100.0,,,,,,,,,,,,
"Westend Capital Management, LLC",,,,,,,,,,,,,,,,,inf,-36.99,4.05,-85.46
Western Financial Corp/CA,,,,,,,,,,,,,,inf,93.36,34.45,31.75,-21.13,-100.0,
"Western Pacific Wealth Management, LP",,,,,,,,inf,-66.67,-100.0,inf,146979.17,275.67,0.76,-33.21,46.34,136.73,15.63,20.61,-55.54
"Western Wealth Management, LLC",,37.34,75.48,-1.63,17.29,44.98,-100.0,inf,57.68,-31.92,-3.21,40146.7,37.23,25.35,-1.67,48.08,27.12,-7.34,48.62,-94.88
"Westmount Partners, LLC",,,,,,,,,,,,inf,53.02,10.61,-6.57,65.51,-11.04,-17.61,-1.89,-33.16
"Westover Capital Advisors, LLC",,,inf,10.92,-15.61,52.33,17.94,38.78,-23.86,-29.76,-19.25,-100.0,,,,,inf,-100.0,,
"Westside Investment Management, Inc.",,-88.84,55.85,11.86,-14.23,19.65,9.07,0.26,298.2,-0.07,226.24,1.12,281.15,14.81,-17.54,50.58,24.36,-6.32,-5.29,-12.92
Westwood Wealth Management,,,,,,,,,inf,-75.58,-21.9,104225.09,48.34,16.22,-9.74,-100.0,inf,-10.13,9.76,-23.39
Whale Rock Capital Management LLC,,,inf,-100.0,,,,inf,-72.91,-100.0,,inf,-100.0,inf,-100.0,inf,-100.0,,,
Whalen Wealth Management Inc.,,,,,,,,,,,,,,,,,inf,20.35,-100.0,
"Whipplewood Advisors, LLC",,,,,,,,,,,,,,,,,,,,inf
"Whitaker-Myers Wealth Managers, LTD.",,,,,,,,,,,,,,,,,inf,2.48,7.59,-14.12
"White Knight Strategic Wealth Advisors, LLC",,,,,,,,inf,-16.04,-22.29,-14.75,15.87,67.63,86178.47,-2.8,44.02,22.44,5.76,4.3,39.57
White Wing Wealth Management,,,,,,,,,,,,,,,,,inf,-100.0,,
"Widmann Financial Services, Inc.",,,,,,,,inf,-100.0,,,,,,,,,,,
"Williams Financial, LLC",,,,,,,,,,,,,,,,,,inf,-100.0,
"Williams Jones Wealth Management, LLC.",,inf,86.51,17.46,4.88,-2.02,-27.48,45.3,-22.75,97.21,16.22,92077.08,56.67,3.46,7.74,47.73,135.18,21.27,-7.48,-70.39
"Willis Johnson & Associates, Inc.",,,,inf,-43.92,34.68,10.09,29.63,-23.46,-33.79,-19.58,88408.49,1.31,13.37,-19.07,44.9,58.69,-10.67,19.55,-41.2
"Wills Financial Group, Inc.",,,,,inf,33.33,9.86,50.77,-22.13,-27.12,-15.98,219763.01,-22.28,13.48,5.91,21.34,-100.0,,,
Wilmar Advisors LLC,,,,,,,,,,,,,,,,,,,,inf
"Wilmington Savings Fund Society, FSB",,,,,,,,,,,,,,,,,,,inf,-26.33
"Winch Advisory Services, LLC",,50.0,200.0,0.0,244.44,38.71,11.63,47.92,-9.86,-37.5,-5.0,13.16,46.51,23.81,-10.26,91294.29,102.28,5.67,65.83,26.62
"Winfield Associates, Inc.",,19.27,60.54,23.27,-4.91,19.66,34.74,47.09,-24.95,-100.0,,,,,,,,,,
"Wingate Wealth Advisors, Inc.",,,,,,,,,,,,,,,,,,,,inf
"Winslow Capital Management, LLC",,,,,,,inf,-24.55,-100.0,inf,-87.48,-100.0,,inf,-15.32,-99.13,6685.69,-10.45,-100.0,
"Winslow, Evans & Crocker, Inc.",,21.51,55.9,7.95,-100.0,,,,,,,,,,,,,,,
Winthrop Advisory Group LLC,,,,,,,,,,,,,,,,,,,,inf
"Winthrop Capital Management, LLC",,,,,,,,,,,,,,,,inf,-99.39,-11.11,12.5,-33.33
Wiser Advisor Group LLC,,,,,,,,,,,,,,,,inf,115.17,11.57,1.16,-26.38
Woodline Partners LP,,,inf,-100.0,inf,33.78,-45.87,-0.89,-100.0,inf,-10.37,149286.4,-87.46,614.56,-6.9,7.49,-100.0,inf,-67.88,808.8
World Asset Management Inc,,-28.35,57.91,13.59,-15.84,11.44,-1.18,-100.0,,,,,,,,,,,,
World Investment Advisors,,,,,,,,,,,,,,,,,,,,inf
"World Investment Advisors, LLC",,,,,,,,,,,,,,,,,,,inf,-100.0
"World Investment Advisors, LLC ",,,,,,,,,,,,,,,,,,,inf,-100.0
"Worth Asset Management, LLC",,,,,,,,,inf,-14.29,-16.67,95760.0,-100.0,inf,-100.0,inf,-7.7,-100.0,,
"Worth Financial Advisory Group, LLC",,,,,,,,,,,,,,,,,,inf,7.19,-27.96
"X-Square Capital, LLC",,25.79,14.41,26.19,-9.61,31.1,18.13,43.55,-30.63,-29.99,-18.66,3.3,29.75,7.19,0.0,53.38,107.41,-0.22,6.88,-16.96
"XML Financial, LLC",,inf,-49.26,-100.0,,,inf,41.71,-24.48,-100.0,inf,114871.96,63.86,17.1,-8.14,43.05,-43.45,-11.5,1.56,-26.78
XN LP,,,,,,,,,,,,,,,inf,228.42,25.09,-19.75,-42.76,-42.98
"XPONANCE, INC.",,inf,97.85,15.07,0.45,21.04,7.15,42.06,-3.43,-39.88,-10.36,114874.47,54.3,3.17,-8.75,46.57,27.85,-6.12,2.27,-27.54
XR Securities LLC,,,,inf,-36.47,-20.05,32.65,-100.0,inf,-100.0,inf,198414.58,5.67,3.01,19.49,-48.68,242.9,-84.84,-12.23,-100.0
XY Capital Ltd,,,,,,,,,,,,,,inf,-100.0,,inf,-100.0,,
"XY Planning Network, Inc.",,,,,,,,,,,,,,,,,,,,inf
Xact Kapitalforvaltning AB,,-100.0,,,,,,,,,,,,,,,,,,
"Xcel Wealth Management, LLC",,,inf,21.16,193.74,71.0,-13.05,37.91,-8.86,-21.4,-9.16,85774.06,54.66,-7.5,-62.38,41.3,-18.19,-21.75,111.76,-19.63
Y-Intercept (Hong Kong) Ltd,,,,inf,-100.0,inf,-91.9,-50.66,-100.0,inf,98270.43,-100.0,,inf,-100.0,,inf,-100.0,,inf
Y.D. More Investments Ltd,,,,,,,,,,,,inf,-15.98,183.4,-9.14,88.62,12.39,-100.0,,
"YARGER WEALTH STRATEGIES, LLC",,,,,,,,,,,,,,,,inf,25.68,-9.24,3.22,-100.0
"YHB Investment Advisors, Inc.",,,,,,,,,,,,,,,,,inf,-52.24,3.39,-100.0
"YOUSIF CAPITAL MANAGEMENT, LLC",,,,,,,,inf,-0.0,-32.13,-18.82,195357.37,-27.33,17.69,-12.26,46.61,19.69,-12.18,0.51,-30.99
"Yarbrough Capital, LLC",,,,,,,,inf,-24.02,-100.0,inf,102101.8,51.32,132.45,-54.87,43.37,22.44,-10.13,1.15,-26.38
"Yeomans Consulting Group, Inc.",,,,,,,,,,,,,,,,,inf,-100.0,,
Yong Rong (HK) Asset Management Ltd,,inf,3.9,67.78,-2.99,19.66,-3.34,-53.39,-24.02,134.64,-100.0,inf,-100.0,,,,,,,
"Your Advocates Ltd., LLP",,144.44,-22.73,11.76,-100.0,,,,,,,,,,,,,,,
ZACKS INVESTMENT MANAGEMENT,,258.91,249.49,-6.18,-26.97,21.24,47.93,44.12,-4.74,-24.01,-44.06,109005.43,62.95,129.54,-65.33,43.18,54.76,-100.0,inf,-36.55
"ZEGA Investments, LLC",,,,,,,,,,,,,,,,,,,,inf
"ZEKE CAPITAL ADVISORS, LLC",,,,,,,,,inf,-47.06,-52.78,127917.65,-100.0,,,,,,,
ZEVENBERGEN CAPITAL INVESTMENTS LLC,,,,,,,,,,,,inf,204.72,30.31,-10.35,37.29,21.55,-13.53,0.84,-24.33
ZIMMERMANN INVESTMENT MANAGEMENT & PLANNING LLC,,,,,,,,,,,,,,,,,inf,-7.19,12.64,-100.0
"ZRC WEALTH MANAGEMENT, LLC",,,,,,,,,,,,,inf,16.22,5.46,-63.98,-43.82,-6.76,92.55,-100.0
ZWJ INVESTMENT COUNSEL INC,,,,,,,,,,,,,,,,,inf,-30.16,1.99,27.49
"Zega Financial, LLC",,,,,,,,,,,,,,,,inf,13.45,-14.32,-100.0,
Zenyatta Capital Management LP,,,,,,,,,inf,-47.55,84.13,-100.0,inf,-100.0,,,inf,-100.0,,
"Ziegler Capital Management, LLC",,,,,inf,140.29,7.35,33.19,-25.59,-46.31,-20.62,100784.55,48.77,-11.87,-14.68,32.73,5.38,-100.0,,
"Zions Bancorporation, N.A.",,16.67,242.86,9.38,-28.57,76.0,274.24,-9.92,-70.56,159.54,-62.65,45800.0,45.44,308.46,-12.73,-51.12,128.63,-25.26,79.16,-35.92
"Zullo Investment Group, Inc.",,,,,,,,inf,-14.72,-26.58,-15.52,103556.03,53.46,4.28,-4.1,77.17,24.29,-4.91,1.44,-25.87
Zurcher Kantonalbank (Zurich Cantonalbank),,2.76,83.67,52.8,-11.43,-16.9,19.8,92.13,23.41,-22.22,-7.55,110707.79,28.64,9.32,-4.44,1.51,17.21,52.93,113.57,-75.75
Zweig-DiMenna Associates LLC,,-0.86,49.89,8.7,-33.9,35.34,26.04,29.49,-85.56,-30.05,-17.15,248058.58,123.1,131.98,-38.81,47.69,-30.11,-37.02,2.97,-25.12
"bLong Financial, LLC",,,,,,,,,,,,,,,,,,,,inf
iA Global Asset Management Inc.,,,,,,,,,,,,,,inf,3.46,67.88,-3.07,-17.88,49.74,-45.22
iSAM Funds (UK) Ltd,,,,,,,,,,,,,,,,,inf,-100.0,,
qPULA Trading Management LP,,,,inf,-100.0,,inf,-100.0,,,inf,-100.0,,,,,,,,
tru Independence LLC,,21.43,-100.0,inf,-100.0,,,,,,,,,,,,,,,
waypoint wealth counsel,,,,,,,,,,,,,,,,,inf,10.34,11.53,-21.23
