FILINGMANAGER_NAME,2020Q1,2020Q2,2020Q3,2020Q4,2021Q1,2021Q2,2021Q3,2021Q4,2022Q1,2022Q2,2022Q3,2022Q4,2023Q1,2023Q2,2023Q3,2023Q4,2024Q1,2024Q2,2024Q3,2024Q4
" CALDWELL SUTTER CAPITAL, INC.",0.0,0.0,0.0,0.0,0.0,0.0,0.0,0.0,0.0,0.0,0.0,0.0,0.0,0.0,0.0,0.0,0.0,898310.0,567611.0,503728.0
" FOGEL CAPITAL MANAGEMENT, INC.",0.0,0.0,0.0,0.0,0.0,0.0,0.0,0.0,0.0,0.0,0.0,0.0,0.0,0.0,0.0,0.0,0.0,310085.0,337603.0,377758.0
 HARRIS ASSOCIATES L P,0.0,0.0,0.0,0.0,0.0,0.0,0.0,0.0,0.0,0.0,0.0,0.0,0.0,0.0,0.0,0.0,0.0,0.0,486367.0,0.0
 NEUBERGER BERMAN GROUP LLC,0.0,0.0,0.0,0.0,0.0,0.0,0.0,0.0,0.0,0.0,0.0,0.0,0.0,0.0,0.0,56268877.0,98913617.0,271325960.0,132207842.0,145115520.0
" ONCE CAPITAL MANAGEMENT, LLC",0.0,0.0,0.0,0.0,0.0,0.0,0.0,0.0,0.0,0.0,0.0,0.0,0.0,0.0,0.0,0.0,0.0,59546280.0,58534080.0,65238082.0
&PARTNERS,0.0,0.0,0.0,0.0,0.0,0.0,0.0,0.0,0.0,0.0,0.0,0.0,0.0,0.0,373221.0,2064972.0,12312814.0,52427505.0,85618008.0,144144936.0
1 NORTH WEALTH SERVICES LLC,0.0,0.0,0.0,0.0,0.0,0.0,0.0,0.0,0.0,0.0,0.0,0.0,0.0,0.0,0.0,0.0,0.0,0.0,0.0,417105.0
10Elms LLP,0.0,0.0,0.0,0.0,0.0,0.0,0.0,0.0,0.0,0.0,0.0,0.0,0.0,0.0,0.0,0.0,0.0,0.0,0.0,165176.0
"1248 Management, LLC",0.0,0.0,0.0,0.0,0.0,0.0,0.0,0.0,0.0,0.0,0.0,0.0,0.0,0.0,0.0,0.0,0.0,0.0,0.0,4961210.0
1492 Capital Management LLC,0.0,0.0,0.0,0.0,0.0,0.0,0.0,0.0,224.0,0.0,0.0,0.0,0.0,0.0,0.0,0.0,0.0,237197.0,239601.0,0.0
"1620 INVESTMENT ADVISORS, INC.",0.0,0.0,0.0,0.0,0.0,0.0,0.0,0.0,0.0,0.0,0.0,0.0,0.0,0.0,0.0,0.0,0.0,21002.0,50718.0,146059.0
1623 Capital LLC,0.0,0.0,0.0,0.0,95.0,603.0,0.0,0.0,0.0,0.0,0.0,0.0,0.0,0.0,0.0,0.0,0.0,0.0,0.0,0.0
"17 CAPITAL PARTNERS, LLC",0.0,0.0,0.0,0.0,0.0,452.0,475.0,568.0,548.0,338.0,253.0,0.0,0.0,0.0,0.0,881987.0,1107765.0,1622080.0,1504277.0,1715152.0
1776 WEALTH LLC,214.0,170.0,0.0,0.0,0.0,0.0,0.0,0.0,0.0,0.0,0.0,0.0,0.0,0.0,0.0,0.0,0.0,0.0,0.0,0.0
1776 Wealth LLC,0.0,0.0,255.0,205.0,359.0,551.0,521.0,869.0,1026.0,695.0,574.0,678.0,1289408.0,1879055.0,2039233.0,2420635.0,4389494.0,6001573.0,5815883.0,6501785.0
"180 WEALTH ADVISORS, LLC",656.0,1081.0,1394.0,3941.0,5530.0,6739.0,7146.0,7855.0,7036.0,4534.0,3576.0,5696279.0,7555952.0,10290329.0,10094040.0,11469265.0,17810497.0,23513159.0,21907246.0,26466849.0
1832 Asset Management L.P.,172161.0,269242.0,562603.0,193623.0,81133.0,1550520.0,592983.0,440099.0,597559.0,109059.0,90982.0,98217917.0,324957845.0,538374592.0,511697006.0,363668769.0,864883114.0,819242662.0,901805546.0,1099240867.0
1834 INVESTMENT ADVISORS CO,0.0,0.0,0.0,0.0,0.0,0.0,0.0,0.0,0.0,0.0,0.0,497022.0,2353546.0,3465803.0,3483400.0,2456787.0,2946510.0,3262692.0,3289446.0,3835323.0
"1858 WEALTH MANAGEMENT, LLC",0.0,0.0,0.0,0.0,0.0,0.0,0.0,0.0,0.0,0.0,0.0,0.0,0.0,0.0,0.0,2268603.0,2268603.0,4737883.0,4407422.0,4854584.0
1900 WEALTH MANAGEMENT LLC,0.0,0.0,0.0,0.0,0.0,0.0,0.0,0.0,0.0,0.0,0.0,0.0,0.0,0.0,308884.0,275393.0,356102.0,522730.0,869946.0,749550.0
1ST SOURCE BANK,1859.0,2632.0,3350.0,2906.0,2623.0,3692.0,3643.0,4583.0,4005.0,2071.0,1745.0,2064081.0,3253520.0,4525891.0,3986683.0,4735789.0,7882657.0,10180808.0,9847205.0,10553314.0
"20/20 Capital Management, Inc.",889.0,994.0,1237.0,1149.0,1148.0,1357.0,0.0,0.0,0.0,0.0,0.0,0.0,0.0,0.0,0.0,0.0,0.0,0.0,0.0,0.0
25 LLC,0.0,0.0,0.0,0.0,0.0,0.0,0.0,0.0,0.0,0.0,0.0,0.0,46351.0,115403.0,0.0,0.0,227700.0,621666.0,683234.0,1020768.0
"360 Financial, Inc.",0.0,238.0,414.0,362.0,370.0,612.0,637.0,919.0,900.0,312.0,403.0,403305.0,855752.0,1221211.0,633217.0,1466873.0,2595122.0,3486532.0,3369946.0,3703912.0
"3Chopt Investment Partners, LLC",0.0,0.0,0.0,0.0,0.0,0.0,0.0,0.0,0.0,0.0,0.0,1839464.0,3762950.0,5725576.0,6059411.0,7417900.0,13340160.0,18593388.0,19405222.0,20974755.0
3G Capital Partners LP,0.0,0.0,0.0,0.0,0.0,0.0,0.0,0.0,0.0,0.0,0.0,18998200.0,5555400.0,0.0,0.0,0.0,0.0,0.0,0.0,0.0
44 WEALTH MANAGEMENT LLC,0.0,0.0,0.0,0.0,0.0,0.0,0.0,0.0,0.0,0.0,0.0,0.0,0.0,0.0,0.0,0.0,0.0,0.0,617506.0,626149.0
"49 WEALTH MANAGEMENT, LLC",0.0,0.0,0.0,0.0,0.0,0.0,0.0,0.0,0.0,0.0,0.0,0.0,0.0,0.0,0.0,407566.0,1119082.0,1730786.0,2539347.0,2594450.0
4J Wealth Management LLC,0.0,0.0,0.0,673.0,722.0,1067.0,1097.0,1516.0,1361.0,722.0,587.0,702988.0,1125908.0,2286163.0,2252112.0,2504026.0,3999511.0,5303936.0,5149778.0,5694702.0
"4WEALTH ADVISORS, INC.",0.0,0.0,0.0,0.0,0.0,0.0,0.0,0.0,0.0,0.0,0.0,0.0,0.0,0.0,0.0,0.0,0.0,0.0,0.0,2318593.0
"55I, LLC",0.0,0.0,0.0,0.0,0.0,546.0,1460.0,1057.0,1059.0,1232.0,2599.0,0.0,0.0,0.0,0.0,0.0,0.0,0.0,0.0,0.0
"5T Wealth, LLC",0.0,0.0,0.0,0.0,0.0,0.0,0.0,0.0,0.0,0.0,0.0,0.0,0.0,0.0,0.0,0.0,0.0,0.0,0.0,1768277.0
"5th Street Advisors, LLC",0.0,0.0,0.0,0.0,0.0,0.0,0.0,0.0,0.0,0.0,0.0,0.0,0.0,0.0,0.0,0.0,233119.0,343442.0,374036.0,370238.0
6 Meridian,7870.0,3339.0,2214.0,2039.0,1796.0,2584.0,4097.0,5730.0,0.0,0.0,0.0,0.0,0.0,0.0,0.0,0.0,0.0,0.0,0.0,0.0
"626 Financial, LLC",0.0,0.0,0.0,0.0,868.0,0.0,0.0,935.0,868.0,496.0,409.0,629148.0,1203334.0,1716249.0,1750027.0,2019085.0,4133800.0,5453450.0,4823074.0,4777065.0
"9258 Wealth Management, LLC",3444.0,4386.0,5289.0,5514.0,7001.0,8609.0,8935.0,12533.0,11469.0,6677.0,5203.0,6176526.0,11716750.0,17798356.0,18219742.0,62393787.0,37911895.0,51788055.0,51210837.0,0.0
"A&I FINANCIAL SERVICES, LLC",0.0,0.0,0.0,0.0,0.0,0.0,0.0,0.0,0.0,0.0,0.0,0.0,0.0,0.0,0.0,0.0,0.0,0.0,0.0,3128957.0
"A. D. Beadell Investment Counsel, Inc.",0.0,0.0,0.0,0.0,0.0,0.0,0.0,0.0,0.0,0.0,0.0,0.0,0.0,0.0,0.0,0.0,0.0,259.0,255.0,282.0
"A.R.T. Advisors, LLC",0.0,202.0,0.0,0.0,0.0,0.0,249.0,0.0,0.0,0.0,0.0,0.0,0.0,0.0,0.0,0.0,0.0,0.0,0.0,0.0
"AA Financial Advisors, LLC",0.0,0.0,0.0,0.0,0.0,0.0,0.0,0.0,0.0,0.0,0.0,0.0,0.0,0.0,0.0,0.0,2631290.0,3523356.0,3354216.0,3849476.0
AAFMAA Wealth Management & Trust LLC,0.0,0.0,0.0,0.0,0.0,0.0,0.0,0.0,5458.0,0.0,0.0,0.0,0.0,0.0,0.0,0.0,1040901.0,3117655.0,4193445.0,4223958.0
ABEILLE ASSET MANAGEMENT SA,0.0,0.0,0.0,0.0,0.0,0.0,0.0,0.0,87579.0,27590.0,0.0,39263638.0,0.0,0.0,0.0,0.0,0.0,0.0,0.0,0.0
"ABLE Financial Group, LLC",0.0,0.0,0.0,0.0,0.0,0.0,0.0,0.0,0.0,0.0,0.0,0.0,580262.0,1038937.0,1095746.0,1348002.0,2519155.0,3626078.0,3744900.0,4131122.0
"ABLES, IANNONE, MOORE & ASSOCIATES, INC.",0.0,0.0,0.0,0.0,0.0,0.0,0.0,0.0,0.0,0.0,0.0,0.0,0.0,0.0,0.0,7183661.0,12885689.0,17705011.0,16037388.0,17466939.0
ABNER HERRMAN & BROCK LLC,0.0,261.0,380.0,368.0,376.0,558.0,563.0,690.0,552.0,356.0,359.0,425.0,15346.0,23755.0,24258.0,27408.0,47972.0,64977.0,63320.0,69251.0
"ABSHER WEALTH MANAGEMENT, LLC",0.0,0.0,0.0,0.0,0.0,0.0,0.0,0.0,0.0,0.0,0.0,0.0,0.0,204742.0,206185.0,331797.0,572857.0,737534.0,827371.0,900414.0
"ABSOLUTE CAPITAL MANAGEMENT, LLC",0.0,0.0,0.0,0.0,0.0,0.0,0.0,0.0,0.0,0.0,0.0,0.0,0.0,0.0,0.0,0.0,476196.0,734968.0,655862.0,1630861.0
"ACAS, LLC",0.0,0.0,0.0,0.0,0.0,0.0,0.0,0.0,0.0,0.0,0.0,0.0,0.0,0.0,0.0,0.0,0.0,0.0,0.0,229313.0
"ACCESS FINANCIAL SERVICES, INC.",0.0,0.0,0.0,0.0,0.0,0.0,0.0,0.0,0.0,0.0,0.0,0.0,0.0,0.0,0.0,0.0,250286.0,345912.0,340032.0,409988.0
"ACCREDITED INVESTOR SERVICES, LLC",0.0,0.0,0.0,0.0,0.0,0.0,0.0,0.0,0.0,0.0,0.0,0.0,0.0,0.0,0.0,0.0,0.0,0.0,0.0,703680.0
"ACCURATE INVESTMENT SOLUTIONS, INC.",25.0,0.0,0.0,0.0,0.0,0.0,0.0,0.0,0.0,0.0,0.0,0.0,0.0,0.0,0.0,0.0,0.0,0.0,0.0,0.0
ACG Wealth,7111.0,7911.0,10871.0,10379.0,10551.0,15326.0,15600.0,14349.0,6723.0,3807.0,3050.0,0.0,0.0,0.0,0.0,0.0,0.0,0.0,0.0,0.0
"ACIMA PRIVATE WEALTH, LLC",0.0,0.0,0.0,0.0,0.0,0.0,0.0,0.0,273.0,151590.0,121390.0,146140.0,289159.0,440364.0,452825.0,515524.0,37046.0,50651.0,49790.0,55059.0
ACORN CREEK CAPITAL LLC,0.0,0.0,0.0,0.0,0.0,0.0,0.0,0.0,0.0,0.0,0.0,0.0,0.0,0.0,0.0,540787.0,1046336.0,1516847.0,2132594.0,2304442.0
ACORN FINANCIAL ADVISORY SERVICES INC /ADV,219.0,335.0,591.0,574.0,610.0,898.0,796.0,952.0,900.0,531.0,738.0,630523.0,1872641.0,2897184.0,2977912.0,2529369.0,3358602.0,3967022.0,3637504.0,3850083.0
"ACT Advisors, LLC.",0.0,0.0,0.0,0.0,0.0,0.0,0.0,0.0,0.0,0.0,0.0,0.0,0.0,0.0,256644.0,331798.0,574665.0,968812.0,1037108.0,1161639.0
"ACT CAPITAL MANAGEMENT, LLC",0.0,0.0,0.0,0.0,0.0,0.0,0.0,0.0,4229.0,0.0,0.0,0.0,0.0,0.0,0.0,0.0,0.0,0.0,0.0,0.0
"ACT Capital Management, LLC",0.0,0.0,0.0,0.0,0.0,721.0,0.0,0.0,0.0,0.0,0.0,0.0,0.0,0.0,0.0,0.0,0.0,0.0,0.0,0.0
"ACT WEALTH MANAGEMENT, LLC",0.0,0.0,0.0,0.0,0.0,0.0,0.0,0.0,0.0,0.0,0.0,0.0,0.0,0.0,0.0,0.0,220570.0,906936.0,661391.0,727375.0
"ADAGE CAPITAL PARTNERS GP, L.L.C.",187678.0,264258.0,357574.0,337645.0,351743.0,524050.0,544214.0,770663.0,694486.0,385768.0,326067.0,409573572.0,707816569.0,0.0,1092525669.0,1212650661.0,2206955239.0,2929332299.0,2837811134.0,3096661598.0
"ADAMS DIVERSIFIED EQUITY FUND, INC.",0.0,5775.0,19430.0,23238.0,31021.0,46486.0,48144.0,61351.0,56919.0,31622.0,20199.0,24317696.0,46220928.0,70390528.0,72382336.0,79779942.0,145563516.0,199022940.0,173052000.0,183480427.0
ADAMSBROWN WEALTH CONSULTANTS LLC,0.0,0.0,0.0,0.0,0.0,0.0,0.0,0.0,0.0,0.0,201.0,245381.0,465339.0,715017.0,752753.0,883776.0,1312521.0,1995303.0,2256606.0,2550616.0
ADAPT Investment Managers SA,0.0,0.0,0.0,0.0,0.0,0.0,0.0,0.0,0.0,0.0,0.0,0.0,0.0,0.0,0.0,0.0,0.0,0.0,0.0,342785319.0
"ADAPT WEALTH ADVISORS, LLC",0.0,0.0,0.0,0.0,0.0,0.0,0.0,0.0,0.0,0.0,0.0,0.0,0.0,0.0,0.0,0.0,542136.0,1203283.0,1158541.0,1197880.0
"ADE, LLC",0.0,0.0,0.0,0.0,0.0,0.0,2.0,0.0,0.0,0.0,0.0,0.0,0.0,0.0,0.0,0.0,0.0,0.0,0.0,213555.0
ADELL HARRIMAN & CARPENTER INC,4427689.0,7847801.0,12467543.0,12700426.0,13097836.0,19794474.0,20348233.0,28712994.0,25527887.0,14779376.0,11201840.0,13065067.0,26236726.0,36963195.0,39152417.0,47561734.0,85595421.0,112660880.0,107663662.0,115103496.0
"ADIRONDACK RETIREMENT SPECIALISTS, INC.",0.0,0.0,0.0,0.0,0.0,0.0,0.0,0.0,0.0,0.0,0.0,0.0,0.0,0.0,722518.0,0.0,0.0,0.0,0.0,0.0
ADIRONDACK TRUST CO,835.0,1268.0,1616.0,1575.0,1735.0,2676.0,3382.0,3863.0,3774.0,2139.0,1681.0,2033938.0,3877211.0,6361976.0,5115319.0,8057403.0,8927036.0,11520079.0,10953981.0,11519088.0
"ADVANCED RESEARCH INVESTMENT SOLUTIONS, LLC",0.0,0.0,0.0,0.0,0.0,0.0,0.0,29.0,7.0,0.0,42.0,0.0,0.0,228431.0,0.0,0.0,0.0,0.0,0.0,0.0
ADVENT CAPITAL MANAGEMENT /DE/,0.0,0.0,0.0,0.0,1068.0,4801.0,0.0,0.0,0.0,0.0,0.0,0.0,0.0,0.0,3262425.0,0.0,0.0,1235400.0,3036000.0,0.0
"ADVISOR GROUP HOLDINGS, INC.",0.0,0.0,0.0,0.0,0.0,0.0,0.0,0.0,0.0,0.0,0.0,26054362.0,47601088.0,0.0,0.0,0.0,0.0,0.0,0.0,0.0
ADVISOR PARTNERS LLC,6506.0,16545.0,24283.0,27633.0,26743.0,20218.0,20730.0,28848.0,27227.0,16108.0,0.0,0.0,0.0,0.0,0.0,0.0,0.0,0.0,0.0,0.0
ADVISORS MANAGEMENT GROUP INC /ADV,0.0,0.0,0.0,0.0,0.0,0.0,0.0,234.0,1493.0,1972.0,1602.0,1937.0,3646.0,5445.0,5542.0,6321.0,9019.0,12037.0,12405.0,14205.0
ADVISORY RESEARCH INC,0.0,0.0,296.0,266.0,250.0,388.0,0.0,0.0,0.0,0.0,0.0,0.0,0.0,2091834.0,2612550.0,1205365.0,0.0,0.0,0.0,0.0
"ADVISORY SERVICES NETWORK, LLC",0.0,0.0,0.0,0.0,0.0,0.0,0.0,0.0,0.0,0.0,0.0,0.0,0.0,37411905.0,0.0,0.0,0.0,0.0,0.0,0.0
ADVOCATE GROUP LLC,0.0,0.0,0.0,0.0,0.0,0.0,0.0,0.0,0.0,0.0,0.0,0.0,0.0,0.0,0.0,0.0,209626.0,286613.0,0.0,0.0
AE Wealth Management LLC,7664.0,14868.0,22247.0,23827.0,25647.0,39319.0,42130.0,62279.0,70202.0,47884.0,39301.0,51838037.0,95852595.0,124005766.0,142938373.0,219303341.0,65357176.0,108866193.0,122209652.0,142078779.0
AEGON ASSET MANAGEMENT UK PLC,0.0,0.0,0.0,0.0,0.0,159834.0,168121.0,246601.0,0.0,0.0,0.0,0.0,0.0,0.0,0.0,0.0,0.0,0.0,0.0,0.0
AEGON ASSET MANAGEMENT UK Plc,0.0,0.0,0.0,0.0,0.0,0.0,0.0,0.0,221704.0,106679.0,85620.0,212228.0,194821.0,311049.0,0.0,322045.0,519613.0,637320.0,593203.0,496176.0
"AF Advisors, Inc.",0.0,0.0,292.0,281.0,334.0,500.0,516.0,733.0,0.0,354.0,0.0,0.0,0.0,208126.0,214015.0,243648.0,450877.0,647351.0,641204.0,709054.0
"AFFINITY INVESTMENT ADVISORS, LLC",0.0,0.0,0.0,0.0,0.0,0.0,0.0,0.0,0.0,0.0,0.0,0.0,0.0,0.0,0.0,0.0,1238781.0,1816779.0,2214094.0,2433872.0
AFFINITY WEALTH MANAGEMENT LLC,1187.0,2433.0,3242.0,3163.0,3753.0,4971.0,5148.0,6522.0,5317.0,3465.0,2785.0,3275582.0,6125746.0,5499090.0,5772580.0,6764581.0,12447960.0,16715546.0,16346277.0,17756459.0
AFG FIDUCIARY SERVICES LIMITED PARTNERSHIP,0.0,0.0,0.0,0.0,0.0,0.0,0.0,689.0,2085.0,1161.0,869.0,1045994.0,1988133.0,2254117.0,2140068.0,1147727.0,1874784.0,2585669.0,2465062.0,2500796.0
"AFS Financial Group, LLC",0.0,0.0,0.0,0.0,0.0,0.0,0.0,0.0,0.0,0.0,0.0,980317.0,1869158.0,537751.0,509494.0,0.0,0.0,0.0,0.0,0.0
"AFT FORSYTH AND COMPANY, INC.",0.0,3664.0,0.0,0.0,0.0,0.0,0.0,0.0,0.0,0.0,0.0,0.0,0.0,0.0,0.0,0.0,0.0,0.0,0.0,0.0
"AFT, FORSYTH & COMPANY, INC.",0.0,0.0,5022.0,4894.0,5068.0,7819.0,7928.0,10994.0,10327.0,5557.0,4365.0,4905576.0,9286604.0,13937118.0,14401994.0,16572455.0,27825000.0,39350451.0,38628724.0,40323487.0
AGF INVESTMENTS INC.,85381.0,103662.0,142130.0,173229.0,103881.0,160449.0,192452.0,280692.0,274918.0,148123.0,12442.0,0.0,0.0,0.0,0.0,0.0,0.0,0.0,0.0,0.0
AGF Investments LLC,0.0,308.0,485.0,1237.0,1005.0,1489.0,1356.0,1071.0,0.0,0.0,0.0,0.0,0.0,0.0,0.0,0.0,0.0,0.0,0.0,0.0
AGF MANAGEMENT LTD,0.0,0.0,0.0,0.0,0.0,0.0,0.0,0.0,0.0,0.0,0.0,3051549.0,2488820.0,4950603.0,266965543.0,307630168.0,555522241.0,767916239.0,771112061.0,909262011.0
"AGP FRANKLIN, LLC",0.0,0.0,0.0,0.0,0.0,0.0,0.0,0.0,0.0,0.0,0.0,0.0,0.0,0.0,0.0,0.0,0.0,0.0,0.0,7721341.0
"AHL INVESTMENT MANAGEMENT, INC.",0.0,0.0,0.0,0.0,0.0,0.0,0.0,73.0,0.0,0.0,0.0,0.0,0.0,0.0,0.0,0.0,0.0,0.0,0.0,0.0
AI-Squared Management Ltd,0.0,0.0,0.0,0.0,0.0,0.0,0.0,0.0,0.0,0.0,0.0,0.0,0.0,0.0,0.0,5701963.0,0.0,1457772.0,5221920.0,6217627.0
AIFG Consultants Ltd.,0.0,0.0,0.0,0.0,0.0,0.0,0.0,0.0,0.0,0.0,0.0,0.0,0.0,0.0,0.0,0.0,235829.0,593115.0,430504.0,526014.0
"AIGEN INVESTMENT MANAGEMENT, LP",0.0,0.0,0.0,6507.0,0.0,0.0,724.0,5844.0,0.0,0.0,0.0,0.0,0.0,0.0,0.0,0.0,0.0,0.0,0.0,0.0
"AIMZ Investment Advisors, LLC",0.0,0.0,0.0,0.0,0.0,480.0,249.0,353.0,327.0,0.0,0.0,0.0,277906.0,423227.0,456952.0,520223.0,867860.0,1261330.0,1254098.0,1422385.0
"AIRE ADVISORS, LLC",0.0,0.0,0.0,0.0,0.0,0.0,0.0,1023.0,1446.0,782.0,577.0,464894.0,1112028.0,1560834.0,1681668.0,2129065.0,3645268.0,5266574.0,5355169.0,7646144.0
"AJ Advisors, LLC",0.0,0.0,0.0,0.0,0.0,0.0,0.0,0.0,0.0,0.0,0.0,0.0,0.0,0.0,0.0,0.0,357731.0,391098.0,275761.0,319491.0
"AJ WEALTH STRATEGIES, LLC",0.0,0.0,0.0,0.0,507.0,783.0,849.0,1226.0,1156.0,796.0,704.0,1074.0,2072715.0,3291089.0,0.0,0.0,0.0,0.0,0.0,0.0
"AJO, LP",10354.0,12567.0,14176.0,0.0,0.0,0.0,0.0,0.0,0.0,0.0,0.0,0.0,0.0,0.0,0.0,0.0,0.0,0.0,0.0,0.0
"AJOVista, LLC",0.0,0.0,0.0,0.0,0.0,0.0,0.0,0.0,0.0,0.0,0.0,0.0,0.0,0.0,0.0,855740.0,1561352.0,2304515.0,0.0,0.0
AKUNA SECURITIES LLC,0.0,0.0,0.0,0.0,0.0,0.0,0.0,0.0,0.0,50804.0,0.0,0.0,0.0,0.0,0.0,0.0,0.0,0.0,32692377.0,126975627.0
ALBION FINANCIAL GROUP /UT,277.0,399.0,577.0,660.0,0.0,925.0,958.0,1262.0,1154.0,639.0,513.0,615834.0,1170523.0,1783453.0,1884377.0,2107657.0,4833143.0,6743431.0,36678402.0,40999559.0
"ALETHEA CAPITAL MANAGEMENT, LLC",0.0,0.0,0.0,0.0,0.0,0.0,0.0,861.0,0.0,0.0,0.0,0.0,0.0,0.0,0.0,0.0,0.0,0.0,0.0,0.0
"ALEXANDER LABRUNERIE & CO., INC.",0.0,0.0,0.0,0.0,0.0,0.0,0.0,0.0,0.0,0.0,0.0,0.0,0.0,0.0,0.0,0.0,3368472.0,5153595.0,5881096.0,6740823.0
ALGERT GLOBAL LLC,581.0,0.0,0.0,253.0,2396.0,3113.0,1462.0,996.0,950.0,598.0,0.0,276.0,2639.0,4302.0,497.0,466.0,389.0,0.0,19627.0,23638.0
ALKEON CAPITAL MANAGEMENT LLC,0.0,0.0,0.0,0.0,0.0,0.0,0.0,199112.0,370080.0,0.0,0.0,0.0,0.0,459357406.0,1514243655.0,1157075095.0,3068685825.0,2466373579.0,1659726948.0,1557086164.0
ALLSTATE CORP,4437.0,6574.0,8878.0,8979.0,9754.0,13681.0,13165.0,55213.0,31426.0,18042.0,12442.0,15012816.0,2359656.0,3608784.0,3710900.0,4068232.0,7260105.0,10068016.0,2653585.0,97836308.0
ALLSTATE INVESTMENT MANAGEMENT CO,0.0,0.0,0.0,0.0,0.0,0.0,0.0,0.0,0.0,0.0,0.0,15012816.0,0.0,0.0,0.0,0.0,0.0,0.0,0.0,0.0
"ALM First Financial Advisors, LLC",0.0,0.0,0.0,0.0,0.0,0.0,0.0,0.0,0.0,0.0,0.0,0.0,0.0,0.0,0.0,0.0,0.0,0.0,0.0,208150.0
ALPHA WINDWARD LLC,0.0,0.0,389.0,0.0,0.0,0.0,0.0,0.0,0.0,0.0,0.0,0.0,0.0,0.0,0.0,0.0,0.0,0.0,0.0,0.0
"ALPINE WOODS CAPITAL INVESTORS, LLC",2611.0,3851.0,5619.0,6360.0,6791.0,10648.0,10917.0,15451.0,14105.0,9576.0,7494.0,774.0,832.0,2324.0,2390.0,5940164.0,8838925.0,12203281.0,13538087.0,12509785.0
ALTA CAPITAL MANAGEMENT LLC/,19515.0,28646.0,39287.0,36990.0,28879.0,39990.0,20933.0,25413.0,24017.0,13680.0,13017.0,15597336.0,20321422.0,21665531.0,21477045.0,23216334.0,32467541.0,40711407.0,58372478.0,76441189.0
"ALTERNA WEALTH MANAGEMENT, INC",0.0,0.0,0.0,0.0,0.0,0.0,0.0,541.0,0.0,0.0,0.0,0.0,0.0,0.0,0.0,432823.0,847539.0,860456.0,1037583.0,1308522.0
ALTFEST L J & CO INC,542.0,426.0,546.0,501.0,532.0,723.0,714.0,920.0,796.0,454.0,415.0,691.0,874.0,1127.0,1156.0,1368.0,2463.0,3190.0,5027.0,5747372.0
AM INVESTMENT STRATEGIES LLC,0.0,0.0,0.0,0.0,0.0,0.0,0.0,300.0,307.0,0.0,0.0,0.0,0.0,212.0,239.0,966.0,2240.0,3263.0,4006.0,4553.0
AM Squared Ltd,0.0,0.0,0.0,0.0,0.0,0.0,0.0,0.0,0.0,0.0,0.0,0.0,0.0,0.0,0.0,99044.0,0.0,0.0,0.0,0.0
AMALGAMATED BANK,25857.0,15094.0,20872.0,20051.0,19581.0,114942.0,113961.0,366886.0,356898.0,99016.0,80777.0,98141.0,183777.0,275716.0,276354.0,299098.0,478526.0,646102.0,632068.0,682077.0
AMARILLO NATIONAL BANK,0.0,0.0,0.0,0.0,0.0,0.0,0.0,251.0,233.0,0.0,0.0,0.0,240549.0,361259.0,371481.0,422918.0,771640.0,1132121.0,1116155.0,1234259.0
AMERICAN ASSET MANAGEMENT INC.,0.0,0.0,0.0,0.0,0.0,0.0,0.0,0.0,0.0,0.0,0.0,0.0,277770.0,423020.0,0.0,0.0,0.0,213724.0,356791.0,0.0
AMERICAN FINANCIAL & TAX STRATEGIES INC,0.0,0.0,0.0,0.0,0.0,0.0,0.0,0.0,0.0,0.0,0.0,0.0,0.0,0.0,0.0,0.0,234989.0,293618.0,288627.0,0.0
AMERICAN INTERNATIONAL GROUP INC,68153.0,101061.0,139397.0,0.0,0.0,0.0,0.0,0.0,0.0,0.0,0.0,0.0,0.0,0.0,0.0,0.0,0.0,0.0,0.0,0.0
"AMERICAN INTERNATIONAL GROUP, INC.",0.0,0.0,0.0,136714.0,134778.0,195246.0,400430.0,276563.0,249312.0,135934.0,106769.0,124544454.0,235655068.0,359341107.0,339026856.0,383206683.0,0.0,0.0,0.0,0.0
AMERICAN NATIONAL BANK,53.0,76.0,0.0,0.0,9.0,329.0,460.0,715.0,769.0,426.0,345.0,734.0,1429682.0,2177284.0,2412890.0,2754909.0,4722005.0,6011827.0,0.0,0.0
AMERICAN NATIONAL BANK & TRUST,0.0,0.0,0.0,0.0,0.0,0.0,0.0,0.0,0.0,0.0,0.0,0.0,0.0,0.0,0.0,0.0,0.0,0.0,5917893.0,6632986.0
AMERICAN NATIONAL BANK & TRUST CO /VA/,0.0,0.0,0.0,0.0,0.0,0.0,0.0,0.0,0.0,0.0,0.0,0.0,0.0,0.0,0.0,0.0,15549076.0,0.0,0.0,0.0
AMERICAN NATIONAL INSURANCE CO,10663.0,0.0,21892.0,21123.0,21580.0,32290.0,33413.0,7182.0,0.0,0.0,0.0,0.0,0.0,0.0,0.0,0.0,0.0,0.0,0.0,0.0
AMERICAN NATIONAL INSURANCE CO /TX/,0.0,15367.0,0.0,0.0,0.0,0.0,0.0,0.0,0.0,0.0,0.0,0.0,0.0,0.0,0.0,0.0,0.0,0.0,0.0,0.0
"AMERIFLEX GROUP, INC.",0.0,0.0,0.0,0.0,0.0,0.0,0.0,0.0,0.0,0.0,0.0,0.0,0.0,0.0,0.0,0.0,0.0,0.0,0.0,9246789.0
AMF Pensionsforsakring AB,216003.0,184114.0,227834.0,299702.0,239308.0,349652.0,341157.0,0.0,0.0,0.0,0.0,0.0,0.0,0.0,0.0,0.0,0.0,0.0,0.0,0.0
AMF Tjanstepension AB,0.0,0.0,0.0,0.0,0.0,0.0,0.0,477133.0,456900.0,207806.0,173581.0,210666285.0,400688087.0,521687957.0,529597918.0,453060965.0,751418684.0,972298650.0,1952696838.0,1077874026.0
AMG National Trust Bank,0.0,557.0,767.0,1890.0,1129.0,1842.0,1901.0,3084.0,3039.0,1827.0,1392.0,1590149.0,3123801.0,4739937.0,4797506.0,5515758.0,9890367.0,15138962.0,13620219.0,14094455.0
AMICA MUTUAL INSURANCE CO,2003.0,2886.0,4112.0,3967.0,4056.0,6658.0,6896.0,14504.0,13456.0,9969.0,7758.0,8399.0,12494.0,15615.0,16056.0,18280.0,66704.0,45601.0,44826.0,45903.0
AMJ Financial Wealth Management,0.0,3222.0,4625.0,4928.0,5128.0,7002.0,7771.0,9834.0,8697.0,2854.0,1116.0,1123378.0,2140773.0,2783049.0,2836570.0,2957949.0,5365339.0,7325922.0,6821406.0,7410122.0
AMP Capital Investors Ltd,0.0,0.0,0.0,0.0,665.0,0.0,0.0,0.0,0.0,0.0,0.0,0.0,0.0,0.0,0.0,0.0,0.0,0.0,0.0,0.0
AMS Capital Ltda,1807.0,2059.0,4238.0,3436.0,0.0,0.0,0.0,0.0,0.0,0.0,0.0,0.0,0.0,0.0,0.0,3137.0,2446.0,0.0,0.0,5526.0
"AMUNDI ASSET MANAGEMENT US, INC.",0.0,0.0,0.0,0.0,204181.0,0.0,0.0,0.0,0.0,0.0,0.0,0.0,0.0,0.0,0.0,0.0,0.0,0.0,0.0,0.0
AMUNDI PIONEER ASSET MANAGEMENT INC,110580.0,187118.0,125929.0,209104.0,0.0,0.0,0.0,0.0,0.0,0.0,0.0,0.0,0.0,0.0,0.0,0.0,0.0,0.0,0.0,0.0
AMUSSEN HUNSAKER ASSOCIATES LLC,1052.0,2110.0,5602.0,2909.0,2947.0,1117.0,9320.0,12964.0,6182.0,4599.0,3088.0,3857546.0,5896274.0,8775854.0,9356506.0,10224859.0,0.0,0.0,0.0,0.0
ANCHOR CAPITAL ADVISORS LLC,0.0,0.0,0.0,0.0,0.0,0.0,0.0,0.0,0.0,0.0,0.0,0.0,0.0,0.0,0.0,0.0,0.0,0.0,0.0,205464.0
ANDERSON FISHER LLC,34.0,28.0,23.0,14.0,0.0,0.0,0.0,0.0,0.0,0.0,0.0,0.0,0.0,0.0,0.0,0.0,0.0,0.0,0.0,0.0
ANDERSON HOAGLAND & CO,3466.0,5409.0,4493.0,9906.0,10568.0,16048.0,16453.0,19449.0,22524.0,13090.0,10044.0,13973963.0,19011968.0,28932634.0,24322901.0,27047009.0,26813234.0,36945370.0,35128753.0,36884109.0
"ANGELES WEALTH MANAGEMENT, LLC",0.0,0.0,0.0,0.0,0.0,0.0,0.0,0.0,803.0,438.0,330.0,456980.0,1730507.0,2821543.0,2604720.0,3177332.0,7261008.0,10537591.0,10685748.0,12515628.0
"ANGLEPOINT ASSET MANAGEMENT, LTD.",0.0,0.0,31661.0,65275.0,40472.0,0.0,0.0,0.0,0.0,0.0,0.0,0.0,0.0,0.0,0.0,0.0,0.0,0.0,0.0,0.0
"AO Asset Management, LP",24673.0,0.0,0.0,0.0,21945.0,32804.0,8494.0,17032.0,9008.0,0.0,0.0,0.0,0.0,0.0,0.0,0.0,0.0,0.0,0.0,0.0
APEIRON CAPITAL Ltd,0.0,0.0,0.0,0.0,0.0,0.0,0.0,0.0,0.0,0.0,0.0,0.0,0.0,4912531.0,0.0,0.0,0.0,0.0,23614008.0,38151789.0
APPALOOSA LP,0.0,0.0,0.0,0.0,0.0,0.0,0.0,0.0,0.0,0.0,0.0,0.0,41665500.0,431480400.0,445864750.0,391223800.0,399373520.0,85242600.0,75900000.0,91317334.0
APPLETON PARTNERS INC/MA,567.0,815.0,1140.0,1011.0,1031.0,1341.0,1376.0,1947.0,1727.0,919.0,741.0,909.0,1578.0,2392.0,2376.0,2514.0,4228.0,10008.0,10010.0,11656.0
"APPLIED RESEARCH INVESTMENTS, LLC",0.0,0.0,0.0,0.0,0.0,0.0,0.0,3967.0,582.0,0.0,0.0,0.0,0.0,0.0,0.0,0.0,0.0,0.0,0.0,0.0
AR ASSET MANAGEMENT INC,0.0,0.0,0.0,0.0,0.0,0.0,0.0,0.0,0.0,933.0,1002.0,348.0,2279.0,3407.0,3504.0,3989.0,7278.0,10062.0,10245.0,11056.0
ARBOR CAPITAL MANAGEMENT INC /ADV,0.0,0.0,0.0,0.0,0.0,0.0,0.0,231.0,0.0,0.0,0.0,0.0,0.0,221838.0,237804.0,266387.0,483933.0,722308.0,683777.0,0.0
"ARBOR TRUST WEALTH ADVISORS, LLC",0.0,0.0,0.0,0.0,0.0,0.0,0.0,0.0,0.0,0.0,0.0,0.0,0.0,0.0,0.0,0.0,415284.0,639923.0,639923.0,989788.0
ARCADIA INVESTMENT ADVISORS LLC,0.0,0.0,0.0,0.0,0.0,3200.0,0.0,0.0,0.0,0.0,0.0,0.0,0.0,0.0,0.0,0.0,0.0,0.0,125084.0,143288.0
ARCADIA INVESTMENT MANAGEMENT CORP/MI,56.0,81.0,62.0,76.0,93.0,48.0,50.0,71.0,300.0,309.0,1299.0,2003872.0,4459598.0,7455728.0,7666699.0,9317565.0,17457683.0,24230519.0,23571869.0,25642005.0
ARDSLEY ADVISORY PARTNERS LP,0.0,0.0,0.0,0.0,0.0,0.0,0.0,0.0,0.0,1516.0,1762.0,1176427.0,2432238.0,5076240.0,2609520.0,0.0,5646500.0,10242200.0,8994700.0,6311630.0
ARGENT CAPITAL MANAGEMENT LLC,2719.0,4525.0,6853.0,7201.0,4518.0,6894.0,5114.0,7311.0,6809.0,2279.0,1578.0,1899820.0,3611010.0,5406196.0,5567872.0,4140039.0,6022227.0,8233941.0,89739060.0,95603478.0
"ARGI Investment Services, LLC",466.0,780.0,1110.0,2264.0,1225.0,1991.0,2248.0,3237.0,3069.0,1697.0,1494.0,1789.0,0.0,0.0,0.0,0.0,0.0,0.0,0.0,0.0
"ARGONAUTICA PRIVATE WEALTH MANAGEMENT, INC",0.0,0.0,0.0,0.0,0.0,0.0,0.0,0.0,0.0,0.0,0.0,685689.0,1303297.0,1974657.0,3829652.0,4395573.0,8465455.0,11598801.0,11475960.0,12729485.0
"ARGUS INVESTORS' COUNSEL, INC.",4774.0,6488.0,7006.0,5640.0,5619.0,6850.0,4216.0,5122.0,4967.0,2914.0,2204.0,2700275.0,4626624.0,5500662.0,5485795.0,12184267.0,6670869.0,12395218.0,4699113.0,4932597.0
"ARK & TLK INVESTMENTS, LLC",0.0,0.0,0.0,0.0,0.0,0.0,0.0,0.0,0.0,0.0,0.0,0.0,0.0,0.0,0.0,372904.0,725564.0,1115576.0,1205909.0,1388438.0
ARK Investment Management LLC,41757.0,22907.0,47229.0,95357.0,216303.0,53779.0,1619.0,196.0,178.0,126201.0,167837.0,76457671.0,115085389.0,125100675.0,97782764.0,73332641.0,60395923.0,51601052.0,45230085.0,49359095.0
"ARMISTICE CAPITAL, LLC",0.0,0.0,0.0,0.0,0.0,0.0,0.0,0.0,0.0,0.0,0.0,10522080.0,8333100.0,7614360.0,7777186.0,9893010.0,11252033.0,13444982.0,18299065.0,16680832.0
"ARMSTRONG ADVISORY GROUP, INC",0.0,0.0,0.0,0.0,0.0,0.0,0.0,0.0,0.0,0.0,0.0,190420.0,326380.0,410330.0,414981.0,741345.0,741345.0,2131389.0,2136205.0,3873742.0
ARMSTRONG HENRY H ASSOCIATES INC,0.0,0.0,0.0,0.0,0.0,0.0,0.0,0.0,308.0,232.0,0.0,223525.0,451827.0,518200.0,598111.0,755211.0,1377929.0,3261914.0,1851960.0,2047923.0
"ARQ WEALTH ADVISORS, LLC",0.0,0.0,0.0,0.0,0.0,0.0,0.0,0.0,0.0,0.0,0.0,0.0,0.0,0.0,0.0,0.0,590929.0,2268566.0,2362333.0,2491489.0
ARROW FINANCIAL CORP,450.0,564.0,660.0,0.0,0.0,0.0,0.0,0.0,43.0,46.0,31.0,87.0,0.0,0.0,0.0,0.0,0.0,0.0,0.0,0.0
"ARS Investment Partners, LLC",5829.0,8422.0,9675.0,9382.0,9722.0,14623.0,13196.0,14659.0,7766.0,8188.0,6507.0,7560229.0,13910661.0,13494246.0,13868256.0,15265049.0,31903603.0,43247880.0,37342785.0,42483700.0
"ARS Wealth Advisors Group, LLC",0.0,0.0,0.0,0.0,0.0,0.0,688.0,1135.0,481.0,460.0,760.0,433866.0,840210.0,1218653.0,1212247.0,1334538.0,2414167.0,4695063.0,4477663.0,5071528.0
"ARS Wealth Advisors, LLC",0.0,0.0,0.0,366.0,550.0,664.0,0.0,0.0,0.0,0.0,0.0,0.0,0.0,0.0,0.0,0.0,0.0,0.0,0.0,0.0
"ARTHUR M. COHEN & ASSOCIATES, LLC",419.0,1038.0,2735.0,3064.0,3633.0,6195.0,6579.0,9391.0,8806.0,4544.0,3937.0,4744687.0,8825562.0,12588044.0,12811258.0,15578054.0,30069515.0,44356556.0,43413344.0,50391991.0
ARVEST TRUST CO N A,0.0,0.0,0.0,0.0,0.0,0.0,0.0,0.0,207.0,263.0,0.0,249607.0,762200.0,2197197.0,1217102.0,1791705.0,3259140.0,4453987.0,0.0,0.0
"ASAHI LIFE ASSET MANAGEMENT CO., LTD.",543.0,1003.0,1234.0,747.0,705.0,1384.0,1732.0,2235.0,2157.0,938.0,518.0,1140623.0,1648565.0,2595228.0,2331546000.0,2669236.0,5082525.0,6472261.0,6590549.0,7983003.0
"ASB Consultores, LLC",0.0,0.0,0.0,0.0,0.0,0.0,0.0,672.0,828.0,342.0,286.0,314201.0,520263.0,616340.0,662387.0,530991.0,3382235.0,3147429.0,2949170.0,0.0
ASHFORD CAPITAL MANAGEMENT INC,0.0,0.0,0.0,0.0,0.0,0.0,0.0,0.0,0.0,0.0,0.0,0.0,0.0,0.0,0.0,0.0,271068.0,0.0,0.0,0.0
"ASHTON THOMAS SECURITIES, LLC",0.0,0.0,0.0,0.0,0.0,0.0,0.0,0.0,0.0,0.0,0.0,0.0,0.0,0.0,0.0,0.0,0.0,8696174.0,10738939.0,15147830.0
"ASPIRIANT, LLC",0.0,0.0,0.0,0.0,0.0,216.0,304.0,537.0,486.0,448.0,369.0,266504.0,546285.0,749711.0,879084.0,1123139.0,2290440.0,2401035.0,2666616.0,3152573.0
ASSET MANAGEMENT CORP /IL/ /ADV,0.0,0.0,253.0,0.0,3356.0,9468.0,3145.0,4061.0,2341.0,1366.0,1070.0,1194681.0,1742760.0,0.0,0.0,0.0,0.0,0.0,0.0,0.0
ASSET PLANNING CORPORATION,0.0,0.0,0.0,22.0,0.0,0.0,0.0,0.0,0.0,0.0,0.0,0.0,0.0,0.0,0.0,0.0,303798.0,415380.0,374316.0,395143.0
ASSET PLANNING SERVICES INC /LA/ /ADV,0.0,0.0,0.0,0.0,0.0,0.0,0.0,0.0,0.0,0.0,3226.0,7804.0,7340.0,11220.0,11548.0,12992.0,23682.0,31861.0,31259.0,34462.0
"ASSETMARK, INC",1839.0,4003.0,5772.0,6053.0,6041.0,5733.0,5140.0,14240.0,37017.0,25214.0,17599.0,0.0,0.0,0.0,57587249.0,158289942.0,371528074.0,552281496.0,594466681.0,741524015.0
"ATALANTA SOSNOFF CAPITAL, LLC",62372.0,80281.0,78848.0,74926.0,78455.0,114131.0,117643.0,120531.0,131482.0,61949.0,9993.0,60885724.0,54762633.0,71820759.0,55241990.0,71185894.0,113881992.0,144584915.0,134656680.0,141582618.0
ATHENA CAPITAL ADVISORS LLC,6756.0,0.0,0.0,0.0,0.0,0.0,0.0,0.0,0.0,0.0,0.0,0.0,0.0,0.0,0.0,0.0,0.0,0.0,0.0,0.0
"ATLANTIC FAMILY WEALTH, LLC",0.0,0.0,0.0,0.0,0.0,0.0,0.0,0.0,0.0,0.0,0.0,0.0,0.0,0.0,0.0,0.0,0.0,0.0,0.0,669973.0
ATLAS CAPITAL ADVISORS INC.,0.0,0.0,0.0,0.0,0.0,0.0,0.0,0.0,0.0,0.0,0.0,0.0,0.0,0.0,0.0,0.0,0.0,0.0,0.0,4337566.0
ATLAS CAPITAL ADVISORS LLC,0.0,124610.0,0.0,147782.0,145228.0,203225.0,187894.0,219111.0,175995.0,241331.0,178686.0,212487.0,518596.0,1133270.0,1165338.0,1300447.0,2111619.0,3895216.0,2672894.0,0.0
ATOMVEST Ltd,0.0,0.0,0.0,0.0,0.0,0.0,0.0,0.0,0.0,0.0,0.0,0.0,0.0,21954738.0,6263856.0,0.0,0.0,0.0,0.0,0.0
ATRIA INVESTMENTS LLC,6100.0,19824.0,16563.0,17089.0,17993.0,26853.0,28351.0,34616.0,31914.0,16035.0,11963.0,0.0,0.0,0.0,0.0,0.0,0.0,0.0,0.0,0.0
"ATTICUS WEALTH MANAGEMENT, LLC",161.0,232.0,208.0,262.0,215.0,593.0,788.0,539.0,537.0,287.0,287.0,178217.0,251527.0,433393.0,801649.0,462837.0,1098399.0,1579072.0,1971788.0,2183856.0
ATWOOD & PALMER INC,53.0,76.0,81.0,120.0,123.0,339.0,702.0,499.0,463.0,277.0,127.0,153155.0,300188.0,451661.0,464441.0,596595.0,998168.0,1484587.0,1433849.0,1572275.0
AUGUSTINE ASSET MANAGEMENT INC,373.0,415.0,537.0,515.0,341.0,269.0,315.0,322.0,245.0,0.0,0.0,0.0,260270.0,393409.0,415850.0,472935.0,852057.0,1169924.0,1168131.0,1418505.0
AUXIER ASSET MANAGEMENT,0.0,0.0,0.0,0.0,0.0,0.0,0.0,0.0,0.0,0.0,0.0,0.0,0.0,0.0,0.0,0.0,237636.0,324910.0,262918.0,304167.0
"AVAII WEALTH MANAGEMENT, LLC",0.0,0.0,0.0,0.0,0.0,0.0,0.0,448.0,592.0,327.0,0.0,254056.0,0.0,0.0,0.0,0.0,0.0,0.0,0.0,0.0
AVALON CAPITAL MANAGEMENT,0.0,0.0,0.0,0.0,0.0,0.0,0.0,0.0,0.0,0.0,0.0,0.0,0.0,0.0,0.0,720545.0,971327.0,1428122.0,1548724.0,1842190.0
"AVANTAX ADVISORY SERVICES, INC.",2240.0,6036.0,22193.0,9267.0,10585.0,17638.0,19535.0,28709.0,27111.0,16580.0,14026.0,17144034.0,34837434.0,52398444.0,52067290.0,59910237.0,95719827.0,189361890.0,192688593.0,218670716.0
AVISO WEALTH MANAGEMENT,0.0,0.0,0.0,0.0,0.0,0.0,0.0,0.0,0.0,0.0,0.0,0.0,0.0,0.0,0.0,4232089.0,7591611.0,10199359.0,9585027.0,10469832.0
AVITY INVESTMENT MANAGEMENT INC.,0.0,0.0,0.0,0.0,0.0,0.0,0.0,0.0,0.0,0.0,0.0,0.0,0.0,0.0,0.0,0.0,388531.0,424113.0,388972.0,36318193.0
AVIVA PLC,29269.0,97080.0,62012.0,60687.0,60172.0,91058.0,68705.0,95931.0,0.0,0.0,0.0,0.0,0.0,0.0,0.0,0.0,0.0,0.0,0.0,0.0
"AWM CAPITAL, LLC",0.0,0.0,0.0,0.0,0.0,0.0,0.0,0.0,218.0,0.0,0.0,0.0,0.0,0.0,0.0,0.0,228603.0,871607.0,840092.0,1096870.0
AXIOM INTERNATIONAL INVESTORS LLC /DE,26887.0,29021.0,43489.0,79628.0,0.0,0.0,0.0,0.0,0.0,0.0,0.0,0.0,0.0,0.0,0.0,0.0,0.0,0.0,0.0,0.0
AXIOM INVESTORS LLC /DE,0.0,0.0,0.0,0.0,72776.0,222896.0,87828.0,93406.0,60550.0,2795.0,6852.0,50344207.0,324073981.0,624592414.0,676665659.0,875510828.0,1511198679.0,1587985384.0,1292305339.0,1433153220.0
"AXQ CAPITAL, LP",0.0,0.0,0.0,0.0,0.0,0.0,0.0,0.0,0.0,0.0,0.0,0.0,2027721.0,846040.0,0.0,742830.0,1536052.0,1460243.0,1441614.0,1414879.0
AXS Investments LLC,0.0,0.0,0.0,0.0,1146.0,2495.0,0.0,2715.0,1466.0,1479.0,1695.0,1900405.0,2707146.0,4437903.0,3368563.0,4478770.0,10234624.0,5504201.0,4759355.0,5074013.0
"AXXCESS WEALTH MANAGEMENT, LLC",0.0,0.0,0.0,0.0,0.0,0.0,0.0,11272.0,11051.0,5272.0,4521.0,6465040.0,6371766.0,11656323.0,19584139.0,19678672.0,35445201.0,52206683.0,59881743.0,67614920.0
AZZAD ASSET MANAGEMENT INC /ADV,1368395.0,2064051.0,3455573.0,3364541.0,3669778.0,5742120.0,5890201.0,8339007.0,7823435.0,6540972.0,5723403.0,4461024.0,8493086.0,11995573.0,11406472.0,13056160.0,23249646.0,31501502.0,30371261.0,64061727.0
Aaron Wealth Advisors,0.0,0.0,0.0,327.0,284.0,0.0,0.0,0.0,0.0,0.0,0.0,0.0,0.0,0.0,0.0,0.0,0.0,0.0,0.0,0.0
Aaron Wealth Advisors LLC,0.0,0.0,0.0,0.0,0.0,476.0,537.0,2007.0,6813.0,1205.0,3218.0,3910268.0,7939778.0,12479936.0,2782196.0,3423280.0,8536514.0,12548936.0,15242410.0,25674092.0
"Abacus Planning Group, Inc.",303.0,499.0,817.0,795.0,832.0,1193.0,1234.0,1843.0,1491.0,828.0,642.0,722943.0,1367991.0,588421.0,875200.0,720545.0,1970664.0,3487697.0,4120377.0,4873269.0
"Abacus Wealth Partners, LLC",0.0,0.0,0.0,840335.0,601335.0,816301.0,889155.0,1338544.0,1164901.0,660208.0,493488.0,0.0,245623.0,353343.0,1820637.0,4081100.0,4058993.0,5526579.0,5788211.0,6055062.0
"Abbot Financial Management, Inc.",810.0,1148.0,1621.0,1542.0,1628.0,2439.0,2535.0,3351.0,3158.0,1809.0,1481.0,1662109.0,3138134.0,4178084.0,4293743.0,4900747.0,7934251.0,9914419.0,9612182.0,10530834.0
"Abbrea Capital, LLC",994.0,1819.0,2162.0,2776.0,2970.0,4646.0,4790.0,6961.0,6503.0,3670.0,2906.0,3477547.0,6634.0,10477.0,11096.0,12902.0,22937.0,27753.0,0.0,0.0
"Abel Hall, LLC",0.0,0.0,0.0,0.0,0.0,0.0,0.0,0.0,0.0,0.0,0.0,0.0,0.0,0.0,0.0,1412552.0,2411034.0,3276209.0,3366125.0,3810147.0
Aberdeen Wealth Management LLC,0.0,245.0,227.0,212.0,0.0,216.0,0.0,271.0,251.0,0.0,0.0,0.0,255548.0,389178.0,400191.0,455602.0,840311.0,2149596.0,2119128.0,2351418.0
Abich Financial Wealth Management LLC,0.0,0.0,0.0,0.0,0.0,0.0,0.0,0.0,0.0,0.0,0.0,0.0,0.0,0.0,0.0,170356.0,179808.0,289860.0,49304.0,0.0
Able Wealth Management LLC,0.0,0.0,0.0,0.0,0.0,0.0,0.0,0.0,0.0,0.0,0.0,0.0,0.0,0.0,0.0,32189.0,0.0,0.0,0.0,320759.0
Abound Wealth Management,0.0,0.0,0.0,0.0,0.0,0.0,0.0,0.0,0.0,0.0,70414.0,78490.0,235959.0,472716.0,493548.0,512603.0,982120.0,1384946.0,1872775.0,2344718.0
"Absolute Capital Management, LLC",0.0,0.0,0.0,0.0,0.0,0.0,0.0,588220.0,0.0,0.0,978.0,0.0,0.0,0.0,0.0,0.0,0.0,0.0,0.0,0.0
Absolute Gestao de Investimentos Ltda.,0.0,0.0,0.0,0.0,0.0,0.0,0.0,0.0,0.0,0.0,0.0,0.0,0.0,0.0,0.0,0.0,496958.0,271788.0,0.0,0.0
Absoluto Partners Gestao de Recursos Ltda,0.0,0.0,0.0,0.0,0.0,0.0,0.0,0.0,0.0,0.0,0.0,0.0,0.0,0.0,592891.0,1172186.0,1766460.0,1601831.0,1901143.0,1980912.0
Abundance Wealth Counselors,0.0,613.0,822.0,759.0,908.0,1664.0,1715.0,2334.0,2123.0,1318.0,1101.0,2686.0,2514.0,3619.0,3627.0,4030.0,6834.0,9476.0,9733.0,11229.0
Accel Wealth Management,0.0,0.0,0.0,310.0,333.0,495.0,534.0,846.0,744.0,442.0,418.0,399472.0,763508.0,1400552.0,1028232.0,1177063.0,2508186.0,4534706.0,4823763.0,5275284.0
Accelerate Investment Advisors LLC,0.0,0.0,0.0,0.0,0.0,0.0,0.0,0.0,0.0,0.0,0.0,0.0,0.0,0.0,0.0,0.0,0.0,0.0,1764623.0,2084101.0
"Accent Capital Management, LLC",0.0,0.0,0.0,0.0,0.0,0.0,0.0,0.0,0.0,0.0,0.0,0.0,0.0,0.0,0.0,6807387.0,12960848.0,17715920.0,18032671.0,17951191.0
Accordant Advisory Group Inc,0.0,0.0,0.0,0.0,0.0,0.0,0.0,0.0,0.0,0.0,0.0,0.0,0.0,0.0,0.0,0.0,67767.0,0.0,24288.0,26858.0
Accredited Investors Inc.,0.0,0.0,258.0,414.0,598.0,895.0,941.0,1368.0,1462.0,776.0,644.0,772614.0,1478556.0,2279265.0,2601551.0,3219088.0,5852282.0,8503903.0,10526217.0,9644667.0
"Accredited Wealth Management, LLC",0.0,0.0,0.0,0.0,0.0,0.0,0.0,0.0,0.0,0.0,0.0,0.0,0.0,0.0,0.0,0.0,0.0,0.0,0.0,262537.0
"Accretive Wealth Partners, LLC",0.0,0.0,0.0,1878.0,0.0,0.0,0.0,0.0,0.0,0.0,0.0,0.0,0.0,0.0,0.0,0.0,231739.0,292790.0,222235.0,245751.0
"Accurate Wealth Management, LLC",0.0,0.0,0.0,0.0,0.0,553.0,702.0,959.0,1187.0,456.0,476.0,818841.0,1841831.0,3120060.0,3538031.0,4267581.0,5744292.0,10247892.0,10389350.0,11602507.0
Accuvest Global Advisors,11.0,14.0,0.0,0.0,0.0,0.0,287.0,312.0,3215.0,2341.0,0.0,0.0,0.0,480000.0,955000.0,994402.0,879000.0,0.0,627359.0,2673982.0
"Acorn Wealth Advisors, LLC",0.0,0.0,0.0,0.0,0.0,0.0,0.0,237.0,265.0,0.0,0.0,248000.0,463815.0,708466.0,778205.0,885512.0,1467538.0,2195777.0,2392224.0,2609782.0
"Acorns Advisers, LLC",0.0,0.0,0.0,0.0,0.0,0.0,0.0,0.0,0.0,0.0,0.0,0.0,0.0,0.0,485.0,966.0,2864.0,5774.0,8163.0,10155.0
"Acropolis Investment Management, LLC",234.0,338.0,598.0,696.0,746.0,1177.0,1182.0,1807.0,1787.0,1011.0,808.0,985865.0,1850792.0,2753454.0,1624273.0,1783311.0,2865234.0,5904536.0,12357922.0,7209841.0
Act Two Investors LLC,0.0,0.0,0.0,0.0,0.0,0.0,0.0,0.0,0.0,0.0,0.0,0.0,0.0,0.0,0.0,0.0,299078.0,408917.0,401966.0,444500.0
"Actinver Wealth Management, Inc.",0.0,0.0,344.0,332.0,0.0,0.0,0.0,0.0,0.0,0.0,0.0,0.0,0.0,0.0,0.0,0.0,0.0,0.0,0.0,0.0
Activest Wealth Management,0.0,0.0,0.0,0.0,374.0,458.0,584.0,377.0,435.0,739.0,1283.0,1306094.0,586566.0,151683.0,359433.0,257062.0,507250.0,6881003.0,7329029.0,8249123.0
"Adams Asset Advisors, LLC",0.0,1624.0,2313.0,2232.0,4564.0,3420.0,3542.0,5029.0,4665.0,2592.0,0.0,0.0,0.0,0.0,0.0,0.0,0.0,0.0,0.0,0.0
Adams Wealth Management,0.0,286.0,378.0,353.0,390.0,532.0,507.0,1500.0,733.0,515.0,531.0,780241.0,1180800.0,1777107.0,1688251.0,1903689.0,5807295.0,7800259.0,7058281.0,6966122.0
Addenda Capital Inc.,0.0,0.0,0.0,0.0,0.0,0.0,0.0,0.0,0.0,0.0,3997.0,4747455.0,7076562.0,7439530.0,7635890.0,8686190.0,7997340.0,8041152.0,7914179.0,8721083.0
Addison Advisors LLC,0.0,0.0,0.0,0.0,0.0,0.0,2.0,131.0,439.0,121.0,113.0,17537.0,33333.0,27074.0,27840.0,31695.0,115656.0,156896.0,149979.0,373627.0
Addison Capital Co,0.0,0.0,0.0,0.0,236.0,295.0,368.0,579.0,895.0,535.0,351.0,428.0,445.0,670.0,701.0,747239.0,1413911.0,2173888.0,2141064.0,2410450.0
"Adero Partners, LLC",0.0,0.0,0.0,0.0,0.0,0.0,0.0,0.0,0.0,0.0,0.0,0.0,0.0,9611107.0,10043159.0,11482778.0,20911301.0,29643642.0,30340985.0,34322330.0
"Advance Capital Management, Inc.",0.0,0.0,0.0,0.0,0.0,0.0,0.0,324.0,307.0,259.0,234.0,261605.0,550015.0,791943.0,908315.0,828570.0,3024342.0,3537268.0,3613274.0,4072721.0
Advanced Asset Management Advisors Inc,0.0,0.0,0.0,0.0,0.0,0.0,0.0,0.0,0.0,0.0,0.0,14614.0,0.0,0.0,0.0,217897.0,389996.0,553459.0,553459.0,606991.0
"Advanced Portfolio Management, LLC",0.0,0.0,0.0,0.0,0.0,0.0,0.0,0.0,0.0,0.0,0.0,0.0,0.0,0.0,1619468.0,454117.0,0.0,4323900.0,5343360.0,4878287.0
Advantage Trust Co,0.0,0.0,0.0,0.0,0.0,0.0,0.0,0.0,0.0,0.0,0.0,0.0,0.0,0.0,0.0,155004.0,282814.0,378032.0,189446.0,209492.0
Adviser Investments LLC,0.0,0.0,0.0,0.0,0.0,0.0,0.0,372.0,454.0,273.0,267.0,289698.0,300117.0,984259.0,1204834.0,0.0,0.0,0.0,0.0,0.0
"Advisor OS, LLC",0.0,0.0,0.0,0.0,0.0,1692.0,1783.0,2672.0,2193.0,1186.0,823.0,1208722.0,2817184.0,5043027.0,5751840.0,6279273.0,12114954.0,14756962.0,15274950.0,16809191.0
Advisor Resource Council,0.0,0.0,0.0,0.0,0.0,4384.0,677.0,5627.0,1182.0,4784.0,2024.0,2627451.0,1226191.0,774127.0,1163163.0,6385138.0,1710420.0,320291.0,2744243.0,719794.0
"AdvisorNet Financial, Inc",1569.0,2270.0,2737.0,2590.0,2840.0,4222.0,4652.0,6467.0,5640.0,3119.0,2593.0,2359137.0,4449586.0,6202044.0,5784073.0,6812787.0,11365209.0,15544963.0,16046036.0,16945206.0
AdvisorShares Investments LLC,0.0,1015.0,1556.0,2208.0,0.0,0.0,2014.0,2859.0,0.0,366.0,5.0,0.0,0.0,423020.0,369742.0,851283.0,430998.0,1015531.0,816927.0,903369.0
"Advisors Asset Management, Inc.",7807.0,10552.0,16133.0,16301.0,17538.0,22748.0,25348.0,33731.0,27851.0,13657.0,8668.0,7029626.0,9641119.0,9618629.0,7109042.0,6683489.0,15068670.0,19677081.0,21917005.0,25579291.0
"Advisors Capital Management, LLC",483.0,647.0,853.0,832.0,864.0,2397.0,2573.0,3802.0,10435.0,6240.0,10925.0,9635.0,17419.0,20073.0,26863.0,21548.0,56840.0,105999.0,116948.0,132821087.0
"Advisory Alpha, LLC",273409.0,229.0,5861.0,236.0,394.0,244.0,606.0,1123.0,1156.0,673.0,554.0,666959.0,1183561.0,2571518.0,2745349.0,3560941.0,7870797.0,11629505.0,12632862.0,14749550.0
Advisory Resource Group,0.0,0.0,0.0,0.0,710.0,1118.0,372.0,431.0,537.0,455.0,480.0,641418.0,926939.0,999628.0,1031365.0,1132572.0,1678822.0,2051268.0,2139783.0,2241851.0
"Advisory Services & Investments, LLC",0.0,0.0,0.0,0.0,0.0,0.0,0.0,0.0,0.0,0.0,0.0,0.0,0.0,211510.0,217495.0,247610.0,451780.0,494160.0,487339.0,0.0
"Advisory Services Network, LLC",3295.0,4694.0,7863.0,9427.0,11289.0,17078.0,19740.0,30077.0,28361.0,15638.0,10798.0,13204901.0,24723886.0,0.0,46770779.0,50107094.0,105677051.0,151102273.0,151102273.0,163450132.0
"Aevitas Wealth Management, Inc.",0.0,0.0,0.0,0.0,0.0,0.0,562.0,1362.0,1439.0,796.0,552.0,371746.0,0.0,0.0,0.0,0.0,0.0,0.0,0.0,0.0
"Affiance Financial, LLC",0.0,0.0,0.0,0.0,0.0,0.0,0.0,0.0,0.0,0.0,0.0,17245.0,0.0,0.0,0.0,0.0,993012.0,1452830.0,1544231.0,1820167.0
"Affinity Capital Advisors, LLC",0.0,0.0,0.0,0.0,0.0,0.0,0.0,256.0,0.0,0.0,0.0,0.0,0.0,0.0,281944.0,305631.0,614570.0,939243.0,813857.0,1021605.0
"Aft, Forsyth & Company, Inc.",2842696.0,0.0,0.0,0.0,0.0,0.0,0.0,0.0,0.0,0.0,0.0,0.0,0.0,0.0,0.0,0.0,0.0,0.0,0.0,0.0
"Aft, Forsyth & Sober, LLC",0.0,67.0,41.0,509.0,1041.0,1560.0,1885.0,2676.0,2483.0,1379.0,1105.0,1329874.0,2444376.0,3849482.0,3958409.0,4506000.0,8222396.0,17295600.0,18498348.0,21436041.0
Ahrens Investment Partners LLC,0.0,210.0,231.0,300.0,323.0,592.0,879.0,1253.0,1068.0,619.0,448.0,578284.0,1112827.0,0.0,0.0,0.0,0.0,0.0,0.0,0.0
"Aigen Investment Management, LP",0.0,0.0,0.0,0.0,0.0,0.0,0.0,0.0,0.0,5802.0,2154.0,0.0,723869.0,3774184.0,6084640.0,5685126.0,0.0,1167577.0,0.0,1110310.0
Alaethes Wealth LLC,0.0,0.0,0.0,0.0,1073.0,1682.0,1609.0,2167.0,2240.0,1262.0,1065.0,1344517.0,2896641.0,3810458.0,4135085.0,4578822.0,7711806.0,10399424.0,9685953.0,10431773.0
"Alamar Capital Management, LLC",0.0,0.0,0.0,0.0,0.0,0.0,0.0,0.0,0.0,0.0,0.0,0.0,0.0,218279.0,224450.0,295646.0,0.0,586444.0,577738.0,0.0
"Alambic Investment Management, L.P.",312.0,294.0,0.0,0.0,0.0,0.0,0.0,0.0,0.0,0.0,0.0,0.0,0.0,0.0,0.0,0.0,0.0,0.0,0.0,0.0
"Alan B Lancz & Associates, Inc.",0.0,0.0,0.0,0.0,0.0,0.0,0.0,0.0,0.0,0.0,0.0,0.0,0.0,995790.0,935229.0,990440.0,0.0,1760445.0,1973522.0,2773223.0
"Alan B. Lancz & Associates, Inc.",0.0,0.0,0.0,0.0,0.0,0.0,0.0,2088.0,791.0,527.0,352.0,490071.0,806645.0,0.0,0.0,0.0,0.0,0.0,0.0,0.0
Alaska Permanent Capital Management,0.0,0.0,0.0,0.0,0.0,0.0,0.0,0.0,0.0,0.0,0.0,0.0,0.0,0.0,0.0,0.0,0.0,0.0,0.0,268580.0
Alaska Wealth Advisors,0.0,0.0,0.0,0.0,0.0,0.0,0.0,0.0,0.0,0.0,0.0,0.0,0.0,0.0,0.0,0.0,202472.0,314020.0,351186.0,267506.0
Albar Capital Ltd,13440.0,869.0,0.0,0.0,0.0,0.0,4021.0,3806.0,3719.0,0.0,0.0,0.0,36000381.0,44331227.0,50588032.0,29554234.0,0.0,9842185.0,0.0,0.0
Albar Capital Partners LLP,0.0,0.0,0.0,0.0,0.0,0.0,0.0,0.0,0.0,0.0,0.0,0.0,0.0,0.0,0.0,0.0,0.0,0.0,0.0,23061085.0
Alberta Investment Management Corp,474.0,4293.0,18943.0,10914.0,1976.0,10401.0,0.0,14241.0,56240.0,25569.0,3660.0,5030285.0,23366290.0,123252800.0,76680907.0,69435291.0,122801032.0,99080315.0,145847618.0,151105257.0
"Alcosta Capital Management, Inc.",0.0,0.0,0.0,5022.0,5063.0,7912.0,8250.0,6867.0,6250.0,3463.0,0.0,0.0,3644065.0,5539870.0,5720119.0,6472525.0,11767965.0,15998430.0,15846706.0,17567952.0
Aldebaran Financial Inc.,0.0,0.0,0.0,0.0,0.0,0.0,0.0,235.0,255.0,234.0,0.0,823801.0,991112.0,1200992.0,999212.0,1099449.0,1937350.0,2606873.0,2520785.0,2868280.0
Alden Global Capital LLC,0.0,0.0,0.0,0.0,0.0,0.0,0.0,0.0,0.0,0.0,0.0,0.0,0.0,12690600.0,9411009.0,10970113.0,0.0,0.0,0.0,0.0
Alecta Tjanstepension Omsesidigt,0.0,0.0,0.0,0.0,0.0,0.0,0.0,0.0,0.0,0.0,0.0,0.0,0.0,0.0,0.0,0.0,92151376.0,339500910.0,482254555.0,684870765.0
"Alera Investment Advisors, LLC",0.0,0.0,0.0,0.0,0.0,0.0,0.0,0.0,93.0,24.0,1.0,3946.0,13889.0,112100.0,114402.0,156985.0,453587.0,3514096.0,5378457.0,0.0
Aletheian Wealth Advisors LLC,0.0,0.0,0.0,0.0,0.0,0.0,0.0,286.0,432.0,278.0,0.0,255745.0,490542.0,1835061.0,1781284.0,1904616.0,4663273.0,5745351.0,2566756.0,3190999.0
"Alexis Investment Partners, LLC",0.0,0.0,0.0,0.0,0.0,0.0,0.0,0.0,0.0,0.0,0.0,0.0,0.0,0.0,0.0,0.0,0.0,0.0,0.0,1449063.0
Algebris (UK) Ltd,0.0,0.0,0.0,0.0,0.0,0.0,159.0,0.0,0.0,0.0,0.0,0.0,0.0,0.0,0.0,0.0,0.0,0.0,0.0,0.0
Alhambra Investment Management LLC,0.0,0.0,0.0,0.0,0.0,0.0,0.0,0.0,0.0,0.0,0.0,0.0,0.0,0.0,0.0,0.0,0.0,211253.0,223450.0,259583.0
Alight Capital Management LP,6590.0,11397.0,13531.0,6789.0,0.0,4001.0,7251.0,6765.0,5457.0,0.0,0.0,1461400.0,5555400.0,15863250.0,4784890.0,8913960.0,9035600.0,17913300.0,15180000.0,28845492.0
"Aljian Capital Management, LLC",0.0,0.0,0.0,0.0,0.0,0.0,0.0,0.0,0.0,0.0,0.0,0.0,0.0,0.0,0.0,0.0,0.0,34409071.0,36323382.0,34429074.0
"All Season Financial Advisors, Inc.",0.0,0.0,0.0,0.0,0.0,277.0,0.0,0.0,0.0,319.0,0.0,0.0,0.0,264735.0,220105.0,228792.0,389434.0,520227.0,501061.0,0.0
"All Terrain Financial Advisors, LLC",639.0,313.0,443.0,426.0,450.0,0.0,0.0,0.0,0.0,0.0,0.0,0.0,0.0,0.0,0.0,0.0,2529968.0,3525832.0,3501115.0,3925297.0
"AllGen Financial Advisors, Inc.",0.0,0.0,0.0,0.0,0.0,0.0,0.0,0.0,0.0,0.0,0.0,0.0,0.0,0.0,0.0,0.0,248496.0,0.0,0.0,206834.0
AllSquare Wealth Management LLC,24.0,44.0,63.0,61.0,68.0,102.0,81.0,98.0,119.0,74.0,61.0,73801.0,140274.0,202561.0,289703.0,329817.0,834889.0,1141514.0,1371912.0,1701199.0
Allegheny Financial Group,0.0,0.0,0.0,0.0,0.0,0.0,0.0,0.0,0.0,0.0,0.0,0.0,0.0,0.0,0.0,0.0,0.0,0.0,0.0,1126697.0
Allegheny Financial Group LTD,0.0,0.0,0.0,0.0,0.0,0.0,0.0,105880.0,0.0,0.0,0.0,0.0,0.0,0.0,271885.0,352152.0,0.0,835470.0,930364.0,0.0
Allegiance Financial Group Advisory Services LLC,0.0,0.0,0.0,0.0,0.0,0.0,0.0,0.0,0.0,0.0,0.0,0.0,0.0,0.0,0.0,0.0,0.0,0.0,425415.0,761573.0
"Allegiant Private Advisors, LLC",0.0,0.0,0.0,0.0,302.0,456.0,0.0,0.0,0.0,0.0,0.0,0.0,0.0,0.0,0.0,0.0,0.0,0.0,0.0,0.0
"Allen Capital Group, LLC",0.0,202.0,349.0,262.0,0.0,365.0,404.0,548.0,503.0,1116.0,1087.0,0.0,2522707.0,2847841.0,2996890.0,3404235.0,6072097.0,8077545.0,7149138.0,7937199.0
Allen Mooney & Barnes Investment Advisors LLC,0.0,0.0,0.0,0.0,0.0,0.0,0.0,0.0,389109.0,0.0,0.0,0.0,0.0,0.0,251612.0,384981.0,743424.0,0.0,1164910.0,1375436.0
"Alley Investment Management Company, LLC",0.0,0.0,0.0,0.0,0.0,0.0,0.0,0.0,0.0,0.0,0.0,0.0,0.0,0.0,0.0,0.0,0.0,7151372.0,7018637.0,7928495.0
"Alliance Wealth Advisors, LLC",0.0,0.0,0.0,0.0,0.0,0.0,0.0,0.0,0.0,0.0,0.0,0.0,0.0,287654.0,295793.0,331797.0,636106.0,1248125.0,1146879.0,1327591.0
"Alliance Wealth Advisors, LLC /UT",0.0,0.0,0.0,0.0,0.0,0.0,0.0,0.0,0.0,0.0,0.0,0.0,0.0,217432.0,223585.0,259991.0,618939.0,965342.0,1560625.0,2967138.0
Alliance Wealth Management Group,0.0,0.0,0.0,0.0,0.0,0.0,0.0,230.0,211.0,0.0,0.0,0.0,0.0,279782.0,0.0,327561.0,612120.0,911689.0,945982.0,1089368.0
Allie Family Office LLC,0.0,0.0,0.0,0.0,0.0,0.0,0.0,0.0,0.0,0.0,0.0,0.0,0.0,0.0,0.0,0.0,504186.0,3901394.0,3157440.0,1925242.0
"Allied Investment Advisors, LLC",0.0,0.0,0.0,0.0,0.0,0.0,0.0,0.0,0.0,0.0,0.0,0.0,0.0,0.0,0.0,0.0,0.0,321822.0,508834.0,625120.0
"Allred Capital Management, LLC",501803.0,1024.0,1553.0,1438.0,1500702.0,1983.0,2030.0,2799.0,1940.0,1117.0,983.0,1157219.0,2181865.0,2999694.0,2892820.0,3175581.0,4974584.0,6356118.0,5680584.0,6136642.0
Allworth Financial LP,231.0,415.0,499.0,553.0,598.0,868.0,1096.0,1894.0,5034.0,3057.0,5070.0,3417695.0,6928186.0,10782476.0,12903514.0,18608311.0,40299325.0,59381200.0,66283598.0,90033429.0
"Almanack Investment Partners, LLC.",403.0,786.0,955.0,608.0,454.0,1348.0,1644.0,2344.0,2109.0,1270.0,0.0,627568.0,1149510.0,3335412.0,1727504.0,1871632.0,3609659.0,9669822.0,4590116.0,4699064.0
"Alpha Cubed Investments, LLC",5820.0,7771.0,7655.0,6899.0,9128.0,13958.0,13795.0,20094.0,23810.0,15414.0,13147.0,15755772.0,20152215.0,24875071.0,25271980.0,30607263.0,53397225.0,72911458.0,76709645.0,82202244.0
Alpha DNA Investment Management LLC,0.0,0.0,0.0,979.0,92.0,797.0,0.0,0.0,0.0,0.0,0.0,0.0,40554.0,40187.0,34799.0,66359.0,1858624.0,2541836.0,2196729.0,1921154.0
"Alpha Financial Advisors, LLC",0.0,0.0,0.0,0.0,0.0,0.0,0.0,0.0,0.0,0.0,0.0,0.0,0.0,0.0,0.0,0.0,0.0,245968.0,245916.0,280666.0
"Alpha Financial Partners, LLC",0.0,0.0,0.0,0.0,0.0,0.0,0.0,0.0,0.0,0.0,0.0,254054.0,310369.0,359315.0,361592.0,346212.0,557609.0,889293.0,426133.0,669448.0
Alpha Omega Wealth Management LLC,0.0,0.0,0.0,0.0,0.0,0.0,0.0,0.0,0.0,0.0,0.0,0.0,0.0,0.0,0.0,0.0,0.0,229784.0,0.0,0.0
"Alpha Paradigm Partners, LLC",0.0,0.0,0.0,1456.0,1529000.0,0.0,1000.0,0.0,0.0,0.0,0.0,0.0,0.0,0.0,0.0,0.0,0.0,0.0,0.0,0.0
Alpha Square Group S LLC,0.0,0.0,0.0,0.0,0.0,0.0,0.0,0.0,0.0,0.0,0.0,0.0,0.0,0.0,0.0,420937.0,831275.0,1235400.0,1384416.0,0.0
"Alpha Square Group S, LLC",0.0,0.0,0.0,0.0,0.0,0.0,0.0,1176.0,1091.0,227.0,0.0,0.0,0.0,253812.0,391491.0,0.0,0.0,0.0,0.0,0.0
AlphaCore Capital LLC,40.0,0.0,0.0,0.0,0.0,0.0,0.0,247.0,252.0,0.0,0.0,0.0,325523.0,809816.0,821055.0,985299.0,1824892.0,5475646.0,2641442.0,3014878.0
AlphaCrest Capital Management LLC,868.0,2065.0,1612.0,6113.0,2682.0,2966.0,2123.0,4429.0,583.0,3145.0,236.0,0.0,0.0,0.0,0.0,0.0,0.0,0.0,0.0,0.0
"AlphaMark Advisors, LLC",14.0,8.0,8.0,23.0,24.0,40.0,48.0,67.0,67.0,55.0,63.0,80.0,138.0,146.0,101.0,98.0,241.0,847.0,164.0,247.0
"AlphaOne Investment Services, LLC",5930.0,9145.0,0.0,0.0,0.0,0.0,0.0,0.0,0.0,0.0,0.0,0.0,0.0,0.0,0.0,0.0,0.0,0.0,0.0,0.0
AlphaQ Advisors LLC,0.0,0.0,0.0,0.0,0.0,0.0,0.0,0.0,0.0,0.0,0.0,343441.0,580539.0,892610.0,870025.0,547713.0,1143907.0,0.0,0.0,0.0
AlphaQuest LLC,0.0,0.0,0.0,0.0,0.0,0.0,0.0,0.0,0.0,0.0,0.0,0.0,0.0,0.0,0.0,0.0,0.0,0.0,0.0,128784.0
"AlphaStar Capital Management, LLC",0.0,1849.0,3639.0,3694.0,4559.0,6897.0,0.0,0.0,0.0,0.0,0.0,3376888.0,4436577.0,5441087.0,3533649.0,4557770.0,10075482.0,15789701.0,16803334.0,19229143.0
Alphadyne Asset Management LP,0.0,0.0,0.0,0.0,0.0,0.0,0.0,0.0,0.0,0.0,0.0,0.0,13960000.0,10628801.0,63987029.0,0.0,1536052.0,0.0,51294313.0,105436719.0
"Alphastar Capital Management, LLC",0.0,0.0,0.0,0.0,0.0,0.0,11709.0,8962.0,9351.0,4580.0,3396.0,0.0,0.0,0.0,0.0,0.0,0.0,0.0,0.0,0.0
Alphinity Investment Management Pty Ltd,0.0,0.0,35625.0,25769.0,116008.0,147611.0,117379.0,142785.0,133734.0,0.0,0.0,0.0,0.0,195555801.0,312773470.0,595243050.0,877525726.0,1192886056.0,1191789451.0,1281306817.0
Alpine Bank Wealth Management,0.0,0.0,0.0,0.0,0.0,0.0,0.0,0.0,0.0,0.0,0.0,0.0,0.0,0.0,0.0,0.0,0.0,0.0,1890335.0,0.0
"Alpine Global Management, LLC",0.0,0.0,0.0,0.0,0.0,0.0,907.0,0.0,0.0,0.0,0.0,0.0,0.0,0.0,0.0,0.0,0.0,0.0,0.0,0.0
Alta Advisers Ltd,0.0,0.0,0.0,0.0,0.0,0.0,0.0,0.0,0.0,0.0,813.0,979.0,0.0,0.0,0.0,0.0,0.0,0.0,0.0,0.0
"Alta Park Capital, LP",0.0,0.0,0.0,0.0,0.0,0.0,0.0,0.0,0.0,0.0,0.0,0.0,21165796.0,54403333.0,43524229.0,46161932.0,28764833.0,45965775.0,21501681.0,32765820.0
Alta Wealth Advisors LLC,0.0,0.0,0.0,1154.0,1179.0,1764.0,1902.0,2704.0,2426.0,1371.0,728.0,845712.0,1847175.0,2784740.0,2880073.0,3291727.0,6033978.0,8357975.0,8106606.0,9258902.0
"Altavista Wealth Management, Inc.",303.0,249.0,368.0,391.0,486.0,801.0,924.0,1376.0,0.0,0.0,0.0,0.0,0.0,0.0,0.0,0.0,0.0,0.0,0.0,0.0
Alteri Wealth LLC,0.0,0.0,0.0,0.0,0.0,0.0,0.0,0.0,0.0,0.0,0.0,0.0,0.0,0.0,0.0,0.0,0.0,0.0,0.0,13118421.0
"Alterity Financial Group, LLC",0.0,0.0,0.0,0.0,3498.0,0.0,0.0,4375.0,0.0,1494.0,1147.0,1282837.0,2518580.0,3336419.0,3705309.0,4126743.0,0.0,0.0,0.0,0.0
"Alternative Investment Advisors, LLC.",0.0,0.0,0.0,0.0,0.0,0.0,0.0,0.0,0.0,0.0,0.0,0.0,0.0,0.0,696996.0,766298.0,1390168.0,2103338.0,2376759.0,0.0
"Altimeter Capital Management, LP",0.0,0.0,0.0,0.0,0.0,0.0,0.0,0.0,0.0,0.0,0.0,64692.0,205708129.0,313275921.0,335903628.0,396007625.0,716654096.0,956299667.0,946817768.0,1053608319.0
"Altiora Financial Group, LLC",0.0,0.0,0.0,0.0,0.0,0.0,0.0,0.0,0.0,0.0,0.0,0.0,0.0,0.0,0.0,256104.0,473607.0,647553.0,636181.0,706201.0
Altium Wealth Management LLC,656.0,1364.0,2168.0,2347.0,2641.0,4123.0,4404.0,6746.0,8106.0,5321.0,0.0,0.0,0.0,0.0,0.0,0.0,0.0,0.0,0.0,0.0
"Altman Advisors, Inc.",0.0,0.0,1244.0,1242.0,2426.0,3917.0,4873.0,4578.0,5357.0,2355.0,0.0,0.0,0.0,0.0,0.0,1690283.0,3852353.0,6320060.0,6245903.0,6899959.0
Altus Wealth Group LLC,0.0,0.0,0.0,67.0,0.0,0.0,0.0,0.0,271.0,0.0,0.0,220673.0,459994.0,689534.0,723844.0,800801.0,1554173.0,2199589.0,2263116.0,2568414.0
"Altus Wealth Management, LLC",0.0,0.0,0.0,0.0,0.0,210.0,232.0,334.0,309.0,0.0,0.0,0.0,320697.0,255734.0,263008.0,401460.0,1206876.0,1710200.0,1269326.0,1406562.0
"Alyeska Investment Group, L.P.",4158.0,9412.0,0.0,0.0,0.0,0.0,0.0,0.0,11266.0,0.0,0.0,0.0,0.0,280972845.0,103182673.0,0.0,0.0,0.0,0.0,0.0
Amalgamated Financial Corp.,0.0,0.0,0.0,0.0,0.0,0.0,0.0,0.0,178449.0,0.0,0.0,0.0,0.0,0.0,0.0,0.0,0.0,0.0,0.0,0.0
"Ambassador Advisors, LLC",4596.0,6732.0,7467.0,1667.0,1282.0,2380.0,1731.0,2321.0,1936.0,1194.0,2210.0,1077060.0,1637520.0,2185334.0,2634718.0,0.0,0.0,0.0,0.0,0.0
Ameliora Wealth Management Ltd.,0.0,0.0,0.0,0.0,0.0,0.0,0.0,0.0,0.0,18.0,299.0,379964.0,855532.0,1252139.0,1265821.0,2183920.0,3544666.0,2573338.0,1588435.0,5751104.0
"Ameraudi Asset Management, Inc.",0.0,0.0,0.0,0.0,0.0,0.0,0.0,0.0,0.0,0.0,0.0,0.0,2500.0,0.0,0.0,0.0,0.0,617700.0,607200.0,671450.0
AmeriServ Wealth Advisors,0.0,0.0,0.0,0.0,0.0,0.0,0.0,0.0,0.0,0.0,0.0,0.0,0.0,0.0,0.0,0.0,0.0,0.0,0.0,5790584.0
"American Alpha Advisors, LLC",0.0,0.0,0.0,0.0,0.0,0.0,0.0,0.0,0.0,0.0,0.0,0.0,0.0,0.0,0.0,0.0,0.0,0.0,607200.0,671450.0
American Asset Management Inc.,0.0,0.0,0.0,0.0,0.0,260.0,358.0,412.0,382.0,212.0,0.0,0.0,0.0,0.0,0.0,0.0,0.0,0.0,0.0,0.0
"American Capital Advisory, LLC",0.0,0.0,0.0,0.0,0.0,0.0,0.0,0.0,0.0,0.0,0.0,0.0,0.0,0.0,0.0,705196.0,32777.0,705196.0,1486432.0,1648822.0
"American Financial Advisors, LLC",0.0,0.0,0.0,0.0,0.0,287.0,342.0,646.0,527.0,283.0,225.0,266046.0,508799.0,826922.0,877061.0,991148.0,1734392.0,2313463.0,2355824.0,2650002.0
"American Institute for Advanced Investment Management, LLP",0.0,0.0,0.0,0.0,0.0,0.0,0.0,0.0,0.0,0.0,0.0,0.0,0.0,332493.0,341901.0,389242.0,746341.0,1396002.0,1374701.0,1459735.0
"American Money Management, LLC",0.0,0.0,0.0,0.0,267.0,0.0,898.0,632.0,664.0,377.0,499.0,606343.0,1248041.0,1867668.0,2020204.0,2329151.0,4266852.0,3073155.0,3211819.0,3517055.0
"American Planning Services, Inc.",0.0,0.0,0.0,0.0,0.0,0.0,0.0,0.0,0.0,0.0,0.0,0.0,0.0,0.0,0.0,694794.0,1551413.0,4013197.0,4135639.0,0.0
American Portfolios Advisors,10194115.0,14292430.0,22761317.0,19500057.0,21819879.0,33715947.0,36966963.0,52511029.0,49363310.0,28304147.0,22249615.0,0.0,0.0,0.0,0.0,0.0,0.0,0.0,0.0,0.0
American Research & Management Co.,4868.0,6999.0,8719.0,7947.0,7970.0,12175.0,12489.0,17327.0,15885.0,8988.0,7397.0,0.0,0.0,0.0,0.0,0.0,0.0,0.0,0.0,0.0
American Trust,0.0,0.0,0.0,0.0,0.0,0.0,0.0,0.0,68.0,44.0,35.0,42088.0,79998.0,100679.0,103528.0,1721880.0,3141678.0,3650483.0,7076066.0,7840387.0
"American Trust Investment Advisors, LLC",0.0,0.0,0.0,0.0,0.0,0.0,0.0,0.0,0.0,0.0,0.0,0.0,0.0,0.0,0.0,0.0,234022.0,403976.0,397109.0,439128.0
"Americana Partners, LLC",0.0,0.0,272.0,291.0,322.0,510.0,1213.0,1982.0,2801.0,3728.0,2590.0,1718373.0,3315571.0,4204141.0,7683002.0,9710515.0,16635886.0,21132994.0,25297282.0,32453336.0
"Ameritas Advisory Services, LLC",0.0,0.0,0.0,0.0,0.0,0.0,0.0,4313.0,4599.0,2512.0,2296.0,2940173.0,3937420.0,3706596.0,8518712.0,9490936.0,17209373.0,28796716.0,17367534.0,25481745.0
"Ameritas Investment Company, LLC",640.0,1036.0,1036.0,604.0,758846.0,2732.0,3065.0,0.0,0.0,0.0,0.0,0.0,0.0,0.0,0.0,0.0,0.0,0.0,0.0,0.0
"Ameritas Investment Partners, Inc.",3439.0,4220.0,4933.0,4227.0,4302.0,6414.0,6734.0,9240.0,8681.0,4953.0,4056.0,4653533.0,8015949.0,10966105.0,10075456.0,10908511.0,19707968.0,25241215.0,22873604.0,24336807.0
Amica Retiree Medical Trust,298.0,430.0,612.0,591.0,604.0,1132.0,815.0,1705.0,1581.0,1199.0,931.0,1006.0,1544.0,1961.0,2017.0,0.0,0.0,0.0,5306.0,4941.0
"Amplius Wealth Advisors, LLC",0.0,0.0,0.0,0.0,0.0,0.0,0.0,740.0,703.0,312.0,265.0,329985.0,648594.0,790626.0,809518.0,912693.0,1583945.0,2204080.0,2108444.0,2361501.0
Analog Century Management LP,0.0,0.0,0.0,9030026.0,13372.0,14838.0,15614.0,21961.0,18356.0,7272.0,9586.0,8719589.0,31475785.0,31224798.0,32619030.0,30144537.0,53246791.0,70597057.0,93736014.0,105149204.0
Anatole Investment Management Ltd,0.0,0.0,0.0,0.0,0.0,0.0,0.0,0.0,0.0,0.0,0.0,0.0,0.0,0.0,84034413.0,0.0,65110534.0,0.0,31601967.0,1327457.0
"Anchor Investment Management, LLC",52720.0,114353.0,166155.0,172848.0,283517.0,672885.0,655043.0,2234947.0,2141683.0,1170581.0,1096884.0,1162403.0,1314140.0,2245058.0,2607088.0,3469800.0,5546639.0,9009374.0,7965600.0,9739149.0
Ancora Advisors LLC,0.0,0.0,0.0,0.0,0.0,0.0,0.0,0.0,0.0,0.0,0.0,0.0,0.0,0.0,0.0,8441463.0,17173038.0,22175147.0,21992263.0,23699792.0
"Ancora Advisors, LLC",654.0,1178.0,1850.0,1864.0,2234.0,3510.0,1971.0,3033.0,4644.0,2365.0,2492.0,2907.0,5933555.0,8125638.0,7699235.0,0.0,0.0,0.0,0.0,0.0
Andar Capital Management HK Ltd,0.0,0.0,0.0,0.0,0.0,0.0,0.0,0.0,9277.0,4699.0,0.0,0.0,4499874.0,2115100.0,0.0,0.0,0.0,0.0,1700160.0,0.0
Andesa Financial Management Inc.,0.0,254.0,377.0,336.0,350.0,520.0,556.0,654.0,658.0,376.0,267.0,366812.0,0.0,0.0,0.0,0.0,0.0,0.0,0.0,0.0
"Andina Capital Management, LLC",0.0,0.0,0.0,0.0,0.0,0.0,0.0,0.0,0.0,0.0,0.0,0.0,0.0,0.0,0.0,242835.0,268681.0,482372.0,285697.0,288130.0
Andra AP-fonden,5061.0,9156.0,12935.0,10705.0,10145.0,9921.0,12678.0,10764.0,0.0,7413.0,6507.0,5319.0,13221852.0,16582384.0,20053039.0,20749718.0,139509664.0,214663104.0,200048112.0,195835107.0
"Andrew Hill Investment Advisors, Inc.",0.0,0.0,0.0,0.0,0.0,0.0,0.0,3507.0,1856.0,686.0,0.0,0.0,0.0,0.0,0.0,3692212.0,6134448.0,7032603.0,4964878.0,5273377.0
"Angeles Investment Advisors, LLC",0.0,0.0,0.0,0.0,224.0,0.0,271.0,773.0,0.0,0.0,0.0,0.0,271104.0,447132.0,1093565.0,1131082.0,2516415.0,5597103.0,5072197.0,3731919.0
AnglePoint Asset Management Ltd,0.0,0.0,0.0,0.0,0.0,0.0,0.0,0.0,0.0,0.0,0.0,0.0,0.0,0.0,0.0,1992270.0,0.0,0.0,0.0,0.0
"Annandale Capital, LLC",0.0,0.0,0.0,0.0,0.0,0.0,0.0,0.0,0.0,0.0,0.0,0.0,0.0,0.0,0.0,220.0,401.0,492.0,358.0,383.0
"Annapolis Financial Services, LLC",0.0,0.0,0.0,8.0,8.0,12.0,13.0,18.0,25.0,9.0,17.0,7161.0,13611.0,78239.0,73928.0,76736.0,94874.0,129717.0,134869.0,0.0
"Annex Advisory Services, LLC",0.0,0.0,0.0,3772.0,3586.0,5379.0,5607.0,8049.0,8794.0,5158.0,3650.0,5211418.0,7970720.0,11730914.0,14075087.0,12311547.0,23203292.0,41720123.0,47913576.0,68888712.0
"Annis Gardner Whiting Capital Advisors, LLC",0.0,0.0,0.0,0.0,0.0,0.0,0.0,0.0,0.0,0.0,0.0,0.0,0.0,0.0,2530772.0,2904961.0,6061081.0,8146100.0,4704677.0,7571403.0
"Anthracite Investment Company, Inc.",0.0,0.0,0.0,0.0,0.0,0.0,0.0,0.0,0.0,0.0,0.0,0.0,0.0,0.0,0.0,0.0,1807120.0,24708000.0,7286400.0,2014350.0
"Antonelli Financial Advisors, LLC",0.0,0.0,0.0,0.0,0.0,0.0,0.0,0.0,0.0,0.0,0.0,0.0,0.0,0.0,0.0,0.0,0.0,0.0,0.0,876284.0
Antonetti Capital Management LLC,0.0,0.0,0.0,0.0,0.0,0.0,316.0,433.0,7.0,0.0,0.0,0.0,1667.0,4230.0,2175.0,0.0,0.0,0.0,0.0,0.0
Apeiron RIA LLC,0.0,0.0,0.0,0.0,0.0,0.0,0.0,366.0,295.0,205.0,0.0,0.0,382735.0,592354.0,619569.0,673674.0,1234594.0,1762413.0,1718853.0,2095658.0
"Apella Capital, LLC",0.0,0.0,0.0,0.0,0.0,0.0,0.0,212.0,202.0,0.0,0.0,241095.0,0.0,917620.0,1000158.0,1252886.0,2243353.0,3910677.0,3761332.0,4279200.0
"Aperio Group, LLC",124756.0,190611.0,281027.0,273771.0,0.0,0.0,0.0,0.0,0.0,0.0,0.0,0.0,0.0,0.0,0.0,0.0,0.0,0.0,0.0,0.0
"Aperture Investors, LLC",1033.0,0.0,0.0,0.0,2158.0,595.0,0.0,0.0,0.0,0.0,0.0,0.0,0.0,1336743.0,2559046.0,2393398.0,4675923.0,3981941.0,5622308.0,4941603.0
"Apex Wealth Management, LLC",0.0,0.0,0.0,0.0,0.0,0.0,0.0,0.0,0.0,0.0,0.0,0.0,0.0,0.0,0.0,0.0,0.0,0.0,0.0,272128.0
"Apexium Financial, LP",0.0,0.0,0.0,0.0,0.0,0.0,0.0,209.0,412.0,256.0,2962.0,3560273.0,6737803.0,8624434.0,8894088.0,10464015.0,18300924.0,21925887.0,21546109.0,23666663.0
"Apollon Financial, LLC",0.0,0.0,0.0,0.0,0.0,0.0,0.0,0.0,0.0,0.0,0.0,0.0,0.0,0.0,0.0,10048509.0,19126078.0,26630594.0,25544732.0,28947271.0
"Apollon Wealth Management, LLC",1879.0,3190.0,5797.0,4072.0,8357.0,12561.0,13615.0,24591.0,22402.0,12681.0,9818.0,12321207.0,20840026.0,41709891.0,35374324.0,49759872.0,81173891.0,111811022.0,121033228.0,152170480.0
"Applied Finance Capital Management, LLC",0.0,0.0,0.0,0.0,0.0,0.0,0.0,0.0,0.0,0.0,0.0,0.0,0.0,0.0,0.0,0.0,0.0,25428238.0,49201416.0,25704046.0
Apriem Advisors,360.0,418.0,692.0,494.0,604.0,1629.0,1057.0,1410.0,1246.0,864.0,724.0,821438.0,1476578.0,1732194.0,2013494.0,2326458.0,4655889.0,6665647.0,5350571.0,6341579.0
"Aprio Wealth Management, LLC",0.0,0.0,0.0,0.0,0.0,0.0,0.0,0.0,0.0,0.0,0.0,0.0,0.0,330810.0,451094.0,522964.0,1928217.0,2690022.0,2827760.0,3565272.0
"Aptus Capital Advisors, LLC",9908.0,22831.0,17131.0,5030.0,5599.0,7666.0,8325.0,12395.0,15637.0,8843.0,13122.0,16477723.0,24833302.0,33880517.0,35416016.0,36689364.0,72610082.0,120973085.0,146693326.0,322192724.0
Aquatic Capital Management LLC,0.0,0.0,0.0,0.0,0.0,0.0,0.0,0.0,109.0,0.0,0.0,0.0,15222.0,22209.0,24951.0,0.0,0.0,26956428.0,32594496.0,26320974.0
"Aquire Wealth Advisors, LLC",0.0,0.0,0.0,0.0,0.0,0.0,0.0,149.0,0.0,0.0,0.0,0.0,0.0,0.0,0.0,222849.0,453587.0,638702.0,649947.0,733226.0
Arabesque Asset Management Ltd,0.0,3348.0,3102.0,2778.0,0.0,4082.0,2884.0,4734.0,4814.0,1924.0,0.0,475247.0,0.0,0.0,0.0,0.0,0.0,0.0,0.0,0.0
"Aragon Global Management, LP",0.0,0.0,0.0,0.0,0.0,0.0,0.0,0.0,0.0,0.0,0.0,0.0,0.0,0.0,0.0,2369628.0,12360701.0,16900272.0,19239132.0,24800006.0
"Arbor Investment Advisors, LLC",0.0,0.0,0.0,0.0,0.0,0.0,0.0,254.0,288.0,0.0,0.0,0.0,239957.0,0.0,0.0,213870.0,263720.0,360574.0,0.0,210586.0
"Arbor Wealth Management, LLC",0.0,0.0,0.0,0.0,225.0,540.0,675.0,1148.0,0.0,0.0,0.0,0.0,0.0,0.0,0.0,0.0,0.0,0.0,0.0,0.0
"Arcadia Wealth Management, LLC",0.0,0.0,0.0,0.0,0.0,0.0,0.0,0.0,0.0,0.0,0.0,0.0,0.0,212790.0,0.0,227318.0,517764.0,681857.0,681924.0,700912.0
Arcataur Capital Management LLC,0.0,0.0,0.0,0.0,0.0,0.0,0.0,0.0,0.0,0.0,0.0,0.0,0.0,0.0,0.0,519981.0,914403.0,1269991.0,1260547.0,1407359.0
ArchPoint Investors,0.0,0.0,0.0,0.0,0.0,0.0,0.0,0.0,0.0,0.0,0.0,0.0,0.0,0.0,0.0,321398.0,586410.0,777067.0,812501.0,898400.0
Archer Investment Corp,354.0,581262.0,808583.0,701315.0,652462.0,985723.0,1013014.0,1679668.0,1380240.0,828141.0,625049.0,1247486.0,1007603.0,1561853.0,1616494.0,1500110.0,2731046.0,3746432.0,3239774.0,0.0
"Archford Capital Strategies, LLC",425.0,681.0,978.0,960.0,969.0,1201.0,1254.0,2030.0,1912.0,1051.0,846.0,1047385.0,1935701.0,3514089.0,3680890.0,3080771.0,5535223.0,7898432.0,9414061.0,9184534.0
"Archvest Wealth Advisors, Inc.",0.0,0.0,0.0,0.0,0.0,0.0,0.0,0.0,0.0,0.0,0.0,0.0,0.0,0.0,250119.0,275842.0,576529.0,799279.0,870997.0,990726.0
"Arcus Capital Partners, LLC",0.0,0.0,0.0,0.0,0.0,0.0,0.0,0.0,0.0,0.0,0.0,305512.0,0.0,0.0,0.0,712941.0,1306239.0,1543752.0,1075504.0,1306239.0
Arden Trust Co,665.0,742.0,1009.0,956.0,980.0,1311.0,1296.0,1669.0,1443.0,800.0,706.0,933160.0,1854.0,2937.0,4125901.0,4980428.0,9176552.0,12549812.0,0.0,0.0
Ardevora Asset Management LLP,0.0,0.0,0.0,0.0,52539.0,88946.0,76793.0,75262.0,409.0,227.0,340.0,0.0,53832.0,92430.0,60471.0,34658.0,0.0,0.0,0.0,0.0
Ardmore Road Asset Management LP,0.0,0.0,0.0,0.0,0.0,0.0,0.0,0.0,0.0,0.0,0.0,0.0,0.0,19035900.0,26747535.0,37141500.0,36142400.0,43239000.0,0.0,0.0
Areion Asset Management Co Ltd,0.0,0.0,0.0,0.0,0.0,0.0,829.0,0.0,0.0,0.0,0.0,0.0,0.0,0.0,0.0,0.0,0.0,0.0,0.0,0.0
"Arete Wealth Advisors, LLC",0.0,1365.0,1290.0,1175.0,1332.0,1342.0,2326.0,3635.0,3214.0,1934.0,2384.0,3515079060.0,7239160239.0,9331.0,0.0,11592979.0,0.0,0.0,24021.0,33306.0
"Arete Wealth Management, LLC",734.0,0.0,0.0,0.0,0.0,0.0,0.0,0.0,0.0,0.0,0.0,0.0,0.0,0.0,0.0,0.0,0.0,0.0,0.0,0.0
"Argent Advisors, Inc.",0.0,0.0,0.0,0.0,0.0,0.0,0.0,0.0,0.0,0.0,0.0,0.0,0.0,0.0,0.0,0.0,0.0,0.0,0.0,263208.0
"Argent Financial Group, Inc.",0.0,0.0,0.0,0.0,0.0,0.0,0.0,0.0,0.0,0.0,0.0,0.0,0.0,0.0,0.0,0.0,0.0,0.0,6653454.0,0.0
Argent Trust Co,564.0,795.0,1111.0,1104.0,1247.0,1957.0,2103.0,3048.0,4019.0,2331.0,1873.0,2081181.0,4107102.0,6170165.0,6746701.0,8839181.0,15225886.0,21179572.0,22329901.0,25499399.0
"Argentarii, LLC",0.0,0.0,0.0,0.0,0.0,0.0,0.0,0.0,0.0,0.0,0.0,0.0,0.0,0.0,0.0,0.0,0.0,0.0,0.0,13834819.0
Argyle Capital Management Inc.,0.0,0.0,0.0,0.0,0.0,0.0,0.0,0.0,0.0,0.0,0.0,0.0,0.0,0.0,0.0,0.0,316246.0,432390.0,425040.0,0.0
"Argyle Capital Management, LLC",0.0,0.0,0.0,0.0,0.0,0.0,0.0,0.0,0.0,0.0,0.0,0.0,0.0,0.0,0.0,0.0,0.0,0.0,0.0,470015.0
"Ariadne Wealth Management, LP",0.0,0.0,0.0,0.0,0.0,0.0,0.0,0.0,0.0,0.0,0.0,0.0,0.0,0.0,0.0,0.0,0.0,0.0,4681684.0,0.0
Aries Wealth Management,0.0,0.0,216.0,212.0,367.0,480.0,500.0,3294.0,0.0,217.0,0.0,247123.0,508597.0,777088.0,620900.0,638339.0,1166496.0,1594901.0,1512535.0,1491962.0
Ariose Capital Management Ltd,19238.0,7636.0,0.0,0.0,0.0,6001.0,0.0,2971.0,0.0,0.0,0.0,0.0,0.0,0.0,0.0,0.0,61326424.0,0.0,20539633.0,940030.0
"Arista Wealth Management, LLC",0.0,0.0,0.0,0.0,0.0,0.0,0.0,0.0,0.0,0.0,0.0,0.0,0.0,0.0,0.0,0.0,0.0,0.0,0.0,229099.0
Aristides Capital LLC,0.0,0.0,0.0,0.0,0.0,0.0,0.0,0.0,0.0,0.0,0.0,0.0,0.0,1269060.0,1304970.0,0.0,3523884.0,5559300.0,6072000.0,7385950.0
Ariston Services Group,0.0,0.0,0.0,0.0,0.0,0.0,0.0,0.0,0.0,0.0,0.0,0.0,0.0,0.0,0.0,0.0,0.0,0.0,433419.0,479281.0
"Aristotle Atlantic Partners, LLC",12855.0,25004.0,35860.0,35570.0,36628.0,55263.0,57868.0,69892.0,64991.0,29779.0,27964.0,35201915.0,70898853.0,122142376.0,123117375.0,136540055.0,234639130.0,273745558.0,258716935.0,270555747.0
Arizona State Retirement System,27556.0,54617.0,101227.0,92966.0,93137.0,138761.0,143960.0,201377.0,187181.0,103970.0,82625.0,99149414.0,186574220.0,298668618.0,304118909.0,354319015.0,699823484.0,895374681.0,859605996.0,1026351075.0
Arjuna Capital,0.0,0.0,0.0,0.0,0.0,0.0,0.0,0.0,0.0,0.0,0.0,0.0,0.0,3790683.0,6507016.0,7882912.0,14397326.0,22665761.0,21242042.0,23672105.0
Arkadios Wealth Advisors,762566.0,1174995.0,1356904.0,1654.0,1727.0,3645.0,2458.0,9922.0,9167.0,6194.0,5056.0,5995394.0,12250978.0,17347799.0,16898516.0,19682133.0,35245042.0,48726650.0,53001831.0,62090469.0
"Arkfeld Wealth Strategies, L.L.C.",0.0,0.0,0.0,0.0,0.0,0.0,0.0,0.0,0.0,0.0,0.0,0.0,296291.0,506002.0,527863.0,779885.0,2202358.0,2977086.0,2790983.0,3014201.0
Arkos Global Advisors,0.0,0.0,0.0,0.0,0.0,0.0,0.0,0.0,0.0,0.0,0.0,0.0,0.0,0.0,0.0,0.0,255.0,343.0,389.0,513.0
"Arlington Capital Management, Inc.",0.0,0.0,0.0,0.0,0.0,0.0,0.0,0.0,0.0,0.0,0.0,805665.0,1452841.0,362757.0,382619.0,2348661.0,5156341.0,7511913.0,7567839.0,5592471.0
"Arlington Financial Advisors, LLC",0.0,0.0,0.0,0.0,0.0,0.0,0.0,0.0,0.0,0.0,0.0,0.0,0.0,0.0,0.0,0.0,0.0,235599.0,242888.0,266183.0
Arlington Partners LLC,0.0,0.0,0.0,18.0,18.0,27.0,250.0,589.0,554.0,252.0,199.0,361327.0,907752.0,1440383.0,649005.0,558113.0,0.0,0.0,0.0,0.0
Arlington Trust Co LLC,0.0,0.0,0.0,0.0,0.0,0.0,0.0,0.0,0.0,0.0,0.0,0.0,0.0,0.0,649005.0,3302622.0,5630082.0,7280212.0,6928152.0,7490965.0
"Armbruster Capital Management, Inc.",0.0,0.0,0.0,0.0,0.0,0.0,0.0,0.0,0.0,0.0,0.0,0.0,0.0,0.0,0.0,0.0,0.0,0.0,0.0,205464.0
"Armis Advisers, LLC",0.0,0.0,0.0,0.0,0.0,0.0,0.0,0.0,0.0,0.0,0.0,0.0,0.0,0.0,0.0,0.0,0.0,0.0,0.0,4216166.0
"Armor Investment Advisors, LLC",0.0,0.0,0.0,0.0,0.0,0.0,0.0,0.0,0.0,0.0,0.0,0.0,345268.0,489857.0,510243.0,592553.0,1006154.0,1375000.0,1291150.0,1454365.0
"Armstrong, Fleming & Moore, Inc",0.0,0.0,0.0,0.0,0.0,0.0,0.0,0.0,0.0,0.0,0.0,0.0,0.0,677770.0,787446.0,941069.0,1876992.0,2652994.0,2415900.0,2766208.0
Arrow Capital Pty Ltd,0.0,0.0,0.0,0.0,0.0,0.0,0.0,0.0,0.0,0.0,0.0,0.0,0.0,0.0,0.0,0.0,0.0,0.0,0.0,4364425.0
Arrow Financial Corp,0.0,0.0,0.0,578.0,563.0,0.0,0.0,0.0,0.0,0.0,0.0,0.0,174162.0,233507.0,237070.0,259000.0,402988.0,508985.0,459286.0,506273.0
ArrowMark Colorado Holdings LLC,4495.0,4653.0,3977.0,3652.0,3734.0,4489.0,4584.0,5920.0,4946.0,2793.0,2236.0,2458367.0,6172605.0,6862230.0,5316448.0,3081259.0,5621950.0,3667903.0,3605554.0,3987070.0
"Arrowroot Family Office, LLC",0.0,0.0,0.0,0.0,0.0,0.0,0.0,0.0,0.0,0.0,0.0,0.0,202796.0,0.0,0.0,0.0,363542.0,536983.0,557851.0,669848.0
Artemis Investment Management LLP,21308.0,36189.0,39613.0,76046.0,52513.0,150428.0,54425.0,66872.0,89557.0,0.0,0.0,0.0,100817170.0,240350287.0,275309240.0,160236878.0,293998212.0,385283704.0,290995742.0,330971940.0
"Artemis Wealth Advisors, LLC",0.0,0.0,2708806.0,2613611.0,2672320.0,4004501.0,4147343.0,5888082.0,0.0,0.0,0.0,0.0,0.0,23689120.0,12179720.0,13866160.0,9939160.0,14824800.0,14572800.0,12757550.0
Artisan Partners Limited Partnership,233917.0,312011.0,488391.0,1010009.0,409767.0,483136.0,413932.0,364540.0,397285.0,241217.0,237217.0,315645009.0,343109837.0,398008096.0,279039995.0,240433272.0,469478030.0,465215566.0,376200475.0,389678156.0
Arvest Bank Trust Division,0.0,0.0,0.0,0.0,0.0,0.0,0.0,0.0,0.0,0.0,0.0,0.0,0.0,0.0,0.0,0.0,0.0,0.0,3961251.0,5139144.0
Arvin Capital Management LP,0.0,0.0,0.0,0.0,0.0,0.0,0.0,0.0,0.0,0.0,0.0,0.0,0.0,0.0,0.0,0.0,0.0,0.0,0.0,4028700.0
"Ascendant Capital Management, LLC",0.0,0.0,0.0,1440.0,1602.0,1840.0,1657.0,1765.0,0.0,682.0,546.0,657630.0,1388850.0,0.0,0.0,0.0,0.0,0.0,0.0,0.0
"Ascent Capital Management, LLC",0.0,0.0,0.0,0.0,0.0,0.0,0.0,0.0,0.0,0.0,0.0,0.0,0.0,0.0,0.0,0.0,0.0,0.0,0.0,2398535.0
"Ascent Group, LLC",0.0,0.0,0.0,0.0,0.0,0.0,0.0,498.0,963.0,774.0,688.0,780097.0,3647125.0,6419110.0,8882940.0,15755121.0,20374374.0,30519940.0,31299218.0,556901.0
"Ascent Wealth Partners, LLC",0.0,0.0,0.0,0.0,1218.0,1804.0,1896.0,2770.0,2630.0,1887.0,0.0,1289684.0,2521596.0,3960323.0,3169337.0,4317823.0,5392446.0,7584368.0,7742650.0,8389500.0
Ashburton (Jersey) Ltd,385.0,748.0,748.0,257.0,223.0,334.0,1467.0,2083.0,1961.0,1168.0,2064.0,2390.0,3503.0,4300.0,4300.0,19692.0,0.0,29241.0,26983.0,13576.0
"Ashfield Capital Partners, LLC",12359.0,18087.0,25627.0,26903.0,27592.0,41524.0,43090.0,61160.0,62856.0,34628.0,25418.0,0.0,0.0,0.0,0.0,0.0,0.0,0.0,0.0,0.0
"Ashton Thomas Private Wealth, LLC",0.0,277334.0,445965.0,467891.0,513648.0,809712.0,974298.0,4466689.0,5680684.0,3789300.0,2726546.0,3221078.0,6252894.0,9742172.0,11326468.0,13328385.0,24615751.0,32136713.0,33742838.0,39309076.0
"Asio Capital, LLC",5570.0,3816.0,4489.0,4194.0,3724.0,5895.0,6123.0,7915.0,6815.0,3664.0,3196.0,3854004.0,4961528.0,7512835.0,7694973.0,8804021.0,16077947.0,21156719.0,20537687.0,22272937.0
"Aspect Partners, LLC",0.0,0.0,0.0,0.0,0.0,0.0,0.0,0.0,0.0,0.0,0.0,0.0,0.0,0.0,0.0,20305.0,52408.0,87470.0,90962.0,146248.0
"Aspen Grove Capital, LLC",0.0,0.0,0.0,0.0,0.0,0.0,0.0,0.0,0.0,0.0,0.0,381133.0,874261.0,1527707.0,920004.0,1121673.0,2295946.0,3168925.0,3147985.0,3538006.0
Aspen Investment Management Inc,0.0,446.0,740.0,726.0,0.0,0.0,352.0,648.0,334.0,0.0,0.0,0.0,0.0,0.0,0.0,0.0,804.0,825.0,886.0,984.0
Aspex Management (HK) Ltd,0.0,0.0,0.0,0.0,0.0,0.0,0.0,0.0,0.0,134134.0,0.0,0.0,0.0,234203.0,295503.0,60403.0,0.0,0.0,308108.0,0.0
Aspire Capital Advisors LLC,0.0,0.0,0.0,0.0,0.0,0.0,0.0,0.0,453.0,242.0,0.0,0.0,286166.0,518297.0,586183.0,388001.0,1076624.0,1483113.0,1483891.0,1667793.0
Aspire Wealth Management Corp,0.0,0.0,0.0,0.0,0.0,0.0,0.0,0.0,0.0,0.0,0.0,0.0,0.0,0.0,0.0,0.0,262979.0,394045.0,388075.0,0.0
"Aspiring Ventures, LLC",0.0,0.0,0.0,0.0,0.0,0.0,0.0,0.0,0.0,0.0,0.0,0.0,0.0,0.0,0.0,0.0,0.0,0.0,0.0,5608510.0
Assenagon Asset Management S.A.,138265.0,157130.0,34958.0,133116.0,80278.0,13514.0,272917.0,249156.0,353174.0,93336.0,141291.0,85246.0,524791417.0,505708988.0,1037437230.0,940755568.0,1905594487.0,1891703409.0,1901874390.0,1571708405.0
"Asset Advisors Investment Management, LLC",466.0,671.0,920.0,940.0,1169.0,2032.0,2402.0,3932.0,4173.0,1553.0,1226.0,1262650.0,2292991.0,3428577.0,3564743.0,12207669.0,7424553.0,10020329.0,9891652.0,10938323.0
"Asset Allocation & Management Company, LLC",0.0,0.0,0.0,0.0,0.0,0.0,0.0,0.0,0.0,0.0,0.0,215.0,0.0,0.0,0.0,0.0,0.0,0.0,0.0,1061.0
Asset Allocation Strategies LLC,0.0,0.0,0.0,0.0,0.0,0.0,0.0,0.0,0.0,0.0,0.0,0.0,0.0,0.0,0.0,0.0,342459.0,621324.0,843317.0,0.0
"Asset Dedication, LLC",1148.0,1622.0,2746.0,2546.0,2016.0,3602.0,3652.0,5094.0,4599.0,2657.0,2119.0,2898.0,5918.0,9093.0,9629.0,10568.0,16791.0,22904970.0,19825781.0,15715526.0
"Asset Management Group, Inc.",0.0,0.0,0.0,0.0,0.0,206.0,204.0,265.0,226.0,0.0,0.0,0.0,0.0,283306.0,291376.0,331748.0,613453.0,841274.0,858548.0,949513.0
"Asset Management Resources, LLC",0.0,0.0,0.0,0.0,0.0,0.0,0.0,0.0,0.0,0.0,0.0,0.0,0.0,0.0,0.0,206507.0,0.0,0.0,0.0,0.0
"Asset Planning,Inc",0.0,0.0,0.0,0.0,0.0,0.0,0.0,0.0,0.0,0.0,0.0,0.0,0.0,0.0,0.0,0.0,0.0,0.0,0.0,3375411.0
"AssuredPartners Investment Advisors, LLC",0.0,0.0,0.0,0.0,0.0,0.0,0.0,0.0,0.0,0.0,0.0,0.0,0.0,0.0,0.0,0.0,0.0,0.0,0.0,5710302.0
Aster Capital Management (DIFC) Ltd,0.0,0.0,0.0,0.0,0.0,0.0,0.0,0.0,0.0,0.0,0.0,0.0,0.0,0.0,0.0,0.0,0.0,0.0,10375226.0,179277.0
Astoria Portfolio Advisors LLC.,0.0,0.0,0.0,0.0,0.0,0.0,0.0,398.0,0.0,285.0,269.0,1613273.0,2264464.0,3781014.0,2931990.0,6050201.0,7853254.0,11578547.0,12377332.0,12214714.0
Astra Wealth Partners LLC,0.0,0.0,0.0,0.0,0.0,0.0,0.0,0.0,0.0,0.0,0.0,0.0,0.0,0.0,0.0,0.0,0.0,0.0,0.0,1315101.0
Atala Financial Inc,0.0,0.0,0.0,0.0,0.0,0.0,0.0,0.0,0.0,0.0,0.0,0.0,0.0,0.0,0.0,0.0,0.0,0.0,0.0,3883533.0
"Ategra Capital Management, LLC",0.0,0.0,0.0,0.0,0.0,0.0,0.0,0.0,0.0,0.0,0.0,0.0,0.0,0.0,0.0,0.0,248479.0,0.0,0.0,0.0
"Athanor Capital, LP",0.0,410.0,0.0,0.0,0.0,0.0,0.0,0.0,0.0,0.0,0.0,0.0,0.0,0.0,0.0,0.0,0.0,0.0,0.0,0.0
Athena Investment Management,0.0,0.0,0.0,0.0,0.0,0.0,0.0,0.0,0.0,0.0,0.0,0.0,0.0,204040.0,209814.0,238866.0,432211.0,575872.0,566083.0,622625.0
Atika Capital Management LLC,698.0,1062.0,1626.0,1393.0,1269.0,1855.0,2165.0,3698.0,3198.0,1519.0,990.0,1036279.0,2581594.0,12821736.0,1065291.0,1105331.0,4770797.0,9191252.0,9703906.0,855696.0
Ativo Capital Management LLC,0.0,0.0,0.0,0.0,0.0,350.0,0.0,0.0,0.0,0.0,0.0,0.0,0.0,0.0,0.0,0.0,0.0,0.0,0.0,0.0
"Atlanta Consulting Group Advisors, LLC",0.0,0.0,0.0,0.0,0.0,0.0,0.0,0.0,0.0,0.0,0.0,0.0,0.0,0.0,0.0,0.0,3066766.0,2087638.0,5060560.0,2109047.0
"Atlantic Edge Private Wealth Management, LLC",0.0,0.0,0.0,0.0,0.0,0.0,0.0,0.0,0.0,0.0,0.0,0.0,0.0,0.0,0.0,2692512.0,4876514.0,6393198.0,6024035.0,6956234.0
"Atlantic Private Wealth, LLC",0.0,0.0,0.0,0.0,0.0,0.0,0.0,0.0,0.0,0.0,0.0,0.0,0.0,0.0,0.0,0.0,0.0,37062.0,140263.0,148397.0
"Atlantic Trust, LLC",17.0,36.0,51.0,34.0,2405.0,3668.0,0.0,0.0,0.0,0.0,0.0,0.0,0.0,0.0,0.0,0.0,0.0,0.0,0.0,0.0
Atlantic Union Bankshares Corp,260.0,374.0,493.0,475.0,486.0,1317.0,1807.0,2871.0,4051.0,2435.0,2148.0,2552189.0,4517929.0,5663815.0,5669660.0,7085113.0,15208722.0,43571357.0,42721896.0,47392305.0
"Atlas Brown,Inc.",1378.0,1977.0,2599.0,2513.0,2571.0,3916.0,4046.0,5578.0,5303.0,3014.0,2485.0,2698526.0,5198841.0,7427956.0,7965254.0,9228103.0,15754337.0,20138480.0,19026469.0,20590021.0
"Atlas Financial Advisors, Inc.",0.0,0.0,0.0,0.0,0.0,0.0,0.0,0.0,0.0,0.0,0.0,0.0,0.0,0.0,257514.0,0.0,282814.0,356907.0,367235.0,0.0
"Atlas Legacy Advisors, LLC",0.0,0.0,0.0,0.0,0.0,0.0,0.0,0.0,0.0,0.0,0.0,0.0,0.0,0.0,0.0,0.0,0.0,0.0,0.0,3384108.0
Atlas Private Wealth Advisors,0.0,206.0,210.0,184.0,180.0,310.0,321.0,477.0,914.0,246.0,233.0,257980.0,479838.0,1459078.0,1463926.0,1795448.0,555950.0,1620624.0,1690234.0,1852320.0
Atlas Private Wealth Management,7.0,19.0,14.0,13.0,26.0,0.0,0.0,0.0,0.0,0.0,0.0,0.0,0.0,0.0,283665.0,322945.0,0.0,0.0,0.0,0.0
"Atlas Private Wealth Management, LLC",0.0,0.0,0.0,0.0,0.0,0.0,0.0,0.0,0.0,0.0,0.0,0.0,0.0,0.0,0.0,0.0,566843.0,0.0,0.0,0.0
Atlas Wealth LLC,0.0,0.0,0.0,0.0,0.0,0.0,0.0,0.0,0.0,0.0,0.0,0.0,0.0,247483.0,219271.0,438542.0,584678.0,1815696.0,793985.0,1547838.0
"Atlas Wealth Partners, LLC",0.0,0.0,0.0,0.0,0.0,0.0,0.0,0.0,0.0,0.0,0.0,0.0,0.0,0.0,0.0,234.0,363.0,372.0,391.0,437.0
Atom Investors LP,0.0,242.0,0.0,0.0,0.0,6285.0,0.0,0.0,0.0,0.0,0.0,0.0,599705.0,1615514.0,2455087.0,2558314.0,4764488.0,6003807.0,8501286.0,4188505.0
"Atomi Financial Group, Inc.",0.0,0.0,0.0,0.0,0.0,0.0,0.0,0.0,0.0,0.0,0.0,0.0,281776.0,762363.0,3264238.0,7010493.0,14142380.0,23752122.0,22970673.0,32484330.0
AtonRa Partners,0.0,0.0,0.0,3752.0,3523.0,2582.0,5630.0,5788.0,4622.0,1349.0,1152.0,1097365.0,905252.0,959409.0,618556.0,615558.0,0.0,0.0,0.0,0.0
"Atreides Management, LP",18570.0,23079.0,32282.0,0.0,0.0,0.0,0.0,0.0,0.0,0.0,0.0,54149108.0,0.0,0.0,117447300.0,0.0,0.0,0.0,24288000.0,0.0
"Atria Investments, Inc",0.0,0.0,0.0,0.0,0.0,0.0,0.0,0.0,0.0,0.0,0.0,16864084.0,34222161.0,48274536.0,48674124.0,55799133.0,95561611.0,122990619.0,116349854.0,126528324.0
Atwater Malick LLC,0.0,0.0,0.0,0.0,0.0,0.0,242.0,318.0,269.0,0.0,0.0,0.0,0.0,270310.0,268824.0,295646.0,847539.0,1178572.0,1161574.0,1286767.0
Aubrey Capital Management Ltd,0.0,4898473.0,6979951.0,6735913.0,7529117.0,11282214.0,11681680.0,13824460.0,9141.0,0.0,0.0,0.0,0.0,2452905.0,2241172.0,2872247.0,3675797.0,4458136.0,3959714.0,4216426.0
"Audent Global Asset Management, LLC",0.0,0.0,0.0,0.0,0.0,0.0,0.0,21312.0,18211.0,8698.0,1938.0,1750752.0,3658575.0,16618273.0,11617066.0,5750566.0,9855412.0,12039984.0,5611753.0,0.0
Aull & Monroe Investment Management Corp,0.0,0.0,0.0,0.0,254.0,372.0,249.0,382.0,360.0,201.0,0.0,0.0,354157.0,528775.0,0.0,0.0,205108.0,360737.0,383386.0,423954.0
"Aurdan Capital Management, LLC",0.0,0.0,0.0,0.0,0.0,0.0,0.0,0.0,0.0,0.0,0.0,0.0,0.0,0.0,0.0,0.0,0.0,0.0,0.0,288186.0
"Aureus Asset Management, LLC",0.0,0.0,0.0,0.0,0.0,296.0,313.0,444.0,270.0,0.0,0.0,0.0,235862.0,279193.0,355822.0,1009818.0,1401766.0,2501994.0,2504032.0,2842449.0
"Aurora Private Wealth, Inc.",498.0,298.0,666.0,660.0,699.0,1069.0,758.0,1687.0,1571.0,1781.0,773.0,943.0,521.0,720.0,794.0,1088.0,1710.0,2881.0,2925.0,3121.0
"Ausdal Financial Partners, Inc.",533.0,597.0,806.0,788.0,806.0,1334.0,1257.0,1794.0,1822.0,2166.0,824.0,592133.0,1111805.0,1578559.0,1953828.0,2314518.0,5310967.0,8600926.0,8862766.0,14470983.0
Austin Asset Management Co Inc,0.0,0.0,0.0,0.0,0.0,0.0,0.0,0.0,0.0,0.0,0.0,0.0,0.0,0.0,207058.0,235729.0,69914769.0,62887429.0,61893666.0,31552184.0
"Austin Private Wealth, LLC",0.0,274.0,638.0,701.0,720.0,1083.0,1511.0,2578.0,2560.0,1067.0,735.0,921424.0,1765930.0,3063169.0,3330368.0,3764913.0,6746725.0,19858790.0,13028317.0,18718728.0
"Austin Wealth Management, LLC",0.0,0.0,0.0,0.0,0.0,0.0,0.0,0.0,0.0,0.0,0.0,0.0,0.0,0.0,459634.0,751946.0,1105749.0,1672073.0,1672438.0,2121105.0
AustralianSuper Pty Ltd,0.0,0.0,0.0,0.0,0.0,0.0,0.0,0.0,0.0,0.0,0.0,0.0,0.0,96006504.0,21598993.0,25246316.0,39757009.0,610630671.0,670906210.0,1066291204.0
"Authentikos Wealth Advisory, LLC",0.0,0.0,0.0,0.0,0.0,0.0,0.0,0.0,0.0,0.0,0.0,0.0,0.0,0.0,119275.0,0.0,229646.0,336482.0,0.0,453345.0
"Autumn Glory Partners, LLC",0.0,0.0,0.0,0.0,0.0,0.0,0.0,433.0,273.0,203.0,0.0,0.0,0.0,300344.0,743833.0,895532.0,1555931.0,2127359.0,2042621.0,953459.0
"Autus Asset Management, LLC",4098.0,6083.0,8159.0,7575.0,6613.0,9563.0,8872.0,12122.0,10285.0,5744.0,4643.0,5424162.0,0.0,0.0,0.0,0.0,0.0,0.0,0.0,0.0
"Auxano Advisors, LLC",0.0,0.0,0.0,0.0,0.0,938.0,650.0,713.0,749.0,409.0,0.0,343140.0,582768.0,582768.0,1017886.0,1211319.0,3007066.0,5261978.0,5196213.0,5387136.0
Avala Global LP,0.0,0.0,0.0,0.0,0.0,0.0,0.0,0.0,0.0,0.0,0.0,16455364.0,50304147.0,83800262.0,113180483.0,64720797.0,116641464.0,124776635.0,122655614.0,135634243.0
Avalon Advisory Group,0.0,0.0,0.0,0.0,0.0,0.0,0.0,0.0,0.0,0.0,0.0,0.0,0.0,0.0,0.0,0.0,235829.0,711590.0,714189.0,789759.0
Avalon Global Asset Management LLC,5272.0,24694.0,10824.0,10444.0,10679.0,16002.0,16573.0,20588.0,18991.0,12976.0,12819.0,10317.0,14055.0,16900.0,33908.0,19576.0,24423.0,51924.0,62214.0,54697.0
Avalon Investment & Advisory,26059.0,34740.0,24496.0,24132.0,32820.0,48170.0,48688.0,64249.0,62051.0,34268.0,12165.0,14167.0,30742542.0,0.0,0.0,0.0,0.0,0.0,0.0,0.0
Avalon Trust Co,0.0,0.0,0.0,0.0,0.0,0.0,0.0,0.0,0.0,0.0,0.0,0.0,209161.0,318535.0,341903.0,419947.0,766219.0,49021290.0,87155060.0,97056218.0
Avanda Investment Management Pte. Ltd.,0.0,0.0,0.0,0.0,0.0,0.0,0.0,0.0,0.0,0.0,0.0,0.0,0.0,0.0,0.0,0.0,0.0,25350408.0,5274504.0,3222960.0
Avant Capital LLC,0.0,0.0,0.0,0.0,0.0,0.0,0.0,0.0,0.0,0.0,0.0,0.0,0.0,203176.0,210703.0,0.0,0.0,0.0,0.0,1082952.0
"Avantax Planning Partners, Inc.",0.0,0.0,0.0,2166.0,2039.0,2235.0,2043.0,2979.0,2814.0,2055.0,1715.0,2192448.0,3126177.0,4536235.0,4284066.0,5296511.0,9475696.0,10540172.0,6707761.0,7600771.0
"Avantra Family Wealth, Inc.",0.0,0.0,0.0,0.0,0.0,0.0,0.0,0.0,0.0,0.0,0.0,0.0,0.0,0.0,0.0,0.0,0.0,0.0,0.0,4132492.0
Avanza Fonder AB,0.0,0.0,0.0,0.0,0.0,0.0,0.0,0.0,0.0,0.0,0.0,0.0,0.0,0.0,0.0,0.0,0.0,0.0,0.0,319139110.0
"Aveo Capital Partners, LLC",0.0,0.0,0.0,0.0,0.0,0.0,0.0,489.0,406.0,0.0,0.0,248446.0,437766.0,609572.0,783852.0,2328524.0,4369443.0,5536313.0,5369724.0,6531366.0
"Avestar Capital, LLC",571.0,612.0,903.0,1080.0,1815.0,4934.0,3854.0,7583.0,6966.0,2180.0,1586.0,1458331.0,3201577.0,6288618.0,8540599.0,11482674.0,24231689.0,38710671.0,38852970.0,113590757.0
"Aviance Capital Partners, LLC",7879.0,12163.0,15029.0,18225.0,16421.0,21468.0,20960.0,30153.0,17671.0,6512.0,2837.0,2946323.0,6841743.0,7295388.0,6112464.0,7965118.0,15370664.0,23455248.0,21169027.0,9966032.0
Avid Wealth Partners LLC,0.0,0.0,0.0,0.0,0.0,0.0,0.0,0.0,0.0,0.0,0.0,0.0,0.0,0.0,0.0,465012.0,572857.0,696642.0,771144.0,560392.0
"Avidian Wealth Enterprises, LLC",0.0,0.0,0.0,0.0,0.0,0.0,0.0,0.0,0.0,0.0,0.0,0.0,0.0,0.0,0.0,0.0,0.0,0.0,123218692.0,118387826.0
"Avidian Wealth Solutions, LLC",0.0,0.0,0.0,0.0,352.0,1027.0,849.0,2559.0,4305.0,1305.0,1209.0,1649605.0,4242446.0,4253820.0,8295728.0,58524007.0,218161027.0,416599602.0,0.0,0.0
Avion Wealth,0.0,0.0,11.0,10.0,11.0,16.0,37.0,28.0,53.0,30.0,23.0,22.0,31.0,70.0,98.0,110.0,227.0,581.0,576.0,950.0
"Avior Wealth Management, LLC",0.0,0.0,0.0,0.0,0.0,0.0,0.0,0.0,0.0,0.0,0.0,0.0,0.0,0.0,8400096.0,9405357.0,22334248.0,20691403.0,19969411.0,27768025.0
Aviso Financial Inc.,0.0,0.0,0.0,0.0,0.0,0.0,0.0,0.0,0.0,0.0,0.0,0.0,0.0,0.0,0.0,0.0,0.0,1088847.0,1611752.0,2817404.0
Avitas Wealth Management LLC,1509.0,2102.0,3784.0,4371.0,5090.0,7913.0,8233.0,10665.0,9574.0,5362.0,4355.0,6744507.0,12667979.0,19052821.0,15697919.0,18811427.0,29959339.0,40503824.0,40308486.0,44129574.0
Avondale Wealth Management,0.0,0.0,49.0,0.0,0.0,0.0,0.0,6.0,5.0,185.0,221.0,295203.0,609705.0,815583.0,1121404.0,1016687.0,2039335.0,2455975.0,2453695.0,2736830.0
Aware Super Pty Ltd as trustee of Aware Super,0.0,0.0,0.0,0.0,0.0,0.0,0.0,0.0,0.0,0.0,0.0,0.0,0.0,0.0,0.0,0.0,0.0,0.0,0.0,425922624.0
"Axecap Investments, LLC",0.0,0.0,0.0,0.0,0.0,0.0,0.0,0.0,0.0,0.0,0.0,0.0,0.0,0.0,0.0,0.0,0.0,0.0,4430896.0,1110088.0
"Axel Capital Management, LLC",0.0,0.0,4330.0,2611.0,3204.0,1600.0,10358.0,7353.0,0.0,0.0,4856.0,0.0,0.0,0.0,0.0,0.0,0.0,0.0,0.0,0.0
Axim Planning & Wealth,0.0,0.0,0.0,0.0,0.0,0.0,0.0,0.0,0.0,52.0,46.0,0.0,0.0,0.0,0.0,0.0,0.0,0.0,0.0,0.0
"Axiom Advisory, LLC",0.0,0.0,0.0,0.0,0.0,0.0,0.0,0.0,0.0,0.0,0.0,0.0,0.0,0.0,0.0,0.0,0.0,8919919.0,207035258.0,0.0
Axiom Investment Management LLC,338.0,1640.0,1475.0,1563.0,2157.0,1384.0,2068.0,2461.0,803.0,401.0,142.0,210004.0,0.0,0.0,0.0,0.0,0.0,0.0,0.0,0.0
"Axis Wealth Partners, LLC",0.0,0.0,0.0,0.0,0.0,0.0,0.0,0.0,0.0,0.0,0.0,0.0,0.0,0.0,0.0,0.0,0.0,0.0,0.0,505401.0
Ayrshire Capital Management LLC,0.0,0.0,0.0,0.0,0.0,0.0,0.0,345.0,0.0,0.0,0.0,0.0,201884.0,236714.0,238767.0,313445.0,553845.0,616342.0,467877.0,585235.0
Azimuth Capital Investment Management LLC,0.0,0.0,0.0,0.0,0.0,0.0,0.0,0.0,0.0,15742.0,9658.0,11093929.0,20679149.0,33537881.0,40153067.0,45179427.0,73323011.0,99590563.0,91817168.0,99773606.0
Azimuth Capital Management LLC,16445.0,23076.0,32362.0,25210.0,20010.0,30821.0,31838.0,30036.0,33427.0,0.0,0.0,0.0,0.0,0.0,0.0,0.0,0.0,0.0,0.0,0.0
B & T Capital Management DBA Alpha Capital Management,0.0,611.0,1212.0,1486.0,1798.0,2580.0,927.0,1257.0,1154.0,737.0,707.0,839867.0,839867.0,839867.0,1994866.0,2294356.0,4131983.0,7631687.0,6525461.0,7131759.0
"B&D White Capital Company, LLC",0.0,0.0,0.0,0.0,0.0,0.0,0.0,0.0,0.0,3668.0,0.0,0.0,0.0,0.0,0.0,0.0,0.0,0.0,11524656.0,2685800.0
B. Metzler seel. Sohn & Co. AG,0.0,0.0,0.0,0.0,0.0,0.0,0.0,295.0,55443.0,52026.0,52070.0,63248369.0,124281499.0,127223688.0,126210174.0,110534590.0,135383361.0,183168757.0,124080883.0,132829999.0
B. Metzler seel. Sohn & Co. Holding AG,0.0,0.0,0.0,0.0,0.0,0.0,0.0,0.0,0.0,0.0,0.0,0.0,0.0,0.0,0.0,0.0,0.0,0.0,124080883.0,0.0
"B. Riley Wealth Advisors, Inc.",0.0,0.0,0.0,0.0,0.0,0.0,0.0,0.0,0.0,0.0,0.0,55945042.0,43805011.0,60643918.0,62819977.0,70478204.0,62819977.0,169545314.0,136973733.0,136622862.0
"B. Riley Wealth Management, Inc.",2331.0,1406.0,5524.0,2917.0,5265.0,7235.0,8821.0,13536.0,11563.0,31098.0,0.0,0.0,0.0,0.0,0.0,0.0,0.0,0.0,0.0,0.0
"B.O.S.S. Retirement Advisors, LLC",0.0,0.0,0.0,0.0,0.0,0.0,0.0,0.0,0.0,0.0,0.0,2637902.0,4690589.0,6340639.0,6537425.0,21053064.0,6541173.0,18897886.0,22308068.0,4309931.0
BADGLEY PHELPS & BELL INC,7458.0,13396.0,19874.0,19076.0,18925.0,29261.0,0.0,0.0,0.0,0.0,0.0,0.0,0.0,0.0,0.0,0.0,0.0,0.0,0.0,0.0
BAHL & GAYNOR INC,0.0,274.0,260.0,220.0,225.0,337.0,360.0,570.0,442.0,215.0,0.0,516605.0,930252.0,1526679.0,1567269.0,2183920.0,4131980.0,5493824.0,5447677.0,5852761.0
"BAILARD, INC.",4206.0,6236.0,8928.0,6007.0,13128.0,19039.0,19719.0,26657.0,25273.0,13993.0,10963.0,12781549.0,23587146.0,34279470.0,35150718.0,39608741.0,68694050.0,87146349.0,96285037.0,106850259.0
BAILLIE GIFFORD & CO,566600.0,658771.0,854570.0,790428.0,844952.0,1233335.0,1183597.0,1519089.0,1342839.0,602322.0,472469.0,580434585.0,1036889855.0,1635576796.0,1535514700.0,1780787349.0,2618032572.0,3069163025.0,2128371527.0,2070741057.0
BAINCO INTERNATIONAL INVESTORS,6.0,4537.0,6554.0,6525.0,0.0,0.0,0.0,0.0,0.0,0.0,0.0,0.0,0.0,0.0,0.0,0.0,0.0,0.0,0.0,0.0
BAKER BOYER NATIONAL BANK,0.0,0.0,0.0,0.0,0.0,0.0,0.0,0.0,0.0,0.0,0.0,0.0,0.0,0.0,0.0,0.0,0.0,250786.0,282591.0,322699.0
"BAKER TILLY FINANCIAL, LLC",0.0,0.0,0.0,387.0,0.0,0.0,0.0,0.0,0.0,0.0,0.0,0.0,0.0,0.0,0.0,0.0,0.0,0.0,0.0,0.0
"BAKER TILLY WEALTH MANAGEMENT, LLC",0.0,0.0,0.0,0.0,2414.0,3876.0,4784.0,7120.0,7854.0,4540.0,3396.0,5083510.0,10320045.0,13671670.0,4786654.0,4358958.0,6303298.0,6525969.0,7104919.0,7919720.0
BALANCED WEALTH GROUP LLC,0.0,0.0,0.0,0.0,0.0,0.0,0.0,0.0,0.0,0.0,0.0,0.0,0.0,0.0,0.0,0.0,210337.0,0.0,0.0,0.0
BALASA DINVERNO & FOLTZ LLC,1399.0,2463.0,3773.0,3927.0,3741.0,5811.0,6313.0,9288.0,8556.0,4427.0,3144.0,0.0,0.0,0.0,0.0,0.0,0.0,0.0,0.0,0.0
BALDWIN BROTHERS INC/MA,103.0,148.0,235.0,227.0,387.0,580.0,0.0,0.0,0.0,0.0,0.0,0.0,0.0,0.0,0.0,0.0,0.0,0.0,0.0,0.0
BALDWIN BROTHERS LLC/MA,0.0,0.0,0.0,0.0,0.0,0.0,455.0,487.0,800.0,261.0,209.0,9169031.0,17405479.0,23912257.0,23394875.0,25112900.0,41954651.0,51075615.0,0.0,0.0
BALDWIN WEALTH PARTNERS LLC/MA,0.0,0.0,0.0,0.0,0.0,0.0,0.0,0.0,0.0,0.0,0.0,0.0,0.0,0.0,0.0,0.0,0.0,0.0,60293005.0,64103771.0
BALLAST ADVISORS LLC,105.0,0.0,216.0,217.0,227.0,341.0,359.0,509.0,480.0,303.0,254.0,319316.0,653037.0,1060511.0,1404148.0,1813991.0,3398289.0,4661164.0,4301769.0,4787707.0
BANK OF NOVA SCOTIA,21342.0,22080.0,153050.0,270182.0,133505.0,589413.0,595301.0,630452.0,279568.0,421070.0,52428.0,76414111.0,253769276.0,1024950681.0,878127545.0,1771449349.0,2763180757.0,3933664004.0,3053149514.0,4788315943.0
BANK OF THE WEST,1583.0,2680.0,8445.0,9145.0,9936.0,12770.0,10646.0,15030.0,15258.0,8182.0,6481.0,6938873.0,0.0,0.0,0.0,0.0,0.0,0.0,0.0,0.0
BANK OZK,0.0,0.0,0.0,0.0,0.0,0.0,0.0,0.0,248.0,471.0,390.0,491468.0,968861.0,2202665.0,3098433.0,3443759.0,5724956.0,7931268.0,6848851.0,6527299.0
BANK PICTET & CIE (ASIA) LTD,0.0,0.0,0.0,0.0,0.0,0.0,0.0,0.0,0.0,0.0,0.0,0.0,0.0,0.0,0.0,2200262.0,20333715.0,54467674.0,0.0,0.0
BANQUE PICTET & CIE SA,1035.0,8392.0,11874.0,9659.0,9907.0,16333.0,34018.0,67596.0,33513.0,19415.0,14636356.0,20195379.0,32305207.0,57009559.0,109058953.0,65270491.0,149050354.0,250814677.0,247081133.0,271669855.0
BARCLAYS PLC,858226.0,696959.0,907433.0,1165133.0,824934.0,1271327.0,1603314.0,6797770.0,1998099.0,1448113.0,992185.0,1477698.0,2039856.0,6427350.0,3702646.0,4422479.0,8457544.0,12912211.0,24814972.0,11871951.0
BARINGS LLC,2046.0,4092.0,11779.0,0.0,0.0,0.0,0.0,484.0,304.0,169.0,166.0,167476.0,361934.0,427673.0,505458.0,575446.0,843021.0,0.0,0.0,0.0
"BARLOW WEALTH PARTNERS, INC.",0.0,0.0,0.0,0.0,0.0,0.0,0.0,0.0,0.0,0.0,0.0,0.0,0.0,0.0,0.0,3725045.0,6068961.0,8026063.0,16143425.0,17129456.0
"BARNES PETTEY FINANCIAL ADVISORS, LLC",0.0,0.0,0.0,0.0,0.0,0.0,0.0,471.0,461.0,262.0,220.0,267119.0,528874.0,764820.0,786462.0,896843.0,1636347.0,2421755.0,2396861.0,2609926.0
BAROMETER CAPITAL MANAGEMENT INC.,2108800.0,12651003.0,7720503.0,0.0,0.0,1919240.0,6204442.0,7689212.0,2618910.0,0.0,0.0,0.0,15081245.0,17507952.0,16459587.0,13111940.0,12751207.0,12697441.0,0.0,395212.0
"BARON SILVER STEVENS FINANCIAL ADVISORS, LLC",0.0,0.0,0.0,0.0,0.0,0.0,0.0,0.0,0.0,0.0,0.0,0.0,287214.0,437403.0,510243.0,613082.0,1482742.0,1835804.0,1729791.0,1885969.0
BARR E S & CO,0.0,0.0,0.0,295.0,301.0,454.0,543.0,771.0,721.0,403.0,323.0,388586.0,766367.0,1420924.0,1461131.0,1685234.0,2951931.0,4079909.0,3908547.0,4298221.0
"BARRETT & COMPANY, INC.",0.0,0.0,0.0,0.0,0.0,0.0,0.0,0.0,0.0,0.0,1840583.0,1840583.0,323101.0,4453487.0,4532413.0,4522090.0,10313015.0,13620018.0,11088943.0,12413187.0
BARTLETT & CO. WEALTH MANAGEMENT LLC,14762.0,21275.0,30308.0,43343.0,44317.0,110437.0,91981.0,1025405.0,1055318.0,612679.0,491173.0,586681.0,1122953.0,2242710.0,5591734.0,7805658.0,46189373.0,80401649.0,90940385.0,111732335.0
"BASSETT HARGROVE INVESTMENT COUNSEL, LLC",0.0,0.0,0.0,0.0,0.0,0.0,0.0,0.0,0.0,0.0,712.0,848.0,1613.0,848.0,2532.0,0.0,0.0,0.0,0.0,0.0
BAXTER BROS INC,0.0,0.0,0.0,0.0,0.0,0.0,0.0,0.0,0.0,0.0,0.0,0.0,286145.0,372322.0,765582.0,871588.0,466237.0,646608.0,669863.0,837836.0
"BAYSHORE ASSET MANAGEMENT, LLC",0.0,0.0,0.0,0.0,0.0,0.0,0.0,0.0,0.0,0.0,0.0,0.0,0.0,0.0,0.0,223839.0,537618.0,735063.0,537372.0,595979.0
"BBJS FINANCIAL ADVISORS, LLC",0.0,0.0,0.0,0.0,0.0,0.0,0.0,0.0,0.0,0.0,0.0,0.0,0.0,0.0,1304970.0,1485660.0,2710680.0,3156447.0,5849037.0,0.0
"BBR PARTNERS, LLC",270.0,451.0,1483.0,1493.0,1519.0,2228.0,2216.0,2353.0,2176.0,1215.0,0.0,0.0,0.0,0.0,0.0,402614.0,691223.0,900607.0,597849.0,1129513.0
BBVA USA,0.0,0.0,0.0,0.0,0.0,20030.0,19765.0,0.0,0.0,0.0,0.0,0.0,0.0,0.0,0.0,0.0,0.0,0.0,0.0,0.0
"BCGM Wealth Management, LLC",0.0,0.0,0.0,0.0,0.0,0.0,208.0,244.0,0.0,0.0,0.0,202808.0,0.0,554084.0,345764.0,816994.0,1266682.0,1973157.0,2141764.0,2416106.0
"BCK Partners, Inc.",0.0,0.0,0.0,0.0,0.0,0.0,0.0,0.0,1576.0,0.0,0.0,0.0,0.0,0.0,0.0,0.0,0.0,0.0,0.0,201435.0
"BCM ADVISORS, LLC",0.0,0.0,0.0,0.0,0.0,0.0,667.0,735.0,597.0,516.0,415.0,521310.0,867300.0,1389943.0,1442016.0,1950507.0,2702748.0,3704548.0,4647106.0,4237649.0
"BCR Wealth Strategies, LLC",0.0,0.0,0.0,0.0,0.0,0.0,0.0,60.0,56.0,31.0,25.0,0.0,0.0,0.0,0.0,0.0,245.0,340.0,343.0,391.0
BCS Wealth Management,0.0,0.0,0.0,0.0,0.0,0.0,0.0,244.0,203.0,0.0,0.0,0.0,0.0,0.0,357.0,433.0,760.0,1292.0,2358.0,2862.0
BDF-GESTION,0.0,0.0,0.0,0.0,0.0,0.0,0.0,0.0,0.0,0.0,0.0,0.0,0.0,0.0,0.0,0.0,0.0,93209695.0,3852790.0,93528832.0
"BDO Wealth Advisors, LLC",2198.0,3077.0,2128.0,2088.0,2495.0,3799.0,3699.0,5064.0,5296.0,2874.0,4843.0,4190906.0,3795991.0,5822016.0,0.0,0.0,0.0,0.0,0.0,0.0
BEACH INVESTMENT COUNSEL INC/PA,0.0,0.0,0.0,0.0,0.0,0.0,0.0,0.0,0.0,0.0,0.0,0.0,0.0,0.0,0.0,1605.0,1605.0,4003.0,3622.0,4005.0
BEACON FINANCIAL GROUP,1589.0,1060.0,1613.0,1673.0,1673.0,2396.0,2794.0,4078.0,3855.0,2310.0,1614.0,2059.0,3571.0,5215.0,4722.0,4355241.0,7491590.0,10763152.0,10601324.0,11651614.0
"BEACON FINANCIAL PLANNING, INC",0.0,0.0,0.0,0.0,0.0,0.0,0.0,0.0,0.0,0.0,0.0,0.0,228759.0,348381.0,358299.0,498075.0,1059710.0,1292690.0,1316984.0,1749465.0
BEACON INVESTMENT ADVISORS LLC,0.0,0.0,0.0,0.0,0.0,0.0,0.0,0.0,0.0,0.0,0.0,0.0,0.0,0.0,0.0,0.0,362065.0,495058.0,495264.0,578604.0
"BEACON INVESTMENT ADVISORY SERVICES, INC.",0.0,0.0,0.0,3240.0,7149.0,11052.0,11693.0,17128.0,16163.0,8281.0,6798.0,5939732.0,11226941.0,17150737.0,17606901.0,19458340.0,34664694.0,41622722.0,42747401.0,46711166.0
"BEACONLIGHT CAPITAL, LLC",0.0,0.0,0.0,0.0,0.0,0.0,0.0,0.0,0.0,0.0,0.0,0.0,0.0,0.0,0.0,0.0,0.0,0.0,0.0,10743200.0
"BEAM Asset Management, LLC",0.0,211.0,286.0,0.0,0.0,0.0,0.0,0.0,0.0,0.0,0.0,0.0,0.0,0.0,0.0,0.0,0.0,0.0,0.0,0.0
"BEAM WEALTH ADVISORS, INC.",0.0,0.0,0.0,0.0,0.0,0.0,0.0,0.0,0.0,0.0,0.0,0.0,0.0,276690.0,289200.0,349054.0,1124800.0,16074414.0,16038914.0,11866016.0
"BEARING POINT CAPITAL, LLC",0.0,0.0,0.0,0.0,0.0,0.0,0.0,0.0,0.0,0.0,0.0,0.0,0.0,0.0,0.0,0.0,0.0,0.0,0.0,27257110.0
"BECK CAPITAL MANAGEMENT, LLC",7601.0,10643.0,14261.0,9860.0,7025.0,9903.0,10294.0,13127.0,8926.0,7315.0,4537.0,4682792.0,11668239.0,16546137.0,14280343.0,16124093.0,24954035.0,30486015.0,25327551.0,27862901.0
BECK MACK & OLIVER LLC,0.0,0.0,0.0,0.0,0.0,0.0,0.0,0.0,0.0,0.0,0.0,0.0,0.0,253812.0,260994.0,297132.0,542136.0,790656.0,889427.0,1012009.0
BECKER CAPITAL MANAGEMENT INC,0.0,0.0,0.0,0.0,0.0,306.0,340.0,327.0,291.0,0.0,215.0,252385.0,757481.0,1718733.0,1608596.0,1810032.0,3090181.0,4452389.0,5549058.0,6241136.0
BEDEL FINANCIAL CONSULTING INC,0.0,0.0,0.0,0.0,0.0,0.0,0.0,0.0,0.0,0.0,0.0,0.0,0.0,0.0,888656.0,0.0,0.0,0.0,0.0,0.0
BEDRIJFSTAKPENSIOENFONDS VOOR DE MEDIA PNO,9609.0,18435.0,25154.0,23260.0,24759.0,34071.0,33605.0,45518.0,41199.0,21025.0,17162.0,17733.0,36688.0,46141.0,41496.0,43261.0,56473.0,70660.0,63220.0,69706.0
"BEESE FULMER INVESTMENT MANAGEMENT, INC.",0.0,127.0,223.0,358.0,351.0,558.0,587.0,739.0,863.0,485.0,327.0,392678.0,1012472.0,1381160.0,1431117.0,1790220.0,3270887.0,4138590.0,3766826.0,4132372.0
BEL AIR INVESTMENT ADVISORS LLC,0.0,0.0,0.0,0.0,6754.0,10027.0,0.0,0.0,0.0,0.0,0.0,0.0,0.0,0.0,0.0,0.0,0.0,0.0,0.0,0.0
"BELLEVUE ASSET MANAGEMENT, LLC",39.0,50.0,104.0,103.0,116.0,93.0,102.0,141.0,134.0,73.0,60.0,69055.0,137242.0,209009.0,152722.0,173872.0,324473.0,709216.0,697564.0,774882.0
BENDER ROBERT & ASSOCIATES,4743.0,6773.0,9583.0,9193.0,10017.0,15219.0,16124.0,15693.0,20889.0,11447.0,9278.0,11154136.0,21209684.0,31813219.0,32521592.0,37160814.0,66274319.0,87449889.0,80411496.0,76289479.0
BENEDICT FINANCIAL ADVISORS INC,247.0,356.0,507.0,489.0,500.0,749.0,776.0,1103.0,1042.0,579.0,464.0,558477.0,1006107.0,1396986.0,1458400.0,1687208.0,1451163.0,1926321.0,1872568.0,2040801.0
BENNETT SELBY INVESTMENTS LP,0.0,0.0,0.0,0.0,0.0,0.0,0.0,0.0,566.0,0.0,0.0,0.0,0.0,0.0,0.0,0.0,826757.0,2111422.0,2371480.0,3143057.0
BERKLEY W R CORP,0.0,0.0,0.0,0.0,0.0,0.0,0.0,0.0,0.0,0.0,0.0,0.0,0.0,0.0,0.0,0.0,0.0,135449256.0,169044480.0,106760550.0
BERKSHIRE ASSET MANAGEMENT LLC/PA,367.0,505.0,774.0,790.0,815.0,1207.0,1298.0,1753.0,1352.0,761.0,631.0,0.0,1680509.0,2753437.0,2639171.0,2983701.0,4119000.0,6489960.0,6489960.0,2811378.0
BERKSHIRE CAPITAL HOLDINGS INC,24763.0,26947.0,39282.0,5.0,41817.0,32268.0,2.0,31611.0,19477.0,2.0,1.0,9374881.0,14621813.0,21937817.0,30514549.0,22131382.0,17673634.0,26945309.0,37981574.0,38992444.0
BFI Infinity Ltd.,0.0,0.0,0.0,0.0,0.0,0.0,0.0,0.0,0.0,0.0,0.0,0.0,0.0,0.0,0.0,0.0,0.0,0.0,0.0,530983.0
"BFSG, LLC",3858.0,4820.0,6206.0,6055.0,6152.0,9201.0,10571.0,14433.0,11612.0,6487.0,4130.0,3332.0,6218.0,8308.0,8727.0,20166612.0,17501300.0,23718747.0,22230453.0,24712353.0
"BFT FINANCIAL GROUP, LLC",0.0,0.0,0.0,469.0,466.0,947.0,829.0,0.0,0.0,0.0,0.0,0.0,0.0,0.0,0.0,0.0,0.0,0.0,0.0,0.0
"BG Investment Services, Inc.",0.0,0.0,0.0,0.0,0.0,0.0,0.0,0.0,0.0,0.0,0.0,0.0,0.0,0.0,0.0,0.0,0.0,0.0,0.0,677958.0
"BHK Investment Advisors, LLC",0.0,0.0,0.0,0.0,0.0,0.0,0.0,0.0,0.0,0.0,0.0,0.0,0.0,0.0,0.0,0.0,0.0,228549.0,278705.0,298124.0
BILL & MELINDA GATES FOUNDATION TRUST,0.0,0.0,0.0,0.0,0.0,0.0,0.0,0.0,0.0,0.0,0.0,0.0,0.0,0.0,3986683.0,0.0,0.0,0.0,0.0,0.0
BINGHAM OSBORN & SCARBOROUGH LLC,0.0,209.0,317.0,227.0,321.0,509.0,598.0,0.0,0.0,0.0,0.0,0.0,0.0,0.0,0.0,0.0,0.0,0.0,0.0,0.0
"BIP Alliance, LLC",0.0,0.0,0.0,0.0,0.0,0.0,0.0,0.0,0.0,0.0,0.0,0.0,0.0,0.0,0.0,0.0,0.0,0.0,0.0,1614972.0
"BIP Wealth, LLC",0.0,0.0,0.0,0.0,0.0,0.0,0.0,0.0,0.0,0.0,0.0,0.0,554979.0,569104.0,688654.0,780460.0,2078176.0,2571778.0,3068329.0,3427281.0
BIRINYI ASSOCIATES INC,211.0,1452.0,2691.0,2675.0,2361.0,3938.0,3975.0,5735.0,4959.0,2403.0,2045.0,2251.0,3583.0,7445.0,7471.0,0.0,12514306.0,17110290.0,14694.0,16145015.0
BIRMINGHAM CAPITAL MANAGEMENT CO INC/AL,203.0,359.0,495.0,485.0,496.0,757.0,708.0,946.0,932.0,488.0,473.0,610135.0,1159690.0,1300787.0,1648612.0,1735746.0,2593217.0,3999608.0,3369960.0,0.0
BIT Capital GmbH,0.0,0.0,2273124.0,1932140.0,5005594.0,6936867.0,4634584.0,4948695.0,4769866.0,1196651.0,995762.0,854919.0,8124773.0,53000176.0,29100831.0,9535956.0,65617431.0,37668581.0,27396378.0,45179319.0
"BIVIN & ASSOCIATES, INC.",0.0,0.0,0.0,0.0,0.0,0.0,0.0,11.0,15.0,3.0,0.0,0.0,0.0,0.0,0.0,0.0,0.0,0.0,0.0,0.0
"BKA Wealth Consulting, Inc.",0.0,0.0,0.0,0.0,0.0,0.0,0.0,0.0,910.0,512.0,410.0,493764.0,2568117.0,1078661.0,1113689.0,1297684.0,2347906.0,0.0,0.0,0.0
"BKD Wealth Advisors, LLC",1922.0,4167.0,5088.0,4808.0,4008.0,5858.0,5703.0,7953.0,7713.0,0.0,0.0,0.0,0.0,0.0,0.0,0.0,0.0,0.0,0.0,0.0
"BKM Wealth Management, LLC",0.0,0.0,0.0,0.0,0.0,0.0,0.0,0.0,0.0,0.0,0.0,0.0,0.0,0.0,0.0,545732.0,497861.0,0.0,672777.0,810440.0
BLACK POINT WEALTH MANAGEMENT,0.0,0.0,0.0,0.0,0.0,0.0,0.0,0.0,0.0,0.0,0.0,0.0,0.0,0.0,0.0,0.0,0.0,575975.0,541896.0,573813.0
BLACKHILL CAPITAL INC,0.0,0.0,0.0,0.0,0.0,0.0,0.0,0.0,0.0,0.0,0.0,0.0,0.0,0.0,0.0,4729351.0,12514306.0,17110290.0,16819440.0,18706597.0
BLAIR WILLIAM & CO/IL,22248.0,43217.0,70501.0,75792.0,65078.0,100841.0,104891.0,149531.0,135356.0,65547.0,52184.0,53896100.0,110717926.0,176301729.0,157181911.0,184937948.0,346679955.0,483444028.0,569931073.0,676940185.0
"BLB&B Advisors, LLC",5135.0,7973.0,8653.0,8990.0,9435.0,14156.0,14881.0,18836.0,18563.0,11970.0,9914.0,11626428.0,20861035.0,28704808.0,25199790.0,27900152.0,54642250.0,70512644.0,68462981.0,71696387.0
"BLODGETT WEALTH ADVISORS, LLC",0.0,0.0,0.0,0.0,0.0,0.0,0.0,4124.0,4138.0,2367.0,1920.0,2307112.0,3392961.0,4974716.0,5583097.0,6564142.0,10738811.0,14258992.0,12768207.0,14310225.0
"BLUE BELL PRIVATE WEALTH MANAGEMENT, LLC",0.0,50.0,0.0,0.0,0.0,0.0,0.0,222.0,216.0,128.0,87.0,97343.0,207246.0,419259.0,452443.0,503702.0,852176.0,1219262.0,1265450.0,1342562.0
"BLUE SQUARE ASSET MANAGEMENT, LLC",0.0,0.0,0.0,0.0,0.0,0.0,0.0,0.0,0.0,0.0,0.0,0.0,580262.0,1516527.0,2261078.0,2574154.0,3310644.0,4689208.0,5840414.0,6602905.0
"BLUEFIN CAPITAL MANAGEMENT, LLC",0.0,0.0,969.0,935.0,0.0,0.0,0.0,0.0,32.0,680.0,16484.0,2270040.0,0.0,0.0,0.0,61943750.0,0.0,49416000.0,0.0,0.0
BLUESTEIN R H & CO,6970.0,15350.0,21459.0,21722.0,28881.0,46081.0,43954.0,62533.0,0.0,0.0,0.0,0.0,0.0,0.0,0.0,0.0,0.0,0.0,0.0,0.0
BLUESTEIN R H & CO LLC,0.0,0.0,0.0,0.0,0.0,0.0,0.0,0.0,49286.0,26852.0,21553.0,0.0,0.0,0.0,0.0,0.0,0.0,0.0,0.0,0.0
"BMS Financial Advisors, LLC",0.0,0.0,0.0,0.0,0.0,0.0,0.0,0.0,0.0,0.0,0.0,0.0,0.0,360413.0,0.0,0.0,0.0,0.0,0.0,0.0
"BNC WEALTH MANAGEMENT, LLC",0.0,0.0,4528.0,4423.0,4217.0,6337.0,6596.0,9336.0,9139.0,5004.0,3839.0,4571251.0,6628968.0,8283981.0,8555800.0,9747891.0,16170077.0,23215905.0,22788176.0,25487313.0
"BNP PARIBAS ARBITRAGE, SA",0.0,0.0,0.0,0.0,0.0,0.0,0.0,9706.0,0.0,0.0,0.0,0.0,0.0,0.0,0.0,0.0,0.0,0.0,0.0,0.0
BNP PARIBAS FINANCIAL MARKETS,0.0,0.0,0.0,0.0,0.0,0.0,0.0,0.0,0.0,0.0,0.0,0.0,0.0,0.0,0.0,0.0,677670.0,0.0,27743818.0,2601734.0
BOARDMAN BAY CAPITAL MANAGEMENT LLC,0.0,0.0,1294.0,1044.0,0.0,2578.0,0.0,0.0,0.0,0.0,0.0,0.0,0.0,0.0,0.0,0.0,0.0,0.0,0.0,0.0
BOCHK Asset Management Ltd,0.0,0.0,0.0,0.0,0.0,0.0,0.0,0.0,0.0,0.0,0.0,0.0,0.0,0.0,0.0,16787609.0,36192096.0,55030893.0,51029088.0,32292716.0
"BOENNING & SCATTERGOOD, INC.",0.0,714.0,1454.0,1450.0,1547.0,2566.0,2722.0,3906.0,3671.0,2013.0,1691.0,3671.0,0.0,0.0,0.0,0.0,0.0,0.0,0.0,0.0
BOGLE INVESTMENT MANAGEMENT L P /DE/,0.0,1868.0,0.0,0.0,0.0,0.0,0.0,0.0,0.0,0.0,0.0,0.0,0.0,0.0,0.0,0.0,0.0,0.0,0.0,0.0
"BOK Financial Private Wealth, Inc.",211.0,335.0,535.0,603.0,696.0,1472.0,1951.0,2986.0,3177.0,30.0,24.0,29228.0,55554.0,84604.0,86998.0,212962.0,497895.0,554749.0,826038.0,490764.0
"BOKF, NA",4646.0,8993.0,11873.0,12299.0,12720.0,0.0,26295.0,37000.0,36509.0,22471.0,15257.0,14582286.0,17067300.0,24671795.0,22887775.0,27684283.0,47487564.0,60160027.0,58827951.0,62030139.0
"BOOTHBAY FUND MANAGEMENT, LLC",4903.0,0.0,0.0,0.0,0.0,0.0,0.0,0.0,0.0,0.0,0.0,0.0,0.0,0.0,0.0,0.0,0.0,0.0,0.0,0.0
"BOS Asset Management, LLC",0.0,0.0,0.0,0.0,0.0,0.0,0.0,0.0,0.0,0.0,0.0,677359.0,1293297.0,1917550.0,2033578.0,2314658.0,4174447.0,5718790.0,5886561.0,6337548.0
BOSTON FAMILY OFFICE LLC,217.0,284.0,405.0,364.0,403.0,642.0,649.0,1179.0,1701.0,1183.0,1174.0,1497.0,2034.0,2094.0,2120.0,2322.0,4577.0,6188.0,15421.0,16807.0
BOSTON FINANCIAL MANGEMENT LLC,0.0,0.0,0.0,0.0,0.0,0.0,0.0,0.0,260.0,332.0,275.0,331299.0,664149.0,2242006.0,1638173.0,2602382.0,4355160.0,6297578.0,6015776.0,6940379.0
BOSTON PRIVATE WEALTH LLC,988.0,1307.0,3044.0,3464.0,3250.0,5183.0,5736.0,6153.0,0.0,0.0,0.0,0.0,0.0,0.0,0.0,0.0,0.0,0.0,0.0,0.0
BOSTON RESEARCH & MANAGEMENT INC,0.0,0.0,0.0,0.0,0.0,0.0,0.0,0.0,0.0,0.0,0.0,0.0,0.0,228.0,234.0,638.0,1057.0,1445.0,1347.0,1479.0
"BOSUN ASSET MANAGEMENT, LLC",0.0,0.0,0.0,0.0,0.0,0.0,0.0,0.0,0.0,0.0,0.0,0.0,0.0,0.0,0.0,0.0,0.0,2528370.0,2429529.0,2875015.0
BOULDER HILL CAPITAL MANAGEMENT LP,0.0,0.0,0.0,0.0,0.0,0.0,0.0,0.0,1473.0,0.0,0.0,0.0,0.0,0.0,0.0,0.0,0.0,0.0,0.0,0.0
BOURGEON CAPITAL MANAGEMENT LLC,7668.0,9431.0,8894.0,8518.0,10033.0,9909.0,9922.0,10105.0,10182.0,5526.0,4800.0,5706913.0,4220716.0,2434058.0,140502.0,209479.0,2973028.0,4545715.0,4450957.0,5980268.0
BOURNE LENT ASSET MANAGEMENT INC,0.0,0.0,209.0,202.0,206.0,309.0,320.0,454.0,421.0,234.0,0.0,225640.0,428877.0,653143.0,671625.0,764620.0,1395097.0,1993936.0,1966114.0,2174155.0
BOWEN HANES & CO INC,89742.0,104650.0,115902.0,52296.0,96614.0,66128.0,62135.0,69426.0,58605.0,33339.0,20807.0,25191613.0,47375062.0,66515665.0,72682479.0,82620029.0,107578.0,131717113.0,129141118.0,134818431.0
BOYD WATTERSON ASSET MANAGEMENT LLC/OH,0.0,0.0,0.0,0.0,0.0,0.0,621.0,882.0,819.0,455.0,364.0,438420.0,833310.0,1269060.0,1304970.0,1485660.0,2710680.0,3706200.0,3652915.0,4039443.0
BOYS ARNOLD & CO INC,256.0,0.0,0.0,0.0,0.0,0.0,0.0,0.0,0.0,0.0,0.0,0.0,0.0,0.0,0.0,0.0,0.0,0.0,0.0,0.0
BRADLEY FOSTER & SARGENT INC/CT,371.0,0.0,890.0,1159.0,1241.0,1868.0,2080.0,3699.0,4405.0,1935.0,1444.0,1705833.0,3252578.0,5491060.0,5491060.0,43161925.0,64072410.0,89172259.0,88464889.0,95502058.0
"BRADY FAMILY WEALTH, LLC",0.0,0.0,0.0,0.0,0.0,0.0,0.0,0.0,0.0,0.0,0.0,359504.0,683314.0,1015671.0,1081820.0,1231612.0,1844166.0,2547766.0,2557405.0,2831908.0
"BRANDYWINE MANAGERS, LLC",211.0,304.0,433.0,418.0,2316.0,713.0,738.0,1048.0,972.0,540.0,433.0,520843.0,989972.0,1507643.0,1550304.0,1764964.0,3220288.0,4402966.0,2597602.0,2872463.0
BRANDYWINE OAK PRIVATE WEALTH LLC,0.0,0.0,0.0,0.0,0.0,0.0,0.0,0.0,0.0,0.0,0.0,1161138.0,2215045.0,3344360.0,3185396.0,3631896.0,6756637.0,9204095.0,9102592.0,10154001.0
"BRASADA CAPITAL MANAGEMENT, LP",0.0,0.0,0.0,0.0,0.0,0.0,0.0,0.0,0.0,0.0,0.0,0.0,0.0,0.0,2188950.0,2797993.0,5020179.0,7036175.0,6619945.0,7404524.0
"BRASS TAX WEALTH MANAGEMENT, INC",0.0,0.0,0.0,0.0,0.0,0.0,0.0,0.0,0.0,0.0,0.0,0.0,0.0,0.0,0.0,0.0,0.0,891490.0,345501.0,0.0
BRAUN STACEY ASSOCIATES INC,0.0,0.0,0.0,0.0,0.0,0.0,0.0,0.0,0.0,0.0,0.0,0.0,0.0,0.0,0.0,0.0,0.0,0.0,0.0,159278817.0
BRAVE ASSET MANAGEMENT INC,0.0,0.0,0.0,0.0,0.0,330.0,342.0,485.0,400.0,268.0,215.0,258431.0,399281.0,608090.0,655765.0,855529.0,1493216.0,2015586.0,1768075.0,1916282.0
BREAKLINE CAPITAL LLC,0.0,3091.0,2229.0,1489.0,0.0,0.0,0.0,2901.0,0.0,0.0,0.0,0.0,0.0,0.0,0.0,0.0,0.0,0.0,0.0,0.0
"BREAKTHRU ADVISORY SERVICES, LLC",0.0,0.0,0.0,0.0,0.0,0.0,0.0,0.0,0.0,0.0,0.0,0.0,0.0,0.0,0.0,0.0,0.0,0.0,0.0,2121647.0
BREITER CAPITAL MANAGEMENT INC,752.0,1087.0,2277.0,2197.0,0.0,3344.0,3461.0,5114.0,4718.0,0.0,0.0,0.0,0.0,0.0,0.0,0.0,0.0,0.0,0.0,0.0
BREWIN DOLPHIN LTD,3300272.0,5313801.0,11842976.0,12916095.0,14417178.0,24222227.0,29919912.0,28639.0,31662.0,18810.0,0.0,0.0,0.0,0.0,0.0,0.0,0.0,0.0,0.0,0.0
BREWIN DOLPHIN WEALTH MANAGEMENT LTD,31368.0,0.0,36262.0,34987.0,53393.0,140818.0,436693.0,4641.0,4503.0,2626.0,0.0,0.0,0.0,0.0,0.0,0.0,0.0,0.0,0.0,0.0
BRIDGES INVESTMENT MANAGEMENT INC,4513.0,6544.0,9131.0,8448.0,9062.0,14319.0,14932.0,21253.0,19172.0,11001.0,8951.0,9502023.0,16224268.0,22646799.0,22728662.0,24424250.0,44076560.0,64415137.0,59370459.0,62190797.0
BRIDGEWAY CAPITAL MANAGEMENT INC,0.0,8374.0,6830.0,0.0,0.0,0.0,0.0,0.0,0.0,0.0,0.0,0.0,0.0,0.0,0.0,0.0,0.0,0.0,0.0,0.0
"BRIDGEWAY CAPITAL MANAGEMENT, LLC",0.0,0.0,0.0,6590.0,7059.0,13570.0,14965.0,30296.0,28749.0,17930.0,10765.0,3264037.0,4869864.0,31621227.0,32825553.0,37225940.0,43797831.0,38221043.0,37874698.0,41570754.0
"BRIGADE CAPITAL MANAGEMENT, LP",0.0,0.0,0.0,0.0,0.0,0.0,0.0,0.0,0.0,0.0,219.0,0.0,0.0,0.0,0.0,0.0,0.0,0.0,0.0,0.0
"BRIGHT FINANCIAL ADVISORS, INC.",0.0,0.0,0.0,0.0,0.0,0.0,0.0,0.0,0.0,0.0,0.0,0.0,0.0,0.0,0.0,0.0,1888914.0,2761119.0,2714427.0,3000712.0
BRIGHTON JONES LLC,1136.0,1176.0,1355.0,1348.0,1531.0,2538.0,3106.0,5079.0,5138.0,2735.0,2305.0,3013248.0,6819997.0,12934331.0,13808868.0,16439131.0,31083745.0,41602011.0,35106594.0,43630909.0
BRILLIANCE ASSET MANAGEMENT LTD,0.0,0.0,0.0,0.0,14736.0,0.0,0.0,0.0,0.0,0.0,0.0,0.0,0.0,0.0,0.0,0.0,1103247.0,1508423.0,0.0,0.0
BRILLIANCE ASSET MANAGEMENT Ltd,0.0,5356.0,36316.0,14413.0,0.0,0.0,0.0,0.0,0.0,0.0,0.0,0.0,0.0,0.0,0.0,0.0,0.0,0.0,0.0,0.0
BRINKER CAPITAL INC,2328.0,3073.0,0.0,0.0,0.0,0.0,0.0,0.0,0.0,0.0,0.0,0.0,0.0,0.0,0.0,0.0,0.0,0.0,0.0,0.0
BRISTOL JOHN W & CO INC /NY/,0.0,0.0,0.0,0.0,0.0,0.0,0.0,0.0,0.0,0.0,0.0,0.0,0.0,0.0,0.0,0.0,0.0,93793174.0,91493746.0,98879204.0
BRITISH COLUMBIA INVESTMENT MANAGEMENT Corp,16766.0,37280.0,57815.0,54521.0,54252.0,183436.0,95496.0,129309.0,105478.0,44016.0,30122.0,63064233.0,121877421.0,187204963.0,210313315.0,290980872.0,554563564.0,797497398.0,693849262.0,842373372.0
"BROGAN FINANCIAL, INC.",0.0,0.0,0.0,0.0,0.0,0.0,0.0,0.0,0.0,0.0,0.0,0.0,0.0,0.0,0.0,0.0,0.0,223650.0,219848.0,506902.0
BROWN ADVISORY INC,0.0,0.0,0.0,0.0,61.0,92.0,95.0,135.0,1359.0,756.0,202.0,242592.0,461098.0,0.0,0.0,0.0,0.0,0.0,0.0,0.0
BROWN BROTHERS HARRIMAN & CO,893.0,2339.0,3343.0,3429.0,3587.0,6019.0,8023.0,11324.0,10001.0,5529.0,4259.0,5538560.0,9326406.0,15091662.0,15944558.0,18421194.0,35691524.0,51290102.0,47102204.0,65632760.0
BROWN CAPITAL MANAGEMENT LLC,0.0,0.0,0.0,0.0,0.0,0.0,0.0,0.0,0.0,0.0,0.0,0.0,0.0,0.0,0.0,0.0,0.0,1552651.0,1508163.0,1453421.0
"BROWN WEALTH MANAGEMENT, LLC",0.0,0.0,0.0,0.0,0.0,0.0,0.0,0.0,0.0,0.0,0.0,0.0,0.0,266926.0,212275.0,241667.0,617132.0,1847251.0,1748208.0,2053686.0
"BROWN, LISLE/CUMMINGS, INC.",0.0,0.0,0.0,0.0,0.0,0.0,0.0,147055.0,161806.0,94895.0,75990.0,96306.0,294158.0,475474.0,508503.0,670528.0,1358954.0,2180481.0,2182884.0,2604555.0
"BRR OpCo, LLC",0.0,0.0,0.0,0.0,0.0,0.0,0.0,0.0,1184.0,678.0,588.0,0.0,0.0,0.0,0.0,0.0,0.0,0.0,0.0,0.0
BRYN MAWR TRUST Co,64.0,107.0,186.0,179.0,145.0,217.0,69.0,133.0,117.0,59.0,51.0,327.0,666.0,1247.0,1462873.0,0.0,2979037.0,7123934.0,0.0,0.0
BSW Wealth Partners,438.0,696.0,1161.0,1126.0,812.0,1313.0,1409.0,2482.0,2444.0,1191.0,917.0,1083.0,1984595.0,3031684.0,3048755.0,3575883.0,5949528.0,8166496.0,8505834.0,10279182.0
BT Wealth Management LLC,343.0,228.0,325.0,313.0,0.0,0.0,0.0,0.0,0.0,0.0,0.0,0.0,0.0,0.0,0.0,0.0,0.0,0.0,0.0,0.0
"BTC Capital Management, Inc.",0.0,0.0,912.0,1114.0,1223.0,1672.0,1669.0,2281.0,3836.0,2222.0,927.0,1034525.0,1820505.0,1571944.0,1610334.0,0.0,4627132.0,6589996.0,6257804.0,6641849.0
BTG Pactual Asset Management US LLC,0.0,0.0,0.0,0.0,0.0,0.0,0.0,0.0,0.0,0.0,0.0,0.0,0.0,0.0,0.0,0.0,0.0,14842096.0,11850965.0,11121764.0
BTG Pactual Global Asset Management Ltd,18452.0,0.0,0.0,0.0,0.0,0.0,0.0,0.0,322.0,16884.0,12526.0,0.0,0.0,652297.0,2827435.0,3010938.0,9596711.0,0.0,0.0,0.0
BTR CAPITAL MANAGEMENT INC,0.0,0.0,0.0,0.0,0.0,238.0,246.0,317.0,256.0,0.0,0.0,0.0,0.0,0.0,0.0,0.0,0.0,0.0,0.0,0.0
"BTS Asset Management, Inc.",0.0,0.0,0.0,0.0,0.0,0.0,0.0,0.0,0.0,0.0,0.0,0.0,0.0,0.0,0.0,0.0,0.0,0.0,0.0,253589.0
BUCKHEAD CAPITAL MANAGEMENT LLC,0.0,0.0,0.0,0.0,0.0,0.0,0.0,0.0,0.0,0.0,0.0,0.0,0.0,0.0,0.0,0.0,263840.0,361972.0,344890.0,381384.0
"BUCKINGHAM STRATEGIC WEALTH, LLC",0.0,0.0,1577.0,1939.0,1924.0,3292.0,3099.0,4437.0,4462.0,2654.0,2301.0,2997113.0,2997113.0,9113079.0,11748412.0,13516267.0,24228165.0,36933450.0,0.0,0.0
BUILDER INVESTMENT GROUP INC /ADV,0.0,0.0,0.0,0.0,0.0,0.0,0.0,0.0,0.0,0.0,0.0,19195343.0,33032686.0,49772956.0,49811140.0,56018296.0,92017647.0,115626151.0,107135097.0,116626165.0
BURKE & HERBERT BANK & TRUST CO,0.0,0.0,0.0,0.0,0.0,0.0,0.0,0.0,0.0,0.0,0.0,0.0,0.0,0.0,0.0,0.0,32528.0,1222427.0,877039.0,814468.0
"BURKETT FINANCIAL SERVICES, LLC",0.0,0.0,0.0,0.0,0.0,0.0,0.0,0.0,0.0,0.0,0.0,0.0,0.0,0.0,0.0,223059.0,352789.0,522422.0,515970.0,705006.0
"BURLING WEALTH PARTNERS, LLC",0.0,0.0,0.0,0.0,0.0,0.0,0.0,0.0,0.0,0.0,0.0,0.0,0.0,0.0,0.0,0.0,0.0,0.0,0.0,11656460.0
BURNEY CO/,244.0,477.0,679.0,443.0,573.0,907.0,889.0,1233.0,1589.0,857.0,603.0,636564.0,1165466.0,9571592.0,11054767.0,13197331.0,25194365.0,36455504.0,37045477.0,43480118.0
BURNS J W & CO INC/NY,504.0,769.0,1057.0,999.0,1021.0,1535.0,1987.0,2964.0,2742.0,1644.0,1286.0,1433.0,2687.0,3899.0,3986256.0,4510473.0,8330841.0,13100701.0,14076600.0,16512195.0
"BURR FINANCIAL SERVICES, LLC",0.0,0.0,0.0,0.0,0.0,0.0,0.0,0.0,0.0,0.0,0.0,0.0,0.0,0.0,0.0,31327393.0,30090042.0,63844835.0,62535106.0,61168788.0
"BUSH INVESTMENT GROUP, LLC",0.0,0.0,0.0,0.0,0.0,0.0,0.0,0.0,0.0,0.0,0.0,0.0,0.0,0.0,0.0,0.0,0.0,311346.0,306054.0,338491.0
BW Gestao de Investimentos Ltda.,0.0,0.0,0.0,0.0,0.0,0.0,0.0,0.0,0.0,0.0,0.0,0.0,0.0,0.0,0.0,32189300.0,129209080.0,18531000.0,19636848.0,8164832.0
BXM Wealth LLC,0.0,0.0,0.0,0.0,0.0,0.0,0.0,0.0,0.0,0.0,0.0,0.0,0.0,0.0,0.0,0.0,0.0,0.0,0.0,1734624.0
Baader Bank Aktiengesellschaft,0.0,0.0,0.0,0.0,0.0,0.0,0.0,21879.0,21417.0,17475.0,27710335.0,51808785.0,35940322.0,69653260.0,29478837.0,21895657.0,37682970.0,64413555.0,56209425.0,42338683.0
Baader Bank INC,0.0,0.0,0.0,0.0,0.0,0.0,0.0,21879.0,21417.0,0.0,0.0,0.0,0.0,0.0,0.0,0.0,0.0,0.0,0.0,0.0
Babb Wealth Advisors LLC,0.0,0.0,0.0,0.0,0.0,0.0,0.0,0.0,0.0,0.0,0.0,0.0,0.0,0.0,0.0,0.0,0.0,0.0,0.0,275503.0
"Badgley Phelps Wealth Managers, LLC",0.0,0.0,0.0,0.0,0.0,0.0,30370.0,43117.0,39105.0,21617.0,17334.0,20808592.0,40073338.0,60889522.0,61250096.0,78059901.0,139957502.0,164399791.0,162504113.0,174933610.0
"Baker Avenue Asset Management, LP",1885.0,2121.0,2869.0,5885.0,3533.0,7502.0,7911.0,9899.0,12391.0,7120.0,5481.0,8153098.0,25987686.0,47530134.0,44313093.0,87025540.0,64547760.0,72451247.0,78379341.0,88101900.0
Baker Chad R,0.0,0.0,0.0,0.0,0.0,0.0,0.0,0.0,0.0,0.0,0.0,0.0,388878.0,571077.0,587237.0,567027.0,989398.0,1328055.0,1275120.0,1325442.0
Balboa Wealth Partners,0.0,0.0,0.0,0.0,0.0,0.0,0.0,0.0,0.0,0.0,6052.0,0.0,12208152.0,0.0,0.0,0.0,0.0,43615685.0,38656064.0,39354538.0
Baldrige Asset Management LLC,0.0,0.0,0.0,0.0,0.0,30.0,31.0,44.0,40.0,6.0,5.0,1.0,2.0,0.0,0.0,0.0,0.0,0.0,0.0,0.0
"Baldwin Investment Management, LLC",1748.0,2527.0,3070.0,2806.0,2929.0,4211.0,4273.0,5948.0,5586.0,3113.0,2425.0,2739127.0,4210487.0,5597899.0,5672349.0,6447856.0,10424539.0,14157915.0,14691917.0,15763486.0
Balentine LLC,215.0,309.0,555.0,585.0,586.0,1085.0,1934.0,9089.0,13834.0,7810.0,2042.0,3945141.0,7280803.0,14950637.0,15113564.0,22787916.0,56317826.0,2696878.0,6260232.0,3285002.0
"Ballast, Inc.",0.0,0.0,0.0,0.0,0.0,0.0,0.0,0.0,0.0,0.0,0.0,0.0,0.0,0.0,0.0,297627.0,600867.0,974731.0,916022.0,1029601.0
"Ballentine Capital Advisors, Inc",0.0,0.0,0.0,0.0,0.0,0.0,0.0,0.0,0.0,0.0,0.0,0.0,0.0,0.0,0.0,0.0,0.0,265611.0,261096.0,288724.0
"Ballentine Partners, LLC",435.0,475.0,24.0,0.0,66.0,78.0,81.0,115.0,450.0,198.0,71.0,274754.0,739958.0,996212.0,2294137.0,1751593.0,3271791.0,4323900.0,4091799.0,6232399.0
"Ballew Advisors, Inc",0.0,0.0,0.0,0.0,0.0,0.0,0.0,0.0,0.0,0.0,0.0,0.0,219321.0,226212.0,0.0,300729.0,205770.0,462898.0,500759.0,473992.0
"Baltimore-Washington Financial Advisors, Inc.",6241.0,9000.0,11722.0,11594.0,11820.0,18034.0,18881.0,53384.0,11810.0,13433.0,10719.0,12654916.0,24263352.0,25603936.0,25990027.0,30113131.0,45466748.0,63496454.0,62225347.0,68121597.0
Balyasny Asset Management L.P.,0.0,0.0,0.0,0.0,0.0,0.0,0.0,0.0,0.0,0.0,0.0,0.0,391574869.0,562044253.0,452047698.0,196107120.0,434881621.0,662343897.0,729868973.0,979326343.0
Balyasny Asset Management LLC,51547.0,0.0,54199.0,78980.0,0.0,20882.0,0.0,105316.0,37655.0,11105.0,30119.0,85779211.0,0.0,0.0,0.0,0.0,0.0,0.0,0.0,0.0
BancFirst Trust & Investment Management,0.0,0.0,0.0,0.0,0.0,0.0,0.0,0.0,0.0,0.0,0.0,0.0,0.0,0.0,202215.0,227470.0,405112.0,693585.0,597880.0,677218.0
Banco BTG Pactual S.A.,0.0,0.0,0.0,0.0,2046.0,234.0,0.0,0.0,1913.0,0.0,0.0,264952.0,0.0,0.0,3736564.0,6419537.0,1416782.0,16011849.0,17688858.0,39135091.0
"Banco Santander, S.A.",106995.0,1900.0,57.0,63.0,750.0,2870.0,1764.0,45185.0,4647.0,8429.0,6551.0,7575605.0,11160243.0,7446421.0,11416313.0,11134031.0,1580326.0,4092880.0,8496185.0,37556213.0
Bangor Savings Bank,0.0,0.0,0.0,0.0,0.0,0.0,0.0,0.0,0.0,24.0,19.0,0.0,0.0,12691.0,23489.0,26742.0,57828.0,168879.0,1024351.0,1805679.0
Bank & Trust Co,0.0,0.0,0.0,0.0,0.0,0.0,0.0,0.0,0.0,0.0,0.0,0.0,0.0,0.0,0.0,0.0,0.0,648091.0,645332.0,751084.0
"Bank Julius Baer & Co. Ltd, Zurich",14328.0,28929.0,16997.0,164270.0,144270.0,282316.0,326542.0,499797.0,492536.0,262878.0,209046.0,249749.0,458120.0,588494031.0,597435.0,934005860.0,1480846039.0,1846953803.0,1854087107.0,1520119688.0
Bank Pictet & Cie (Europe) AG,0.0,0.0,0.0,0.0,0.0,0.0,0.0,0.0,0.0,0.0,0.0,0.0,0.0,63139965.0,66737471.0,85008475.0,199984031.0,297055142.0,282164383.0,315100339.0
Bank of Jackson Hole Trust,0.0,0.0,0.0,0.0,0.0,0.0,0.0,0.0,0.0,0.0,0.0,0.0,0.0,0.0,0.0,0.0,0.0,0.0,0.0,5823217.0
Bank of Marin,0.0,0.0,0.0,0.0,0.0,1238.0,1275.0,1792.0,1662.0,521.0,395.0,430820.0,835532.0,1167535.0,1130974.0,1141977.0,2075477.0,3071204.0,3022884.0,3330257.0
Bank of New Hampshire,0.0,0.0,0.0,0.0,0.0,884.0,884.0,1452.0,1289.0,594.0,318.0,311.0,548874.0,794432.0,853885.0,2122018.0,4092223.0,6266567.0,6373657.0,6952730.0
BankPlus Trust Department,0.0,0.0,0.0,0.0,0.0,0.0,0.0,0.0,0.0,0.0,0.0,0.0,0.0,0.0,0.0,0.0,0.0,0.0,0.0,9094790.0
BankPlus Wealth Management LLC,0.0,0.0,0.0,0.0,0.0,0.0,0.0,0.0,0.0,0.0,0.0,0.0,0.0,0.0,0.0,0.0,0.0,0.0,0.0,2231373.0
Banque Cantonale Vaudoise,9394.0,14100.0,17229.0,15783.0,16697.0,23291.0,24136.0,35217.0,32888.0,14742.0,11372.0,15308.0,29652.0,44662.0,43784.0,56575.0,105511.0,95978.0,95820.0,0.0
"Barber Financial Group, Inc.",0.0,0.0,227.0,219.0,0.0,0.0,321.0,378.0,247.0,0.0,0.0,222433.0,437227.0,0.0,0.0,0.0,0.0,0.0,0.0,0.0
"Bard Financial Services, Inc.",0.0,0.0,0.0,2240.0,2251.0,3476.0,3580.0,5112.0,5090.0,2904.0,2310.0,2740.0,5312351.0,8058531.0,8412707.0,9713740.0,15956870.0,21733775.0,18313152.0,11011780.0
"Barden Capital Management, Inc.",0.0,0.0,0.0,0.0,0.0,0.0,0.0,3126.0,2964.0,3400.0,764.0,1088307.0,2087997.0,2597766.0,3203440.0,3630320.0,4687709.0,6374661.0,6260528.0,6692535.0
"Bare Financial Services, Inc",0.0,0.0,0.0,0.0,0.0,0.0,0.0,0.0,0.0,0.0,0.0,0.0,0.0,0.0,0.0,138662.0,241926.0,327656.0,340032.0,335456.0
Baring Financial LLC,0.0,0.0,0.0,0.0,0.0,0.0,0.0,0.0,0.0,0.0,0.0,0.0,0.0,0.0,0.0,0.0,0.0,0.0,0.0,1412042.0
"Barnett & Company, Inc.",43.0,63.0,0.0,0.0,0.0,0.0,0.0,7.0,0.0,0.0,0.0,0.0,0.0,0.0,0.0,0.0,0.0,0.0,0.0,0.0
"Baron Silver Stevens Financial Advisors, LLC",0.0,0.0,0.0,7.0,0.0,0.0,0.0,0.0,0.0,0.0,0.0,0.0,0.0,0.0,0.0,0.0,0.0,0.0,0.0,0.0
Baron Wealth Management LLC,0.0,0.0,0.0,0.0,0.0,0.0,0.0,0.0,0.0,0.0,0.0,560008.0,532739.0,762705.0,796032.0,923586.0,1804410.0,1959717.0,2057439.0,2391306.0
"Barrett Asset Management, LLC",9865.0,13341.0,17029.0,32999.0,15511.0,23398.0,24169.0,36078.0,34739.0,0.0,0.0,0.0,0.0,0.0,0.0,0.0,0.0,0.0,0.0,0.0
"Barrier Capital Management, LLC",0.0,0.0,0.0,0.0,0.0,0.0,0.0,0.0,0.0,0.0,0.0,0.0,7416460.0,4758975.0,0.0,0.0,3938618.0,3955751.0,0.0,0.0
Bartlett & Co. LLC,15.0,21.0,30.0,43.0,44.0,110.0,92.0,1025.0,1055.0,613.0,491.0,587.0,1123.0,2243.0,5591.0,7806.0,0.0,0.0,0.0,0.0
Barton Investment Management,0.0,0.0,0.0,0.0,0.0,0.0,0.0,0.0,0.0,0.0,0.0,0.0,0.0,211510.0,217495.0,465105.0,451780.0,432390.0,546480.0,647144.0
Baskin Financial Services Inc.,0.0,0.0,721.0,696.0,712.0,858.0,819.0,592.0,239.0,0.0,0.0,0.0,0.0,0.0,0.0,0.0,0.0,0.0,291.0,321.0
Bath Savings Trust Co,0.0,0.0,0.0,0.0,0.0,0.0,0.0,218.0,202.0,990.0,674.0,1219.0,2316324.0,3561405.0,3587363.0,4105869.0,7533883.0,10180808.0,10497516.0,11474946.0
"Battery Global Advisors, LLC",0.0,0.0,0.0,0.0,0.0,0.0,0.0,0.0,0.0,0.0,0.0,0.0,0.0,0.0,0.0,0.0,0.0,0.0,18219.0,20148.0
"Bay Capital Advisors, LLC",0.0,0.0,0.0,0.0,0.0,0.0,0.0,0.0,0.0,0.0,0.0,0.0,0.0,0.0,0.0,0.0,0.0,0.0,0.0,1619600.0
"Bay Colony Advisory Group, Inc d/b/a Bay Colony Advisors",0.0,203.0,475.0,457.0,565.0,1807.0,2566.0,3647.0,3728.0,2342.0,1534.0,1188946.0,2394468.0,3893482.0,4035872.0,5846000.0,10010761.0,13683537.0,13538500.0,14703168.0
"Bay Harbor Wealth Management, LLC",13.0,16.0,645.0,36.0,0.0,0.0,0.0,0.0,4.0,2.0,2.0,2.0,4451.0,6779.0,0.0,0.0,0.0,0.0,0.0,0.0
Bay Rivers Group,0.0,0.0,225.0,338.0,357.0,1375.0,1670.0,2600.0,2547.0,1716.0,1341.0,1648459.0,3265742.0,4692561.0,4568265.0,5460791.0,10551774.0,13510458.0,12759701.0,13941048.0
"BayBridge Capital Group, LLC",0.0,0.0,0.0,0.0,0.0,0.0,0.0,0.0,0.0,0.0,0.0,0.0,0.0,0.0,0.0,1484749.0,1491668.0,2337283.0,2981983.0,3174958.0
"Bayesian Capital Management, LP",0.0,244.0,0.0,0.0,641.0,0.0,2256.0,1500.0,0.0,0.0,3023.0,0.0,0.0,27919320.0,0.0,0.0,0.0,0.0,0.0,0.0
Bayforest Capital Ltd,0.0,0.0,0.0,0.0,0.0,0.0,0.0,0.0,0.0,0.0,0.0,0.0,0.0,0.0,0.0,0.0,0.0,0.0,0.0,74262.0
Baystate Wealth Management LLC,138.0,233.0,366.0,360.0,365.0,508.0,498.0,715.0,690.0,806.0,655.0,810.0,866369.0,8548704.0,1180160.0,1398770.0,0.0,0.0,0.0,0.0
"Beacon Bridge Wealth Partners, LLC",0.0,0.0,0.0,0.0,0.0,0.0,0.0,0.0,0.0,0.0,0.0,0.0,0.0,0.0,200582.0,456734.0,427525.0,731334.0,755578.0,795307.0
"Beacon Capital Management, Inc.",0.0,19.0,0.0,0.0,0.0,0.0,0.0,0.0,0.0,9.0,0.0,0.0,0.0,0.0,0.0,49522.0,0.0,0.0,0.0,0.0
"Beacon Capital Management, LLC",0.0,0.0,0.0,0.0,0.0,0.0,0.0,0.0,503.0,503.0,437.0,812712.0,1583376.0,2479480.0,2479480.0,2574902.0,5644145.0,8537966.0,8841340.0,9597213.0
Beacon Financial Advisory LLC,302.0,471.0,742.0,950.0,1025.0,1415.0,1475.0,2152.0,2027.0,1103.0,460.0,508452.0,1112568.0,1685079.0,1834587.0,1971283.0,2976916.0,4094005.0,3835088.0,4374697.0
"Beacon Harbor Wealth Advisors, Inc.",0.0,0.0,3981.0,0.0,0.0,0.0,0.0,0.0,0.0,0.0,0.0,0.0,0.0,6467.0,6207.0,6432.0,7428.0,9897.0,9200.0,10058725.0
"Beacon Pointe Advisors, LLC",1283.0,1460.0,2048.0,1995.0,1996.0,23055.0,63344.0,59984.0,92864.0,48705.0,37360.0,42072869.0,75102178.0,106827514.0,118197301.0,130088614.0,220002769.0,274312082.0,253026183.0,264219222.0
"Beaird Harris Wealth Management, LLC",0.0,0.0,0.0,0.0,0.0,0.0,0.0,317.0,372.0,28.0,150.0,369608.0,383645.0,607548.0,582142.0,745452.0,1323021.0,2164845.0,2825101.0,3005335.0
"Bear Mountain Capital, Inc.",0.0,0.0,0.0,0.0,0.0,0.0,0.0,0.0,0.0,0.0,0.0,0.0,0.0,0.0,0.0,703134.0,1017741.0,1384283.0,1412280.0,1490602.0
Beaton Management Co. Inc.,336.0,484.0,690.0,666.0,1672.0,1260.0,1253.0,1757.0,1690.0,954.0,885.0,1066.0,1859.0,2771.0,2961.0,3370.0,6152.0,8315.0,8271.0,8950.0
"Beaumont Asset Management, L.L.C.",0.0,0.0,211.0,329.0,351.0,596.0,619.0,922.0,870.0,0.0,0.0,0.0,0.0,0.0,0.0,0.0,0.0,0.0,0.0,0.0
"Beaumont Financial Advisors, LLC",0.0,0.0,0.0,0.0,0.0,0.0,0.0,0.0,0.0,0.0,0.0,3012764.0,5651945.0,8741974.0,9216555.0,10537832.0,18828379.0,24481034.0,22860798.0,26872309.0
"Beaumont Financial Partners, LLC",503.0,740.0,1149.0,982.0,1000.0,2784.0,2942.0,3929.0,9741.0,6208.0,4943.0,0.0,0.0,0.0,0.0,0.0,0.0,0.0,0.0,0.0
"Beck Bode, LLC",5946.0,8388.0,12120.0,0.0,13074.0,19648.0,20010.0,28039.0,26219.0,14081.0,11183.0,344918.0,0.0,9018692.0,9416713.0,11562649.0,20691380.0,45182626.0,22572962.0,24734454.0
"Bedel Financial Consulting, Inc.",70.0,97.0,158.0,152.0,245.0,366.0,400.0,0.0,526.0,312.0,306.0,316065.0,575216.0,837089.0,888656.0,2240352.0,2160411.0,3034283.0,2906593.0,2883470.0
"Bedell Frazier Investment Counseling, LLC",0.0,0.0,0.0,0.0,3783.0,2611.0,0.0,0.0,0.0,0.0,375.0,435059.0,0.0,0.0,0.0,0.0,0.0,0.0,0.0,0.0
"Bedell Frazier Investment Counselling, LLC",0.0,0.0,0.0,0.0,0.0,0.0,0.0,0.0,0.0,0.0,0.0,0.0,0.0,0.0,263169.0,2655370.0,4120260.0,5570799.0,5598880.0,6185276.0
"Beech Hill Advisors, Inc.",0.0,0.0,0.0,0.0,0.0,0.0,0.0,0.0,0.0,0.0,0.0,0.0,0.0,0.0,0.0,0.0,0.0,240903.0,1303658.0,1492902.0
"Beirne Wealth Consulting Services, LLC",0.0,0.0,436.0,427.0,0.0,0.0,0.0,0.0,0.0,0.0,0.0,0.0,0.0,0.0,0.0,755328.0,214149.0,304825.0,301451.0,340046.0
"Bell & Brown Wealth Advisors, LLC",0.0,0.0,0.0,0.0,0.0,0.0,0.0,0.0,0.0,0.0,0.0,0.0,0.0,232584.0,0.0,283708.0,495062.0,1079763.0,1083874.0,0.0
Bell Asset Management Ltd,0.0,0.0,0.0,0.0,0.0,0.0,0.0,0.0,0.0,0.0,0.0,0.0,0.0,0.0,0.0,0.0,0.0,0.0,12953276.0,24784697.0
Bell Bank,2076.0,2970.0,4237.0,3705.0,3773.0,5616.0,5880.0,7837.0,7332.0,4263.0,3368.0,3985384.0,7570066.0,10315343.0,10645945.0,11850119.0,20576772.0,26878968.0,25258913.0,27601429.0
"Bell Investment Advisors, Inc",0.0,0.0,0.0,0.0,0.0,0.0,195.0,299.0,0.0,151.0,83.0,184721.0,336658.0,510586.0,523293.0,590303.0,1091501.0,1531896.0,1534759.0,1660096.0
Bellecapital International Ltd.,0.0,0.0,221.0,227.0,218.0,0.0,406.0,664.0,2034.0,565.0,649.0,874209.0,1710785.0,2586767.0,2656919.0,2954978.0,3471478.0,4629044.0,3829610.0,4638242.0
"Bellwether Advisors, LLC",0.0,0.0,0.0,0.0,0.0,0.0,8.0,0.0,12.0,0.0,15.0,0.0,4225159.0,0.0,0.0,3865692.0,2843514.0,3469517.0,2678757.0,13199841.0
"Belmont Capital, LLC",95.0,137.0,195.0,188.0,0.0,0.0,0.0,0.0,0.0,0.0,0.0,0.0,0.0,3423501.0,3659169.0,5123634.0,9702601.0,89913961.0,128240948.0,171866125.0
Belpointe Asset Management LLC,3653.0,5584.0,10659.0,6595.0,11623.0,11865.0,12163.0,17102.0,17357.0,12088.0,10082.0,10188765.0,21258400.0,16079307.0,0.0,0.0,0.0,0.0,0.0,0.0
Belvedere Trading LLC,0.0,0.0,0.0,0.0,0.0,0.0,0.0,0.0,0.0,0.0,0.0,260568.0,0.0,0.0,1704044181.0,3148749898.0,8018022474.0,20834703502.0,17622832392.0,10703667441.0
"Benchmark Financial Wealth Advisors, LLC",358.0,787.0,1176.0,1126.0,992.0,1475.0,1487.0,2115.0,2028.0,1117.0,955.0,1081461.0,2041640.0,2752328.0,2880930.0,3190820.0,5957268.0,8223042.0,8354858.0,8681418.0
Benchmark Investment Advisors LLC,0.0,0.0,0.0,0.0,0.0,0.0,0.0,6719.0,6438.0,4388.0,4251.0,5051403.0,7944289.0,11735195.0,11929972.0,16311346.0,23997473.0,31793169.0,29449591.0,32123608.0
"Benchmark Wealth Management, LLC",0.0,0.0,0.0,0.0,0.0,0.0,0.0,0.0,0.0,0.0,0.0,0.0,0.0,0.0,0.0,0.0,271068.0,370620.0,364320.0,402870.0
Benchstone Capital Management LP,0.0,0.0,0.0,0.0,0.0,0.0,0.0,0.0,0.0,0.0,0.0,0.0,0.0,0.0,0.0,0.0,0.0,0.0,0.0,33175807.0
"Benedetti & Gucer, Inc.",0.0,0.0,0.0,0.0,1257.0,1992.0,2321.0,3647.0,3510.0,1387.0,3008.0,1251.0,2964.0,4527.0,4809483.0,5766628.0,10374.0,0.0,0.0,0.0
Benin Management CORP,0.0,0.0,0.0,0.0,0.0,280.0,290.0,412.0,471.0,277.0,319.0,281320.0,527763.0,634530.0,695984.0,609616.0,1221613.0,1888185.0,3018998.0,3855466.0
Bennett Associates Wealth Management,0.0,0.0,0.0,0.0,0.0,0.0,0.0,0.0,0.0,0.0,0.0,0.0,0.0,0.0,0.0,0.0,0.0,0.0,0.0,328071.0
"Bensler, LLC",0.0,0.0,0.0,0.0,0.0,0.0,0.0,7993091.0,7775992.0,4553321.0,3607040.0,4439239.0,8672763.0,12570580.0,12836088.0,14602164.0,26808903.0,35795534.0,35406407.0,38232655.0
"Benson Investment Management Company, Inc.",0.0,0.0,0.0,0.0,0.0,0.0,0.0,0.0,0.0,0.0,0.0,0.0,0.0,0.0,0.0,0.0,7642310.0,7568060.0,7443665.0,8204448.0
Berbice Capital Management LLC,0.0,0.0,0.0,0.0,0.0,0.0,0.0,0.0,0.0,0.0,0.0,0.0,0.0,0.0,0.0,0.0,0.0,0.0,0.0,20751834.0
"BerganKDV Wealth Management, LLC",105.0,147.0,213.0,201.0,118.0,177.0,178.0,269.0,284.0,146.0,142.0,131256.0,298649.0,323188.0,0.0,0.0,0.0,0.0,0.0,0.0
"Berger Financial Group, Inc",0.0,0.0,0.0,445.0,465.0,551.0,578.0,3198.0,3200.0,1782.0,1483.0,1620049.0,3207636.0,4788931.0,4825804.0,5980858.0,11023698.0,15458547.0,16026867.0,17967115.0
"Berkeley Capital Partners, LLC",0.0,0.0,242.0,0.0,0.0,355.0,410.0,595.0,586.0,329.0,243.0,309817.0,693037.0,1144693.0,1251902.0,1497051.0,2799229.0,3956253.0,4101159.0,4606307.0
Berkshire Bank,0.0,0.0,3190.0,2969.0,3145.0,4904.0,4905.0,7080.0,6615.0,3736.0,3049.0,3347921.0,5780393.0,6841925.0,7109041.0,7513477.0,11980302.0,14771677.0,13003795.0,14188812.0
"Berkshire Money Management, Inc.",0.0,0.0,0.0,0.0,0.0,0.0,0.0,0.0,0.0,0.0,0.0,0.0,0.0,0.0,0.0,0.0,865864.0,1650513.0,1713051.0,2618643.0
"Berman Capital Advisors, LLC",64.0,107.0,74.0,260.0,301.0,472.0,440.0,0.0,0.0,0.0,0.0,0.0,0.0,0.0,0.0,0.0,0.0,0.0,0.0,0.0
Bernard Wealth Management Corp.,0.0,0.0,0.0,0.0,0.0,0.0,0.0,0.0,0.0,0.0,0.0,0.0,0.0,0.0,0.0,0.0,0.0,0.0,0.0,50082589.0
Bernardo Wealth Planning LLC,469.0,664.0,997.0,975.0,0.0,269.0,314.0,457.0,1044.0,425.0,369.0,355019.0,518975.0,201511.0,0.0,0.0,417819.0,987860.0,1310.0,1175024.0
"Berry Wealth Group, LP",0.0,0.0,0.0,0.0,0.0,0.0,0.0,0.0,0.0,0.0,0.0,0.0,0.0,0.0,0.0,437280.0,940623.0,1342942.0,1331408.0,1450620.0
"Beta Wealth Group, Inc.",0.0,0.0,0.0,0.0,0.0,0.0,0.0,0.0,0.0,0.0,0.0,0.0,0.0,214727.0,208629.0,232074.0,450539.0,616757.0,1780477.0,1876231.0
"Better Money Decisions, LLC",0.0,0.0,0.0,0.0,40.0,76.0,99.0,0.0,0.0,35.0,0.0,0.0,0.0,0.0,0.0,343683.0,656888.0,1119643.0,1153073.0,1459867.0
"BetterWealth, LLC",0.0,0.0,0.0,0.0,0.0,0.0,0.0,0.0,0.0,0.0,0.0,0.0,0.0,0.0,772677.0,886107.0,1512854.0,2146675.0,2128401.0,2437032.0
Betterment LLC,0.0,0.0,0.0,0.0,0.0,0.0,0.0,0.0,0.0,0.0,0.0,0.0,0.0,0.0,0.0,0.0,0.0,437.0,755.0,919.0
"Beverly Hills Private Wealth, LLC",0.0,0.0,0.0,0.0,0.0,0.0,0.0,0.0,0.0,0.0,0.0,1823681.0,3424670.0,5766279.0,5430656.0,6200642.0,10462487.0,13612727.0,12730597.0,13812228.0
Bey-Douglas LLC,0.0,0.0,0.0,0.0,0.0,0.0,0.0,0.0,0.0,0.0,0.0,0.0,0.0,0.0,0.0,3908282.0,6980016.0,10048797.0,9520809.0,10464348.0
"Bickling Financial Services, Inc.",0.0,0.0,0.0,1175.0,1178.0,1774.0,1838.0,2629.0,2598.0,1468.0,1210.0,1462309.0,0.0,0.0,0.0,0.0,0.0,0.0,0.0,0.0
Biechele Royce Advisors,0.0,0.0,0.0,0.0,0.0,0.0,0.0,0.0,0.0,0.0,0.0,0.0,0.0,0.0,330.0,377.0,588.0,869.0,840.0,0.0
"Bienville Capital Management, LLC",0.0,389.0,555.0,535.0,547.0,820.0,849.0,4162.0,4182.0,1611.0,1253.0,778196.0,1479125.0,2252582.0,1235807.0,1406920.0,1751099.0,2184928.0,1728476.0,1911215.0
BigSur Wealth Management LLC,316.0,266.0,649.0,1149.0,961.0,1440.0,1492.0,2118.0,1965.0,1592.0,1214.0,1461400.0,1805505.0,2749630.0,2681713.0,3053031.0,5574965.0,7220172.0,10180060.0,10742260.0
"Bigelow Investment Advisors, LLC",354.0,386.0,522.0,427.0,440.0,659.0,613.0,816.0,778.0,432.0,411.0,525666.0,941918.0,1488607.0,1510720.0,1558457.0,2673634.0,6641510.0,3251799.0,3152726.0
"Bill Few Associates, Inc.",0.0,0.0,0.0,0.0,0.0,0.0,0.0,3175.0,2972.0,1795.0,1431.0,1746519.0,3442126.0,5192147.0,5402141.0,6276418.0,11462562.0,13274126.0,13036705.0,14233531.0
Biltmore Capital Advisors LLC,209.0,367.0,260.0,234.0,446.0,712.0,847.0,1629.0,0.0,0.0,0.0,0.0,0.0,0.0,0.0,0.0,0.0,0.0,0.0,0.0
"Biltmore Family Office, LLC",0.0,0.0,0.0,0.0,0.0,0.0,0.0,0.0,0.0,0.0,0.0,205181.0,429988.0,417521.0,1140544.0,1339075.0,2521836.0,3603785.0,3946153.0,4338641.0
"Biltmore Wealth Management, LLC",0.0,0.0,0.0,0.0,713.0,1089.0,1935.0,1184.0,1223.0,687.0,622.0,760651.0,1435989.0,1227479.0,1057200.0,1203679.0,1203679.0,2743874.0,1607551.0,1760148.0
"Biondo Investment Advisors, LLC",0.0,0.0,0.0,0.0,0.0,6757.0,7201.0,10244.0,10043.0,5669.0,4554.0,5465373.0,17080911.0,25844830.0,25984563.0,29137259.0,36111679.0,48352938.0,45522434.0,48062660.0
"Birch Capital Management, LLC",79.0,114.0,162.0,157.0,160.0,240.0,249.0,353.0,327.0,241039.0,193044.0,232193.0,441346.0,661980.0,521988.0,594264.0,905367.0,1244048.0,1095996.0,962188.0
Birch Hill Investment Advisors LLC,0.0,0.0,0.0,0.0,288.0,400.0,414.0,1156.0,1072.0,688.0,588.0,707318.0,1246632.0,1722960.0,1765772.0,2020667.0,3521484.0,4822820.0,4707808.0,5418580.0
"Birchcreek Wealth Management, LLC",0.0,0.0,0.0,385.0,447.0,637.0,670.0,912.0,887.0,737.0,590.0,734500.0,1294408.0,1628204.0,1698201.0,2048734.0,2968214.0,3130911.0,2576993.0,2551433.0
Birinyi Associates INC,0.0,0.0,0.0,0.0,0.0,0.0,0.0,0.0,0.0,0.0,0.0,0.0,0.0,0.0,0.0,7359.0,0.0,0.0,0.0,0.0
"Bison Wealth, LLC",0.0,0.0,0.0,0.0,0.0,0.0,0.0,0.0,1123.0,550.0,454.0,846200.0,1574093.0,4167616.0,4919357.0,5836182.0,10289384.0,10289384.0,12938448.0,12923121.0
"Black Diamond Financial, LLC",0.0,0.0,0.0,0.0,0.0,0.0,0.0,267.0,270.0,0.0,0.0,0.0,246660.0,375641.0,386706.0,447183.0,447183.0,1339198.0,2162749.0,2577736.0
Black Maple Capital Management LP,0.0,0.0,0.0,0.0,0.0,0.0,0.0,0.0,0.0,0.0,0.0,0.0,0.0,0.0,434990.0,247610.0,0.0,0.0,0.0,0.0
"Black Swift Group, LLC",0.0,0.0,0.0,0.0,10.0,0.0,0.0,1515.0,0.0,0.0,0.0,0.0,0.0,0.0,0.0,0.0,274682.0,390386.0,381322.0,866036.0
BlackBarn Capital Partners LP,0.0,0.0,0.0,0.0,0.0,0.0,0.0,0.0,0.0,0.0,0.0,0.0,0.0,0.0,0.0,0.0,0.0,210018000.0,0.0,0.0
BlackDiamond Wealth Management Inc.,0.0,0.0,0.0,0.0,0.0,0.0,0.0,243.0,217.0,225.0,0.0,240108.0,365873.0,664763.0,657055.0,0.0,0.0,0.0,0.0,0.0
"BlackDiamond Wealth Management, LLC",0.0,0.0,0.0,0.0,0.0,0.0,0.0,0.0,0.0,0.0,0.0,0.0,0.0,0.0,0.0,975025.0,1314060.0,2026777.0,3294732.0,3218014.0
BlackRock Inc.,11269755.0,16565183.0,23882550.0,23394117.0,23797456.0,34515566.0,36097274.0,52304441.0,49457749.0,27156743.0,21413264.0,26278331303.0,51072022226.0,77472580808.0,78377529938.0,89426449353.0,165267148998.0,227477441049.0,0.0,0.0
"BlackRock, Inc.",0.0,0.0,0.0,0.0,0.0,0.0,0.0,0.0,0.0,0.0,0.0,0.0,0.0,0.0,0.0,0.0,0.0,0.0,225219008210.0,254278326986.0
Blackhawk Capital Partners LLC.,0.0,0.0,0.0,0.0,0.0,0.0,278.0,288.0,273.0,224.0,0.0,0.0,203610.0,310081.0,344955.0,345673.0,1608354.0,3133246.0,3123218.0,4002946.0
"Blackston Financial Advisory Group, LLC",0.0,0.0,0.0,0.0,0.0,0.0,0.0,0.0,0.0,0.0,0.0,0.0,0.0,0.0,232304.0,1057876.0,853000.0,2163191.0,2702653.0,3163700.0
"Blake Schutter Theil Wealth Advisors, LLC",0.0,0.0,0.0,0.0,0.0,0.0,0.0,0.0,0.0,0.0,0.0,0.0,0.0,0.0,0.0,0.0,0.0,0.0,2304324.0,285501.0
"Blankinship & Foster, LLC",0.0,0.0,0.0,0.0,0.0,0.0,0.0,0.0,0.0,0.0,0.0,0.0,0.0,0.0,0.0,0.0,0.0,628829.0,182001709.0,566704.0
"Bleakley Financial Group, LLC",0.0,0.0,0.0,0.0,0.0,0.0,0.0,0.0,0.0,0.0,0.0,7286694.0,14298765.0,21998200.0,21721958.0,24881238.0,45360307.0,60644038.0,66285351.0,74901329.0
Blossom Wealth Management,0.0,0.0,0.0,0.0,0.0,0.0,0.0,286.0,532.0,0.0,0.0,0.0,246938.0,333763.0,2150591.0,3285318.0,5557850.0,7627926.0,7511985.0,8362954.0
"Blue Barn Wealth, LLC",0.0,0.0,0.0,0.0,0.0,0.0,0.0,0.0,0.0,0.0,0.0,0.0,0.0,0.0,0.0,217402.0,460816.0,716542.0,785483.0,1249300.0
"Blue Capital, Inc.",0.0,0.0,0.0,0.0,0.0,0.0,0.0,0.0,0.0,0.0,0.0,0.0,0.0,0.0,0.0,0.0,0.0,0.0,0.0,2632084.0
"Blue Chip Partners, Inc.",0.0,0.0,0.0,0.0,0.0,0.0,143.0,252.0,217.0,317.0,205.0,0.0,0.0,0.0,0.0,0.0,0.0,0.0,0.0,0.0
"Blue Chip Partners, LLC",0.0,0.0,0.0,0.0,0.0,0.0,0.0,0.0,0.0,0.0,0.0,147221.0,484895.0,719469.0,730761.0,882485.0,1393352.0,1988054.0,2033196.0,2053565.0
"Blue Chip Wealth Management, Inc.",704.0,1193.0,1749.0,0.0,0.0,0.0,0.0,0.0,0.0,0.0,0.0,0.0,0.0,0.0,0.0,0.0,0.0,0.0,0.0,0.0
"Blue Fin Capital, Inc.",4065.0,6297.0,9239.0,9681.0,10692.0,16548.0,17238.0,24226.0,22733.0,12526.0,9939.0,11765045.0,22041128.0,33250371.0,33942001.0,38791771.0,67452930.0,88482712.0,85597133.0,93403393.0
"Blue Grotto Capital, LLC",0.0,0.0,0.0,0.0,0.0,0.0,0.0,0.0,0.0,0.0,0.0,0.0,0.0,0.0,0.0,0.0,0.0,0.0,0.0,8245406.0
Blue Investment Partners LLC,0.0,0.0,0.0,0.0,0.0,0.0,0.0,0.0,0.0,0.0,0.0,0.0,271104.0,472090.0,347557.0,395681.0,2529064.0,9013478.0,10572566.0,11908936.0
Blue Rock Wealth Management LLC,0.0,0.0,0.0,0.0,0.0,0.0,0.0,0.0,0.0,0.0,0.0,0.0,0.0,0.0,0.0,0.0,0.0,0.0,0.0,1888923.0
"Blue Sky Capital Consultants Group, Inc.",0.0,0.0,0.0,0.0,0.0,0.0,0.0,0.0,0.0,0.0,0.0,0.0,0.0,0.0,0.0,0.0,0.0,0.0,0.0,10219934.0
"Blue Square Asset Management, LLC",0.0,13.0,0.0,0.0,0.0,0.0,0.0,0.0,2189.0,0.0,0.0,0.0,0.0,0.0,0.0,0.0,0.0,0.0,0.0,0.0
"Blue Trust, Inc.",0.0,0.0,0.0,0.0,0.0,0.0,0.0,0.0,0.0,0.0,0.0,0.0,0.0,0.0,0.0,945.0,3300784.0,4007336.0,6451541.0,20093009.0
"Blue Water Life Science Advisors, LLC",0.0,0.0,0.0,474.0,484.0,726.0,752.0,0.0,0.0,0.0,0.0,0.0,0.0,0.0,0.0,0.0,0.0,0.0,0.0,0.0
Blue Whale Capital LLP,0.0,0.0,0.0,0.0,0.0,6861.0,81932.0,138974.0,134172.0,70644.0,41457.0,48350934.0,75698714.0,102486324.0,97165021.0,107895067.0,139394912.0,151064712.0,143590049.0,146862096.0
"Blue Zone Wealth Advisors, LLC",0.0,0.0,0.0,0.0,0.0,0.0,0.0,0.0,0.0,0.0,0.0,0.0,0.0,0.0,269259.0,306541.0,581893.0,840072.0,2654800.0,3008230.0
BlueChip Wealth Advisors LLC,0.0,0.0,0.0,0.0,0.0,0.0,0.0,0.0,0.0,0.0,0.0,0.0,0.0,0.0,0.0,412554.0,355163.0,2107190.0,2056190.0,1458393.0
"BluePath Capital Management, LLC",0.0,0.0,0.0,0.0,0.0,0.0,0.0,0.0,0.0,0.0,0.0,0.0,0.0,0.0,764422.0,1655823.0,3104280.0,3013321.0,2900650.0,3485855.0
"BluePointe Capital Management, LLC",0.0,0.0,0.0,0.0,0.0,0.0,0.0,0.0,0.0,0.0,0.0,0.0,0.0,0.0,0.0,1323279.0,1997865.0,2723692.0,3134497.0,3510489.0
"BlueSky Wealth Advisors, LLC",0.0,0.0,0.0,0.0,0.0,992.0,1069.0,12141.0,1416.0,787.0,668.0,810346.0,1540235.0,2328302.0,2303707.0,2670226.0,0.0,6560793.0,6449269.0,7155865.0
"BlueSpruce Investments, LP",0.0,0.0,0.0,0.0,0.0,0.0,0.0,0.0,0.0,0.0,0.0,0.0,0.0,0.0,0.0,0.0,0.0,436096.0,612543.0,694682.0
"BlueStem Wealth Partners, LLC",0.0,0.0,0.0,0.0,0.0,0.0,0.0,0.0,0.0,0.0,0.0,0.0,0.0,0.0,0.0,0.0,0.0,0.0,0.0,1508974.0
"Bluefin Trading, LLC",659.0,666.0,0.0,0.0,0.0,0.0,0.0,0.0,0.0,0.0,0.0,0.0,0.0,0.0,0.0,0.0,0.0,0.0,0.0,0.0
Blueprint Investment Partners LLC,0.0,0.0,828.0,416.0,233.0,523.0,1169.0,2122706.0,1835.0,0.0,305.0,1172100.0,9157630.0,11035065.0,9763573.0,12536747.0,20389750.0,22271255.0,22576263.0,28023369.0
"Blueshift Asset Management, LLC",0.0,950.0,1056.0,633.0,0.0,11381.0,1473.0,503.0,207.0,204.0,1513.0,0.0,0.0,598996.0,0.0,1367798.0,684898.0,0.0,1566697.0,348080.0
"Bluesphere Advisors, LLC",0.0,0.0,0.0,0.0,0.0,348.0,352.0,500.0,1128.0,255.0,204.0,245515.0,452765.0,822774.0,824306.0,1743670.0,2639299.0,3732520.0,4932165.0,5519993.0
"Blume Capital Management, Inc.",0.0,0.0,0.0,0.0,0.0,0.0,83.0,118.0,110.0,61.0,49.0,58748.0,194440.0,266504.0,274044.0,311990.0,262936.0,368150.0,389580.0,400185.0
Board of the Pension Protection Fund,0.0,0.0,0.0,0.0,0.0,0.0,0.0,0.0,0.0,0.0,0.0,0.0,0.0,0.0,0.0,0.0,0.0,0.0,0.0,322296.0
"Bogart Wealth, LLC",0.0,16.0,22.0,30.0,33.0,50.0,78.0,101.0,121.0,77.0,187.0,117375.0,209739.0,315223.0,4183384.0,5233094.0,10065857.0,14400183.0,14616630.0,16268486.0
Boit C F David,0.0,0.0,0.0,0.0,0.0,0.0,249.0,353.0,327.0,0.0,146.0,175368.0,335172.0,507624.0,537384.0,570828.0,498246.0,741240.0,713100.0,805740.0
"Bolthouse Investments, LLC",0.0,0.0,0.0,0.0,0.0,0.0,0.0,0.0,0.0,0.0,0.0,0.0,0.0,0.0,0.0,0.0,0.0,0.0,0.0,1518820.0
Boltwood Capital Management,0.0,0.0,0.0,0.0,584.0,924.0,979.0,1446.0,1527.0,857.0,721.0,861934.0,1724952.0,2612149.0,2331546.0,2539488.0,4159087.0,5593274.0,5586240.0,6372061.0
"Bond & Devick Financial Network, Inc.",0.0,0.0,0.0,0.0,0.0,0.0,0.0,0.0,0.0,0.0,0.0,0.0,0.0,0.0,0.0,220373.0,438227.0,599169.0,594692.0,594692.0
"Boomfish Wealth Group, LLC",0.0,0.0,0.0,0.0,0.0,0.0,0.0,0.0,0.0,0.0,0.0,0.0,0.0,0.0,0.0,2865843.0,3144398.0,3618377.0,3705755.0,3928678.0
Bordeaux Wealth Advisors LLC,0.0,0.0,0.0,0.0,0.0,0.0,0.0,432.0,532.0,355.0,250.0,291779.0,581532.0,5148819.0,4995241.0,26173014.0,52226354.0,96802094.0,98584001.0,256164109.0
Border to Coast Pensions Partnership Ltd,0.0,0.0,0.0,0.0,0.0,57207414.0,51027132.0,65567786.0,60709012.0,32432339.0,36168.0,43543.0,96063.0,127157.0,129628.0,148980.0,255729.0,288077.0,287211.0,309337.0
"Boston Common Asset Management, LLC",0.0,0.0,0.0,985.0,1018.0,1646.0,1715.0,2582.0,2140.0,1304.0,1063.0,1307.0,0.0,0.0,0.0,6372.0,15535.0,25763.0,26643.0,44297705.0
"Boston Standard Wealth Management, LLC",0.0,0.0,0.0,0.0,0.0,0.0,0.0,0.0,0.0,0.0,0.0,0.0,0.0,0.0,0.0,0.0,261000.0,391000.0,15649000.0,15988000.0
BostonPremier Wealth LLC,0.0,0.0,0.0,0.0,0.0,0.0,0.0,0.0,0.0,0.0,0.0,0.0,0.0,0.0,0.0,0.0,0.0,0.0,0.0,2018206.0
Botty Investors LLC,0.0,0.0,0.0,0.0,0.0,0.0,954.0,0.0,0.0,0.0,0.0,0.0,0.0,0.0,0.0,0.0,0.0,0.0,0.0,0.0
Bouchey Financial Group Ltd,0.0,0.0,0.0,0.0,0.0,0.0,0.0,424.0,399.0,0.0,0.0,219795.0,417000.0,754840.0,836688.0,1005054.0,1874460.0,2366000.0,2238157.0,2423571.0
"Boulder Wealth Advisors, LLC",0.0,0.0,0.0,0.0,0.0,0.0,0.0,0.0,0.0,0.0,0.0,50.0,0.0,0.0,0.0,0.0,541233.0,786952.0,680674.0,816222.0
Boussard & Gavaudan Investment Management LLP,0.0,0.0,0.0,0.0,0.0,0.0,0.0,0.0,0.0,0.0,0.0,0.0,0.0,0.0,0.0,0.0,0.0,98468.0,17586687.0,54240079.0
"Bouvel Investment Partners, LLC",0.0,0.0,0.0,0.0,0.0,0.0,0.0,0.0,0.0,2418.0,2000.0,2388658.0,4530151.0,6982368.0,5608326.0,6557703.0,9377146.0,10458896.0,19512612.0,10300580.0
"Bowie Capital Management, LLC",0.0,0.0,0.0,0.0,3738.0,7201.0,7846.0,0.0,6276.0,0.0,12139.0,0.0,0.0,0.0,0.0,0.0,0.0,0.0,6206799.0,10628918.0
Bowling Portfolio Management LLC,0.0,0.0,1801.0,1622.0,2075.0,496.0,500.0,710.0,4142.0,2266.0,1809.0,0.0,0.0,0.0,0.0,0.0,0.0,0.0,0.0,0.0
Bowman & Co S.C.,0.0,0.0,0.0,0.0,0.0,0.0,0.0,0.0,0.0,0.0,0.0,0.0,0.0,0.0,0.0,0.0,284027.0,253330.0,0.0,0.0
"Boxwood Ventures, Inc.",0.0,0.0,0.0,0.0,0.0,0.0,0.0,0.0,0.0,0.0,0.0,0.0,0.0,0.0,0.0,0.0,0.0,0.0,1463838.0,5893720.0
"Boyce & Associates Wealth Consulting, Inc.",0.0,0.0,0.0,0.0,0.0,0.0,0.0,0.0,0.0,0.0,0.0,0.0,0.0,0.0,0.0,0.0,0.0,3207928.0,3171857.0,3507919.0
"Boyd Wealth Management, LLC",0.0,0.0,0.0,0.0,0.0,0.0,0.0,0.0,0.0,0.0,0.0,0.0,0.0,0.0,0.0,0.0,0.0,0.0,206459.0,420474.0
"Bradley & Co. Private Wealth Management, LLC",0.0,0.0,0.0,0.0,0.0,0.0,0.0,0.0,0.0,0.0,0.0,0.0,0.0,0.0,71338.0,83692.0,7063129.0,9437221.0,0.0,9949414.0
"Brady Martz Wealth Solutions, LLC",0.0,0.0,0.0,0.0,0.0,0.0,0.0,0.0,0.0,0.0,0.0,0.0,0.0,0.0,0.0,0.0,0.0,0.0,0.0,4575695.0
"Bradyco, Inc.",0.0,0.0,0.0,0.0,0.0,0.0,0.0,0.0,0.0,0.0,0.0,0.0,0.0,0.0,0.0,0.0,0.0,0.0,0.0,1013890.0
"Bragg Financial Advisors, Inc",0.0,0.0,357.0,344.0,363.0,552.0,584.0,584.0,1220.0,663.0,466.0,599905.0,1140246.0,2848617.0,2909214.0,3255577.0,11856516.0,8628950.0,10914470.0,15132927.0
Brainard Capital Management LLC,0.0,0.0,0.0,0.0,0.0,0.0,0.0,0.0,0.0,0.0,0.0,490517.0,828226.0,0.0,0.0,0.0,0.0,0.0,0.0,0.0
"Bramshill Investments, LLC",0.0,0.0,0.0,0.0,0.0,0.0,0.0,0.0,0.0,18.0,0.0,0.0,173328.0,217432.0,0.0,247610.0,451780.0,494160.0,728640.0,805740.0
"Brand Asset Management Group, Inc.",0.0,0.0,0.0,0.0,0.0,281.0,291.0,409.0,381.0,0.0,0.0,0.0,0.0,0.0,315803.0,495716.0,844829.0,1329291.0,1048878.0,1262985.0
Brandywine Oak Private Wealth LLC,434.0,732.0,1064.0,985.0,1000.0,1547.0,2066.0,2815.0,2528.0,1397.0,1078.0,0.0,0.0,0.0,0.0,0.0,0.0,0.0,0.0,0.0
Braun-Bostich & Associates Inc.,0.0,0.0,0.0,0.0,0.0,0.0,0.0,6522.0,0.0,0.0,0.0,0.0,0.0,236045.0,685544.0,945870.0,1321005.0,1234659.0,1130971.0,1219756.0
"Bravias Capital Group, LLC",0.0,0.0,0.0,0.0,0.0,0.0,0.0,0.0,0.0,0.0,0.0,0.0,0.0,0.0,0.0,0.0,0.0,0.0,0.0,2688963.0
Bray Capital Advisors,2441.0,3497.0,4691.0,4372.0,4471.0,6437.0,6174.0,7892.0,7020.0,3916.0,3250.0,3995615.0,7560347.0,11013331.0,10801679.0,12094768.0,20488243.0,27400583.0,26303325.0,24084945.0
Breakwater Capital Group,0.0,0.0,0.0,0.0,0.0,0.0,0.0,0.0,0.0,0.0,0.0,228271.0,517763.0,1326211.0,1383321.0,2032668.0,3080674.0,4034519.0,4089807.0,4423707.0
Breakwater Investment Management,0.0,0.0,0.0,0.0,0.0,0.0,0.0,0.0,0.0,0.0,0.0,0.0,0.0,0.0,0.0,0.0,459009.0,623877.0,1246865.0,775625.0
Breed's Hill Capital LLC,0.0,0.0,0.0,0.0,0.0,0.0,0.0,0.0,0.0,0.0,0.0,0.0,0.0,0.0,0.0,0.0,0.0,0.0,0.0,11151773.0
Bremer Bank National Association,2879.0,3898.0,4014.0,3859.0,4101.0,6522.0,6857.0,10662.0,11461.0,6455.0,4731.0,5223.0,9595009.0,12204550.0,13826592.0,13882007.0,19447322.0,23113346.0,17214120.0,16256745.0
Brendel Financial Advisors LLC,0.0,0.0,0.0,0.0,0.0,44.0,354.0,534.0,378.0,0.0,0.0,0.0,0.0,232.0,238.0,270.0,464.0,625.0,609.0,661.0
Brewin Dolphin Wealth Management Ltd,0.0,49768.0,0.0,0.0,0.0,0.0,0.0,0.0,0.0,0.0,0.0,0.0,0.0,0.0,0.0,0.0,0.0,0.0,0.0,0.0
"Briaud Financial Planning, Inc",0.0,0.0,0.0,0.0,0.0,0.0,0.0,0.0,0.0,0.0,0.0,0.0,0.0,0.0,0.0,0.0,0.0,9.0,0.0,1103.0
"Brick & Kyle, Associates",5214.0,3703.0,10142.0,5021.0,5783.0,8348.0,8741.0,23750.0,10806.0,5859.0,4774.0,4150.0,7885.0,12263.0,12598.0,12603.0,19214.0,26421.0,25377.0,22781.0
Brickley Wealth Management,0.0,0.0,0.0,0.0,0.0,0.0,0.0,0.0,0.0,0.0,0.0,0.0,0.0,216163.0,216625.0,251077.0,458105.0,616465.0,567853.0,607259.0
"Bridge Advisory, LLC",0.0,0.0,0.0,250.0,214.0,517.0,312.0,458.0,410.0,268.0,216.0,244206.0,496390.0,746661.0,770458.0,802356.0,1206450.0,1833237.0,1738925.0,0.0
Bridge Creek Capital Management LLC,0.0,0.0,0.0,220.0,225.0,345.0,357.0,528.0,354.0,247.0,0.0,380695.0,987473.0,1503837.0,1541605.0,1680777.0,3007048.0,3790208.0,3415865.0,3694721.0
"BridgePort Financial Solutions, LLC",0.0,0.0,0.0,0.0,0.0,0.0,0.0,0.0,0.0,0.0,0.0,0.0,0.0,0.0,0.0,0.0,0.0,0.0,0.0,2233386.0
"Bridgecreek Investment Management, LLC",11033.0,15641.0,21879.0,21045.0,21082.0,28820.0,29360.0,40547.0,36196.0,18401.0,14226.0,15285513.0,28456148.0,41728808.0,41306650.0,46159456.0,0.0,0.0,0.0,0.0
"Bridgefront Capital, LLC",0.0,0.0,0.0,0.0,0.0,0.0,0.0,0.0,345.0,0.0,519.0,0.0,411933.0,492395.0,583322.0,504134.0,813204.0,970654.0,633795.0,0.0
Bridgewater Advisors Inc.,0.0,0.0,0.0,0.0,0.0,1195.0,1307.0,2542.0,2579.0,1506.0,1792.0,1592818.0,0.0,0.0,0.0,0.0,0.0,13254169.0,17314977.0,16176689.0
"Bridgewater Associates, LP",0.0,0.0,3589.0,9455.0,0.0,16881.0,0.0,0.0,16355.0,15520.0,21883.0,0.0,0.0,0.0,20926499.0,132961123.0,636647472.0,809952083.0,577358670.0,469660743.0
"Bridgewealth Advisory Group, LLC",0.0,0.0,0.0,0.0,0.0,0.0,0.0,0.0,0.0,0.0,0.0,233824.0,444432.0,499164.0,565487.0,632891.0,1011084.0,1613432.0,2171676.0,3891986.0
"Bridgeworth, LLC",0.0,0.0,0.0,0.0,0.0,0.0,0.0,0.0,0.0,0.0,0.0,0.0,202713.0,331557.0,326149.0,315349.0,0.0,0.0,0.0,0.0
"Bright Futures Wealth Management, LLC.",0.0,0.0,0.0,0.0,0.0,0.0,0.0,0.0,0.0,0.0,0.0,0.0,0.0,0.0,0.0,0.0,1928702.0,1682151.0,4173719.0,1699187.0
Brightwater Advisory LLC,0.0,0.0,0.0,0.0,0.0,0.0,0.0,0.0,0.0,0.0,0.0,0.0,0.0,0.0,0.0,331509.0,636510.0,861632.0,826794.0,822301.0
Brightworth,0.0,0.0,0.0,460.0,1375.0,2912.0,3208.0,4765.0,4620.0,3460.0,3141.0,0.0,0.0,0.0,0.0,0.0,0.0,0.0,0.0,0.0
"Brinker Capital Investments, LLC",0.0,0.0,3984.0,9194.0,3771.0,8669.0,8672.0,14809.0,13399.0,6624.0,4770.0,6440430.0,0.0,0.0,0.0,0.0,0.0,0.0,0.0,0.0
"Brio Consultants, LLC",0.0,0.0,0.0,0.0,0.0,0.0,211.0,285.0,1281.0,712.0,0.0,0.0,311518.0,605981.0,651409.0,1547600.0,1444382.0,2057388.0,2221820.0,2649792.0
"Bristlecone Advisors, LLC",1879.0,2920.0,2381.0,2157.0,2183.0,3488.0,4085.0,3801.0,6127.0,5380.0,4680.0,5709932.0,11135164.0,16945213.0,17520432.0,18940091.0,33136101.0,43763252.0,41453251.0,41583325.0
British Airways Pensions Investment Management Ltd,0.0,12085.0,17216.0,15619.0,22768.0,22768.0,0.0,0.0,0.0,0.0,0.0,0.0,0.0,0.0,0.0,0.0,0.0,0.0,0.0,0.0
Broad Peak Investment Advisers Pte Ltd,0.0,0.0,0.0,0.0,0.0,0.0,0.0,0.0,0.0,0.0,0.0,0.0,0.0,0.0,0.0,0.0,0.0,73629840.0,100021384.0,90461504.0
"Broadleaf Partners, LLC",0.0,0.0,0.0,0.0,0.0,0.0,0.0,0.0,0.0,0.0,0.0,0.0,0.0,7132963.0,11319310.0,15317155.0,24142220.0,32826802.0,27005099.0,29438652.0
"Broadway Wealth Solutions, Inc.",0.0,0.0,0.0,0.0,0.0,0.0,0.0,0.0,0.0,0.0,0.0,0.0,0.0,0.0,0.0,0.0,0.0,0.0,0.0,1745539.0
Broderick Brian C,207.0,266.0,317.0,347.0,332.0,434.0,406.0,526.0,567.0,353.0,314.0,314786.0,615538.0,774127.0,804731.0,976574.0,3428107.0,4892184.0,4486844.0,5330239.0
Bronson Point Management LLC,1318.0,0.0,0.0,0.0,0.0,0.0,0.0,0.0,0.0,0.0,0.0,0.0,0.0,0.0,0.0,0.0,0.0,0.0,0.0,0.0
Brooklands Fund Management Ltd,0.0,0.0,0.0,0.0,0.0,0.0,0.0,0.0,0.0,0.0,0.0,0.0,0.0,0.0,0.0,0.0,0.0,0.0,0.0,184427.0
"Brooklyn FI, LLC",0.0,0.0,0.0,0.0,0.0,0.0,0.0,0.0,0.0,0.0,0.0,0.0,0.0,212356.0,270170.0,236266.0,441926.0,641351.0,466505.0,35493987.0
Brookmont Capital Management,0.0,0.0,0.0,0.0,0.0,249.0,255.0,374.0,346.0,0.0,0.0,0.0,250271.0,381141.0,381923.0,434808.0,742737.0,1044550.0,1011735.0,1115978.0
Brookstone Capital Management,607.0,2444.0,6928.0,2480.0,2367.0,10313.0,12949.0,19748.0,14592.0,9804.0,5063.0,6563495.0,15420922.0,25025956.0,32508873.0,40642739.0,76632704.0,103537477.0,112755798.0,120086570.0
Brown Financial Advisors,0.0,0.0,0.0,0.0,0.0,0.0,0.0,0.0,0.0,0.0,0.0,0.0,0.0,0.0,0.0,0.0,0.0,3696687.0,4228784.0,5088651.0
"Brown Miller Wealth Management, LLC",0.0,0.0,0.0,6187.0,6439.0,9019.0,9128.0,8502.0,7945.0,4482.0,3628.0,4361884.0,8406678.0,12604071.0,12860174.0,14660666.0,26342235.0,34817302.0,34360878.0,37788516.0
Brown Shipley& Co Ltd,0.0,0.0,0.0,0.0,0.0,0.0,0.0,0.0,0.0,0.0,0.0,0.0,9606778.0,17724483.0,12627422.0,15488666.0,50113303.0,30801140.0,23971655.0,23446363.0
Broyhill Asset Management,0.0,0.0,0.0,0.0,0.0,0.0,0.0,0.0,0.0,0.0,0.0,0.0,0.0,0.0,0.0,0.0,0.0,0.0,0.0,1027319.0
"Bruce G. Allen Investments, LLC",0.0,0.0,0.0,0.0,0.0,0.0,0.0,0.0,0.0,0.0,0.0,0.0,0.0,0.0,0.0,1486.0,1807.0,2471.0,20523.0,22158.0
"Brucke Financial, Inc.",0.0,0.0,0.0,0.0,0.0,0.0,0.0,0.0,0.0,0.0,0.0,0.0,0.0,0.0,0.0,0.0,0.0,0.0,0.0,3380520.0
"Bruderman Asset Management, LLC",0.0,0.0,0.0,0.0,0.0,247.0,256.0,247.0,309.0,0.0,0.0,0.0,0.0,0.0,0.0,0.0,0.0,0.0,0.0,0.0
"Brueske Advisory Services, LLC",0.0,0.0,0.0,0.0,0.0,0.0,0.0,0.0,0.0,0.0,0.0,0.0,0.0,0.0,0.0,0.0,0.0,0.0,0.0,570867.0
"Bryant Woods Investment Advisors, LLC",0.0,0.0,0.0,0.0,0.0,0.0,0.0,0.0,0.0,0.0,0.0,0.0,0.0,0.0,763520.0,886644.0,1777739.0,763520.0,1738414.0,1845828.0
"Bryce Point Capital, LLC",0.0,0.0,0.0,0.0,0.0,0.0,0.0,0.0,0.0,0.0,0.0,0.0,0.0,0.0,0.0,0.0,0.0,0.0,0.0,526014.0
"Bryn Mawr Capital Management, LLC",0.0,0.0,0.0,0.0,0.0,0.0,0.0,0.0,0.0,0.0,0.0,0.0,521652.0,691638.0,1530834.0,3156140.0,5742244.0,8192484.0,8106577.0,33274572.0
"Buck Wealth Strategies, LLC",0.0,0.0,0.0,0.0,0.0,0.0,0.0,0.0,0.0,0.0,0.0,0.0,56943.0,87565.0,90043.0,0.0,0.0,0.0,0.0,439717.0
"Buckingham Asset Management, LLC",935.0,1089.0,0.0,0.0,0.0,0.0,0.0,0.0,0.0,0.0,0.0,0.0,0.0,0.0,0.0,0.0,0.0,0.0,0.0,0.0
"Buckingham Capital Management, Inc.",486.0,701.0,620.0,588.0,568.0,852.0,903.0,1306.0,1203.0,613.0,475.0,572423.0,1111347.0,1694179.0,1739514.0,2098732.0,5797294.0,18901705.0,26205499.0,29510073.0
"Buckley Wealth Management, LLC",0.0,0.0,0.0,0.0,0.0,0.0,0.0,1686.0,1333.0,751.0,769.0,1031895.0,1705508.0,1698425.0,1360214.0,1503488.0,2656466.0,2590016.0,2137223.0,2376933.0
"Budros, Ruhlin & Roe, Inc.",378.0,561.0,1134.0,506.0,864.0,1380.0,1445.0,1784.0,0.0,0.0,0.0,0.0,0.0,0.0,0.0,0.0,0.0,0.0,0.0,0.0
"Budros, Ruhlin & Roe, LLC",378.0,561.0,1134.0,0.0,0.0,1380.0,1445.0,0.0,0.0,0.0,0.0,0.0,0.0,0.0,0.0,0.0,0.0,0.0,0.0,0.0
Buffington Mohr McNeal,0.0,0.0,0.0,0.0,0.0,0.0,0.0,401.0,386.0,0.0,0.0,0.0,259715.0,402292.0,378876.0,431337.0,751899.0,1110040.0,1118252.0,1042535.0
"Bull Oak Capital, LLC",0.0,0.0,0.0,0.0,0.0,0.0,0.0,0.0,0.0,0.0,0.0,0.0,0.0,0.0,36539.0,41601.0,75907.0,103792.0,236827.0,261910.0
"Bullseye Investment Management, LLC",0.0,0.0,0.0,0.0,0.0,0.0,0.0,2870.0,3324.0,1853.0,0.0,0.0,0.0,303081.0,0.0,247610.0,457201.0,389884.0,681869.0,498729.0
"Bulltick Wealth Management, LLC",0.0,0.0,0.0,0.0,0.0,253682.0,303282.0,3805489.0,4671636.0,4147087.0,5011950.0,2988271.0,2401044.0,1126502.0,1158378.0,3387305.0,2887165.0,3918442.0,11447030.0,13077160.0
"Burford Brothers, Inc.",0.0,0.0,0.0,0.0,0.0,0.0,0.0,0.0,0.0,0.0,0.0,0.0,0.0,0.0,0.0,380829.0,607200.0,1162894.0,1144583.0,1414358.0
"Burleson & Company, LLC",12988.0,22641.0,30756.0,30469.0,35538.0,45578.0,41930.0,48529.0,35277.0,21873.0,18393.0,12405305.0,0.0,0.0,0.0,0.0,0.0,0.0,0.0,0.0
"Burns Matteson Capital Management, LLC",0.0,0.0,0.0,0.0,0.0,218427.0,689221.0,1143500.0,713802.0,0.0,0.0,0.0,287214.0,467860.0,450652.0,617049.0,1324629.0,1985103.0,2479745.0,2956085.0
Burt Wealth Advisors,0.0,10.0,15.0,15.0,0.0,0.0,0.0,0.0,0.0,0.0,0.0,0.0,0.0,0.0,0.0,0.0,0.0,0.0,0.0,200898.0
Busey Bank,0.0,0.0,0.0,0.0,0.0,0.0,0.0,0.0,0.0,0.0,0.0,0.0,0.0,0.0,0.0,22804860.0,61791817.0,93135307.0,96537154.0,109390372.0
Busey Trust CO,0.0,0.0,0.0,0.0,0.0,0.0,0.0,0.0,0.0,0.0,0.0,0.0,0.0,0.0,20691772.0,0.0,0.0,0.0,0.0,0.0
Busey Wealth Management,1214.0,1520.0,1947.0,1559.0,1463.0,1981.0,2618.0,3357.0,2991.0,12196.0,5492.0,6779401.0,13449423.0,20293747.0,0.0,0.0,0.0,0.0,0.0,0.0
"Buska Wealth Management, LLC",0.0,0.0,0.0,0.0,0.0,0.0,0.0,0.0,0.0,0.0,0.0,0.0,0.0,0.0,0.0,0.0,250663.0,250663.0,283503.0,0.0
Buttonwood Financial Advisors Inc.,0.0,0.0,0.0,0.0,0.0,0.0,0.0,0.0,0.0,0.0,0.0,0.0,0.0,0.0,0.0,0.0,264743.0,358266.0,368777.0,295535.0
Byrne Asset Management LLC,0.0,0.0,0.0,0.0,0.0,0.0,0.0,1146.0,1267.0,820.0,683.0,302071.0,576.0,950.0,958000.0,1116824.0,2150473.0,3323924.0,6638396.0,3790335.0
C M BIDWELL & ASSOCIATES LTD,704.0,506.0,372.0,331.0,347.0,549.0,477.0,541.0,489.0,269.0,71.0,87538.0,166384.0,691638.0,701204.0,799285.0,1414975.0,1933401.0,1885963.0,2070752.0
"C2C Wealth Management, LLC",0.0,0.0,0.0,0.0,0.0,0.0,0.0,2018.0,1394.0,1185.0,789.0,789810.0,1074464.0,1373079.0,1221995.0,855741.0,0.0,545429.0,1494612.0,417373.0
"C2P Capital Advisory Group, LLC d.b.a. Prosperity Capital Advisors",0.0,0.0,0.0,0.0,0.0,0.0,0.0,0.0,0.0,0.0,0.0,0.0,283603.0,484359.0,747751.0,885955.0,1803538.0,4127450.0,4343522.0,5162702.0
CAAS CAPITAL MANAGEMENT LP,0.0,21427.0,10121.0,57129.0,28022.0,7001.0,5386.0,9676.0,7367.0,6990.0,14470.0,0.0,5612469.0,0.0,0.0,0.0,0.0,0.0,0.0,0.0
CABOT WEALTH MANAGEMENT INC,0.0,0.0,0.0,0.0,0.0,1403.0,1622.0,3675.0,4838.0,1077.0,885.0,1023.0,1826.0,2770.0,2741.0,3080268.0,5603879.0,7621553.0,5499896.0,5946630.0
CADENCE BANK NA,1124.0,1662.0,2328.0,2825.0,2769.0,4129.0,4030.0,5552.0,6352.0,3527.0,452.0,0.0,0.0,0.0,0.0,0.0,0.0,0.0,0.0,0.0
CADINHA & CO LLC,0.0,0.0,655.0,713.0,726.0,928.0,775.0,0.0,0.0,0.0,0.0,0.0,21664686.0,9395305.0,9696397.0,11565877.0,19596437.0,16079763.0,15848692.0,22224921.0
"CAHABA WEALTH MANAGEMENT, INC.",0.0,0.0,0.0,0.0,0.0,0.0,0.0,0.0,0.0,0.0,0.0,782588.0,1380234.0,1767843.0,1606493.0,2030048.0,2739246.0,3349573.0,3332237.0,3404306.0
CAHILL FINANCIAL ADVISORS INC,0.0,0.0,264.0,0.0,0.0,0.0,148.0,210.0,0.0,0.0,0.0,0.0,269289.0,636443.0,688423.0,697102.0,1686668.0,2323482.0,2309730.0,1748191.0
CAISSE DE DEPOT ET PLACEMENT DU QUEBEC,13615.0,15443.0,3506.0,48736.0,60671.0,240009.0,278613.0,602093.0,501153.0,266499.0,233774.0,206594168.0,441158500.0,670501097.0,733882935.0,1020461702.0,1672525703.0,1869371176.0,2072608744.0,1780054934.0
CAISSE DES DEPOTS ET CONSIGNATIONS,0.0,0.0,0.0,0.0,0.0,0.0,0.0,0.0,0.0,0.0,0.0,0.0,0.0,0.0,0.0,0.0,0.0,0.0,0.0,68173930.0
CALAMOS ADVISORS LLC,82503.0,111570.0,145247.0,136698.0,153730.0,266338.0,268143.0,432331.0,366049.0,186992.0,151576.0,0.0,0.0,0.0,0.0,0.0,0.0,0.0,0.0,0.0
CALAMOS WEALTH MANAGEMENT LLC,10399.0,8912.0,11768.0,11769.0,12696.0,18056.0,15948.0,26207.0,24879.0,10036.0,8190.0,0.0,0.0,0.0,0.0,0.0,0.0,0.0,0.0,0.0
"CALDWELL SUTTER CAPITAL, INC.",0.0,0.0,0.0,0.0,0.0,0.0,0.0,0.0,0.0,0.0,0.0,131964.0,316658.0,214260.0,218147.0,288466.0,463075.0,0.0,0.0,0.0
"CALIBER WEALTH MANAGEMENT, LLC",0.0,0.0,0.0,0.0,905.0,1357.0,1647.0,2399.0,2691.0,1590.0,1181.0,0.0,223336.0,0.0,0.0,0.0,303604.0,0.0,0.0,0.0
CALIFORNIA PUBLIC EMPLOYEES RETIREMENT SYSTEM,346536.0,502056.0,732296.0,734358.0,659602.0,976967.0,1103559.0,1519954.0,1314976.0,697803.0,659870.0,814843466.0,1246427877.0,1831146556.0,2467098854.0,0.0,0.0,0.0,0.0,0.0
CALIFORNIA STATE TEACHERS RETIREMENT SYSTEM,279849.0,435322.0,624354.0,611192.0,619056.0,886703.0,910065.0,1304908.0,1145344.0,637990.0,506230.0,615315894.0,1144046299.0,1712053312.0,1694251686.0,1955393998.0,3595452277.0,1166110367.0,1075348650.0,1080752894.0
"CALTON & ASSOCIATES, INC.",0.0,0.0,0.0,0.0,0.0,0.0,0.0,0.0,0.0,0.0,0.0,538574.0,342161.0,482905.0,927094.0,1272993.0,1350288.0,2273399.0,8589566.0,1601169.0
CAMBRIDGE TRUST CO,0.0,280.0,296.0,314.0,0.0,249.0,504.0,17048.0,31934.0,17573.0,1388.0,358.0,542207.0,689946.0,802557.0,12895529.0,64459071.0,0.0,0.0,0.0
CAMDEN NATIONAL BANK,0.0,0.0,0.0,0.0,0.0,0.0,0.0,0.0,0.0,0.0,0.0,0.0,0.0,0.0,0.0,0.0,0.0,18546937.0,17203312.0,17757838.0
CAMPBELL CAPITAL MANAGEMENT INC,0.0,0.0,0.0,0.0,0.0,0.0,0.0,1176.0,0.0,0.0,0.0,0.0,0.0,0.0,0.0,0.0,0.0,0.0,0.0,1343.0
CAMPBELL NEWMAN ASSET MANAGEMENT INC,0.0,0.0,0.0,0.0,518.0,622.0,643.0,904.0,839.0,461.0,369.0,439005.0,834421.0,1259331.0,1293225.0,1481203.0,2687187.0,3664196.0,3401170.0,3673503.0
CANADA LIFE ASSURANCE Co,0.0,0.0,0.0,0.0,0.0,0.0,0.0,0.0,0.0,0.0,0.0,0.0,0.0,0.0,0.0,0.0,1864810.0,2665101.0,2699363.0,3037894.0
CANADA PENSION PLAN INVESTMENT BOARD,749430.0,922577.0,1111345.0,1102346.0,2354456.0,3607978.0,1565046.0,1817943.0,1502779.0,894049.0,737850.0,795921405.0,1433785409.0,1507312901.0,1562115643.0,1905325770.0,3474883038.0,4635765982.0,3991559141.0,4037764844.0
CANANDAIGUA NATIONAL BANK & TRUST CO,0.0,0.0,0.0,0.0,0.0,0.0,0.0,0.0,0.0,0.0,0.0,0.0,1567.0,1768224.0,1805643.0,2195310.0,6464972.0,8309918.0,8254763.0,9369279.0
CANANDAIGUA NATIONAL CORP,0.0,0.0,0.0,0.0,2717.0,2804.0,2911.0,3931.0,3695.0,1748.0,1332.0,1430.0,0.0,0.0,0.0,0.0,0.0,0.0,0.0,0.0
CANTOR FITZGERALD INVESTMENT ADVISORS L.P.,0.0,0.0,0.0,0.0,0.0,0.0,0.0,0.0,0.0,0.0,0.0,0.0,0.0,0.0,0.0,0.0,0.0,0.0,2836596.0,3099145.0
"CANTOR FITZGERALD, L. P.",0.0,0.0,0.0,0.0,0.0,0.0,0.0,0.0,0.0,0.0,0.0,0.0,10926083.0,31066166.0,36886717.0,0.0,0.0,0.0,0.0,0.0
"CAP Partners, LLC",0.0,0.0,0.0,0.0,0.0,0.0,0.0,0.0,0.0,0.0,0.0,0.0,0.0,0.0,0.0,2364854.0,3625418.0,4923428.0,4657576.0,4757529.0
CAPE ANN SAVINGS BANK,0.0,0.0,0.0,0.0,0.0,0.0,0.0,0.0,0.0,0.0,0.0,0.0,0.0,0.0,0.0,0.0,612614.0,1690027.0,2625290.0,2821836.0
CAPE COD FIVE CENTS SAVINGS BANK,0.0,1674.0,2156.0,2147.0,2892.0,4762.0,4719.0,6197.0,5985.0,3908.0,7241.0,4190564.0,8137272.0,8220970.0,16327784.0,8280573.0,13812721.0,30840856.0,32842780.0,15814645.0
"CAPITAL & PLANNING, LLC",0.0,0.0,0.0,0.0,0.0,0.0,0.0,0.0,0.0,0.0,0.0,0.0,0.0,0.0,0.0,0.0,0.0,0.0,0.0,2462259.0
CAPITAL ADVISORS INC/OK,9990.0,17418.0,19330.0,19411.0,20588.0,31676.0,32877.0,32962.0,30030.0,19724.0,11343.0,15240359.0,30241701.0,47391217.0,46411483.0,52868402.0,99101796.0,139002433.0,137026877.0,153002961.0
CAPITAL CITY TRUST CO/FL,0.0,0.0,0.0,0.0,0.0,0.0,0.0,0.0,0.0,0.0,0.0,0.0,415821.0,573193.0,1539435.0,3075821.0,9339201.0,12656179.0,12549245.0,12703028.0
CAPITAL COUNSEL LLC/NY,0.0,0.0,0.0,0.0,0.0,0.0,0.0,0.0,0.0,0.0,0.0,0.0,0.0,0.0,0.0,0.0,252093.0,344677.0,374642.0,414285.0
CAPITAL FUND MANAGEMENT S.A.,71330.0,46879374.0,53310170.0,103685421.0,28458469.0,10081260.0,120173516.0,185406944.0,138558308.0,172695724.0,228248524.0,206533085.0,403766472.0,385413945.0,513064615.0,569106824.0,608095880.0,562650576.0,625817844.0,471035604.0
"CAPITAL INSIGHT PARTNERS, LLC",0.0,0.0,0.0,0.0,0.0,226.0,219.0,294.0,817.0,419.0,308.0,451865.0,849421.0,1399774.0,1586409.0,1702567.0,2820915.0,6265702.0,6457937.0,7550993.0
CAPITAL MANAGEMENT ASSOCIATES /NY/,0.0,0.0,0.0,0.0,0.0,0.0,1036.0,1471.0,819.0,0.0,0.0,0.0,0.0,951795.0,979.0,1114245.0,1807120.0,2470800.0,3360245.0,3533976.0
CAPITAL PERFORMANCE ADVISORS LLP,0.0,0.0,0.0,0.0,0.0,0.0,0.0,0.0,0.0,0.0,0.0,0.0,238328.0,200088.0,396276.0,295153.0,861998.0,1377721.0,2034840.0,3585537.0
"CAPITAL WEALTH MANAGEMENT, LLC",0.0,0.0,0.0,0.0,0.0,0.0,0.0,0.0,0.0,0.0,0.0,0.0,858309.0,1307132.0,1165773.0,1430195.0,1391482.0,1932783.0,1896893.0,2068066.0
"CAPROCK Group, Inc.",2659.0,4074.0,5935.0,4939.0,4912.0,7976.0,8532.0,11385.0,11661.0,6194.0,5356.0,6688597.0,0.0,0.0,0.0,0.0,0.0,0.0,0.0,0.0
CAPSTONE CAPITAL LLC,0.0,0.0,0.0,0.0,0.0,0.0,0.0,0.0,0.0,0.0,0.0,0.0,0.0,0.0,0.0,0.0,0.0,368149.0,460865.0,575970.0
"CAPSTONE INVESTMENT ADVISORS, LLC",22142.0,285312.0,623774.0,653394.0,871070.0,1803987.0,848064.0,1348451.0,455281.0,143901.0,26001.0,45017112.0,151801305.0,363496010.0,411203007.0,874265348.0,1100869494.0,1995090946.0,1799443272.0,2921857916.0
"CAPSTONE WEALTH MANAGEMENT GROUP, LLC",0.0,0.0,0.0,0.0,0.0,0.0,0.0,202.0,288.0,0.0,336.0,250679.0,234844.0,0.0,0.0,0.0,0.0,256373.0,488825.0,749394.0
CAPTRUST FINANCIAL ADVISORS,3699.0,6313.0,9354.0,10296.0,13794.0,20046.0,28832.0,44439.0,45740.0,61817.0,24974.0,31904993.0,69636949.0,175438048.0,192606585.0,247959815.0,348481630.0,496113824.0,535559123.0,648003374.0
CARDEROCK CAPITAL MANAGEMENT INC,0.0,0.0,0.0,0.0,0.0,0.0,0.0,0.0,0.0,0.0,0.0,0.0,0.0,0.0,0.0,0.0,0.0,3839129.0,6496676.0,7401393.0
"CARDIFF PARK ADVISORS, LLC",0.0,0.0,0.0,0.0,0.0,0.0,0.0,1509.0,1440.0,702.0,525.0,629790.0,1213792.0,1934802.0,2649584.0,3002411.0,6265222.0,8679123.0,7835188.0,8616791.0
"CARILLON TOWER ADVISERS, INC.",6906320.0,9270.0,14234.0,13212.0,0.0,0.0,0.0,0.0,0.0,0.0,0.0,0.0,0.0,0.0,0.0,0.0,0.0,0.0,0.0,0.0
"CARL STUART INVESTMENT ADVISOR, INC",0.0,0.0,0.0,0.0,0.0,0.0,0.0,0.0,756.0,0.0,0.0,0.0,0.0,0.0,0.0,0.0,0.0,0.0,0.0,0.0
CAROLINAS WEALTH CONSULTING LLC,211.0,305.0,474.0,721.0,754.0,984.0,932.0,1233.0,1253.0,678.0,539.0,698226.0,1424994.0,1714991.0,1395965.0,1761489.0,3022150.0,4003000.0,4392423.0,4535065.0
"CARRET ASSET MANAGEMENT, LLC",358.0,593.0,971.0,833.0,852.0,1279.0,1239.0,1641.0,1250.0,697.0,1116.0,716.0,1344000.0,1973388.0,1974855.0,2281974.0,4452744.0,6628786.0,7606759.0,9698155.0
CARY STREET PARTNER INVESTMENT ADVISORY LLC,0.0,231.0,0.0,381.0,414.0,0.0,0.0,0.0,0.0,0.0,0.0,0.0,0.0,0.0,0.0,0.0,0.0,0.0,0.0,0.0
CARY STREET PARTNERS ASSET MANAGEMENT LLC,0.0,0.0,0.0,2626.0,2578.0,2808.0,2908.0,4128.0,3864.0,2160.0,1738.0,0.0,0.0,0.0,0.0,0.0,0.0,0.0,0.0,0.0
CARY STREET PARTNERS INVESTMENT ADVISORY LLC,0.0,0.0,3080.0,0.0,0.0,666.0,797.0,1243.0,1237.0,8611.0,4575.0,0.0,0.0,0.0,0.0,1243.0,0.0,0.0,0.0,0.0
"CASCADE INVESTMENT GROUP, INC.",0.0,0.0,0.0,0.0,0.0,0.0,0.0,0.0,0.0,0.0,0.0,0.0,0.0,0.0,0.0,247115.0,411120.0,617083.0,956098.0,734835.0
CASTLE WEALTH MANAGEMENT LLC,0.0,0.0,0.0,0.0,0.0,0.0,0.0,0.0,0.0,257.0,224.0,0.0,340005.0,519912.0,548551.0,648280.0,1190061.0,1558566.0,1564741.0,1738012.0
CASTLEARK MANAGEMENT LLC,17732.0,58661.0,59332.0,55772.0,52337.0,73427.0,61891.0,84671.0,74588.0,41599.0,15726.0,18932145.0,60722744.0,92703987.0,86492542.0,95261014.0,159901206.0,182703677.0,157920333.0,144232563.0
CASTLEKEEP INVESTMENT ADVISORS LLC,0.0,0.0,0.0,0.0,0.0,0.0,0.0,0.0,0.0,0.0,0.0,0.0,0.0,0.0,0.0,0.0,0.0,0.0,0.0,233657939.0
CATALYST FINANCIAL PARTNERS LLC,0.0,0.0,0.0,0.0,0.0,0.0,0.0,0.0,0.0,0.0,0.0,803332.0,2063553.0,3127387.0,3596932.0,4308414.0,8111899.0,13143050.0,13539853.0,15679864.0
"CATALYST PRIVATE WEALTH, LLC",0.0,0.0,924.0,892.0,914.0,586.0,1214.0,863.0,691.0,302.0,240.0,285145.0,576422.0,619376.0,359378.0,591380.0,1182919.0,1445265.0,1491740.0,1405447.0
"CATHY PARETO & ASSOCIATES, INC",0.0,0.0,0.0,0.0,0.0,0.0,0.0,0.0,0.0,0.0,0.0,0.0,0.0,0.0,0.0,0.0,0.0,0.0,0.0,426212.0
CAUSEWAY CAPITAL MANAGEMENT LLC,0.0,0.0,0.0,0.0,0.0,0.0,0.0,0.0,0.0,0.0,0.0,0.0,0.0,0.0,0.0,0.0,301789.0,391622.0,514056.0,515674.0
CAXTON ASSOCIATES LP,15082.0,14855.0,6285.0,0.0,0.0,1145.0,1282.0,1573.0,0.0,0.0,12236.0,0.0,0.0,45567291.0,11582914.0,14888789.0,33158845.0,10495588.0,23715046.0,52731923.0
"CBIZ Investment Advisory Services, LLC",10.0,0.0,0.0,0.0,0.0,0.0,0.0,0.0,209.0,0.0,0.0,0.0,0.0,0.0,0.0,0.0,110242.0,259449.0,316508.0,373484.0
"CCG WEALTH MANAGEMENT, LLC",0.0,0.0,0.0,0.0,0.0,0.0,0.0,234.0,254.0,0.0,0.0,0.0,0.0,202333.0,211971.0,227459.0,530672.0,1157222.0,1256926.0,1327765.0
CCLA Investment Management,0.0,0.0,0.0,0.0,0.0,0.0,0.0,0.0,0.0,0.0,0.0,30237801.0,57710258.0,72354.0,72890.0,65587.0,105034.0,110400.0,110400.0,122342.0
CCLA Investment Management Ltd,0.0,0.0,0.0,0.0,0.0,32906.0,34274.0,0.0,0.0,0.0,0.0,0.0,0.0,0.0,0.0,0.0,0.0,0.0,0.0,0.0
CCM INVESTMENT ADVISERS LLC,0.0,0.0,0.0,0.0,0.0,0.0,0.0,0.0,0.0,9323.0,8034.0,8577468.0,16917168.0,20010754.0,17609922.0,20363694.0,31867216.0,41336498.0,34159022.0,35985575.0
"CEERA INVESTMENTS, LLC",0.0,0.0,0.0,0.0,0.0,0.0,0.0,0.0,0.0,0.0,0.0,0.0,0.0,0.0,0.0,0.0,276497.0,378044.0,468769.0,518371.0
"CENTAURUS FINANCIAL, INC.",633.0,1973.0,3504.0,3085.0,3549.0,6156.0,8043.0,10349.0,8839.0,4364.0,3044.0,3439.0,5794.0,5517.0,7005.0,7802.0,16125.0,28941.0,33203.0,0.0
CENTRAL BANK & TRUST CO,15080.0,14028.0,19381.0,18810.0,18079.0,26160.0,25751.0,34677.0,27736.0,15217.0,12215.0,14275989.0,26891752.0,38943425.0,38698722.0,42089224.0,66646606.0,84937942.0,77910925.0,83896200.0
CENTRAL TRUST Co,2145.0,4390.0,7271.0,7111.0,7654.0,11289.0,11666.0,16759.0,17143.0,10357.0,28388.0,9240286.0,17181742.0,24587195.0,25492159.0,27754611.0,48513955.0,65210729.0,59984497.0,62885864.0
"CENTRAL VALLEY ADVISORS, LLC",0.0,0.0,0.0,0.0,0.0,0.0,0.0,0.0,0.0,0.0,0.0,0.0,0.0,0.0,0.0,2135069.0,2632407.0,3497808.0,3314217.0,3835862.0
CERCANO MANAGEMENT LLC,0.0,0.0,0.0,0.0,0.0,0.0,0.0,0.0,0.0,0.0,0.0,0.0,0.0,0.0,0.0,0.0,60075897.0,0.0,0.0,0.0
CERITY PARTNERS LLC,0.0,0.0,0.0,0.0,20070.0,0.0,0.0,0.0,0.0,30104.0,0.0,0.0,0.0,0.0,0.0,0.0,0.0,0.0,0.0,0.0
"CERTIOR FINANCIAL GROUP, LLC",0.0,0.0,0.0,0.0,0.0,0.0,0.0,0.0,0.0,0.0,0.0,0.0,0.0,0.0,0.0,0.0,0.0,0.0,0.0,246014.0
"CERTUITY, LLC",0.0,0.0,0.0,0.0,0.0,0.0,0.0,0.0,0.0,0.0,0.0,0.0,3639335.0,10401108.0,5909761.0,8410142.0,17591171.0,19881319.0,28730553.0,35593538.0
CFC Planning Co LLC,0.0,0.0,0.0,0.0,0.0,0.0,0.0,0.0,0.0,0.0,0.0,0.0,0.0,0.0,0.0,0.0,0.0,0.0,0.0,816418.0
CFM WEALTH PARTNERS LLC,1848.0,3309.0,5805.0,6722.0,7202.0,10890.0,11616.0,17775.0,16068.0,8983.0,7360.0,8788828.0,16925043.0,24877768.0,25267246.0,28658381.0,52726356.0,72398742.0,123673804.0,77449778.0
"CFO4Life Group, LLC",0.0,0.0,247.0,256.0,267.0,334.0,463.0,657.0,673.0,325.0,326.0,354726.0,695661.0,1331050.0,1387022.0,3013602.0,2799884.0,3853254.0,4143270.0,4758150.0
"CFO4Life, L.P.",0.0,0.0,0.0,0.0,0.0,0.0,0.0,0.0,0.0,0.0,0.0,354726.0,0.0,0.0,0.0,0.0,0.0,0.0,0.0,0.0
"CFS Investment Advisory Services, LLC",0.0,0.0,0.0,0.0,0.0,0.0,471.0,517.0,2.0,0.0,1.0,0.0,360.0,547.0,700.0,991.0,2253.0,3474.0,5263.0,6074.0
"CGC Financial Services, LLC",0.0,0.0,0.0,0.0,0.0,0.0,0.0,0.0,0.0,0.0,0.0,0.0,0.0,20728.0,0.0,0.0,0.0,25943.0,25502.0,28201.0
CGN Advisors LLC,0.0,0.0,0.0,0.0,0.0,0.0,0.0,0.0,0.0,0.0,0.0,0.0,0.0,0.0,228922.0,2528731.0,4855112.0,7776746.0,8631986.0,10128114.0
CHANNEL WEALTH LLC,0.0,0.0,0.0,0.0,0.0,0.0,0.0,0.0,0.0,0.0,0.0,0.0,1438308.0,1471286.0,2531675.0,3617623.0,5324758.0,7739532.0,8129798.0,8486347.0
"CHAPIN DAVIS, INC.",0.0,0.0,0.0,0.0,0.0,0.0,0.0,0.0,0.0,0.0,0.0,739070.0,4855756.0,7172317.0,7098777.0,7386408.0,13761600.0,20507688.0,20462809.0,20462809.0
"CHAPMAN FINANCIAL GROUP, LLC",0.0,0.0,0.0,0.0,0.0,0.0,0.0,0.0,0.0,0.0,0.0,0.0,0.0,0.0,0.0,0.0,0.0,0.0,0.0,819841.0
CHARLES SCHWAB INVESTMENT MANAGEMENT INC,712342.0,2143018.0,1553177.0,1481136.0,1505152.0,2306112.0,2428172.0,3536987.0,3347921.0,1885713.0,1530256.0,1892440895.0,3603877411.0,5550299885.0,5740886977.0,6728353933.0,12649018413.0,17793063682.0,17738630335.0,20315408678.0
"CHARTER RESEARCH & INVESTMENT GROUP, INC.",0.0,0.0,0.0,0.0,0.0,0.0,0.0,0.0,0.0,0.0,0.0,0.0,0.0,0.0,0.0,0.0,249383.0,279200.0,403788.0,446514.0
"CHARTWELL INVESTMENT PARTNERS, LLC",2382.0,3213.0,10821.0,11686.0,7216.0,10798.0,11142.0,15753.0,14605.0,8129.0,10031.0,8670.0,12819.0,19377700.0,19360.0,21861.0,38287.0,52416.0,49681.0,0.0
CHASE INVESTMENT COUNSEL CORP,2835.0,6748.0,7740.0,7434.0,6151.0,9258.0,7171.0,10176.0,9339.0,3592.0,1748.0,4144.0,8933.0,10746.0,6610.0,8828.0,12679.0,34393.0,14201.0,14308.0
"CHATHAM CAPITAL GROUP, INC.",2351.0,3510.0,5063.0,4885.0,4618.0,7121.0,7384.0,9084.0,7799.0,4345.0,3651.0,4523910.0,8488929.0,11376700.0,11187073.0,12510248.0,20031022.0,27359663.0,26659360.0,28452709.0
CHECK CAPITAL MANAGEMENT INC/CA,0.0,0.0,0.0,0.0,0.0,0.0,0.0,0.0,0.0,0.0,0.0,0.0,0.0,0.0,0.0,0.0,0.0,0.0,0.0,214895.0
CHELSEA COUNSEL CO,0.0,0.0,0.0,0.0,0.0,324.0,454.0,446.0,355.0,204.0,0.0,36535.0,69443.0,607034.0,624211.0,611597.0,238540.0,1085917.0,839837.0,472030.0
CHEMUNG CANAL TRUST CO,0.0,0.0,0.0,0.0,0.0,0.0,0.0,0.0,0.0,0.0,0.0,0.0,0.0,0.0,0.0,0.0,0.0,0.0,0.0,2347793.0
"CHERRYDALE WEALTH MANAGEMENT, LLC",0.0,0.0,0.0,0.0,0.0,0.0,0.0,382.0,378.0,0.0,0.0,224603.0,413535.0,656852.0,688924.0,816008.0,1738241.0,2627410.0,2598050.0,2894714.0
CHICAGO EQUITY PARTNERS LLC,2341.0,0.0,0.0,0.0,0.0,0.0,0.0,0.0,0.0,0.0,0.0,0.0,0.0,0.0,0.0,0.0,0.0,0.0,0.0,0.0
CHICAGO TRUST Co NA,0.0,0.0,173.0,568.0,0.0,637.0,907.0,1815.0,2026.0,988.0,336.0,305.0,1517179.0,2491587.0,2714772.0,3648285.0,6895066.0,11285255.0,11240607.0,12083951.0
CHICKASAW CAPITAL MANAGEMENT LLC,0.0,0.0,0.0,0.0,0.0,0.0,0.0,0.0,0.0,0.0,0.0,0.0,0.0,0.0,0.0,2836.0,5441.0,7484.0,7356.0,8123.0
"CHILDRESS CAPITAL ADVISORS, LLC",0.0,0.0,0.0,429.0,827.0,1205.0,1581.0,2017.0,2150.0,1266.0,912.0,1478206.0,1348851.0,2466629.0,4553910.0,4959135.0,8834833.0,11760772.0,11596559.0,12807155.0
CHILTON CAPITAL MANAGEMENT LLC,0.0,0.0,0.0,0.0,0.0,204.0,18221.0,25943.0,25115.0,5545.0,10971.0,13715677.0,25802611.0,38982140.0,41806568.0,46949462.0,82536829.0,111928306.0,116974849.0,128890822.0
CHILTON INVESTMENT CO INC.,0.0,0.0,0.0,0.0,0.0,0.0,0.0,0.0,0.0,652.0,443.0,0.0,0.0,232238.0,273609.0,477392.0,1358051.0,3749439.0,2542832.0,1680505.0
CHILTON INVESTMENT CO LLC,0.0,0.0,0.0,0.0,0.0,0.0,0.0,0.0,2498.0,0.0,0.0,0.0,0.0,0.0,0.0,0.0,0.0,0.0,0.0,0.0
"CHIRON CAPITAL MANAGEMENT, LLC",0.0,0.0,11.0,0.0,0.0,0.0,0.0,0.0,0.0,0.0,0.0,0.0,0.0,0.0,0.0,0.0,0.0,0.0,0.0,1570656.0
"CHOREO, LLC",0.0,0.0,0.0,0.0,0.0,0.0,0.0,0.0,1132.0,667.0,503.0,1137117.0,5614282.0,7967574.0,9611326.0,19352444.0,33992828.0,109130129.0,112215854.0,124284467.0
CHURCHILL MANAGEMENT Corp,5485.0,7984.0,10827.0,10257.0,17194.0,26002.0,25810.0,25256.0,0.0,0.0,0.0,0.0,14449274.0,21750556.0,21910597.0,26500265.0,33521670.0,50372273.0,50144622.0,57521076.0
CI INVESTMENTS INC.,20964.0,72711.0,106962.0,114347.0,193168.0,281963.0,234205.0,308523.0,276512.0,163763.0,102228.0,99399.0,182154.0,374203.0,374010.0,471092.0,834230.0,956727.0,869442.0,1037277.0
"CI Private Wealth, LLC",0.0,0.0,0.0,0.0,0.0,0.0,0.0,0.0,0.0,0.0,0.0,115398643.0,204341442.0,0.0,0.0,0.0,0.0,0.0,0.0,0.0
CIBC Asset Management Inc,29241.0,40043.0,65129.0,66926.0,58236.0,90439.0,95178.0,193453.0,200869.0,122877.0,110768.0,131859053.0,230457158.0,330915009.0,278599351.0,303492110.0,563364239.0,753013856.0,774193425.0,877115698.0
CIBC Capital Markets (Europe) S.A.,0.0,0.0,0.0,0.0,0.0,0.0,0.0,0.0,0.0,0.0,0.0,0.0,0.0,0.0,0.0,0.0,0.0,0.0,0.0,6687.0
CIBC Private Wealth Group LLC,0.0,0.0,0.0,0.0,0.0,0.0,0.0,0.0,0.0,0.0,0.0,0.0,0.0,0.0,0.0,0.0,0.0,0.0,1703042912.0,1885790171.0
"CIBC Private Wealth Group, LLC",0.0,0.0,684.0,0.0,0.0,0.0,0.0,0.0,0.0,0.0,0.0,0.0,0.0,0.0,0.0,0.0,1184323504.0,1779302934.0,0.0,0.0
CIBC WORLD MARKET INC.,0.0,0.0,0.0,0.0,0.0,0.0,0.0,0.0,178830.0,97202.0,74707.0,94475.0,177108.0,234950.0,239120.0,267064.0,896404.0,558796.0,756335.0,836139.0
CIBC WORLD MARKETS CORP,50160.0,58915.0,58801.0,127624.0,70867.0,82273.0,49517.0,589223.0,85783.0,102979.0,23803.0,63798002.0,62968237.0,266448877.0,279539799.0,469558194.0,813763304.0,966002870.0,681094297.0,1342531777.0
CIBC World Markets Inc.,17373.0,32651.0,48932.0,92215.0,93429.0,44727.0,119497.0,185065.0,0.0,0.0,0.0,0.0,0.0,0.0,0.0,0.0,0.0,0.0,0.0,0.0
"CIC Wealth, LLC",0.0,0.0,0.0,0.0,0.0,0.0,0.0,0.0,0.0,0.0,0.0,2059114.0,3903225.0,5316940.0,5463481.0,6441834.0,11586375.0,15982308.0,15902246.0,0.0
CIM INVESTMENT MANAGEMENT INC,0.0,0.0,0.0,0.0,0.0,2336.0,1379.0,5241.0,4171.0,2306.0,1847.0,2171494.0,4307379.0,6573308.0,6623158.0,7540220.0,10823745.0,14337188.0,13542017.0,14756591.0
CIM INVESTMENT MANGEMENT INC,992.0,1430.0,1091.0,1039.0,1560.0,0.0,0.0,0.0,0.0,0.0,0.0,0.0,0.0,0.0,0.0,0.0,0.0,0.0,0.0,0.0
"CIM, LLC",581.0,832.0,1052.0,987.0,944.0,1181.0,1654.0,952.0,7287.0,5316.0,615.0,993550.0,15922888.0,23073289.0,22430262.0,38029676.0,28723277.0,29540653.0,33329462.0,0.0
CITY HOLDING CO,468.0,427.0,609.0,627.0,641.0,1392.0,1442.0,1637.0,2112.0,1339.0,1436.0,1689361.0,2884519.0,4439462.0,4893469.0,7020058.0,8461668.0,10534117.0,10828157.0,12063143.0
CITY NATIONAL BANK OF FLORIDA /MSD,0.0,0.0,0.0,0.0,0.0,0.0,0.0,0.0,0.0,0.0,0.0,0.0,0.0,0.0,0.0,0.0,0.0,0.0,0.0,1739726.0
CITY OF LONDON INVESTMENT MANAGEMENT CO LTD,0.0,0.0,0.0,0.0,0.0,0.0,0.0,0.0,0.0,0.0,0.0,0.0,0.0,0.0,0.0,0.0,0.0,0.0,0.0,48540463.0
"CJM Wealth Advisers, Ltd.",0.0,0.0,0.0,0.0,0.0,0.0,0.0,383519.0,355809.0,0.0,230762.0,277812.0,528041.0,683600.0,556787.0,633882.0,807783.0,955618.0,721183.0,551975.0
CKW FINANCIAL GROUP,0.0,210.0,300.0,288.0,326.0,494.0,507.0,720.0,614.0,305.0,255.0,306.0,582.0,5147.0,5293.0,4995.0,6702.0,8653.0,7344.0,8433.0
CLARET ASSET MANAGEMENT Corp,511.0,489.0,749.0,667.0,731.0,974.0,1044.0,1482.0,1532.0,836.0,668.0,808.0,1535.0,1514.0,0.0,0.0,0.0,0.0,0.0,0.0
"CLARIS ADVISORS, LLC / MO /",0.0,0.0,0.0,0.0,0.0,0.0,0.0,0.0,0.0,0.0,0.0,0.0,0.0,0.0,0.0,0.0,281238.0,443101.0,450019.0,835276.0
CLARK FINANCIAL SERVICES GROUP INC                      /BD,0.0,0.0,0.0,0.0,0.0,107.0,112.0,144.0,37.0,0.0,0.0,0.0,0.0,0.0,0.0,0.0,291.0,606.0,699910.0,822.0
"CLAUDIA M.P. BATLLE, CRP (R) LLC",0.0,0.0,0.0,0.0,0.0,0.0,0.0,436.0,0.0,0.0,0.0,0.0,0.0,0.0,0.0,0.0,0.0,0.0,0.0,0.0
"CLEAR INVESTMENT RESEARCH, LLC",41.0,59.0,84.0,126.0,129.0,193.0,185.0,272.0,231.0,129.0,106.0,137.0,265035.0,415049.0,435064.0,522053.0,908249.0,1042477.0,1005448.0,936824.0
CLEAR STREET LLC,0.0,0.0,0.0,0.0,0.0,0.0,0.0,94116.0,0.0,74287.0,192243.0,548142.0,101386.0,131897.0,95698.0,86168.0,0.0,636231.0,346104.0,972260.0
CLEAR STREET MARKETS LLC,0.0,2888.0,7253.0,6998.0,1044.0,1870.0,0.0,715.0,2659.0,29166.0,15734.0,51252.0,0.0,2090.0,491.0,534.0,0.0,0.0,0.0,0.0
"CLIENT 1ST ADVISORY GROUP, LLC",0.0,0.0,0.0,0.0,0.0,0.0,0.0,0.0,0.0,0.0,0.0,0.0,0.0,0.0,238810.0,276333.0,723752.0,1017970.0,1007952.0,1081437.0
CLIFFORD SWAN INVESTMENT COUNSEL LLC,0.0,0.0,0.0,0.0,744.0,1221.0,1566.0,1717.0,1586.0,1008.0,809.0,1071498.0,1998555.0,2874421.0,2797668.0,3086988.0,5459823.0,7601130.0,7875103.0,8608082.0
"CLIFTONLARSONALLEN WEALTH ADVISORS, LLC",0.0,0.0,0.0,0.0,0.0,900.0,948.0,0.0,0.0,0.0,0.0,0.0,0.0,0.0,0.0,0.0,0.0,7739426.0,7815879.0,9462511.0
"CLOVERFIELDS CAPITAL GROUP, LP",0.0,0.0,0.0,0.0,0.0,0.0,0.0,0.0,0.0,0.0,0.0,0.0,2969085.0,2688716.0,2704769.0,2863363.0,5518043.0,5653811.0,5108984.0,5624338.0
"CLUNE & ASSOCIATES, LTD.",0.0,0.0,0.0,0.0,0.0,0.0,0.0,0.0,0.0,0.0,0.0,0.0,0.0,0.0,0.0,0.0,0.0,0.0,0.0,3955112.0
CM WEALTH ADVISORS LLC,0.0,0.0,0.0,0.0,0.0,0.0,0.0,0.0,0.0,0.0,0.0,0.0,4088.0,911625.0,0.0,0.0,2300977.0,1708558.0,1192639.0,10717282.0
CMC Financial Group,0.0,0.0,0.0,0.0,0.0,0.0,0.0,0.0,0.0,0.0,0.0,1066916.0,1059415.0,0.0,0.0,0.0,0.0,0.0,0.0,0.0
"CMG Global Holdings, LLC",0.0,0.0,0.0,0.0,0.0,266.0,0.0,0.0,0.0,0.0,252.0,207558.0,480931.0,489180.0,587760.0,1031198.0,875787.0,1268568.0,1303231.0,1598512.0
CMH Wealth Management LLC,2882.0,3528.0,0.0,0.0,0.0,0.0,0.0,0.0,0.0,0.0,0.0,0.0,0.0,0.0,0.0,0.0,0.0,0.0,5204008.0,5794077.0
CNB Bank,470.0,671.0,772.0,819.0,913.0,1417.0,1425.0,2136.0,1960.0,2310.0,1021.0,1253151.0,2142996.0,3091430.0,3134103.0,3508634.0,6614963.0,10543398.0,11196404.0,12316676.0
COATUE MANAGEMENT LLC,7213.0,103731.0,47751.0,0.0,0.0,0.0,0.0,0.0,0.0,0.0,13091.0,19537603.0,39543615.0,76828046.0,112668499.0,64553908.0,126195707.0,23213166.0,128970616.0,387598944.0
"COBALT CAPITAL MANAGEMENT, INC.",0.0,0.0,0.0,0.0,0.0,0.0,0.0,0.0,0.0,0.0,0.0,0.0,0.0,0.0,1739960.0,2971320.0,0.0,0.0,0.0,0.0
COBBLESTONE CAPITAL ADVISORS LLC /NY/,0.0,279.0,398.0,396.0,375.0,522.0,422.0,596.0,544.0,7048.0,5652.0,6448291.0,12296344.0,14790507.0,15090277.0,17495178.0,31921053.0,40096263.0,38556712.0,41908155.0
"COHEN & STEERS, INC.",111.0,147.0,115.0,202.0,230.0,390.0,323.0,456.0,551.0,310.0,206.0,248.0,471.0,709.0,709.0,807.0,1459.0,2067.0,2032.0,2408.0
COHEN LAWRENCE B,0.0,0.0,0.0,2062.0,2318.0,3740.0,3766.0,10231.0,4593.0,2526.0,6324.0,4424827.0,3618788.0,4663796.0,3559958.0,0.0,0.0,0.0,0.0,0.0
COLDSTREAM CAPITAL MANAGEMENT INC,4688.0,5798.0,7370.0,6031.0,6449.0,9499.0,7884.0,17489.0,14380.0,16067.0,0.0,6627535.0,12945146.0,24606155.0,25770022.0,28202182.0,51940717.0,68874708.0,156678406.0,87550231.0
COLLECTIVE FAMILY OFFICE LLC,0.0,0.0,0.0,746.0,855.0,1201.0,959.0,1376.0,1732.0,781.0,436.0,453326.0,1022194.0,876920.0,818216.0,728964.0,1252334.0,1925989.0,1815164.0,2004278.0
COLONY GROUP LLC,17686.0,25804.0,25631.0,24280.0,25155.0,37102.0,39743.0,56000.0,52220.0,28357.0,22877.0,33652.0,6533.0,8633.0,8493.0,0.0,0.0,0.0,0.0,0.0
"COLTON GROOME FINANCIAL ADVISORS, LLC",0.0,0.0,0.0,0.0,0.0,0.0,0.0,0.0,0.0,0.0,0.0,320950.0,610086.0,297806.0,311453.0,0.0,0.0,0.0,0.0,205061.0
COLUMBUS CIRCLE INVESTORS,7265.0,15075.0,5084.0,0.0,0.0,0.0,0.0,0.0,0.0,0.0,0.0,0.0,0.0,0.0,0.0,0.0,0.0,0.0,0.0,0.0
COMERICA BANK,36979.0,55373.0,71963.0,72719.0,78376.0,24548.0,88967.0,84124.0,79490.0,63254.0,46900.0,63977.0,0.0,0.0,178614414.0,207839418.0,367045282.0,490197744.0,478071547.0,1014582660.0
"COMERICA SECURITIES,INC.",1524.0,2469.0,2770.0,2720.0,3069.0,4435.0,4736.0,6571.0,5988.0,3326.0,2658.0,3232986.0,5775240.0,8167014.0,7619126.0,0.0,0.0,0.0,0.0,0.0
COMMERCE BANK,8484.0,23313.0,29918.0,27654.0,28794.0,42495.0,47468.0,130758.0,132705.0,73622.0,59378.0,65875965.0,130749671.0,200694223.0,196117851.0,217789336.0,385109017.0,531656984.0,516395789.0,567370280.0
COMMERZBANK AKTIENGESELLSCHAFT /FI,23852.0,507.0,7648.0,24240.0,27886.0,39118.0,48237.0,114878.0,108656.0,94507.0,50741.0,71322.0,212078.0,107472.0,143027.0,171179.0,125602.0,173919.0,212295.0,115197.0
"COMMONS CAPITAL, LLC",0.0,0.0,0.0,0.0,0.0,0.0,0.0,6678.0,6871.0,3842.0,3090.0,3720515.0,6805043.0,9263597.0,7033877.0,8014979.0,12533451.0,17385907.0,16780709.0,18138599.0
"COMMONWEALTH EQUITY SERVICES, LLC",69307.0,99934.0,142651.0,138573.0,144925.0,221119.0,245401.0,357970.0,355510.0,200802.0,165348.0,198576.0,375588.0,518205.0,520539.0,611661.0,1118552.0,1540754.0,1449121.0,1636089.0
COMMONWEALTH OF PENNSYLVANIA PUBLIC SCHOOL EMPLS RETRMT SYS,10306.0,13363.0,30940.0,40390.0,41402.0,62666.0,64813.0,92456.0,91376.0,55324.0,44460.0,61510.0,115838701.0,182457832.0,216032129.0,267863508.0,489943664.0,667492550.0,650333424.0,700431528.0
COMMUNITY TRUST & INVESTMENT CO,0.0,0.0,0.0,0.0,0.0,0.0,0.0,0.0,8771.0,7054.0,5962.0,7253610.0,13889322.0,20891214.0,24563545.0,31315263.0,55912297.0,75086130.0,77300937.0,81999889.0
COMPASS CAPITAL CORP /MA/ /ADV,0.0,0.0,0.0,0.0,0.0,0.0,0.0,0.0,0.0,0.0,0.0,0.0,0.0,0.0,0.0,0.0,0.0,0.0,0.0,4851845.0
COMPASS FINANCIAL ADVISORS LLC,0.0,0.0,0.0,0.0,0.0,0.0,0.0,2325.0,1721.0,965.0,706.0,1037886.0,2013833.0,0.0,0.0,0.0,0.0,0.0,0.0,0.0
COMPTON CAPITAL MANAGEMENT INC /RI,0.0,0.0,0.0,0.0,1065.0,1496.0,1587.0,2101.0,2013.0,2013.0,0.0,0.0,0.0,0.0,0.0,0.0,0.0,0.0,0.0,0.0
"CONCENTRIC WEALTH MANAGEMENT, LLC",0.0,0.0,0.0,0.0,0.0,0.0,0.0,0.0,0.0,0.0,0.0,0.0,0.0,0.0,0.0,220373.0,563016.0,1022436.0,750396.0,0.0
"CONCOURSE FINANCIAL GROUP SECURITIES, INC.",0.0,0.0,0.0,0.0,0.0,4544.0,4612.0,6527.0,4904.0,3997.0,2965.0,3407989.0,5090416.0,6910749.0,15603694.0,9227884.0,14391111.0,20498305.0,20729356.0,26123711.0
CONDOR CAPITAL MANAGEMENT,0.0,0.0,0.0,0.0,0.0,0.0,0.0,0.0,0.0,0.0,0.0,0.0,0.0,0.0,0.0,0.0,0.0,290937.0,299957.0,343649.0
CONFLUENCE INVESTMENT MANAGEMENT LLC,458.0,331.0,471.0,452.0,454.0,522.0,476.0,584.0,504.0,284.0,0.0,232.0,440265.0,399754.0,363652.0,241172.0,278562.0,0.0,0.0,0.0
CONGRESS ASSET MANAGEMENT CO,0.0,0.0,0.0,0.0,0.0,0.0,0.0,0.0,0.0,0.0,0.0,0.0,0.0,0.0,0.0,0.0,0.0,0.0,323697837.0,359266273.0
CONGRESS ASSET MANAGEMENT CO /MA,245.0,277.0,405.0,0.0,0.0,251.0,284.0,7394.0,8511.0,66673.0,49935.0,60878861.0,123350515.0,180566227.0,162041951.0,173213627.0,289135150.0,330430110.0,0.0,0.0
CONNABLE OFFICE INC,0.0,0.0,0.0,0.0,0.0,0.0,414.0,588.0,4414.0,1887.0,1426.0,1717.0,2665759.0,4795355.0,3967979.0,4335651.0,8741039.0,13974598.0,13622168.0,14516615.0
CONNING INC.,2398.0,3354.0,4872.0,4631.0,10344.0,13675.0,12190.0,12558.0,13294.0,8292.0,7363.0,7335352.0,10971359.0,12067915.0,11470251.0,12566703.0,19573820.0,25526082.0,26175542.0,27392877.0
CONNORS INVESTOR SERVICES INC,2784.0,4073.0,4684.0,4510.0,4568.0,4975.0,4739.0,5751.0,5983.0,3115.0,2486.0,2752547.0,4021.0,5600.0,5462.0,12857.0,18801276.0,28627307.0,29581084.0,33357636.0
CONQUIS FINANCIAL LLC,0.0,0.0,0.0,0.0,0.0,0.0,0.0,0.0,0.0,0.0,0.0,0.0,0.0,0.0,0.0,0.0,0.0,0.0,0.0,10072.0
"CONSCIOUS WEALTH INVESTMENTS, LLC",0.0,0.0,0.0,0.0,0.0,0.0,0.0,0.0,0.0,0.0,0.0,0.0,0.0,0.0,0.0,0.0,0.0,267246.0,261396.0,231766.0
"CONSILIO WEALTH ADVISORS, LLC",0.0,0.0,0.0,0.0,0.0,0.0,0.0,0.0,0.0,0.0,0.0,230912.0,433439.0,687167.0,723008.0,1086730.0,2132870.0,3020385.0,3352293.0,3786471.0
"CONSOLIDATED CAPITAL MANAGEMENT, LLC",0.0,0.0,0.0,0.0,0.0,0.0,0.0,0.0,0.0,0.0,1102.0,1292754.0,3666287.0,5374047.0,5317754.0,4508485.0,7945911.0,11649581.0,5236863.0,5632935.0
"CONTINENTAL INVESTORS SERVICES, INC.",0.0,0.0,0.0,0.0,0.0,0.0,0.0,0.0,0.0,0.0,3602.0,0.0,0.0,441715.0,226637.0,338244.0,636197.0,844761.0,803200.0,893688.0
"CONTINUUM WEALTH ADVISORS, LLC",0.0,0.0,0.0,0.0,0.0,0.0,0.0,0.0,0.0,0.0,0.0,0.0,0.0,0.0,0.0,0.0,320764.0,274259.0,459893.0,671316.0
"CONTRAVISORY INVESTMENT MANAGEMENT, INC.",84.0,99.0,127.0,184.0,228.0,342.0,342.0,440.0,414.0,0.0,0.0,0.0,27777.0,42302.0,21750.0,430841.0,692127.0,847361.0,770172.0,739401.0
"CONWAY CAPITAL MANAGEMENT, INC.",0.0,0.0,0.0,3917495.0,4059260.0,6830940.0,6878533.0,11523302.0,11088101.0,4750314.0,3713508.0,4219598.0,8138648.0,12466730.0,12879442.0,14286743.0,25014737.0,31106531.0,28608251.0,28741042.0
COOK WEALTH MANAGEMENT GROUP LLC,0.0,0.0,0.0,0.0,0.0,0.0,0.0,549.0,425.0,401.0,333.0,371196.0,696713.0,1174581.0,1031942.0,1540186.0,0.0,0.0,0.0,0.0
COOKSON PEIRCE & CO INC,2971.0,11450.0,23318.0,23108.0,27624.0,28725.0,29607.0,41705.0,40809.0,4766.0,2569.0,2597.0,4250.0,5133.0,5028.0,10866.0,8402.0,12179337.0,11775603.0,12886334.0
COOPER CREEK PARTNERS MANAGEMENT LLC,0.0,0.0,0.0,0.0,0.0,0.0,1333.0,0.0,0.0,0.0,0.0,0.0,0.0,0.0,0.0,0.0,0.0,0.0,0.0,0.0
"COOPER/HAIMS ADVISORS, LLC",0.0,0.0,0.0,0.0,225.0,722.0,1354.0,1977.0,1890.0,1056.0,231.0,281.0,533596.0,681062.0,660751.0,743328.0,4534974.0,5938703.0,1440533.0,1478147.0
CORA CAPITAL ADVISORS LLC,0.0,0.0,0.0,0.0,0.0,0.0,0.0,0.0,0.0,0.0,0.0,0.0,211661.0,320649.0,341032.0,413509.0,773447.0,1300506.0,1332804.0,1412600.0
"CORBETT ROAD CAPITAL MANAGEMENT, LLC",0.0,231.0,353.0,320.0,368.0,486.0,545.0,700.0,569.0,303.0,0.0,0.0,0.0,0.0,0.0,0.0,0.0,0.0,0.0,0.0
"CORDA Investment Management, LLC.",0.0,0.0,0.0,0.0,0.0,0.0,0.0,0.0,0.0,0.0,0.0,0.0,0.0,2437864.0,1245811.0,1091465.0,2449556.0,3967262.0,3721914.0,4258391.0
COREPATH WEALTH PARTNERS LLC,0.0,0.0,0.0,0.0,0.0,0.0,0.0,0.0,0.0,0.0,0.0,0.0,0.0,0.0,0.0,0.0,0.0,277343.0,609362.0,521375.0
CORNERCAP INVESTMENT COUNSEL INC,0.0,0.0,130.0,0.0,0.0,0.0,0.0,83.0,84.0,28.0,12.0,0.0,0.0,10152.0,10440.0,115386.0,255707.0,362908.0,0.0,0.0
"CORNERSTONE ADVISORS ASSET MANAGEMENT, INC",0.0,0.0,0.0,0.0,0.0,0.0,0.0,0.0,0.0,0.0,0.0,0.0,0.0,0.0,0.0,0.0,0.0,0.0,280284.0,0.0
"CORNERSTONE ADVISORS ASSET MANAGEMENT, LLC",0.0,0.0,0.0,0.0,0.0,0.0,0.0,0.0,0.0,0.0,0.0,0.0,0.0,0.0,0.0,0.0,0.0,0.0,0.0,1090301.0
CORNERSTONE ADVISORS INC,0.0,0.0,0.0,0.0,0.0,0.0,0.0,41999.0,0.0,0.0,0.0,0.0,0.0,0.0,0.0,0.0,0.0,0.0,0.0,0.0
"CORNERSTONE ENTERPRISES, LLC",0.0,0.0,0.0,0.0,0.0,0.0,0.0,0.0,0.0,0.0,0.0,0.0,0.0,0.0,0.0,3921649.0,5577207.0,8161180.0,9052020.0,8963191.0
"CORRADO ADVISORS, LLC",354.0,275.0,351.0,285.0,0.0,0.0,0.0,0.0,0.0,0.0,0.0,109605.0,0.0,0.0,282309.0,0.0,597254.0,290937.0,253428.0,237970.0
CORRECT CAPITAL WEALTH MANAGEMENT,0.0,0.0,0.0,0.0,0.0,0.0,0.0,0.0,0.0,0.0,0.0,0.0,0.0,0.0,0.0,210469.0,341546.0,466981.0,0.0,0.0
CORTLAND ASSOCIATES INC/MO,0.0,0.0,0.0,0.0,0.0,0.0,0.0,0.0,0.0,0.0,0.0,0.0,0.0,0.0,0.0,0.0,0.0,222000.0,225000.0,242000.0
"COTTONWOOD CAPITAL ADVISORS, LLC",0.0,0.0,0.0,0.0,0.0,0.0,0.0,0.0,0.0,0.0,0.0,0.0,0.0,0.0,0.0,411528.0,616627.0,924652.0,852873.0,312627.0
COUNTRY CLUB BANK,0.0,0.0,0.0,0.0,0.0,0.0,0.0,0.0,0.0,0.0,0.0,0.0,0.0,0.0,0.0,0.0,0.0,21925151.0,21500789.0,24493706.0
COUNTRY CLUB BANK /GFN,0.0,0.0,0.0,0.0,0.0,0.0,0.0,0.0,1334.0,2442.0,2232.0,2466697.0,4631012.0,6950761.0,7449226.0,8613361.0,15793325.0,0.0,0.0,0.0
COUNTRY TRUST BANK,37882.0,49973.0,50198.0,46495.0,49462.0,72989.0,63487.0,68051.0,68182.0,49695.0,49896.0,55107056.0,81670213.0,111626095.0,112877730.0,112621942.0,151726699.0,201369212.0,193194160.0,208058854.0
COURIER CAPITAL LLC,0.0,0.0,351.0,297.0,277.0,413.0,428.0,487.0,452.0,0.0,0.0,0.0,405544.0,2283718.0,1774596.0,1998036.0,4010587.0,5554561.0,5419823.0,4946424.0
COWBIRD CAPITAL LP,0.0,0.0,0.0,0.0,0.0,0.0,0.0,0.0,0.0,0.0,0.0,0.0,0.0,0.0,0.0,0.0,0.0,6935536.0,0.0,0.0
COZAD ASSET MANAGEMENT INC,6810.0,7836.0,9932.0,8323.0,8264.0,11730.0,10776.0,13451.0,12196.0,7591.0,6718.0,8410557.0,14991076.0,18075390.0,14452719.0,15826940.0,27019530.0,29395011.0,24737233.0,25532601.0
CPR Investments Inc.,0.0,0.0,0.0,0.0,0.0,0.0,0.0,921.0,723.0,0.0,0.0,0.0,0.0,0.0,0.0,0.0,0.0,0.0,0.0,0.0
"CPWM, LLC",0.0,0.0,0.0,664.0,743.0,1124.0,1204.0,1204.0,1816.0,633.0,362.0,0.0,0.0,0.0,0.0,0.0,0.0,0.0,0.0,0.0
"CRA Financial Services, LLC",356.0,623.0,728.0,777.0,845.0,1246.0,1320.0,1962.0,2027.0,1292.0,972.0,1096655.0,2445530.0,3778057.0,4110298.0,4733731.0,8742130.0,12609166.0,13427755.0,15555202.0
CRAWFORD INVESTMENT COUNSEL INC,441.0,545.0,808.0,769.0,771.0,1178.0,1274.0,1636.0,1854.0,1156.0,266.0,244725.0,683479.0,869701.0,927834.0,1108302.0,3033476.0,3871759.0,2761627.0,3216390.0
CREATIVE FINANCIAL DESIGNS INC /ADV,21.0,581.0,835.0,789.0,858.0,1270.0,1359.0,1701.0,1647.0,924.0,681.0,820646.0,1582601.0,1852218.0,1966865.0,2307578.0,4484132.0,6240153.0,6038994.0,6937740.0
"CRITERION CAPITAL ADVISORS, LLC",0.0,0.0,0.0,0.0,0.0,0.0,0.0,0.0,0.0,0.0,0.0,0.0,0.0,0.0,0.0,27733.0,30207.0,44389.0,44389.0,44389.0
"CROSSPOINT FINANCIAL, LLC",0.0,0.0,0.0,0.0,0.0,0.0,0.0,0.0,0.0,0.0,0.0,0.0,0.0,0.0,0.0,0.0,0.0,463280.0,455967.0,0.0
"CROWLEY WEALTH MANAGEMENT, INC.",0.0,0.0,0.0,0.0,0.0,0.0,0.0,0.0,0.0,0.0,0.0,0.0,0.0,0.0,0.0,0.0,0.0,0.0,0.0,581073.0
"CROWN ADVISORS MANAGEMENT, INC.",3031.0,4369.0,6224.0,5744.0,5873.0,8801.0,8286.0,7646.0,6275.0,3183.0,2063.0,2484.0,4722.0,7191.0,7394.0,8418.0,13553.0,16060.0,15787.0,16450.0
CRUX WEALTH ADVISORS,0.0,0.0,0.0,0.0,0.0,0.0,0.0,0.0,0.0,0.0,0.0,0.0,0.0,0.0,0.0,0.0,0.0,0.0,0.0,6853600.0
"CSM Advisors, LLC",0.0,0.0,0.0,0.0,0.0,0.0,0.0,0.0,0.0,0.0,0.0,0.0,295.0,426.0,438.0,498.0,908.0,1186.0,9767.0,22188.0
CSS LLC/IL,0.0,0.0,1082.0,0.0,1121.0,0.0,0.0,323.0,1364.0,2350.0,5159.0,0.0,0.0,0.0,0.0,0.0,0.0,0.0,0.0,0.0
"CSat Investment Advisory, L.P.",3.0,2.0,2.0,2.0,2.0,0.0,0.0,0.0,0.0,0.0,0.0,0.0,0.0,0.0,0.0,0.0,0.0,0.0,0.0,0.0
"CTC Alternative Strategies, Ltd.",0.0,0.0,0.0,0.0,0.0,0.0,0.0,0.0,0.0,0.0,0.0,0.0,0.0,0.0,0.0,0.0,0.0,0.0,1501241.0,912903.0
CTC LLC,1666848.0,1620633.0,2203086.0,2362551.0,4198546.0,8955792.0,7596882.0,7358229.0,5529567.0,2910520.0,2786748.0,3241645.0,5811877452.0,9077577719.0,9024209017.0,9141364033.0,11227095328.0,12346247494.0,9195648105.0,9736051858.0
"CULLEN INVESTMENT GROUP, LTD.",0.0,0.0,0.0,0.0,0.0,0.0,0.0,0.0,0.0,0.0,0.0,0.0,0.0,0.0,0.0,5247846.0,9464029.0,13184237.0,13572668.0,15061964.0
CULLINAN ASSOCIATES INC,0.0,0.0,1894.0,1514.0,1335.0,400.0,3185.0,4176.0,3356.0,2774.0,2064.0,2411.0,3722118.0,6683716.0,6916341.0,9515157.0,20327389.0,22353822.0,24157881.0,17478381.0
"CULTIVAR CAPITAL, INC.",0.0,0.0,0.0,0.0,0.0,0.0,0.0,0.0,0.0,0.0,0.0,0.0,0.0,0.0,0.0,0.0,0.0,323.0,0.0,0.0
"CURA WEALTH ADVISORS, LLC",0.0,0.0,0.0,0.0,0.0,0.0,0.0,0.0,0.0,0.0,0.0,0.0,0.0,0.0,0.0,0.0,0.0,0.0,0.0,437785.0
"CURIO WEALTH, LLC",0.0,0.0,0.0,0.0,0.0,0.0,0.0,0.0,0.0,0.0,0.0,0.0,0.0,0.0,0.0,0.0,0.0,0.0,0.0,125365.0
"CUSTOM INDEX SYSTEMS, LLC",0.0,0.0,0.0,0.0,0.0,0.0,0.0,0.0,0.0,0.0,0.0,0.0,0.0,0.0,0.0,1457929.0,3008855.0,4231245.0,4373783.0,5074416.0
CUTLER INVESTMENT COUNSEL LLC,0.0,0.0,0.0,0.0,0.0,0.0,364.0,0.0,0.0,0.0,0.0,0.0,313047.0,326149.0,315368.0,322423.0,422929.0,539338.0,635752.0,663486.0
CV Advisors LLC,0.0,0.0,0.0,0.0,0.0,0.0,0.0,5853.0,5327.0,2789.0,1872.0,2463918.0,4177659.0,5731498.0,5887155.0,6278895.0,9561472.0,12577360.0,12106232.0,18382777.0
"CVA Family Office, LLC",0.0,0.0,40.0,64.0,301.0,612.0,40.0,941.0,992.0,649.0,344.0,557965.0,1221914.0,1878638.0,2110143.0,2357255.0,4302769.0,6526142.0,6556068.0,7822536.0
CVFG LLC,0.0,0.0,0.0,0.0,0.0,0.0,0.0,0.0,0.0,0.0,0.0,0.0,0.0,0.0,0.0,0.0,0.0,0.0,0.0,1454635.0
"CWA Asset Management Group, LLC",2409.0,3999.0,7667.0,13306.0,9608.0,15335.0,16922.0,24099.0,23371.0,13023.0,10161.0,12399531.0,22291605.0,34040008.0,37192045.0,45562305.0,89967927.0,0.0,125738448.0,135518917.0
"CWM Advisors, LLC",3663.0,5390.0,10818.0,13182.0,20574.0,0.0,0.0,0.0,0.0,0.0,0.0,0.0,0.0,0.0,0.0,0.0,0.0,0.0,0.0,0.0
"CWM, LLC",16053.0,18283.0,20004.0,20631.0,20669.0,24934.0,0.0,22102.0,22989.0,15056.0,11967.0,15405.0,32275.0,57470.0,73628.0,95975.0,191303.0,291211.0,308240.0,351167.0
"CWS Financial Advisors, LLC",0.0,0.0,0.0,0.0,0.0,0.0,0.0,0.0,0.0,0.0,0.0,0.0,0.0,0.0,0.0,0.0,0.0,222743.0,238022.0,237156.0
CX Institutional,83.0,711.0,1100.0,1335.0,2053.0,3165.0,593.0,803.0,2878.0,2263.0,2016.0,4281056.0,1917710.0,3027511.0,3168023.0,3821635.0,13079107.0,18541516.0,19568809.0,27776966.0
CYPRESS ASSET MANAGEMENT INC/TX,1591.0,2173.0,3133.0,3042.0,3153.0,4741.0,4887.0,6894.0,5839.0,3057.0,2385.0,2657630.0,5008334.0,8416621.0,10086548.0,11545064.0,20974338.0,27926217.0,0.0,25626964.0
CYPRESS CAPITAL MANAGEMENT LLC,0.0,0.0,0.0,0.0,0.0,218.0,218.0,321.0,298.0,0.0,0.0,0.0,0.0,0.0,0.0,0.0,0.0,0.0,0.0,0.0
CYPRESS FINANCIAL PLANNING LLC,0.0,0.0,0.0,0.0,0.0,0.0,0.0,0.0,0.0,0.0,0.0,0.0,0.0,0.0,0.0,0.0,0.0,299708.0,312101.0,408510.0
CYPRESS FUNDS LLC,31896.0,45969.0,56287.0,54309.0,55529.0,83210.0,86179.0,122350.0,113510.0,63061.0,35871.0,43184.0,73747935.0,112311810.0,100047700.0,106472300.0,135534000.0,68919260.0,57658983.0,63760086.0
"Cable Car Capital, LP",0.0,0.0,0.0,0.0,0.0,0.0,0.0,0.0,0.0,0.0,0.0,0.0,0.0,0.0,0.0,0.0,0.0,0.0,0.0,1019865405.0
"Cable Hill Partners, LLC",349.0,513.0,823.0,839.0,835.0,1564.0,1832.0,2568.0,2387.0,1163.0,892.0,1030579.0,1672731.0,2260039.0,1940332.0,0.0,0.0,5932635.0,5012993.0,5299917.0
"Cache Advisors, LLC",0.0,0.0,0.0,0.0,0.0,0.0,0.0,0.0,0.0,0.0,0.0,0.0,0.0,0.0,0.0,0.0,0.0,0.0,0.0,51631551.0
CacheTech Inc.,0.0,0.0,0.0,0.0,0.0,0.0,0.0,0.0,0.0,0.0,0.0,0.0,0.0,0.0,0.0,0.0,0.0,7800259.0,7058281.0,6966122.0
Cadence Bank,0.0,0.0,0.0,0.0,0.0,0.0,0.0,0.0,0.0,0.0,2766.0,3318114.0,5884848.0,8931241.0,9139600.0,9775671.0,17735128.0,24303108.0,20996318.0,21743511.0
Cadence Wealth Management LLC,0.0,0.0,0.0,0.0,0.0,0.0,0.0,0.0,0.0,0.0,0.0,0.0,0.0,0.0,227384.0,248975.0,420848.0,532302.0,524296.0,600637.0
"Cadent Capital Advisors, LLC",0.0,0.0,0.0,0.0,0.0,0.0,0.0,0.0,0.0,0.0,0.0,0.0,15292633.0,0.0,0.0,1025923.0,0.0,3874278.0,1578737.0,1860845.0
"Caerus Investment Advisors, LLC",0.0,0.0,0.0,0.0,0.0,0.0,0.0,1524.0,576.0,555.0,207.0,293157.0,557207.0,860846.0,849535.0,611597.0,664117.0,933962.0,951482.0,1052162.0
"Cahaba Wealth Management, Inc.",263.0,415.0,537.0,558.0,534.0,1290.0,1471.0,1648.0,1012.0,729.0,592.0,0.0,0.0,0.0,0.0,0.0,0.0,0.0,0.0,0.0
"Caitlin John, LLC",0.0,0.0,0.0,0.0,0.0,0.0,0.0,0.0,0.0,0.0,0.0,0.0,0.0,0.0,0.0,240954.0,431522.0,2468480.0,3489453.0,4000042.0
"Caitong International Asset Management Co., Ltd",0.0,0.0,0.0,0.0,0.0,0.0,0.0,0.0,0.0,0.0,0.0,0.0,0.0,0.0,0.0,0.0,0.0,0.0,0.0,117100.0
Calamos Advisors LLC,0.0,0.0,0.0,0.0,0.0,0.0,0.0,0.0,0.0,0.0,0.0,151643925.0,280775147.0,381046208.0,391790350.0,460682530.0,771368268.0,1445313632.0,979015575.0,1040193396.0
Calamos Wealth Management LLC,0.0,0.0,0.0,0.0,0.0,0.0,0.0,0.0,0.0,0.0,0.0,13820031.0,23234376.0,32435529.0,33159348.0,38252843.0,74305846.0,94554782.0,85768851.0,100437078.0
California Public Employees Retirement System,0.0,0.0,0.0,0.0,0.0,0.0,0.0,0.0,0.0,0.0,0.0,0.0,0.0,0.0,0.0,3702950600.0,6953707404.0,7782928537.0,7934799492.0,8017046392.0
"Callahan Advisors, LLC",0.0,0.0,0.0,0.0,0.0,242.0,251.0,445.0,401.0,200.0,0.0,0.0,398355.0,653193.0,801309.0,2791129.0,6224754.0,11469408.0,12915585.0,15016947.0
"Callan Capital, LLC",0.0,0.0,0.0,0.0,0.0,0.0,0.0,0.0,0.0,0.0,0.0,410946.0,829980.0,713649.0,1027464.0,13316983.0,8791722.0,57620250.0,26891532.0,28515545.0
"Callan Family Office, LLC",0.0,0.0,0.0,0.0,0.0,0.0,0.0,0.0,0.0,0.0,0.0,757297.0,1449682.0,1192070.0,0.0,248105.0,342449.0,2311430.0,5476458.0,54180778.0
"Calton & Associates, Inc.",666.0,1354.0,1966.0,1860.0,1856.0,2238.0,2419.0,3357.0,6378.0,1440.0,999.0,0.0,0.0,0.0,0.0,0.0,0.0,0.0,0.0,0.0
"Camarda Financial Advisors, LLC",0.0,0.0,0.0,0.0,647.0,0.0,776.0,1616.0,832.0,0.0,0.0,0.0,2837708.0,3037722.0,1317169.0,374903.0,5059978.0,2470738.0,3385322.0,2875870.0
Cambridge Advisors Inc.,0.0,284.0,395.0,367.0,375.0,564.0,584.0,829.0,809.0,426.0,356.0,410361.0,812755.0,1195455.0,1016137.0,1169214.0,2146859.0,2581368.0,2218710.0,2483025.0
"Cambridge Financial Group, Inc.",0.0,0.0,0.0,0.0,0.0,0.0,0.0,10127678.0,7784696.0,0.0,3913978.0,4339335.0,0.0,0.0,5565697.0,6610692.0,11514969.0,10393420.0,0.0,8379025.0
"Cambridge Investment Research Advisors, Inc.",37117.0,59135.0,83153.0,67114.0,71137.0,116177.0,122179.0,173397.0,166195.0,100300.0,81283.0,86642.0,162892.0,224254.0,246861.0,287807.0,519084.0,713026.0,685112.0,769676.0
"Camden Capital, LLC",0.0,251.0,899.0,1354.0,1566.0,2513.0,2561.0,6308.0,2785.0,1573.0,1333.0,2044302.0,0.0,0.0,0.0,0.0,0.0,0.0,0.0,0.0
Campbell & CO Investment Adviser LLC,0.0,479.0,0.0,0.0,0.0,1080.0,0.0,0.0,0.0,0.0,0.0,0.0,0.0,0.0,3436421.0,493239.0,0.0,1758715.0,0.0,389710.0
Campbell Wealth Management,0.0,55.0,0.0,0.0,0.0,0.0,0.0,388.0,267.0,0.0,0.0,0.0,236.0,728.0,612.0,365.0,689.0,952.0,376.0,1177.0
Campion Asset Management,0.0,0.0,0.0,0.0,0.0,0.0,0.0,0.0,0.0,0.0,0.0,0.0,0.0,0.0,0.0,0.0,279200.0,381739.0,375250.0,414956.0
Canada Post Corp Registered Pension Plan,0.0,0.0,0.0,0.0,0.0,0.0,0.0,0.0,0.0,0.0,0.0,0.0,0.0,0.0,0.0,0.0,0.0,0.0,0.0,59879642.0
"Canal Capital Management, LLC",639.0,840.0,990.0,924.0,998.0,1496.0,1590.0,2301.0,2217.0,1167.0,940.0,1076652.0,2306708.0,4250313.0,4227127.0,5074486.0,9027496.0,10492634.0,10010402.0,10875733.0
Canandaigua National Trust Co of Florida,0.0,0.0,0.0,0.0,0.0,0.0,0.0,0.0,0.0,0.0,0.0,0.0,0.0,0.0,0.0,0.0,0.0,0.0,1463595.0,1906918.0
Candelo Capital Management LP,0.0,0.0,0.0,0.0,0.0,0.0,0.0,0.0,0.0,0.0,0.0,0.0,0.0,0.0,0.0,5150288.0,7454370.0,4546272.0,4468992.0,4901585.0
Candriam Luxembourg S.C.A.,36583.0,57719.0,75094.0,79530.0,76391.0,126973.0,124894.0,181555.0,170525.0,0.0,0.0,0.0,0.0,0.0,0.0,0.0,0.0,0.0,0.0,0.0
Candriam S.C.A.,0.0,0.0,0.0,0.0,0.0,0.0,0.0,0.0,0.0,98061.0,87627.0,91387290.0,155929334.0,211444431.0,252334219.0,295714185.0,619642494.0,848602352.0,853123215.0,948223187.0
Cannell & Co.,0.0,0.0,0.0,0.0,0.0,0.0,0.0,0.0,975.0,541.0,434.0,0.0,0.0,0.0,0.0,2801955.0,0.0,0.0,0.0,0.0
Cannell & Spears LLC,0.0,0.0,0.0,0.0,0.0,0.0,0.0,0.0,0.0,0.0,0.0,0.0,0.0,0.0,0.0,0.0,8003734.0,10441354.0,10267510.0,11393969.0
"Cannon Advisors, Inc.",0.0,0.0,0.0,0.0,0.0,0.0,0.0,0.0,0.0,0.0,0.0,0.0,0.0,0.0,0.0,0.0,0.0,0.0,7279872.0,7591011.0
"Cannon Financial Strategists, Inc.",0.0,0.0,0.0,0.0,0.0,0.0,0.0,0.0,0.0,0.0,0.0,0.0,0.0,0.0,0.0,200344.0,0.0,0.0,0.0,0.0
"Cannon Wealth Management Services, LLC",0.0,0.0,0.0,0.0,0.0,0.0,0.0,0.0,0.0,0.0,0.0,0.0,0.0,0.0,0.0,0.0,0.0,0.0,1058228.0,955445.0
"Canopy Partners, LLC",0.0,0.0,0.0,0.0,0.0,0.0,0.0,0.0,0.0,0.0,0.0,0.0,0.0,0.0,0.0,1960576.0,4330146.0,6019785.0,5986319.0,6686629.0
"Canton Hathaway, LLC",0.0,0.0,0.0,5.0,11.0,0.0,143.0,203.0,471.0,112.0,90.0,108.0,21.0,207.0,276.0,414.0,831.0,1137.0,1167.0,1245.0
"Canvas Wealth Advisors, LLC",0.0,0.0,0.0,0.0,1540.0,1950.0,2062.0,3618.0,2370.0,1497.0,1073.0,1496650.0,1850513.0,2711040.0,2556476.0,3382199.0,5414064.0,6368265.0,9041674.0,10617971.0
"CapWealth Advisors, LLC",0.0,0.0,0.0,0.0,0.0,0.0,0.0,0.0,0.0,0.0,0.0,0.0,0.0,0.0,0.0,226316.0,412927.0,912961.0,862225.0,966619.0
Capasso Planning Partners LLC,0.0,0.0,0.0,0.0,0.0,0.0,0.0,0.0,0.0,0.0,0.0,0.0,0.0,200511.0,222717.0,277325.0,514131.0,760426.0,762316.0,592253.0
"Cape Investment Advisory, Inc.",0.0,0.0,0.0,0.0,0.0,0.0,0.0,0.0,0.0,0.0,0.0,0.0,208752.0,225721.0,247365.0,339080.0,538312.0,1182779.0,1408103.0,1593795.0
"Capital A Wealth Management, LLC",0.0,0.0,0.0,0.0,0.0,0.0,0.0,0.0,0.0,0.0,0.0,0.0,0.0,0.0,0.0,0.0,0.0,0.0,0.0,1225531.0
"Capital Advantage, Inc.",0.0,0.0,0.0,0.0,0.0,0.0,0.0,0.0,0.0,0.0,0.0,0.0,0.0,0.0,0.0,0.0,0.0,2408135.0,2064932.0,2265617.0
"Capital Advisors Wealth Management, LLC",0.0,0.0,0.0,0.0,0.0,493.0,542.0,834.0,1126.0,714.0,524.0,771684.0,1490939.0,2264224.0,2624559.0,3460872.0,6325458.0,6739445.0,6433246.0,7284445.0
"Capital Advisors, Ltd. LLC",0.0,0.0,0.0,0.0,0.0,0.0,0.0,61.0,64.0,39.0,23.0,58.0,120.0,673.0,692.0,781.0,1448.0,2031.0,2092.0,2332.0
"Capital Advisory Group Advisory Services, LLC",59.0,503.0,718.0,681.0,855.0,1154.0,1379.0,459.0,479.0,306.0,340.0,456838.0,871650.0,0.0,1182317.0,2974803.0,4608187.0,5509186.0,5059233.0,5631048.0
"Capital Analysts, LLC",252.0,309.0,952.0,294.0,0.0,0.0,0.0,0.0,0.0,0.0,0.0,0.0,0.0,0.0,0.0,0.0,0.0,0.0,0.0,0.0
Capital Asset Advisory Services LLC,791.0,973.0,1269.0,1574.0,1803.0,2489.0,1950.0,2574.0,2203.0,1414.0,1506.0,2150985.0,4352384.0,6800265.0,7325835.0,7228630.0,12956514.0,22834354.0,23357198.0,25390578.0
"Capital CS Group, LLC",0.0,0.0,0.0,1434.0,795.0,0.0,1858.0,3813.0,653.0,9521.0,8208.0,5540314.0,9792504.0,6078650.0,4658308.0,5106990.0,8599535.0,211486.0,1091652.0,240721.0
"Capital Directions Investment Advisors, LLC",0.0,0.0,0.0,0.0,0.0,0.0,0.0,0.0,34.0,20.0,0.0,0.0,0.0,0.0,0.0,0.0,0.0,0.0,0.0,0.0
"Capital Financial Planning, LLC",244.0,333.0,408.0,395.0,544.0,0.0,0.0,0.0,0.0,0.0,0.0,0.0,0.0,0.0,0.0,0.0,0.0,0.0,0.0,0.0
"Capital Impact Advisors, LLC",3313.0,4666.0,3671.0,4586.0,3493.0,4557.0,3539.0,0.0,2165.0,1080.0,576.0,995506.0,0.0,0.0,0.0,0.0,0.0,0.0,0.0,0.0
"Capital Investment Advisors, LLC",1090.0,2310.0,3222.0,3257.0,3643.0,5967.0,6829.0,10167.0,9802.0,5517.0,4631.0,5599.0,10650537.0,11537815.0,12355248.0,14133553.0,25967567.0,37999810.0,42415142.0,49840641.0
"Capital Investment Advisory Services, LLC",810.0,1307.0,1686.0,2031.0,2187.0,5317.0,5628.0,7571.0,10483.0,6426.0,4885.0,5695556.0,6998782.0,9698296.0,10168483.0,12157343.0,18475441.0,26591867.0,27522681.0,31045485.0
"Capital Investment Counsel, Inc",5061.0,6334.0,10084.0,8215.0,9601.0,14434.0,14244.0,20232.0,17019.0,9492.0,6645.0,9631795.0,17718671.0,27747574.0,28424857.0,32946987.0,58152218.0,79898877.0,78899204.0,84363395.0
"Capital Investment Counsel, LLC",0.0,0.0,0.0,0.0,0.0,0.0,0.0,0.0,0.0,0.0,0.0,0.0,0.0,0.0,0.0,466992.0,707487.0,1060591.0,1130242.0,1726836.0
"Capital Investment Services of America, Inc.",0.0,0.0,0.0,0.0,12679.0,21118.0,22046.0,30684.0,30684.0,46267.0,12421.0,14894297.0,26647032.0,36864078.0,35379912.0,39380390.0,48860007.0,63320056.0,51559781.0,54856256.0
"Capital Management Associates, Inc",0.0,0.0,0.0,0.0,0.0,0.0,0.0,0.0,0.0,0.0,0.0,0.0,0.0,0.0,0.0,256047.0,503331.0,727633.0,782786.0,872554.0
Capital Market Strategies LLC,0.0,0.0,0.0,0.0,0.0,0.0,0.0,5985.0,5552.0,3115.0,2387.0,2697678.0,5172508.0,7884904.0,7523073.0,8480478.0,14886756.0,18826475.0,17986528.0,15596514.0
"Capital Planning Advisors, LLC",0.0,373.0,615.0,853.0,1582.0,2600.0,2658.0,4179.0,3876.0,2148.0,1656.0,1619962.0,2918252.0,3692119.0,3817907.0,4094479.0,7468827.0,9713085.0,10373526.0,11834172.0
Capital Planning LLC,0.0,0.0,0.0,0.0,0.0,0.0,0.0,206.0,0.0,0.0,0.0,0.0,0.0,0.0,0.0,0.0,205108.0,274877.0,790022.0,1021145.0
"Capital Square, LLC",0.0,0.0,0.0,0.0,0.0,0.0,0.0,0.0,0.0,0.0,0.0,0.0,0.0,0.0,0.0,0.0,265651.0,720506.0,913613.0,1504741.0
"Capital Wealth Alliance, LLC",0.0,0.0,0.0,0.0,0.0,0.0,0.0,252.0,0.0,61.0,0.0,0.0,0.0,244690.0,249888.0,258708.0,550650.0,1086476.0,0.0,0.0
"Capital Wealth Planning, LLC",1509.0,940.0,1238.0,804.0,549.0,331.0,245.0,1867.0,1048.0,1064.0,961.0,1205139.0,1244476.0,203050.0,208795.0,569998.0,1028251.0,1357334.0,2036670.0,346871.0
Capitolis Advisors LLC,0.0,0.0,0.0,54501.0,21334.0,20709.0,87900.0,132044.0,6955.0,21471.0,46128.0,0.0,0.0,0.0,0.0,0.0,0.0,0.0,0.0,0.0
Capitolis Liquid Global Markets LLC,0.0,0.0,0.0,0.0,0.0,0.0,0.0,0.0,0.0,0.0,0.0,0.0,0.0,0.0,0.0,100529660.0,493072692.0,600219090.0,684593712.0,811554757.0
Capricorn Fund Managers Ltd,0.0,0.0,0.0,0.0,0.0,0.0,0.0,742.0,0.0,2426.0,0.0,0.0,0.0,0.0,7351331.0,10300576.0,0.0,0.0,0.0,0.0
"Caprock Group, LLC",0.0,0.0,0.0,0.0,0.0,0.0,0.0,0.0,0.0,0.0,0.0,0.0,12317986.0,17901102.0,18511240.0,21970323.0,40655595.0,88742244.0,82563973.0,89642604.0
"Capstone Financial Advisors, Inc.",0.0,0.0,259.0,0.0,326.0,834.0,953.0,1194.0,1150.0,640.0,580.0,635271.0,1247466.0,1827024.0,1873947.0,2044290.0,4272089.0,5244893.0,5075830.0,7732088.0
"Capstone Financial Group, Inc.",262.0,372.0,579.0,0.0,0.0,0.0,0.0,0.0,0.0,0.0,0.0,0.0,0.0,0.0,0.0,0.0,0.0,0.0,0.0,0.0
"Capstone Triton Financial Group, LLC",0.0,0.0,0.0,523.0,554.0,995.0,1291.0,1157.0,738.0,735.0,612.0,786672.0,1499682.0,2354529.0,2324152.0,2459758.0,4412083.0,5280347.0,5106552.0,0.0
"Capstone Wealth Management, LLC",0.0,0.0,0.0,0.0,0.0,0.0,0.0,0.0,0.0,0.0,0.0,0.0,0.0,0.0,0.0,0.0,0.0,0.0,0.0,619748.0
"Caption Management, LLC",0.0,0.0,0.0,0.0,0.0,0.0,0.0,26675.0,23384.0,30022.0,11396.0,1402944.0,0.0,0.0,0.0,0.0,0.0,0.0,0.0,1090434800.0
"Carbahal Olsen Financial Services Group, LLC",0.0,0.0,0.0,0.0,0.0,0.0,0.0,0.0,0.0,0.0,0.0,0.0,0.0,0.0,0.0,0.0,0.0,0.0,0.0,269452.0
"Cardan Capital Partners, LLC",12809.0,18756.0,29285.0,27411.0,28751.0,42471.0,43913.0,0.0,0.0,0.0,0.0,0.0,0.0,0.0,0.0,0.0,0.0,0.0,0.0,0.0
Cardano Asset Management N.V.,0.0,0.0,0.0,0.0,0.0,0.0,0.0,0.0,0.0,0.0,0.0,0.0,0.0,0.0,0.0,244306.0,0.0,0.0,0.0,0.0
Cardano Risk Management B.V.,0.0,0.0,0.0,0.0,0.0,0.0,0.0,0.0,0.0,0.0,0.0,0.0,0.0,0.0,0.0,0.0,495897.0,837937.0,863053.0,947322.0
Cardinal Point Capital Management ULC,0.0,0.0,0.0,0.0,0.0,0.0,0.0,0.0,0.0,0.0,0.0,0.0,0.0,0.0,0.0,0.0,332510.0,516397.0,823399.0,2312534.0
Cardinal Strategic Wealth Guidance,0.0,0.0,0.0,0.0,0.0,0.0,0.0,0.0,0.0,0.0,0.0,0.0,237216.0,373950.0,384531.0,437774.0,301790.0,412624.0,416054.0,460078.0
"Carl P. Sherr & Co., LLC",0.0,0.0,0.0,0.0,0.0,304.0,0.0,475.0,437.0,250.0,235.0,452303.0,859698.0,1309247.0,972203.0,1178624.0,2150473.0,2646416.0,3275302.0,3765741.0
Carlson Capital Management,0.0,0.0,0.0,0.0,0.0,237.0,318.0,525.0,491.0,309.0,345.0,462409.0,859976.0,1346473.0,1141416.0,1579196.0,321558.0,715399.0,1057479.0,1393917.0
"Carlson Capital, L.P.",0.0,0.0,0.0,0.0,0.0,0.0,0.0,0.0,0.0,0.0,0.0,0.0,0.0,0.0,0.0,0.0,0.0,0.0,0.0,308867.0
"Carlton Hofferkamp & Jenks Wealth Management, LLC",0.0,0.0,0.0,0.0,0.0,0.0,212.0,221.0,351.0,263.0,225.0,367997.0,399483.0,397658.0,381448.0,570061.0,0.0,320529.0,670460.0,680704.0
"Carmel Capital Partners, LLC",0.0,0.0,0.0,0.0,0.0,0.0,0.0,609.0,266.0,0.0,0.0,0.0,275101.0,419379.0,509125.0,446197.0,847544.0,1125327.0,1139351.0,1320342.0
"Carmichael Hill & Associates, Inc.",126.0,260.0,420.0,312.0,429.0,646.0,910.0,1295.0,1103.0,624.0,501.0,665631.0,737428.0,1326089.0,1313189.0,1597544.0,2640131.0,2269869.0,2201653.0,0.0
Carmignac Gestion,1317.0,1905.0,5797.0,967.0,4695.0,8218.0,8117.0,8762.0,7708.0,4116.0,4563.0,6011508.0,58517659.0,128864793.0,455926572.0,300554361.0,356685058.0,299591314.0,260810572.0,324091872.0
"Carnegie Capital Asset Management, LLC",9733.0,13200.0,16282.0,15035.0,16739.0,25902.0,26889.0,36826.0,33425.0,44557.0,14460.0,18568847.0,30438943.0,44242111.0,42900070.0,48312812.0,86235575.0,0.0,0.0,0.0
Carnegie Investment Counsel,0.0,0.0,0.0,0.0,0.0,0.0,0.0,0.0,0.0,0.0,0.0,0.0,0.0,0.0,0.0,0.0,0.0,111487376.0,90387835.0,98374607.0
Carnegie Lake Advisors LLC,0.0,0.0,0.0,0.0,0.0,0.0,0.0,0.0,0.0,0.0,0.0,0.0,0.0,0.0,0.0,0.0,0.0,0.0,1092.0,676.0
"Carolina Wealth Advisors, LLC",0.0,0.0,5.0,5.0,5.0,8.0,8.0,12.0,11.0,6.0,5.0,6.0,11111.0,16921.0,21314.0,24265.0,89452.0,113657.0,142085.0,81917.0
Carr Financial Group Corp,0.0,0.0,0.0,0.0,0.0,0.0,0.0,0.0,0.0,0.0,0.0,408023.0,501653.0,812621.0,1161579.0,1370770.0,3541316.0,4729463.0,8922392.0,4117264.0
Carrera Capital Advisors,0.0,0.0,0.0,0.0,0.0,0.0,0.0,0.0,0.0,0.0,0.0,0.0,0.0,0.0,0.0,0.0,0.0,856187.0,678174.0,823595.0
"Carroll Financial Associates, Inc.",594.0,506.0,772.0,777.0,875.0,2220.0,1779.0,1168.0,0.0,0.0,0.0,0.0,0.0,0.0,0.0,0.0,0.0,0.0,0.0,0.0
"Carroll Investors, Inc",0.0,0.0,0.0,0.0,0.0,0.0,0.0,11116.0,11903.0,7157.0,6266.0,1403437.0,2322809.0,3487967.0,3576327.0,8196386.0,14584232.0,19150518.0,19666722.0,21428249.0
Carson Advisory Inc.,0.0,0.0,0.0,0.0,0.0,0.0,0.0,429.0,400.0,242.0,0.0,214680.0,258048.0,365066.0,392796.0,480859.0,627071.0,890106.0,1042077.0,982467.0
"CarsonAllaria Wealth Management, Ltd.",0.0,0.0,0.0,0.0,0.0,0.0,0.0,79.0,54.0,30.0,24.0,29.0,101305.0,154285.0,138630.0,157830.0,278035.0,419689.0,529137.0,598578.0
"Carter Financial Group, INC.",0.0,0.0,0.0,0.0,0.0,0.0,0.0,0.0,266.0,0.0,0.0,0.0,0.0,0.0,0.0,0.0,0.0,0.0,0.0,0.0
"Cascade Financial Partners, LLC",0.0,0.0,0.0,0.0,0.0,0.0,0.0,0.0,0.0,0.0,0.0,0.0,0.0,0.0,0.0,0.0,7484147.0,10747084.0,12451802.0,11771431.0
"Cascades Capital Asset Management, LLC",0.0,0.0,0.0,0.0,0.0,0.0,0.0,0.0,0.0,0.0,0.0,0.0,0.0,0.0,0.0,0.0,0.0,0.0,7682724.0,8216862.0
"Cascadia Advisory Services, LLC",0.0,0.0,349.0,0.0,348.0,509.0,509.0,0.0,0.0,0.0,0.0,0.0,0.0,0.0,0.0,0.0,0.0,0.0,0.0,0.0
Cassaday & Co Wealth Management LLC,0.0,0.0,0.0,0.0,0.0,0.0,0.0,0.0,0.0,0.0,0.0,1892471.0,3667655.0,5508297.0,5934272.0,12675228.0,12895295.0,18675037.0,19297288.0,21572251.0
"Cassady Schiller Wealth Management, LLC",0.0,0.0,0.0,0.0,0.0,0.0,0.0,162.0,0.0,0.0,0.0,174688.0,138377.0,228081.0,234535.0,267009.0,515203.0,708122.0,693632.0,927101.0
"Cassia Capital Partners, LLC",0.0,0.0,0.0,0.0,0.0,216.0,0.0,262.0,0.0,0.0,0.0,216141.0,352768.0,494892.0,518923.0,620963.0,1102301.0,1359434.0,1212457.0,1430323.0
Castellan Group,0.0,0.0,0.0,0.0,0.0,31764.0,10524.0,647.0,600.0,956.0,267.0,343137.0,652204.0,993251.0,1022226.0,3670076.0,6130655.0,6403078.0,6538694.0,6640238.0
"Castellan Group, LLC",0.0,0.0,0.0,0.0,13722.0,0.0,0.0,0.0,0.0,0.0,0.0,0.0,0.0,0.0,0.0,0.0,0.0,0.0,0.0,0.0
"Castle Financial & Retirement Planning Associates, Inc.",0.0,0.0,0.0,0.0,0.0,0.0,0.0,7.0,0.0,0.0,0.0,0.0,0.0,0.0,0.0,0.0,0.0,0.0,0.0,0.0
Castle Hook Partners LP,0.0,0.0,0.0,0.0,0.0,0.0,0.0,0.0,0.0,0.0,0.0,0.0,0.0,30760322.0,71988670.0,113558898.0,41522196.0,0.0,49161948.0,0.0
"Castle Rock Wealth Management, LLC",723.0,1896.0,4015.0,3623.0,4570.0,6546.0,9541.0,5911.0,3086.0,2343.0,1568.0,1889448.0,2804241.0,4560885.0,9101291.0,9787182.0,15998642.0,24600340.0,16252532.0,0.0
"CastleArk Alternatives, LLC",0.0,0.0,0.0,0.0,0.0,0.0,61891.0,0.0,0.0,0.0,0.0,0.0,0.0,0.0,0.0,0.0,0.0,0.0,0.0,0.0
CastleKnight Management LP,0.0,0.0,0.0,0.0,0.0,0.0,0.0,0.0,0.0,0.0,0.0,0.0,0.0,5901129.0,14354670.0,8562354.0,10268959.0,24967434.0,27785472.0,76182717.0
"Castleview Partners, LLC",0.0,0.0,0.0,0.0,0.0,0.0,0.0,0.0,374.0,109603.0,10.0,12275.0,47776.0,114638.0,126148.0,174816.0,291857.0,691577.0,1486795.0,1858959.0
"Catalina Capital Group, LLC",0.0,0.0,0.0,0.0,0.0,0.0,0.0,0.0,0.0,0.0,0.0,0.0,0.0,0.0,0.0,2269210.0,7757274.0,11689061.0,13048219.0,14895871.0
Catalyst Funds Management Pty Ltd,0.0,0.0,0.0,0.0,0.0,0.0,0.0,0.0,0.0,0.0,0.0,0.0,0.0,0.0,0.0,0.0,1264984.0,2470800.0,41520336.0,0.0
"Catalyst Wealth Management, LLC",0.0,0.0,0.0,0.0,0.0,0.0,0.0,0.0,0.0,0.0,0.0,775053.0,1488986.0,0.0,0.0,0.0,0.0,0.0,0.0,0.0
"Catalytic Wealth RIA, LLC",0.0,0.0,0.0,0.0,0.0,0.0,0.0,0.0,0.0,0.0,0.0,0.0,0.0,0.0,0.0,3655219.0,7215187.0,8789115.0,12977864.0,0.0
"Cavalier Investments, LLC",0.0,0.0,869.0,1118.0,0.0,0.0,0.0,1672.0,1395.0,706.0,0.0,0.0,0.0,3054204.0,3463825.0,6045646.0,13771158.0,28255945.0,7968286.0,480892.0
"Cavalry Management Group, LLC",27877.0,0.0,0.0,0.0,0.0,17586.0,0.0,0.0,33464.0,0.0,0.0,0.0,9165577.0,18689446.0,0.0,0.0,131347607.0,92201595.0,1660449.0,0.0
Caxton Associates LP,0.0,0.0,0.0,0.0,0.0,0.0,0.0,0.0,0.0,0.0,0.0,0.0,5554011.0,0.0,0.0,0.0,0.0,0.0,0.0,0.0
"Cedar Brook Financial Partners, LLC",256.0,359.0,442.0,447.0,539.0,844.0,895.0,1221.0,1468.0,800.0,642283.0,705163.0,1399828.0,2086978.0,2098331.0,2734534.0,4592005.0,1768228.0,0.0,0.0
"Cedar Mountain Advisors, LLC",0.0,0.0,0.0,34.0,35.0,53.0,55.0,86.0,80.0,45.0,36.0,43051.0,81753.0,130425.0,188506.0,214615.0,391586.0,516640.0,533846.0,455688.0
"Cedar Point Capital Partners, LLC",0.0,0.0,0.0,0.0,0.0,0.0,0.0,0.0,0.0,0.0,0.0,0.0,0.0,0.0,0.0,229783.0,444552.0,693678.0,714796.0,809232.0
"Cedar Wealth Management, LLC",0.0,0.0,0.0,0.0,91.0,145.0,150.0,237.0,229.0,122.0,90.0,64594.0,137218.0,208972.0,214885.0,244639.0,468948.0,1801213.0,630274.0,1483905.0
Cedrus LLC,0.0,0.0,0.0,0.0,0.0,0.0,0.0,257935.0,248304.0,0.0,0.0,0.0,302221.0,354078.0,299720.0,677971.0,1452953.0,2647630.0,2646464.0,0.0
"Ceeto Capital Group, LLC",0.0,0.0,0.0,0.0,0.0,0.0,0.0,0.0,0.0,0.0,0.0,0.0,0.0,0.0,0.0,0.0,10843.0,14084.0,13420.0,14503.0
Centennial Bank/AR/,0.0,0.0,0.0,0.0,0.0,0.0,0.0,0.0,0.0,0.0,0.0,0.0,0.0,0.0,14355.0,32684.0,67767.0,120946.0,179610.0,208955.0
Centennial Wealth Advisory LLC,0.0,0.0,0.0,338.0,0.0,0.0,0.0,0.0,0.0,0.0,0.0,265098.0,552485.0,527506.0,576362.0,688356.0,1283965.0,1880030.0,2709695.0,3055258.0
Center For Asset Management LLC,0.0,0.0,0.0,0.0,0.0,0.0,0.0,0.0,0.0,0.0,0.0,0.0,0.0,0.0,0.0,908237.0,2121569.0,3230805.0,3162406.0,4433055.0
"Center Lake Capital Management, LLC",0.0,0.0,0.0,0.0,0.0,0.0,0.0,4412.0,0.0,0.0,0.0,0.0,0.0,10575500.0,0.0,0.0,5873140.0,3706200.0,3643200.0,0.0
"Center for Financial Planning, Inc.",17.0,13.0,18.0,18.0,18.0,27.0,94.0,68.0,63.0,69.0,56.0,82423.0,128886.0,196282.0,193136.0,219878.0,498766.0,700843.0,707631.0,912232.0
CenterBook Partners LP,0.0,0.0,0.0,0.0,0.0,0.0,0.0,0.0,0.0,0.0,0.0,580322.0,2105497.0,0.0,0.0,6764705.0,0.0,0.0,18394031.0,14449873.0
"CenterStar Asset Management, LLC",913.0,8153.0,999.0,7291.0,4864.0,9820.0,20662.0,9740.0,9837.0,1669.0,3473.0,445.0,1666620.0,6016212.0,3723520.0,0.0,17190628.0,2602757.0,9604278.0,4686721.0
"Centerpoint Advisors, LLC",0.0,7.0,0.0,0.0,0.0,480.0,466.0,662.0,614.0,359.0,478.0,576.0,1102.0,1721.0,1631.0,1596.0,2580.0,3305.0,2551.0,2807.0
Centerpoint Advisory Group,0.0,0.0,0.0,0.0,0.0,0.0,0.0,0.0,0.0,0.0,0.0,0.0,0.0,0.0,0.0,0.0,0.0,0.0,0.0,5164124.0
"Centiva Capital, LP",11474.0,8758.0,8547.0,13393.0,46937.0,43656.0,19288.0,60028.0,39145.0,55010.0,26191.0,35173852.0,44715415.0,52864809.0,45637411.0,93785259.0,152590502.0,96376519.0,112068111.0,972584850.0
Central Asset Investments & Management Holdings (HK) Ltd,1850.0,3421.0,7882.0,6555.0,1125.0,7792.0,3090.0,4921.0,2880.0,496.0,0.0,0.0,5590955.0,31619899.0,22899179.0,13253573.0,11880007.0,29175453.0,4744418.0,25631663.0
Central Pacific Bank - Trust Division,0.0,0.0,0.0,0.0,0.0,0.0,0.0,0.0,0.0,0.0,0.0,0.0,0.0,0.0,0.0,0.0,192473.0,303908.0,350476.0,383398.0
"Centre Asset Management, LLC",3962.0,3066.0,4790.0,2538.0,1858.0,2384.0,0.0,0.0,5117.0,1869.0,3379.0,0.0,3693.0,12234.0,11893.0,12171.0,20351.0,28462.0,27878.0,28373.0
Centric Wealth Management,0.0,220.0,0.0,569.0,581.0,2185.0,2252.0,4152.0,3930.0,2167.0,2172.0,208402.0,373058.0,1122852.0,1158836.0,2220758.0,2831473.0,3875607.0,6182546.0,5309012.0
"Centricity Wealth Management, LLC",0.0,0.0,0.0,0.0,0.0,0.0,0.0,0.0,0.0,0.0,0.0,0.0,0.0,0.0,0.0,0.0,0.0,0.0,0.0,913306.0
Centurion Wealth Management LLC,0.0,0.0,0.0,0.0,0.0,0.0,0.0,0.0,0.0,0.0,0.0,1289237.0,2460799.0,3773868.0,3915946.0,4426518.0,8324090.0,0.0,10533053.0,11886510.0
Cercano Management LLC,0.0,0.0,0.0,0.0,0.0,0.0,0.0,0.0,0.0,0.0,0.0,0.0,0.0,9837753.0,28116884.0,32010030.0,0.0,82635906.0,81231216.0,85021953.0
"Cerebellum GP, LLC",0.0,0.0,67.0,0.0,0.0,0.0,0.0,0.0,0.0,0.0,0.0,0.0,0.0,0.0,0.0,0.0,0.0,0.0,0.0,0.0
Cerity Partners LLC,4896.0,21878.0,18820.0,20953.0,32627.0,51181.0,52492.0,74815.0,65316.0,0.0,20378.0,63667601.0,192511010.0,203648237.0,160686337.0,0.0,0.0,917905932.0,1088186175.0,1222152473.0
Cerro Pacific Wealth Advisors LLC,0.0,0.0,0.0,0.0,0.0,0.0,0.0,0.0,0.0,0.0,0.0,0.0,2787512.0,0.0,0.0,0.0,0.0,11739508.0,11739508.0,11421427.0
Certified Advisory Corp,278.0,439.0,0.0,0.0,585.0,1446.0,1800.0,3344.0,3060.0,1551.0,1184.0,476697.0,2104508.0,1828655.0,1799117.0,1915337.0,4117699.0,6254139.0,6156049.0,6693702.0
Cetera Advisor Networks LLC,5375.0,8156.0,11472.0,11916.0,12840.0,26845.0,30675.0,45281.0,45581.0,29763.0,25889.0,41371541.0,76385718.0,113697371.0,126460882.0,155547752.0,307055022.0,0.0,0.0,0.0
Cetera Advisors LLC,3690.0,5743.0,9486.0,9784.0,10692.0,16448.0,20268.0,25452.0,25545.0,17892.0,16332.0,20473803.0,26311586.0,41689664.0,46697952.0,54218349.0,204987749.0,0.0,0.0,0.0
Cetera Investment Advisers,2753.0,4159.0,6039.0,18381.0,18563.0,30704.0,33780.0,47664.0,47654.0,28724.0,15497.0,32522185.0,61597818.0,91068361.0,98704991.0,114767332.0,717866636.0,820879936.0,827954651.0,925829138.0
"Cetera Trust Company, N.A",0.0,0.0,0.0,0.0,0.0,0.0,0.0,0.0,0.0,0.0,0.0,0.0,0.0,0.0,0.0,53484.0,97584.0,101303.0,99581.0,110118.0
Challenger Wealth Management,0.0,0.0,0.0,0.0,0.0,0.0,0.0,0.0,0.0,0.0,0.0,0.0,0.0,0.0,0.0,0.0,0.0,0.0,0.0,2142245.0
"Chaney Capital Management, Inc.",0.0,0.0,0.0,0.0,0.0,0.0,0.0,0.0,0.0,0.0,0.0,0.0,0.0,0.0,0.0,290204.0,672257.0,900989.0,901582.0,976973.0
"Change Path, LLC",0.0,246.0,301.0,1197.0,1316.0,5571.0,3046.0,4162.0,0.0,0.0,0.0,0.0,0.0,0.0,0.0,0.0,0.0,0.0,0.0,0.0
Chanos & Co LP,0.0,0.0,0.0,0.0,0.0,0.0,0.0,0.0,0.0,0.0,0.0,0.0,1416627.0,2115100.0,652485.0,0.0,0.0,0.0,0.0,0.0
"Charles Schwab Investment Advisory, Inc.",0.0,0.0,0.0,0.0,0.0,278.0,328.0,432.0,226.0,0.0,0.0,0.0,0.0,337844.0,482571.0,579241.0,1583997.0,0.0,0.0,0.0
Charles Schwab Trust Co,0.0,0.0,0.0,1375.0,1257.0,1927.0,2093.0,3442.0,2671.0,1466.0,1167.0,2599722.0,2564373.0,3517427.0,3448431.0,2531565.0,1185471.0,2602988.0,2853961.0,3181599.0
"Charter Oak Capital Management, LLC",0.0,0.0,0.0,16.0,0.0,0.0,5.0,38.0,82.0,230.0,0.0,0.0,0.0,230026.0,227977.0,259544.0,814441.0,1097238.0,1088603.0,1161181.0
"Checchi Capital Advisers, LLC",1705.0,2663.0,3514.0,3096.0,3150.0,4581.0,4498.0,6525.0,6109.0,4164.0,2606.0,3088671.0,6998419.0,9530223.0,9588055.0,11261309.0,20516245.0,28264965.0,27861252.0,30553394.0
Chemistry Wealth Management LLC,0.0,0.0,0.0,0.0,0.0,0.0,0.0,0.0,0.0,0.0,0.0,0.0,0.0,290192.0,409326.0,479373.0,884936.0,1420463.0,1429349.0,1629341.0
"Cherry Creek Investment Advisors, Inc.",0.0,0.0,0.0,0.0,0.0,569.0,791.0,1983.0,2278.0,1263.0,1521.0,1792952.0,3507522.0,5537092.0,5483756.0,12102203.0,8779966.0,11749899.0,11520898.0,12051981.0
"Cherry Tree Wealth Management, LLC",0.0,0.0,0.0,0.0,0.0,0.0,0.0,0.0,0.0,0.0,0.0,0.0,0.0,19882.0,18705.0,105482.0,593639.0,1225388.0,1144013.0,1230687.0
Chesapeake Wealth Management,0.0,1276.0,2051.0,2045.0,2090.0,3211.0,2957.0,4034.0,3640.0,2092.0,1694.0,2024623.0,3883780.0,4541119.0,4265076.0,4715484.0,7477862.0,8350068.0,7879148.0,8366535.0
Chesley Taft & Associates LLC,712.0,259.0,1821.0,1806.0,1930.0,2781.0,4529.0,6442.0,4704.0,6378.0,3226.0,3759744.0,9948333.0,15222375.0,14514746.0,23134202.0,42178181.0,57733948.0,57121612.0,63463441.0
"Cheviot Value Management, LLC",0.0,0.0,0.0,0.0,0.0,250.0,275.0,391.0,357.0,0.0,0.0,0.0,334992.0,493244.0,510681.0,583868.0,989406.0,1413316.0,1535002.0,1691383.0
"Chicago Capital, LLC",1494.0,2964.0,3955.0,2029.0,2105.0,3166.0,3425.0,5053.0,4776.0,2641.0,2139.0,2575718.0,4901263.0,7550856.0,31322717.0,37668037.0,68886825.0,94409227.0,93513982.0,102809761.0
Chicago Partners Investment Group LLC,968.0,1839.0,2916.0,3838.0,4380.0,10642.0,8607.0,6800.0,5533.0,6145.0,5121.0,7753684.0,12026758.0,17167008.0,16966747.0,24045547.0,30967865.0,39452339.0,70554101.0,71228502.0
"Chicago Wealth Management, Inc.",0.0,0.0,0.0,0.0,0.0,0.0,0.0,0.0,0.0,0.0,0.0,0.0,0.0,0.0,0.0,0.0,813204.0,1074798.0,1056528.0,875571.0
Chico Wealth RIA,0.0,0.0,0.0,0.0,0.0,0.0,0.0,0.0,0.0,0.0,0.0,0.0,0.0,0.0,0.0,0.0,0.0,0.0,213006.0,238499.0
"China Universal Asset Management Co., Ltd.",0.0,0.0,0.0,0.0,0.0,0.0,0.0,14159.0,10439.0,4837.0,1080.0,1916348.0,11461964.0,18252935.0,15511580.0,12469716.0,34631909.0,45342021.0,51441251.0,63337341.0
"Chiron Investment Management, LLC",0.0,9562.0,9457.0,9401.0,0.0,30701.0,16681.0,0.0,22767.0,11640.0,0.0,0.0,9954166.0,623531.0,1917436.0,7167814.0,9700620.0,13505022.0,13586464.0,14895984.0
Choate Investment Advisors,1060.0,1516.0,2059.0,1971.0,1990.0,3052.0,3058.0,4440.0,3702.0,3090.0,2415.0,2897079.0,5488736.0,8839003.0,12961397.0,48629636.0,80765656.0,103085415.0,94474061.0,96792310.0
"Choice Wealth Advisors, LLC",0.0,0.0,0.0,0.0,0.0,260.0,269.0,544.0,452.0,0.0,225.0,0.0,520819.0,793163.0,887380.0,1010249.0,1798084.0,2501438.0,2458917.0,2819821.0
"Chokshi & Queen Wealth Advisors, Inc",0.0,0.0,0.0,0.0,0.0,0.0,0.0,0.0,0.0,0.0,0.0,0.0,0.0,0.0,0.0,0.0,0.0,0.0,0.0,11221828.0
Chris Bulman Inc,0.0,0.0,0.0,0.0,0.0,0.0,0.0,0.0,0.0,0.0,0.0,0.0,0.0,0.0,0.0,0.0,0.0,1203141.0,1254096.0,1360343.0
"Christensen, King & Associates Investment Services, Inc.",0.0,0.0,0.0,0.0,0.0,0.0,0.0,0.0,0.0,0.0,0.0,0.0,0.0,0.0,0.0,1130614.0,1408650.0,2082392.0,1770111.0,2044571.0
"Christopher J. Hasenberg, Inc",0.0,0.0,0.0,0.0,0.0,0.0,0.0,0.0,0.0,0.0,0.0,0.0,0.0,0.0,0.0,0.0,0.0,0.0,26578.0,27127.0
"Chronos Wealth Management, LLC",0.0,0.0,0.0,567.0,1083.0,1809.0,2017.0,2982.0,3312.0,1867.0,1279.0,0.0,0.0,0.0,0.0,0.0,0.0,208165.0,221871.0,245348.0
"Chung Wu Investment Group, LLC",0.0,0.0,0.0,0.0,0.0,0.0,0.0,0.0,0.0,0.0,0.0,0.0,0.0,0.0,0.0,0.0,0.0,0.0,0.0,7284292.0
Cinctive Capital Management LP,0.0,0.0,0.0,0.0,0.0,0.0,3457.0,567.0,0.0,0.0,0.0,1286763.0,4689313.0,8585614.0,912609.0,2371609.0,0.0,12354000.0,3431530.0,948759.0
Cipher Capital LP,0.0,0.0,0.0,0.0,0.0,0.0,0.0,0.0,0.0,0.0,0.0,2769938.0,1511347.0,4413368.0,2087952.0,2619219.0,1517077.0,0.0,0.0,0.0
"Circle Wealth Management, LLC",0.0,416.0,711.0,1143.0,1255.0,1903.0,1627.0,2116.0,1792.0,871.0,484.0,547623.0,837044.0,1262055.0,2629220.0,3019542.0,5438957.0,10275501.0,11344984.0,11279774.0
Citizens Business Bank,4387.0,3558.0,5090.0,4809.0,4854.0,6970.0,7222.0,10178.0,7617.0,4225.0,3358.0,3994150.0,7199517.0,10638945.0,10550273.0,11212774.0,16074336.0,21846944.0,41774452.0,21730952.0
Citizens National Bank Trust Department,0.0,0.0,0.0,0.0,526.0,848.0,878.0,1638.0,1052.0,843.0,360.0,401.0,757479.0,1107043.0,1121404.0,1246964.0,2295042.0,8408750.0,9029307.0,9525861.0
"Cito Capital Group, LLC",1107.0,1672.0,2111.0,1932.0,1976.0,2761.0,2859.0,5529.0,4038.0,2244.0,1675.0,2017.0,3856.0,6296.0,5981.0,7156.0,0.0,0.0,0.0,0.0
Citrine Capital LLC,0.0,0.0,0.0,0.0,0.0,0.0,0.0,0.0,0.0,0.0,0.0,0.0,0.0,0.0,0.0,0.0,0.0,0.0,0.0,23850112.0
"City Center Advisors, LLC",0.0,0.0,0.0,0.0,0.0,0.0,0.0,0.0,0.0,0.0,0.0,0.0,0.0,0.0,0.0,0.0,837600.0,837600.0,674235.0,916127.0
City State Bank,0.0,0.0,0.0,0.0,0.0,0.0,0.0,2068.0,1078.0,585.0,533.0,624.0,1118.0,1707.0,1743.0,1985.0,3283.0,4609806.0,4285982.0,4804225.0
"Cladis Investment Advisory, LLC",0.0,0.0,0.0,0.0,0.0,0.0,0.0,3248539.0,1601815.0,1124982.0,1016297.0,1192495.0,3668230.0,4245428.0,4300312.0,4846222.0,7821216.0,10720802.0,5629958.0,6235757.0
"Claraphi Advisory Network, LLC",1139.0,1670.0,2005.0,2097.0,706.0,951.0,1736.0,2728.0,1475.0,772.0,580.0,2543296.0,0.0,0.0,0.0,0.0,0.0,0.0,0.0,0.0
Clare Market Investments LLC,539253.0,1905266.0,3342079.0,3284699.0,3646309.0,5646437.0,6350254.0,9251214.0,8326037.0,4681395.0,342635.0,0.0,629414.0,1259673.0,1615906.0,2491888.0,3316808.0,6046606.0,8376944.0,9648245.0
"Claremont Financial Group, Inc.",0.0,0.0,0.0,0.0,0.0,0.0,0.0,29411.0,64.0,0.0,0.0,0.0,0.0,0.0,0.0,0.0,0.0,0.0,0.0,0.0
Clarendon Private LLC,0.0,0.0,0.0,0.0,0.0,0.0,0.0,0.0,0.0,0.0,0.0,0.0,0.0,0.0,0.0,0.0,0.0,0.0,0.0,8435191.0
Claret Asset Management Corp,0.0,0.0,0.0,0.0,0.0,0.0,0.0,0.0,0.0,0.0,0.0,0.0,0.0,0.0,1546.0,1774.0,3252.0,4238.0,4159.0,4725.0
ClariVest Asset Management LLC,42073.0,50204.0,62944.0,52846.0,70728.0,98784.0,49937.0,68682.0,67428.0,37459.0,27144.0,0.0,0.0,0.0,0.0,0.0,0.0,0.0,0.0,0.0
"Clarity Asset Management, Inc.",0.0,0.0,0.0,0.0,0.0,0.0,0.0,0.0,0.0,0.0,0.0,0.0,0.0,0.0,0.0,1620.0,1956.0,16265.0,15017.0,6805.0
Clarity Capital Partners LLC,0.0,0.0,0.0,0.0,0.0,0.0,0.0,0.0,0.0,0.0,0.0,0.0,0.0,0.0,0.0,3349668.0,6358352.0,9222755.0,9055780.0,10788852.0
Clarity Financial LLC,0.0,0.0,0.0,0.0,0.0,0.0,5767.0,6418.0,6472.0,0.0,1159.0,1630126.0,0.0,474286.0,4711041.0,9603850.0,10477757.0,15453126.0,17764977.0,26642758.0
"Clarity Wealth Advisors, LLC",453.0,691.0,737.0,729.0,708.0,1114.0,1177.0,1599.0,1621.0,959.0,777.0,914544.0,1554123.0,2425597.0,2463783.0,2788584.0,5121303.0,6955817.0,6939709.0,7868484.0
"Clarius Group, LLC",1709.0,2580.0,3720.0,4804.0,5014.0,7580.0,8013.0,9488.0,9488.0,5616.0,5083.0,5113.0,9874657.0,15545038.0,12646804.0,12311064.0,22653869.0,30548848.0,26080091.0,27274858.0
"Clark Capital Management Group, Inc.",388.0,380.0,567.0,534.0,576.0,858.0,897.0,1742.0,1745.0,16869.0,767.0,867487.0,1940779.0,22896416.0,37849398.0,61166662.0,114811873.0,210834461.0,210678833.0,237321694.0
"Clarkston Capital Partners, LLC",0.0,0.0,0.0,246.0,0.0,0.0,0.0,0.0,0.0,243.0,243.0,0.0,373045.0,451785.0,464569.0,528895.0,739112.0,869722.0,806362.0,1086406.0
Claro Advisors LLC,0.0,278.0,385.0,375.0,333.0,511.0,598.0,1368.0,1368.0,752.0,1504.0,2322442.0,2345942.0,3212455.0,4173385.0,4860341.0,9173313.0,12590063.0,14788200.0,16145650.0
"Clarus Group, Inc.",0.0,0.0,0.0,341.0,322.0,457.0,472.0,767.0,758.0,430.0,344.0,491807.0,934799.0,1636934.0,1700709.0,1670783.0,3048474.0,4269423.0,4343427.0,5659137.0
Clarus Wealth Advisors,0.0,0.0,443.0,0.0,0.0,225.0,659.0,772.0,897.0,756.0,602.0,668060.0,757108.0,930505.0,0.0,1239951.0,1150873.0,1733931.0,1825821.0,2672527.0
"Clay Northam Wealth Management, LLC",0.0,0.0,0.0,0.0,0.0,0.0,0.0,723.0,756.0,452.0,394.0,495390.0,865209.0,1305795.0,1323174.0,1473206.0,2536161.0,3485999.0,3705325.0,4130711.0
"Claybrook Capital, LLC",0.0,0.0,0.0,0.0,0.0,3072.0,0.0,0.0,0.0,0.0,0.0,0.0,0.0,0.0,0.0,0.0,0.0,0.0,0.0,0.0
Clayton Financial Group LLC,0.0,0.0,0.0,0.0,0.0,0.0,0.0,0.0,0.0,0.0,0.0,0.0,0.0,0.0,0.0,0.0,237411.0,237411.0,413743.0,557718.0
Clean Yield Group,132.0,190.0,272.0,261.0,238.0,356.0,369.0,524.0,506.0,278.0,223.0,260129.0,494431.0,752976.0,833147.0,881492.0,1621890.0,2217543.0,9435159.0,10441182.0
"Clear Creek Financial Management, LLC",347.0,445.0,0.0,892.0,0.0,1374.0,1384.0,2090.0,3050.0,1843.0,1569.0,1890056.0,3551506.0,3129456.0,3258245.0,3669055.0,9432846.0,13329840.0,12903599.0,15046105.0
"Clear Harbor Asset Management, LLC",700.0,493.0,701962.0,628.0,642.0,989.0,1024.0,1454.0,1349.0,760.0,603.0,703226.0,2200505.0,4720499.0,4314687.0,5378610.0,8830540.0,13876081.0,11430364.0,13823762.0
"Clear Perspective Advisors, LLC",1365.0,1792.0,10492.0,2245.0,2271.0,3619.0,3656.0,5390.0,0.0,0.0,0.0,0.0,0.0,0.0,0.0,0.0,0.0,0.0,0.0,0.0
"Clear Perspectives Financial Planning, LLC",0.0,0.0,0.0,0.0,0.0,0.0,0.0,0.0,28.0,98.0,10.0,12568.0,23888.0,0.0,0.0,0.0,0.0,0.0,0.0,0.0
Clear Point Advisors Inc.,0.0,0.0,0.0,0.0,0.0,0.0,0.0,0.0,0.0,0.0,0.0,0.0,0.0,0.0,0.0,32687.0,418456.0,721554.0,704929.0,765515.0
"Clear Rock Advisors, LLC",0.0,0.0,0.0,0.0,0.0,0.0,0.0,0.0,0.0,0.0,0.0,0.0,0.0,0.0,0.0,0.0,0.0,4208144.0,0.0,0.0
"Clear Sky Advisers, LLC",0.0,0.0,0.0,0.0,0.0,0.0,0.0,0.0,300.0,0.0,0.0,0.0,0.0,0.0,0.0,0.0,0.0,0.0,0.0,0.0
Clear Street Derivatives LLC,0.0,0.0,0.0,0.0,0.0,0.0,0.0,0.0,0.0,0.0,0.0,0.0,0.0,0.0,0.0,0.0,3030840.0,5324467.0,4589905.0,4783771.0
ClearAlpha Technologies LP,0.0,0.0,0.0,0.0,0.0,0.0,0.0,0.0,0.0,0.0,0.0,0.0,0.0,0.0,0.0,0.0,0.0,298967.0,482117.0,214864.0
"Clearbridge Investments, LLC",0.0,0.0,1280581.0,1214641.0,1235475.0,1822893.0,1830282.0,2362714.0,2046190.0,1129997.0,861741.0,998671357.0,1764966071.0,2437561948.0,2289359504.0,2268791803.0,3828440757.0,9533339134.0,4557871400.0,4601354122.0
Clearline Capital LP,0.0,0.0,0.0,0.0,0.0,0.0,0.0,0.0,0.0,0.0,0.0,0.0,0.0,0.0,5589621.0,0.0,0.0,0.0,32922870.0,0.0
"Clearstead Advisors, LLC",711.0,1085.0,2058.0,1986.0,2176.0,3248.0,3130.0,2086.0,2045.0,1314.0,1109.0,1404200.0,2951353.0,4871698.0,9550967.0,6589193.0,11715241.0,63439224.0,62047661.0,66251965.0
"Clearstead Trust, LLC",0.0,0.0,0.0,0.0,0.0,0.0,3918.0,4257.0,4061.0,1231.0,982.0,0.0,203050.0,86503.0,2441599.0,3514082.0,6961037.0,9988506.0,9879679.0,14196758.0
Clearview Wealth Advisors LLC,0.0,0.0,0.0,391.0,866.0,713.0,763.0,1034.0,423.0,287.0,237.0,247286.0,430024.0,634132.0,516798.0,585387.0,737337.0,887820.0,854142.0,907295.0
"Clearwater Capital Advisors, LLC",0.0,0.0,0.0,0.0,0.0,530.0,301.0,403.0,649.0,400.0,322.0,383179.0,395823.0,500433.0,521988.0,600207.0,948739.0,1592882.0,2074518.0,2376624.0
"Clientfirst Wealth Management, LLC",0.0,0.0,0.0,0.0,0.0,0.0,0.0,0.0,0.0,0.0,0.0,0.0,0.0,0.0,0.0,0.0,0.0,0.0,0.0,235008.0
"Clifford Group, LLC",0.0,0.0,0.0,0.0,0.0,0.0,0.0,0.0,0.0,0.0,0.0,301779.0,573595.0,917530.0,921744.0,1038972.0,1802602.0,2414836.0,2378524.0,2643768.0
Climber Capital SA,0.0,0.0,0.0,0.0,0.0,0.0,0.0,0.0,0.0,0.0,0.0,0.0,0.0,0.0,0.0,0.0,0.0,0.0,0.0,371057.0
Close Asset Management Ltd,0.0,0.0,0.0,0.0,16638.0,25290.0,26418.0,30768.0,30768.0,13154.0,10290.0,12357.0,20401.0,27447.0,27547.0,31737.0,54145.0,60681.0,57140.0,63149.0
CloudAlpha Capital Management Limited/Hong Kong,0.0,0.0,0.0,0.0,0.0,26403.0,207.0,53675.0,6985.0,5609.0,20090.0,12495.0,105741567.0,177634347.0,70038110.0,32419775.0,120932204.0,128806016.0,114877382.0,153534294.0
"Coastal Bridge Advisors, LLC",0.0,0.0,0.0,0.0,276.0,0.0,204.0,553.0,246.0,0.0,204.0,235904.0,401455.0,1004388.0,1043251.0,818109.0,1548721.0,2355955.0,2243043.0,2471840.0
"Coastal Capital Group, Inc.",259.0,444.0,646.0,634.0,675.0,0.0,0.0,0.0,0.0,0.0,0.0,0.0,0.0,0.0,0.0,0.0,0.0,0.0,0.0,0.0
"Coastal Investment Advisors, Inc.",1930.0,1721.0,2019.0,4187.0,4213.0,8919.0,6938.0,5129.0,6708.0,3397.0,2851.0,3589633.0,6295410.0,8956482.0,8865533.0,0.0,0.0,0.0,0.0,0.0
Coastline Trust Co,0.0,0.0,0.0,0.0,0.0,0.0,0.0,0.0,0.0,0.0,0.0,0.0,0.0,0.0,0.0,0.0,0.0,0.0,59746051.0,65665258.0
"Coastwise Capital Group, LLC",0.0,0.0,0.0,0.0,0.0,0.0,0.0,0.0,1059.0,1277.0,1158.0,1264480.0,1730235.0,1962351.0,1713414.0,2000222.0,3575482.0,4290793.0,4633929.0,5210421.0
Code Waechter LLC,0.0,0.0,0.0,0.0,0.0,0.0,0.0,0.0,0.0,0.0,0.0,0.0,0.0,0.0,0.0,0.0,0.0,0.0,747.0,780634.0
Codex Capital Asset Management L.L.C.,0.0,0.0,0.0,0.0,0.0,0.0,0.0,0.0,0.0,0.0,0.0,0.0,0.0,0.0,0.0,0.0,0.0,30885000.0,30360000.0,32847500.0
"Codex Capital, L.L.C.",0.0,0.0,6372.0,6133.0,601.0,9552000.0,9853200.0,27400800.0,11460120.0,11460120.0,4920750.0,5918670.0,11249685.0,15482532.0,14789660.0,15933704.0,22589000.0,0.0,0.0,0.0
"CogentBlue Wealth Advisors, LLC",0.0,0.0,0.0,0.0,0.0,0.0,0.0,0.0,0.0,0.0,0.0,0.0,0.0,0.0,0.0,0.0,0.0,0.0,0.0,1659647.0
"Cognios Capital, LLC",1686.0,0.0,0.0,0.0,0.0,0.0,0.0,0.0,0.0,0.0,0.0,0.0,0.0,0.0,0.0,0.0,0.0,0.0,0.0,0.0
"Cohen Capital Management, Inc.",0.0,0.0,0.0,0.0,0.0,0.0,0.0,0.0,0.0,0.0,0.0,0.0,0.0,0.0,0.0,0.0,0.0,213724.0,409253.0,452557.0
Cohen Investment Advisors LLC,0.0,0.0,0.0,0.0,0.0,0.0,0.0,0.0,0.0,0.0,0.0,0.0,0.0,0.0,208795.0,237706.0,304500.0,208795.0,353026.0,1830910.0
Cohen Klingenstein LLC,4090.0,5894.0,8397.0,16204.0,8284.0,12414.0,15073.0,21397.0,19842.0,11018.0,8809.0,10599534.0,20146658.0,30683333.0,31549390.0,35922764.0,65557796.0,89634447.0,88086504.0,62487823.0
"Coho Partners, Ltd.",0.0,0.0,0.0,0.0,0.0,360.0,373.0,515.0,437.0,0.0,0.0,0.0,291381.0,443748.0,434555.0,494725.0,396663.0,0.0,0.0,0.0
Coign Capital Advisors LLC,0.0,0.0,0.0,0.0,0.0,0.0,0.0,0.0,0.0,0.0,0.0,0.0,0.0,0.0,0.0,0.0,0.0,0.0,0.0,1485650.0
Collaborative Holdings Management LP,0.0,0.0,0.0,0.0,0.0,0.0,0.0,0.0,0.0,0.0,0.0,0.0,0.0,2326610.0,3523419.0,0.0,3162460.0,741240.0,0.0,0.0
Collaborative Wealth Managment Inc.,0.0,0.0,0.0,0.0,0.0,0.0,0.0,0.0,0.0,0.0,0.0,0.0,0.0,0.0,0.0,0.0,302723.0,464431.0,479610.0,518143.0
"Collar Capital Management, LLC",0.0,0.0,0.0,0.0,0.0,0.0,0.0,0.0,0.0,0.0,0.0,0.0,0.0,0.0,0.0,0.0,0.0,0.0,0.0,491501.0
"Colonial River Investments, LLC",0.0,0.0,0.0,0.0,0.0,0.0,0.0,0.0,0.0,0.0,0.0,0.0,0.0,0.0,0.0,0.0,0.0,0.0,10659397.0,12045259.0
"Colonial River Wealth Management, LLC",0.0,0.0,0.0,1544.0,1701.0,2472.0,1647.0,3317.0,2642.0,1120.0,813.0,987468.0,1864114.0,2720442.0,2639519.0,4160343.0,7293536.0,10340546.0,0.0,0.0
Colonial Trust Advisors,0.0,0.0,0.0,0.0,0.0,0.0,209.0,0.0,0.0,3519.0,3107.0,3612676.0,6242795.0,9442950.0,9672762.0,10992287.0,20128414.0,25583803.0,25845010.0,28323972.0
Colonial Trust Co / SC,0.0,0.0,0.0,0.0,0.0,0.0,0.0,0.0,0.0,0.0,953.0,1216326.0,2078558.0,3118934.0,3284621.0,3778087.0,6754595.0,8880668.0,9011450.0,10775437.0
"Colony Group, LLC",0.0,0.0,0.0,0.0,0.0,0.0,0.0,0.0,0.0,0.0,0.0,0.0,0.0,0.0,0.0,10400.0,64227.0,232974.0,328679096.0,0.0
"Colorado Capital Management, Inc.",0.0,0.0,0.0,0.0,0.0,0.0,0.0,0.0,0.0,0.0,0.0,0.0,0.0,0.0,0.0,0.0,561.0,655.0,660.0,757.0
Columbia Asset Management,227.0,365.0,731.0,658.0,387.0,568.0,577.0,691.0,0.0,331.0,270.0,325.0,626.0,849.0,853.0,981.0,981.0,3611.0,3876.0,4168713.0
Columbia Trust Co 01012016,1008.0,1517.0,0.0,1850.0,1895.0,2740.0,2810.0,2810.0,3044.0,2067.0,1749.0,4085891.0,3712396.0,4943835.0,4883198.0,5423649.0,0.0,0.0,0.0,0.0
"Column Capital Advisors, LLC",49.0,102.0,132.0,122.0,125.0,187.0,190.0,251.0,275.0,276.0,231.0,281051.0,605312.0,1036053.0,1049291.0,0.0,0.0,0.0,0.0,0.0
"Commonwealth Financial Services, LLC",0.0,0.0,0.0,0.0,0.0,0.0,0.0,0.0,0.0,0.0,0.0,0.0,0.0,0.0,2810426.0,3120314.0,3120314.0,8095511.0,6868896.0,8427965.0
"Community Bank & Trust, Waco, Texas",480.0,654.0,812.0,784.0,799.0,1370.0,1428.0,2021.0,1828.0,994.0,801.0,947.0,1932.0,2875.0,801.0,4164.0,10132.0,13681.0,13756.0,14673.0
Community Bank of Raymore,0.0,0.0,0.0,0.0,0.0,0.0,207.0,294.0,273.0,0.0,0.0,0.0,0.0,0.0,0.0,0.0,0.0,0.0,0.0,0.0
"Community Bank, N.A.",0.0,80.0,154.0,149.0,152.0,228.0,236.0,292.0,612.0,624.0,521.0,923310.0,1712112.0,2491939.0,6061959.0,2806835.0,4881859.0,6709456.0,6408021.0,6963718.0
"Community Capital Management, Inc.",655.0,1140.0,812.0,653.0,667.0,1000.0,0.0,0.0,0.0,0.0,0.0,0.0,0.0,0.0,0.0,0.0,0.0,0.0,0.0,0.0
"Community Capital Management, LLC",0.0,0.0,0.0,0.0,0.0,0.0,1036.0,0.0,0.0,0.0,0.0,0.0,0.0,0.0,0.0,0.0,0.0,0.0,0.0,0.0
"Community Financial Services Group, LLC",264.0,380.0,541.0,522.0,534.0,800.0,829.0,1176.0,0.0,0.0,0.0,0.0,0.0,0.0,1904386.0,0.0,5552369.0,13972234.0,16469691.0,18578077.0
Compass Advisory Group LLC,0.0,0.0,0.0,0.0,0.0,0.0,0.0,0.0,0.0,0.0,0.0,0.0,0.0,328264.0,294053.0,326845.0,596350.0,815364.0,375157.0,415201.0
"Compass Financial Group, INC/SD",0.0,0.0,0.0,0.0,0.0,0.0,0.0,0.0,0.0,0.0,0.0,0.0,0.0,324879.0,347122.0,395213.0,716601.0,1014935.0,1021849.0,1127974.0
Compass Financial Services Inc,0.0,0.0,0.0,0.0,0.0,0.0,0.0,0.0,0.0,0.0,0.0,0.0,0.0,0.0,0.0,0.0,0.0,0.0,0.0,98713.0
"Compass Ion Advisors, LLC",0.0,0.0,419.0,405.0,436.0,653.0,669.0,1622.0,882.0,490.0,382.0,460275.0,878308.0,1316559.0,4356616.0,5068449.0,9405975.0,9405975.0,12184937.0,13083164.0
Compass Planning Associates Inc,0.0,0.0,0.0,0.0,0.0,0.0,0.0,0.0,0.0,0.0,0.0,0.0,0.0,0.0,0.0,0.0,0.0,0.0,0.0,119537.0
Compass Wealth Management LLC,0.0,0.0,0.0,0.0,0.0,0.0,0.0,0.0,0.0,0.0,0.0,38581.0,39999.0,90339.0,51764.0,72967.0,109642.0,182649.0,179544.0,191834.0
"Compound Global Advisors, LLC",0.0,0.0,0.0,0.0,0.0,0.0,0.0,0.0,0.0,0.0,0.0,0.0,0.0,0.0,0.0,0.0,0.0,0.0,0.0,1477190.0
"Comprehensive Financial Consultants Institutional, Inc.",0.0,0.0,0.0,0.0,0.0,0.0,0.0,47.0,0.0,0.0,0.0,0.0,0.0,0.0,0.0,0.0,234022.0,305267.0,352176.0,394007.0
Comprehensive Financial Management LLC,0.0,0.0,0.0,0.0,0.0,0.0,0.0,0.0,0.0,0.0,0.0,0.0,0.0,0.0,304493.0,346654.0,632492.0,494160.0,485800.0,671450.0
"Comprehensive Financial Planning, Inc./PA",0.0,0.0,0.0,0.0,0.0,0.0,0.0,0.0,0.0,0.0,0.0,0.0,0.0,0.0,0.0,0.0,0.0,0.0,0.0,6516423.0
"Compton Wealth Advisory Group, LLC",0.0,0.0,0.0,0.0,0.0,0.0,0.0,0.0,0.0,0.0,0.0,0.0,0.0,0.0,0.0,0.0,0.0,247130.0,290655.0,321410.0
"Concentric Capital Strategies, LP",0.0,0.0,0.0,0.0,0.0,0.0,0.0,0.0,0.0,0.0,0.0,1051477.0,1990778.0,6869422.0,8308744.0,7635302.0,16491777.0,15369982.0,41009924.0,26229657.0
Concentrum Wealth Management,758.0,1084.0,1544.0,1493.0,1561.0,2515.0,2786.0,4291.0,4378.0,4553.0,3918.0,4683493.0,8606086.0,9967964.0,11130889.0,26001890.0,22990173.0,30429295.0,31325662.0,38765211.0
"Concord Asset Management, LLC/VA",0.0,0.0,0.0,0.0,0.0,0.0,0.0,223216.0,207104.0,0.0,0.0,0.0,746388.0,1202254.0,1591661.0,3218964.0,6546304.0,10244448.0,12262056.0,12184958.0
Concord Investment Counsel Inc.,0.0,0.0,0.0,0.0,0.0,0.0,0.0,0.0,0.0,0.0,0.0,0.0,0.0,0.0,0.0,0.0,26173712.0,0.0,0.0,0.0
Concord Wealth Partners,0.0,0.0,0.0,189.0,371.0,578.0,409.0,5063.0,5438.0,3168.0,2456.0,2597169.0,4914736.0,6870924.0,14877960.0,19614024.0,17146020.0,23033881.0,25966618.0,25219690.0
"Concorde Asset Management, LLC",0.0,231.0,345.0,201.0,693.0,1043.0,1098.0,1021.0,1300.0,675.0,900.0,1121628.0,1226885.0,2988712.0,2629477.0,2933713.0,445789.0,6567814.0,6552266.0,5894249.0
"Concurrent Investment Advisors, LLC",0.0,0.0,0.0,0.0,0.0,0.0,0.0,0.0,0.0,0.0,0.0,0.0,0.0,0.0,0.0,20281852.0,37298111.0,68158624.0,70259383.0,82876793.0
"Conestoga Capital Advisors, LLC",0.0,0.0,0.0,0.0,0.0,0.0,0.0,0.0,0.0,0.0,0.0,0.0,0.0,0.0,0.0,0.0,316246.0,432390.0,0.0,201435.0
"Confluence Wealth Services, Inc.",0.0,0.0,0.0,0.0,0.0,0.0,0.0,2210.0,2189.0,1737.0,496.0,650056.0,1290619.0,1956669.0,2183908.0,2642341.0,5408457.0,7587240.0,6599202.0,8499066.0
Congress Park Capital LLC,0.0,0.0,0.0,368.0,272.0,552.0,599.0,1044.0,2044.0,1234.0,711.0,772382.0,1322251.0,1355884.0,2598743.0,3035832.0,5122529.0,6991018.0,6670469.0,6336234.0
Congress Wealth Management LLC / DE /,0.0,0.0,0.0,0.0,0.0,0.0,0.0,0.0,0.0,14599.0,11165.0,0.0,27453335.0,0.0,0.0,0.0,0.0,111380854.0,0.0,0.0
"Connecticut Wealth Management, LLC",0.0,0.0,0.0,0.0,0.0,0.0,0.0,540.0,398.0,428.0,365.0,719155.0,1084315.0,2053189.0,2983322.0,4864631.0,8451151.0,11680302.0,11780253.0,13400802.0
"Connective Capital Management, LLC",0.0,0.0,0.0,0.0,0.0,0.0,0.0,0.0,0.0,0.0,0.0,0.0,0.0,4939605.0,0.0,0.0,0.0,0.0,2178857.0,2203967.0
"Connective Portfolio Management, LLC",0.0,0.0,0.0,0.0,0.0,0.0,0.0,1553.0,1441.0,1120.0,449.0,540000.0,1436745.0,2711000.0,2696000.0,2495909.0,3803988.0,4459794.0,3366445.0,3220946.0
"Connectus Wealth, LLC",0.0,0.0,0.0,0.0,0.0,0.0,0.0,3233.0,2073.0,2152.0,3390.0,3741590.0,28985356.0,10697044.0,15043238.0,22147445.0,10896113.0,0.0,0.0,0.0
Connolly Sarah T.,0.0,0.0,0.0,794.0,989.0,1543.0,1576.0,3722.0,3460.0,1744.0,1315.0,1617916.0,2686314.0,3927318.0,2631255.0,0.0,0.0,0.0,0.0,0.0
"Connor, Clark & Lunn Investment Management Ltd.",11728.0,60320.0,95255.0,91653.0,27396.0,93690.0,147268.0,176771.0,86869.0,14812.0,8855.0,4304992.0,55273175.0,227636791.0,224805007.0,272390314.0,429883127.0,504905262.0,295976847.0,325267703.0
"Conrad Siegel Investment Advisors, Inc.",0.0,0.0,0.0,0.0,0.0,0.0,0.0,0.0,0.0,0.0,0.0,0.0,0.0,0.0,255774.0,345664.0,636106.0,991285.0,1001759.0,1154223.0
"Conservest Capital Advisors, Inc.",0.0,0.0,0.0,0.0,0.0,0.0,0.0,0.0,0.0,0.0,0.0,0.0,0.0,0.0,0.0,207779.0,379121.0,379121.0,379121.0,573797.0
"Consilium Wealth Advisory, LLC",0.0,0.0,0.0,0.0,0.0,0.0,0.0,2333.0,2885.0,1690.0,1282.0,1284278.0,2431599.0,4288154.0,4005827.0,4600106.0,8255955.0,10491544.0,10606359.0,11738587.0
Consolidated Investment Group LLC,0.0,0.0,0.0,0.0,0.0,0.0,0.0,0.0,0.0,879.0,1542.0,2294.0,4361.0,6643.0,6829.0,7775.0,14186.0,19396.0,17001.0,18801.0
Consolidated Planning Corp,0.0,0.0,0.0,0.0,0.0,0.0,49.0,0.0,0.0,1499.0,347.0,634837.0,3092702.0,4633385.0,4597005.0,5231540.0,8210716.0,10393759.0,7868430.0,9023181.0
Consolidated Portfolio Review Corp,0.0,0.0,0.0,0.0,0.0,0.0,0.0,0.0,0.0,0.0,0.0,0.0,2513866.0,3845944.0,4130300.0,6759856.0,5015145.0,7013565.0,4414412.0,6785454.0
Constant Guidance Financial LLC,0.0,0.0,0.0,0.0,0.0,0.0,0.0,0.0,0.0,0.0,0.0,0.0,0.0,0.0,0.0,0.0,952884.0,677068.0,740848.0,322501.0
Constellation Investimentos e Participacoes Ltda,0.0,0.0,0.0,0.0,0.0,0.0,0.0,0.0,0.0,0.0,0.0,0.0,0.0,0.0,0.0,0.0,740919.0,721474.0,484546.0,515674.0
Constitution Capital LLC,0.0,0.0,0.0,366.0,374.0,620.0,642.0,971.0,873.0,486.0,391.0,468963.0,891364.0,1357471.0,1134889.0,1292029.0,3167881.0,6033694.0,4580717.0,5367571.0
"Continuum Advisory, LLC",0.0,268.0,422.0,382.0,485.0,798798.0,1163162.0,1691690.0,2480478.0,1927926.0,1051050.0,2081818.0,3760344.0,5266388.0,2936573.0,3181770.0,7342038.0,10683575.0,12771373.0,11611285.0
Contour Asset Management LLC,0.0,0.0,0.0,0.0,0.0,0.0,0.0,0.0,0.0,0.0,0.0,0.0,0.0,0.0,391491.0,0.0,64064211.0,43210339.0,0.0,0.0
"Convergence Financial, LLC",0.0,0.0,0.0,0.0,0.0,0.0,0.0,0.0,0.0,0.0,0.0,0.0,0.0,0.0,0.0,0.0,0.0,10034059.0,9610412.0,10113848.0
"Convergence Investment Partners, LLC",308.0,1734.0,636.0,608.0,609.0,876.0,864.0,1161.0,1070.0,586.0,438.0,546159.0,1008.0,2074.0,2270.0,2839.0,5914.0,11462147.0,10439087.0,15346524.0
"Cook Wealth, LLC",0.0,0.0,0.0,0.0,0.0,0.0,0.0,0.0,0.0,0.0,0.0,0.0,0.0,0.0,0.0,0.0,1912003.0,2498230.0,2962401.0,3088926.0
"Coombe, Bender & Co LLC",0.0,0.0,0.0,0.0,0.0,0.0,0.0,0.0,0.0,0.0,0.0,0.0,0.0,172528.0,0.0,260302.0,381200.0,405550.0,0.0,0.0
Cooper Financial Group,230.0,343.0,497.0,599.0,631.0,997.0,1009.0,1345.0,6258.0,1535.0,1118.0,1393562.0,2661632.0,4179163.0,4462403.0,5939617.0,11280988.0,16848519.0,18532940.0,22603467.0
"Coordinated Financial Services, Inc.",0.0,0.0,0.0,0.0,0.0,0.0,0.0,0.0,0.0,0.0,0.0,0.0,0.0,0.0,0.0,0.0,0.0,0.0,0.0,1656227.0
"Coordinated Financial Services, Inc./CO",0.0,0.0,0.0,0.0,0.0,0.0,0.0,0.0,0.0,0.0,0.0,0.0,0.0,0.0,0.0,0.0,1086130.0,1701289.0,0.0,0.0
"Copley Financial Group, Inc.",0.0,0.0,0.0,0.0,0.0,0.0,0.0,0.0,0.0,0.0,0.0,0.0,0.0,0.0,0.0,0.0,0.0,0.0,676421.0,0.0
Coppell Advisory Solutions Corp.,0.0,0.0,0.0,0.0,0.0,0.0,0.0,0.0,0.0,0.0,0.0,831842.0,2553594.0,0.0,0.0,0.0,13817345.0,0.0,0.0,0.0
Coppell Advisory Solutions LLC,0.0,0.0,0.0,0.0,0.0,0.0,0.0,0.0,0.0,0.0,0.0,831842.0,2553594.0,2501211.0,831842.0,750805.0,0.0,31006254.0,3123287.0,3996903.0
"Copperleaf Capital, LLC",0.0,0.0,0.0,0.0,0.0,0.0,0.0,0.0,0.0,0.0,0.0,0.0,0.0,0.0,0.0,213440.0,641949.0,978524.0,844605.0,967414.0
"Copperwynd Financial, LLC",738.0,858.0,1183.0,1006.0,0.0,252.0,226.0,6333.0,2985.0,2303.0,0.0,0.0,356309.0,4530438.0,2542843.0,2775585.0,5365123.0,4567907.0,5384075.0,5943375.0
Corbenic Partners LLC,551.0,719.0,1019.0,879.0,914.0,1369.0,1418.0,2013.0,1982.0,1124.0,0.0,0.0,0.0,0.0,0.0,0.0,0.0,0.0,0.0,0.0
"Cordant, Inc.",6.0,0.0,0.0,0.0,0.0,14.0,14.0,20.0,19.0,10.0,8.0,9938.0,18889.0,28766.0,29580.0,93102.0,0.0,0.0,1215.0,1344.0
Cordasco Financial Network,14.0,20.0,33.0,32.0,31.0,46.0,65.0,92.0,112.0,73.0,0.0,0.0,0.0,0.0,0.0,0.0,0.0,0.0,0.0,0.0
Cordatus Wealth Management LLC,556.0,834.0,3139.0,4142.0,4270.0,0.0,6193.0,8493.0,7796.0,3668.0,0.0,361.0,1086.0,4648.0,4762.0,5365.0,9712.0,13286.0,8477.0,9195.0
Core Alternative Capital,0.0,0.0,0.0,0.0,0.0,0.0,33.0,70.0,240.0,176.0,151.0,134741.0,341104.0,505515.0,648144.0,556640.0,634299.0,848720.0,801261.0,707574.0
"Core Wealth Advisors, Inc.",65.0,94.0,129.0,125.0,128.0,185.0,324.0,342.0,320.0,202.0,230.0,91191.0,173329.0,263965.0,271434.0,316942.0,530391.0,883683.0,942983.0,1048942.0
"Core Wealth Management, Inc.",0.0,0.0,0.0,0.0,0.0,0.0,0.0,0.0,0.0,0.0,0.0,0.0,0.0,0.0,0.0,0.0,0.0,326146.0,326146.0,354526.0
Core Wealth Partners LLC,0.0,0.0,0.0,0.0,0.0,0.0,0.0,0.0,0.0,0.0,0.0,0.0,451951.0,624828.0,754824.0,933338.0,1721950.0,2452010.0,2589451.0,2978599.0
"CoreCap Advisors, LLC",0.0,0.0,0.0,0.0,0.0,0.0,0.0,6380.0,5451.0,2991.0,2319.0,2974722.0,0.0,11038221.0,10810397.0,10663691.0,23179011.0,36254057.0,33589346.0,32125193.0
CoreFirst Bank & Trust,0.0,0.0,0.0,1.0,0.0,0.0,0.0,0.0,0.0,0.0,4.0,2777.0,0.0,0.0,16530.0,18818.0,34335.0,46945.0,41290.0,41630.0
"Corebridge Financial, Inc.",0.0,0.0,0.0,0.0,0.0,0.0,0.0,0.0,0.0,0.0,0.0,0.0,0.0,0.0,0.0,0.0,0.0,902551243.0,859201601.0,948520620.0
"Corient Capital Partners, LLC",258.0,158.0,221.0,357.0,302.0,418.0,449.0,648.0,608.0,447.0,0.0,0.0,0.0,0.0,0.0,0.0,0.0,0.0,0.0,0.0
Corient Private Wealth LLC,0.0,0.0,0.0,0.0,0.0,0.0,0.0,0.0,0.0,0.0,0.0,0.0,0.0,349792042.0,365423065.0,436344908.0,775694580.0,1029430538.0,1208161449.0,1136362892.0
"Cornell Pochily Investment Advisors, Inc.",443.0,653.0,969.0,1008.0,982.0,1550.0,1661.0,2486.0,4732.0,1441.0,1155.0,1409424.0,2642247.0,3933827.0,4105836.0,4837781.0,8842211.0,25393206.0,12572224.0,13484338.0
"Cornerstone Advisors, LLC",2900.0,5319.0,15154.0,14622.0,10679.0,28564.0,29582.0,41999.0,38964.0,33441.0,27993.0,33699884.0,64053762.0,65652704.0,60420111.0,65666172.0,89633152.0,124540674.0,122423664.0,135753761.0
"Cornerstone Advisory, LLC",0.0,0.0,0.0,0.0,0.0,348.0,708.0,1153.0,1466.0,855.0,741.0,883798.0,1030483.0,1330331.0,1260208.0,2426172.0,3243818.0,6437414.0,6742219.0,7647004.0
"Cornerstone Capital, Inc.",0.0,0.0,0.0,0.0,0.0,0.0,0.0,0.0,0.0,0.0,0.0,0.0,0.0,233084.0,294923.0,890406.0,1452924.0,2318431.0,2167903.0,2347618.0
"Cornerstone Financial Group, LLC /NE/",0.0,0.0,0.0,0.0,0.0,0.0,0.0,0.0,0.0,0.0,0.0,0.0,0.0,0.0,0.0,0.0,0.0,0.0,0.0,805740.0
"Cornerstone Management, Inc.",0.0,0.0,0.0,0.0,0.0,0.0,0.0,0.0,109144.0,60636.0,48556.0,58456.0,111108.0,0.0,0.0,0.0,252997.0,345912.0,342461.0,552626.0
Cornerstone Planning Group LLC,0.0,0.0,0.0,0.0,0.0,0.0,0.0,0.0,0.0,0.0,0.0,95078.0,0.0,264443.0,352836.0,377922.0,756612.0,886118.0,1275281.0,2570257.0
"Cornerstone Retirement Group, Inc.",0.0,0.0,0.0,0.0,0.0,0.0,0.0,0.0,0.0,0.0,0.0,0.0,275826.0,492817.0,477185.0,0.0,0.0,0.0,0.0,0.0
"Cornerstone Select Advisors, LLC",0.0,0.0,0.0,0.0,0.0,0.0,0.0,0.0,0.0,0.0,0.0,0.0,0.0,0.0,0.0,0.0,0.0,0.0,0.0,5566863.0
"Cornerstone Wealth Advisors, Inc.",0.0,0.0,0.0,0.0,0.0,0.0,0.0,0.0,0.0,0.0,0.0,0.0,0.0,279193.0,361477.0,394195.0,913499.0,751123.0,738355.0,746250.0
"Cornerstone Wealth Group, LLC",250.0,0.0,1613.0,277.0,318.0,418.0,3893.0,4405.0,3509.0,546.0,808.0,881518.0,1689124.0,1378208.0,1622523.0,14013762.0,98831820.0,121858773.0,117059617.0,126307736.0
"Cornerstone Wealth Management, LLC",342.0,517.0,781.0,793.0,899.0,1385.0,1759.0,3130.0,2498.0,1790.0,1423.0,0.0,4073526.0,9025435.0,10000865.0,11030170.0,19417777.0,28616845.0,29199127.0,32180590.0
"Corps Capital Advisors, LLC",0.0,0.0,0.0,0.0,0.0,0.0,0.0,0.0,0.0,0.0,0.0,0.0,0.0,0.0,0.0,0.0,0.0,0.0,0.0,5192043.0
Corsicana & Co.,0.0,0.0,0.0,0.0,0.0,2484.0,2623.0,3373.0,3138.0,1724.0,1368.0,0.0,0.0,0.0,0.0,0.0,0.0,0.0,0.0,0.0
Corton Capital Inc.,0.0,0.0,0.0,0.0,0.0,0.0,0.0,0.0,0.0,652.0,290.0,0.0,0.0,1719153.0,1750835.0,2223043.0,1915547.0,698372.0,399416.0,0.0
"Corundum Group, Inc.",0.0,0.0,0.0,0.0,0.0,522.0,550.0,824.0,915.0,521.0,435.0,983.0,2717424.0,1508912.0,1027011.0,1178624.0,1988736.0,5598092.0,2244333.0,4319169.0
Corvex Management LP,0.0,0.0,0.0,0.0,0.0,0.0,103580.0,0.0,0.0,0.0,0.0,0.0,0.0,0.0,706859.0,804733.0,1468285.0,2007525.0,1973400.0,2182213.0
"Costello Asset Management, INC",0.0,0.0,0.0,0.0,0.0,40.0,21.0,38.0,46.0,26.0,21.0,24844.0,47221.0,67683.0,56549.0,64379.0,103909.0,2372462.0,1252046.0,1444961.0
"Coston, McIsaac & Partners",0.0,0.0,0.0,0.0,0.0,0.0,0.0,0.0,0.0,2.0,1.0,2.0,4.0,6.0,6.0,7.0,47.0,114.0,126.0,143.0
Cottage Street Advisors LLC,0.0,0.0,698.0,0.0,799.0,1608.0,1205.0,1617.0,1618.0,1200.0,909.0,0.0,2158388.0,2687199.0,2547116.0,3151138.0,5799657.0,7448945.0,7413040.0,8182482.0
"Coulter & Justus Financial Services, LLC",0.0,0.0,0.0,0.0,0.0,0.0,0.0,0.0,0.0,0.0,0.0,0.0,0.0,0.0,0.0,0.0,516836.0,0.0,0.0,0.0
Counterpoint Mutual Funds LLC,0.0,0.0,0.0,0.0,0.0,0.0,0.0,0.0,0.0,0.0,0.0,0.0,0.0,0.0,0.0,0.0,0.0,678605.0,0.0,0.0
"Counterweight Ventures, LLC",0.0,0.0,0.0,0.0,0.0,0.0,0.0,0.0,0.0,0.0,0.0,0.0,0.0,0.0,0.0,3520024.0,6225528.0,8732301.0,5977277.0,6409393.0
"Country Club Trust Company, n.a.",0.0,0.0,0.0,0.0,0.0,0.0,536.0,865.0,0.0,0.0,0.0,0.0,0.0,0.0,0.0,0.0,0.0,0.0,0.0,0.0
"Court Place Advisors, LLC",645.0,704.0,1003.0,949.0,971.0,1419.0,1328.0,1886.0,1750.0,972.0,841.0,1014056.0,1897725.0,2602419.0,2602110.0,2962406.0,4442805.0,6761344.0,13286022.0,6569467.0
"Cove Private Wealth, LLC",0.0,0.0,0.0,0.0,0.0,0.0,0.0,0.0,0.0,0.0,0.0,0.0,0.0,0.0,0.0,6529476.0,11862839.0,15601867.0,15336658.0,16401509.0
Covea Finance,0.0,0.0,0.0,0.0,0.0,0.0,0.0,65480.0,63592.0,33500.0,25540.0,30747.0,41933.0,50087.0,50851636.0,57892704.0,95056319.0,123176792.0,87645312.0,96919376.0
"Covenant Asset Management, LLC",626.0,3013.0,4340.0,4339.0,11550.0,9360.0,19438.0,14020.0,10420.0,4467.0,5083.0,4497294.0,8825848.0,13275621.0,14121949.0,18781224.0,29290720.0,40116194.0,44562931.0,40559787.0
"Covenant Multifamily Offices, LLC",0.0,0.0,0.0,0.0,0.0,257.0,241.0,0.0,0.0,0.0,0.0,0.0,0.0,0.0,0.0,0.0,0.0,0.0,0.0,0.0
"Covenant Partners, LLC",561.0,838.0,908.0,787.0,861.0,1290.0,1336.0,1896.0,1659.0,979.0,707.0,851119.0,1444404.0,4555926.0,2261948.0,2575144.0,3510331.0,4799529.0,5161929.0,5217167.0
Covestor Ltd,0.0,0.0,0.0,0.0,0.0,0.0,0.0,358.0,615.0,325.0,272.0,432.0,248.0,386.0,1757.0,2782.0,1740.0,2200.0,2116.0,2276.0
Covington Capital Management,1792.0,3164.0,5276.0,5093.0,5269.0,8252.0,8823.0,12539.0,12193.0,6851.0,5517.0,0.0,0.0,0.0,0.0,0.0,0.0,0.0,0.0,0.0
Covington Investment Advisors Inc.,0.0,0.0,5120.0,5008.0,10332.0,7796.0,7110.0,9832.0,8527.0,4741.0,0.0,0.0,0.0,0.0,0.0,0.0,14952.0,43777.0,21482.0,25322.0
Coyle Financial Counsel LLC,0.0,0.0,271.0,261.0,267.0,400.0,414.0,595.0,688.0,455.0,374.0,490011.0,931422.0,1374060.0,1417395.0,1500299.0,2809734.0,2809734.0,3033909.0,3091051.0
Crake Asset Management LLP,0.0,0.0,0.0,0.0,0.0,0.0,0.0,0.0,0.0,7958.0,0.0,0.0,0.0,27834716.0,146374135.0,108824595.0,69348230.0,70108950.0,2059137.0,0.0
"Cranbrook Wealth Management, LLC",27.0,39.0,56.0,54.0,57.0,85.0,105.0,149.0,138.0,77.0,62.0,75097.0,142738.0,212293.0,218300.0,253132.0,463370.0,633547.0,647066.0,799331.0
"Crane Advisory, LLC",0.0,0.0,0.0,0.0,0.0,0.0,0.0,0.0,0.0,0.0,0.0,0.0,0.0,235287.0,0.0,0.0,347915.0,626256.0,679732.0,1022125.0
"Crawford Fund Management, LLC",0.0,0.0,0.0,0.0,0.0,0.0,0.0,0.0,0.0,0.0,0.0,0.0,0.0,0.0,0.0,445698.0,993916.0,2446092.0,1432992.0,537160.0
"Crawford Lake Capital Management, LLC",0.0,0.0,3789.0,0.0,0.0,0.0,0.0,0.0,6740.0,0.0,0.0,0.0,0.0,0.0,0.0,0.0,0.0,0.0,0.0,0.0
Creative Capital Management Investments LLC,0.0,0.0,0.0,0.0,0.0,0.0,0.0,0.0,0.0,0.0,0.0,237.0,866642.0,1319822.0,1357168.0,772543.0,1409554.0,1946990.0,2061080.0,2261849.0
Creative Planning,39954.0,57681.0,80235.0,79235.0,0.0,68175.0,68230.0,98317.0,121422.0,80900.0,64536.0,81507196.0,157850653.0,221431840.0,234689552.0,267078691.0,496244565.0,801286166.0,840026782.0,1148812516.0
"CreativeOne Wealth, LLC",0.0,0.0,0.0,0.0,0.0,0.0,0.0,0.0,5408.0,2710.0,2505.0,2556.0,4418.0,10839.0,4059.0,5442.0,19308.0,22439.0,30839665.0,48826057.0
Credit Capital Investments LLC,0.0,0.0,271.0,391.0,783.0,0.0,0.0,0.0,0.0,682.0,0.0,0.0,0.0,0.0,0.0,0.0,0.0,0.0,364320.0,402870.0
Creekmur Asset Management LLC,0.0,0.0,0.0,0.0,0.0,0.0,0.0,0.0,0.0,0.0,0.0,0.0,0.0,0.0,0.0,9863857.0,15481974.0,20204666.0,20502442.0,22564131.0
Creekside Partners,0.0,0.0,0.0,0.0,0.0,0.0,0.0,0.0,0.0,0.0,0.0,0.0,0.0,0.0,0.0,0.0,0.0,1982439.0,1939390.0,2154814.0
"Crescent Capital Consulting, LLC",0.0,0.0,0.0,1542.0,1658.0,2372.0,2458.0,3420.0,0.0,0.0,0.0,0.0,0.0,0.0,0.0,0.0,0.0,0.0,0.0,0.0
"Crescent Grove Advisors, LLC",0.0,0.0,271.0,262.0,267.0,441.0,650.0,979.0,1087.0,581.0,378.0,440612.0,833310.0,1311362.0,1392838.0,1574800.0,3286737.0,4569301.0,4534042.0,5149540.0
"Crescent Park Management, L.P.",0.0,0.0,0.0,0.0,0.0,0.0,0.0,0.0,0.0,0.0,0.0,0.0,0.0,0.0,0.0,0.0,0.0,0.0,1528565.0,3525113.0
"Crescent Sterling, Ltd.",0.0,0.0,0.0,0.0,0.0,0.0,0.0,0.0,0.0,0.0,0.0,0.0,0.0,210664.0,200530.0,229287.0,570146.0,886400.0,764465.0,923647.0
"Cresset Asset Management, LLC",0.0,0.0,6418.0,5915.0,7496.0,13389.0,0.0,0.0,0.0,9078.0,6599.0,5116308.0,12313298.0,245351600.0,3479920.0,1287572.0,16806216.0,13012660.0,16380238.0,187252725.0
"Cresta Advisors, Ltd.",0.0,0.0,0.0,0.0,0.0,0.0,0.0,0.0,0.0,0.0,0.0,0.0,0.0,465322.0,978728.0,1378198.0,1499007.0,2128595.0,2092776.0,2092776.0
"Crestline Management, LP",0.0,3420.0,0.0,0.0,0.0,0.0,0.0,0.0,0.0,0.0,0.0,2003287.0,10138605.0,13229527.0,20305333.0,5695030.0,14456960.0,27425880.0,32947036.0,94420373.0
Crestmont Private Wealth LLC,0.0,0.0,0.0,0.0,0.0,0.0,0.0,0.0,21.0,0.0,0.0,0.0,232729.0,354427.0,268390.0,307558.0,561183.0,759931.0,747013.0,932140.0
Crestone Asset Management LLC,0.0,0.0,0.0,0.0,0.0,0.0,0.0,0.0,0.0,261.0,0.0,0.0,265826.0,372681.0,377571.0,425394.0,857478.0,0.0,0.0,0.0
Crestwood Advisors Group LLC,922.0,1319.0,776.0,891.0,984.0,1485.0,1545.0,2053.0,1784.0,977.0,834.0,1105074.0,1902957.0,3112687.0,7122200.0,8659833.0,0.0,0.0,0.0,0.0
"Crestwood Advisors Group, LLC",0.0,0.0,0.0,0.0,0.0,0.0,0.0,0.0,0.0,0.0,0.0,0.0,0.0,0.0,0.0,8659833.0,19186464.0,36852156.0,39717796.0,44811495.0
"Crew Capital Management, Ltd.",0.0,0.0,0.0,0.0,857.0,1156.0,1036.0,1400.0,1154.0,620.0,486.0,567900.0,894975.0,1528371.0,1980944.0,1041451.0,2846231.0,3485856.0,2663230.0,2449606.0
Crewe Advisors LLC,55.0,0.0,67.0,50.0,51.0,76.0,79.0,74.0,272.0,304.0,1978.0,439297.0,739980.0,818121.0,0.0,0.0,3467897.0,4291829.0,0.0,26516024.0
Crews Bank & Trust,0.0,0.0,0.0,0.0,0.0,0.0,0.0,0.0,0.0,0.0,0.0,0.0,0.0,0.0,0.0,0.0,0.0,0.0,0.0,1480413.0
"Cribstone Capital Management, LLC",600.0,890.0,1040.0,1314.0,1406.0,2127.0,1906.0,1966.0,1890.0,1158.0,937.0,1334113.0,0.0,0.0,0.0,0.0,0.0,0.0,0.0,0.0
Cromwell Holdings LLC,0.0,0.0,0.0,0.0,0.0,0.0,0.0,0.0,0.0,0.0,0.0,0.0,0.0,0.0,0.0,0.0,0.0,8420486.0,8321525.0,9201282.0
Cross Staff Investments Inc,0.0,0.0,0.0,0.0,0.0,0.0,0.0,1150.0,1094.0,0.0,0.0,213364.0,478042.0,622262.0,639870.0,728469.0,1329137.0,1829627.0,1731734.0,1914975.0
"Crossmark Global Holdings, Inc.",9837.0,14886.0,20215.0,20875.0,22866.0,32069.0,33864.0,43481.0,38845.0,20011.0,23035.0,19166.0,36232.0,65537.0,63656.0,68576.0,124962.0,193877.0,192889.0,206600.0
"Crown Wealth Group, LLC",0.0,0.0,0.0,0.0,0.0,0.0,0.0,0.0,1169.0,536.0,503.0,400862.0,719702.0,1126502.0,1076165.0,1379683.0,3240166.0,7875681.0,4650915.0,5165473.0
Crumly & Associates Inc.,0.0,0.0,0.0,0.0,0.0,0.0,0.0,0.0,0.0,0.0,0.0,0.0,0.0,0.0,0.0,0.0,0.0,485636.0,1253139.0,1430733.0
Csenge Advisory Group,0.0,943.0,257.0,222.0,216.0,301.0,1198.0,301.0,3025.0,1987.0,1772.0,2059224.0,4203449.0,9934622.0,10308208.0,12420715.0,22461295.0,33590755.0,33655665.0,17492307.0
"Cubic Asset Management, LLC",0.0,0.0,0.0,0.0,556.0,836.0,866.0,1229.0,1143.0,650.0,618.0,612327.0,1179967.0,1796989.0,1835658.0,2089828.0,3813023.0,0.0,0.0,0.0
"Cunning Capital Partners, LP",5942.0,8564.0,12201.0,11772.0,5255.0,7875.0,8156.0,8639.0,0.0,1442.0,1444.0,1374.0,2612.0,2181.0,2242.0,9910.0,9040.0,12360.0,12150.0,13436.0
Curated Wealth Partners LLC,0.0,0.0,0.0,0.0,0.0,0.0,0.0,0.0,0.0,0.0,0.0,0.0,9722.0,14806.0,15225.0,17333.0,31625.0,43239.0,42504.0,47002.0
Curbstone Financial Management Corp,0.0,0.0,0.0,0.0,0.0,0.0,0.0,0.0,404.0,0.0,0.0,0.0,0.0,405916.0,412182.0,469254.0,856183.0,1158270.0,1149996.0,1921108.0
Curi Capital,0.0,0.0,0.0,10.0,0.0,0.0,0.0,0.0,0.0,0.0,0.0,0.0,0.0,0.0,0.0,0.0,0.0,0.0,0.0,0.0
"Curi RMB Capital, LLC",0.0,0.0,0.0,0.0,0.0,0.0,0.0,0.0,0.0,0.0,0.0,0.0,0.0,0.0,0.0,0.0,8120608.0,11033363.0,11271459.0,44230150.0
"Curi Wealth Management, LLC",0.0,0.0,0.0,0.0,0.0,0.0,0.0,73.0,357.0,236.0,412.0,500900.0,668778.0,984686.0,626414.0,772576.0,0.0,0.0,0.0,0.0
"Curran Financial Partners, LLC",0.0,0.0,0.0,218.0,223.0,0.0,0.0,278.0,305.0,0.0,0.0,0.0,0.0,0.0,255792.0,416885.0,624778.0,861469.0,1377033.0,2696207.0
"Curtis Advisory Group, LLC",0.0,0.0,0.0,0.0,564.0,846.0,876.0,1243.0,1126.0,622.0,464.0,400570.0,782200.0,1995385.0,2036623.0,2318620.0,4115716.0,4993487.0,28999629.0,32086854.0
"Cushing Capital Partners, LLC",0.0,0.0,0.0,0.0,0.0,0.0,0.0,0.0,0.0,0.0,0.0,0.0,0.0,0.0,0.0,0.0,0.0,0.0,0.0,427982.0
Custom Portfolio Group LLC,0.0,0.0,0.0,0.0,0.0,0.0,0.0,0.0,0.0,0.0,0.0,0.0,0.0,0.0,0.0,194126.0,347871.0,453392.0,0.0,0.0
"Custos Family Office, LLC",0.0,0.0,0.0,0.0,0.0,0.0,0.0,0.0,0.0,0.0,0.0,0.0,0.0,0.0,0.0,0.0,326776.0,446185.0,325783.0,549222.0
Cutler Group LLC / CA,0.0,0.0,0.0,0.0,0.0,0.0,0.0,0.0,0.0,0.0,17160.0,17380.0,17434.0,20070.0,24721.0,21219.0,5134.0,0.0,0.0,0.0
Cutler Group LP,253.0,49.0,5.0,3734.0,4331.0,5839.0,12361.0,18504.0,21501.0,18708.0,0.0,0.0,0.0,0.0,0.0,0.0,0.0,0.0,0.0,0.0
"Cutter & CO Brokerage, Inc.",0.0,0.0,354.0,396.0,423.0,638.0,756.0,1137.0,0.0,405.0,327.0,299966.0,587127.0,784617.0,1163135.0,1307388.0,2342088.0,2969230.0,3469343.0,3815005.0
"Cyndeo Wealth Partners, LLC",0.0,0.0,0.0,0.0,0.0,0.0,0.0,0.0,0.0,0.0,0.0,1371286.0,2924805.0,3842116.0,4595903.0,5293702.0,12595287.0,16574594.0,24116450.0,27566013.0
"Cynosure Group, LLC",0.0,0.0,0.0,0.0,0.0,0.0,0.0,0.0,0.0,0.0,0.0,0.0,0.0,0.0,0.0,1134556.0,2972712.0,5670486.0,3570238.0,2368338.0
"Cynosure Management, LLC",0.0,0.0,0.0,0.0,0.0,0.0,0.0,0.0,0.0,0.0,0.0,0.0,0.0,268195.0,399321.0,0.0,0.0,0.0,0.0,0.0
Cypress Capital Group,852.0,1986.0,3050.0,3139.0,3121.0,4753.0,4978.0,7704.0,942.0,396.0,0.0,104636.0,124997.0,190359.0,237070.0,267419.0,1459250.0,1804920.0,1812492.0,2006964.0
Cypress Capital Management LLC (WY),16.0,23.0,33.0,23.0,24.0,62.0,64.0,174.0,162.0,86.0,0.0,0.0,0.0,0.0,0.0,0.0,0.0,0.0,27326.0,1390304.0
"Cypress Capital, LLC",0.0,0.0,0.0,0.0,0.0,0.0,1066.0,1513.0,1404.0,805.0,0.0,0.0,0.0,0.0,0.0,0.0,481597.0,708145.0,885665.0,971598.0
"Cypress Point Wealth Management, LLC",0.0,0.0,0.0,0.0,0.0,0.0,0.0,0.0,0.0,0.0,0.0,0.0,0.0,0.0,204011.0,270391.0,618939.0,738646.0,718197.0,0.0
"Cypress Wealth Services, LLC",798.0,592.0,565.0,592.0,541.0,733.0,474.0,716.0,700.0,392.0,369.0,459801.0,870415.0,1548899.0,1000847.0,1172704.0,2155084.0,3220941.0,3535489.0,4378571.0
Cyr Financial Inc.,0.0,0.0,0.0,0.0,0.0,0.0,0.0,0.0,0.0,0.0,0.0,0.0,0.0,0.0,0.0,0.0,0.0,0.0,701342.0,793419.0
"Cyrus J. Lawrence, LLC",0.0,0.0,0.0,0.0,0.0,0.0,0.0,0.0,3376.0,1834.0,75.0,72.0,128.0,164.0,162.0,0.0,21070.0,29430.0,28796.0,31700.0
Czech National Bank,0.0,0.0,0.0,0.0,0.0,0.0,0.0,0.0,0.0,0.0,35325.0,42609309.0,80503857.0,123849681.0,187791708.0,214271790.0,392686272.0,579169974.0,1217238538.0,713998444.0
D L CARLSON INVESTMENT GROUP INC,0.0,0.0,0.0,0.0,0.0,0.0,0.0,0.0,0.0,0.0,0.0,0.0,0.0,0.0,0.0,9258809.0,11204144.0,14365231.0,14321055.0,17518284.0
"D'Orazio & Associates, Inc.",0.0,4.0,5.0,5.0,91.0,136.0,195.0,459.0,529.0,334.0,236.0,307063.0,603388.0,1125368.0,1284690.0,1570061.0,3133954.0,5475728.0,6018265.0,5372075.0
"D. SCOTT NEAL, INC.",0.0,0.0,212.0,211.0,242.0,363.0,376.0,516.0,481.0,275.0,213.0,255891.0,486376.0,698407.0,718169.0,825037.0,1460153.0,2165657.0,2015213.0,2192824.0
D.A. DAVIDSON & CO.,5230.0,6932.0,9744.0,10955.0,12100.0,19032.0,18893.0,26784.0,25800.0,15170.0,12774.0,15247716.0,27406972.0,41211786.0,40944744.0,51916935.0,88731313.0,123083157.0,122710650.0,132694839.0
"D.B. Root & Company, LLC",475.0,0.0,0.0,0.0,651.0,1336.0,1245.0,959.0,1004.0,566.0,446.0,538818.0,992194.0,1027516.0,1071380.0,900310.0,2014939.0,3254538.0,3243177.0,3558429.0
D1 Capital Partners L.P.,0.0,0.0,0.0,0.0,0.0,0.0,0.0,0.0,0.0,0.0,73335.0,34558457.0,0.0,57530720.0,63830868.0,0.0,0.0,0.0,0.0,0.0
"DAGCO, INC.",0.0,0.0,0.0,0.0,0.0,0.0,0.0,0.0,0.0,0.0,0.0,0.0,0.0,0.0,0.0,109939.0,185456.0,408877.0,1201488.0,848176.0
"DAGCO, Inc.",0.0,0.0,244.0,235.0,231.0,346.0,358.0,508.0,390.0,266.0,0.0,216433.0,414989.0,0.0,0.0,0.0,0.0,0.0,0.0,0.0
DAHRING | CUSMANO LLC,0.0,0.0,0.0,0.0,0.0,0.0,0.0,0.0,0.0,0.0,0.0,0.0,0.0,0.0,0.0,0.0,0.0,0.0,0.0,250522.0
DARK FOREST CAPITAL MANAGEMENT LP,0.0,0.0,0.0,0.0,0.0,0.0,100.0,0.0,0.0,0.0,0.0,0.0,254715.0,1620167.0,1758665.0,465507.0,0.0,0.0,794339.0,668092.0
DAVENPORT & Co LLC,0.0,5488.0,7760.0,0.0,7202.0,22138.0,0.0,0.0,12297.0,7102.0,5139.0,6612000.0,12761557.0,18812261.0,64919924.0,78148861.0,138824028.0,194868178.0,241364715.0,276818690.0
DAVIDSON INVESTMENT ADVISORS,0.0,0.0,0.0,0.0,0.0,0.0,0.0,0.0,0.0,0.0,0.0,0.0,0.0,0.0,0.0,319417.0,296368.0,316015.0,310644.0,602694.0
DAVIS R M INC,0.0,0.0,0.0,322.0,325.0,544.0,602.0,20232.0,29927.0,20426.0,17520.0,18564.0,36595.0,59489.0,62191.0,74412300.0,134830217.0,185331757.0,181722830.0,194165417.0
"DAYMARK WEALTH PARTNERS, LLC",0.0,0.0,0.0,0.0,0.0,0.0,0.0,0.0,0.0,0.0,0.0,12536329.0,23574622.0,49571613.0,52819117.0,59671564.0,101690318.0,137926826.0,133654032.0,288321656.0
"DB Fitzpatrick & Co, Inc",0.0,0.0,0.0,0.0,0.0,0.0,0.0,0.0,0.0,0.0,0.0,0.0,0.0,0.0,0.0,0.0,1807.0,2471.0,4008.0,5103.0
"DB Wealth Management Group, LLC",0.0,0.0,0.0,104.0,107.0,160.0,166.0,235.0,218.0,121.0,97.0,116912.0,222216.0,338416.0,347992.0,396176.0,0.0,0.0,0.0,0.0
"DBK Financial Counsel, LLC",0.0,0.0,0.0,0.0,0.0,0.0,0.0,0.0,0.0,0.0,0.0,0.0,0.0,265120.0,604902.0,688705.0,1075919.0,1485978.0,1703599.0,1884058.0
"DCF Advisers, LLC",0.0,0.0,0.0,0.0,748.0,0.0,0.0,0.0,0.0,0.0,0.0,0.0,0.0,0.0,0.0,0.0,0.0,0.0,0.0,0.0
"DCM Advisors, LLC",0.0,0.0,0.0,1072.0,507.0,1157.0,2911.0,3609.0,2716.0,1026.0,469172.0,0.0,213605.0,543158.0,771291.0,1100983.0,1593224.0,1691710.0,1305285.0,1926161.0
"DDD Partners, LLC",0.0,0.0,0.0,0.0,0.0,0.0,0.0,0.0,0.0,468.0,741.0,0.0,0.0,0.0,0.0,0.0,11619784.0,16133464.0,16004461.0,17479731.0
"DDFG, Inc",0.0,0.0,0.0,0.0,0.0,0.0,0.0,0.0,0.0,0.0,0.0,0.0,0.0,0.0,0.0,434100.0,396025.0,710738.0,1127080.0,1179240.0
DE BURLO GROUP INC,0.0,0.0,10932.0,4804.0,0.0,0.0,5117.0,13882.0,0.0,420.0,0.0,0.0,0.0,0.0,0.0,0.0,9487380.0,11872194.0,0.0,0.0
DEARBORN PARTNERS LLC,0.0,230.0,330.0,316.0,338.0,507.0,571.0,795.0,819.0,456.0,840.0,431056.0,819313.0,1274817.0,1487061.0,1791018.0,3014835.0,4423486.0,3926289.0,4204097.0
"DEEPWATER ASSET MANAGEMENT, LLC",0.0,0.0,0.0,0.0,0.0,0.0,0.0,0.0,0.0,0.0,0.0,0.0,0.0,0.0,0.0,0.0,0.0,0.0,14848104.0,15807679.0
"DEFINE FINANCIAL, LLC",0.0,0.0,0.0,0.0,0.0,0.0,0.0,0.0,0.0,0.0,0.0,0.0,0.0,0.0,0.0,0.0,0.0,0.0,0.0,589299.0
"DEFINED WEALTH MANAGEMENT, LLC",0.0,0.0,0.0,0.0,0.0,0.0,0.0,0.0,0.0,0.0,0.0,0.0,0.0,0.0,0.0,0.0,0.0,231885.0,292549.0,358689.0
DELTA ASSET MANAGEMENT LLC/TN,591.0,779.0,957.0,826.0,815.0,1167.0,1227.0,1737.0,1669.0,855.0,655.0,737276.0,1425238.0,2172631.0,2169730.0,2450844.0,4150955.0,4152426.0,3903324.0,4313665.0
DELTA CAPITAL MANAGEMENT LLC,318.0,458.0,652.0,619.0,633.0,892.0,916.0,1273.0,1154.0,641.0,513.0,579.0,1100.0,1358.0,1122.0,2516.0,1482.0,1754.0,1168.0,1278.0
DELTA FINANCIAL ADVISORS LLC,0.0,0.0,0.0,0.0,0.0,0.0,0.0,0.0,0.0,0.0,0.0,1174822.0,2191363.0,3422709.0,3531363.0,4072360.0,7452902.0,10190134.0,10075815.0,11438688.0
DELTEC ASSET MANAGEMENT LLC,0.0,760.0,2755.0,3702.0,3358.0,2384.0,2469.0,5441.0,7976.0,3652.0,2044.0,1698147.0,249993.0,4090603.0,5511323.0,12777171.0,14877115.0,20198790.0,20103178.0,21135903.0
DENALI ADVISORS LLC,0.0,0.0,0.0,0.0,0.0,0.0,0.0,0.0,0.0,0.0,0.0,0.0,0.0,0.0,0.0,0.0,0.0,0.0,35277868.0,38845435.0
"DENVER WEALTH MANAGEMENT, INC.",0.0,0.0,0.0,0.0,0.0,0.0,0.0,0.0,0.0,0.0,0.0,0.0,0.0,0.0,0.0,0.0,0.0,299226.0,330816.0,359130.0
DEROY & DEVEREAUX PRIVATE INVESTMENT COUNSEL INC,0.0,0.0,0.0,0.0,0.0,0.0,0.0,0.0,4212.0,0.0,0.0,0.0,0.0,465.0,489.0,557.0,1084.0,1433.0,1251.0,1639.0
DESTINY CAPITAL SECURITIES CORPORATION,0.0,0.0,0.0,0.0,0.0,0.0,0.0,0.0,0.0,0.0,0.0,0.0,0.0,0.0,284048.0,0.0,0.0,0.0,0.0,0.0
DEUTSCHE BANK AG\,0.0,0.0,0.0,0.0,0.0,0.0,0.0,0.0,0.0,0.0,0.0,0.0,0.0,0.0,32398926.0,27364867.0,40174988.0,77511961.0,60676767.0,65015698.0
"DFPG INVESTMENTS, LLC",985.0,1235.0,1211.0,7197.0,5492.0,6716.0,9478.0,11831.0,14247.0,13068.0,10953.0,12086995.0,23213324.0,35038175.0,36748136.0,38623419.0,0.0,0.0,0.0,0.0
"DGS Capital Management, LLC",0.0,0.0,0.0,0.0,0.0,0.0,0.0,851.0,1379.0,540.0,338193.0,443681.0,982472.0,1695464.0,2062723.0,2826841.0,6841983.0,9390094.0,9564557.0,10843333.0
"DHJJ Financial Advisors, Ltd.",0.0,0.0,0.0,0.0,0.0,0.0,0.0,0.0,0.0,0.0,0.0,0.0,0.0,0.0,4350.0,4953.0,9036.0,24709.0,41291.0,45660.0
"DHK Financial Advisors, Inc.",0.0,0.0,0.0,0.0,0.0,0.0,0.0,0.0,0.0,0.0,0.0,0.0,0.0,0.0,0.0,0.0,0.0,1060542.0,989162.0,1077642.0
"DIAMANT ASSET MANAGEMENT, INC.",0.0,0.0,0.0,0.0,0.0,0.0,0.0,0.0,0.0,0.0,0.0,0.0,0.0,0.0,0.0,0.0,0.0,0.0,246523.0,272609.0
DIMENSION CAPITAL MANAGEMENT LLC,0.0,0.0,87.0,0.0,0.0,0.0,0.0,0.0,0.0,0.0,0.0,276205.0,505264.0,1629050.0,675104.0,998765.0,1661476.0,1915872.0,1947223.0,1963634.0
DIMENSIONAL FUND ADVISORS LP,0.0,0.0,0.0,0.0,0.0,0.0,0.0,0.0,0.0,698541.0,559451.0,545159.0,995256302.0,1718651803.0,1774477485.0,2835842515.0,6107909689.0,10150501966.0,10266895082.0,11441493388.0
"DISCOVERY CAPITAL MANAGEMENT, LLC / CT",22479.0,4872.0,0.0,0.0,0.0,0.0,0.0,2972.0,0.0,0.0,0.0,0.0,4768755.0,49956970.0,51770335.0,0.0,0.0,0.0,3643200.0,0.0
"DIVERSIFY WEALTH MANAGEMENT, LLC",0.0,0.0,0.0,0.0,0.0,0.0,0.0,0.0,0.0,0.0,0.0,0.0,0.0,0.0,0.0,0.0,0.0,8516435.0,19993785.0,30030884.0
"DIVIDEND ASSETS CAPITAL, LLC",0.0,0.0,0.0,52.0,53.0,80.0,124.0,176.0,164.0,91.0,73.0,88.0,88.0,273.0,285.0,366.0,792.0,1082210.0,927316.0,1084795.0
"DIXON FNANCIAL SERVICES, INC.",0.0,0.0,0.0,0.0,0.0,0.0,0.0,0.0,0.0,0.0,0.0,0.0,0.0,0.0,0.0,0.0,459008.0,722091.0,694030.0,752830.0
DIXON HUBARD FEINOUR & BROWN INC/VA,360.0,558.0,514.0,514.0,820.0,10070.0,10522.0,16392.0,14279.0,7739.0,0.0,0.0,0.0,0.0,0.0,0.0,0.0,0.0,0.0,0.0
DJE Kapital AG,0.0,0.0,0.0,0.0,0.0,0.0,0.0,0.0,0.0,0.0,0.0,0.0,0.0,0.0,0.0,0.0,0.0,0.0,0.0,167089404.0
"DKM Wealth Management, Inc.",0.0,0.0,0.0,0.0,0.0,0.0,0.0,0.0,0.0,0.0,0.0,0.0,0.0,0.0,0.0,0.0,0.0,0.0,0.0,599713.0
"DLK Investment Management, LLC",0.0,0.0,0.0,0.0,0.0,0.0,0.0,0.0,0.0,0.0,0.0,0.0,0.0,0.0,0.0,0.0,518768.0,812326.0,854853.0,1009251.0
"DMC Group, LLC",0.0,0.0,0.0,0.0,0.0,0.0,0.0,0.0,0.0,0.0,0.0,0.0,392741.0,433172.0,3980156.0,443222.0,757183.0,987085.0,885298.0,967022.0
"DMG Group, LLC",0.0,0.0,0.0,0.0,0.0,0.0,0.0,617.0,471.0,292.0,252.0,291.0,0.0,0.0,0.0,0.0,0.0,0.0,0.0,0.0
"DMKC Advisory Services, LLC",0.0,0.0,0.0,0.0,0.0,0.0,0.0,0.0,0.0,0.0,0.0,0.0,0.0,0.0,0.0,0.0,0.0,0.0,0.0,406903.0
DOCK STREET ASSET MANAGEMENT INC,23280.0,33619.0,35204.0,33854.0,34515.0,41505.0,40523.0,57987.0,53777.0,30149.0,24010.0,27506938.0,50372261.0,67848693.0,68694161.0,78438021.0,110194798.0,123115601.0,117147301.0,129352675.0
DOCKYARD CAPITAL MANAGEMENT LP,0.0,0.0,0.0,0.0,0.0,0.0,0.0,9412.0,5457.0,0.0,0.0,0.0,0.0,0.0,0.0,0.0,0.0,0.0,0.0,0.0
DOHENY ASSET MANAGEMENT /CA,1231.0,2925.0,3768.0,2510.0,2678.0,4042.0,4128.0,5784.0,4454.0,0.0,1719.0,1021.0,3042.0,4575.0,4422.0,4563.0,8695.0,13847.0,11703.0,12678.0
"DOHJ, LLC",0.0,243.0,387.0,357.0,1412.0,1899.0,2516.0,2564.0,2416.0,1346.0,1178.0,1515494.0,2251166.0,3110860.0,3065557.0,3312510.0,6241838.0,7636520.0,5899047.0,6887459.0
"DOLIVER ADVISORS, LP",2545.0,3330.0,1809.0,1862.0,1981.0,2908.0,2430.0,2183.0,2827.0,1650.0,1483.0,1633261.0,2405488.0,3185341.0,2530772.0,2801955.0,5004819.0,5412411.0,5075949.0,5628631.0
"DONALDSON CAPITAL MANAGEMENT, LLC",0.0,0.0,0.0,0.0,0.0,252.0,1204.0,2230.0,2523.0,1406.0,1173.0,1247091.0,1690789.0,2163854.0,2149834.0,2290897.0,3700758.0,5139596.0,6646230.0,9233085.0
"DOPKINS WEALTH MANAGEMENT, LLC",0.0,0.0,0.0,0.0,0.0,0.0,0.0,0.0,0.0,0.0,0.0,0.0,0.0,0.0,0.0,0.0,397566.0,630054.0,364320.0,745849.0
DORCHESTER WEALTH MANAGEMENT Co,0.0,0.0,0.0,0.0,0.0,400.0,470.0,669.0,867.0,276.0,258.0,0.0,656371.0,740285.0,761232.0,866635.0,1418589.0,2243486.0,0.0,2595020.0
"DOVER ADVISORS, LLC",0.0,0.0,0.0,0.0,0.0,0.0,0.0,0.0,0.0,0.0,0.0,0.0,0.0,0.0,0.0,0.0,0.0,287848.0,352176.0,389441.0
DOWLING & YAHNKE LLC,2638.0,4157.0,6105.0,5573.0,5817.0,9400.0,9631.0,13403.0,13172.0,7590.0,5829.0,0.0,0.0,0.0,0.0,0.0,0.0,0.0,0.0,0.0
DRAVO BAY LLC,0.0,0.0,0.0,0.0,0.0,0.0,0.0,0.0,22647.0,0.0,0.0,0.0,0.0,0.0,0.0,0.0,0.0,248810.0,0.0,0.0
"DRH Investments, Inc.",0.0,0.0,0.0,0.0,0.0,0.0,0.0,0.0,0.0,0.0,0.0,0.0,362004.0,109120.0,175500.0,0.0,0.0,0.0,0.0,0.0
DRIEHAUS CAPITAL MANAGEMENT LLC,35834.0,46552.0,53447.0,879.0,2332.0,113046.0,49429.0,69824.0,901.0,0.0,0.0,0.0,340824.0,0.0,0.0,0.0,0.0,0.0,0.0,0.0
"DRIVE WEALTH MANAGEMENT, LLC",0.0,0.0,0.0,0.0,0.0,0.0,0.0,211.0,265.0,0.0,0.0,708171.0,1728034.0,2736497.0,3029004.0,3337720.0,6522782.0,9140239.0,2476966.0,10930341.0
DROMS STRAUSS ADVISORS INC /MO/ /ADV,0.0,0.0,0.0,0.0,0.0,0.0,0.0,0.0,360.0,0.0,0.0,0.0,276.0,210.0,244.0,274.0,483.0,770000.0,773143.0,780725.0
DSM CAPITAL PARTNERS LLC,0.0,0.0,0.0,0.0,0.0,0.0,0.0,0.0,0.0,0.0,0.0,0.0,0.0,0.0,0.0,0.0,0.0,0.0,0.0,823253628.0
DSM Capital Partners LLC,0.0,0.0,0.0,0.0,109629.0,288129.0,269799.0,308378.0,166059.0,91045.0,73008.0,112630.0,202730173.0,438200949.0,500518660.0,549413441.0,895341260.0,847984424.0,794461995.0,0.0
"DT Investment Partners, LLC",0.0,0.0,0.0,0.0,0.0,0.0,1285.0,344.0,528.0,320.0,129.0,310255.0,657125.0,1010133.0,944799.0,1442547.0,2107102.0,3116915.0,3304990.0,3757032.0
"DUALITY ADVISERS, LP",0.0,0.0,0.0,4123.0,0.0,7960.0,0.0,1093.0,0.0,0.0,0.0,0.0,4015443.0,3743304.0,4466042.0,0.0,0.0,0.0,0.0,0.0
DUBUQUE BANK & TRUST CO,0.0,0.0,0.0,0.0,0.0,0.0,0.0,0.0,0.0,0.0,0.0,0.0,0.0,287654.0,0.0,0.0,0.0,0.0,0.0,0.0
"DUDLEY CAPITAL MANAGEMENT, LLC",0.0,0.0,0.0,0.0,0.0,0.0,0.0,0.0,0.0,0.0,0.0,1529178.0,2887648.0,4470831.0,4535142.0,5093271.0,9436492.0,12872725.0,12541575.0,13470641.0
DUFF & PHELPS INVESTMENT MANAGEMENT CO,1840.0,2709.0,3913.0,3776.0,3860.0,5329.0,5403.0,7729.0,7281.0,4069.0,3267.0,3932627.0,7558122.0,11129656.0,10955658.0,11932821.0,15019878.0,7001012.0,0.0,0.0
DUMONT & BLAKE INVESTMENT ADVISORS LLC,0.0,0.0,200.0,0.0,0.0,232.0,0.0,350.0,324.0,211.0,0.0,0.0,355.0,542.0,582.0,663.0,1286726.0,3555394.0,1602115.0,1794473.0
DUNCKER STREETT & CO INC,119.0,179.0,562.0,508.0,3179.0,4790.0,5044.0,6108.0,4949.0,2891.0,898.0,1141978.0,2160857.0,3183354.0,3125543.0,5157883.0,11029165.0,14329965.0,14325491.0,16055671.0
DUPONT CAPITAL MANAGEMENT CORP,11391.0,19384.0,23787.0,19111.0,15125.0,22453.0,16418.0,16944.0,12051.0,5404.0,4326.0,1940739.0,7100912.0,10704098.0,24645228.0,27346544.0,94000962.0,62191766.0,56271896.0,57554680.0
"DURANTE & WATERS, LLC",0.0,0.0,0.0,0.0,0.0,0.0,0.0,0.0,0.0,0.0,0.0,0.0,0.0,0.0,0.0,0.0,0.0,735681.0,780859.0,883628.0
DYMON ASIA CAPITAL (SINGAPORE) PTE. LTD.,0.0,0.0,0.0,0.0,0.0,0.0,0.0,0.0,0.0,0.0,0.0,0.0,0.0,0.0,0.0,0.0,0.0,0.0,1153680.0,0.0
"DZ BANK AG Deutsche Zentral Genossenschafts Bank, Frankfurt am Main",767.0,0.0,0.0,754.0,1863.0,4322.0,2223.0,3629.0,3655.0,3006.0,2391.0,7483827.0,2433788.0,13691616.0,6892843.0,5596392.0,9136755.0,1368619.0,13207456.0,15521372.0
Daiwa Securities Group Inc.,21982.0,32.0,63728.0,60180.0,55355.0,78971.0,83754.0,95709.0,92176.0,56970.0,51396.0,58791.0,115696.0,169176.0,166487.0,201946.0,414883.0,587820.0,669253.0,851991.0
Dakota Community Bank & Trust NA,0.0,0.0,0.0,0.0,0.0,0.0,0.0,0.0,0.0,0.0,28.0,31.0,84164.0,128175.0,131802.0,162927.0,276489.0,363208.0,376707.0,494456.0
Dakota Wealth Management,0.0,0.0,1306.0,1348.0,709.0,1394.0,1941.0,4473.0,8076.0,2244.0,2255.0,2449941.0,10705279.0,13133769.0,18951109.0,346654.0,0.0,988320.0,1190112.0,64335955.0
Dale Q Rice Investment Management Ltd,0.0,0.0,0.0,0.0,0.0,0.0,0.0,0.0,0.0,0.0,0.0,0.0,0.0,0.0,0.0,0.0,0.0,0.0,0.0,4310709.0
Dalton Investments LLC,0.0,0.0,0.0,0.0,0.0,0.0,0.0,0.0,0.0,673.0,2635.0,3171969.0,6028998.0,9181649.0,9441458.0,10748750.0,0.0,0.0,0.0,0.0
"Dalton Investments, Inc.",0.0,0.0,0.0,0.0,0.0,0.0,0.0,0.0,0.0,0.0,0.0,0.0,0.0,0.0,0.0,0.0,19611770.0,26814357.0,26358552.0,29147645.0
"Dana Investment Advisors, Inc.",2451.0,4627.0,5538.0,5192.0,11166.0,5472.0,5002.0,5676.0,5845.0,2899.0,1553.0,1897920.0,3687952.0,5369393.0,31665541.0,39488868.0,66774951.0,172424975.0,88136376.0,102379865.0
"Danda Trouve Investment Management, Inc.",0.0,0.0,8.0,0.0,0.0,0.0,0.0,0.0,0.0,0.0,0.0,0.0,0.0,0.0,0.0,0.0,0.0,0.0,0.0,0.0
"Daner Wealth Management, LLC",0.0,0.0,0.0,0.0,0.0,0.0,0.0,0.0,0.0,0.0,0.0,0.0,0.0,0.0,0.0,0.0,0.0,0.0,0.0,396636.0
"Daniels&Tansey,LLP",0.0,0.0,0.0,0.0,0.0,0.0,0.0,0.0,0.0,0.0,0.0,0.0,0.0,211510.0,202270.0,0.0,0.0,0.0,0.0,0.0
Dantai Capital Ltd,0.0,0.0,0.0,0.0,0.0,0.0,0.0,0.0,0.0,0.0,0.0,0.0,205550.0,1316861.0,2962282.0,3716626.0,7720920.0,6174529.0,5183059.0,0.0
Darden Wealth Group Inc,0.0,0.0,0.0,0.0,0.0,0.0,0.0,0.0,0.0,0.0,0.0,0.0,0.0,0.0,0.0,11664441.0,20659955.0,26681017.0,25309878.0,26678797.0
"Darwin Advisors, LLC",0.0,0.0,3531.0,4741.0,4794.0,6602.0,6235.0,5168.0,4068.0,3002.0,0.0,0.0,0.0,0.0,0.0,0.0,0.0,0.0,0.0,0.0
"Darwin Wealth Management, LLC",0.0,0.0,0.0,0.0,0.0,0.0,0.0,0.0,0.0,0.0,1710.0,1621357.0,1926419.0,931975.0,933516.0,984807.0,1795951.0,2405503.0,2356415.0,0.0
Dash Acquisitions Inc.,0.0,0.0,0.0,0.0,0.0,0.0,0.0,265.0,786.0,437.0,356.0,0.0,283957.0,451056.0,481829.0,554575.0,944873.0,1340540.0,1668977.0,1490560.0
David J Yvars Group,0.0,0.0,0.0,10790.0,1802.0,2410.0,2557.0,9421.0,3138.0,1682.0,1401.0,1686447.0,3251595.0,5411765.0,5527597.0,5855023.0,9901206.0,13446474.0,13468511.0,13438431.0
David Loasby,0.0,0.0,246.0,0.0,0.0,0.0,0.0,0.0,0.0,0.0,0.0,0.0,0.0,0.0,0.0,0.0,0.0,0.0,0.0,0.0
David R. Rahn & Associates Inc.,0.0,0.0,0.0,0.0,0.0,0.0,224.0,318.0,200.0,0.0,0.0,0.0,299992.0,456862.0,469789.0,0.0,0.0,0.0,0.0,0.0
David Wealth Management LLC,0.0,0.0,0.0,0.0,0.0,0.0,0.0,0.0,0.0,0.0,0.0,0.0,0.0,0.0,0.0,0.0,0.0,0.0,0.0,2201835.0
Davidson Capital Management Inc.,686.0,1025.0,1843.0,1564.0,1193.0,1611.0,1244.0,1789.0,1362.0,561.0,1146.0,1298327.0,1869433.0,2046209.0,2087150.0,2416753.0,3601736.0,3899496.0,3221396.0,3689038.0
"Davidson Kahn Capital Management, LLC",0.0,0.0,0.0,0.0,0.0,0.0,0.0,0.0,0.0,0.0,0.0,0.0,0.0,0.0,0.0,0.0,0.0,0.0,0.0,610217.0
Davidson Kempner Capital Management LP,0.0,0.0,0.0,0.0,0.0,0.0,0.0,0.0,0.0,0.0,0.0,0.0,0.0,0.0,0.0,0.0,0.0,6170500.0,19133703.0,48238982.0
"Davies Financial Advisors, Inc.",0.0,0.0,0.0,0.0,0.0,0.0,0.0,0.0,0.0,0.0,0.0,0.0,0.0,0.0,0.0,0.0,2248961.0,3273810.0,3253985.0,3598305.0
Davis Capital Management,47.0,68.0,0.0,0.0,0.0,0.0,0.0,0.0,0.0,0.0,0.0,0.0,0.0,0.0,0.0,238201.0,431935.0,654937.0,639868.0,691461.0
Davy Global Fund Management Ltd,1120.0,1520.0,2165.0,2007.0,2237.0,2581.0,2163.0,1509.0,1295.0,0.0,0.0,0.0,0.0,0.0,0.0,0.0,0.0,0.0,0.0,0.0
De Lisle Partners LLP,0.0,0.0,0.0,0.0,0.0,0.0,0.0,0.0,0.0,0.0,0.0,0.0,0.0,0.0,0.0,0.0,0.0,0.0,2428800.0,2685800.0
"DeDora Capital, Inc.",0.0,0.0,1345.0,1412.0,1522.0,2329.0,2366.0,0.0,2772.0,1539.0,1215.0,1457760.0,2852772.0,3695687.0,3569764.0,3903142.0,12522730.0,8123945.0,7710545.0,8196563.0
"Deane Retirement Strategies, Inc.",0.0,0.0,0.0,1642.0,0.0,0.0,0.0,0.0,0.0,0.0,0.0,0.0,0.0,0.0,0.0,0.0,0.0,0.0,0.0,0.0
"Decatur Capital Management, Inc.",6316.0,9102.0,15917.0,11481.0,6172.0,9249.0,4935.0,6921.0,7145.0,3970.0,3179.0,3139.0,5011249.0,7553868.0,7767616.0,9539423.0,17254382.0,24150836.0,23769088.0,24638992.0
"Dechtman Wealth Management, LLC",0.0,0.0,0.0,0.0,0.0,0.0,0.0,0.0,0.0,0.0,0.0,0.0,0.0,0.0,0.0,302.0,4339146.0,3066404.0,3126854.0,3568917.0
"DecisionMap Wealth Management, LLC",0.0,0.0,0.0,0.0,0.0,0.0,0.0,0.0,0.0,0.0,0.0,0.0,0.0,0.0,0.0,0.0,0.0,0.0,0.0,2973690.0
"DecisionPoint Financial, LLC",0.0,0.0,0.0,0.0,0.0,0.0,0.0,0.0,0.0,0.0,0.0,25721.0,48888.0,74452.0,80060.0,91145.0,164108.0,261247.0,339849.0,386426.0
Decker Retirement Planning Inc.,0.0,0.0,0.0,0.0,0.0,0.0,0.0,0.0,0.0,0.0,0.0,0.0,0.0,0.0,0.0,0.0,0.0,0.0,0.0,1498321.0
"Defender Capital, LLC.",0.0,0.0,0.0,0.0,0.0,0.0,0.0,0.0,0.0,0.0,0.0,0.0,555540.0,423020.0,434990.0,495220.0,1269502.0,1737343.0,1750315.0,1934179.0
Defined Financial Planning LLC,0.0,0.0,0.0,0.0,0.0,0.0,0.0,0.0,0.0,0.0,0.0,0.0,0.0,0.0,0.0,0.0,0.0,0.0,0.0,2395734.0
Degroof Petercam Asset Management,0.0,0.0,0.0,0.0,0.0,0.0,0.0,0.0,0.0,0.0,0.0,0.0,0.0,0.0,0.0,223264985.0,418856984.0,0.0,0.0,0.0
DekaBank Deutsche Girozentrale,0.0,0.0,0.0,19.0,0.0,0.0,0.0,0.0,0.0,0.0,0.0,0.0,0.0,0.0,0.0,0.0,0.0,0.0,0.0,0.0
"Del-Sette Capital Management, LLC",0.0,0.0,0.0,0.0,0.0,0.0,0.0,2324.0,1607.0,214.0,1083.0,1308231.0,2317158.0,3512760.0,2764798.0,3174367.0,4120246.0,4468954.0,4056600.0,4349810.0
Delaney Dennis R,0.0,0.0,0.0,0.0,0.0,0.0,0.0,0.0,0.0,0.0,182.0,166892.0,418599.0,529621.0,533733.0,587826.0,981266.0,1171159.0,1191934.0,865499.0
"Delos Wealth Advisors, LLC",0.0,0.0,0.0,0.0,0.0,0.0,19.0,151.0,121.0,67.0,13.0,2338.0,4445.0,11214.0,7897.0,7924.0,101199.0,159368.0,25504.0,66209.0
Delphia (USA) Inc.,0.0,0.0,0.0,0.0,0.0,0.0,0.0,972.0,593.0,1060.0,295.0,0.0,0.0,898238.0,0.0,0.0,0.0,0.0,0.0,0.0
"Delta Accumulation, LLC",0.0,0.0,0.0,0.0,0.0,0.0,0.0,0.0,0.0,0.0,0.0,0.0,0.0,423020.0,434990.0,423020.0,903560.0,3374360.0,1214400.0,2428800.0
Delta Financial Advisors LLC,576.0,743.0,1042.0,999.0,1016.0,1517.0,1567.0,2231.0,2064.0,1149.0,954.0,0.0,0.0,0.0,0.0,0.0,0.0,0.0,0.0,0.0
"Delta Financial Group, Inc.",0.0,0.0,0.0,0.0,0.0,0.0,0.0,0.0,0.0,0.0,0.0,284.0,671.0,1434.0,1609.0,1884.0,3431.0,4947.0,5105.0,5601.0
Delta Global Management LP,0.0,0.0,0.0,0.0,0.0,0.0,0.0,0.0,0.0,0.0,0.0,0.0,0.0,0.0,0.0,6187279.0,29760556.0,49238967.0,45515591.0,24980626.0
"Delta Investment Management, LLC",0.0,2809.0,328.0,2873.0,366.0,633.0,659.0,968.0,906.0,505.0,542.0,644706.0,1134886.0,1551997.0,1618311.0,1552574.0,2927706.0,4437794.0,4754728.0,5892462.0
"Demars Financial Group, LLC",0.0,8136.0,5776.0,4256.0,4005.0,6057.0,4855.0,6757.0,5890.0,1069.0,831.0,623645.0,1168704.0,1719310.0,1703582.0,1964866.0,3765733.0,5270630.0,5105477.0,41930.0
Dempze Nancy E,13.0,19.0,27.0,26.0,27.0,93.0,96.0,136.0,393.0,307.0,309.0,347667.0,777200.0,1149768.0,1522465.0,1827857.0,3080236.0,3909423.0,3995133.0,3872252.0
"Denver PWM, LLC",0.0,0.0,0.0,0.0,0.0,0.0,0.0,0.0,0.0,0.0,0.0,0.0,0.0,0.0,0.0,0.0,938699.0,1507175.0,2855741.0,1492373.0
Derbend Asset Management,0.0,0.0,0.0,0.0,0.0,1200.0,1243.0,1765.0,1765.0,921.0,737.0,887654.0,1677981.0,2580199.0,2670854.0,3083500.0,5722963.0,0.0,0.0,0.0
Deseret Mutual Benefit Administrators,0.0,0.0,0.0,0.0,0.0,349.0,821.0,1219.0,966.0,552.0,373.0,88122.0,178328.0,255081.0,207490.0,150052.0,221372.0,255357.0,216770.0,205061.0
Desjardins Global Asset Management Inc.,0.0,0.0,0.0,0.0,0.0,0.0,0.0,5831.0,9139.0,3084.0,2486.0,2341.0,13862.0,18289090.0,17188634.0,19755254.0,0.0,0.0,0.0,0.0
Destination Wealth Management,1287.0,1857.0,2615.0,2535.0,2770.0,4168.0,4331.0,3330.0,25818.0,3955.0,1323.0,1510592.0,2992734.0,4429558.0,4592236.0,5517926.0,11458736.0,7324950.0,8589200.0,9940839.0
Destiny Capital Corp/CO,0.0,0.0,0.0,0.0,0.0,0.0,0.0,0.0,0.0,0.0,0.0,0.0,0.0,276232.0,0.0,323379.0,590025.0,806716.0,891808.0,743967.0
"Destiny Wealth Partners, LLC",0.0,0.0,0.0,0.0,0.0,0.0,201.0,471.0,472.0,228.0,126.0,151839.0,318047.0,515757.0,506328.0,566376.0,1039998.0,1733762.0,1741694.0,5951471.0
"Detalus Advisors, LLC",0.0,0.0,0.0,0.0,0.0,0.0,0.0,226.0,224.0,0.0,0.0,0.0,292214.0,296996.0,311933.0,368444.0,597253.0,1512833.0,1398223.0,1756883.0
"Deuterium Capital Management, LLC",0.0,0.0,0.0,0.0,0.0,0.0,0.0,5770.0,9332.0,5184.0,4152.0,4997988.0,5749839.0,8819120.0,2171768.0,1337094.0,2439612.0,3335580.0,0.0,0.0
"DiMeo Schneider & Associates, L.L.C.",0.0,0.0,0.0,481.0,0.0,0.0,0.0,0.0,0.0,0.0,0.0,0.0,0.0,0.0,0.0,0.0,0.0,0.0,0.0,0.0
"DiNuzzo Private Wealth, Inc.",0.0,0.0,0.0,0.0,0.0,0.0,0.0,0.0,0.0,0.0,0.0,0.0,0.0,0.0,0.0,120834.0,149088.0,288961.0,1037220.0,1156506.0
Dilation Capital Management LP,0.0,0.0,0.0,0.0,0.0,0.0,0.0,0.0,0.0,0.0,0.0,0.0,0.0,0.0,0.0,0.0,0.0,0.0,0.0,9367399.0
"Diligent Investors, LLC",233.0,393.0,486.0,490.0,448.0,511.0,511.0,795.0,884.0,522.0,467.0,620625.0,1038549.0,1083304.0,1096146.0,1252921.0,2747606.0,4391431.0,4215988.0,5086043.0
Disciplina Capital Management LLC,0.0,0.0,0.0,16710.0,30968.0,51220.0,54931.0,61526.0,65001.0,36112.0,28935.0,34844.0,60404.0,156712.0,161170.0,183501.0,334824.0,457828.0,252584.0,279355.0
"Discipline Wealth Solutions, LLC",0.0,0.0,0.0,0.0,0.0,0.0,0.0,0.0,0.0,0.0,0.0,0.0,0.0,0.0,0.0,0.0,0.0,0.0,792153.0,901787.0
"Disciplined Equity Management, Inc.",0.0,0.0,0.0,0.0,0.0,0.0,0.0,607.0,744.0,433.0,545.0,333.0,855254.0,1290211.0,1326720.0,1632246.0,1752907.0,2001348.0,1539860.0,1709512.0
"Disciplined Investments, LLC",2.0,2.0,3.0,0.0,0.0,0.0,0.0,25.0,108.0,23.0,56.0,59479.0,112775.0,33842.0,0.0,0.0,0.0,247080.0,0.0,0.0
"Disciplined Investors, L.L.C.",0.0,0.0,0.0,0.0,0.0,0.0,0.0,0.0,0.0,0.0,0.0,0.0,0.0,0.0,0.0,0.0,0.0,0.0,0.0,281031.0
Discovery Value Fund,0.0,0.0,0.0,0.0,0.0,0.0,0.0,0.0,0.0,0.0,0.0,0.0,0.0,0.0,4023223.0,3669085.0,6775796.0,0.0,10960810.0,45597498.0
"Divergent Planning, LLC",0.0,0.0,0.0,0.0,0.0,0.0,0.0,0.0,0.0,0.0,0.0,0.0,0.0,0.0,0.0,0.0,263860.0,448980.0,443591.0,0.0
"Diversified Enterprises, LLC",0.0,0.0,0.0,0.0,0.0,0.0,0.0,0.0,0.0,0.0,0.0,0.0,0.0,0.0,0.0,0.0,0.0,0.0,7362247.0,9085822.0
"Diversified Investment Strategies, LLC",0.0,0.0,0.0,0.0,0.0,0.0,0.0,0.0,0.0,0.0,0.0,0.0,0.0,0.0,0.0,0.0,713812.0,447833.0,440220.0,446514.0
"Diversified Portfolios, Inc.",0.0,0.0,0.0,0.0,0.0,0.0,0.0,235.0,218.0,0.0,0.0,0.0,255548.0,307959.0,0.0,0.0,0.0,0.0,0.0,0.0
Diversified Trust Co,2894.0,4161.0,6619.0,6204.0,6097.0,9575.0,9879.0,14282.0,10475.0,5079.0,3886.0,6065.0,12359931.0,19176342.0,20007318.0,23506062.0,50325490.0,76803346.0,76646017.0,88271894.0
"Diversified, LLC",0.0,0.0,0.0,44.0,0.0,0.0,0.0,0.0,0.0,0.0,337.0,568904.0,1083551.0,1778761.0,1869989.0,2281447.0,4065065.0,7476711.0,7362247.0,0.0
"Diversify Advisory Services, LLC",0.0,0.0,0.0,0.0,0.0,0.0,0.0,0.0,0.0,0.0,0.0,0.0,0.0,0.0,0.0,0.0,65858529.0,117056641.0,140235796.0,129157109.0
Dixon Hughes Goodman Wealth Advisors LLC,0.0,0.0,0.0,0.0,0.0,0.0,0.0,44.0,56.0,0.0,0.0,0.0,0.0,0.0,0.0,0.0,0.0,0.0,0.0,0.0
Dixon Mitchell Investment Counsel Inc.,0.0,0.0,0.0,0.0,0.0,0.0,0.0,0.0,0.0,0.0,0.0,0.0,0.0,0.0,0.0,0.0,0.0,31256.0,0.0,19606.0
"Dodds Wealth, LLC",0.0,0.0,0.0,0.0,0.0,0.0,0.0,0.0,0.0,0.0,0.0,0.0,0.0,0.0,0.0,426368.0,861077.0,1646234.0,1925339.0,2100507.0
Dodge & Cox,0.0,0.0,0.0,0.0,0.0,0.0,0.0,0.0,0.0,0.0,0.0,0.0,33000187.0,0.0,0.0,0.0,0.0,0.0,0.0,0.0
Dogwood Wealth Management LLC,0.0,0.0,0.0,0.0,0.0,0.0,0.0,0.0,0.0,0.0,0.0,0.0,0.0,0.0,0.0,676605.0,1051039.0,0.0,1527868.0,0.0
"Domani Wealth, LLC",710.0,1047.0,1409.0,1360.0,1526.0,2156.0,2233.0,3173.0,3031.0,1232.0,987.0,1226000.0,2330213.0,0.0,0.0,0.0,0.0,0.0,0.0,0.0
"Dominguez Wealth Management Solutions, Inc.",0.0,0.0,0.0,0.0,0.0,0.0,0.0,0.0,0.0,0.0,0.0,0.0,0.0,0.0,218080.0,466173.0,859598.0,1182706.0,1106497.0,1224791.0
Donoghue Forlines LLC,0.0,0.0,0.0,501.0,405.0,0.0,0.0,1614.0,854.0,573.0,0.0,0.0,0.0,1350280.0,2711293.0,3082745.0,1803506.0,1703122.0,1529172.0,0.0
"Donor Advised Charitable Giving, Inc.",0.0,0.0,0.0,0.0,0.0,0.0,0.0,0.0,0.0,0.0,0.0,0.0,0.0,0.0,0.0,0.0,0.0,0.0,4013776589.0,4328380222.0
Dorsey Wright & Associates,0.0,992.0,4439.0,4842.0,3332.0,4932.0,4983.0,7533.0,2473.0,0.0,0.0,0.0,0.0,2390000.0,3811000.0,7367000.0,13842000.0,12761000.0,12730000.0,14262000.0
DoubleLine ETF Adviser LP,0.0,0.0,0.0,0.0,0.0,0.0,0.0,0.0,0.0,0.0,0.0,2287529.0,5149578.0,0.0,0.0,0.0,0.0,0.0,0.0,0.0
"Douglas Lane & Associates, LLC",85943.0,119789.0,124772.0,113299.0,111295.0,160381.0,157420.0,202351.0,177299.0,97735.0,77822.0,92788647.0,135514943.0,187463479.0,164283159.0,161725045.0,237694856.0,294247612.0,263622395.0,272346916.0
"Douglass Winthrop Advisors, LLC",382.0,756.0,1045.0,1034.0,1051.0,1575.0,1548.0,2198.0,2065.0,1303.0,1048.0,1244.0,2364.0,3553791.0,3616072.0,4122706.0,7662189.0,10231830.0,15112115.0,17793715.0
Doyle Wealth Management,258.0,378.0,568.0,606.0,632.0,1000.0,1152.0,1724.0,1725.0,934.0,755.0,0.0,0.0,0.0,0.0,0.0,0.0,0.0,0.0,0.0
"Drake & Associates, LLC",0.0,0.0,0.0,0.0,0.0,0.0,0.0,0.0,0.0,642.0,390.0,475978.0,908310.0,1509340.0,1503766.0,1673850.0,2753160.0,661702.0,803468.0,1516084.0
"Draper Asset Management, LLC",0.0,0.0,0.0,2142.0,2325.0,3606.0,3857.0,5582.0,5360.0,3015.0,2476.0,3004779.0,4966946.0,7887317.0,8376156.0,9850730.0,17818503.0,24533906.0,23824873.0,25404386.0
Drexel Morgan & Co.,0.0,0.0,0.0,0.0,0.0,0.0,0.0,0.0,0.0,0.0,0.0,0.0,0.0,0.0,0.0,0.0,0.0,222372.0,218592.0,241722.0
Driehaus Capital Management LLC,0.0,0.0,0.0,0.0,0.0,0.0,0.0,0.0,0.0,0.0,0.0,0.0,0.0,1461957.0,1353254.0,1852618.0,6528221.0,8142768.0,4285982.0,3709493.0
"Drucker Wealth 3.0, LLC",0.0,0.0,0.0,0.0,0.0,0.0,0.0,0.0,0.0,0.0,0.0,0.0,0.0,0.0,0.0,0.0,0.0,2060653.0,2480296.0,2480296.0
Dubuque Bank & Trust Co,0.0,0.0,0.0,0.0,0.0,0.0,0.0,0.0,0.0,0.0,0.0,0.0,0.0,0.0,595501.0,0.0,0.0,0.0,0.0,0.0
"Duncan Williams Asset Management, LLC",0.0,0.0,0.0,0.0,0.0,0.0,0.0,0.0,0.0,0.0,0.0,0.0,0.0,0.0,0.0,0.0,493149.0,1083727.0,1386634.0,1253410.0
"Dunhill Financial, LLC",0.0,0.0,0.0,0.0,0.0,0.0,0.0,0.0,0.0,0.0,0.0,0.0,0.0,1369989.0,1431700.0,1428200.0,2558471.0,2004577.0,3214485.0,3934641.0
"Dupree Financial Group, LLC",0.0,0.0,0.0,0.0,0.0,0.0,0.0,0.0,0.0,0.0,0.0,0.0,0.0,0.0,0.0,0.0,0.0,238432.0,240816.0,220813.0
Dynamic Advisor Solutions LLC,1649.0,2642.0,4480.0,4311.0,3747.0,6481.0,7855.0,11103.0,11389.0,6725.0,5431.0,6332504.0,12590882.0,16583038.0,18529029.0,19406446.0,35599704.0,49182564.0,49361996.0,49328146.0
Dynamic Technology Lab Private Ltd,391.0,0.0,0.0,714.0,0.0,358.0,0.0,2195.0,0.0,0.0,0.0,0.0,1365.0,4636.0,3457.0,3888.0,2452.0,1801.0,3227000.0,1725000.0
"Dynamic Wealth Strategies, LLC",0.0,0.0,0.0,0.0,0.0,0.0,0.0,0.0,0.0,0.0,0.0,0.0,0.0,0.0,0.0,109939.0,207.0,292.0,325.0,361912.0
"Dynasty Wealth Management, LLC",0.0,0.0,0.0,0.0,0.0,0.0,0.0,0.0,0.0,0.0,0.0,0.0,0.0,0.0,0.0,0.0,0.0,0.0,0.0,345052.0
"E Fund Management (Hong Kong) Co., Ltd.",0.0,570.0,0.0,783.0,0.0,0.0,0.0,0.0,0.0,0.0,0.0,0.0,1114.0,1588.0,27.0,91.0,173.0,449.0,275.0,108.0
"E Fund Management Co., Ltd.",0.0,0.0,0.0,0.0,7738731.0,0.0,10484.0,13034.0,12763.0,7068.0,5601.0,7459.0,0.0,0.0,0.0,0.0,0.0,0.0,0.0,0.0
"E&G Advisors, LP",333.0,443.0,631.0,613.0,613.0,923.0,964.0,1368.0,1232.0,694.0,531.0,610573.0,2209938.0,1708155.0,1995734.0,2589010.0,5065357.0,6503146.0,5332066.0,5822412.0
E. Ohman J:or Asset Management AB,26724559.0,38713969.0,41616029.0,42294545.0,52374795.0,80724489.0,81739536.0,104971977.0,85853489.0,51058544.0,42205846.0,19528834.0,59339727.0,88701795.0,96904897.0,100672283.0,203865725.0,275214258.0,257157944.0,282119118.0
EA Series Trust,0.0,0.0,0.0,0.0,0.0,0.0,0.0,0.0,0.0,0.0,0.0,0.0,0.0,1543600.0,0.0,0.0,0.0,0.0,0.0,0.0
EADS & HEALD WEALTH MANAGEMENT,1299.0,1810.0,1859.0,1606.0,1724.0,2521.0,2489.0,3118.0,2783.0,1526.0,1172.0,1318.0,2282.0,2994.0,2724.0,3075.0,5558.0,7396.0,6471.0,7033.0
EAGLE ASSET MANAGEMENT INC,3297.0,6221.0,8722.0,313.0,9204.0,13457.0,13576.0,20001.0,19197.0,8423.0,6743.0,6231000.0,17695000.0,33880098.0,35632645.0,38342414.0,66552360.0,94282192.0,121284573.0,0.0
EAGLE GLOBAL ADVISORS LLC,0.0,0.0,0.0,0.0,0.0,311.0,331.0,472.0,307.0,0.0,0.0,0.0,0.0,0.0,12621236.0,14387137.0,26552030.0,36206507.0,35623230.0,46972650.0
"EAGLE ROCK INVESTMENT COMPANY, LLC",0.0,0.0,0.0,0.0,0.0,0.0,0.0,0.0,0.0,0.0,0.0,0.0,0.0,0.0,0.0,0.0,0.0,0.0,265504.0,202013.0
EAGLE WEALTH STRATEGIES LLC,0.0,0.0,0.0,0.0,0.0,0.0,0.0,0.0,0.0,0.0,0.0,0.0,0.0,0.0,0.0,269930.0,443748.0,1044010.0,1133483.0,1295389.0
EARNEST PARTNERS LLC,74.0,106.0,151.0,146.0,149.0,223.0,231.0,328.0,305.0,169.0,135.0,163092.0,309991.0,472090.0,485449.0,552666.0,1023733.0,1399708.0,1399475.0,1511165.0
EASTERN BANK,0.0,0.0,0.0,0.0,0.0,0.0,0.0,0.0,0.0,0.0,0.0,0.0,0.0,56262.0,20562152.0,33494254.0,64969573.0,89677807.0,192413823.0,213188498.0
EATON VANCE MANAGEMENT,166249.0,508090.0,369947.0,781620.0,399087.0,615837.0,661946.0,1984433.0,0.0,559153.0,443204.0,0.0,0.0,0.0,0.0,0.0,0.0,0.0,0.0,0.0
ECLECTIC ASSOCIATES INC /ADV,0.0,0.0,0.0,351.0,369.0,554.0,627.0,703.0,566.0,315.0,253.0,303995.0,579480.0,878692.0,906615.0,1032155.0,1670685.0,2808194.0,2518550.0,2858545.0
ECOFI INVESTISSEMENTS SA,0.0,0.0,0.0,0.0,0.0,0.0,0.0,0.0,0.0,0.0,0.0,0.0,0.0,0.0,0.0,0.0,0.0,118678.0,96417.0,124422.0
EDGEWOOD MANAGEMENT LLC,1526675.0,2268354.0,2711576.0,2651273.0,2835366.0,3598266.0,3427985.0,3303336.0,3327796.0,1692984.0,1550548.0,1685209318.0,2268064548.0,2329500496.0,2141540593.0,2397854256.0,2738211473.0,1936993420.0,2050710283.0,2296377129.0
EDMOND DE ROTHSCHILD HOLDING S.A.,7641.0,9737.0,15020.0,18446.0,21448.0,29541.0,28482.0,37789.0,46140.0,32722.0,24121.0,30083066.0,43379064.0,59236760.0,56329900.0,55085916.0,129179840.0,161623798.0,182181373.0,179542238.0
EFG Asset Management (Americas) Corp.,2918.0,3198.0,3651.0,0.0,0.0,0.0,0.0,0.0,0.0,0.0,0.0,0.0,0.0,0.0,0.0,0.0,0.0,12138690.0,11540098.0,16371094.0
EFG Asset Management (North America) Corp.,0.0,0.0,0.0,0.0,0.0,0.0,0.0,7383.0,6274.0,2859.0,2117.0,2498135.0,3892947.0,4847653.0,4447492.0,8901985.0,16143074.0,20249089.0,19108126.0,23672379.0
EHP Funds Inc.,0.0,0.0,0.0,0.0,0.0,0.0,0.0,0.0,0.0,0.0,0.0,0.0,0.0,0.0,0.0,0.0,0.0,0.0,1226544.0,2282930.0
EHRLICH FINANCIAL GROUP,0.0,0.0,0.0,0.0,0.0,0.0,0.0,0.0,0.0,0.0,0.0,0.0,0.0,0.0,0.0,0.0,227697.0,436714.0,426133.0,432953.0
EIGHT 31 FINANCIAL LLC,0.0,0.0,0.0,0.0,0.0,0.0,0.0,0.0,0.0,0.0,0.0,0.0,0.0,0.0,0.0,501658.0,0.0,0.0,0.0,0.0
"EIGHT 31 FINANCIAL, LLC",0.0,0.0,0.0,0.0,0.0,0.0,0.0,0.0,0.0,0.0,0.0,0.0,0.0,0.0,0.0,0.0,1008373.0,1350293.0,1238446.0,1366804.0
EJF Capital LLC,0.0,0.0,0.0,0.0,0.0,0.0,0.0,0.0,0.0,0.0,0.0,0.0,0.0,0.0,0.0,0.0,0.0,308850.0,364320.0,268580.0
"ELCO Management Co., LLC",0.0,0.0,0.0,0.0,0.0,200.0,207.0,294.0,327.0,0.0,0.0,0.0,426377.0,649336.0,670755.0,763629.0,1527016.0,2131065.0,2396618.0,2761271.0
ELEMENT CAPITAL MANAGEMENT LLC,0.0,0.0,0.0,0.0,0.0,0.0,0.0,0.0,2026.0,1688.0,0.0,0.0,11805225.0,0.0,0.0,0.0,2051081.0,0.0,28550544.0,0.0
"ELEMENT POINTE ADVISORS, LLC",633.0,976.0,1520.0,1527435.0,1940.0,3686924.0,3204.0,4653.0,3527.0,1618.0,840.0,1429395.0,2705758.0,4289846.0,4449078.0,9647876.0,17603156.0,12055898.0,11369456.0,12546312.0
"ELEVATE WEALTH ADVISORY, INC",0.0,0.0,0.0,0.0,0.0,0.0,0.0,0.0,0.0,0.0,0.0,0.0,0.0,0.0,0.0,0.0,363510.0,520260.0,514738.0,609696.0
"ELEVATION WEALTH PARTNERS, LLC",0.0,0.0,0.0,0.0,0.0,0.0,0.0,0.0,0.0,0.0,0.0,0.0,0.0,0.0,0.0,0.0,0.0,0.0,0.0,1589848.0
ELEVATUS WELATH MANAGEMENT,0.0,0.0,0.0,0.0,0.0,0.0,0.0,0.0,0.0,0.0,0.0,0.0,0.0,3397114.0,7396359.0,12183005.0,22661887.0,16863056.0,13440811.0,19768049.0
ELKHORN PARTNERS LIMITED PARTNERSHIP,0.0,0.0,0.0,0.0,0.0,0.0,0.0,0.0,0.0,0.0,0.0,0.0,0.0,0.0,10.0,1.0,0.0,0.0,61.0,40.0
ELLERSON GROUP INC /ADV,0.0,0.0,0.0,0.0,0.0,0.0,0.0,0.0,0.0,0.0,0.0,3444000.0,6543152.0,8505243.0,8706328.0,9983639.0,2507149.0,21740579.0,18354331.0,17390701.0
ELLINGTON MANAGEMENT GROUP LLC,949.0,0.0,0.0,0.0,0.0,0.0,0.0,0.0,0.0,0.0,0.0,0.0,0.0,0.0,0.0,0.0,0.0,0.0,0.0,0.0
"ELM ADVISORS, LLC",318.0,402.0,0.0,0.0,0.0,0.0,0.0,0.0,0.0,0.0,0.0,0.0,0.0,0.0,0.0,0.0,0.0,0.0,0.0,0.0
EMC Capital Management,0.0,0.0,0.0,0.0,267.0,1184.0,511.0,588.0,546.0,305.0,326.0,292.0,554.0,767.0,1616.0,1139.0,2054.0,2830.0,2428.0,2552.0
"EMERALD ADVISERS, LLC",1041.0,1501.0,2138.0,2056.0,2214.0,3318.0,3436.0,4633.0,4502.0,2198.0,1657.0,2133790.0,3511846.0,4587652.0,4356861.0,3535381.0,6889659.0,8822020.0,8672059.0,9387998.0
EMERALD MUTUAL FUND ADVISERS TRUST,286.0,400.0,561.0,574.0,633.0,949.0,983.0,1395.0,1236.0,662.0,517.0,563662.0,794144.0,961101.0,892599.0,951813.0,1944461.0,2588904.0,2544897.0,2750259.0
"EMFO, LLC",0.0,0.0,0.0,0.0,0.0,220.0,456.0,324.0,300.0,189.0,134.0,160754.0,305547.0,465322.0,478489.0,544742.0,993916.0,1938527.0,0.0,0.0
"EMG Holdings, L.P.",0.0,0.0,0.0,0.0,0.0,0.0,1139.0,0.0,2892.0,1592.0,0.0,0.0,0.0,0.0,0.0,0.0,0.0,0.0,0.0,0.0
EMORY UNIVERSITY,0.0,0.0,0.0,0.0,0.0,0.0,0.0,0.0,0.0,0.0,0.0,0.0,0.0,0.0,0.0,0.0,274682.0,378527.0,380107.0,439397.0
"ENCOMPASS WEALTH ADVISORS, LLC",0.0,0.0,0.0,468.0,0.0,0.0,0.0,0.0,0.0,0.0,0.0,0.0,0.0,0.0,357997.0,457088.0,1139290.0,2446821.0,2344387.0,1652151.0
"ENDEAVOR PRIVATE WEALTH, INC.",0.0,0.0,0.0,0.0,0.0,0.0,0.0,0.0,0.0,0.0,0.0,0.0,0.0,0.0,0.0,0.0,0.0,0.0,0.0,1745770.0
ENGINE NO. 1 LLC,0.0,0.0,0.0,0.0,0.0,1587.0,2783.0,5038.0,0.0,0.0,0.0,0.0,5114579.0,12492894.0,11466771.0,0.0,0.0,0.0,0.0,0.0
ENTERPRISE FINANCIAL SERVICES CORP,61.0,87.0,82.0,10.0,0.0,0.0,529.0,0.0,0.0,0.0,0.0,0.0,0.0,0.0,0.0,0.0,0.0,0.0,0.0,0.0
"ENTREWEALTH, LLC",0.0,0.0,0.0,0.0,0.0,0.0,0.0,0.0,0.0,0.0,0.0,0.0,0.0,0.0,0.0,0.0,0.0,0.0,0.0,593025.0
ENVESTNET ASSET MANAGEMENT INC,73083.0,116469.0,172068.0,188937.0,229908.0,370966.0,394546.0,579218.0,572967.0,296691.0,237799.0,280185148.0,516923685.0,797558075.0,871066494.0,1005477571.0,1849268650.0,2515408748.0,2498304152.0,2754147935.0
ENZI WEALTH,0.0,0.0,0.0,0.0,0.0,0.0,0.0,0.0,0.0,0.0,1229.0,1450092.0,2032463.0,0.0,0.0,0.0,0.0,1921172.0,2170322.0,2387240.0
"EP Wealth Advisors, LLC",780.0,1174.0,1630.0,1700.0,1709.0,3019.0,7000.0,6207.0,6587.0,4159.0,5521.0,7927269.0,347850.0,32518452.0,33388532.0,39189730.0,71156687.0,168798492.0,178978940.0,191763297.0
EPG Wealth Management LLC,349.0,570.0,678.0,873.0,966.0,1430.0,1501.0,2131.0,2176.0,1171.0,1022.0,1222549.0,3749208.0,5638352.0,6113609.0,9944885.0,12624470.0,15935335.0,13127145.0,13809459.0
"EPIQ Capital Group, LLC",0.0,0.0,0.0,0.0,0.0,0.0,0.0,0.0,0.0,0.0,0.0,0.0,0.0,0.0,0.0,0.0,334336.0,672874.0,679951.0,751955.0
EQ LLC,0.0,0.0,0.0,0.0,0.0,0.0,0.0,0.0,0.0,0.0,0.0,0.0,0.0,0.0,0.0,0.0,0.0,247080.0,643632.0,711737.0
EQUITABLE TRUST CO,1708.0,2548.0,2813.0,2049.0,1997.0,2971.0,3000.0,4338.0,7175.0,8061.0,2390.0,1672280.0,2195494.0,3135847.0,4689192.0,6611682.0,12133004.0,14962424.0,14479170.0,16245330.0
"EQUITEC PROPRIETARY MARKETS, LLC",0.0,0.0,0.0,0.0,0.0,0.0,0.0,441.0,0.0,0.0,49.0,102298.0,0.0,22589268.0,0.0,0.0,32708872.0,0.0,0.0,0.0
"ERn Financial, LLC",0.0,0.0,0.0,0.0,0.0,0.0,233.0,346.0,821.0,633.0,558.0,770563.0,1319165.0,1643135.0,1698989.0,2592716.0,4049857.0,11264196.0,5666825.0,6258591.0
ESG Planning,0.0,0.0,0.0,0.0,0.0,0.0,0.0,0.0,319.0,0.0,0.0,0.0,0.0,0.0,0.0,0.0,0.0,0.0,0.0,0.0
ESG Planning DBA Harper Investing,0.0,0.0,0.0,0.0,0.0,0.0,0.0,0.0,0.0,0.0,0.0,0.0,0.0,0.0,0.0,0.0,732787.0,6442487.0,25660637.0,21587923.0
"ESL Trust Services, LLC",0.0,0.0,0.0,0.0,0.0,0.0,0.0,0.0,0.0,0.0,0.0,0.0,0.0,0.0,0.0,0.0,0.0,21002.0,20645.0,22829.0
ESSEX INVESTMENT MANAGEMENT CO LLC,1318.0,2549.0,3632.0,2686.0,2418.0,3624.0,1906.0,1353.0,1188.0,889.0,0.0,1176.0,0.0,0.0,0.0,0.0,0.0,0.0,0.0,0.0
"ETF MANAGERS GROUP, LLC",3710.0,2287.0,3404.0,3448.0,3011.0,2367.0,1691.0,2157.0,2064.0,810.0,725.0,786233.0,1202188.0,0.0,0.0,0.0,0.0,0.0,0.0,0.0
"ETF Store, Inc.",0.0,0.0,0.0,0.0,0.0,0.0,0.0,705.0,490.0,420.0,334.0,585107.0,722646.0,739793.0,628631.0,761602.0,1440250.0,423107.0,451132.0,223696.0
"ETFIDEA, LLC",0.0,0.0,0.0,0.0,0.0,0.0,0.0,0.0,0.0,0.0,0.0,0.0,0.0,0.0,0.0,0.0,492531.0,811781.0,817378.0,0.0
ETRADE Capital Management LLC,565.0,623.0,1013.0,0.0,0.0,0.0,0.0,0.0,0.0,0.0,0.0,0.0,0.0,0.0,0.0,0.0,0.0,0.0,0.0,0.0
EUBEL BRADY & SUTTMAN ASSET MANAGEMENT INC,0.0,239.0,341.0,329.0,672.0,336.0,519.0,507.0,0.0,0.0,0.0,0.0,0.0,245.0,252.0,287.0,571.0,829.0,742.0,942.0
EUDAIMONIA ADVISORS LLC,0.0,0.0,0.0,0.0,0.0,0.0,0.0,0.0,0.0,0.0,0.0,0.0,0.0,0.0,0.0,0.0,639720.0,0.0,0.0,0.0
EULAV Asset Management,13182.0,16909.0,22731.0,20894.0,19760.0,27614.0,27771.0,28835.0,18565.0,10769.0,8622.0,9063314.0,16669541.0,24750066.0,25669642.0,28975832.0,49347053.0,61415972.0,46771196.0,49302872.0
"EVENTIDE ASSET MANAGEMENT, LLC",0.0,0.0,0.0,0.0,0.0,0.0,0.0,0.0,0.0,0.0,0.0,82131.0,100831.0,519892.0,498499.0,1547068.0,1287573.0,2204571.0,5387443.0,7236359.0
EVERENCE CAPITAL MANAGEMENT INC,10712.0,9947.0,13454.0,15884.0,8430.0,12249.0,12686.0,18560.0,20600.0,11444.0,9410.0,9249.0,17435.0,23675.0,27481.0,30830.0,56252.0,53790.0,76002.0,76868.0
EVERETT HARRIS & CO /CA/,206.0,288.0,576.0,581.0,594.0,861.0,882.0,1193.0,1101.0,577.0,462.0,536000.0,1039308.0,1493943.0,1574495.0,1888082.0,3359086.0,4668098.0,4638781.0,5242430.0
EVERGREEN CAPITAL MANAGEMENT LLC,1823.0,3238.0,3825.0,3863.0,4484.0,6563.0,7907.0,10870.0,11090.0,5197.0,4620.0,5779038.0,11001077.0,12072562.0,12032712.0,13059763.0,24381341.0,26465755.0,23557206.0,25137935.0
EVERMAY WEALTH MANAGEMENT LLC,0.0,0.0,0.0,0.0,0.0,112.0,199.0,147.0,125.0,82.0,87.0,131288.0,236486.0,545854.0,546075.0,1075484.0,1808678.0,2491090.0,2505447.0,2789101.0
EVERPAR ADVISORS LLC,0.0,0.0,0.0,0.0,0.0,0.0,0.0,0.0,0.0,0.0,0.0,0.0,0.0,0.0,0.0,2856429.0,4235889.0,7089343.0,6021360.0,6792522.0
"EVOKE WEALTH, LLC",180310.0,304.0,561.0,538.0,817.0,0.0,0.0,0.0,0.0,0.0,0.0,944263.0,1918182.0,3247041.0,3859695.0,4738880.0,11508923.0,617700.0,16267903.0,20497526.0
"EWA, LLC",0.0,0.0,0.0,0.0,0.0,0.0,0.0,0.0,0.0,0.0,0.0,0.0,257963.0,390572.0,586524.0,4246398.0,6295565.0,9003353.0,12060995.0,10833427.0
EWG Elevate Inc.,0.0,0.0,0.0,0.0,0.0,0.0,0.0,0.0,0.0,0.0,0.0,169376.0,343601.0,504663.0,376266.0,449883.0,772546.0,1106924.0,1095878.0,1422366.0
EXANE DERIVATIVES,1308213.0,798168.0,2674646.0,1498701.0,717597.0,1598124.0,1888377.0,2844490.0,2734670.0,586524.0,0.0,0.0,0.0,0.0,0.0,0.0,0.0,0.0,0.0,0.0
EXCALIBUR MANAGEMENT CORP,295.0,0.0,0.0,0.0,360.0,636.0,565.0,819.0,1335.0,523.0,280.0,331334.0,612205.0,831658.0,839096.0,1029563.0,1602916.0,2351091.0,2297525.0,2488261.0
"EXCHANGE TRADED CONCEPTS, LLC",677.0,4219.0,5762.0,7596.0,9390.0,18643.0,20277.0,93001.0,85649.0,43774.0,40222.0,41366941.0,64446251.0,59571368.0,57121582.0,65190761.0,72052585.0,24061639.0,25671323.0,22473163.0
EXECUTIVE WEALTH GROUP LLC,0.0,0.0,0.0,0.0,0.0,0.0,0.0,0.0,0.0,0.0,0.0,0.0,0.0,0.0,0.0,0.0,211840.0,0.0,0.0,0.0
"EXENCIAL WEALTH ADVISORS, LLC",361.0,723.0,1390.0,1168.0,1094.0,1799.0,981.0,1654.0,1533.0,963.0,643.0,890494.0,1802609.0,2577614.0,2955950.0,4931052.0,23985415.0,32936867.0,30276655.0,31456785.0
Eagle Bay Advisors LLC,0.0,0.0,0.0,0.0,0.0,275.0,453.0,737.0,543.0,272298.0,192.0,417415.0,827862.0,895224.0,1079011.0,963336.0,1549848.0,1608205.0,1594271.0,1407487.0
Eagle Bluffs Wealth Management LLC,0.0,0.0,0.0,0.0,0.0,0.0,0.0,0.0,854.0,1252.0,1158.0,1498081.0,3312129.0,4920992.0,3023180.0,3465550.0,6309559.0,8755898.0,8734926.0,8309865.0
"Eagle Capital Management, LLC",0.0,3775.0,5371.0,5183.0,5348.0,7981.0,7559.0,10411.0,9498.0,5249.0,4183.0,0.0,0.0,0.0,0.0,0.0,0.0,0.0,0.0,0.0
Eagle Ridge Investment Management,0.0,0.0,0.0,0.0,0.0,0.0,0.0,0.0,0.0,0.0,0.0,0.0,0.0,0.0,0.0,0.0,0.0,0.0,0.0,217281.0
Eagle Strategies LLC,0.0,0.0,0.0,0.0,0.0,0.0,0.0,1508.0,2103.0,1191.0,979.0,996241.0,1926202.0,3089266.0,3185966.0,3632678.0,1594999.0,9283341.0,9647479.0,10122365.0
"EagleClaw Capital Managment, LLC",3595.0,5034.0,7079.0,6593.0,6760.0,10146.0,20635.0,14420.0,12139.0,6653.0,5052.0,19944554.0,9871946.0,12660566.0,12720848.0,14417835.0,23497078.0,31830081.0,28307664.0,31691903.0
Eastover Investment Advisors LLC,0.0,0.0,0.0,0.0,0.0,0.0,0.0,0.0,0.0,0.0,0.0,0.0,0.0,0.0,2775236.0,3261519.0,8699618.0,11840669.0,10325384.0,11114723.0
"Eaton Financial Holdings Company, LLC",0.0,0.0,0.0,0.0,0.0,0.0,0.0,0.0,0.0,0.0,0.0,0.0,0.0,0.0,4947189.0,5659958.0,2195120.0,0.0,3894365.0,4303728.0
Eaton Vance Management,0.0,0.0,0.0,0.0,0.0,0.0,0.0,0.0,1022059.0,0.0,0.0,0.0,0.0,0.0,0.0,0.0,0.0,0.0,0.0,0.0
Eaton-Cambridge Inc.,0.0,0.0,0.0,0.0,0.0,0.0,0.0,0.0,0.0,0.0,0.0,0.0,0.0,0.0,0.0,956323.0,1551510.0,2212982.0,2274824.0,2536615.0
Echo Street Capital Management LLC,0.0,1946.0,0.0,1123.0,799.0,518.0,0.0,118004.0,156941.0,0.0,0.0,326623.0,0.0,180746294.0,154444504.0,0.0,0.0,0.0,0.0,0.0
"Echo Wealth Management, LLC",0.0,0.0,0.0,0.0,0.0,0.0,0.0,0.0,0.0,0.0,0.0,0.0,0.0,0.0,0.0,0.0,0.0,257087.0,321278.0,270863.0
Echo45 Advisors LLC,0.0,0.0,0.0,0.0,0.0,0.0,0.0,915.0,766.0,291.0,0.0,228709.0,392492.0,440364.0,575492.0,735897.0,1309258.0,1449371.0,1327096.0,1762390.0
Econ Financial Services Corp,0.0,0.0,0.0,0.0,0.0,0.0,0.0,12.0,11.0,0.0,0.0,0.0,0.0,0.0,0.0,0.0,0.0,0.0,0.0,0.0
"Edge Capital Group, LLC",259.0,404.0,601.0,610.0,684.0,1034.0,1295.0,1797.0,2702.0,1852.0,872.0,945641.0,1583786.0,2245723.0,2720770.0,3155932.0,5683201.0,7770015.0,7194802.0,9078371.0
Edge Financial Advisors LLC,0.0,0.0,0.0,0.0,0.0,0.0,0.0,0.0,0.0,0.0,0.0,0.0,0.0,0.0,0.0,0.0,1446940.0,0.0,525103.0,610777.0
Edge Wealth Management LLC,928.0,95.0,53.0,19.0,28.0,42.0,66.0,306.0,0.0,397.0,465.0,508851.0,895305.0,921849.0,632567.0,726594.0,1135969.0,1066417.0,965425.0,1055007.0
EdgeRock Capital LLC,0.0,0.0,0.0,0.0,0.0,0.0,0.0,0.0,0.0,0.0,512.0,661.0,1302.0,1779229.0,1307582.0,1986129.0,2392844.0,3724040.0,3916733.0,4797852.0
"Edgemoor Investment Advisors, Inc.",0.0,0.0,0.0,0.0,0.0,208.0,226.0,614.0,606.0,337.0,269.0,324431.0,548874.0,585883.0,665535.0,3814680.0,14234684.0,20359145.0,20616140.0,22828720.0
"Edgestream Partners, L.P.",475.0,0.0,759.0,37585.0,7091.0,14163.0,5642.0,10359.0,15481.0,9280.0,0.0,1461254.0,7486457.0,12615302.0,15964133.0,14089009.0,26755315.0,10068386.0,9501466.0,1119039.0
"Edmonds Duncan Registered Investment Advisors, LLC",587.0,845.0,1204.0,786.0,707.0,1055.0,1113.0,1347.0,1466.0,814.0,652.0,782872.0,1481070.0,215740.0,250119.0,284752.0,519547.0,728886.0,7800967.0,0.0
Eidelman Virant Capital,0.0,1795.0,7299.0,1593.0,1302.0,1507.0,1570.0,2209.0,2009.0,855.0,653.0,0.0,0.0,0.0,0.0,0.0,0.0,0.0,0.0,0.0
Eisler Capital (UK) Ltd.,0.0,0.0,0.0,0.0,61.0,112.0,44742.0,807.0,78856.0,100278.0,34084.0,56660824.0,178541112.0,451508282.0,17582332.0,35158640.0,0.0,0.0,1590985.0,0.0
Eisler Capital (US) LLC,0.0,0.0,0.0,0.0,0.0,0.0,0.0,0.0,0.0,0.0,0.0,0.0,0.0,26058032.0,65320708.0,17728876.0,46995963.0,151468564.0,129928656.0,0.0
"Eldridge Investment Advisors, Inc.",0.0,0.0,0.0,0.0,0.0,0.0,0.0,0.0,0.0,0.0,0.0,0.0,0.0,0.0,0.0,0.0,0.0,334.0,328.0,295.0
Elefante Mark B,0.0,133.0,0.0,0.0,0.0,0.0,0.0,0.0,0.0,0.0,0.0,0.0,0.0,0.0,0.0,0.0,0.0,0.0,0.0,3571443.0
"Element Wealth, LLC",0.0,0.0,0.0,0.0,0.0,0.0,0.0,0.0,0.0,0.0,0.0,0.0,0.0,0.0,0.0,0.0,311194.0,389676.0,434615.0,491380.0
Elemental Capital Partners LLC,0.0,0.0,0.0,0.0,0.0,0.0,0.0,0.0,0.0,0.0,0.0,0.0,0.0,0.0,0.0,0.0,0.0,0.0,0.0,6646818.0
"Elequin Capital, LP",0.0,0.0,0.0,0.0,0.0,0.0,0.0,0.0,0.0,0.0,0.0,0.0,0.0,0.0,0.0,0.0,0.0,18284.0,0.0,118227842.0
"Elequin Securities, LLC",0.0,0.0,0.0,0.0,0.0,0.0,0.0,0.0,0.0,0.0,0.0,95868.0,0.0,0.0,0.0,0.0,0.0,0.0,0.0,0.0
"Elevate Capital Advisors, LLC",0.0,0.0,0.0,0.0,0.0,0.0,0.0,0.0,0.0,0.0,0.0,0.0,0.0,0.0,0.0,0.0,0.0,0.0,0.0,272770.0
"Elevated Capital Advisors, LLC",0.0,1381.0,1084.0,1156.0,1401.0,0.0,1611.0,0.0,1990.0,0.0,931.0,558843.0,1019694.0,444171.0,452825.0,491753.0,897235.0,1173012.0,2157260.0,3006907.0
"Eley Financial Management, Inc",0.0,0.0,0.0,0.0,0.0,0.0,0.0,0.0,0.0,0.0,0.0,2409285.0,4612410.0,5083431.0,4666108.0,4971018.0,8713322.0,11546202.0,8578643.0,8422132.0
Elgethun Capital Management,0.0,172.0,257.0,248.0,248.0,372.0,314.0,460.0,413.0,229.0,208.0,243292.0,473872.0,518485.0,479126.0,534323.0,341706.0,460646.0,465567.0,670562.0
Elios Financial Group Inc.,0.0,0.0,0.0,0.0,0.0,0.0,0.0,0.0,0.0,0.0,0.0,0.0,0.0,0.0,0.0,0.0,0.0,0.0,577692.0,638922.0
Elite Life Management LLC,0.0,0.0,0.0,0.0,0.0,0.0,0.0,0.0,0.0,0.0,0.0,0.0,0.0,0.0,0.0,615119.0,1164790.0,1683494.0,1670179.0,1876181.0
"Elite Wealth Management, Inc.",0.0,0.0,1253.0,1294.0,1474.0,2181.0,2191.0,2949.0,2575.0,1411.0,1105.0,1396950.0,2649416.0,15536326.0,18663906.0,21524444.0,41445944.0,56279702.0,55987605.0,57980134.0
"Elk River Wealth Management, LLC",0.0,0.0,0.0,0.0,0.0,0.0,0.0,0.0,0.0,0.0,0.0,0.0,0.0,0.0,0.0,0.0,265647.0,6008122.0,6074551.0,6759488.0
Ellenbecker Investment Group,0.0,0.0,252.0,243.0,249.0,373.0,386.0,555.0,515.0,294.0,236.0,325.0,618.0,854.0,899.0,1073.0,2057733.0,2822043.0,2693193.0,2616385.0
"Ellevest, Inc.",8.0,41.0,81.0,109.0,112.0,285.0,305.0,433.0,472.0,211.0,200.0,218333.0,418044.0,574030.0,652050.0,857226.0,1818866.0,2663769.0,2861491.0,3907973.0
"Ellis Investment Partners, LLC",14.0,23.0,32.0,32.0,32.0,48.0,57.0,81.0,83.0,46.0,37.0,0.0,0.0,0.0,0.0,0.0,502644.0,1036311.0,1114024.0,1051383.0
"Ellsworth Advisors, LLC",0.0,1917.0,2056.0,2106.0,2166.0,3220.0,3329.0,4680.0,2090.0,1467.0,1169.0,1680372.0,2643104.0,2442491.0,2382254.0,2818714.0,4758551.0,6638576.0,6452508.0,10609430.0
"Elm3 Financial Group, LLC",0.0,0.0,0.0,0.0,0.0,0.0,0.0,0.0,0.0,0.0,0.0,0.0,0.0,0.0,0.0,0.0,0.0,0.0,0.0,7364252.0
"Elmwood Wealth Management, Inc.",16218.0,117.0,117.0,0.0,164.0,246.0,0.0,362.0,342.0,204.0,0.0,0.0,353038.0,549272.0,564817.0,0.0,1080632.0,1508387.0,2429129.0,2706307.0
Elo Mutual Pension Insurance Co,0.0,0.0,0.0,22907.0,23844.0,34626.0,36015.0,55277.0,52920.0,29872.0,22829.0,28170.0,54562.0,85984.0,89925.0,106792000.0,212003000.0,281758913.0,283921741.0,303683943.0
"Elser Financial Planning, Inc",0.0,0.0,0.0,0.0,0.0,0.0,0.0,0.0,0.0,0.0,0.0,0.0,0.0,0.0,0.0,0.0,0.0,1471480.0,0.0,1634455.0
"Elwood & Goetz Wealth Advisory Group, LLC",0.0,0.0,0.0,0.0,0.0,0.0,0.0,0.0,0.0,0.0,0.0,0.0,0.0,0.0,0.0,0.0,229504.0,317004.0,360920.0,403139.0
"Elyxium Wealth, LLC",0.0,0.0,0.0,0.0,0.0,0.0,0.0,0.0,0.0,0.0,0.0,0.0,0.0,0.0,0.0,0.0,0.0,0.0,1178454.0,4289862.0
Embree Financial Group,0.0,0.0,0.0,0.0,0.0,0.0,0.0,0.0,0.0,0.0,0.0,0.0,0.0,0.0,0.0,2361265.0,5397174.0,9339567.0,9876539.0,10961996.0
"Emerald Advisors, LLC",0.0,0.0,0.0,0.0,0.0,220.0,0.0,224.0,230.0,0.0,0.0,238131.0,352081.0,550574.0,497449.0,577729.0,1154413.0,1516720.0,1686496.0,1926808.0
"Emerson Wealth, LLC",0.0,0.0,0.0,0.0,0.0,0.0,0.0,0.0,27.0,0.0,0.0,0.0,0.0,0.0,0.0,0.0,0.0,0.0,0.0,0.0
"Empire Financial Management Company, LLC",0.0,0.0,0.0,0.0,0.0,0.0,0.0,0.0,0.0,0.0,0.0,0.0,3144654.0,4316530.0,840438.0,970181.0,1958098.0,2789672.0,2215445.0,2411064.0
"Empirical Asset Management, LLC",0.0,0.0,0.0,0.0,0.0,0.0,0.0,266.0,230.0,0.0,0.0,0.0,235134.0,358089.0,358668.0,473712.0,2337871.0,0.0,5553097.0,6801230.0
"Empirical Capital Management, LLC",0.0,0.0,0.0,0.0,0.0,0.0,0.0,0.0,0.0,0.0,0.0,0.0,0.0,0.0,0.0,0.0,0.0,0.0,364.0,0.0
"Empirical Finance, LLC",830.0,1389.0,2561.0,3046.0,3046.0,8578.0,6151.0,12099.0,12603.0,7449.0,7228.0,9488558.0,18837528.0,32005693.0,36762745.0,42213543.0,79700317.0,106333225.0,106430137.0,116299840.0
"Empirical Financial Services, LLC d.b.a. Empirical Wealth Management",2527.0,4651.0,1456.0,3131.0,1103.0,2468.0,5890.0,7331.0,6704.0,3300.0,4745.0,4660699.0,8252476.0,29651772.0,37359747.0,149319035.0,226294150.0,165923829.0,63877523.0,85752958.0
Employees Retirement System of Texas,29708.0,42816.0,60995.0,54674.0,53767.0,85688.0,87534.0,117291.0,108817.0,54390.0,48849.0,58809.0,156280.0,204522.0,196954.0,228196.0,405708.0,541083.0,475012.0,52875386.0
"Empower Advisory Group, LLC",0.0,0.0,0.0,0.0,0.0,0.0,0.0,0.0,0.0,0.0,0.0,0.0,135351232.0,200652659.0,156946947.0,181633618.0,271556075.0,340066362.0,336278397.0,373396279.0
"Empowered Funds, LLC",1147.0,1387.0,1527.0,1694.0,1694.0,0.0,505.0,929.0,1076.0,1020.0,967.0,0.0,1854948.0,1543600.0,1639477.0,2269098.0,9167520.0,6373429.0,6804769.0,9416549.0
Emprise Bank,0.0,0.0,0.0,0.0,0.0,0.0,0.0,0.0,0.0,0.0,0.0,0.0,0.0,0.0,0.0,0.0,4068731.0,5462939.0,5176987.0,5469632.0
Enclave Advisors LLC,0.0,0.0,0.0,0.0,0.0,0.0,0.0,0.0,0.0,0.0,0.0,0.0,0.0,0.0,0.0,0.0,0.0,0.0,8659878.0,9361775.0
Encompass More Asset Management,0.0,0.0,0.0,0.0,0.0,0.0,0.0,0.0,0.0,0.0,0.0,0.0,0.0,0.0,0.0,294201.0,594707.0,1392784.0,2198281.0,3246335.0
"Endurance Wealth Management, Inc.",898.0,684.0,982.0,958.0,1082.0,1621.0,1690.0,2448.0,2271.0,1292.0,1071.0,1248.0,2371.0,3628.0,0.0,0.0,0.0,0.0,0.0,0.0
Engineers Gate Manager LP,1805.0,1219.0,6758.0,8064.0,1976.0,2691.0,2739.0,4574.0,6517.0,5486.0,942.0,0.0,284159.0,7862250.0,10279684.0,5688097.0,3196795.0,5065511.0,20208223.0,14713350.0
"Engle Capital Management, L.P.",0.0,0.0,0.0,0.0,0.0,0.0,0.0,0.0,0.0,0.0,0.0,0.0,0.0,0.0,0.0,0.0,3614240.0,0.0,0.0,0.0
Engrave Wealth Partners LLC,52.0,1734.0,2783.0,299.0,0.0,258.0,250.0,353.0,254.0,0.0,0.0,0.0,0.0,277924.0,616816.0,813151.0,0.0,0.0,0.0,0.0
Enhancing Capital LLC,0.0,0.0,0.0,0.0,0.0,0.0,0.0,1235.0,1146.0,1872.0,507.0,0.0,0.0,0.0,0.0,0.0,0.0,0.0,0.0,5170165.0
"Enlightenment Research, LLC",0.0,1862.0,325.0,2752.0,0.0,4041.0,1533.0,0.0,600.0,2380.0,0.0,0.0,0.0,0.0,0.0,0.0,0.0,0.0,0.0,0.0
"Ensign Peak Advisors, Inc",223184.0,368348.0,529609.0,460470.0,464974.0,696610.0,629593.0,889960.0,720935.0,377404.0,329884.0,426666543.0,719989005.0,1192786109.0,1217878913.0,1310171861.0,2455435144.0,3300741596.0,3329928031.0,3318285086.0
Enterprise Bank & Trust Co,1334.0,2003.0,2742.0,2592.0,2830.0,4262.0,4287.0,5954.0,5075.0,2563.0,2052.0,2479411.0,4511818.0,6204857.0,5775797.0,6396262.0,10659297.0,13480191.0,12913565.0,14358153.0
Enterprise Financial Services Corp,0.0,0.0,0.0,0.0,11.0,0.0,0.0,0.0,0.0,0.0,0.0,0.0,0.0,0.0,0.0,0.0,0.0,0.0,0.0,0.0
Enterprise Trust & Investment Co,6234.0,8178.0,11644.0,11813.0,11466.0,17142.0,17754.0,24705.0,22047.0,12635.0,0.0,0.0,0.0,0.0,0.0,0.0,0.0,0.0,0.0,0.0
"Entropy Technologies, LP",0.0,0.0,0.0,0.0,0.0,0.0,0.0,0.0,0.0,0.0,0.0,0.0,0.0,0.0,0.0,0.0,0.0,9961277.0,3716064.0,12415782.0
"EntryPoint Capital, LLC",0.0,0.0,0.0,0.0,0.0,0.0,0.0,0.0,0.0,0.0,0.0,0.0,0.0,0.0,0.0,162927.0,184326.0,0.0,348168.0,388635.0
"Envestnet Portfolio Solutions, Inc.",0.0,0.0,0.0,0.0,0.0,0.0,0.0,0.0,0.0,0.0,0.0,0.0,0.0,0.0,40016158.0,51569530.0,108865305.0,145895964.0,142277896.0,160477194.0
Envoi LLC,0.0,0.0,0.0,0.0,0.0,0.0,0.0,0.0,0.0,0.0,0.0,0.0,0.0,0.0,0.0,0.0,801458.0,0.0,0.0,0.0
"Epic Trust Investment Advisors, LLC",0.0,0.0,0.0,0.0,0.0,0.0,0.0,268.0,231.0,0.0,592.0,685.0,775002.0,504703.0,668185.0,775568.0,1024744.0,1482895.0,0.0,0.0
Epstein & White Financial LLC,0.0,0.0,0.0,0.0,0.0,302.0,0.0,0.0,0.0,0.0,0.0,0.0,0.0,0.0,0.0,0.0,0.0,0.0,0.0,0.0
"Eqis Capital Management, Inc.",615.0,910.0,1484.0,1589.0,1694.0,2132.0,614.0,1075.0,991.0,815128.0,705262.0,645796.0,1016874.0,2099232.0,0.0,0.0,0.0,0.0,0.0,0.0
"Equita Financial Network, Inc.",0.0,0.0,0.0,0.0,0.0,0.0,0.0,0.0,0.0,0.0,0.0,0.0,0.0,0.0,0.0,0.0,362.0,663.0,776.0,839607.0
Ergoteles LLC,0.0,0.0,0.0,209.0,0.0,480.0,0.0,0.0,929.0,1155.0,1281.0,0.0,1221632.0,11391506.0,0.0,0.0,0.0,0.0,0.0,0.0
"Erickson Financial Group, LLC",0.0,0.0,0.0,0.0,0.0,0.0,0.0,0.0,0.0,0.0,0.0,0.0,0.0,0.0,0.0,0.0,0.0,221754.0,254417.0,281338.0
Erste Asset Management GmbH,12260347.0,18459782.0,30542865.0,31549364.0,47090181.0,76508406.0,91751713.0,108466184.0,111558757.0,66780777.0,42267704.0,57855860.0,89138985.0,122260528.0,143028782.0,175106265.0,267361768.0,320615818.0,381389382.0,407868220.0
Eschler Asset Management LLP,0.0,0.0,0.0,0.0,0.0,0.0,0.0,0.0,0.0,0.0,0.0,0.0,0.0,0.0,0.0,1679786.0,0.0,0.0,0.0,0.0
"Essential Planning, LLC.",0.0,0.0,0.0,0.0,0.0,0.0,0.0,0.0,0.0,0.0,0.0,0.0,0.0,0.0,0.0,0.0,0.0,748293.0,798361.0,12300379.0
"Essex Financial Services, Inc.",798.0,1167.0,1394.0,1390.0,1975.0,1975.0,3944.0,5597.0,10900.0,2935.0,2302.0,2781.0,5222340.0,6816730.0,6556848.0,8224339.0,16100955.0,25373230.0,0.0,0.0
Essex LLC,0.0,0.0,0.0,0.0,0.0,0.0,714.0,1017.0,1410.0,361.0,252.0,1690727.0,1690727.0,6992738.0,3550517.0,3928239.0,3509716.0,4483805.0,4430296.0,4505654.0
"Essex Private Wealth Management, LLC",0.0,0.0,0.0,0.0,0.0,0.0,279.0,526.0,499.0,318.0,253.0,299391.0,514767.0,665077.0,528605.0,490839.0,905907.0,1458509.0,1435118.0,0.0
Essex Savings Bank,4.0,5.0,0.0,0.0,0.0,0.0,0.0,0.0,21.0,24.0,27.0,51731.0,105823.0,102791.0,143541.0,192634.0,192634.0,398044.0,399654.0,371979.0
Estabrook Capital Management,383538.0,926809.0,561786.0,474158.0,484808.0,706488.0,715116.0,899094.0,826766.0,442794.0,324111.0,462533.0,879142.0,1075317.0,1003522.0,1058285.0,1447503.0,2455975.0,2373545.0,2610598.0
"Estate Counselors, LLC",503.0,525.0,767.0,127.0,66.0,99.0,102.0,145.0,135.0,75.0,60.0,0.0,0.0,209818.0,215755.0,1359874.0,2517318.0,3441824.0,3383318.0,3741319.0
Estuary Capital Management LP,0.0,0.0,0.0,0.0,0.0,0.0,0.0,0.0,0.0,0.0,0.0,0.0,0.0,0.0,0.0,0.0,0.0,0.0,30015110.0,0.0
"Etesian Wealth Advisors, Inc.",0.0,0.0,0.0,0.0,0.0,0.0,0.0,0.0,0.0,0.0,0.0,1024444.0,1807176.0,2680256.0,2562092.0,2739558.0,2150473.0,2986951.0,2963501.0,3226854.0
Ethic Inc.,901.0,1644.0,3067.0,3631.0,5289.0,10898.0,13406.0,23618.0,22853.0,14600.0,11611.0,16213712.0,38777383.0,62327169.0,67010181.0,80973944.0,158138487.0,228963579.0,158138487.0,285560967.0
"Ethos Financial Group, LLC",0.0,0.0,0.0,0.0,0.0,0.0,0.0,0.0,0.0,0.0,0.0,458602.0,677788.0,677788.0,540332.0,791.0,3418.0,3514.0,3140000.0,4311935.0
Eubel Brady & Suttman Asset Management Inc,0.0,0.0,0.0,0.0,0.0,0.0,0.0,0.0,507.0,0.0,0.0,0.0,0.0,0.0,0.0,0.0,0.0,0.0,0.0,0.0
"Eudaimonia Partners, LLC",249.0,366.0,1347.0,661.0,579.0,1474.0,1528.0,0.0,2070.0,1935.0,1633.0,3146216.0,6572077.0,7985503.0,8370320.0,8187487.0,12029122.0,0.0,0.0,0.0
Eukles Asset Management,562.0,755.0,1061.0,783.0,1070.0,2078.0,2536.0,2913.0,2697.0,1546.0,1286.0,4026.0,7612020.0,10194366.0,10557688.0,11918990.0,15698508.0,21377574.0,17473850.0,18467138.0
"Evanson Asset Management, LLC",0.0,223.0,300.0,314.0,418.0,631.0,2479.0,764.0,736.0,428.0,367.0,592341.0,607571.0,1116484.0,2020683.0,2357434.0,4335623.0,6236927.0,6222231.0,6865325.0
"EverSource Wealth Advisors, LLC",0.0,0.0,0.0,0.0,0.0,0.0,0.0,853.0,453.0,489.0,854.0,780742.0,2784503.0,4694477.0,4934597.0,6142975.0,18402199.0,18968475.0,20122577.0,23585975.0
"Evercore Wealth Management, LLC",542.0,736.0,1222.0,1198.0,1799.0,2686.0,2897.0,2781.0,2519.0,31621.0,27731.0,35685634.0,65919265.0,93033943.0,96363335.0,115390717.0,194924999.0,264430575.0,259949971.0,280780381.0
Everest Management Corp.,0.0,0.0,0.0,0.0,0.0,0.0,0.0,0.0,0.0,0.0,0.0,0.0,0.0,0.0,0.0,0.0,0.0,0.0,0.0,2198193.0
"Evergreen Advisors, LLC",0.0,0.0,0.0,0.0,0.0,0.0,0.0,0.0,0.0,0.0,0.0,0.0,0.0,0.0,0.0,0.0,0.0,0.0,0.0,412136.0
Evergreen Private Wealth LLC,0.0,0.0,0.0,0.0,0.0,0.0,0.0,0.0,0.0,0.0,0.0,0.0,0.0,0.0,0.0,0.0,0.0,114892.0,120035.0,132736.0
"Evergreen Wealth Management, LLC",0.0,0.0,0.0,0.0,0.0,0.0,0.0,0.0,0.0,0.0,0.0,0.0,0.0,0.0,0.0,0.0,0.0,0.0,0.0,1323478.0
"Evergreen Wealth Solutions, LLC",0.0,0.0,0.0,0.0,0.0,0.0,0.0,1404.0,1351.0,757.0,566.0,690.0,1299.0,1765857.0,1800742.0,2052693.0,3691184.0,5627660.0,5489251.0,6595354.0
"Everhart Financial Group, Inc.",0.0,0.0,0.0,304.0,322.0,661.0,977.0,1596.0,1907.0,1097.0,471.0,1480802.0,2907934.0,4751722.0,5038477.0,6826619.0,13743203.0,20752915.0,22205716.0,26661608.0
"Evernest Financial Advisors, LLC",0.0,0.0,0.0,0.0,0.0,0.0,0.0,8587357.0,0.0,0.0,0.0,0.0,0.0,0.0,0.0,5934169.0,10216072.0,7269117.0,4525120.0,9064600.0
"Everstar Asset Management, LLC",0.0,0.0,0.0,0.0,0.0,0.0,0.0,0.0,0.0,0.0,0.0,0.0,0.0,0.0,0.0,0.0,0.0,0.0,787903.0,980720.0
"Evoke Wealth, LLC",0.0,0.0,0.0,0.0,0.0,1324.0,1320.0,2366.0,2213.0,1253.0,948.0,0.0,0.0,0.0,0.0,0.0,0.0,0.0,0.0,0.0
"Evolution Wealth Advisors, LLC",344.0,449.0,858.0,692.0,693.0,882.0,783.0,1126.0,1110.0,623.0,223.0,268605.0,627760.0,279193.0,287093.0,300599.0,517747.0,1392585.0,2147776.0,2277968.0
Exchange Bank,0.0,0.0,0.0,0.0,0.0,0.0,0.0,0.0,0.0,0.0,0.0,0.0,0.0,576999.0,704249.0,678946.0,1130353.0,1480751.0,1452058.0,1601812.0
"Executive Wealth Management, LLC",1780.0,2196.0,3133.0,3562.0,4267.0,7223.0,7615.0,9525.0,8690.0,3744.0,3539.0,4064999.0,13426786.0,9918229.0,10759063.0,12764631.0,20002803.0,52568788.0,48386898.0,24875997.0
"Exeter Financial, LLC",0.0,0.0,0.0,0.0,0.0,0.0,0.0,0.0,0.0,0.0,0.0,0.0,0.0,0.0,0.0,0.0,0.0,230896.0,290727.0,347543.0
"ExodusPoint Capital Management, LP",5101.0,0.0,0.0,0.0,0.0,0.0,36022.0,0.0,2142.0,0.0,0.0,1038.0,49215.0,227744.0,201164.0,61112.0,808006.0,632723.0,1001454.0,435422.0
Exos TFP Holdings LLC,0.0,0.0,0.0,0.0,0.0,0.0,0.0,0.0,0.0,0.0,747.0,850681.0,3389905.0,0.0,0.0,0.0,0.0,0.0,0.0,0.0
"F&V Capital Management, LLC",679.0,970.0,1377.0,1312.0,677.0,770.0,707.0,752.0,225.0,0.0,0.0,0.0,0.0,0.0,0.0,0.0,0.0,0.0,0.0,233.0
F/M Investments LLC,0.0,0.0,0.0,3673.0,3897.0,4726.0,4832.0,4946.0,5982276.0,9452.0,2600.0,2909864.0,4563065.0,3694446.0,3755056.0,4269547.0,7795130.0,98628878.0,95190066.0,92250739.0
"F3Logic, LLC",0.0,0.0,0.0,0.0,0.0,0.0,0.0,0.0,506.0,0.0,0.0,240586.0,0.0,0.0,0.0,0.0,0.0,0.0,0.0,0.0
"FACT Capital, LP",0.0,0.0,0.0,0.0,0.0,0.0,0.0,0.0,0.0,0.0,0.0,0.0,0.0,6915954.0,0.0,0.0,0.0,0.0,0.0,0.0
FACTORY MUTUAL INSURANCE CO,40332.0,55163.0,64297.0,63342.0,62567.0,87479.0,90662.0,79786.0,101013.0,56118.0,44939.0,54101028.0,102830454.0,147507074.0,140310374.0,159738163.0,280157814.0,373214340.0,377198469.0,399129755.0
"FAGAN ASSOCIATES, INC.",2495.0,3814.0,5360.0,3497.0,3514.0,5274.0,5371.0,8023.0,8687.0,4503.0,3106.0,3749564.0,6895100.0,10368667.0,10656002.0,12124535.0,16366322.0,22279422.0,20456783.0,22091787.0
"FAIRFIELD, BUSH & CO.",2504.0,3609.0,5142.0,4961.0,5072.0,7676.0,8286.0,1578.0,1464.0,403.0,324.0,258522.0,8055052.0,22420483.0,420200.0,694794.0,1254141.0,1706705.0,1959434.0,2092911.0
"FAIRVIEW CAPITAL INVESTMENT MANAGEMENT, LLC",0.0,0.0,0.0,0.0,0.0,0.0,0.0,0.0,0.0,0.0,0.0,0.0,0.0,0.0,0.0,224334.0,741822.0,1026617.0,1009166.0,1308709.0
"FALCON POINT CAPITAL, LLC",281.0,405.0,447.0,314.0,0.0,0.0,0.0,0.0,0.0,0.0,0.0,0.0,0.0,0.0,0.0,0.0,0.0,0.0,0.0,0.0
FARMERS & MERCHANTS INVESTMENTS INC,84.0,286.0,997.0,972.0,946.0,1422.0,1459.0,2187.0,1970.0,1062.0,889.0,1023857.0,1861337.0,2956487.0,3047540.0,3481397.0,6514668.0,8894015.0,8949764.0,8928674.0
FARMERS & MERCHANTS TRUST Co OF LONG BEACH,0.0,0.0,0.0,0.0,0.0,287.0,290.0,412.0,360.0,0.0,0.0,0.0,0.0,0.0,0.0,0.0,316246.0,1132244.0,1323331.0,1620343.0
FARMERS TRUST CO,0.0,0.0,0.0,0.0,0.0,0.0,0.0,0.0,0.0,0.0,0.0,393.0,524430.0,700944.0,699029.0,830484.0,771640.0,1024147.0,865260.0,861605.0
FARR MILLER & WASHINGTON LLC/DC,0.0,388.0,553.0,534.0,555.0,848.0,892.0,0.0,0.0,0.0,0.0,0.0,0.0,0.0,0.0,0.0,0.0,0.0,0.0,0.0
FAS Wealth Partners,0.0,0.0,0.0,0.0,0.0,0.0,0.0,0.0,0.0,0.0,1477.0,2030224.0,0.0,0.0,0.0,0.0,0.0,0.0,0.0,0.0
"FAS Wealth Partners, Inc.",0.0,0.0,0.0,0.0,0.0,0.0,0.0,0.0,0.0,0.0,0.0,0.0,3127331.0,4986185.0,5480292.0,5733302.0,10475527.0,15225431.0,15970268.0,17738923.0
FC Advisory LLC,0.0,0.0,0.0,0.0,0.0,0.0,0.0,0.0,0.0,0.0,0.0,0.0,0.0,0.0,0.0,0.0,0.0,247080.0,250895.0,277445.0
FCA CORP /TX,0.0,0.0,0.0,0.0,0.0,0.0,0.0,0.0,0.0,0.0,0.0,0.0,403600.0,576999.0,578537.0,659633.0,1114089.0,1569205.0,1542774.0,1695143.0
FCF Advisors LLC,0.0,0.0,0.0,0.0,0.0,0.0,0.0,2544.0,2424.0,1294.0,965.0,1136969.0,2223271.0,3363855.0,0.0,0.0,0.0,0.0,0.0,0.0
"FCG ADVISORS, LLC",223.0,0.0,0.0,0.0,0.0,0.0,0.0,0.0,0.0,0.0,0.0,0.0,0.0,0.0,0.0,0.0,0.0,0.0,0.0,0.0
FCG Investment Co,0.0,0.0,0.0,0.0,0.0,0.0,0.0,0.0,0.0,0.0,0.0,0.0,0.0,0.0,0.0,2379532.0,4388591.0,6715140.0,7929668.0,9381768.0
"FDx Advisors, Inc.",2620.0,4625.0,0.0,3824.0,11808.0,6180.0,0.0,11419.0,7738.0,4196.0,2425.0,2496.0,2496.0,10184.0,5594.0,6501.0,5325.0,3623.0,3662.0,3889.0
"FERGUSON WELLMAN CAPITAL MANAGEMENT, INC",0.0,0.0,268.0,235.0,298.0,440.0,427.0,606.0,44888.0,23538.0,527.0,649.0,1177189.0,43619707.0,57466094.0,83436151.0,170449366.0,240546587.0,418632704.0,247152345.0
"FF Advisors,LLC",0.0,0.0,0.0,0.0,0.0,0.0,0.0,0.0,0.0,0.0,0.0,0.0,0.0,0.0,0.0,0.0,531293.0,726415.0,814199.0,760795.0
"FFG Partners, LLC",0.0,0.0,0.0,0.0,0.0,0.0,0.0,0.0,0.0,0.0,0.0,0.0,0.0,0.0,0.0,17756421.0,41607252.0,56995692.0,67223207.0,45422943.0
FFT WEALTH MANAGEMENT LLC,0.0,0.0,0.0,0.0,0.0,0.0,0.0,0.0,0.0,0.0,0.0,0.0,0.0,370566.0,619143.0,839825.0,1880908.0,3053562.0,3929214.0,5049415.0
FIDELITY D & D BANCORP INC,0.0,0.0,0.0,0.0,0.0,0.0,0.0,0.0,0.0,0.0,0.0,0.0,254804.0,0.0,0.0,0.0,254804.0,368149.0,361891.0,756322.0
"FIDUCIARY ADVISORS, INC.",0.0,0.0,0.0,0.0,0.0,0.0,0.0,0.0,0.0,0.0,0.0,0.0,0.0,0.0,0.0,0.0,0.0,0.0,0.0,115088.0
"FIDUCIARY FAMILY OFFICE, LLC",0.0,0.0,0.0,0.0,0.0,0.0,0.0,0.0,0.0,0.0,0.0,0.0,0.0,0.0,0.0,1705285.0,3972794.0,4269542.0,4356539.0,1522582.0
"FIDUCIARY FINANCIAL GROUP, LLC",0.0,0.0,0.0,0.0,0.0,0.0,0.0,0.0,0.0,0.0,0.0,0.0,0.0,0.0,0.0,0.0,0.0,8647703.0,8828766.0,9290971.0
FIDUCIARY TRUST CO,1765.0,2745.0,2978.0,3950.0,4232.0,6442.0,6696.0,9471.0,9613.0,6305.0,4987.0,5930946.0,10876918.0,16304037.0,0.0,0.0,0.0,0.0,0.0,0.0
FIDUCIARY TRUST INTERNATIONAL LLC,0.0,9575.0,0.0,0.0,0.0,0.0,0.0,0.0,0.0,0.0,0.0,0.0,0.0,0.0,0.0,0.0,0.0,0.0,0.0,0.0
FIDUCIENT ADVISORS LLC,0.0,0.0,0.0,0.0,492.0,748.0,755.0,1020.0,926.0,1250.0,332.0,1833472.0,0.0,1345154.0,3167162.0,2421131.0,7614141.0,10161894.0,6012799.0,6485501.0
FIERA CAPITAL CORP,1239.0,1786.0,2544.0,450.0,0.0,3.0,0.0,0.0,0.0,0.0,0.0,0.0,0.0,0.0,0.0,0.0,0.0,0.0,0.0,0.0
"FIFTH LANE CAPITAL, LP",0.0,0.0,0.0,0.0,0.0,0.0,0.0,0.0,0.0,0.0,0.0,0.0,0.0,0.0,0.0,0.0,0.0,0.0,0.0,604305.0
"FINANCIAL ADVISORY PARTNERS, LLC",0.0,0.0,0.0,0.0,0.0,0.0,0.0,0.0,0.0,0.0,0.0,0.0,0.0,0.0,0.0,0.0,290043.0,396316.0,727183.0,790700.0
"FINANCIAL CONSULATE, INC",0.0,0.0,0.0,0.0,0.0,0.0,0.0,613.0,0.0,0.0,0.0,0.0,0.0,0.0,0.0,0.0,0.0,0.0,0.0,0.0
FINANCIAL COUNSELORS INC,6100.0,9973.0,13856.0,14247.0,14977.0,22753.0,23698.0,31470.0,29348.0,23585.0,19857.0,29201.0,52875.0,77227.0,79049158.0,89518638.0,157762842.0,219606573.0,220414739.0,242608801.0
FINANCIAL MANAGEMENT NETWORK INC,0.0,0.0,0.0,918.0,1042.0,1419.0,1385.0,2385.0,2337.0,1091.0,994.0,1043544.0,1867614.0,2914237.0,2880518.0,3579009.0,6114503.0,7891176.0,8011207.0,8998181.0
FINANCIAL PARTNERS CAPITAL MANAGEMENT LLC,342680.0,342.0,487098.0,469980.0,480537.0,720090.0,745776.0,1058796.0,982296.0,1462086.0,1173843.0,0.0,0.0,0.0,0.0,0.0,0.0,0.0,0.0,0.0
"FIRETHORN WEALTH PARTNERS, LLC",0.0,0.0,0.0,0.0,0.0,0.0,0.0,0.0,0.0,0.0,0.0,0.0,0.0,0.0,0.0,0.0,460817.0,625153.0,803122.0,909953.0
FIRETRAIL INVESTMENTS PTY LTD,0.0,0.0,0.0,0.0,0.0,0.0,0.0,0.0,0.0,0.0,0.0,0.0,0.0,0.0,0.0,0.0,0.0,0.0,20119536.0,25701755.0
FIRST AMERICAN BANK,0.0,0.0,0.0,0.0,0.0,0.0,0.0,0.0,4293453.0,2969803.0,3116696.0,3555587.0,7945619.0,14388593.0,15385195.0,17186620.0,32782965.0,45327941.0,44768619.0,49820397.0
"FIRST AMERICAN TRUST, FSB",0.0,0.0,58.0,41.0,0.0,430.0,427.0,613.0,804.0,367.0,237.0,0.0,0.0,291.0,369472.0,1093916.0,12641514.0,31866769.0,22415761.0,24146660.0
"FIRST BUSINESS FINANCIAL SERVICES, INC.",0.0,0.0,0.0,0.0,0.0,590.0,612.0,1105.0,991.0,637.0,510.0,617.0,1167467.0,1650201.0,1779109.0,0.0,0.0,9332582.0,9928934.0,11305741.0
FIRST CITIZENS BANK & TRUST CO,2389.0,6058.0,6134.0,5894.0,5980.0,5585.0,4957.0,7447.0,4761.0,2536.0,1405.0,2387.0,1069970.0,9751880.0,10177461.0,15974311.0,42315521.0,58526457.0,50996663.0,58898922.0
FIRST COMMUNITY TRUST NA,0.0,0.0,0.0,0.0,0.0,0.0,0.0,235288.0,218.0,124.0,97.0,117.0,166662.0,253812.0,130497.0,896348.0,3503102.0,4789646.0,5949224.0,6451829.0
FIRST FINANCIAL BANK - TRUST DIVISION,0.0,0.0,0.0,0.0,0.0,0.0,0.0,0.0,0.0,0.0,0.0,0.0,0.0,0.0,0.0,0.0,0.0,623877.0,1228487.0,1459733.0
FIRST FINANCIAL CORP /IN/,810.0,705.0,925.0,0.0,0.0,1099.0,1065.0,1310.0,1107.0,666.0,570.0,734030.0,1541263.0,1566811.0,1567635.0,1645548.0,2194688.0,2584810.0,2031934.0,2178721.0
FIRST FINANCIAL CORP/IN/,0.0,0.0,0.0,0.0,802.0,0.0,0.0,0.0,0.0,0.0,0.0,0.0,0.0,0.0,0.0,0.0,0.0,0.0,0.0,0.0
FIRST FINANCIALCORP /IN/,0.0,0.0,0.0,827.0,0.0,0.0,0.0,0.0,0.0,0.0,0.0,0.0,0.0,0.0,0.0,0.0,0.0,0.0,0.0,0.0
FIRST FOUNDATION ADVISORS,529.0,725.0,1242.0,5943.0,3394.0,5046.0,6017.0,9044.0,9728.0,5448.0,4248.0,4186161.0,7463161.0,11549301.0,9520769.0,7708694.0,15545090.0,21778861.0,20504673.0,25743628.0
FIRST HAWAIIAN BANK,115.0,169.0,254.0,242.0,265.0,439.0,440.0,626.0,559.0,313.0,223.0,306.0,574984.0,538081.0,548087.0,585845.0,1023733.0,1251213.0,1180640.0,924049.0
FIRST INTERSTATE BANK,11.0,0.0,0.0,0.0,0.0,82.0,85.0,121.0,0.0,312.0,123.0,9.0,17222.0,20305.0,87433.0,62893.0,103909.0,153807.0,77357.0,153628.0
FIRST MANHATTAN CO,1476.0,1656.0,2782.0,2718.0,3111.0,4302.0,4352.0,5537.0,4557.0,2273.0,1831.0,2400641.0,0.0,0.0,0.0,0.0,0.0,0.0,0.0,0.0
FIRST MANHATTAN CO. LLC.,0.0,0.0,0.0,0.0,0.0,0.0,0.0,0.0,0.0,0.0,0.0,0.0,4684868.0,7284830.0,7537078.0,22375037.0,44266321.0,121686904.0,158063200.0,221783026.0
FIRST MERCHANTS CORP,1335.0,1887.0,2615.0,0.0,0.0,3328.0,3324.0,4469.0,4072.0,2301.0,1878.0,2756482.0,5140220.0,7195806.0,7252410.0,8004058.0,16754507.0,19820511.0,19221402.0,20565842.0
FIRST MIDWEST BANK TRUST DIVISION,0.0,0.0,233.0,227.0,517.0,923.0,1054.0,1202.0,0.0,0.0,0.0,0.0,0.0,0.0,0.0,0.0,0.0,0.0,0.0,0.0
FIRST NATIONAL BANK & TRUST CO OF NEWTOWN,290.0,425.0,606.0,585.0,621.0,931.0,951.0,1350.0,1252.0,731.0,664.0,799967.0,1526010.0,2417075.0,2463723.0,2804866.0,5126740.0,7151730.0,7019230.0,6889073.0
FIRST NATIONAL BANK OF OMAHA,0.0,0.0,0.0,8991.0,11059.0,11059.0,17194.0,23557.0,16461.0,8885.0,6632.0,7812.0,14371264.0,19861635.0,16567899.0,16010957.0,27168242.0,28901812.0,25348656.0,26286730.0
FIRST NATIONAL BANK SIOUX FALLS,0.0,0.0,0.0,0.0,0.0,0.0,0.0,0.0,0.0,0.0,0.0,0.0,0.0,0.0,204010.0,232258.0,423770.0,579403.0,569554.0,629820.0
FIRST NATIONAL CORP /MA/ /ADV,0.0,0.0,0.0,0.0,0.0,0.0,276.0,420.0,476.0,348.0,294.0,349859.0,581095.0,813467.0,703814.0,831970.0,831970.0,1541067.0,1562112.0,1845987.0
"FIRST REPUBLIC INVESTMENT MANAGEMENT, INC.",81496.0,121204.0,222342.0,231514.0,217901.0,375812.0,415724.0,621987.0,611305.0,316130.0,254431.0,278219578.0,582180921.0,0.0,0.0,0.0,0.0,0.0,0.0,0.0
FIRST TRUST ADVISORS LP,141922.0,149210.0,197370.0,199624.0,214849.0,545438.0,316191.0,385402.0,375797.0,244867.0,220493.0,211063641.0,163993718.0,225630791.0,231199570.0,269595221.0,442578343.0,539353824.0,490448300.0,630797343.0
FIRST UNITED BANK & TRUST,0.0,0.0,0.0,0.0,0.0,0.0,230.0,327.0,430.0,232.0,428.0,451846.0,1036304.0,1652257.0,1754240.0,1832314.0,3185049.0,4315870.0,4022093.0,4358113.0
FIRST WESTERN TRUST BANK,0.0,0.0,0.0,0.0,0.0,0.0,0.0,0.0,585.0,401.0,0.0,0.0,0.0,0.0,0.0,0.0,0.0,0.0,0.0,0.0
"FISCHER INVESTMENT STRATEGIES, LLC",0.0,0.0,0.0,0.0,0.0,0.0,0.0,0.0,0.0,0.0,0.0,0.0,0.0,0.0,0.0,0.0,0.0,246263.0,305590.0,1312885.0
FISHMAN JAY A LTD/MI,0.0,0.0,0.0,0.0,0.0,0.0,0.0,0.0,0.0,259825.0,365869.0,615833.0,1170522.0,2030496.0,1196222.0,5170097.0,11936931.0,41036282.0,25793856.0,32215902.0
FJARDE AP-FONDEN /FOURTH SWEDISH NATIONAL PENSION FUND,43721.0,68217.0,100592.0,95490.0,98543.0,139426.0,141809.0,190124.0,168241.0,258799.0,90558.0,78346385.0,143941803.0,219296.0,215061.0,222794.0,416866.0,0.0,549340.0,578583.0
"FLAGSHIP HARBOR ADVISORS, LLC",2549.0,3389.0,5037.0,4816.0,5253.0,7935.0,7935.0,24748.0,11811.0,6097.0,4974.0,5786068.0,11184787.0,15872058.0,16553784.0,19533319.0,36302338.0,0.0,46618300.0,47787100.0
"FLAGSHIP WEALTH ADVISORS, LLC",0.0,0.0,0.0,0.0,0.0,0.0,0.0,0.0,0.0,0.0,0.0,0.0,0.0,0.0,0.0,0.0,0.0,0.0,0.0,5040370.0
FLC Capital Advisors,288.0,444.0,561.0,536.0,575.0,862.0,904.0,1235.0,922.0,538.0,401.0,328230.0,624983.0,828273.0,819521.0,1213289.0,2060117.0,3034142.0,3200673.0,3295074.0
"FLORIDA FINANCIAL ADVISORS, LLC",0.0,0.0,0.0,0.0,0.0,0.0,0.0,0.0,0.0,0.0,0.0,0.0,0.0,0.0,0.0,1015997.0,2285672.0,3764502.0,4237730.0,5991789.0
FLOSSBACH VON STORCH AG,0.0,0.0,0.0,0.0,0.0,0.0,2072.0,2941.0,3001.0,15007.0,12989.0,1607540.0,0.0,0.0,0.0,8458853.0,14994578.0,37856486.0,0.0,0.0
FLOSSBACH VON STORCH SE,0.0,0.0,0.0,0.0,0.0,0.0,0.0,0.0,0.0,0.0,0.0,0.0,0.0,0.0,0.0,0.0,0.0,0.0,37405949.0,36569853.0
FLOW TRADERS U.S. LLC,0.0,293.0,0.0,0.0,0.0,0.0,0.0,656.0,0.0,0.0,0.0,0.0,0.0,0.0,2098.0,0.0,235.0,529.0,463.0,20734.0
FLOYD FINANCIAL GROUP LLC,0.0,0.0,0.0,0.0,0.0,0.0,0.0,0.0,0.0,0.0,0.0,0.0,0.0,0.0,0.0,0.0,0.0,0.0,0.0,7442840.0
FLPUTNAM INVESTMENT MANAGEMENT CO,0.0,0.0,0.0,422.0,416.0,574.0,1090.0,4921.0,2569.0,1338.0,892.0,664225.0,3129113.0,4687959.0,7669797.0,19783605.0,68595397.0,157804003.0,153423302.0,172687443.0
"FLYNN ZITO CAPITAL MANAGEMENT, LLC",0.0,0.0,0.0,0.0,0.0,0.0,0.0,275.0,276.0,471.0,0.0,0.0,338888.0,510174.0,524619.0,645296.0,5472042.0,8310838.0,8021655.0,9555095.0
FMA ADVISORY INC,0.0,0.0,205.0,0.0,232.0,347.0,708.0,0.0,0.0,0.0,0.0,0.0,0.0,0.0,0.0,0.0,0.0,0.0,0.0,0.0
FMB WEALTH MANAGEMENT,0.0,0.0,0.0,0.0,0.0,0.0,0.0,0.0,0.0,0.0,0.0,213683.0,409517.0,641861.0,697445.0,790065.0,1423464.0,2042140.0,2692929.0,2851280.0
"FNY Investment Advisers, LLC",0.0,0.0,0.0,631.0,0.0,2128.0,1319.0,14.0,0.0,0.0,0.0,0.0,0.0,0.0,0.0,0.0,0.0,0.0,0.0,0.0
FOCUS FINANCIAL NETWORK INC /ADV,0.0,0.0,0.0,0.0,0.0,0.0,0.0,0.0,0.0,0.0,0.0,0.0,0.0,0.0,0.0,82877758.0,0.0,0.0,0.0,0.0
"FOCUS Wealth Advisors, LLC",0.0,0.0,0.0,0.0,0.0,0.0,0.0,0.0,0.0,0.0,0.0,0.0,250271.0,381141.0,391926.0,446193.0,814108.0,1244048.0,1248403.0,2910064.0
"FOLGER NOLAN FLEMING DOUGLAS CAPITAL MANAGEMENT, INC",0.0,0.0,0.0,0.0,0.0,599.0,1348.0,2003.0,1876.0,1080.0,929.0,1112000.0,2114000.0,3239000.0,3331000.0,3833000.0,7037000.0,9884435.0,9185964.0,8032153.0
"FORA Capital, LLC",4726000.0,0.0,0.0,7553000.0,0.0,0.0,0.0,6755.0,0.0,7346.0,0.0,0.0,0.0,19038861.0,19571070.0,0.0,8714836.0,0.0,0.0,0.0
FORBES J M & CO LLP,0.0,0.0,241.0,233.0,241.0,13746.0,14364.0,20446.0,19033.0,10590.0,8545.0,10241.0,19401.0,25696.0,23415947.0,26844391.0,43622070.0,60295550.0,59383796.0,60944025.0
FOREFRONT WEALTH MANAGEMENT INC.,0.0,0.0,0.0,0.0,0.0,0.0,0.0,4881.0,1784.0,956.0,0.0,0.0,0.0,0.0,0.0,0.0,0.0,0.0,0.0,529263.0
"FORESIGHT CAPITAL MANAGEMENT ADVISORS, INC.",0.0,0.0,0.0,0.0,0.0,0.0,0.0,5.0,4.0,0.0,0.0,0.0,0.0,0.0,0.0,1123000.0,3957000.0,5370000.0,4619000.0,5141653.0
FORMULA GROWTH LTD,0.0,0.0,0.0,0.0,4365.0,0.0,0.0,0.0,0.0,0.0,0.0,0.0,0.0,0.0,0.0,0.0,0.0,0.0,0.0,0.0
FORSTA AP-FONDEN,17029.0,28911.0,105754.0,63134.0,67329.0,180783.0,117750.0,167466.0,149664.0,86861.0,69860.0,106068412.0,163523199.0,253473584.0,262298970.0,295794906.0,599692772.0,760882860.0,804952896.0,887173456.0
"FORT PITT CAPITAL GROUP, LLC",821.0,1128.0,878.0,1972.0,1043.0,2102.0,1486.0,2161.0,2027.0,1157.0,872.0,1110299.0,1522305.0,2302688.0,2339137.0,4988302.0,4507364.0,6268976.0,6167634.0,0.0
FORT WASHINGTON INVESTMENT ADVISORS INC /OH/,0.0,0.0,1179.0,1138.0,1166.0,1747.0,1868.0,2615.0,2965.0,1477.0,1201.0,206.0,537763.0,866345.0,1112269.0,1950672.0,5546841.0,180959662.0,232189030.0,256921211.0
FORTE CAPITAL LLC /ADV,0.0,802.0,1364.0,1476.0,1585.0,2576.0,2642.0,3333.0,3333.0,4912.0,1313.0,1642253.0,3111732.0,4029921.0,7166124.0,11992144.0,21843693.0,30707422.0,29632050.0,31408806.0
"FORTEM FINANCIAL GROUP, LLC",2112.0,3147.0,1675.0,1486.0,1562.0,2444.0,2455.0,3441.0,3232.0,1680.0,1315.0,1592411.0,3145339.0,4865980.0,4963653.0,11417112.0,6462550.0,9657688.0,19666968.0,10855314.0
"FORTRESS FINANCIAL GROUP, LLC",0.0,0.0,0.0,0.0,0.0,0.0,0.0,0.0,0.0,0.0,0.0,0.0,0.0,0.0,0.0,0.0,0.0,0.0,0.0,580295.0
"FORTRESS PRIVATE LEDGER, LLC",0.0,0.0,0.0,0.0,0.0,0.0,0.0,0.0,0.0,0.0,0.0,0.0,0.0,0.0,0.0,0.0,0.0,0.0,0.0,10404469.0
"FORVIS Wealth Advisors, LLC",0.0,0.0,0.0,0.0,0.0,0.0,0.0,0.0,0.0,4689.0,3902.0,4718138.0,8909773.0,14087870.0,12591273.0,13592370.0,35033862.0,0.0,0.0,0.0
FOSTER & MOTLEY INC,0.0,0.0,0.0,0.0,0.0,0.0,0.0,0.0,0.0,0.0,0.0,0.0,0.0,0.0,0.0,328.0,819.0,1140.0,1298.0,1436.0
FOSTER DYKEMA CABOT & CO INC/MA,0.0,0.0,0.0,0.0,0.0,0.0,0.0,0.0,0.0,0.0,0.0,0.0,30.0,46.0,47.0,0.0,0.0,0.0,0.0,0.0
"FOSTER DYKEMA CABOT & PARTNERS, LLC",0.0,0.0,0.0,0.0,0.0,0.0,0.0,0.0,0.0,0.0,0.0,0.0,0.0,0.0,0.0,53979.0,144570.0,472170.0,1180854.0,20777349.0
FOUNDERS FINANCIAL SECURITIES LLC,249.0,770.0,764.0,1890.0,2248.0,3735.0,3507.0,4935.0,5138.0,2857.0,1958.0,2389471.0,4891599.0,8193116.0,8531361.0,10358469.0,17226844.0,24447277.0,21949350.0,24442360.0
"FOUNDERS GROVE WEALTH PARTNERS, LLC",0.0,0.0,0.0,0.0,0.0,0.0,0.0,0.0,0.0,0.0,0.0,0.0,0.0,0.0,0.0,0.0,0.0,0.0,0.0,1332145.0
"FOURPATH CAPITAL MANAGEMENT, LLC",0.0,0.0,0.0,0.0,0.0,0.0,0.0,0.0,0.0,0.0,0.0,0.0,0.0,0.0,0.0,0.0,0.0,0.0,0.0,2552048.0
"FOX RUN MANAGEMENT, L.L.C.",0.0,0.0,0.0,0.0,0.0,0.0,0.0,0.0,0.0,0.0,0.0,347083.0,0.0,0.0,0.0,0.0,0.0,0.0,0.0,0.0
"FPC INVESTMENT ADVISORY, INC.",0.0,0.0,0.0,0.0,0.0,0.0,0.0,0.0,0.0,0.0,0.0,0.0,0.0,0.0,0.0,0.0,23107.0,34218.0,37039.0,287808.0
FRANKLIN STREET ADVISORS INC /NC,17757.0,23100.0,0.0,0.0,0.0,0.0,0.0,0.0,0.0,0.0,0.0,0.0,0.0,0.0,0.0,0.0,0.0,0.0,0.0,0.0
"FRED ALGER MANAGEMENT, LLC",795052.0,413177.0,493352.0,354803.0,314114.0,558839.0,483249.0,846317.0,728732.0,124551.0,130053.0,279767938.0,1282221342.0,932277290.0,932397160.0,909645859.0,1454139789.0,1900177416.0,1809767631.0,1997489774.0
"FREEDOM WEALTH ALLIANCE, LLC",0.0,0.0,0.0,0.0,0.0,0.0,0.0,0.0,0.0,0.0,0.0,76265.0,0.0,265223.0,238314.0,0.0,0.0,0.0,0.0,0.0
FRG Family Wealth Advisors LLC,0.0,0.0,0.0,0.0,0.0,242.0,250.0,363.0,361.0,208.0,0.0,238939.0,450543.0,705597.0,712079.0,873568.0,1573568.0,2081795.0,2555008.0,2698155.0
FRIESS ASSOCIATES LLC,28435.0,0.0,0.0,0.0,0.0,0.0,0.0,0.0,0.0,0.0,0.0,0.0,0.0,0.0,0.0,0.0,0.0,0.0,0.0,0.0
FRONT BARNETT ASSOCIATES LLC,0.0,0.0,0.0,0.0,0.0,0.0,0.0,265.0,246.0,0.0,0.0,0.0,298.0,453.0,462.0,0.0,0.0,0.0,0.0,0.0
FRONTIER INVESTMENT MGMT CO,8635.0,12372.0,0.0,0.0,0.0,0.0,0.0,0.0,0.0,0.0,0.0,0.0,0.0,0.0,0.0,0.0,0.0,0.0,0.0,0.0
"FSA Advisors, Inc.",0.0,0.0,0.0,0.0,0.0,0.0,0.0,0.0,0.0,0.0,0.0,0.0,0.0,0.0,0.0,242658.0,531292.0,448334.0,677000.0,1747034.0
FSA Wealth Management LLC,0.0,4.0,0.0,26.0,0.0,0.0,0.0,0.0,0.0,0.0,0.0,0.0,257493.0,379872.0,205316.0,234.0,439135.0,0.0,663312.0,566847.0
"FSB PREMIER WEALTH MANAGEMENT, INC.",0.0,0.0,0.0,0.0,0.0,0.0,0.0,53.0,0.0,0.0,0.0,0.0,0.0,0.0,0.0,0.0,0.0,277379.0,414870.0,463609.0
"FSC Wealth Advisors, LLC",0.0,0.0,0.0,0.0,0.0,0.0,0.0,12.0,11.0,10.0,33.0,30256.0,34443.0,52454.0,53939.0,150550.0,274691.0,512715.0,516143.0,670653.0
"FSM Wealth Advisors, LLC",0.0,0.0,0.0,0.0,0.0,0.0,0.0,0.0,0.0,0.0,486.0,605020.0,1235243.0,1831907.0,1796968.0,2026975.0,3635106.0,5043175.0,5822780.0,6843932.0
FSR Wealth Management Ltd.,0.0,0.0,0.0,0.0,0.0,0.0,0.0,0.0,0.0,0.0,0.0,0.0,0.0,0.0,0.0,0.0,0.0,0.0,0.0,1618857.0
FUKOKU MUTUAL LIFE INSURANCE Co,738.0,2511.0,2901.0,1728.0,1714.0,3448.0,3994.0,4418.0,3910.0,2119.0,1742.0,2028277.0,3642954.0,6433288.0,11207517.0,12822236.0,18421781.0,25923634.0,24939890.0,25499925.0
FULLCIRCLE WEALTH LLC,0.0,0.0,0.0,0.0,0.0,0.0,0.0,0.0,0.0,0.0,0.0,0.0,0.0,0.0,0.0,0.0,0.0,270316.0,223286.0,361360.0
"FULLER & THALER ASSET MANAGEMENT, INC.",0.0,0.0,0.0,1884.0,1606.0,2086.0,2015.0,2508.0,1856.0,786.0,7354.0,8046.0,13219630.0,14288347.0,9190034.0,10796786.0,12486296.0,12214523.0,6933617.0,7762902.0
FULTON BREAKEFIELD BROENNIMAN LLC,0.0,260.0,398.0,352.0,426.0,638.0,664.0,4729.0,9246.0,5160.0,235.0,268130.0,464592.0,690614.0,841089.0,937740.0,1832044.0,2579127.0,14576183.0,25733048.0
FUNDSMITH INVESTMENT SERVICES LTD.,0.0,0.0,0.0,0.0,0.0,0.0,0.0,0.0,0.0,0.0,0.0,0.0,0.0,0.0,0.0,0.0,0.0,10609615.0,10429267.0,11532825.0
"FWG Holdings, LLC",0.0,0.0,0.0,0.0,0.0,0.0,0.0,0.0,0.0,0.0,0.0,0.0,0.0,0.0,0.0,0.0,0.0,0.0,4803043.0,4286765.0
"FWG Investments, LLC.",0.0,0.0,0.0,0.0,0.0,0.0,0.0,0.0,0.0,0.0,0.0,0.0,0.0,0.0,0.0,0.0,0.0,0.0,1092761.0,0.0
"FWL INVESTMENT MANAGEMENT, LLC",0.0,0.0,0.0,0.0,0.0,0.0,0.0,0.0,6232.0,2493.0,0.0,155639.0,247215.0,386640.0,449345.0,498191.0,1493585.0,6274473.0,6301400.0,8709609.0
"Facet Wealth, Inc.",0.0,0.0,0.0,0.0,0.0,237.0,266.0,437.0,410.0,222.0,260.0,380363.0,535731.0,1005639.0,1081896.0,1988216.0,2733779.0,3370690.0,4685448.0,4388217.0
"Fairfield Financial Advisors, LTD",0.0,0.0,0.0,0.0,0.0,0.0,0.0,0.0,183409.0,110990.0,103969.0,125188.0,222270.0,348022.0,357919.0,497137.0,0.0,1218164.0,1106984.0,1511108.0
"Fairhaven Wealth Management, LLC",0.0,338.0,450.0,413.0,422.0,574.0,594.0,847.0,816.0,204.0,0.0,0.0,0.0,560078.0,575927.0,798790.0,1459249.0,2105122.0,2465232.0,2419236.0
"Fairman Group, LLC",0.0,0.0,0.0,0.0,0.0,0.0,0.0,0.0,0.0,0.0,0.0,0.0,0.0,0.0,0.0,518542.0,589226.0,558576.0,549127.0,607248.0
"Fairscale Capital, LLC",0.0,0.0,0.0,0.0,0.0,0.0,0.0,0.0,0.0,0.0,0.0,0.0,0.0,0.0,0.0,0.0,0.0,7622164.0,6661171.0,7387567.0
"Fairvoy Private Wealth, LLC",0.0,0.0,0.0,0.0,0.0,0.0,0.0,0.0,0.0,0.0,0.0,0.0,0.0,0.0,0.0,0.0,0.0,0.0,0.0,4478034.0
Fairway Wealth LLC,0.0,0.0,0.0,0.0,0.0,0.0,0.0,0.0,0.0,0.0,0.0,0.0,0.0,0.0,0.0,0.0,0.0,247080.0,340218.0,351962.0
"Faithward Advisors, LLC",0.0,0.0,0.0,0.0,0.0,0.0,0.0,0.0,0.0,0.0,0.0,0.0,0.0,0.0,0.0,2907091.0,4047950.0,5451452.0,9584776.0,12202001.0
"Falcon Edge Capital, LP",0.0,74894.0,43377.0,0.0,0.0,0.0,0.0,0.0,0.0,0.0,0.0,0.0,0.0,0.0,0.0,0.0,0.0,0.0,0.0,0.0
Falcon Wealth Planning,0.0,0.0,0.0,0.0,0.0,0.0,0.0,0.0,0.0,0.0,0.0,0.0,0.0,339229.0,359917.0,546106.0,1022613.0,4386298.0,4103161.0,5110628.0
"Family Asset Management, LLC",0.0,0.0,0.0,0.0,0.0,0.0,0.0,0.0,0.0,0.0,0.0,0.0,0.0,0.0,0.0,218887.0,390338.0,520103.0,526564.0,0.0
Family CFO Inc,0.0,0.0,0.0,0.0,0.0,0.0,0.0,15.0,14.0,7580.0,6070.0,7307.0,0.0,0.0,0.0,0.0,0.0,0.0,0.0,6715.0
"Family Capital Management, Inc.",0.0,0.0,0.0,0.0,0.0,0.0,0.0,0.0,0.0,0.0,0.0,0.0,0.0,0.0,0.0,657157.0,1217095.0,1277280.0,1309730.0,1487536.0
"Family Firm, Inc.",497.0,717.0,993.0,965.0,993.0,1494.0,1652.0,2213.0,4266.0,3359.0,2861.0,1114379.0,1476077.0,2247939.0,2311879.0,2632153.0,4803596.0,6571257.0,6611112.0,7315353.0
"Family Investment Center, Inc.",0.0,0.0,0.0,0.0,0.0,0.0,0.0,0.0,0.0,0.0,0.0,0.0,0.0,0.0,0.0,0.0,290252.0,354970.0,555748.0,582056.0
"Family Legacy, Inc.",0.0,0.0,0.0,0.0,0.0,0.0,0.0,0.0,0.0,0.0,0.0,0.0,0.0,225047.0,240984.0,308795.0,688513.0,832783.0,953911.0,1278644.0
Family Management Corp,0.0,275.0,367.0,382.0,385.0,630.0,591.0,982.0,1006.0,3640.0,4852.0,5322273.0,7529511.0,9498491.0,8438371.0,7905197.0,13230829.0,17776047.0,18790654.0,22810902.0
Family Office Research LLC,0.0,0.0,0.0,0.0,0.0,0.0,0.0,0.0,0.0,0.0,0.0,0.0,0.0,0.0,0.0,0.0,0.0,0.0,0.0,396878.0
"Family Wealth Group, LLC",0.0,0.0,0.0,0.0,0.0,0.0,0.0,0.0,0.0,0.0,0.0,0.0,0.0,0.0,0.0,465993.0,883394.0,1396287.0,0.0,0.0
Farmer Steven Patrick,0.0,0.0,0.0,0.0,0.0,0.0,0.0,0.0,0.0,284.0,0.0,0.0,0.0,0.0,0.0,0.0,0.0,0.0,0.0,0.0
Farmers & Merchants Trust Co of Chambersburg PA,0.0,0.0,1094.0,1076.0,1143.0,1729.0,1611.0,2254.0,2393.0,1403.0,1105.0,1346.0,2629.0,3882.0,4032.0,3620.0,5248.0,7138.0,6833.0,6511.0
Farmers National Bank,0.0,0.0,0.0,297654.0,299001.0,0.0,297654.0,658806.0,583920.0,324403.0,259775.0,324431.0,654148.0,943335.0,926529.0,1046895.0,1967954.0,2653639.0,0.0,0.0
Farrell Financial LLC,0.0,0.0,0.0,0.0,0.0,0.0,0.0,0.0,0.0,0.0,0.0,0.0,0.0,0.0,0.0,0.0,0.0,348756.0,459579.0,478620.0
Farrow Financial Inc.,0.0,0.0,0.0,0.0,0.0,0.0,0.0,0.0,0.0,0.0,0.0,0.0,0.0,0.0,0.0,3755749.0,4231372.0,5815275.0,5142013.0,5271642.0
"Farther Finance Advisors, LLC",0.0,0.0,0.0,0.0,0.0,0.0,0.0,0.0,0.0,0.0,0.0,376767.0,1552390.0,2757504.0,1896686.0,33415168.0,60662012.0,94280109.0,103367919.0,43372198.0
Fedenia Advisers LLC,0.0,0.0,0.0,0.0,0.0,0.0,0.0,0.0,0.0,0.0,0.0,0.0,0.0,0.0,0.0,0.0,0.0,0.0,0.0,1879523.0
FengHe Fund Management Pte. Ltd.,0.0,0.0,0.0,0.0,0.0,0.0,0.0,2647.0,2810.0,0.0,0.0,0.0,0.0,139131278.0,162338268.0,17481266.0,38491656.0,75779436.0,21918098.0,7773377.0
Ferguson Shapiro LLC,0.0,0.0,0.0,0.0,0.0,0.0,0.0,0.0,0.0,0.0,0.0,0.0,0.0,0.0,0.0,0.0,0.0,203979.0,0.0,225881.0
"Fermata Advisors, LLC",0.0,0.0,0.0,0.0,0.0,279.0,338.0,428.0,454.0,215.0,0.0,0.0,263049.0,0.0,633892.0,837550.0,2115513.0,3847184.0,3967345.0,4323408.0
"Fernwood Investment Management, LLC",459.0,661.0,833.0,806.0,822.0,1316.0,1375.0,1989.0,1789.0,1034.0,830.0,1441240.0,2754661.0,4603252.0,4585816.0,4745128.0,7264322.0,9589201.0,9386973.0,10350037.0
"Ferris Capital, LLC",400.0,1205.0,3209.0,3916.0,3996.0,0.0,8385.0,8113.0,7866.0,0.0,0.0,0.0,0.0,0.0,0.0,0.0,0.0,0.0,0.0,0.0
"Fi3 FINANCIAL ADVISORS, LLC",0.0,0.0,0.0,0.0,0.0,0.0,0.0,230.0,291.0,0.0,0.0,262496.0,556439.0,851643.0,1007550.0,2304036.0,2512092.0,3379065.0,4210931.0,4597329.0
"Fidelis Capital Partners, LLC",0.0,0.0,0.0,0.0,0.0,0.0,0.0,0.0,0.0,0.0,0.0,985064.0,3926352.0,5630481.0,6012092.0,9449897.0,25492864.0,24860924.0,36851228.0,33777146.0
Fiduciary Alliance LLC,0.0,0.0,0.0,0.0,0.0,0.0,0.0,0.0,0.0,0.0,0.0,402617.0,4026832.0,5771685.0,5856708.0,6622086.0,10408924.0,15121427.0,19158646.0,23745960.0
Fiduciary Group LLC,203.0,293.0,419.0,450.0,444.0,620.0,877.0,1043.0,667.0,920.0,711.0,645536.0,2401627.0,1758625.0,3556768.0,2034539.0,3705819.0,0.0,0.0,0.0
"Fiduciary Group, LLC",0.0,0.0,0.0,0.0,0.0,0.0,0.0,0.0,0.0,0.0,0.0,0.0,0.0,0.0,0.0,0.0,0.0,5168116.0,5110625.0,5643341.0
Fiduciary Planning LLC,0.0,0.0,1.0,1.0,1.0,454.0,869.0,1154.0,1126.0,872.0,709.0,900.0,215693.0,0.0,0.0,510607.0,1187363.0,1507518.0,1622398.0,2811105.0
Fiduciary Trust Co,0.0,0.0,0.0,0.0,0.0,0.0,0.0,0.0,0.0,0.0,0.0,0.0,0.0,0.0,16286461.0,20352552.0,40302390.0,57916540.0,63588777.0,70772979.0
Field & Main Bank,0.0,494.0,720.0,589.0,632.0,987.0,932.0,1372.0,1418.0,889.0,679.0,856208.0,1859303.0,2922541.0,2947805.0,3461475.0,6169380.0,8245054.0,8066038.0,8885245.0
Fielder Capital Group LLC,0.0,0.0,0.0,0.0,0.0,0.0,0.0,0.0,0.0,0.0,0.0,0.0,0.0,0.0,0.0,2404763.0,4157233.0,5747958.0,5603251.0,6180763.0
"Fieldpoint Private Securities, LLC",210.0,339.0,870.0,865.0,846.0,1390.0,1457.0,2146.0,2053.0,999.0,0.0,0.0,0.0,0.0,0.0,0.0,0.0,0.0,0.0,0.0
"Fieldview Capital Management, LLC",0.0,0.0,0.0,0.0,0.0,0.0,0.0,0.0,0.0,0.0,0.0,0.0,0.0,0.0,0.0,0.0,0.0,0.0,0.0,2283870.0
Fiera Capital Corp,0.0,0.0,0.0,0.0,0.0,0.0,0.0,0.0,0.0,0.0,0.0,0.0,0.0,0.0,0.0,0.0,99392.0,0.0,21252.0,0.0
Fifth Third Wealth Advisors LLC,0.0,0.0,0.0,0.0,0.0,0.0,0.0,0.0,0.0,0.0,0.0,0.0,1285798.0,3274176.0,5668793.0,7515979.0,16483711.0,51009309.0,58377564.0,67919392.0
"Filbrandt Wealth Management, LLC",0.0,191.0,0.0,0.0,0.0,0.0,0.0,0.0,0.0,0.0,0.0,0.0,0.0,0.0,0.0,0.0,0.0,0.0,0.0,0.0
"FinDec Wealth Services, Inc.",0.0,0.0,0.0,0.0,0.0,0.0,0.0,0.0,0.0,0.0,0.0,0.0,0.0,0.0,290150.0,324900.0,1568683.0,3041077.0,2703392.0,831217.0
"FinTrust Capital Advisors, LLC",93.0,556.0,1395.0,465.0,436.0,704.0,810.0,824.0,760.0,546.0,426.0,464375.0,464375.0,1521925.0,1887551.0,0.0,0.0,0.0,0.0,0.0
"Financial & Tax Architects, LLC",0.0,0.0,0.0,0.0,650326.0,993725.0,2183052.0,2838161.0,2700768.0,1127678.0,704548.0,967053.0,1335240.0,1655278.0,1769975.0,1831325.0,3308840.0,4232741.0,4159455.0,4700190.0
"Financial Advisors Network, Inc.",0.0,229.0,343.0,232.0,248.0,306.0,523.0,509.0,464.0,284.0,208.0,258231.0,0.0,0.0,1001617.0,1352279.0,0.0,0.0,0.0,11428277.0
"Financial Advisors, LLC",0.0,0.0,0.0,0.0,0.0,0.0,0.0,0.0,0.0,0.0,0.0,0.0,0.0,0.0,0.0,0.0,240393.0,332772.0,339017.0,377744.0
Financial Advisory Corp,0.0,0.0,0.0,0.0,0.0,0.0,0.0,0.0,0.0,0.0,0.0,0.0,0.0,0.0,0.0,0.0,0.0,0.0,0.0,370640.0
Financial Advisory Group,0.0,0.0,0.0,0.0,0.0,226.0,234.0,332.0,349.0,216.0,0.0,0.0,331389.0,504678.0,649460.0,739389.0,1439421.0,0.0,0.0,0.0
"Financial Advisory Service, Inc.",0.0,0.0,0.0,0.0,0.0,453.0,583.0,1326.0,1794.0,1473.0,0.0,0.0,0.0,0.0,0.0,0.0,0.0,0.0,0.0,0.0
Financial Advocates Investment Management,1659.0,3786.0,5967.0,7452.0,6432.0,9647.0,11077.0,16424.0,14352.0,7985.0,5998.0,7932273.0,14942075.0,22027485.0,22331290.0,25431536.0,44552096.0,60506772.0,61908147.0,64513059.0
"Financial Alternatives, Inc",0.0,0.0,0.0,0.0,0.0,0.0,0.0,0.0,0.0,0.0,0.0,0.0,0.0,0.0,0.0,0.0,303597.0,303291.0,304377.0,333227.0
"Financial Architects, Inc",363.0,309.0,477.0,486.0,518.0,802.0,876.0,1362.0,1119.0,0.0,483.0,637757.0,993751.0,1652994.0,0.0,0.0,0.0,0.0,0.0,0.0
"Financial Avengers, Inc.",0.0,0.0,0.0,1505.0,2227.0,3859.0,4187.0,6005.0,5770.0,3407.0,2910.0,3509832.0,6685765.0,10157703.0,10464445.0,11862328.0,21812435.0,26268718.0,25077761.0,27313517.0
"Financial Connections Group, Inc.",0.0,0.0,0.0,0.0,0.0,0.0,0.0,18.0,16.0,6.0,4.0,36.0,2.0,351.0,356.0,406.0,54.0,103.0,42.0,33.0
Financial Council Asset Management Inc,0.0,0.0,0.0,0.0,0.0,0.0,0.0,0.0,0.0,0.0,202.0,243762.0,463320.0,799089.0,821705.0,935485.0,0.0,0.0,0.0,0.0
"Financial Council, LLC",0.0,0.0,0.0,0.0,0.0,0.0,0.0,0.0,0.0,0.0,0.0,0.0,0.0,0.0,0.0,0.0,1706856.0,2354725.0,2314698.0,2559671.0
Financial Engines Advisors L.L.C.,0.0,0.0,230.0,241.0,436.0,245.0,0.0,0.0,5079.0,1523.0,1797.0,1992183.0,2381892.0,3870393.0,3810667.0,5489950.0,8441995.0,14777873.0,14206273.0,19042600.0
Financial Enhancement Group LLC,5.0,8.0,12.0,11.0,12.0,18.0,1230.0,1702.0,1581.0,879.0,679.0,1240815.0,1632422.0,2473752.0,2575789.0,3132242.0,4639465.0,5785072.0,1632422.0,7092233.0
"Financial Freedom, LLC",0.0,0.0,0.0,0.0,0.0,0.0,0.0,0.0,0.0,0.0,0.0,101207.0,130157.0,173243.0,223497.0,254458.0,494109.0,869275.0,842306.0,1078062.0
"Financial Gravity Asset Management, Inc.",0.0,0.0,0.0,0.0,0.0,0.0,207.0,96.0,9.0,16.0,28.0,5933.0,121.0,11276.0,42489.0,123439.0,330931.0,254694.0,0.0,0.0
"Financial Gravity Companies, Inc.",0.0,0.0,0.0,0.0,0.0,0.0,0.0,0.0,0.0,0.0,0.0,0.0,0.0,0.0,0.0,0.0,0.0,0.0,232323.0,925665.0
"Financial Guidance Group, Inc.",0.0,0.0,0.0,0.0,0.0,0.0,0.0,0.0,0.0,0.0,0.0,0.0,0.0,0.0,0.0,0.0,325282.0,889488.0,437184.0,483444.0
"Financial Harvest, LLC",0.0,0.0,0.0,0.0,0.0,0.0,0.0,0.0,0.0,0.0,0.0,0.0,0.0,0.0,0.0,0.0,0.0,0.0,0.0,1912506.0
"Financial Insights, Inc.",0.0,0.0,0.0,0.0,0.0,2912.0,302.0,428.0,397.0,221.0,844.0,1451080.0,2537268.0,3295515.0,2948179.0,3799571.0,6995815.0,9903118.0,5404229.0,0.0
Financial Life Planners,0.0,0.0,0.0,0.0,0.0,0.0,0.0,0.0,0.0,0.0,0.0,0.0,0.0,0.0,0.0,0.0,0.0,0.0,0.0,11255049.0
"Financial Management Professionals, Inc.",12.0,197.0,244.0,230.0,281.0,446.0,516.0,682.0,718.0,400.0,245.0,318.0,819.0,1159.0,1307.0,1204.0,1843.0,2732.0,2512.0,3081918.0
Financial Network Wealth Advisors LLC,0.0,0.0,0.0,0.0,0.0,0.0,0.0,0.0,0.0,0.0,0.0,0.0,0.0,0.0,0.0,465011.0,754538.0,846840.0,766382.0,263746.0
Financial Network Wealth Management LLC,0.0,0.0,0.0,3120.0,2977.0,4425.0,4320.0,5780.0,5363.0,2979.0,2394.0,2872089.0,5465680.0,8760.0,8393.0,9184.0,15744.0,20082.0,19583.0,21245.0
"Financial Partners Group, Inc",0.0,0.0,0.0,0.0,0.0,0.0,0.0,0.0,0.0,0.0,0.0,285563.0,361284.0,730457.0,1063857.0,1371024.0,3023784.0,4759289.0,4921904.0,5649641.0
"Financial Partners Group, LLC",0.0,0.0,0.0,0.0,0.0,0.0,0.0,0.0,0.0,0.0,0.0,0.0,0.0,0.0,0.0,0.0,0.0,0.0,0.0,247515.0
"Financial Perspectives, Inc",90704.0,130728.0,251183.0,508157.0,1031.0,826592.0,856080.0,1225105.0,1172063.0,651151.0,603285.0,708336.0,1346368.0,2050429.0,2104560.0,2399455.0,3693604.0,5061041.0,5424217.0,6001787.0
"Financial Planners of Cleveland, Inc.",0.0,0.0,0.0,0.0,0.0,0.0,0.0,347.0,0.0,0.0,0.0,0.0,0.0,0.0,0.0,0.0,0.0,0.0,0.0,0.0
"Financial Planning & Information Services, Inc.",0.0,0.0,0.0,0.0,0.0,0.0,0.0,0.0,0.0,0.0,0.0,0.0,0.0,0.0,0.0,0.0,0.0,281671.0,314773.0,0.0
"Financial Security Advisor, Inc.",0.0,0.0,0.0,0.0,0.0,0.0,0.0,0.0,0.0,0.0,0.0,0.0,0.0,0.0,1362859.0,1600202.0,3020977.0,4434414.0,4373630.0,4938445.0
"Financial Sense Advisors, Inc.",0.0,0.0,0.0,0.0,0.0,0.0,0.0,0.0,752.0,0.0,0.0,0.0,0.0,0.0,0.0,0.0,0.0,0.0,0.0,0.0
"Financial Strategies Group, Inc.",0.0,0.0,0.0,0.0,0.0,0.0,0.0,0.0,0.0,0.0,0.0,0.0,0.0,0.0,0.0,0.0,268413.0,529685.0,427285.0,392196.0
Financial Symmetry Inc,0.0,0.0,0.0,0.0,0.0,0.0,0.0,0.0,0.0,0.0,0.0,0.0,0.0,0.0,0.0,0.0,421963.0,676752.0,686500.0,645935.0
"Financial Synergies Wealth Advisors, Inc.",0.0,0.0,0.0,0.0,0.0,0.0,0.0,0.0,0.0,28196.0,34718.0,42820.0,81943.0,124792.0,128323.0,42820.0,266551.0,421395.0,490740.0,437276.0
Financially Speaking Inc,0.0,0.0,0.0,0.0,0.0,0.0,0.0,0.0,0.0,0.0,0.0,0.0,0.0,0.0,0.0,0.0,0.0,0.0,0.0,507483.0
Findlay Park Partners LLP,0.0,0.0,0.0,0.0,0.0,0.0,0.0,157822.0,99487.0,382268.0,195057.0,140921389.0,251205188.0,239204273.0,173208233.0,152977420.0,484767168.0,378684691.0,0.0,0.0
FineMark National Bank & Trust,623.0,5622.0,2197.0,2126.0,2166.0,3442.0,3602.0,5472.0,4923.0,10788.0,8762.0,10708262.0,17726448.0,25995848.0,51411878.0,28997607.0,42439309.0,54465944.0,53390610.0,58601604.0
"Finer Wealth Management, Inc.",0.0,0.0,0.0,0.0,0.0,0.0,0.0,1291.0,1489.0,886.0,724.0,931942.0,1969460.0,3107886.0,3257207.0,3421077.0,6757357.0,9815272.0,9862091.0,10775676.0
"Fingerlakes Wealth Management, Inc.",0.0,0.0,0.0,0.0,0.0,0.0,0.0,0.0,0.0,0.0,0.0,0.0,0.0,0.0,0.0,0.0,282508.0,391222.0,417241.0,461572.0
Finward Bancorp,0.0,0.0,0.0,0.0,0.0,0.0,0.0,0.0,0.0,0.0,0.0,0.0,0.0,0.0,0.0,0.0,0.0,0.0,0.0,1050014.0
Firestone Capital Management,0.0,0.0,14.0,14.0,14.0,21.0,21.0,0.0,0.0,0.0,0.0,0.0,0.0,0.0,0.0,0.0,0.0,269575.0,266085.0,0.0
First Affirmative Financial Network,0.0,0.0,0.0,0.0,0.0,0.0,682.0,1098.0,1093.0,589.0,425.0,446432.0,749370.0,1400936.0,1669909.0,2224119.0,3904942.0,5555202.0,5588559.0,5994323.0
"First Allied Advisory Services, Inc.",5739.0,8993.0,12648.0,0.0,0.0,0.0,0.0,0.0,0.0,0.0,0.0,0.0,0.0,0.0,0.0,0.0,0.0,0.0,0.0,0.0
"First Bancorp, Inc /ME/",0.0,0.0,0.0,0.0,0.0,0.0,0.0,0.0,257.0,224.0,0.0,208250.0,270826.0,281309.0,328418.0,371415.0,698452.0,937668.0,882261.0,951713.0
First Bank & Trust,0.0,0.0,0.0,0.0,0.0,0.0,0.0,4.0,754.0,697.0,582.0,677.0,1556901.0,2502163.0,2328066.0,2482538.0,4605445.0,4988916.0,4912005.0,5086234.0
"First Business Financial Services, Inc.",0.0,0.0,207.0,200.0,333.0,0.0,0.0,0.0,0.0,0.0,0.0,0.0,0.0,0.0,0.0,3438808.0,9655301.0,0.0,0.0,0.0
"First Capital Advisors Group, LLC.",0.0,0.0,0.0,0.0,0.0,0.0,0.0,0.0,0.0,612.0,472.0,540431.0,853328.0,590551.0,0.0,0.0,0.0,0.0,0.0,0.0
First Citizens Financial Corp,0.0,257.0,356.0,344.0,343.0,514.0,0.0,229.0,213.0,0.0,0.0,0.0,0.0,329956.0,339292.0,305551.0,564725.0,772125.0,796161.0,884971.0
"First City Capital Management, Inc.",0.0,321.0,716.0,390.0,356.0,514.0,535.0,621.0,702.0,395.0,494.0,522750.0,1121337.0,1618898.0,1621208.0,3365868.0,3180531.0,4648507.0,4688707.0,5060684.0
"First Command Advisory Services, Inc.",0.0,0.0,0.0,0.0,0.0,0.0,0.0,0.0,0.0,0.0,0.0,0.0,0.0,0.0,795162.0,834941.0,1509849.0,2105369.0,2115972.0,2985670.0
First Command Bank,0.0,0.0,0.0,0.0,2982.0,1779.0,1848.0,1848.0,307.0,163.0,101.0,586.0,430544.0,688677.0,0.0,0.0,0.0,0.0,0.0,0.0
"First Command Financial Services, Inc.",0.0,0.0,0.0,0.0,2982.0,1779.0,1848.0,37.0,307.0,163.0,101.0,586.0,430544.0,688677.0,0.0,0.0,0.0,0.0,0.0,0.0
First County Bank /CT/,0.0,0.0,0.0,0.0,0.0,0.0,0.0,0.0,0.0,0.0,0.0,585729.0,1120246.0,1645125.0,1777369.0,2020002.0,3380218.0,4233839.0,4330065.0,4691153.0
First Dallas Securities Inc.,217.0,0.0,314.0,436.0,457.0,1232.0,1278.0,2026.0,3779.0,2019.0,1515.0,2004.0,3793.0,6092.0,6909.0,8085.0,16058.0,25527538.0,25176186.0,28105000.0
"First Fiduciary Investment Counsel, Inc.",0.0,0.0,0.0,0.0,0.0,0.0,0.0,0.0,0.0,0.0,0.0,0.0,0.0,0.0,0.0,0.0,278.0,381.0,355.0,392.0
First Financial Group Corp,0.0,0.0,0.0,0.0,0.0,0.0,0.0,0.0,0.0,0.0,0.0,0.0,0.0,0.0,0.0,0.0,0.0,0.0,0.0,1890571.0
"First Heartland Consultants, Inc.",692.0,1109.0,1982.0,1748.0,1441.0,2083.0,2161.0,2984.0,2600.0,1452.0,1234.0,1488749.0,2788903.0,4151288.0,4396.0,4693.0,8588.0,12250.0,11384.0,11732719.0
"First Horizon Advisors, Inc.",5.0,8.0,0.0,0.0,139.0,188.0,882.0,301.0,0.0,125.0,103.0,120757.0,197036.0,270890.0,276826.0,339927.0,648148.0,1262879.0,1313547.0,1490649.0
First International Bank & Trust,0.0,0.0,0.0,0.0,0.0,0.0,0.0,0.0,0.0,0.0,0.0,0.0,0.0,0.0,0.0,0.0,0.0,248315.0,0.0,0.0
"First Long Island Investors, LLC",7294.0,8977.0,10949.0,10564.0,10267.0,23973.0,12952.0,25173.0,24416.0,13374.0,12967.0,15612721.0,26487314.0,30487051.0,30443210.0,34509406.0,52093848.0,49959329.0,45387471.0,50286099.0
"First National Advisers, LLC",0.0,0.0,0.0,0.0,0.0,0.0,0.0,0.0,0.0,683.0,754.0,1013000.0,1763000.0,3044646.0,4980786.0,8041110.0,13421635.0,25464586.0,25604824.0,29085257.0
First National Bank of Hutchinson,377.0,498.0,718.0,670.0,589.0,840.0,881.0,1294.0,1562.0,869.0,702.0,1056592.0,1522180.0,2099871.0,2224104.0,2536022.0,4487079.0,6077427.0,5583933.0,6706845.0
"First National Bank of Mount Dora, Trust Investment Services",0.0,2642.0,4262.0,4263.0,4757.0,7190.0,6761.0,9674.0,9047.0,5486.0,4516.0,5495.0,9017525.0,11235411.0,10885624.0,11849624.0,18794048.0,20291939.0,12605714.0,12675230.0
First National Bank of South Miami,0.0,0.0,0.0,103.0,194.0,319.0,352.0,508.0,604.0,360.0,224.0,188.0,139719.0,105756.0,0.0,0.0,0.0,0.0,0.0,0.0
First National Trust Co,6733.0,10215.0,11383.0,11354.0,9698.0,13874.0,14599.0,18975.0,17782.0,9711.0,7790.0,9180514.0,17020078.0,21629858.0,27539651.0,29191238.0,58126918.0,79169867.0,76801813.0,83599956.0
First PREMIER Bank,0.0,0.0,0.0,0.0,0.0,0.0,0.0,0.0,0.0,0.0,0.0,0.0,0.0,0.0,0.0,0.0,5.0,7.0,164.0,199.0
"First Pacific Advisors, LP",650.0,593.0,844.0,770.0,787.0,1179.0,1221.0,1301.0,1049.0,583.0,0.0,0.0,0.0,0.0,0.0,0.0,0.0,0.0,0.0,0.0
First Pacific Financial,0.0,0.0,0.0,0.0,0.0,0.0,0.0,0.0,0.0,0.0,0.0,0.0,0.0,146370.0,208366.0,237218.0,794242.0,1642125.0,2239628.0,2110551.0
First Personal Financial Services,0.0,11.0,16.0,16.0,16.0,24.0,29.0,41.0,33.0,0.0,5.0,0.0,0.0,6769.0,6960.0,0.0,0.0,0.0,77121.0,0.0
First Trust Direct Indexing L.P.,0.0,0.0,0.0,0.0,0.0,0.0,0.0,0.0,0.0,0.0,0.0,0.0,11948847.0,19525376.0,20820864.0,25943188.0,56802500.0,89102460.0,96018680.0,0.0
First Trust Investment Solutions L.P.,0.0,0.0,0.0,0.0,0.0,0.0,0.0,0.0,0.0,0.0,0.0,0.0,0.0,0.0,0.0,3772745.0,6507499.0,17532272.0,27962119.0,0.0
First Western Trust Bank,0.0,0.0,0.0,0.0,0.0,0.0,0.0,0.0,0.0,0.0,264.0,914252.0,1732451.0,2643875.0,2462478.0,2808393.0,1709536.0,2307727.0,2237896.0,4777904.0
FirstPurpose Wealth LLC,0.0,0.0,0.0,0.0,0.0,0.0,0.0,0.0,0.0,0.0,0.0,0.0,0.0,224558.0,239613.0,271307.0,595573.0,0.0,0.0,0.0
"Firsthand Capital Management, Inc.",2636.0,0.0,0.0,0.0,0.0,0.0,0.0,0.0,0.0,0.0,0.0,0.0,0.0,0.0,0.0,0.0,0.0,0.0,0.0,0.0
Fisher Funds Management LTD,0.0,0.0,0.0,0.0,0.0,0.0,0.0,0.0,0.0,0.0,0.0,0.0,0.0,0.0,0.0,0.0,0.0,0.0,0.0,37806488.0
Five Oceans Advisors,0.0,0.0,0.0,0.0,0.0,0.0,643.0,982.0,909.0,493.0,367.0,463118.0,866087.0,1319822.0,1362824.0,1554991.0,2837178.0,5001023.0,5316886.0,6277655.0
Fjarde AP-fonden (The Fourth Swedish National Pensionfund),0.0,0.0,0.0,0.0,0.0,0.0,0.0,0.0,0.0,0.0,0.0,0.0,0.0,0.0,0.0,0.0,0.0,548474.0,0.0,0.0
"Fjell Capital, LLC",0.0,0.0,0.0,0.0,0.0,0.0,0.0,0.0,0.0,0.0,0.0,0.0,0.0,0.0,0.0,0.0,0.0,0.0,0.0,2624040.0
Flagstone Financial Management,0.0,0.0,0.0,0.0,0.0,0.0,0.0,0.0,0.0,0.0,0.0,285542.0,542733.0,830766.0,849924.0,968102.0,0.0,302549.0,419089.0,463494.0
"Flaharty Asset Management, LLC",0.0,0.0,0.0,296.0,247.0,415.0,425.0,938.0,490.0,270.0,0.0,217507.0,350203.0,395688.0,471272.0,599918.0,925627.0,1531196.0,1560180.0,1577446.0
Flat Footed LLC,0.0,0.0,0.0,0.0,0.0,0.0,0.0,0.0,0.0,0.0,0.0,0.0,12749643.0,0.0,0.0,0.0,0.0,0.0,0.0,0.0
"Flavin Financial Services, Inc.",0.0,0.0,0.0,0.0,0.0,0.0,0.0,0.0,0.0,0.0,0.0,0.0,0.0,0.0,0.0,0.0,0.0,0.0,0.0,1573879.0
Flower City Capital,0.0,0.0,0.0,0.0,0.0,0.0,0.0,0.0,0.0,0.0,0.0,0.0,0.0,223355.0,229675.0,261477.0,502380.0,686883.0,545797.0,603500.0
Flywheel Private Wealth LLC,0.0,0.0,0.0,0.0,0.0,0.0,0.0,0.0,0.0,0.0,0.0,0.0,0.0,0.0,0.0,0.0,0.0,0.0,0.0,486801.0
"Focus Financial Network, Inc.",4968473.0,8176668.0,19551684.0,19015638.0,2444088.0,3909686.0,4118742.0,5340219.0,41604877.0,24688314.0,20907047.0,22738039.0,40686363.0,58580750.0,60586030.0,0.0,136223313.0,213804954.0,227457640.0,245455990.0
Focus Partners Wealth,0.0,0.0,0.0,0.0,0.0,0.0,0.0,0.0,0.0,0.0,0.0,0.0,0.0,0.0,0.0,0.0,0.0,0.0,0.0,503213499.0
"Focused Wealth Management, Inc",181.0,261.0,392.0,288.0,338.0,454.0,481.0,736.0,721.0,398.0,321.0,380177.0,876696.0,1235031.0,1203876.0,1188236.0,2098695.0,2805312.0,2940514.0,2916074.0
"Fogel Capital Management, Inc.",0.0,0.0,0.0,0.0,0.0,0.0,0.0,0.0,0.0,0.0,0.0,0.0,0.0,0.0,0.0,926226.0,208654.0,0.0,0.0,0.0
"Foguth Wealth Management, LLC.",0.0,0.0,0.0,0.0,0.0,0.0,0.0,0.0,0.0,0.0,0.0,0.0,0.0,0.0,0.0,0.0,382364.0,698260.0,750081.0,1123368.0
Fonville Wealth Management LLC,0.0,0.0,0.0,0.0,0.0,0.0,0.0,0.0,0.0,0.0,0.0,0.0,0.0,0.0,0.0,0.0,348013.0,831870.0,1216956.0,1218505.0
Force Hill Capital Management LP,0.0,0.0,0.0,0.0,19168.0,0.0,4057.0,11260.0,12687.0,0.0,0.0,0.0,14332099.0,13774377.0,6644037.0,0.0,0.0,0.0,0.0,0.0
"Ford Financial Group, LLC",0.0,0.0,0.0,0.0,0.0,36.0,0.0,3.0,0.0,0.0,0.0,0.0,0.0,0.0,0.0,0.0,0.0,0.0,0.0,0.0
"Fore Capital, LLC",0.0,0.0,0.0,0.0,0.0,0.0,0.0,0.0,0.0,0.0,0.0,0.0,13888500.0,8460400.0,0.0,0.0,0.0,0.0,0.0,0.0
"Forefront Analytics, LLC",114140.0,2.0,4.0,63.0,337.0,405.0,455.0,636.0,552.0,341.0,297.0,356939.0,678438.0,734985.0,755759.0,860405.0,1568958.0,3841891.0,1889265.0,2008785.0
"Foresight Wealth Management, LLC",812.0,1044.0,1177.0,944.0,942.0,1414.0,1402.0,1951.0,1733.0,1007.0,909.0,0.0,0.0,0.0,0.0,0.0,0.0,0.0,0.0,0.0
Forge First Asset Management Inc.,0.0,0.0,0.0,0.0,0.0,0.0,0.0,0.0,0.0,0.0,0.0,0.0,0.0,0.0,0.0,0.0,5450631.0,297418.0,292791.0,1035376.0
"Formidable Asset Management, LLC",1649.0,2521.0,6296.0,3309.0,3394.0,8462.0,4891.0,6579.0,5587.0,6578.0,2755.0,2921.0,4900.0,4837.0,4510846.0,5041835.0,12519032.0,18384800.0,17559808.0,19344864.0
"FormulaFolio Investments, LLC",846.0,1950.0,3152.0,5656.0,0.0,53.0,0.0,0.0,0.0,0.0,0.0,0.0,0.0,0.0,0.0,0.0,0.0,0.0,0.0,0.0
Fort Point Capital Partners LLC,0.0,0.0,1229.0,0.0,0.0,250.0,807.0,1522.0,1352.0,743.0,546.0,558115.0,1050820.0,1669686.0,1825682.0,2080950.0,4040803.0,6008905.0,6817805.0,7920014.0
Fort Sheridan Advisors LLC,250.0,381.0,546.0,474.0,645.0,1292.0,1418.0,2099.0,2234.0,1178.0,1293.0,1561659.0,3411309.0,4873216.0,5062444.0,6211583.0,11559449.0,16158409.0,16249528.0,19741386.0
"ForthRight Wealth Management, LLC",0.0,0.0,0.0,0.0,0.0,0.0,0.0,0.0,0.0,0.0,0.0,0.0,0.0,0.0,0.0,0.0,269287.0,368197.0,311662.0,384944.0
Forthright Family Wealth Advisory LLC,0.0,0.0,0.0,0.0,0.0,0.0,0.0,0.0,0.0,0.0,0.0,0.0,0.0,0.0,0.0,0.0,266550.0,491319.0,574176.0,0.0
"Fortis Advisors, LLC",1.0,1.0,1.0,1.0,1.0,32.0,356.0,47.0,44.0,24.0,1.0,1179.0,2241.0,3413.0,3509.0,3995.0,97645.0,133506.0,0.0,0.0
"Fortis Capital Advisors, LLC",0.0,0.0,0.0,0.0,0.0,0.0,0.0,0.0,0.0,0.0,0.0,0.0,0.0,0.0,0.0,10831045.0,19817781.0,27217839.0,26167163.0,26014091.0
Fortis Capital Management LLC,0.0,0.0,0.0,0.0,2187.0,620.0,1565.0,4037.0,6955.0,1436.0,1599.0,872434.0,1746384.0,2602142.0,2713731.0,3233227.0,4946251.0,12824140.0,13680418.0,15655199.0
"Fortis Group Advisors, LLC",0.0,0.0,457.0,0.0,0.0,0.0,0.0,0.0,0.0,0.0,0.0,0.0,441921.0,679004.0,620529.0,842709.0,1876060.0,1931989.0,1957180.0,3798070.0
Fortitude Advisory Group L.L.C.,0.0,0.0,0.0,0.0,0.0,0.0,0.0,1819.0,1886.0,1811.0,1446.0,2252315.0,4150453.0,6223493.0,6434837.0,7296112.0,13903145.0,19149105.0,18956797.0,19066915.0
"Fortitude Family Office, LLC",0.0,0.0,0.0,0.0,0.0,0.0,0.0,0.0,0.0,0.0,0.0,0.0,0.0,0.0,0.0,403109.0,735498.0,1146575.0,1400325.0,1547155.0
"Fortress Financial Solutions, LLC",0.0,0.0,0.0,0.0,0.0,0.0,0.0,0.0,0.0,0.0,0.0,0.0,0.0,0.0,0.0,0.0,0.0,0.0,0.0,1312968.0
"Fortress Wealth Group, LLC",0.0,0.0,0.0,0.0,0.0,2583.0,2654.0,3353.0,2923.0,1586.0,1227.0,801625.0,1580802.0,2446649.0,2437618.0,2801004.0,4770589.0,7351535.0,0.0,0.0
"Fortress Wealth Management, Inc.",0.0,0.0,0.0,0.0,0.0,0.0,0.0,0.0,0.0,0.0,0.0,0.0,0.0,0.0,0.0,0.0,227697.0,368890.0,243973.0,0.0
Fortune 45 LLC,0.0,0.0,0.0,0.0,0.0,0.0,0.0,365.0,812.0,307.0,230.0,280151.0,527556.0,807294.0,858906.0,989779.0,1843939.0,2590527.0,2537598.0,3009926.0
"Fortune Financial Advisors, LLC",0.0,0.0,0.0,0.0,0.0,0.0,0.0,0.0,0.0,0.0,0.0,0.0,0.0,0.0,0.0,0.0,276184.0,851610.0,277078.0,310428.0
"Forum Financial Management, LP",0.0,0.0,0.0,0.0,0.0,0.0,0.0,3657.0,3603.0,1816.0,1612.0,1988811.0,4288769.0,6745901.0,6217351.0,7820571.0,14416713.0,17898124.0,17628249.0,51029478.0
Forum Private Client Group LLC,0.0,0.0,0.0,0.0,0.0,0.0,0.0,0.0,0.0,0.0,0.0,0.0,0.0,0.0,0.0,0.0,0.0,0.0,0.0,215902.0
"Forvis Mazars Wealth Advisors, LLC",0.0,0.0,0.0,0.0,0.0,0.0,0.0,0.0,0.0,0.0,0.0,0.0,0.0,0.0,0.0,0.0,0.0,39260588.0,38596737.0,41237044.0
"Foster Group, Inc.",0.0,0.0,0.0,0.0,0.0,0.0,0.0,0.0,0.0,0.0,0.0,0.0,434993.0,933168.0,1047550.0,1047550.0,2412677.0,3188684.0,3123552.0,3059950.0
"Foster Victor Wealth Advisors, LLC",460.0,418.0,599.0,578.0,707.0,933.0,0.0,353.0,347.0,0.0,0.0,0.0,733365.0,823492.0,989239.0,1128216.0,1833276.0,3320700.0,3056672.0,4150616.0
"Foundation Wealth Management, LLC",0.0,0.0,0.0,0.0,0.0,0.0,0.0,0.0,0.0,0.0,0.0,0.0,0.0,0.0,0.0,216496.0,0.0,0.0,334623.0,298865.0
"Foundation Wealth Management, LLC\PA",0.0,0.0,0.0,0.0,0.0,0.0,0.0,0.0,0.0,0.0,0.0,0.0,0.0,0.0,0.0,0.0,0.0,0.0,0.0,476865.0
"Foundations Investment Advisors, LLC",0.0,0.0,0.0,0.0,0.0,0.0,802.0,1397.0,1378.0,2516.0,2189.0,3086224.0,5629406.0,11487036.0,15259193.0,27051413.0,39102400.0,54801093.0,64319440.0,79170150.0
Founders Capital Management,0.0,0.0,0.0,0.0,0.0,0.0,21.0,29.0,29.0,34.0,18.0,22.0,42.0,8460.0,22619.0,25751.0,46985.0,85244.0,120227.0,138324.0
"Founders Financial Alliance, LLC",0.0,0.0,1782.0,1617.0,1959.0,3134.0,2943.0,4908.0,4529.0,4649.0,2167.0,2488166.0,2555270.0,7441101.0,7543895.0,8912912.0,16469179.0,17789421.0,17558945.0,19061414.0
"Foundry Financial Group, Inc.",0.0,0.0,0.0,0.0,0.0,0.0,0.0,0.0,0.0,0.0,0.0,0.0,0.0,0.0,0.0,0.0,332510.0,500584.0,521099.0,589130.0
"Foundry Partners, LLC",0.0,0.0,222.0,206.0,210.0,315.0,904.0,982.0,965.0,208.0,288.0,347.0,659704.0,619724.0,384966.0,438270.0,754473.0,1031559.0,950268.0,1146837.0
"Fountainhead AM, LLC",0.0,0.0,0.0,0.0,0.0,0.0,0.0,0.0,0.0,0.0,0.0,259000.0,596729.0,902905.0,1006379.0,1625166.0,4096533.0,6791195.0,7375128.0,9062066.0
"FourThought Financial Partners, LLC",0.0,0.0,0.0,0.0,0.0,0.0,0.0,0.0,0.0,0.0,0.0,4428841.0,7676322.0,7276590.0,6985745.0,16185844.0,13460861.0,18330588.0,21215455.0,23936908.0
"FourThought Financial, LLC",0.0,0.0,0.0,712.0,835.0,1248.0,1276.0,1754.0,4054.0,2491.0,2949.0,0.0,0.0,0.0,0.0,0.0,0.0,0.0,0.0,0.0
"Fourth Dimension Wealth, LLC",0.0,0.0,0.0,0.0,0.0,0.0,0.0,0.0,0.0,0.0,0.0,0.0,0.0,0.0,0.0,0.0,0.0,0.0,0.0,6524971.0
Fox Hill Wealth Management,0.0,0.0,0.0,0.0,0.0,0.0,0.0,0.0,0.0,0.0,0.0,0.0,0.0,0.0,0.0,3141226.0,6284366.0,10142229.0,9071162.0,9441557.0
Fragasso Financial Advisors Inc,0.0,0.0,0.0,0.0,0.0,0.0,0.0,0.0,0.0,0.0,0.0,0.0,0.0,0.0,0.0,0.0,0.0,14896143.0,14712724.0,14443041.0
Fragasso Group Inc.,208.0,0.0,0.0,0.0,0.0,0.0,0.0,223.0,218.0,0.0,0.0,475536.0,665791.0,3769481.0,4250495.0,4699629.0,8996969.0,0.0,0.0,0.0
Franchise Capital Ltd,0.0,0.0,0.0,0.0,0.0,0.0,29929.0,31052.0,0.0,0.0,0.0,0.0,35095.0,81450.0,75135.0,162212282.0,191151732.0,178217569.0,102507383.0,81162190.0
"Francis Financial, Inc.",0.0,0.0,0.0,0.0,0.0,0.0,0.0,0.0,0.0,0.0,0.0,0.0,0.0,210241.0,216191.0,320408.0,776159.0,1412187.0,1524438.0,4530948.0
"Frank, Rimerman Advisors LLC",0.0,0.0,0.0,732647.0,749104.0,1342568.0,1255634.0,1753484.0,1831982.0,1020959.0,1659523.0,1994080.0,3790172.0,5846559.0,6271686.0,7816552.0,15748147.0,71685320.0,60237883.0,66126276.0
"Franklin, Parlapiano, Turner & Welch, LLC",0.0,0.0,0.0,0.0,0.0,0.0,0.0,0.0,0.0,0.0,0.0,0.0,0.0,0.0,0.0,0.0,291850.0,444003.0,638046.0,705560.0
"Frazier Financial Advisors, LLC",0.0,0.0,0.0,0.0,0.0,0.0,0.0,0.0,0.0,0.0,0.0,0.0,0.0,0.0,0.0,118787.0,238423.0,288858.0,254621.0,159290.0
FreeGulliver LLC,0.0,0.0,0.0,0.0,0.0,0.0,0.0,0.0,0.0,0.0,0.0,0.0,0.0,0.0,0.0,0.0,0.0,0.0,788510.0,377626.0
Freed Investment Group,0.0,0.0,0.0,391.0,400.0,599.0,621.0,0.0,0.0,0.0,0.0,0.0,0.0,0.0,0.0,0.0,0.0,0.0,0.0,0.0
"Freedman Financial Associates, Inc.",0.0,0.0,0.0,183.0,147.0,221.0,229.0,324.0,315.0,0.0,0.0,0.0,0.0,0.0,0.0,0.0,0.0,0.0,0.0,0.0
"Freedom Day Solutions, LLC",0.0,0.0,0.0,0.0,2834.0,8134.0,3861.0,5163.0,4465.0,2441.0,1863.0,2139343.0,3776840.0,5041133.0,4279872.0,4208881.0,6248128.0,7359293.0,6742970.0,6505561.0
Freedom Financial Partners LLC,0.0,0.0,0.0,0.0,0.0,0.0,0.0,0.0,0.0,0.0,0.0,0.0,0.0,0.0,0.0,0.0,0.0,0.0,0.0,853406.0
"Freedom Investment Management, Inc.",0.0,0.0,0.0,0.0,0.0,0.0,0.0,0.0,0.0,0.0,0.0,0.0,0.0,0.0,3791586.0,4419609.0,7341176.0,11249167.0,10210808.0,11454274.0
Freemont Capital Pte Ltd,0.0,0.0,0.0,0.0,689.0,0.0,0.0,0.0,0.0,0.0,0.0,0.0,0.0,0.0,0.0,0.0,0.0,0.0,0.0,0.0
Freestone Grove Partners LP,0.0,0.0,0.0,0.0,0.0,0.0,0.0,0.0,0.0,0.0,0.0,0.0,0.0,0.0,0.0,0.0,0.0,0.0,0.0,5795822.0
Friday Financial,0.0,0.0,0.0,0.0,0.0,0.0,0.0,0.0,0.0,0.0,0.0,0.0,0.0,0.0,0.0,0.0,0.0,0.0,0.0,335725.0
Friedenthal Financial,0.0,0.0,0.0,0.0,0.0,0.0,0.0,0.0,0.0,0.0,0.0,671.0,710.0,715327.0,850405.0,189670.0,1057174.0,1120169.0,246311.0,272417.0
"Frisch Financial Group, Inc.",648.0,941.0,1315.0,1408.0,1516.0,2298.0,6923.0,2871.0,2720.0,728.0,634.0,1032.0,1679.0,1488.0,1391.0,1443.0,2456.0,3421.0,3334.0,3781.0
Front Row Advisors LLC,2869.0,3786.0,5252.0,5139.0,5258.0,7831.0,8136.0,11346.0,10581.0,5734.0,4621.0,5359.0,12960.0,14235.0,14712248.0,16705290.0,29710034.0,36745760.0,35488789.0,38853320.0
"Front Street Capital Management, Inc.",0.0,0.0,0.0,0.0,0.0,0.0,0.0,0.0,0.0,0.0,99.0,0.0,0.0,313.0,345.0,374.0,669.0,942.0,930.0,1278.0
Frontier Wealth Management LLC,845.0,1183.0,0.0,1670.0,1832.0,3190.0,2372.0,3993.0,3471.0,6124.0,0.0,0.0,0.0,0.0,0.0,0.0,0.0,0.0,0.0,0.0
Fulcrum Asset Management LLP,0.0,1755.0,1531.0,1755.0,2188.0,6331.0,3040.0,3040.0,5164.0,0.0,0.0,0.0,0.0,0.0,0.0,0.0,0.0,0.0,0.0,0.0
Fulcrum Capital LLC,0.0,0.0,0.0,201.0,5625.0,9065.0,9481.0,13474.0,12838.0,8886.0,7053.0,8495645.0,10050179.0,12547904.0,12280495.0,9024242.0,16580955.0,22377168.0,21840617.0,23136287.0
Fulcrum Equity Management,0.0,1569.0,2569.0,2485.0,2048.0,2525.0,2587.0,2969.0,1275.0,367.0,0.0,0.0,0.0,437938.0,0.0,522602.0,636694.0,1227570.0,2906696.0,0.0
"Full Sail Capital, LLC",0.0,0.0,0.0,0.0,0.0,0.0,0.0,0.0,0.0,0.0,0.0,0.0,0.0,0.0,468919.0,0.0,0.0,0.0,264739.0,379101.0
Fullerton Fund Management Co Ltd.,9610.0,13976.0,33260.0,59423.0,71832.0,107233.0,98575.0,114311.0,0.0,25.0,4498.0,0.0,36784526.0,94421448.0,148573009.0,113308812.0,258862712.0,305264499.0,194026267.0,185328123.0
"Fulton Bank, N. A.",0.0,7888.0,6769.0,0.0,0.0,0.0,0.0,0.0,0.0,0.0,0.0,0.0,0.0,0.0,0.0,0.0,0.0,0.0,0.0,0.0
"Fulton Bank, N.A.",6549.0,0.0,0.0,6565.0,6042.0,10133.0,10242.0,13842.0,11485.0,6388.0,4926.0,6078.0,11391069.0,14273540.0,14778785.0,32252688.0,28350098.0,40077487.0,39195852.0,42607262.0
"Fund Evaluation Group, LLC",0.0,0.0,0.0,0.0,0.0,0.0,0.0,0.0,0.0,0.0,0.0,0.0,0.0,0.0,0.0,0.0,657.0,0.0,0.0,0.0
Fund Management at Engine No. 1 LLC,0.0,0.0,0.0,0.0,0.0,0.0,0.0,0.0,5775.0,3833.0,2923.0,4005990.0,8480874.0,13813303.0,15862345.0,0.0,0.0,0.0,0.0,0.0
"Fundamentum, LLC",0.0,0.0,0.0,0.0,0.0,0.0,0.0,0.0,0.0,0.0,0.0,0.0,326033.0,476580.0,468357.0,0.0,0.0,0.0,0.0,0.0
"Fundamentun, LLC",0.0,0.0,0.0,0.0,0.0,0.0,532.0,346.0,288.0,0.0,0.0,0.0,0.0,0.0,0.0,0.0,0.0,0.0,0.0,0.0
"Fusion Capital, LLC",0.0,0.0,0.0,0.0,0.0,297.0,344.0,502.0,498.0,259.0,208.0,251134.0,472383.0,605224.0,518700.0,590557.0,1351334.0,1930646.0,2016960.0,2260358.0
Future Financial Wealth Managment LLC,0.0,0.0,0.0,0.0,0.0,0.0,0.0,166.0,151.0,0.0,0.0,0.0,0.0,233507.0,0.0,0.0,636106.0,506638.0,520978.0,506273.0
Future Fund LLC,0.0,0.0,0.0,0.0,0.0,0.0,0.0,460.0,465.0,0.0,0.0,0.0,0.0,211510.0,204010.0,588817.0,765315.0,2420121.0,3022399.0,2997621.0
G&S Capital LLC,0.0,309.0,415.0,452.0,561.0,779.0,950.0,1767.0,1989.0,0.0,0.0,0.0,1246910.0,2007231.0,1866977.0,2130932.0,2731462.0,2628396.0,2535303.0,3316025.0
"G2 CAPITAL MANAGEMENT, LLC / OH",0.0,0.0,0.0,0.0,0.0,0.0,0.0,1184.0,1159.0,644.0,516.0,620685.0,1116636.0,1535563.0,1579014.0,1797649.0,2952061.0,4037791.0,3967940.0,4388618.0
GABELLI FUNDS LLC,26334.0,41372.0,50233.0,48771.0,39859.0,69437.0,71491.0,101264.0,187872.0,48856.0,49436.0,29897613.0,55556222.0,65337977.0,67619630.0,81973271.0,149638572.0,204688484.0,167338977.0,185178121.0
GABLES CAPITAL MANAGEMENT INC.,2421.0,3488.0,4392.0,4201.0,4108.0,1194.0,4941.0,7037.0,6536.0,3695.0,2992.0,3463080.0,6398987.0,9391890.0,9067368.0,10277300.0,18024216.0,23846309.0,16847978.0,18308429.0
GAGNON SECURITIES LLC,338.0,488.0,596.0,529.0,474.0,680.0,0.0,347.0,324.0,0.0,0.0,0.0,0.0,268617.0,276654.0,249095.0,454491.0,377785.0,2496806.0,2679354.0
GAM Holding AG,208.0,0.0,5032.0,9930.0,5113.0,10914.0,10992.0,31034.0,40853.0,10825.0,5141.0,12759751.0,25926947.0,35389079.0,25432512.0,33110930.0,58462817.0,69417329.0,53264535.0,62427795.0
GAMBLE JONES INVESTMENT COUNSEL,0.0,0.0,0.0,0.0,0.0,0.0,0.0,0.0,247.0,0.0,0.0,0.0,0.0,0.0,0.0,0.0,0.0,0.0,0.0,0.0
"GAMCO INVESTORS, INC. ET AL",4413.0,7276.0,8972.0,7873.0,7251.0,13062.0,13544.0,19814.0,37294.0,9797.0,13634.0,14487150.0,13556565.0,28503088.0,15272064.0,20184672.0,40527377.0,56049851.0,40288449.0,42925799.0
GARDA CAPITAL PARTNERS LP,0.0,0.0,0.0,0.0,0.0,0.0,0.0,0.0,0.0,0.0,0.0,10522080.0,9166410.0,20304960.0,22619480.0,4704590.0,29998192.0,39285720.0,39710880.0,13578330.0
GARDNER LEWIS ASSET MANAGEMENT L P,2740.0,3948.0,5592.0,5396.0,5517.0,8267.0,8306.0,11681.0,21674.0,6021.0,4821.0,5745786.0,9499734.0,26933684.0,13847907.0,15330030.0,24633756.0,32554643.0,34247902.0,37072903.0
GARRISON BRADFORD & ASSOCIATES INC,0.0,0.0,0.0,0.0,0.0,0.0,0.0,0.0,0.0,0.0,0.0,0.0,0.0,0.0,0.0,0.0,0.0,0.0,1172000.0,1297000.0
"GARRISON POINT ADVISORS, LLC",0.0,0.0,0.0,0.0,0.0,0.0,0.0,0.0,0.0,0.0,0.0,2058382.0,3645731.0,4750938.0,4633078.0,4835823.0,7087525.0,8535379.0,7984680.0,8580997.0
GATEWAY INVESTMENT ADVISERS LLC,72315.0,87097.0,111554.0,105188.0,107425.0,157263.0,155385.0,199496.0,185347.0,109260.0,83364.0,101213092.0,176120665.0,245110965.0,245997693.0,275242750.0,456865180.0,603509141.0,572444899.0,605747202.0
GAVEA INVESTIMENTOS LTDA,0.0,15.0,0.0,0.0,0.0,0.0,0.0,0.0,0.0,0.0,0.0,0.0,0.0,0.0,0.0,0.0,0.0,0.0,0.0,0.0
"GC Wealth Management RIA, LLC",0.0,0.0,0.0,0.0,0.0,0.0,0.0,0.0,0.0,0.0,0.0,0.0,0.0,0.0,0.0,0.0,0.0,0.0,0.0,12036399.0
GDS Wealth Management,0.0,0.0,0.0,0.0,0.0,0.0,0.0,0.0,0.0,0.0,0.0,0.0,0.0,0.0,0.0,229287.0,790615.0,1306436.0,2271900.0,3909184.0
"GEM Asset Management, LLC",0.0,0.0,0.0,0.0,0.0,0.0,0.0,0.0,0.0,0.0,0.0,0.0,233882.0,321495.0,330592.0,0.0,300005.0,635244.0,1158648.0,989836.0
"GEN Financial Management, INC.",0.0,0.0,0.0,0.0,0.0,0.0,0.0,0.0,0.0,0.0,0.0,0.0,0.0,0.0,0.0,0.0,0.0,0.0,0.0,220102.0
GENERAL AMERICAN INVESTORS CO INC,0.0,0.0,0.0,0.0,0.0,0.0,0.0,0.0,0.0,0.0,0.0,0.0,0.0,0.0,0.0,0.0,0.0,0.0,0.0,29357400.0
GENERATION INVESTMENT MANAGEMENT LLP,4693.0,0.0,0.0,0.0,0.0,0.0,0.0,0.0,0.0,0.0,0.0,0.0,0.0,0.0,0.0,0.0,0.0,0.0,0.0,0.0
"GENESIS PRIVATE WEALTH, LLC",0.0,0.0,0.0,0.0,0.0,0.0,0.0,0.0,0.0,0.0,0.0,0.0,0.0,0.0,0.0,0.0,0.0,0.0,0.0,2073035.0
"GERBER, LLC",0.0,0.0,0.0,0.0,0.0,0.0,0.0,0.0,0.0,0.0,0.0,0.0,0.0,0.0,0.0,1477591.0,2876682.0,3953582.0,3910250.0,4321533.0
"GERMAN AMERICAN BANCORP,  INC.",0.0,0.0,0.0,0.0,0.0,0.0,0.0,0.0,0.0,0.0,0.0,0.0,0.0,0.0,9195688.0,0.0,0.0,0.0,0.0,0.0
"GERMAN AMERICAN BANCORP, INC.",0.0,0.0,0.0,0.0,0.0,0.0,0.0,0.0,7796.0,2128.0,4943.0,4728505.0,10272212.0,12237545.0,0.0,10813623.0,21276127.0,30199970.0,31065566.0,34991005.0
"GFG Capital, LLC",0.0,777.0,1262.0,1460.0,1719.0,2656.0,2749.0,3725.0,2936.0,1703.0,1551.0,4691144.0,4691144.0,8403838.0,8432870.0,4529376.0,5464910.0,7348412.0,1628596.0,6821256.0
"GFS Advisors, LLC",1278.0,918.0,644.0,830.0,827.0,1191.0,1441.0,1737.0,1493.0,1071.0,1761.0,2600000.0,1655000.0,1023000.0,4301000.0,5266000.0,0.0,4325000.0,0.0,2871000.0
"GG Group Ventures, LLC",0.0,0.0,0.0,0.0,0.0,0.0,0.0,0.0,0.0,0.0,0.0,0.0,0.0,0.0,0.0,0.0,0.0,3026179.0,3490614.0,3236621.0
GGM Financials LLC,0.0,0.0,0.0,0.0,0.0,0.0,0.0,0.0,0.0,0.0,0.0,0.0,0.0,0.0,0.0,0.0,0.0,1224040.0,1349933.0,1493275.0
"GHE, LLC",0.0,0.0,0.0,0.0,0.0,0.0,0.0,30525.0,28438.0,25056.0,14232.0,17022.0,32034659.0,48693409.0,48751.0,54177.0,98724.0,133967.0,131690.0,103515.0
"GHP Investment Advisors, Inc.",287.0,0.0,225.0,0.0,0.0,219.0,0.0,0.0,307.0,126.0,392.0,144690.0,263073.0,374270.0,439652.0,383347.0,915413.0,1280026.0,1147247.0,975630.0
GILDER GAGNON HOWE & CO LLC,0.0,0.0,0.0,0.0,0.0,0.0,0.0,0.0,0.0,0.0,0.0,0.0,0.0,0.0,244770193.0,256873602.0,421007488.0,444543779.0,413739097.0,437794870.0
"GILL CAPITAL PARTNERS, LLC",0.0,0.0,0.0,0.0,238.0,357.0,370.0,492.0,661.0,661.0,326.0,364347.0,636964.0,675621.0,736934.0,856306.0,1487966.0,2231222.0,2441518.0,2753461.0
GIRARD PARTNERS LTD.,1268.0,641.0,914.0,882.0,961.0,1448.0,2816.0,2023.0,1712.0,936.0,734.0,1152902.0,2132743.0,2788585.0,2905337.0,3335351.0,6118989.0,6895498.0,0.0,0.0
"GKV Capital Management Co., Inc.",0.0,0.0,0.0,0.0,0.0,0.0,0.0,0.0,0.0,0.0,0.0,0.0,0.0,0.0,0.0,0.0,0.0,0.0,0.0,26746136.0
GLENMEDE TRUST CO NA,2355.0,4066.0,5842.0,6036.0,31132.0,47345.0,47530.0,67708.0,65643.0,45706.0,6603.0,8608522.0,18676976.0,18676976.0,30325326.0,39546287.0,70803864.0,141641944.0,150590336.0,180342875.0
GLENVIEW STATE BANK TRUST DEPT.,0.0,0.0,0.0,26.0,81.0,40.0,0.0,0.0,0.0,0.0,0.0,0.0,0.0,0.0,0.0,0.0,0.0,0.0,0.0,0.0
GLOBAL VALUE INVESTMENT CORP.,0.0,0.0,0.0,0.0,0.0,0.0,0.0,0.0,0.0,0.0,0.0,0.0,0.0,0.0,0.0,0.0,0.0,0.0,0.0,1185781.0
GLOBALT Investments LLC / GA,0.0,0.0,0.0,0.0,0.0,0.0,0.0,0.0,0.0,0.0,0.0,0.0,0.0,0.0,0.0,10218865.0,17407083.0,21947993.0,20177135.0,22320207.0
GLOBEFLEX CAPITAL L P,0.0,0.0,0.0,0.0,0.0,0.0,0.0,0.0,0.0,0.0,0.0,0.0,0.0,0.0,0.0,0.0,0.0,0.0,246280.0,587653.0
GLUSKIN SHEFF & ASSOC INC,0.0,0.0,0.0,0.0,4624.0,7014.0,7274.0,11589.0,12536.0,6890.0,5464.0,6659308.0,10929137.0,14086990.0,12076196.0,0.0,0.0,0.0,0.0,0.0
GLYNN CAPITAL MANAGEMENT LLC,0.0,0.0,0.0,0.0,0.0,0.0,0.0,0.0,0.0,0.0,0.0,0.0,0.0,0.0,0.0,0.0,0.0,0.0,118525.0,117638.0
"GM Advisory Group, Inc.",3899.0,4508.0,6470.0,5364.0,5315.0,7452.0,7258.0,10208.0,9521.0,4352.0,3553.0,3988062.0,7776829.0,10618812.0,10091077.0,0.0,0.0,0.0,0.0,0.0
"GM Advisory Group, LLC",0.0,0.0,0.0,0.0,0.0,0.0,0.0,0.0,0.0,0.0,0.0,0.0,0.0,0.0,0.0,12464406.0,23880647.0,31531279.0,30315958.0,33668379.0
GODSEY & GIBB ASSOCIATES,0.0,0.0,0.0,0.0,0.0,0.0,0.0,0.0,0.0,0.0,0.0,0.0,0.0,0.0,0.0,0.0,0.0,0.0,0.0,0.0
"GODSEY & GIBB, INC",0.0,0.0,0.0,0.0,0.0,0.0,0.0,0.0,0.0,0.0,0.0,0.0,278.0,193321.0,212711.0,346159.0,665924.0,1275610.0,1365409.0,1425687.0
GOFEN & GLOSSBERG LLC /IL/,4681.0,5850.0,8209.0,7928.0,8140.0,12130.0,12474.0,17018.0,15755.0,9730.0,8858.0,10263.0,0.0,0.0,0.0,0.0,0.0,0.0,0.0,0.0
GOULD ASSET MANAGEMENT LLC /CA/,0.0,0.0,0.0,0.0,0.0,0.0,0.0,0.0,0.0,0.0,0.0,0.0,0.0,0.0,0.0,0.0,0.0,273023.0,0.0,241991.0
"GPS Wealth Strategies Group, LLC",0.0,0.0,2287.0,2206.0,3427.0,5286.0,6275.0,11866.0,13864.0,8106.0,6348.0,6381642.0,10644092.0,17004207.0,18850871.0,22714771.0,45583081.0,62747684.0,62224731.0,69953544.0
GQG Partners LLC,995024.0,3571558.0,2542420.0,1949790.0,1057212.0,2971965.0,3135357.0,0.0,0.0,0.0,0.0,0.0,2290855576.0,5896193204.0,6106872024.0,6885649830.0,12073627214.0,9346799684.0,1343353771.0,3450974943.0
"GR FINANCIAL GROUP, LLC",0.0,0.0,0.0,0.0,0.0,0.0,0.0,0.0,0.0,0.0,0.0,0.0,0.0,0.0,0.0,0.0,0.0,275126.0,275922.0,485873.0
"GRAHAM CAPITAL WEALTH MANAGEMENT, LLC",0.0,0.0,0.0,0.0,0.0,0.0,0.0,0.0,0.0,0.0,0.0,0.0,311102.0,0.0,0.0,0.0,0.0,0.0,230007.0,255285.0
GRAND JEAN CAPITAL MANAGEMENT INC,0.0,10245.0,10004.0,0.0,9984.0,14843.0,11616.0,8034.0,7820.0,200.0,0.0,0.0,8303151.0,12680947.0,14795241.0,14800738.0,25647732.0,29210665.0,24150168.0,21652790.0
"GRANDFIELD & DODD, LLC",0.0,0.0,240.0,230.0,240.0,360.0,370.0,520.0,480.0,250.0,0.0,239542.0,455301.0,818598.0,809137.0,840947.0,1343710.0,1318578.0,1343768.0,1391954.0
"GREAT LAKES ADVISORS, LLC",12870.0,19408.0,28591.0,27408.0,16105.0,24058.0,31948.0,55098.0,37000.0,17266.0,9182.0,4608350.0,11558246.0,26067298.0,40095592.0,59062406.0,129221837.0,155399464.0,145526105.0,171406039.0
"GREAT VALLEY ADVISOR GROUP, INC.",2587.0,3530.0,4463.0,4402.0,3615.0,5482.0,5800.0,9712.0,10229.0,23762.0,20074.0,21978271.0,35154979.0,45877576.0,47720588.0,55690771.0,102288869.0,138621000.0,136069802.0,156482981.0
GREAT WEST LIFE ASSURANCE CO /CAN/,0.0,0.0,0.0,0.0,0.0,0.0,0.0,0.0,656181.0,362155.0,285893.0,338161.0,631738.0,888431.0,901943.0,1017771.0,0.0,0.0,0.0,0.0
"GREATMARK INVESTMENT PARTNERS, INC.",0.0,0.0,0.0,0.0,0.0,0.0,0.0,0.0,0.0,0.0,0.0,0.0,0.0,0.0,0.0,0.0,280104.0,395328.0,327888.0,715094.0
GREEN SQUARE CAPITAL ADVISORS LLC,0.0,0.0,0.0,0.0,463.0,697.0,983.0,1409.0,1422.0,924.0,844.0,1009397.0,2039960.0,3368537.0,7271760.0,0.0,0.0,0.0,0.0,0.0
GREENUP STREET WEALTH MANAGEMENT LLC,0.0,0.0,0.0,0.0,0.0,0.0,0.0,0.0,0.0,0.0,0.0,0.0,0.0,0.0,0.0,0.0,2716024.0,4432874.0,6481762.0,7567314.0
GREENWOOD CAPITAL ASSOCIATES LLC,5551.0,6712.0,7184.0,5668.0,4589.0,298.0,220.0,422.0,0.0,249.0,188.0,219581.0,500692.0,549309.0,416956.0,1046442.0,654667.0,939573.0,899314.0,981045.0
GREENWOOD GEARHART INC,0.0,0.0,0.0,0.0,0.0,0.0,0.0,247.0,240.0,0.0,0.0,0.0,227771.0,281731.0,289703.0,11182068.0,20607493.0,28695501.0,32481711.0,37227606.0
GRIES FINANCIAL LLC,0.0,0.0,0.0,0.0,214.0,286.0,299.0,426.0,394.0,377.0,302.0,363.0,409155.0,692907.0,984382.0,1099388.0,11449912.0,3934378.0,6338804.0,6913786.0
"GRIFFIN ASSET MANAGEMENT, INC.",1973.0,2190.0,2868.0,2668.0,2542.0,3464.0,3478.0,5001.0,4729.0,2592.0,1968.0,2371560.0,4347934.0,4170156.0,4175041.0,4767988.0,8782622.0,12573939.0,11736970.0,11233186.0
"GRIMES & COMPANY, INC.",416.0,492.0,960.0,905.0,320.0,520.0,874.0,939.0,858.0,470.0,415.0,474935.0,1179689.0,2064812.0,1467718.0,2581773.0,5699939.0,11644916.0,12221685.0,12167484.0
GROESBECK INVESTMENT MANAGEMENT CORP /NJ/,0.0,0.0,0.0,0.0,0.0,0.0,0.0,0.0,0.0,0.0,0.0,0.0,0.0,0.0,0.0,0.0,1319.0,1691.0,1602.0,1865.0
GROUP ONE TRADING LLC,0.0,0.0,0.0,0.0,0.0,0.0,0.0,0.0,0.0,0.0,0.0,0.0,0.0,0.0,0.0,0.0,0.0,0.0,1890167453.0,2076615841.0
"GROUP ONE TRADING, L.P.",770.0,5968.0,48548.0,356983.0,522410.0,1122687.0,967541.0,2347497.0,2037922.0,958176.0,606684.0,728782935.0,949420082.0,1406287688.0,1329693092.0,1663666829.0,2048853021.0,1907709745.0,0.0,0.0
GROUPAMA ASSET MANAGMENT,0.0,0.0,0.0,0.0,0.0,0.0,0.0,0.0,0.0,0.0,0.0,0.0,0.0,0.0,0.0,96396878.0,181641763.0,232813396.0,198537704.0,295704693.0
"GS Investments, Inc.",0.0,0.0,0.0,0.0,0.0,0.0,0.0,0.0,0.0,0.0,0.0,1843995.0,3254909.0,4049993.0,3911865.0,4171733.0,5166556.0,5933626.0,5829849.0,5147067.0
GSA CAPITAL PARTNERS LLP,467.0,525.0,0.0,2343.0,967.0,303.0,0.0,237.0,229.0,0.0,0.0,1482.0,897.0,2272.0,6005.0,3122.0,3072.0,2676.0,6388.0,9048.0
"GSB Wealth Management, LLC",0.0,0.0,268.0,259.0,44053.0,1855.0,1721.0,2435.0,2117.0,1300.0,1054.0,1219426.0,3801270.0,2351805.0,2013442.0,2575041.0,3547226.0,3767831.0,3868092.0,4239386.0
GSG Advisors LLC,0.0,0.0,0.0,0.0,0.0,0.0,0.0,0.0,0.0,0.0,0.0,0.0,0.0,0.0,1490917.0,1752771.0,3195397.0,4775585.0,4798502.0,5581983.0
GUARDIAN CAPITAL ADVISORS LP,641.0,864.0,485.0,395.0,908.0,1218.0,983.0,1108.0,1192.0,548.0,0.0,0.0,0.0,208534.0,245732.0,282689.0,450428.0,998469.0,1786707.0,0.0
GUARDIAN CAPITAL LP,343.0,608.0,866.0,791.0,1855.0,2547.0,2915.0,3754.0,3531.0,1778.0,1446.0,1219392.0,2356878.0,3474686.0,3172817.0,3302622.0,4921691.0,4962355.0,4850192.0,5743852.0
GUARDIAN INVESTMENT MANAGEMENT,0.0,0.0,0.0,0.0,0.0,0.0,2240.0,3210.0,2978.0,1715.0,1373.0,1631799.0,1443747.0,4734017.0,4867973.0,5517246.0,9620203.0,0.0,0.0,0.0
"GUARDIAN WEALTH ADVISORS, LLC / NC",0.0,0.0,0.0,0.0,0.0,0.0,0.0,2976.0,2710.0,3026.0,2327.0,2829009.0,4688269.0,6884754.0,7122637.0,7846380.0,14018050.0,19358274.0,19071594.0,22957029.0
"GUERRA PAN ADVISORS, LLC",0.0,0.0,0.0,0.0,0.0,0.0,0.0,2001.0,1257.0,1240.0,824.0,997408.0,1884119.0,2837626.0,2950982.0,3432381.0,6298739.0,8698483.0,8550621.0,9455396.0
"GUIDANCE CAPITAL, INC",0.0,0.0,0.0,0.0,0.0,0.0,0.0,0.0,0.0,0.0,0.0,0.0,0.0,0.0,0.0,488954.0,429748.0,634684.0,734321.0,733460.0
"GUNN & Co INVESTMENT MANAGEMENT, INC.",0.0,0.0,0.0,0.0,0.0,0.0,0.0,0.0,0.0,0.0,0.0,0.0,0.0,0.0,239.0,695.0,582.0,2078638.0,1077173.0,0.0
GUYASUTA INVESTMENT ADVISORS INC,0.0,0.0,314.0,322.0,393.0,589.0,651.0,972.0,886.0,509.0,408.0,542472.0,1029972.0,1497914.0,1509416.0,1749613.0,1749613.0,1749613.0,4453451.0,4933551.0
GVO Asset Management Ltd,0.0,0.0,0.0,0.0,121.0,182.0,0.0,0.0,0.0,0.0,0.0,0.0,0.0,0.0,0.0,0.0,0.0,0.0,0.0,0.0
GW HENSSLER & ASSOCIATES LTD,0.0,0.0,235.0,227.0,240.0,360.0,0.0,0.0,332.0,0.0,0.0,0.0,403626.0,551234.0,563005.0,653362.0,1426903.0,2060526.0,2114842.0,2114842.0
"GW&K Investment Management, LLC",0.0,0.0,0.0,0.0,0.0,0.0,0.0,0.0,186.0,123.0,0.0,0.0,12.0,381.0,9647.0,16968.0,32566.0,47775.0,47980.0,53318.0
GWM Advisors LLC,3533.0,6268.0,11175.0,10855.0,11014.0,18057.0,22845.0,0.0,0.0,0.0,0.0,0.0,0.0,0.0,0.0,0.0,0.0,0.0,0.0,0.0
GWN SECURITIES INC.,0.0,0.0,0.0,0.0,0.0,0.0,0.0,0.0,0.0,0.0,0.0,0.0,0.0,0.0,0.0,0.0,0.0,0.0,0.0,17075293.0
"GYL Financial Synergies, LLC",265.0,398.0,627.0,615.0,600.0,902.0,952.0,1368.0,1093.0,597.0,508.0,606402.0,1173189.0,1811206.0,4989673.0,5776168.0,14511967.0,20739864.0,20211593.0,0.0
"GYROSCOPE CAPITAL MANAGEMENT GROUP, LLC",0.0,0.0,0.0,0.0,0.0,0.0,0.0,0.0,0.0,0.0,0.0,219210.0,805533.0,1186994.0,2615595.0,0.0,0.0,0.0,0.0,0.0
"Gagnon Advisors, LLC",0.0,0.0,0.0,0.0,0.0,0.0,0.0,0.0,0.0,0.0,0.0,0.0,0.0,0.0,0.0,0.0,0.0,0.0,2010439.0,2223171.0
Gainplan LLC,0.0,0.0,0.0,583.0,452.0,1070.0,0.0,231.0,0.0,0.0,0.0,0.0,0.0,0.0,533308.0,212935.0,348759.0,710727.0,852994.0,1130906.0
Gallacher Capital Management LLC,0.0,0.0,0.0,0.0,0.0,0.0,0.0,0.0,0.0,0.0,0.0,0.0,284794.0,420300.0,457854.0,557886.0,716013.0,1018540.0,748161.0,883205.0
"Gallagher Capital Advisors, LLC",0.0,0.0,0.0,0.0,0.0,0.0,0.0,0.0,0.0,0.0,0.0,0.0,0.0,0.0,0.0,0.0,0.0,0.0,0.0,3545332.0
"Gallagher Fiduciary Advisors, LLC",0.0,0.0,0.0,0.0,0.0,0.0,0.0,0.0,0.0,0.0,0.0,0.0,0.0,0.0,0.0,0.0,2658241.0,4027868.0,3674491.0,4191320.0
"Galvin, Gaustad & Stein, LLC",0.0,0.0,0.0,272.0,344.0,571.0,590.0,762.0,1077.0,255.0,205.0,238957.0,400035.0,819916.0,1058580.0,1860730.0,2781545.0,4416997.0,4174204.0,4576799.0
"Game Plan Financial Advisors, LLC",806.0,925.0,1120.0,1118.0,1281.0,2404.0,2426.0,3498.0,3178.0,1226.0,932.0,1044609.0,0.0,0.0,0.0,3300637.0,6140594.0,8398249.0,8606279.0,9377033.0
"Garde Capital, Inc.",0.0,0.0,0.0,180.0,190.0,387.0,645.0,943.0,752.0,344.0,14509.0,436.0,793.0,1201.0,1219.0,2514.0,4426.0,7137.0,6132.0,6396.0
Garden State Investment Advisory Services LLC,0.0,0.0,0.0,0.0,0.0,0.0,0.0,0.0,0.0,0.0,0.0,1580632.0,3028005.0,4057832.0,3922022.0,4619362.0,7915399.0,11129838.0,22935253.0,12987702.0
Garner Asset Management Corp,572.0,828.0,0.0,0.0,0.0,0.0,0.0,0.0,0.0,0.0,0.0,0.0,0.0,0.0,0.0,4122636.0,0.0,0.0,0.0,0.0
"Garrett Wealth Advisory Group, LLC",0.0,0.0,0.0,0.0,0.0,0.0,0.0,233.0,216.0,0.0,0.0,0.0,205550.0,315150.0,321892.0,242658.0,438227.0,722709.0,737748.0,873556.0
"Garrison Asset Management, LLC",0.0,0.0,0.0,0.0,0.0,0.0,0.0,0.0,0.0,0.0,0.0,0.0,0.0,0.0,0.0,0.0,236735.0,315027.0,290120.0,0.0
"Garrison Point Advisors, LLC",1290.0,1838.0,2415.0,2193.0,2160.0,3088.0,3037.0,4185.0,3831.0,2158.0,1728.0,0.0,0.0,0.0,0.0,0.0,0.0,0.0,0.0,0.0
"Gateway Advisory, LLC",0.0,0.0,0.0,0.0,0.0,0.0,619.0,820.0,793.0,0.0,202.0,0.0,806.0,933182.0,536490.0,611105.0,1088790.0,1568163.0,1340819.0,0.0
"Gateway Wealth Partners, LLC",0.0,0.0,0.0,0.0,0.0,0.0,0.0,0.0,0.0,0.0,0.0,252388.0,513931.0,1152439.0,1167630.0,793880.0,1561443.0,2632543.0,3065902.0,3620882.0
"Geier Asset Management, Inc.",0.0,0.0,0.0,0.0,515.0,735.0,0.0,0.0,0.0,0.0,0.0,0.0,0.0,0.0,0.0,0.0,0.0,0.0,0.0,0.0
Geller Advisors LLC,221.0,502.0,710.0,768.0,823.0,1240.0,1277.0,1818.0,1783.0,910.0,761.0,902707.0,2212160.0,4955679.0,4671441.0,5546148.0,10278404.0,11871532.0,9811426.0,9426664.0
Gemsstock Ltd.,0.0,0.0,0.0,0.0,0.0,9921.0,10399.0,15882.0,0.0,0.0,0.0,0.0,0.0,0.0,0.0,0.0,0.0,0.0,0.0,0.0
Gen-Wealth Partners Inc,0.0,0.0,0.0,0.0,0.0,0.0,0.0,0.0,0.0,0.0,0.0,0.0,0.0,0.0,0.0,0.0,349678.0,463275.0,470952.0,1498676.0
"GenTrust, LLC",0.0,0.0,0.0,0.0,0.0,489.0,609.0,602.0,776.0,292.0,416.0,477752.0,908068.0,1361759.0,1400292.0,1594181.0,2564427.0,11695825.0,12641929.0,12882718.0
Geneos Wealth Management Inc.,1531.0,2170.0,3619.0,3783.0,5979.0,4516.0,4559.0,6473.0,7571.0,4870.0,1932.0,2389547.0,3459418.0,5371146.0,5976841.0,6756458.0,12501091.0,18425917.0,23573617.0,29938869.0
"General Partner, Inc.",0.0,0.0,0.0,0.0,0.0,0.0,0.0,0.0,0.0,0.0,0.0,0.0,0.0,0.0,0.0,0.0,871935.0,1192161.0,1171896.0,1295898.0
Generali Asset Management SPA SGR,0.0,0.0,0.0,0.0,0.0,0.0,0.0,0.0,0.0,0.0,0.0,0.0,0.0,0.0,0.0,0.0,0.0,0.0,0.0,287027417.0
"Generali Investments CEE, investicni spolecnost, a.s.",0.0,0.0,0.0,0.0,0.0,0.0,0.0,0.0,0.0,0.0,0.0,0.0,0.0,0.0,0.0,0.0,0.0,0.0,0.0,14508289.0
Generali Investments Towarzystwo Funduszy Inwestycyjnych,0.0,0.0,0.0,0.0,0.0,0.0,0.0,0.0,5357333.0,3525377.0,2553439.0,3191259.0,3231021.0,4159133.0,3887972.0,3887972.0,5919222.0,7043015.0,6741134.0,6948165.0
"Generali Investments, Management Co LLC",0.0,0.0,0.0,0.0,0.0,0.0,0.0,0.0,0.0,0.0,0.0,0.0,0.0,0.0,0.0,0.0,0.0,0.0,0.0,22558571.0
Generate Investment Management Ltd,0.0,0.0,0.0,0.0,0.0,0.0,0.0,0.0,0.0,0.0,0.0,0.0,0.0,0.0,0.0,23035158.0,27383289.0,39716842.0,49694724.0,44332218.0
Generation Capital Management LLC,0.0,0.0,0.0,0.0,0.0,0.0,0.0,0.0,0.0,0.0,0.0,0.0,0.0,0.0,0.0,0.0,0.0,0.0,0.0,3018839.0
"Genesee Capital Advisors, LLC",0.0,0.0,0.0,0.0,0.0,0.0,0.0,255.0,564.0,463.0,0.0,0.0,212885.0,292903.0,353421.0,469233.0,602269.0,1787203.0,2410413.0,2674449.0
"Geneva Partners, LLC",0.0,591.0,451.0,416.0,356.0,1472.0,1569.0,1207.0,296.0,0.0,0.0,0.0,0.0,6085144.0,6658395.0,7389182.0,10899123.0,15457234.0,14696437.0,16233967.0
"Genovese Burford & Brothers Wealth & Retirement Plan Management, LLC",0.0,0.0,307.0,290.0,0.0,0.0,0.0,0.0,0.0,0.0,0.0,0.0,0.0,0.0,0.0,0.0,0.0,0.0,0.0,0.0
Genus Capital Management Inc.,0.0,0.0,0.0,0.0,0.0,0.0,0.0,0.0,0.0,0.0,0.0,0.0,0.0,15658085.0,12046178.0,12635043.0,30752665.0,34215885.0,35155908.0,31181332.0
"GeoWealth Management, LLC",0.0,0.0,0.0,0.0,0.0,0.0,17.0,24.0,22.0,12.0,10.0,12.0,0.0,68.0,35.0,222.0,396663.0,678235.0,757786.0,709588.0
Gerber Kawasaki Wealth & Investment Management,10682.0,13515.0,18355.0,18259.0,22000.0,33201.0,856.0,51652.0,50918.0,29519.0,22160.0,27452513.0,97576926.0,61739872.0,61943275.0,68824379.0,112508791.0,131075763.0,121019480.0,130850348.0
Ghisallo Capital Management LLC,0.0,0.0,0.0,0.0,0.0,0.0,0.0,0.0,0.0,0.0,0.0,0.0,0.0,21151000.0,21749500.0,24761000.0,0.0,0.0,0.0,0.0
"Gibraltar Capital Management, Inc.",0.0,0.0,0.0,0.0,0.0,0.0,0.0,0.0,0.0,0.0,0.0,0.0,0.0,0.0,0.0,0.0,209658.0,358205.0,2158050.0,2393961.0
"Gibson Capital, LLC",0.0,0.0,0.0,0.0,0.0,0.0,0.0,0.0,0.0,0.0,0.0,0.0,0.0,0.0,0.0,810180.0,1959880.0,1640974.0,1607881.0,1771426.0
Gibson Wealth Advisors LLC,0.0,0.0,0.0,0.0,0.0,0.0,0.0,0.0,0.0,0.0,0.0,11310.0,0.0,0.0,0.0,0.0,1161978.0,1588724.0,1561718.0,1667479.0
Gifford Fong Associates,11372.0,20190.0,26056.0,25140.0,25705.0,38519.0,39893.0,56637.0,52545.0,29192.0,23376.0,28142.0,35392.0,53899.0,55424.0,63098.0,33044.0,45180.0,44412.0,40449.0
"Gilbert & Cook, Inc.",0.0,0.0,0.0,0.0,0.0,678.0,0.0,1130.0,1120.0,742.0,592.0,657922.0,1373573.0,2211126.0,2600806.0,7812594.0,7167945.0,8964810.0,8609981.0,9314231.0
Gilliland Jeter Wealth Management LLC,0.0,0.0,0.0,0.0,0.0,0.0,0.0,0.0,0.0,0.0,0.0,0.0,0.0,0.0,0.0,7743188.0,13942944.0,19027839.0,31855549.0,20408217.0
"Gilman Hill Asset Management, LLC",0.0,0.0,0.0,0.0,0.0,0.0,443.0,984.0,873.0,627.0,426.0,487085.0,816088.0,1285135.0,1375873.0,1672853.0,3141678.0,2948900.0,2762153.0,3226317.0
"Gitterman Wealth Management, LLC",0.0,0.0,0.0,0.0,0.0,0.0,0.0,0.0,0.0,0.0,0.0,0.0,0.0,0.0,0.0,0.0,0.0,205076.0,201590.0,516346.0
Gladius Capital Management LP,0.0,0.0,5608.0,40639.0,44806.0,7442.0,7707.0,17199.0,5424.0,4895.0,7959.0,59443813.0,27999411.0,31165407.0,118067666.0,22433466.0,19877417.0,31130227.0,137648840.0,71120925.0
Gladstone Capital Management LLP,0.0,0.0,0.0,0.0,0.0,0.0,0.0,0.0,0.0,0.0,0.0,0.0,0.0,49825411.0,101317871.0,4747674.0,76285764.0,81043475.0,59290773.0,134290.0
Gladstone Institutional Advisory LLC,866.0,1700.0,3572.0,3290.0,3428.0,9226.0,15738.0,23014.0,27234.0,13796.0,10516.0,6490247.0,11880036.0,15113891.0,14989246.0,17802813.0,29014771.0,39684605.0,41755764.0,51061453.0
Glass Jacobson Investment Advisors llc,0.0,0.0,0.0,0.0,0.0,0.0,0.0,0.0,0.0,0.0,0.0,422533.0,0.0,1082620.0,1107683.0,1217552.0,2058023.0,2961767.0,2624702.0,2797904.0
Glass Wealth Management Co LLC,0.0,0.0,0.0,0.0,0.0,0.0,0.0,0.0,0.0,0.0,0.0,0.0,0.0,0.0,0.0,0.0,5037347.0,6978157.0,6639975.0,7440606.0
Glassman Wealth Services,205.0,203.0,323.0,338.0,364.0,578.0,695.0,956.0,2083.0,693.0,496.0,724534.0,1240343.0,1835213.0,2338076.0,2600930.0,0.0,0.0,0.0,0.0
"Glaxis Capital Management, LLC",0.0,1140.0,0.0,1567.0,0.0,0.0,0.0,0.0,0.0,0.0,0.0,0.0,0.0,0.0,0.0,346654.0,0.0,0.0,364320.0,0.0
"Gleason Group, Inc.",0.0,0.0,0.0,0.0,0.0,0.0,0.0,0.0,0.0,4.0,3.0,4095.0,7785.0,11857.0,12194.0,13883.0,25332.0,34638.0,34050.0,57533.0
"Glen Eagle Advisors, LLC",680673.0,1793273.0,2651008.0,2588177.0,3365003.0,4669648.0,4801342.0,7150732.0,6529364.0,3771158.0,2654890.0,3039065.0,5734729.0,8884103.0,8750533.0,9487597.0,17176998.0,23528901.0,21699586.0,22790143.0
Glenview Trust Co,27928.0,39621.0,54945.0,52304.0,53043.0,79745.0,82187.0,115478.0,109896.0,61927.0,50192.0,62426039.0,0.0,169728314.0,0.0,0.0,326467974.0,0.0,0.0,0.0
Glenview Trust co,0.0,0.0,0.0,0.0,0.0,0.0,0.0,0.0,0.0,0.0,0.0,0.0,117189218.0,0.0,173397888.0,193491863.0,0.0,430715785.0,411256681.0,444783923.0
"Global Assets Advisory, LLC",0.0,0.0,0.0,0.0,0.0,0.0,0.0,0.0,0.0,375.0,0.0,0.0,614991.0,1219705.0,2568609.0,0.0,5911.0,0.0,9911786.0,11098317.0
"Global Endowment Management, LP",0.0,0.0,0.0,0.0,0.0,0.0,0.0,0.0,0.0,0.0,0.0,0.0,0.0,0.0,0.0,0.0,0.0,16272689.0,17307629.0,17570772.0
"Global Financial Private Capital, Inc",4.0,0.0,0.0,0.0,0.0,0.0,0.0,0.0,0.0,0.0,0.0,0.0,0.0,0.0,0.0,0.0,0.0,0.0,0.0,0.0
"Global Financial Private Client, LLC",138793.0,227195.0,269023.0,262144.0,246954.0,299946.0,468354.0,870566.0,856387.0,541853.0,469700.0,105367.0,507285.0,796516.0,840558.0,969146.0,1574123.0,2218161.0,2375974.0,2678683.0
"Global Retirement Partners, LLC",501.0,695.0,1475.0,1572.0,1653.0,2430.0,2851.0,0.0,3397.0,3343.0,3142.0,3226638.0,6896142.0,10027202.0,10619000.0,16808758.0,27951560.0,55865499.0,60777741.0,67716005.0
"Global Strategic Investment Solutions, LLC",0.0,0.0,0.0,0.0,0.0,0.0,0.0,377.0,343.0,263.0,0.0,244501.0,386676.0,633277.0,834332.0,961760.0,1985221.0,2529178.0,2632886.0,2753541.0
"Global Trust Asset Management, LLC",252.0,458.0,14.0,14.0,14.0,25.0,26.0,66.0,562.0,19.0,22.0,217634.0,426962.0,591005.0,628608.0,730008.0,268455.0,426964.0,1369003.0,1568484.0
Global View Capital Management LLC,0.0,0.0,0.0,0.0,0.0,0.0,0.0,0.0,0.0,0.0,0.0,0.0,0.0,0.0,0.0,0.0,0.0,0.0,0.0,1158622.0
"Global Wealth Management Investment Advisory, Inc.",1010.0,1291.0,1661.0,1674.0,1777.0,2788.0,3036.0,2770.0,2798.0,1924.0,3381.0,2023747.0,3188522.0,4363874.0,4717032.0,5408298.0,8511259.0,11643109.0,11125802.0,12424124.0
"Global Wealth Management, LLC",0.0,0.0,0.0,0.0,0.0,0.0,0.0,0.0,0.0,0.0,0.0,0.0,0.0,0.0,0.0,0.0,0.0,0.0,260029.0,300188.0
Global Wealth Strategies & Associates,0.0,0.0,0.0,0.0,0.0,0.0,0.0,0.0,0.0,0.0,0.0,146578.0,306978.0,467501.0,478989.0,551750.0,951449.0,1231219.0,1267974.0,1454790.0
"Global X Japan Co., Ltd.",0.0,0.0,0.0,0.0,0.0,0.0,0.0,0.0,0.0,0.0,0.0,0.0,0.0,0.0,0.0,4613965.0,44086500.0,0.0,49135838.0,44348332.0
Glovista Investments LLC,0.0,0.0,0.0,0.0,0.0,0.0,0.0,490.0,455.0,253.0,0.0,0.0,0.0,0.0,0.0,0.0,0.0,0.0,0.0,0.0
"GoalFusion Wealth Management, LLC",0.0,0.0,0.0,0.0,0.0,0.0,0.0,0.0,0.0,0.0,0.0,0.0,0.0,259452.0,266794.0,303735.0,556894.0,689765.0,632500.0,732999.0
GoalVest Advisory LLC,0.0,0.0,0.0,466.0,440.0,372.0,0.0,0.0,827.0,468.0,11.0,28497.0,54165.0,137021.0,155291.0,233249.0,2382688.0,3368689.0,3418293.0,3487108.0
"Goelzer Investment Management, Inc.",0.0,0.0,216.0,0.0,0.0,0.0,0.0,241.0,0.0,0.0,0.0,0.0,218328.0,224624.0,497194.0,2517699.0,6500211.0,12363637.0,12285012.0,13632586.0
Goepper Burkhardt LLC,0.0,0.0,0.0,0.0,0.0,0.0,0.0,0.0,302.0,302.0,0.0,0.0,307144.0,467754.0,496230.0,723351.0,955233.0,1346989.0,1554221.0,1714021.0
Gold Investment Management Ltd.,0.0,0.0,0.0,0.0,0.0,0.0,0.0,0.0,0.0,0.0,0.0,0.0,0.0,0.0,0.0,118358.0,223179.0,305144.0,299957.0,331696.0
"Golden Green, Inc.",0.0,0.0,0.0,367.0,0.0,426.0,470.0,2163.0,1332.0,662.0,516.0,632202.0,272215.0,968716.0,1497236.0,0.0,0.0,0.0,0.0,0.0
Golden State Equity Partners,0.0,0.0,0.0,626.0,0.0,822.0,680.0,526.0,828.0,0.0,0.0,0.0,469709.0,10028639.0,10450344.0,12093033.0,0.0,31114739.0,26234417.0,26854920.0
"Golden State Wealth Management, LLC",299.0,741.0,993.0,1151.0,1142.0,2173.0,2224.0,3693.0,4015.0,0.0,0.0,0.0,0.0,0.0,0.0,0.0,0.0,0.0,0.0,11567171.0
"Goldstein Advisors, LLC",0.0,0.0,0.0,0.0,0.0,0.0,0.0,0.0,0.0,0.0,0.0,764000.0,1501350.0,2254274.0,2064028.0,2328029.0,4172640.0,3453808.0,3794514.0,5494612.0
"Goldstone Financial Group, LLC",0.0,0.0,0.0,0.0,0.0,0.0,0.0,0.0,0.0,0.0,0.0,0.0,701933.0,1231848.0,1315425.0,919932.0,1582142.0,2528880.0,2934957.0,3386027.0
Goldstream Capital Management Ltd,0.0,0.0,0.0,0.0,0.0,0.0,0.0,24999.0,38645.0,10613.0,7283.0,8915710.0,15964280.0,31429326.0,20771084.0,15252614.0,31737569.0,45895146.0,33399313.0,32687334.0
"Good Life Advisors, LLC",1330.0,1929.0,2789.0,2717.0,2870.0,4714.0,11174.0,15313.0,13228.0,7099.0,5799.0,6470160.0,12247399.0,18150044.0,18987830.0,20838488.0,37218810.0,49477919.0,48739934.0,53053500.0
"Goodman Advisory Group, LLC",0.0,0.0,0.0,0.0,0.0,0.0,0.0,2996.0,2140.0,617.0,105.0,126.0,153885.0,982669.0,1330645.0,1429206.0,5610199.0,12415527.0,10750359.0,13186655.0
Goodman Financial Corp,0.0,0.0,0.0,0.0,0.0,0.0,0.0,0.0,0.0,8003.0,7327.0,10830010.0,6622898.0,0.0,0.0,0.0,0.0,726415.0,0.0,441277.0
Goodwin Investment Advisory,0.0,0.0,0.0,0.0,0.0,0.0,0.0,0.0,5.0,2729.0,2.0,2631.0,0.0,0.0,0.0,0.0,28010.0,0.0,0.0,0.0
Gordian Advisors LLC,0.0,0.0,0.0,0.0,0.0,0.0,0.0,0.0,0.0,0.0,0.0,0.0,0.0,0.0,0.0,233744.0,436423.0,259323.0,274467.0,318568.0
Gordian Capital Singapore Pte Ltd,0.0,0.0,0.0,0.0,0.0,0.0,0.0,4716.0,3902.0,2357.0,2808.0,2160.0,1505.0,7113504.0,14301166.0,16608194.0,21330341.0,15824856.0,21175979.0,27699428.0
"Gotham Asset Management, LLC",2663.0,9962.0,13764.0,12587.0,1961.0,5698.0,5845.0,11736.0,11102.0,8402.0,5189.0,5975372.0,12216047.0,22950104.0,36541770.0,34925886.0,98418466.0,192449871.0,266073704.0,270597707.0
"Gould Capital, LLC",0.0,0.0,0.0,0.0,0.0,0.0,0.0,67.0,62.0,43.0,34.0,31420.0,59721.0,181898.0,96281.0,106472.0,190651.0,286121.0,311253.0,1424820.0
Gouws Capital LLC,0.0,0.0,0.0,0.0,0.0,0.0,0.0,785.0,666.0,315.0,0.0,206788.0,309714.0,260157.0,267519.0,304560.0,630685.0,747417.0,734712.0,691594.0
Governors Lane LP,0.0,0.0,0.0,0.0,0.0,0.0,0.0,0.0,0.0,0.0,0.0,0.0,0.0,0.0,0.0,0.0,0.0,0.0,0.0,23500750.0
"Grace & Mercy Foundation, Inc.",0.0,0.0,0.0,0.0,0.0,0.0,0.0,0.0,0.0,0.0,0.0,5312627.0,10097773.0,0.0,0.0,0.0,0.0,0.0,0.0,0.0
Grace Capital,0.0,190.0,270.0,574.0,587.0,400.0,741.0,1294.0,0.0,0.0,0.0,0.0,0.0,0.0,0.0,0.0,0.0,0.0,0.0,0.0
"Gradient Capital Advisors, LLC",0.0,0.0,0.0,0.0,0.0,275.0,286.0,411.0,388.0,217.0,293.0,355851.0,672203.0,1027516.0,1266691.0,1431681.0,2466723.0,3614927.0,3514375.0,3833778.0
Gradient Investments LLC,100.0,76.0,169.0,169.0,172.0,241.0,256.0,578.0,20015.0,12281.0,10503.0,11355635.0,18758746.0,20157474.0,21311186.0,27720869.0,50376051.0,64808095.0,73073651.0,87636614.0
"Graham Capital Management, L.P.",0.0,0.0,16236.0,52220.0,16859.0,6648.0,2515.0,1315.0,0.0,0.0,1909.0,0.0,0.0,1058396.0,19650673.0,18347406.0,16815252.0,13284503.0,30533659.0,27100259.0
Grand Alliance Asset Management Ltd,0.0,0.0,0.0,0.0,0.0,0.0,0.0,0.0,0.0,0.0,0.0,0.0,0.0,0.0,0.0,29960810.0,41111980.0,58681500.0,52219200.0,22560720.0
"Grandeur Peak Global Advisors, LLC",310.0,446.0,636.0,561.0,521.0,780.0,808.0,824.0,764.0,424.0,0.0,0.0,0.0,0.0,0.0,0.0,0.0,0.0,0.0,0.0
Grandview Asset Management LLC,242.0,6809.0,8775.0,8237.0,8168.0,11619.0,11785.0,17068.0,15613.0,8393.0,6115.0,7011.0,12476.0,19239.0,18741.0,20413.0,37132.0,48891.0,47608.0,52396.0
"Graney & King, LLC",0.0,0.0,0.0,0.0,0.0,0.0,0.0,0.0,0.0,0.0,0.0,0.0,0.0,0.0,0.0,0.0,0.0,0.0,0.0,581776.0
"Grange Capital, LLC",0.0,0.0,0.0,0.0,0.0,0.0,0.0,0.0,0.0,0.0,0.0,0.0,0.0,0.0,0.0,0.0,0.0,0.0,0.0,3374859.0
"Granite Bay Wealth Management, LLC",0.0,0.0,0.0,0.0,0.0,0.0,0.0,0.0,0.0,0.0,0.0,0.0,0.0,268.0,19699.0,22196.0,531.0,50114.0,1349.0,1720.0
Granite FO LLC,0.0,0.0,0.0,0.0,0.0,0.0,0.0,0.0,0.0,0.0,0.0,0.0,110996.0,0.0,10875.0,12381.0,43964.0,0.0,42504.0,47002.0
"Granite Group Advisors, LLC",0.0,0.0,0.0,0.0,0.0,0.0,0.0,0.0,0.0,0.0,0.0,0.0,0.0,0.0,0.0,458891.0,483405.0,660939.0,638774.0,700591.0
"Granite Harbor Advisors, Inc.",0.0,0.0,0.0,0.0,0.0,0.0,0.0,0.0,0.0,0.0,0.0,661735.0,1334432.0,1916741.0,1992727.0,2250818.0,4077846.0,5551132.0,5879867.0,6460676.0
"Granite Investment Advisors, LLC",2275.0,2432.0,3149.0,2975.0,3085.0,4709.0,4830.0,0.0,0.0,0.0,0.0,0.0,0.0,0.0,0.0,0.0,0.0,0.0,0.0,0.0
"Granite Investment Partners, LLC",8995.0,14175.0,15052.0,9418.0,9801.0,14481.0,13817.0,15730.0,13635.0,6384.0,5788.0,6744069.0,18162547.0,20971640.0,21115720.0,23897832.0,35590325.0,48464001.0,41133671.0,42941510.0
"Granite Point Capital Management, L.P.",923.0,0.0,0.0,0.0,10679.0,0.0,0.0,0.0,0.0,0.0,0.0,438420.0,833310.0,0.0,0.0,0.0,0.0,0.0,0.0,0.0
GraniteShares Advisors LLC,0.0,0.0,0.0,0.0,0.0,0.0,0.0,3452.0,3419.0,1586.0,1092.0,1175112.0,1913280.0,2657412.0,0.0,0.0,40660200.0,164308200.0,0.0,0.0
Grant Private Wealth Management Inc,0.0,0.0,0.0,0.0,0.0,0.0,0.0,0.0,0.0,0.0,0.0,0.0,0.0,0.0,0.0,0.0,0.0,0.0,0.0,7782911.0
"Grant Street Asset Management, Inc.",0.0,0.0,0.0,0.0,0.0,0.0,0.0,0.0,0.0,0.0,0.0,0.0,0.0,0.0,0.0,0.0,0.0,359569.0,422920.0,526394.0
"Grant/GrossMendelsohn, LLC",0.0,0.0,0.0,237.0,270.0,316.0,416.0,470.0,437.0,297.0,261.0,292722.0,0.0,836227.0,757318.0,1065601.0,1504791.0,2196541.0,2167640.0,3169646.0
"Grantham, Mayo, Van Otterloo & Co. LLC",211.0,570.0,541.0,0.0,0.0,0.0,3542.0,15617.0,22703.0,9126.0,0.0,0.0,0.0,5664238.0,6780624.0,2673198.0,6914945.0,9677012.0,11465515.0,13829453.0
Grantvest Financial Group LLC,0.0,0.0,0.0,0.0,0.0,0.0,0.0,0.0,0.0,0.0,0.0,0.0,0.0,0.0,0.0,0.0,0.0,0.0,0.0,889581.0
Graphene Investments SAS,0.0,0.0,0.0,0.0,0.0,0.0,0.0,0.0,0.0,0.0,0.0,0.0,0.0,0.0,2609940.0,2624666.0,3072104.0,6164646.0,5731968.0,5425316.0
Grassi Investment Management,19535.0,28415.0,36787.0,35914.0,37423.0,55971.0,57744.0,81573.0,75495.0,43124.0,34585.0,40689.0,76470.0,115886.0,119109.0,135826.0,211822.0,206411.0,205457.0,446594.0
Graticule Asia Macro Advisors LLC,0.0,0.0,0.0,0.0,1965.0,1987.0,1328.0,0.0,15280.0,0.0,0.0,0.0,0.0,0.0,0.0,0.0,0.0,0.0,0.0,0.0
Gratus Capital LLC,0.0,0.0,6685.0,6972.0,7746.0,12625.0,13563.0,20161.0,26210.0,16008.0,14436.0,18323758.0,32455304.0,49719329.0,44210197.0,47886668.0,0.0,0.0,0.0,0.0
"Gratus Capital, LLC",0.0,0.0,0.0,0.0,0.0,0.0,0.0,0.0,0.0,0.0,0.0,0.0,0.0,0.0,0.0,47886668.0,151637023.0,197526433.0,0.0,0.0
"Gratus Wealth Advisors, LLC",0.0,0.0,0.0,0.0,0.0,0.0,0.0,0.0,0.0,0.0,0.0,0.0,0.0,0.0,0.0,3755748.0,5611994.0,6543228.0,8230021.0,7792043.0
"Graves Light Lenhart Wealth, Inc.",0.0,0.0,0.0,0.0,0.0,0.0,0.0,0.0,76.0,42.0,0.0,0.0,0.0,236045.0,243911.0,527904.0,510511.0,734613.0,717710.0,752695.0
"Graves-Light Private Wealth Management, Inc.",0.0,0.0,0.0,0.0,0.0,0.0,0.0,81.0,0.0,0.0,0.0,0.0,0.0,0.0,0.0,0.0,0.0,0.0,0.0,0.0
Gray Wealth Management Inc.,0.0,0.0,0.0,0.0,0.0,0.0,0.0,0.0,0.0,0.0,0.0,0.0,238049.0,348568.0,357997.0,418461.0,853865.0,1143489.0,1384176.0,1686021.0
Graypoint LLC,0.0,0.0,0.0,0.0,12935.0,19368.0,19775.0,27376.0,25457.0,14113.0,11211.0,12460092.0,17397739.0,22064159.0,21131106.0,21804400.0,40402169.0,55671255.0,52646843.0,57113068.0
"Great Diamond Partners, LLC",519.0,753.0,1097.0,1033.0,1038.0,1584.0,1643.0,2104.0,1804.0,1010.0,801.0,962332.0,1850782.0,2623570.0,2776541.0,3207045.0,5181013.0,6794082.0,5038788.0,5497295.0
"Great Lakes Retirement, Inc.",4003.0,0.0,0.0,0.0,0.0,0.0,0.0,0.0,0.0,0.0,0.0,7006820.0,14146217.0,20486823.0,19865201.0,23498943.0,34352281.0,45630283.0,41390614.0,41607412.0
"Great Point Wealth Advisors, LLC",0.0,0.0,0.0,0.0,0.0,0.0,0.0,0.0,0.0,0.0,0.0,0.0,0.0,0.0,0.0,0.0,0.0,0.0,330195.0,365135.0
Great Waters Wealth Management,0.0,0.0,0.0,0.0,0.0,0.0,0.0,0.0,0.0,0.0,0.0,735412.0,1032149.0,2181436.0,2359876.0,2445932.0,4767066.0,6657183.0,6584946.0,5438769.0
"Greater Midwest Financial Group, LLC",0.0,0.0,0.0,0.0,0.0,0.0,0.0,0.0,0.0,0.0,0.0,0.0,0.0,0.0,0.0,0.0,307266.0,439823.0,460718.0,514088.0
"Green Alpha Advisors, LLC",0.0,0.0,0.0,1553.0,1806.0,1412.0,1478.0,2069.0,1942.0,960.0,772.0,1239000.0,2332215.0,3654981.0,2938444.0,1963137.0,1627466.0,2112101.0,1729356.0,1626833.0
Greencape Capital Pty Ltd,40089.0,36635.0,53089.0,53662.0,39918.0,74737.0,75515.0,77918.0,115715.0,93174.0,57933.0,48631446.0,110933838.0,128121759.0,80874211.0,61957469.0,79239501.0,69485691.0,142826070.0,155087627.0
Greenfield Savings Bank,0.0,0.0,0.0,0.0,0.0,0.0,0.0,0.0,0.0,676.0,517.0,594790.0,1039138.0,1223797.0,1234067.0,1463870.0,2960966.0,4307222.0,4421145.0,4869355.0
Greenland Capital Management LP,0.0,0.0,0.0,0.0,0.0,0.0,0.0,0.0,0.0,0.0,0.0,0.0,2281603.0,0.0,2044453.0,2958940.0,22068549.0,13557403.0,14231432.0,9996413.0
"Greenline Partners, LLC",0.0,0.0,0.0,0.0,0.0,0.0,0.0,0.0,0.0,0.0,0.0,0.0,0.0,0.0,0.0,0.0,0.0,0.0,0.0,144630.0
"Greenspring Advisors, LLC",0.0,0.0,0.0,0.0,0.0,0.0,0.0,411.0,970.0,272.0,247.0,316832.0,696648.0,0.0,0.0,0.0,660502.0,791891.0,761550.0,793923.0
Greenwich Wealth Management LLC,11636.0,16769.0,23915.0,46992.0,23608.0,35479.0,36707.0,52246.0,48486.0,26945.0,21747.0,26102.0,49550.0,75154.0,77303.0,88129.0,160707.0,221080.0,216625.0,61385.0
Greenwoods Asset Management Ltd,2517.0,3875.0,8141.0,3803.0,0.0,0.0,0.0,0.0,0.0,0.0,0.0,0.0,0.0,0.0,0.0,0.0,0.0,0.0,0.0,0.0
"Grey Fox Wealth Advisors, LLC",0.0,0.0,0.0,0.0,0.0,0.0,0.0,0.0,0.0,0.0,0.0,42234.0,100012.0,0.0,0.0,303632.0,563044.0,757504.0,860066.0,951059.0
"Grey Street Capital, LLC",0.0,0.0,0.0,0.0,0.0,0.0,0.0,0.0,0.0,0.0,0.0,0.0,6062768.0,23743943.0,644924.0,548063.0,28546765.0,0.0,0.0,0.0
"Greykasell Wealth Strategies, Inc.",0.0,0.0,0.0,0.0,0.0,0.0,0.0,0.0,0.0,0.0,0.0,0.0,0.0,0.0,0.0,0.0,0.0,0.0,0.0,2443541.0
"Greystone Financial Group, LLC",0.0,0.0,0.0,0.0,0.0,0.0,0.0,0.0,0.0,836.0,0.0,0.0,518319.0,751284.0,818651.0,905262.0,1696007.0,2494927.0,3954487.0,4472575.0
Greytown Advisors Inc.,0.0,0.0,0.0,0.0,0.0,0.0,0.0,0.0,0.0,0.0,0.0,0.0,0.0,0.0,0.0,0.0,269695.0,643273.0,0.0,0.0
"Griffith & Werner, Inc.",0.0,0.0,0.0,0.0,0.0,0.0,0.0,0.0,0.0,0.0,0.0,0.0,0.0,0.0,0.0,0.0,0.0,0.0,0.0,3224283.0
"Ground Swell Capital, LLC",0.0,0.0,0.0,0.0,0.0,303.0,0.0,0.0,0.0,576.0,1110.0,0.0,0.0,0.0,1786939.0,373891.0,0.0,0.0,12144000.0,751755.0
Grove Bank & Trust,491.0,723.0,975.0,1073.0,1060.0,1575.0,1640.0,2322.0,2276.0,1259.0,998.0,1221.0,2386600.0,3599477.0,4707462.0,5204762.0,9536172.0,12543881.0,9712164.0,10997411.0
"Grove Street Fiduciary, LLC",0.0,0.0,0.0,0.0,0.0,0.0,0.0,0.0,0.0,0.0,0.0,0.0,0.0,0.0,0.0,0.0,0.0,0.0,0.0,758921.0
"Gruss & Co., LLC",0.0,0.0,271.0,460.0,0.0,0.0,0.0,0.0,0.0,0.0,0.0,730700.0,1388850.0,1522872.0,434990.0,990440.0,993916.0,2100180.0,364320.0,1074320.0
Gryphon Financial Partners LLC,942.0,1304.0,1720.0,1659.0,1730.0,2156.0,2651.0,3216.0,2668.0,1516.0,1259.0,1533100.0,2815387.0,3961467.0,3922643.0,8867938.0,9095976.0,13047673.0,13033540.0,11776404.0
"Gs Investments, Inc.",9226.0,1175821.0,1598.0,1528.0,2194.0,3260.0,2835.0,3315.0,2254.0,2353.0,1545.0,0.0,0.0,0.0,0.0,0.0,0.0,0.0,0.0,0.0
"Guardian Asset Advisors, LLC",0.0,0.0,0.0,0.0,0.0,0.0,0.0,0.0,0.0,0.0,0.0,0.0,0.0,0.0,0.0,2146830.0,4072436.0,6505158.0,6486511.0,7237022.0
"Guardian Financial Partners, LLC",0.0,0.0,0.0,0.0,0.0,0.0,0.0,419.0,222.0,0.0,0.0,0.0,253276.0,0.0,464515.0,926009.0,1255893.0,1692580.0,981906.0,1343842.0
Guardian Partners Inc.,0.0,0.0,0.0,0.0,0.0,0.0,0.0,0.0,0.0,0.0,0.0,0.0,0.0,0.0,0.0,0.0,0.0,0.0,0.0,1958878.0
"Guardian Wealth Advisors, LLC",0.0,0.0,0.0,0.0,1709.0,0.0,0.0,0.0,0.0,0.0,496.0,0.0,101664.0,0.0,0.0,0.0,0.0,0.0,0.0,0.0
"Guardian Wealth Management, Inc.",0.0,0.0,0.0,0.0,0.0,0.0,0.0,1.0,2.0,1.0,1.0,878.0,1391.0,0.0,0.0,0.0,0.0,46328.0,240694.0,253808.0
Guerra Advisors Inc,0.0,0.0,0.0,0.0,0.0,0.0,0.0,0.0,0.0,0.0,0.0,0.0,0.0,0.0,0.0,0.0,0.0,0.0,0.0,2611123.0
"Guidance Point Advisors, LLC",0.0,0.0,0.0,0.0,0.0,0.0,3.0,0.0,0.0,0.0,0.0,0.0,0.0,0.0,0.0,0.0,492247.0,356768.0,495218.0,547632.0
"Guided Capital Wealth Management, LLC",0.0,0.0,0.0,0.0,0.0,0.0,0.0,0.0,0.0,0.0,0.0,0.0,0.0,0.0,0.0,0.0,0.0,0.0,0.0,2446771.0
"Guild Investment Management, Inc.",0.0,0.0,0.0,0.0,0.0,0.0,0.0,0.0,0.0,0.0,0.0,0.0,0.0,230123.0,2373740.0,3442274.0,6287874.0,8138815.0,8202124.0,8254135.0
Guinness Asset Management LTD,0.0,10767.0,15338.0,14799.0,21485.0,22475.0,23202.0,25817.0,24491.0,12505.0,9823.0,11956444.0,22751426.0,29941232.0,32616784.0,37417466.0,48610844.0,40460259.0,39082328.0,47520022.0
Guinness Asset Management Ltd,8633.0,0.0,0.0,0.0,0.0,0.0,0.0,0.0,0.0,0.0,0.0,0.0,0.0,0.0,0.0,0.0,0.0,0.0,0.0,0.0
Guinness Atkinson Asset Management Inc,5693.0,6609.0,8634.0,6421.0,7615.0,8050.0,7741.0,10526.0,7262.0,3717.0,2953.0,3399509.0,6291212.0,7479417.0,7631900.0,8370703.0,10011445.0,8586772.0,8316818.0,8504317.0
Gulf International Bank (UK) Ltd,36742.0,56085.0,79353.0,71597.0,68331.0,103314.0,107054.0,126261.0,116545.0,66964.0,52018.0,62654.0,93732.0,110782.0,103379.0,107458.0,198291.0,264551.0,236373.0,257527.0
Gunderson Capital Management Inc.,0.0,0.0,1046.0,1059.0,0.0,0.0,0.0,0.0,0.0,0.0,0.0,0.0,8745314.0,12581889.0,8835087.0,10239730.0,19395954.0,14117727.0,14383644.0,16437322.0
"Gutierrez Wealth Advisory, LLC",0.0,0.0,0.0,0.0,0.0,0.0,0.0,0.0,0.0,0.0,0.0,0.0,0.0,0.0,0.0,0.0,0.0,0.0,0.0,161716.0
"H. L. Ormond & Company, LLC",0.0,0.0,0.0,0.0,0.0,0.0,0.0,3.0,3.0,0.0,0.0,0.0,0.0,0.0,0.0,0.0,0.0,0.0,0.0,0.0
"HAGER INVESTMENT MANAGEMENT SERVICES, LLC",0.0,0.0,0.0,0.0,0.0,0.0,0.0,0.0,0.0,0.0,0.0,0.0,0.0,0.0,0.0,0.0,0.0,0.0,0.0,8634583.0
"HALBERT HARGROVE GLOBAL ADVISORS, LLC",2.0,0.0,0.0,0.0,0.0,0.0,0.0,0.0,0.0,0.0,0.0,3654.0,19722.0,0.0,0.0,0.0,0.0,0.0,0.0,160272.0
HALL CAPITAL MANAGEMENT CO INC,0.0,0.0,0.0,0.0,0.0,0.0,0.0,0.0,0.0,0.0,0.0,0.0,0.0,0.0,0.0,0.0,241251.0,944216.0,0.0,1199210.0
HALL LAURIE J TRUSTEE,0.0,0.0,2130.0,1930.0,1973.0,2956.0,3048.0,4135.0,3714.0,2460.0,1970.0,2352.0,4278.0,5938.0,4102.0,4660.0,8231.0,11020.0,8108.0,8914.0
HALLMARK CAPITAL MANAGEMENT INC,0.0,0.0,0.0,0.0,0.0,0.0,0.0,199.0,183.0,172.0,24.0,22852.0,27880.0,410910.0,0.0,0.0,0.0,0.0,0.0,0.0
"HAMEL ASSOCIATES, INC.",0.0,0.0,0.0,0.0,0.0,0.0,0.0,0.0,0.0,0.0,0.0,0.0,0.0,0.0,0.0,0.0,219565.0,266782.0,262466.0,229899.0
"HAMILTON CAPITAL PARTNERS, LLC",0.0,0.0,0.0,0.0,0.0,0.0,0.0,0.0,0.0,0.0,0.0,0.0,0.0,0.0,0.0,0.0,0.0,0.0,0.0,12656092.0
HANCOCK WHITNEY CORP,792.0,3625.0,4795.0,9419.0,14541.0,31708.0,33077.0,46838.0,43575.0,23766.0,18331.0,5402397.0,8350734.0,9965956.0,21573429.0,26096606.0,47029393.0,74163170.0,88426427.0,103555195.0
HANSEATIC MANAGEMENT SERVICES INC,1741.0,4270.0,138.0,107.0,92.0,630.0,719.0,988.0,20.0,0.0,0.0,0.0,537.0,984.0,1018747.0,1051352.0,1956207.0,2595946.0,1783954.0,1997429.0
"HANTZ FINANCIAL SERVICES, INC.",3839.0,5334.0,7493.0,7041.0,7296.0,11129.0,12858.0,17032.0,16291.0,9856.0,8253.0,9766.0,17078.0,23180.0,23091.0,23804.0,35956.0,40218.0,38916.0,46148.0
"HAP Trading, LLC",2930.0,4707.0,14310.0,8627.0,5918.0,13997.0,26444.0,49664.0,19864.0,18216.0,16526.0,8018.0,3895.0,7477405.0,5227113.0,6809252.0,27104825.0,39938057.0,35086213.0,49067544.0
"HARBERT FUND ADVISORS, INC.",0.0,0.0,0.0,0.0,0.0,0.0,0.0,0.0,0.0,0.0,0.0,0.0,0.0,0.0,1739960.0,2864848.0,0.0,0.0,3703920.0,7184515.0
HARBOR ADVISORY CORP /MA/,0.0,0.0,0.0,0.0,0.0,0.0,0.0,0.0,0.0,0.0,0.0,0.0,0.0,0.0,204880.0,233249.0,425577.0,581873.0,571982.0,632506.0
"HARBOR CAPITAL ADVISORS, INC.",0.0,0.0,0.0,0.0,0.0,0.0,0.0,9215.0,2777.0,894.0,714.0,842205.0,8453097.0,12616995.0,12788271.0,13942424.0,21582.0,30000.0,28891.0,31083.0
"HARBOR FINANCIAL SERVICES, LLC",0.0,0.0,0.0,967.0,935.0,0.0,0.0,0.0,0.0,0.0,0.0,0.0,0.0,0.0,0.0,0.0,0.0,0.0,0.0,0.0
"HARBOR INVESTMENT ADVISORY, LLC",167.0,291.0,234.0,469.0,529.0,875.0,1312.0,1899.0,1870.0,1107.0,623.0,693444.0,1377205.0,2311416.0,2212832.0,2600378.0,6079455.0,9377039.0,8943189.0,9778339.0
HARBOUR INVESTMENT MANAGEMENT LLC,0.0,0.0,0.0,0.0,0.0,0.0,0.0,0.0,0.0,0.0,0.0,0.0,0.0,0.0,0.0,0.0,0.0,0.0,786752.0,1091106.0
"HARBOUR INVESTMENTS, INC.",0.0,0.0,0.0,0.0,5063.0,8226.0,8008.0,2563.0,0.0,1522.0,1522.0,1699038.0,3312829.0,6110888.0,6892268.0,8384559.0,17209207.0,26865791.0,26594023.0,32800057.0
HARDING LOEVNER LP,290103.0,171019.0,248020.0,243509.0,234459.0,351791.0,241388.0,219106.0,120199.0,102411.0,77558.0,104200470.0,190971289.0,189368612.0,170828098.0,192915804.0,0.0,0.0,0.0,110913233.0
HARMONY ASSET MANAGEMENT LLC,0.0,0.0,0.0,0.0,0.0,0.0,0.0,0.0,0.0,0.0,0.0,0.0,0.0,0.0,0.0,6052993.0,9956188.0,13780084.0,13911029.0,15341118.0
"HARRELL INVESTMENT PARTNERS, LLC",607.0,876.0,1164.0,1212.0,1538.0,2204.0,2440.0,3531.0,3493.0,1874.0,1511.0,1868385.0,2170659.0,5383886.0,5699733.0,6176348.0,7971233.0,10665485.0,10484187.0,11630022.0
HARRIS ASSOCIATES L P,0.0,0.0,0.0,0.0,0.0,0.0,0.0,0.0,0.0,0.0,0.0,0.0,0.0,0.0,0.0,0.0,0.0,0.0,0.0,569390.0
HART & PATTERSON FINANCIAL GROUP LLC,0.0,0.0,0.0,0.0,0.0,0.0,0.0,0.0,0.0,0.0,0.0,0.0,0.0,0.0,0.0,0.0,296368.0,417565.0,436698.0,436174.0
HARTFORD INVESTMENT MANAGEMENT CO,19137.0,25848.0,35594.0,38308.0,37970.0,55928.0,51700.0,79125.0,68628.0,38662.0,31257.0,26926.0,58672246.0,74470133.0,74211904.0,82408075.0,144206369.0,194655677.0,188006243.0,203564571.0
HARTLINE INVESTMENT CORP/,20130.0,25632.0,35574.0,31928.0,33662.0,49347.0,50471.0,62870.0,49347.0,31928.0,215.0,27537599.0,46555641.0,66016501.0,64652564.0,69827506.0,10010761.0,129396784.0,117767533.0,120774786.0
HARVARD MANAGEMENT CO INC,0.0,0.0,0.0,0.0,0.0,0.0,0.0,7740.0,7180.0,10061.0,8056.0,9699020.0,18435039.0,21273.0,21875.0,24904119.0,45439129.0,84927573.0,115104597.0,105905257.0
"HARVEST GROUP WEALTH MANAGEMENT, LLC",0.0,1.0,0.0,18.0,0.0,0.0,0.0,0.0,0.0,0.0,0.0,0.0,0.0,0.0,0.0,0.0,0.0,0.0,0.0,0.0
HARVEST VOLATILITY MANAGEMENT LLC,0.0,0.0,0.0,4341.0,7188.0,14317.0,23905.0,38118.0,35795.0,17784.0,13744.0,15177660.0,24254220.0,32136829.0,0.0,0.0,0.0,0.0,0.0,0.0
HARVEY CAPITAL MANAGEMENT INC,1581.0,4158.0,5712.0,5401.0,5485.0,10592.0,10970.0,15527.0,14282.0,7927.0,6338.0,5670232.0,16447708.0,16413176.0,16877612.0,18719316.0,38446478.0,52615686.0,52415933.0,57985751.0
"HAZLETT, BURT & WATSON, INC.",0.0,0.0,0.0,0.0,0.0,0.0,0.0,0.0,748.0,376.0,237.0,269.0,514.0,662.0,738.0,917.0,1926.0,3279.0,2571.0,3499.0
"HB Wealth Management, LLC",0.0,0.0,0.0,0.0,0.0,0.0,0.0,8375.0,11267.0,4319.0,2448.0,4240921.0,9052524.0,14099629.0,17838576.0,22354845.0,44370956.0,89571604.0,105990302.0,122666024.0
"HBC Financial Services, PLLC",6.0,8.0,19.0,19.0,29047.0,22.0,25.0,58.0,37613.0,47561.0,0.0,0.0,0.0,0.0,4.0,0.0,27.0,55.0,80.0,85.0
HBK INVESTMENTS L P,21114.0,56228.0,32365.0,31227.0,19756.0,12202.0,2072.0,1882.0,949.0,0.0,1092.0,0.0,582761.0,575730.0,0.0,0.0,0.0,0.0,0.0,0.0
HBK Sorce Advisory LLC,1176.0,1942.0,2265.0,2204.0,2379.0,4056.0,4437.0,6652.0,5934.0,1744.0,2380.0,6829.0,6514447.0,9902426.0,9374318.0,10470151.0,18843895.0,25462013.0,24007450.0,26193428.0
HBW ADVISORY SERVICES LLC,0.0,0.0,0.0,0.0,0.0,0.0,0.0,0.0,0.0,0.0,0.0,0.0,0.0,0.0,1037.0,1230.0,1230.0,3374219.0,3996561.0,847777.0
HBW Advisory Services LLC,0.0,0.0,0.0,279.0,254.0,309.0,815.0,1261.0,993.0,321.0,0.0,0.0,833.0,986.0,0.0,0.0,0.0,0.0,0.0,0.0
"HC Advisors, LLC",0.0,0.0,0.0,0.0,0.0,0.0,0.0,0.0,0.0,0.0,0.0,0.0,260938.0,397386.0,408624.0,415686.0,972594.0,1349858.0,1075541.0,1140357.0
HCR Wealth Advisors,982.0,1431.0,1964.0,2123.0,691.0,1042.0,1993.0,5571.0,5070.0,2772.0,2222.0,2672662.0,5065019.0,7694190.0,7993744.0,9719662.0,22063148.0,29915476.0,32152958.0,36110304.0
"HEADINVEST, LLC",328.0,473.0,740.0,1506.0,880.0,1324.0,1369.0,1981.0,1815.0,1043.0,904.0,1170289.0,1957167.0,2164089.0,2385537.0,2529584.0,3838323.0,4779763.0,4566144.0,4618905.0
HEALTHCARE OF ONTARIO PENSION PLAN TRUST FUND,65371.0,15232.0,72962.0,296944.0,126640.0,547365.0,406171.0,377162.0,146397.0,5163.0,17706.0,2940483.0,1380795.0,115532684.0,35662220.0,197135196.0,292763379.0,2126348984.0,1648105351.0,2919784076.0
HELIOS CAPITAL MANAGEMENT PTE. LTD,0.0,0.0,0.0,0.0,0.0,0.0,0.0,0.0,0.0,0.0,668.0,0.0,0.0,0.0,0.0,3912238.0,7138124.0,2347260.0,2307360.0,3558685.0
HELLMAN JORDAN MANAGEMENT CO INC /MA/,0.0,4020.0,1275.0,0.0,1005.0,1469.0,2198.0,1625.0,1775.0,1323.0,810.0,679.0,0.0,0.0,0.0,0.0,0.0,0.0,0.0,0.0
HENDLEY & CO INC,0.0,0.0,0.0,0.0,0.0,255.0,264.0,375.0,348.0,315.0,252.0,303.0,564.0,717.0,737.0,854.0,1391.0,1915.0,1882.0,2031.0
HENGEHOLD CAPITAL MANAGEMENT LLC,0.0,0.0,201.0,0.0,411.0,615.0,639.0,828.0,835.0,461.0,400.0,469850.0,859997.0,1275434.0,1341135.0,1558545.0,2742604.0,3672714.0,3929428.0,4292912.0
HENNESSY ADVISORS INC,0.0,0.0,0.0,0.0,0.0,0.0,0.0,0.0,0.0,0.0,0.0,0.0,0.0,0.0,0.0,0.0,212337.0,0.0,0.0,0.0
"HERBST GROUP, LLC",0.0,0.0,0.0,0.0,0.0,0.0,0.0,1941.0,2156.0,1309.0,1072.0,1220272.0,2627713.0,3511066.0,3612157.0,3924619.0,5652671.0,6529213.0,4192473.0,3166832.0
HERITAGE INVESTORS MANAGEMENT CORP,0.0,289.0,412.0,503.0,415.0,622.0,670.0,1339.0,1697.0,5166.0,5639.0,7309.0,13867.0,20978.0,21488.0,24457.0,43889.0,59525.0,63459.0,68981.0
HERITAGE OAK WEALTH ADVISORS LLC,0.0,0.0,0.0,0.0,0.0,0.0,0.0,0.0,0.0,0.0,0.0,0.0,0.0,0.0,0.0,0.0,0.0,1770946.0,5007338.0,591816.0
"HERITAGE WEALTH MANAGEMENT, LLC",0.0,0.0,0.0,0.0,233.0,449.0,441.0,0.0,468.0,254216.0,247.0,583099.0,0.0,0.0,0.0,0.0,0.0,256963.0,0.0,0.0
"HERON FINANCIAL GROUP, LLC",0.0,0.0,0.0,0.0,0.0,414.0,409.0,724.0,745.0,301.0,238.0,269609.0,521374.0,794855.0,0.0,0.0,0.0,0.0,0.0,0.0
"HF Advisory Group, LLC",0.0,0.0,0.0,0.0,0.0,0.0,0.0,0.0,0.0,0.0,0.0,239645.0,448335.0,639685.0,647401.0,781176.0,1497149.0,2074331.0,2041014.0,2206359.0
"HFG Advisors, Inc.",0.0,0.0,0.0,0.0,0.0,0.0,0.0,0.0,0.0,0.0,0.0,0.0,0.0,0.0,0.0,0.0,323475.0,821665.0,0.0,0.0
"HFG Wealth Management, LLC",0.0,0.0,0.0,0.0,0.0,0.0,0.0,0.0,0.0,0.0,0.0,0.0,450265.0,0.0,0.0,0.0,0.0,0.0,0.0,204030.0
"HFR Wealth Management, LLC",0.0,0.0,0.0,0.0,0.0,0.0,0.0,0.0,0.0,0.0,0.0,701.0,1111.0,0.0,0.0,0.0,0.0,0.0,0.0,0.0
"HGI Capital Management, LLC",0.0,0.0,0.0,0.0,0.0,0.0,0.0,1641.0,1979.0,0.0,0.0,0.0,0.0,0.0,0.0,0.0,0.0,0.0,0.0,0.0
HGK ASSET MANAGEMENT INC,0.0,0.0,0.0,0.0,0.0,0.0,0.0,0.0,0.0,0.0,0.0,0.0,0.0,0.0,235.0,0.0,0.0,0.0,0.0,0.0
"HHM Wealth Advisors, LLC",75.0,109.0,157.0,152.0,155.0,297.0,306.0,463.0,499.0,293.0,217.0,217457.0,408047.0,615921.0,631611.0,675981.0,1421311.0,2208695.0,2097558.0,2477495.0
"HIGHLAND CAPITAL MANAGEMENT FUND ADVISORS, L.P.",791.0,1140.0,1624.0,1567.0,0.0,0.0,0.0,0.0,0.0,0.0,0.0,0.0,0.0,0.0,0.0,0.0,0.0,0.0,0.0,0.0
"HIGHLAND CAPITAL MANAGEMENT, LLC",3090.0,3054.0,4343.0,3976.0,3790.0,8075.0,6326.0,8803.0,8385.0,4355.0,3257.0,2864.0,5940389.0,10706636.0,11851303.0,15168093.0,27189928.0,33181485.0,39512568.0,46135329.0
HIGHLINE WEALTH PARTNERS LLC,0.0,0.0,0.0,0.0,0.0,0.0,0.0,0.0,0.0,0.0,2462826.0,2964977.0,5637801.0,8585900.0,8998073.0,10219220.0,18663681.0,20772041.0,20972007.0,23194132.0
HILL ISLAND FINANCIAL LLC,0.0,0.0,0.0,0.0,0.0,0.0,0.0,0.0,0.0,0.0,0.0,0.0,0.0,263694.0,271156.0,368132.0,762035.0,1110612.0,1256593.0,1371720.0
HILLS BANK & TRUST CO,566.0,3447.0,0.0,0.0,0.0,0.0,0.0,0.0,0.0,0.0,0.0,0.0,0.0,0.0,0.0,0.0,0.0,0.0,0.0,0.0
"HILLTOP WEALTH ADVISORS, LLC",0.0,0.0,0.0,0.0,0.0,0.0,0.0,0.0,0.0,0.0,0.0,0.0,0.0,0.0,0.0,0.0,218734.0,570112.0,559328.0,663903.0
HIMENSION CAPITAL (SINGAPORE) PTE. LTD.,0.0,0.0,0.0,0.0,0.0,0.0,0.0,0.0,0.0,0.0,0.0,0.0,0.0,0.0,48861557.0,34924895.0,161157154.0,250589524.0,294369831.0,320803501.0
HM PAYSON & CO,760.0,5141.0,10433.0,11645.0,13466.0,19688.0,24924.0,31179.0,34594.0,19260.0,9363.0,11239664.0,18151939.0,19667328.0,16349178.0,36825139.0,129676564.0,184293051.0,171708162.0,191183304.0
"HMS Capital Management, LLC",844.0,3640.0,4678.0,3509.0,3044.0,4475.0,4273.0,5822.0,4055.0,1992.0,1520.0,0.0,1912510.0,2713367.0,2756656.0,3114100.0,5137941.0,7218406.0,7163832.0,7693308.0
"HMV Wealth Advisors, LLC",0.0,0.0,0.0,0.0,0.0,0.0,0.0,0.0,0.0,0.0,0.0,0.0,0.0,0.0,0.0,0.0,0.0,0.0,0.0,3291448.0
HNP Capital LLC,0.0,3288.0,4152.0,3916.0,3915.0,5916.0,4961.0,7043.0,5169.0,2627.0,1058.0,1037830.0,1253921.0,0.0,0.0,0.0,0.0,0.0,0.0,0.0
HOERTKORN RICHARD CHARLES,0.0,0.0,0.0,0.0,0.0,0.0,0.0,0.0,0.0,0.0,0.0,0.0,0.0,0.0,0.0,0.0,0.0,422507.0,423826.0,475387.0
"HOEY INVESTMENTS, INC",11326.0,18180.0,28854.0,27073.0,27216.0,34373.0,34449.0,55542.0,57500.0,10959.0,9069.0,10601690.0,45029750.0,77970892.0,94279646.0,62050540.0,117103144.0,162421982.0,162421982.0,184081599.0
"HOGE FINANCIAL SERVICES, LLC",0.0,0.0,0.0,0.0,0.0,0.0,0.0,0.0,0.0,0.0,0.0,0.0,0.0,0.0,0.0,240184.0,544851.0,1315718.0,1914630.0,2784538.0
"HOHIMER WEALTH MANAGEMENT, LLC",2665.0,3580.0,5083.0,8748.0,4554.0,7280.0,7285.0,9170.0,8617.0,3502.0,475.0,421029.0,767479.0,1165420.0,1201007.0,1377215.0,3727201.0,5979016.0,5220242.0,7619776.0
HOLDERNESS INVESTMENTS CO,1444.0,2072.0,2708.0,2614.0,2744.0,4122.0,4469.0,6499.0,5976.0,3293.0,2626.0,2995930.0,5630546.0,8187355.0,8510879.0,9461552.0,16767159.0,46106138.0,22738315.0,23678652.0
HOLLENCREST CAPITAL MANAGEMENT,239.0,347.0,495.0,656.0,786.0,1271.0,1439.0,1745.0,1796.0,1073.0,627.0,1647706.0,4258659.0,5175524.0,5860262.0,8494076.0,10030341.0,12994325.0,11174734.0,14412817.0
HOME FEDERAL BANK OF TENNESSEE,0.0,0.0,0.0,0.0,0.0,0.0,0.0,0.0,0.0,0.0,0.0,0.0,0.0,0.0,0.0,0.0,221372.0,302673.0,370392.0,436443.0
"HONKAMP KRUEGER FINANCIAL SERVICES, INC.",1190.0,1818.0,2387.0,0.0,0.0,0.0,0.0,0.0,0.0,0.0,0.0,0.0,0.0,0.0,0.0,0.0,0.0,0.0,0.0,0.0
"HORIZON FINANCIAL SERVICES, LLC",0.0,0.0,0.0,0.0,0.0,0.0,47.0,0.0,0.0,0.0,0.0,0.0,0.0,0.0,0.0,0.0,0.0,0.0,0.0,0.0
"HOURGLASS CAPITAL, LLC",0.0,0.0,0.0,0.0,0.0,0.0,0.0,0.0,0.0,0.0,0.0,0.0,0.0,0.0,0.0,0.0,0.0,0.0,4300798.0,4751180.0
"HOWARD BAILEY SECURITIES, LLC",0.0,0.0,0.0,0.0,0.0,0.0,0.0,0.0,0.0,0.0,0.0,0.0,0.0,0.0,0.0,0.0,0.0,0.0,807698.0,2635457.0
HOWARD CAPITAL MANAGEMENT,12790.0,18412.0,25673.0,24795.0,0.0,0.0,0.0,0.0,0.0,0.0,0.0,0.0,0.0,0.0,0.0,0.0,0.0,0.0,0.0,0.0
"HOWARD FINANCIAL SERVICES, LTD.",0.0,0.0,0.0,307.0,319.0,484.0,507.0,868.0,916.0,528.0,449.0,560602.0,1080822.0,1620266.0,1893741.0,4207665.0,7903959.0,8353478.0,8358134.0,10389315.0
"HOWARD WEALTH MANAGEMENT, LLC",0.0,0.0,0.0,0.0,0.0,0.0,0.0,0.0,0.0,0.0,0.0,0.0,0.0,0.0,0.0,225325.0,487018.0,705696.0,764500.0,876356.0
HOWE & RUSLING INC,241.0,215.0,346.0,367.0,369.0,465.0,524.0,715.0,557.0,321.0,258.0,291409.0,509449.0,758526.0,730418.0,896436.0,1697004.0,18743828.0,19505705.0,22188660.0
HOWLAND CAPITAL MANAGEMENT LLC,526.0,886.0,1303.0,1228.0,1271.0,1925.0,3904.0,2860.0,2567.0,1316.0,629.0,768258.0,1279131.0,1942085.0,2035319.0,2299802.0,23327209.0,36797872.0,52277901.0,60360133.0
"HOYLECOHEN, LLC",1768.0,3154.0,4529.0,4546.0,4785.0,7339.0,7507.0,11730.0,11914.0,7243.0,5954.0,6756232.0,12964781.0,19244017.0,19301738.0,22149191.0,38973284.0,51012901.0,0.0,0.0
"HRC WEALTH MANAGEMENT, LLC",0.0,0.0,0.0,0.0,0.0,0.0,0.0,0.0,0.0,0.0,0.0,0.0,0.0,0.0,0.0,322521.0,597512.0,980573.0,1053648.0,1522063.0
HSBC HOLDINGS PLC,0.0,0.0,396953.0,678701.0,452682.0,766811.0,831749.0,1162997.0,1152037.0,685576.0,495458.0,689699437.0,1268652453.0,1854534674.0,1947188807.0,2550215008.0,5823025143.0,8409065719.0,7091535919.0,7755547365.0
HT Partners LLC,0.0,0.0,0.0,0.0,0.0,274.0,306.0,600.0,557.0,309.0,0.0,200504.0,554151.0,806276.0,877810.0,990440.0,2034855.0,2890370.0,2679965.0,2941727.0
"HTG Investment Advisors, Inc.",0.0,0.0,0.0,0.0,0.0,0.0,0.0,0.0,0.0,0.0,0.0,0.0,0.0,0.0,0.0,0.0,0.0,556462.0,0.0,0.0
HTLF Bank,0.0,0.0,0.0,0.0,0.0,0.0,0.0,0.0,0.0,0.0,0.0,0.0,0.0,0.0,0.0,603178.0,992109.0,1357705.0,959740.0,1041285.0
"HUB Investment Partners, LLC",0.0,0.0,0.0,0.0,0.0,0.0,0.0,0.0,0.0,0.0,0.0,0.0,0.0,0.0,0.0,0.0,0.0,0.0,0.0,173401572.0
HUDSON EDGE INVESTMENT PARTNERS INC.,0.0,0.0,0.0,0.0,0.0,0.0,0.0,0.0,0.0,0.0,0.0,0.0,0.0,0.0,0.0,385776.0,672249.0,919138.0,903514.0,805740.0
HUDSON VALLEY INVESTMENT ADVISORS INC /ADV,3713.0,5459.0,7803.0,6801.0,8770.0,12926.0,13733.0,18993.0,16079.0,8632.0,7067.0,8763577.0,16582313.0,23486070.0,19308771.0,20463842.0,34327148.0,23123520.0,39162821.0,40125852.0
HUNTER ASSOCIATES INVESTMENT MANAGEMENT LLC,0.0,0.0,0.0,0.0,0.0,0.0,0.0,354.0,329.0,215.0,0.0,206.0,422.0,644.0,655.0,472.0,877.0,1275.0,1254.0,1496.0
HUNTINGTON NATIONAL BANK,0.0,0.0,0.0,0.0,0.0,2122.0,2284.0,0.0,0.0,0.0,0.0,0.0,0.0,0.0,0.0,0.0,0.0,0.0,0.0,0.0
"HUSSMAN STRATEGIC ADVISORS, INC.",0.0,0.0,0.0,0.0,0.0,0.0,0.0,0.0,0.0,0.0,0.0,0.0,0.0,0.0,0.0,1039962.0,1897476.0,259434.0,255024.0,0.0
HUTCHINSON CAPITAL MANAGEMENT/CA,0.0,0.0,0.0,0.0,0.0,0.0,0.0,0.0,0.0,0.0,0.0,0.0,0.0,0.0,0.0,0.0,0.0,230155.0,256360.0,302824.0
HWG Holdings LP,0.0,74.0,847.0,3145.0,1823.0,6710.0,0.0,12802.0,5507.0,0.0,0.0,0.0,10548735.0,11056474.0,2396360.0,1162281.0,0.0,12151765.0,7507421.0,12042053.0
"HYA Advisors, Inc",0.0,0.0,0.0,0.0,201.0,302.0,312.0,444.0,412.0,226.0,0.0,0.0,0.0,0.0,0.0,0.0,0.0,0.0,0.0,0.0
HYMAN CHARLES D,219.0,315.0,452.0,692.0,732.0,1132.0,1150.0,1635.0,1500.0,636.0,517.0,622000.0,1280000.0,1975000.0,3144000.0,3913000.0,7289000.0,9910000.0,0.0,0.0
Haafor (Singapore) Pte. Ltd.,410.0,0.0,0.0,226.0,0.0,0.0,0.0,0.0,0.0,0.0,0.0,0.0,0.0,0.0,0.0,0.0,0.0,0.0,0.0,0.0
Hall Private Wealth Advisors,0.0,0.0,0.0,0.0,0.0,0.0,0.0,0.0,499.0,1421.0,1380.0,1307661.0,2016610.0,270310.0,0.0,0.0,0.0,0.0,0.0,0.0
"Halpern Financial, Inc.",0.0,0.0,6495.0,2611.0,0.0,0.0,0.0,29411.0,0.0,6367.0,0.0,0.0,0.0,0.0,0.0,0.0,0.0,48181.0,55384.0,0.0
Halter Ferguson Financial Inc.,0.0,0.0,0.0,0.0,0.0,0.0,0.0,0.0,0.0,0.0,0.0,0.0,0.0,0.0,0.0,12818056.0,5718498.0,883869.0,5757231.0,7931658.0
"Hamilton Capital, LLC",0.0,0.0,0.0,0.0,0.0,0.0,353.0,1565.0,585.0,335.0,0.0,311615.0,603968.0,928253.0,962808.0,1072858.0,1511150.0,1570634.0,1747749.0,1715807.0
"Hamilton Point Investment Advisors, LLC",0.0,0.0,0.0,0.0,0.0,0.0,225.0,320.0,297.0,0.0,0.0,309674.0,912752.0,1548676.0,1562919.0,1798639.0,3474537.0,4637540.0,4085449.0,4586674.0
"Hamilton Wealth, LLC",0.0,0.0,0.0,0.0,0.0,259.0,269.0,597.0,592.0,278.0,0.0,456145.0,867001.0,1268759.0,1295838.0,1551532.0,2839005.0,11708671.0,14909596.0,0.0
Handelsbanken Fonder AB,57915.0,238152.0,173035.0,168413.0,190122.0,267559.0,258054.0,305269.0,234036.0,167604.0,139299.0,181825.0,344595.0,450502.0,494073.0,550309.0,1079207.0,1382646.0,1335189.0,1528025.0
Handelsinvest Investeringsforvaltning,499.0,606.0,1025.0,1015.0,4937.0,6998.0,6212.0,6320.0,2623.0,1882.0,1346.0,1402.0,2504.0,3721.0,4222.0,5622.0,7761.0,0.0,0.0,0.0
"Hanlon Investment Management, Inc.",0.0,0.0,560.0,754.0,1215.0,1951.0,2116.0,1967.0,0.0,0.0,0.0,0.0,0.0,1208568.0,1130104.0,1441585.0,2715198.0,2893060.0,4608770.0,5228716.0
"Hansen & Associates Financial Group, Inc.",0.0,0.0,0.0,0.0,0.0,0.0,0.0,0.0,0.0,0.0,0.0,0.0,0.0,0.0,0.0,11042575.0,2631858.0,1325346.0,243482.0,5043445.0
Hanson & Doremus Investment Management,2.0,3.0,4.0,4.0,1.0,4.0,2.0,179.0,141.0,78.0,87.0,104.0,199.0,254.0,275.0,313.0,542.0,859.0,714.0,850.0
Harbor Advisors LLC,1054.0,1520.0,2177.0,2089.0,2136.0,3200.0,3315.0,4706.0,4366.0,2425.0,1942.0,2338240.0,4444320.0,14382680.0,7568826.0,8616828.0,16264080.0,22237200.0,21859200.0,24172200.0
"Harbor Group, Inc.",0.0,0.0,0.0,0.0,0.0,0.0,0.0,0.0,0.0,0.0,0.0,0.0,0.0,0.0,0.0,0.0,202397.0,284513.0,282834.0,315339.0
"Harbour Capital Advisors, LLC",0.0,0.0,0.0,0.0,312.0,564.0,622.0,883.0,821.0,0.0,0.0,0.0,719704.0,1210467.0,1541605.0,1808573.0,3468949.0,5241731.0,5727827.0,6066295.0
Harbour Trust & Investment Management Co,0.0,0.0,0.0,0.0,0.0,0.0,0.0,0.0,0.0,0.0,0.0,0.0,0.0,0.0,0.0,51520213.0,89739772.0,117058845.0,107283011.0,114983127.0
Hardman Johnston Global Advisors LLC,54975.0,64521.0,72134.0,68699.0,70104.0,102804.0,96894.0,107442.0,0.0,0.0,0.0,0.0,0.0,0.0,0.0,0.0,0.0,0.0,0.0,0.0
Hardy Reed LLC,0.0,0.0,0.0,0.0,0.0,0.0,0.0,0.0,0.0,0.0,0.0,0.0,0.0,0.0,0.0,0.0,0.0,5300361.0,5168123.0,6160957.0
"Harfst & Associates, Inc.",0.0,1328.0,1643.0,1823.0,2030.0,2811.0,2572.0,2627.0,2949.0,1575.0,1365.0,1669503.0,3173801.0,4154057.0,4207659.0,4572367.0,5918320.0,7844422.0,7357688.0,7462099.0
"Harrington Investments, INC",0.0,0.0,0.0,0.0,0.0,0.0,0.0,0.0,0.0,0.0,0.0,0.0,0.0,0.0,0.0,0.0,0.0,0.0,0.0,605648.0
Hartford Financial Management Inc.,319.0,459.0,654.0,652.0,667.0,999.0,1040.0,1487.0,1380.0,783.0,627.0,746337.0,1423850.0,2198012.0,2260210.0,2357745.0,4334384.0,5942906.0,5858887.0,6682442.0
Hartford Funds Management Co LLC,0.0,0.0,0.0,0.0,0.0,0.0,0.0,0.0,0.0,0.0,0.0,0.0,0.0,524421.0,821008.0,1159642.0,2010574.0,2499237.0,2498002.0,2975922.0
"Hartree Partners, LP",0.0,0.0,0.0,0.0,0.0,0.0,0.0,0.0,0.0,0.0,0.0,0.0,0.0,0.0,0.0,0.0,0.0,0.0,0.0,6513065.0
"Harvest Fund Management Co., Ltd",15586.0,22622.0,33173.0,29836.0,26803.0,0.0,27766.0,37333.0,31957.0,6874.0,3928.0,5195.0,0.0,30189.0,23366.0,24854.0,70773.0,0.0,0.0,0.0
"Harvest Investment Services, LLC",0.0,940.0,1486.0,2021.0,1756.0,1981.0,3009.0,3903.0,3816.0,2575.0,786.0,800225.0,2970171.0,2467022.0,3130188.0,6490931.0,8301155.0,7469557.0,7944807.0,9207969.0
Harvest Portfolios Group Inc.,0.0,0.0,0.0,0.0,0.0,0.0,0.0,0.0,0.0,0.0,0.0,12921991.0,18856972.0,23814334.0,42520644.0,18369195.0,22548340.0,29068468.0,51275004.0,90738142.0
"Harwood Advisory Group, LLC",244.0,3542.0,0.0,0.0,0.0,0.0,0.0,0.0,0.0,0.0,0.0,0.0,0.0,0.0,0.0,0.0,0.0,0.0,0.0,0.0
"Haven Capital Group, Inc.",0.0,0.0,0.0,0.0,0.0,0.0,0.0,0.0,0.0,0.0,0.0,0.0,0.0,0.0,0.0,0.0,0.0,0.0,0.0,6759262.0
"Haven Private, LLC",0.0,0.0,0.0,0.0,0.0,0.0,0.0,0.0,0.0,0.0,0.0,0.0,0.0,0.0,0.0,0.0,0.0,0.0,0.0,1459061.0
"Hayden Royal, LLC",276842.0,1772416.0,2932.0,0.0,526.0,941.0,420.0,366.0,0.0,0.0,0.0,0.0,0.0,0.0,0.0,0.0,0.0,0.0,0.0,0.0
Hayek Kallen Investment Management,1783.0,2484.0,3123.0,2624.0,2640.0,3820.0,3887.0,4176.0,3848.0,2125.0,1696.0,2052.0,3827.0,4086.0,4080.0,4595.0,7074.0,9646.0,9459.0,9921.0
"Headland Capital, LLC",0.0,0.0,0.0,0.0,0.0,0.0,0.0,0.0,0.0,0.0,0.0,0.0,0.0,0.0,0.0,0.0,0.0,0.0,0.0,2001912.0
Headlands Technologies LLC,0.0,0.0,0.0,0.0,0.0,0.0,0.0,0.0,0.0,0.0,0.0,2336.0,0.0,0.0,0.0,5116613.0,10062044.0,0.0,0.0,17393107.0
Heartland Bank & Trust Co,0.0,0.0,0.0,3634.0,3437.0,3636.0,4110.0,5904.0,3155.0,1894.0,1658.0,1750027.0,3430182.0,4707367.0,4917127.0,5395917.0,7128185.0,9507515.0,8980974.0,9165830.0
Heartwood Wealth Advisors LLC,0.0,0.0,0.0,0.0,0.0,0.0,0.0,0.0,0.0,0.0,0.0,0.0,0.0,489011.0,492844.0,533352.0,957774.0,1205750.0,1110812.0,1283410.0
"Heck Capital Advisors, LLC",0.0,0.0,0.0,0.0,0.0,0.0,0.0,0.0,0.0,0.0,0.0,0.0,0.0,0.0,0.0,0.0,0.0,0.0,0.0,8252433.0
"Hedeker Wealth, LLC",2790.0,4731.0,6245.0,5860.0,5999.0,8181.0,7187.0,9918.0,9019.0,5910.0,252.0,0.0,0.0,0.0,0.0,0.0,0.0,2656604.0,12824428.0,13977843.0
Heirloom Wealth Management,0.0,0.0,0.0,0.0,0.0,0.0,0.0,5155.0,4120.0,4957.0,0.0,0.0,0.0,0.0,200095.0,4634269.0,14952112.0,20827983.0,20893998.0,22318335.0
Hel Ved Capital Management Ltd,0.0,0.0,0.0,0.0,0.0,0.0,0.0,0.0,0.0,0.0,0.0,0.0,13920166.0,81279909.0,41314045.0,0.0,9803626.0,33571995.0,6328846.0,0.0
Helium Advisors LLC,0.0,0.0,0.0,0.0,0.0,0.0,0.0,0.0,0.0,0.0,0.0,0.0,0.0,0.0,0.0,0.0,0.0,0.0,0.0,2447143.0
Hemenway Trust Co LLC,3372.0,4755.0,6096.0,5443.0,5505.0,8579.0,7787.0,10705.0,14588.0,10258.0,9106.0,8511359.0,19157839.0,26328833.0,25957233.0,28713440.0,49903785.0,64241655.0,59242916.0,60566681.0
Hemington Wealth Management,0.0,0.0,0.0,267.0,269.0,388.0,400.0,267.0,544.0,300.0,239.0,332.0,629.0,893.0,792.0,1263.0,1496.0,2201.0,2600.0,2927.0
Hendershot Investments Inc.,0.0,0.0,0.0,0.0,0.0,0.0,0.0,0.0,0.0,0.0,0.0,0.0,0.0,0.0,0.0,0.0,312632.0,455863.0,487096.0,517822.0
"Hennion & Walsh Asset Management, Inc.",0.0,0.0,0.0,0.0,11008.0,14665.0,13562.0,16890.0,13181.0,6288.0,4021.0,3771.0,6010.0,9013.0,6429587.0,7577361.0,12557676.0,19387874.0,16341456.0,19999810.0
"Henrickson Nauta Wealth Advisors, Inc.",0.0,0.0,0.0,0.0,0.0,0.0,0.0,208.0,244.0,0.0,0.0,0.0,255362.0,388809.0,291064.0,364546.0,669443.0,637011.0,0.0,0.0
Herald Investment Management Ltd,382.0,550.0,784.0,761.0,774.0,0.0,0.0,0.0,0.0,0.0,0.0,0.0,0.0,0.0,0.0,0.0,0.0,0.0,0.0,0.0
"Heritage Family Offices, LLP",0.0,0.0,0.0,0.0,0.0,0.0,0.0,0.0,0.0,0.0,0.0,0.0,0.0,0.0,0.0,0.0,0.0,256963.0,246523.0,577716.0
"Heritage Financial Services, LLC",0.0,0.0,0.0,0.0,0.0,0.0,0.0,0.0,0.0,69.0,0.0,0.0,409433.0,538505.0,617686.0,1352942.0,2430577.0,3306054.0,3200309.0,3463877.0
"Heritage Investment Group, Inc.",0.0,0.0,0.0,0.0,0.0,0.0,0.0,0.0,0.0,0.0,0.0,0.0,0.0,250000.0,314000.0,357000.0,757000.0,1004000.0,1219622.0,1282914.0
Heritage Trust Co,0.0,0.0,240.0,232.0,237.0,355.0,236.0,326.0,303.0,169.0,134.0,174637.0,331935.0,1077010.0,1107485.0,1329666.0,2398050.0,6611611.0,0.0,7324904.0
Heritage Wealth Advisors,159478.0,230075.0,327438.0,344.0,391905.0,759639.0,786379.0,1135222.0,1052.0,662.0,468548.0,875670.0,1093580.0,6434134.0,6574438.0,7175737.0,12230146.0,25072275.0,6403653.0,6087097.0
"Heritage Wealth Management, Inc.",0.0,0.0,0.0,0.0,0.0,0.0,0.0,0.0,0.0,0.0,0.0,0.0,0.0,0.0,0.0,0.0,0.0,3253083.0,2534210.0,2772148.0
"Heritage Wealth Management, Inc. /CA/",0.0,0.0,0.0,0.0,0.0,0.0,0.0,0.0,0.0,0.0,0.0,0.0,0.0,0.0,0.0,526419.0,927956.0,1380065.0,1355635.0,1214922.0
"Heritage Wealth Partners, LLC",0.0,0.0,0.0,0.0,0.0,0.0,0.0,0.0,0.0,0.0,0.0,227000.0,0.0,885257.0,1020845.0,1111732.0,1111732.0,4240167.0,4092554.0,4645859.0
"Herold Advisors, Inc.",0.0,0.0,0.0,0.0,0.0,0.0,2549.0,3796.0,4080075.0,2269.0,1823.0,2349087.0,4434673.0,6597118.0,5724166.0,6516759.0,11322808.0,14858830.0,14678387.0,16096953.0
Heron Bay Capital Management,0.0,0.0,0.0,0.0,0.0,0.0,0.0,0.0,0.0,0.0,0.0,0.0,0.0,0.0,0.0,0.0,0.0,0.0,0.0,286222.0
"Hershey Financial Advisers, LLC",0.0,0.0,0.0,0.0,0.0,0.0,0.0,0.0,0.0,0.0,0.0,0.0,0.0,0.0,0.0,0.0,0.0,2053729.0,0.0,0.0
Hexagon Capital Partners LLC,0.0,0.0,689.0,715.0,732.0,1105.0,1191.0,1678.0,1558.0,890.0,706.0,823633.0,1580499.0,2431500.0,2496408.0,2907447.0,5294213.0,7223513.0,7140434.0,7876451.0
Hexavest Inc.,11519.0,12404.0,15431.0,8737.0,7256.0,8938.0,8280.0,0.0,0.0,0.0,0.0,0.0,0.0,0.0,0.0,0.0,0.0,0.0,0.0,0.0
"Hibernia Wealth Partners, LLC",0.0,0.0,0.0,0.0,0.0,0.0,0.0,0.0,0.0,0.0,0.0,0.0,0.0,0.0,148332.0,381320.0,686710.0,1202183.0,1554569.0,943549.0
Hickory Lane Capital Management LP,0.0,0.0,0.0,0.0,0.0,0.0,0.0,6912.0,10506.0,3486.0,971.0,0.0,0.0,0.0,0.0,0.0,0.0,0.0,0.0,0.0
Hickory Point Bank & Trust,0.0,0.0,0.0,0.0,0.0,0.0,0.0,0.0,0.0,0.0,0.0,0.0,0.0,0.0,0.0,0.0,0.0,0.0,0.0,2272187.0
"Hidden Cove Wealth Management, LLC",0.0,0.0,0.0,0.0,0.0,0.0,0.0,0.0,0.0,0.0,0.0,0.0,0.0,0.0,0.0,0.0,0.0,0.0,0.0,3168587.0
Hiddenite Capital Partners LP,0.0,0.0,0.0,0.0,0.0,0.0,0.0,0.0,0.0,0.0,0.0,0.0,2083275.0,0.0,0.0,0.0,0.0,0.0,0.0,0.0
"High Falls Advisors, Inc",0.0,0.0,0.0,0.0,0.0,0.0,0.0,235.0,224.0,0.0,0.0,0.0,259220.0,394775.0,522100.0,733970.0,1522613.0,2719687.0,2497063.0,2882386.0
High Net Worth Advisory Group LLC,0.0,0.0,0.0,0.0,0.0,0.0,0.0,7841.0,6944.0,2006.0,1686.0,1632676.0,3061581.0,4790278.0,5005430.0,5821807.0,10538225.0,13490481.0,12838550.0,14727954.0
"High Note Wealth, LLC",0.0,0.0,0.0,0.0,0.0,0.0,0.0,294.0,307.0,0.0,0.0,0.0,315824.0,566424.0,636390.0,802256.0,1550509.0,2194070.0,2161753.0,0.0
"High Pines Wealth Management, LLC",0.0,0.0,0.0,4373.0,3137.0,4821.0,5271.0,7292.0,6226.0,225.0,248.0,299002.0,570540.0,868460.0,684943.0,806524.0,0.0,0.0,0.0,0.0
HighMark Wealth Management LLC,35991.0,51.0,74.0,82.0,80.0,120.0,155.0,223.0,207.0,119.0,127.0,153084.0,455258.0,414410.0,427704.0,474557.0,922796.0,1325549.0,2094022.0,2321657.0
HighPoint Advisor Group LLC,13642.0,3316.0,5795.0,7359.0,7899.0,11737.0,15394.0,0.0,0.0,11039.0,0.0,0.0,0.0,0.0,0.0,69233000.0,65855.0,84049.0,95890022.0,104323790.0
"HighTower Advisors, LLC",32948.0,46555.0,66108.0,84313.0,85595.0,132059.0,149587.0,224350.0,208987.0,116285.0,92110.0,116385290.0,210035213.0,315820550.0,327300562.0,395614332.0,597956604.0,823524725.0,825048707.0,937401029.0
HighVista Strategies LLC,0.0,0.0,0.0,0.0,0.0,0.0,0.0,0.0,0.0,0.0,0.0,0.0,0.0,0.0,0.0,0.0,0.0,1482480.0,0.0,1463761.0
"Highland Financial Advisors, LLC",0.0,0.0,0.0,0.0,0.0,0.0,0.0,0.0,0.0,263.0,210.0,253.0,259.0,0.0,0.0,0.0,0.0,0.0,0.0,282.0
Highland Private Wealth Management,33.0,57.0,93.0,155.0,267.0,485.0,492.0,825.0,918.0,476.0,349.0,0.0,0.0,0.0,0.0,0.0,0.0,0.0,0.0,0.0
"Highlander Capital Management, LLC",580.0,380.0,595.0,574.0,587.0,908.0,754.0,1196.0,1123.0,624.0,500.0,601.0,740.0,831.0,420.0,477887.0,781579.0,0.0,0.0,0.0
"Hightower 6M Holding, LLC",0.0,0.0,0.0,0.0,0.0,0.0,0.0,0.0,4470.0,2449.0,1190.0,0.0,0.0,0.0,0.0,0.0,0.0,0.0,0.0,0.0
Highview Capital Management LLC/DE/,0.0,0.0,0.0,0.0,0.0,0.0,0.0,3141.0,2386.0,1285.0,318.0,0.0,225549.0,1069818.0,1770409.0,2049716.0,3819348.0,6447923.0,6647990.0,15683998.0
"Hill Investment Group Partners, LLC",0.0,0.0,0.0,0.0,0.0,0.0,0.0,0.0,0.0,0.0,0.0,0.0,0.0,0.0,548957.0,845836.0,1553220.0,2243642.0,2174380.0,2437632.0
"Hillcrest Wealth Advisors - NY, LLC",0.0,0.0,0.0,0.0,0.0,0.0,0.0,0.0,0.0,0.0,0.0,0.0,0.0,0.0,0.0,0.0,299078.0,344677.0,338818.0,372520.0
Hills Bank & Trust Co,0.0,0.0,4896.0,4711.0,4817.0,7148.0,7450.0,10534.0,19168.0,5292.0,4307.0,5144.0,9884445.0,14540466.0,12399390.0,14068210.0,25186735.0,31567929.0,30154645.0,32887487.0
Hillsdale Investment Management Inc.,664.0,782.0,869.0,718.0,734.0,1004.0,1050.0,1176.0,1025.0,606.0,162.0,120273.0,761923.0,1160344.0,1950931.0,2235919.0,3257229.0,4510445.0,7108571.0,7858113.0
Hilltop National Bank,0.0,0.0,0.0,0.0,0.0,0.0,0.0,0.0,0.0,0.0,0.0,0.0,0.0,0.0,0.0,0.0,3343172.0,4520329.0,4437418.0,4297683.0
Hilltop Partners LLC,0.0,0.0,0.0,0.0,0.0,0.0,0.0,0.0,0.0,0.0,0.0,0.0,0.0,0.0,231889.0,506658.0,980451.0,1469773.0,1623427.0,2757695.0
"Hilton Capital Management, LLC",791.0,1140.0,1624.0,1567.0,1602.0,3416.0,3537.0,5022.0,4677.0,2589.0,2073.0,2073.0,2495487.0,7408772.0,7612325.0,8657931.0,15858382.0,22556427.0,21781964.0,24006218.0
"Hippocratic Financial Advisors, LLC",0.0,0.0,0.0,0.0,0.0,0.0,0.0,0.0,0.0,0.0,0.0,0.0,0.0,0.0,0.0,0.0,0.0,0.0,0.0,403681.0
"Hixon Zuercher, LLC",0.0,2587.0,3682.0,3613.0,4920.0,7639.0,7896.0,11248.0,9505.0,5398.0,4631.0,5654741.0,4190160.0,4184937.0,4314666.0,4938829.0,7055376.0,7334247.0,6880362.0,7168990.0
"Hobart Private Capital, LLC",0.0,0.0,0.0,0.0,0.0,0.0,0.0,0.0,0.0,0.0,0.0,0.0,0.0,0.0,0.0,0.0,371363.0,744576.0,873154.0,1131259.0
"Hobbs Group Advisors, LLC",0.0,0.0,0.0,0.0,0.0,0.0,0.0,0.0,0.0,0.0,0.0,0.0,0.0,0.0,0.0,752371.0,0.0,1251734.0,1339996.0,1414652.0
"Hobbs Wealth Management, LLC",0.0,0.0,0.0,0.0,0.0,0.0,0.0,0.0,0.0,0.0,0.0,0.0,0.0,0.0,0.0,0.0,0.0,0.0,0.0,1221905.0
Hodges Capital Management Inc.,1237.0,1108.0,1498.0,1421.0,1480.0,2222.0,2524.0,4078.0,10914.0,6150.0,4492.0,7156.0,15377.0,32348.0,17690.0,36263.0,38578.0,46486979.0,42190676.0,44787000.0
Hoese & Co LLP,0.0,0.0,0.0,17.0,17.0,0.0,0.0,21.0,20.0,11.0,9.0,12.0,16714.0,30456.0,31318.0,33674.0,56958.0,78934.0,87436.0,29542.0
Hofer & Associates. Inc,0.0,0.0,0.0,0.0,0.0,0.0,0.0,0.0,0.0,0.0,0.0,388002.0,388002.0,1203915.0,1136194.0,1286086.0,2400564.0,3253795.0,3220345.0,3485953.0
"Hoffman, Alan N Investment Management",0.0,0.0,0.0,0.0,0.0,0.0,0.0,1468.0,1558.0,866.0,0.0,0.0,0.0,0.0,0.0,314960.0,944220.0,1334232.0,1311552.0,1450332.0
Holistic Financial Partners,201.0,251.0,462.0,500.0,472.0,640.0,598.0,756.0,930.0,547.0,429.0,481979.0,915831.0,1392194.0,1422027.0,3295304.0,3206839.0,4409049.0,4348553.0,4820366.0
"Holistic Planning, LLC",0.0,0.0,0.0,0.0,0.0,0.0,0.0,0.0,0.0,0.0,0.0,0.0,0.0,0.0,0.0,604667.0,1108668.0,1108668.0,1446108.0,1691546.0
"Holland Advisory Services, Inc.",0.0,0.0,0.0,0.0,0.0,0.0,0.0,0.0,0.0,0.0,0.0,0.0,0.0,0.0,0.0,0.0,0.0,333463.0,388514.0,270811.0
Hollow Brook Wealth Management LLC,0.0,0.0,0.0,0.0,0.0,0.0,0.0,0.0,0.0,0.0,0.0,0.0,0.0,0.0,0.0,0.0,206915.0,0.0,292693.0,0.0
"Holloway Wealth Management, LLC",0.0,0.0,179.0,172.0,176.0,271.0,281.0,399.0,370.0,0.0,0.0,0.0,0.0,0.0,0.0,0.0,0.0,0.0,0.0,0.0
"Holocene Advisors, LP",89613.0,11417.0,88177.0,47637.0,176169.0,7499.0,267266.0,94266.0,0.0,0.0,0.0,115736158.0,129045831.0,27781415.0,166560716.0,0.0,202635076.0,31894692.0,93428042.0,1164881819.0
"Holt Capital Advisors, L.L.C. dba Holt Capital Partners, L.P.",0.0,285.0,406.0,366.0,374.0,560.0,580.0,824.0,764.0,424.0,340.0,409192.0,793033.0,1129463.0,1181433.0,1343037.0,2314921.0,2825360.0,2825909.0,3132864.0
Homrich & Berg,645.0,1311.0,2244.0,2650.0,3135.0,5233.0,5768.0,0.0,0.0,0.0,0.0,0.0,0.0,0.0,0.0,0.0,0.0,0.0,0.0,0.0
Honeycomb Asset Management LP,0.0,0.0,0.0,31332.0,0.0,0.0,0.0,0.0,0.0,0.0,0.0,0.0,0.0,0.0,0.0,12380500.0,13553400.0,0.0,6072000.0,40287000.0
"Hoover Financial Advisors, Inc.",0.0,32.0,0.0,136.0,148.0,647.0,0.0,0.0,0.0,0.0,0.0,0.0,0.0,0.0,0.0,0.0,0.0,0.0,0.0,0.0
"Hopwood Financial Services, Inc.",0.0,0.0,0.0,0.0,0.0,0.0,0.0,0.0,0.0,0.0,0.0,0.0,0.0,0.0,0.0,0.0,0.0,0.0,0.0,139779.0
"Horan Capital Advisors, LLC.",0.0,0.0,0.0,0.0,0.0,0.0,0.0,0.0,0.0,0.0,0.0,0.0,0.0,0.0,0.0,0.0,0.0,207177.0,201834.0,248168.0
"Horan Securities, Inc.",33.0,25.0,32.0,6.0,6.0,1.0,0.0,2.0,8.0,5.0,5.0,16479.0,28800.0,60358.0,0.0,0.0,0.0,208740.0,201995.0,345445.0
Horiko Capital Management LLC,0.0,0.0,0.0,0.0,0.0,0.0,0.0,0.0,0.0,0.0,0.0,0.0,0.0,0.0,0.0,0.0,0.0,0.0,5546529.0,20124614.0
"Horizon Family Wealth, Inc.",0.0,0.0,0.0,0.0,0.0,0.0,0.0,0.0,0.0,0.0,0.0,0.0,0.0,179551.0,817867.0,210234.0,897746.0,1227509.0,1211744.0,1318146.0
"Horizon Investment Services, LLC",609.0,1326.0,1813.0,1737.0,1494.0,2237.0,2299.0,3266.0,2809.0,1529.0,1212.0,1472799.0,2660203.0,4004730.0,4094996.0,4641202.0,8521474.0,11657852.0,11413538.0,12570887.0
"Horizon Investments, LLC",1761.0,7339.0,7212.0,0.0,2603.0,1352.0,7529.0,11305.0,12039.0,3838.0,3685.0,6444.0,9645563.0,15503260.0,15980663.0,20753680.0,39903017.0,19690794.0,16779122.0,28662186.0
"Horizon Wealth Management, LLC",0.0,0.0,0.0,0.0,0.0,0.0,0.0,11718.0,11011.0,6080.0,224.0,221642.0,256462.0,386009.0,503505.0,841644.0,2792504.0,4567770.0,4578047.0,5517625.0
Horizons Wealth Management,0.0,0.0,0.0,0.0,0.0,0.0,0.0,0.0,0.0,41.0,27.0,32.0,61109.0,143827.0,60899.0,69331.0,69331.0,155668.0,160301.0,177263.0
"Horrell Capital Management, Inc.",0.0,0.0,0.0,0.0,0.0,0.0,1.0,1.0,1.0,1.0,1.0,1.0,2.0,3.0,3.0,3.0,14.0,32.0,32.0,35.0
Horst & Graben Wealth Management LLC,0.0,0.0,0.0,0.0,0.0,0.0,0.0,243.0,326.0,204.0,221.0,325000.0,563000.0,813000.0,870996.0,991649.0,1586184.0,4258072.0,4246657.0,4735786.0
Hosking Partners LLP,10410.0,14005.0,19303.0,18010.0,17742.0,26269.0,24518.0,34164.0,30988.0,14456.0,13097.0,5275946.0,8320045.0,12597536.0,15566987.0,16585413.0,26631527.0,28869074.0,22674062.0,17671624.0
"Hotaling Investment Management, LLC",0.0,0.0,0.0,0.0,0.0,0.0,0.0,0.0,3111.0,0.0,0.0,0.0,0.0,0.0,0.0,0.0,0.0,0.0,0.0,0.0
"Houlihan Financial Resource Group, Ltd.",0.0,0.0,0.0,0.0,0.0,0.0,0.0,0.0,0.0,0.0,0.0,0.0,0.0,4332.0,232.0,269.0,498.0,681.0,669.0,733.0
"Householder Group Estate & Retirement Specialist, LLC",0.0,0.0,0.0,0.0,0.0,0.0,0.0,760.0,955.0,717.0,635.0,687.0,1610.0,0.0,2982286.0,3964.0,7303520.0,12198.0,7677.0,3769.0
"Howard Capital Management Group, LLC",0.0,0.0,0.0,0.0,25856.0,39254.0,40277.0,56446.0,51793.0,28397.0,45328.0,27094.0,50980665.0,74994482.0,74321757.0,160795504.0,116746772.0,153425626.0,293269226.0,157736309.0
Howard Capital Management Inc.,0.0,314.0,456.0,1424.0,1668.0,1666.0,1652.0,3205.0,1755.0,956.0,739.0,889117.0,1731343.0,2671799.0,2739572.0,3107562.0,5529801.0,12089766.0,74326884.0,85280090.0
"Hoxton Planning & Management, LLC",0.0,0.0,0.0,0.0,0.0,0.0,0.0,0.0,0.0,0.0,0.0,815315.0,1701341.0,2601996.0,2660.0,3104.0,5849647.0,8176124.0,7923844.0,0.0
"Hubbell Strickland Wealth Management, LLC",0.0,0.0,0.0,0.0,0.0,256.0,264.0,372.0,346.0,0.0,0.0,209778.0,327791.0,359304.0,373848.0,423162.0,772111.0,1054752.0,1032552.0,1104944.0
"Hudock, Inc.",138.0,216.0,299.0,289.0,295.0,483.0,575.0,792.0,800.0,477.0,379.0,426995.0,767777.0,1001796.0,1060647.0,1169923.0,2082239.0,2865994.0,2855752.0,3152671.0
Hudson Bay Capital Management LP,0.0,0.0,0.0,0.0,0.0,0.0,0.0,0.0,0.0,156138.0,364170.0,185013240.0,5344850.0,541465600.0,227064780.0,252562200.0,1464349093.0,2363889719.0,2559718149.0,2361166280.0
Hudson Canyon Capital Management,0.0,0.0,0.0,3600569.0,3361089.0,4240530.0,4231864.0,5191042.0,4815979.0,2703608.0,2164991.0,2549705.0,4235993.0,5921011.0,6088555.0,6777581.0,11791458.0,13836480.0,12811920.0,12656833.0
Hudson Capital Management LLC,0.0,0.0,0.0,0.0,0.0,0.0,0.0,0.0,0.0,0.0,0.0,0.0,0.0,0.0,207055.0,235725.0,371363.0,500337.0,481510.0,532460.0
"Hudson Value Partners, LLC",0.0,0.0,0.0,0.0,0.0,0.0,0.0,0.0,0.0,0.0,0.0,0.0,655815.0,1517373.0,1504195.0,1746146.0,3312451.0,4283750.0,4706750.0,6804592.0
"Hughes Financial Services, LLC",0.0,0.0,0.0,0.0,0.0,0.0,0.0,0.0,0.0,0.0,0.0,0.0,0.0,0.0,0.0,0.0,0.0,0.0,0.0,469086.0
Human Investing LLC,0.0,0.0,0.0,0.0,23.0,0.0,0.0,0.0,818.0,0.0,0.0,0.0,0.0,0.0,0.0,0.0,0.0,0.0,230081.0,375427.0
Hummer Financial Advisory Services Inc,0.0,0.0,0.0,0.0,0.0,0.0,0.0,0.0,0.0,0.0,0.0,0.0,0.0,0.0,0.0,0.0,361424.0,0.0,521628.0,576776.0
"Hurley Capital, LLC",0.0,0.0,0.0,0.0,0.0,0.0,0.0,0.0,0.0,0.0,0.0,0.0,0.0,0.0,0.0,0.0,0.0,0.0,0.0,404376.0
"Hurlow Wealth Management Group, Inc.",0.0,0.0,0.0,0.0,0.0,0.0,0.0,0.0,0.0,0.0,0.0,0.0,0.0,0.0,0.0,0.0,0.0,323161.0,345842.0,381631.0
"Hutchens & Kramer Investment Management Group, LLC",0.0,0.0,0.0,0.0,0.0,0.0,0.0,502.0,526.0,281.0,209.0,211028.0,229442.0,360418.0,369458.0,696782.0,1357267.0,1823488.0,1679306.0,1682660.0
"Hyperion Partners, LLC",0.0,0.0,0.0,0.0,0.0,0.0,0.0,0.0,0.0,0.0,0.0,0.0,277493.0,515663.0,496327.0,567032.0,1245116.0,1839157.0,1840561.0,0.0
"IAG Wealth Partners, LLC",55.0,79.0,109.0,105.0,107.0,161.0,166.0,235.0,218.0,121.0,97.0,0.0,11111.0,201357.0,179216.0,212945.0,292754.0,506514.0,497904.0,629821.0
"IAM Advisory, LLC",0.0,0.0,0.0,0.0,0.0,0.0,0.0,256.0,272.0,0.0,0.0,0.0,251555.0,430092.0,950368.0,1095407.0,2076421.0,2873674.0,2759733.0,3037006.0
"IAMS WEALTH MANAGEMENT, LLC",0.0,0.0,0.0,0.0,0.0,0.0,0.0,0.0,0.0,0.0,0.0,0.0,0.0,437517.0,306668.0,449660.0,1283769.0,2642026.0,2054076.0,2351999.0
IBEX WEALTH ADVISORS,5281.0,7708.0,11027.0,12151.0,10698.0,17980.0,19086.0,27079.0,21656.0,11971.0,9413.0,11221.0,23504.0,0.0,36012.0,40479.0,11221.0,97121855.0,4499648.0,98143333.0
IBM Retirement Fund,3848.0,5549.0,10826.0,11449.0,10741.0,13498.0,14010.0,11717.0,10416.0,0.0,0.0,0.0,0.0,0.0,0.0,0.0,0.0,0.0,0.0,0.0
"ICA Group Wealth Management, LLC",0.0,0.0,0.0,0.0,0.0,0.0,0.0,0.0,4702.0,4474.0,3172.0,2779571.0,5584881.0,4119858.0,4309580.0,4603669.0,8030137.0,2902539.0,0.0,0.0
ICAPITAL WEALTH LLC,0.0,0.0,0.0,0.0,0.0,0.0,0.0,0.0,568404.0,2453.0,1644.0,1822512.0,2944918.0,0.0,0.0,0.0,0.0,0.0,0.0,0.0
ICICI Prudential Asset Management Co Ltd,0.0,0.0,0.0,0.0,0.0,0.0,0.0,1539.0,1688.0,983.0,3413.0,4499943.0,4393210.0,7104198.0,4457778.0,4596137.0,8707608.0,12924631.0,15056253.0,17407744.0
"ICONIQ Capital, LLC",0.0,0.0,0.0,0.0,0.0,0.0,0.0,332.0,341.0,0.0,0.0,1938014.0,3683508.0,5500952.0,5680534.0,6439346.0,11748991.0,37844255.0,39631458.0,48301159.0
ICW Investment Advisors LLC,0.0,0.0,0.0,0.0,0.0,0.0,0.0,0.0,0.0,0.0,0.0,0.0,0.0,288605.0,526062.0,637580.0,1418543.0,1994804.0,1969650.0,2530497.0
"IEQ CAPITAL, LLC",471.0,3160.0,4934.0,0.0,4859.0,8694.0,8060.0,11693.0,12062.0,7458.0,2229.0,2474308.0,6978460.0,11482772.0,12110380.0,15881934.0,31981251.0,50116774.0,60754942.0,69446361.0
IFC Advisors LLC,0.0,0.0,0.0,0.0,0.0,0.0,0.0,0.0,0.0,0.0,0.0,0.0,0.0,0.0,0.0,0.0,0.0,0.0,0.0,4831705.0
"IFG Advisors, LLC",0.0,0.0,253.0,245.0,250.0,375.0,440.0,639.0,574.0,316.0,259.0,321369.0,610914.0,989593.0,1013845.0,1154305.0,2121544.0,2975763.0,3135983.0,3511190.0
"IFG Advisory, LLC",0.0,227.0,393.0,418.0,1464.0,2611.0,2560.0,3600.0,3302.0,1996.0,2064.0,2066.0,3944661.0,8083384.0,8839608.0,10271307.0,16890784.0,21655782.0,20298175.0,22343885.0
IFM Investors Pty Ltd,15355.0,17106.0,27573.0,31081.0,35900.0,65663.0,68805.0,96932.0,216184.0,64716.0,52726.0,66821200.0,129369433.0,206667267.0,219960523.0,249265.0,454158170.0,634868848.0,616438548.0,0.0
"IFP Advisors, Inc",1200.0,1756.0,3406.0,2424.0,1647.0,3470.0,4634.0,8750.0,20689.0,10847.0,11921.0,8764.0,3590745.0,11393845.0,8204459.0,9099890.0,18186011.0,28326786.0,31466243.0,46847549.0
"IFS Advisors, LLC",0.0,0.0,0.0,0.0,0.0,0.0,0.0,37.0,38.0,1.0,1.0,11399.0,21666.0,32995.0,33929.0,38131.0,69574.0,110815.0,109903.0,142347.0
"IHT Wealth Management, LLC",2637.0,4343.0,5627.0,5281.0,5973.0,9242.0,8831.0,12954.0,12995.0,7276.0,7305.0,8324403.0,16599851.0,22489388.0,23981659.0,26294168.0,48247082.0,67435303.0,75489472.0,71497839.0
III Capital Management,0.0,0.0,0.0,0.0,0.0,0.0,0.0,0.0,0.0,0.0,0.0,0.0,0.0,0.0,0.0,0.0,296367.0,0.0,0.0,0.0
"IMA Advisory Services, Inc.",0.0,0.0,0.0,0.0,0.0,0.0,0.0,0.0,0.0,0.0,0.0,0.0,0.0,0.0,0.0,0.0,0.0,20345062.0,9770290.0,10093908.0
"IMA Wealth, Inc.",1843.0,2733.0,3879.0,2848.0,3261.0,4189.0,4414.0,5584.0,4430.0,2396.0,1757.0,2046983.0,3437682.0,4091450.0,4014523.0,4243541.0,7502259.0,0.0,0.0,0.0
"IMC-Chicago, LLC",419414.0,559418.0,1072373.0,1176891.0,1232097.0,2512226.0,1472970.0,2608575.0,1713689.0,953314.0,770134.0,977147530.0,2449761683.0,5711429911.0,7146984008.0,7687297089.0,21780565893.0,21759903210.0,19080071102.0,20103401006.0
"IMG Wealth Management, Inc.",0.0,0.0,0.0,0.0,0.0,0.0,0.0,0.0,0.0,0.0,0.0,0.0,0.0,0.0,0.0,0.0,0.0,0.0,0.0,282584.0
"IMPACTfolio, LLC",0.0,0.0,0.0,0.0,0.0,0.0,0.0,374.0,362.0,201.0,0.0,0.0,264715.0,371412.0,220975.0,261971.0,258418.0,393104.0,257331.0,268580.0
IMS Capital Management,913.0,848.0,1239.0,1053.0,1189.0,1622.0,3347.0,3816.0,3883.0,2289.0,1873.0,2296885.0,4105723.0,5700618.0,4417758.0,3927095.0,6865261.0,9661377.0,9202769.0,10197021.0
IMZ Advisory Inc,0.0,0.0,0.0,0.0,0.0,0.0,0.0,0.0,0.0,0.0,0.0,0.0,0.0,0.0,0.0,1485793.0,1657364.0,2254365.0,2316206.0,2477136.0
INCEPTIONR LLC,0.0,0.0,0.0,0.0,0.0,0.0,0.0,0.0,0.0,0.0,0.0,462095.0,667759.0,362105.0,0.0,0.0,0.0,758041.0,369785.0,0.0
INDEPENDENT INVESTORS INC,0.0,0.0,225.0,0.0,0.0,0.0,0.0,253.0,235.0,0.0,0.0,0.0,286103.0,435711.0,517638.0,589312.0,1075236.0,1470126.0,1445136.0,1598051.0
"INFRASTRUCTURE CAPITAL ADVISORS, LLC",0.0,0.0,0.0,0.0,0.0,0.0,0.0,0.0,0.0,0.0,0.0,0.0,277770.0,2820060.0,6351289.0,2227004.0,542136.0,308603.0,97152.0,0.0
INNOVIS ASSET MANAGEMENT LLC,0.0,0.0,0.0,0.0,0.0,0.0,0.0,0.0,0.0,0.0,0.0,5440062.0,6648148.0,9971851.0,10385566.0,0.0,0.0,0.0,0.0,0.0
"INSIGHT 2811, INC.",0.0,0.0,245.0,0.0,0.0,0.0,0.0,0.0,0.0,0.0,0.0,0.0,0.0,0.0,0.0,0.0,277393.0,403976.0,394437.0,422611.0
"INSIGNEO ADVISORY SERVICES, LLC",0.0,0.0,0.0,0.0,0.0,0.0,0.0,0.0,0.0,0.0,0.0,2204000.0,3669720.0,7188298.0,8131185.0,12158037.0,25492307.0,31185830.0,35414056.0,38555275.0
"INSPIRE TRUST CO, N.A.",0.0,0.0,0.0,0.0,0.0,0.0,0.0,0.0,0.0,0.0,0.0,0.0,0.0,0.0,0.0,850292.0,1189085.0,4059524.0,4237406.0,3964644.0
"INSPIRION WEALTH ADVISORS, LLC",0.0,0.0,0.0,0.0,0.0,0.0,0.0,218.0,0.0,0.0,0.0,0.0,268053.0,399754.0,411936.0,484632.0,703092.0,1086707.0,1168908.0,1361964.0
"INSTITUTIONAL & FAMILY ASSET MANAGEMENT, LLC",214.0,289.0,346.0,311.0,407.0,562.0,704.0,256.0,225.0,115.0,95.0,114574.0,205272.0,277078.0,276219.0,295151.0,594888.0,886770.0,0.0,0.0
"INSTRUMENTAL WEALTH, LLC",0.0,0.0,0.0,0.0,0.0,0.0,0.0,0.0,0.0,0.0,0.0,0.0,0.0,260785.0,332628.0,490303.0,979594.0,1005302.0,1306115.0,1374958.0
INTACT INVESTMENT MANAGEMENT INC.,1476.0,1935.0,2001.0,1357.0,1949.0,2720.0,2629.0,3515.0,3450.0,1834.0,1371.0,1110664.0,2277714.0,3236103.0,3088429.0,3912238.0,6686344.0,8277180.0,9186936.0,8245406.0
INTECH INVESTMENT MANAGEMENT LLC,0.0,0.0,0.0,0.0,0.0,0.0,0.0,0.0,0.0,108030.0,75564408.0,225226585.0,248796654.0,315485774.0,380481404.0,531820720.0,799842156.0,472694305.0,417374102.0,455261096.0
"INTEGRAL INVESTMENT ADVISORS, INC.",0.0,0.0,0.0,0.0,0.0,0.0,0.0,453.0,387.0,230.0,0.0,253407.0,481653.0,695445.0,723823.0,814142.0,1548690.0,2955461.0,2758062.0,2690683.0
"INTEGRITY WEALTH ADVISORS, INC.",0.0,0.0,0.0,0.0,0.0,0.0,0.0,0.0,0.0,0.0,0.0,0.0,0.0,0.0,0.0,0.0,0.0,0.0,0.0,552331.0
"INTERNATIONAL ASSETS INVESTMENT MANAGEMENT, LLC",722.0,862.0,1596.0,1837240.0,3819.0,4728.0,5179.0,15630.0,15724.0,4515.0,6428.0,8333473.0,8103321.0,11437111.0,26471274.0,16900928.0,35891590.0,53501303.0,463546.0,66993932.0
INTREPID CAPITAL MANAGEMENT INC,0.0,0.0,0.0,0.0,0.0,0.0,0.0,0.0,0.0,0.0,0.0,0.0,344990.0,1823640.0,535038.0,767117.0,1227126.0,777750.0,767565.0,849522.0
INTREPID FAMILY OFFICE LLC,0.0,0.0,0.0,0.0,0.0,0.0,0.0,0.0,0.0,0.0,0.0,0.0,0.0,2115100.0,0.0,0.0,0.0,0.0,0.0,0.0
INTRUST BANK NA,1356.0,2261.0,3164.0,3090.0,3103.0,4589.0,4951.0,6795.0,6141.0,3164.0,2127.0,3201927.0,6580093.0,9297556.0,9581959.0,10386744.0,18236551.0,23857550.0,22856708.0,24405058.0
INVENIO WEALTH PARTNERS LLC,0.0,0.0,0.0,0.0,0.0,0.0,0.0,0.0,0.0,0.0,0.0,0.0,0.0,1562636.0,1686021.0,1849647.0,3578098.0,4942836.0,5109467.0,5768024.0
INVERNESS COUNSEL LLC /NY/,11558.0,14973.0,40094.0,39096.0,52143.0,88547.0,94916.0,109803.0,72681.0,19933.0,19649.0,0.0,0.0,0.0,0.0,0.0,0.0,0.0,0.0,0.0
"INVESCO, LLC",0.0,0.0,0.0,0.0,0.0,0.0,0.0,0.0,0.0,0.0,0.0,0.0,0.0,1636439.0,1577042.0,1756777.0,3124933.0,4259001.0,4030554.0,4426289.0
INVESTMENT ADVISORY SERVICES INC /TX /ADV,0.0,0.0,0.0,0.0,0.0,0.0,0.0,0.0,0.0,0.0,0.0,0.0,0.0,211513.0,271007.0,414525.0,961460.0,1412241.0,1168186.0,1371027.0
INVESTMENT COUNSEL CO OF NEVADA,0.0,0.0,0.0,0.0,0.0,0.0,0.0,0.0,0.0,0.0,0.0,0.0,0.0,0.0,0.0,0.0,0.0,0.0,0.0,138319.0
INVESTMENT HOUSE LLC,4841.0,7482.0,11131.0,10355.0,10651.0,16181.0,16851.0,23831.0,21193.0,11555.0,9422.0,11197978.0,21150797.0,29554292.0,29334856.0,34411861.0,59602434.0,79754958.0,59960397.0,63684356.0
INVESTMENT MANAGEMENT ASSOCIATES INC /ADV,0.0,0.0,0.0,0.0,0.0,0.0,0.0,0.0,0.0,0.0,0.0,0.0,0.0,0.0,0.0,0.0,0.0,0.0,367963.0,406899.0
INVESTMENT MANAGEMENT CORP /VA/ /ADV,0.0,0.0,0.0,0.0,0.0,0.0,0.0,0.0,0.0,0.0,0.0,0.0,0.0,0.0,0.0,0.0,0.0,0.0,0.0,581278.0
INVESTMENT MANAGEMENT OF VIRGINIA LLC,0.0,0.0,0.0,0.0,0.0,0.0,0.0,494.0,473.0,526.0,259.0,311278.0,591650.0,0.0,0.0,0.0,0.0,0.0,0.0,0.0
"INVESTMENT PARTNERS, LTD.",0.0,0.0,0.0,0.0,0.0,283.0,438.0,651.0,636.0,370.0,709.0,352695.0,567053.0,941422.0,972859.0,1155121.0,2122968.0,3080584.0,5523853.0,6263337.0
INVESTORS ASSET MANAGEMENT OF GEORGIA INC /GA/ /ADV,0.0,0.0,0.0,0.0,0.0,0.0,0.0,0.0,0.0,8.0,61.0,0.0,0.0,0.0,0.0,0.0,0.0,258199.0,275062.0,430399.0
"INVICTUS PRIVATE WEALTH, LLC",0.0,0.0,0.0,0.0,0.0,0.0,0.0,0.0,0.0,0.0,0.0,597115.0,756645.0,7109697.0,7726292.0,8246899.0,14795795.0,20098723.0,22199354.0,33899764.0
IPG Investment Advisors LLC,8217120.0,12152417.0,10864279.0,10794754.0,9683190.0,14662376.0,14951883.0,21910.0,22665.0,11882.0,8999126.0,10585505.0,17129802.0,12273079.0,11324095.0,14498061.0,21092705.0,28337485.0,24854835.0,21741551.0
IQ EQ FUND MANAGEMENT (IRELAND) Ltd,0.0,0.0,0.0,0.0,0.0,0.0,0.0,0.0,0.0,710.0,587.0,687589.0,922196.0,478436.0,809951.0,1196452.0,1489970.0,1639499.0,1724934.0,1646127.0
IRON Financial LLC,0.0,0.0,0.0,0.0,0.0,0.0,0.0,0.0,0.0,0.0,0.0,0.0,550114.0,726112.0,732751.0,834222.0,1409158.0,1967472.0,1900025.0,2004431.0
"IRON Financial, LLC",0.0,0.0,0.0,0.0,0.0,0.0,502.0,713.0,625.0,363.0,319.0,304032.0,0.0,0.0,0.0,0.0,0.0,0.0,0.0,0.0
"ISLAY CAPITAL MANAGEMENT, LLC",97.0,155.0,215.0,207.0,211.0,332.0,302.0,374.0,347.0,193.0,154.0,185598.0,352768.0,272848.0,280569.0,319417.0,582796.0,833895.0,1639440.0,906458.0
ITHAKA GROUP LLC,18609.0,27021.0,37845.0,36700.0,31402.0,46772.0,47606.0,63612.0,52424.0,27917.0,21999.0,47701557.0,38441424.0,37090394.0,33173642.0,37028095.0,41366784.0,44219537.0,43356995.0,44822510.0
IVC Wealth Advisors LLC,0.0,0.0,0.0,243.0,240.0,349.0,349.0,527.0,1088.0,353.0,272.0,546271.0,1000528.0,1535140.0,1585974.0,1738222.0,2862478.0,3826157.0,3204923.0,3147623.0
Ibex Investors LLC,315.0,933.0,271.0,0.0,0.0,0.0,0.0,0.0,0.0,0.0,2671.0,4749550.0,0.0,0.0,0.0,0.0,0.0,0.0,0.0,0.0
"Icon Wealth Advisors, LLC",0.0,0.0,0.0,0.0,0.0,0.0,0.0,0.0,0.0,0.0,1371.0,1665288.0,0.0,0.0,0.0,4580682.0,9455745.0,14315153.0,16993723.0,16656396.0
"Icon Wealth Partners, LLC",526.0,1519.0,1034.0,1106.0,1195.0,1778.0,1890.0,2578.0,2468.0,1506.0,0.0,0.0,2654240.0,3489341.0,3482420.0,0.0,0.0,0.0,0.0,0.0
Idaho Trust Bank,0.0,0.0,0.0,0.0,0.0,0.0,0.0,0.0,0.0,0.0,0.0,0.0,0.0,0.0,0.0,0.0,282508.0,0.0,0.0,0.0
"Ifrah Financial Services, Inc.",0.0,0.0,0.0,296.0,294.0,442.0,457.0,1117.0,633.0,375.0,300.0,352871.0,686734.0,1030126.0,1078688.0,1138420.0,1989792.0,2246487.0,2178125.0,2358643.0
"Ignite Planners, LLC",0.0,0.0,0.0,0.0,0.0,0.0,0.0,526.0,412.0,365.0,489.0,1101078.0,1725558.0,3028301.0,4141281.0,4421092.0,8693440.0,12645794.0,12361504.0,14595031.0
Illinois Municipal Retirement Fund,0.0,0.0,3979.0,7367.0,7533.0,11288.0,11875.0,20514.0,19031.0,18559.0,14862.0,18265.0,34716.0,53408.0,54919.0,63694.0,132288.0,184843019.0,182466029.0,202677048.0
"Illumine Investment Management, LLC",0.0,0.0,0.0,0.0,0.0,0.0,0.0,0.0,0.0,0.0,0.0,0.0,0.0,0.0,0.0,0.0,0.0,0.0,0.0,581476.0
Ilmarinen Mutual Pension Insurance Co,15816.0,20895.0,27061.0,28721.0,37375.0,56007.0,58005.0,82351.0,81858.0,45477.0,36417.0,36535.0,74303.0,118446.0,123972.0,138662.0,267936.0,269977.0,266602.0,308241.0
Impact Capital Partners LLC,0.0,0.0,0.0,0.0,0.0,0.0,0.0,0.0,0.0,0.0,0.0,0.0,0.0,0.0,0.0,0.0,0.0,0.0,0.0,9963648.0
"Impact Investors, Inc",0.0,0.0,0.0,0.0,0.0,0.0,0.0,0.0,0.0,0.0,0.0,0.0,0.0,0.0,0.0,0.0,0.0,0.0,0.0,1700917.0
"Impact Partnership Wealth, LLC",0.0,0.0,0.0,0.0,0.0,0.0,0.0,0.0,0.0,0.0,0.0,0.0,0.0,314303.0,512854.0,460555.0,718332.0,2604007.0,2269259.0,3801141.0
Impala Asset Management LLC,0.0,0.0,0.0,0.0,3746.0,0.0,0.0,0.0,0.0,0.0,0.0,0.0,0.0,0.0,608986.0,0.0,0.0,0.0,0.0,0.0
Imprint Wealth LLC,0.0,0.0,0.0,0.0,0.0,0.0,0.0,0.0,0.0,0.0,0.0,0.0,216970.0,685780.0,0.0,0.0,12495782.0,0.0,0.0,0.0
InTrack Investment Management Inc,0.0,0.0,0.0,1808.0,1912.0,2870.0,3298.0,6240.0,3320.0,2056.0,1726.0,1629110.0,1834025.0,1650455.0,1551696.0,2061205.0,2460575.0,3669385.0,3264672.0,3672540.0
Independence Bank of Kentucky,14.0,28.0,41.0,39.0,40.0,305.0,427.0,809.0,1549.0,870.0,692.0,780.0,1063859.0,1835907.0,2200179.0,2933683.0,5079814.0,7018925.0,10702629.0,12849136.0
Independent Advisor Alliance,4697.0,13092.0,15483.0,9468.0,8131.0,17116.0,20140.0,21530.0,28373.0,12636.0,10143.0,357473.0,26291062.0,41221370.0,42785872.0,54057367.0,99793341.0,147697255.0,141897550.0,212224082.0
"Independent Family Office, LLC",0.0,0.0,0.0,0.0,0.0,0.0,0.0,0.0,0.0,0.0,0.0,0.0,0.0,0.0,0.0,0.0,0.0,228549.0,0.0,0.0
"Independent Solutions Wealth Management, LLC",780783.0,1403251.0,2075405.0,2109540.0,2241821.0,3565847.0,3705717.0,5186638.0,4680376.0,2093917.0,1235026.0,1349316.0,2626049.0,3751360.0,4158959.0,5510337.0,9925653.0,13247395.0,12861201.0,14134561.0
Independent Wealth Network Inc.,0.0,0.0,0.0,0.0,0.0,0.0,277.0,351.0,385.0,208.0,0.0,264661.0,506657.0,791478.0,732099.0,921621.0,1830645.0,2740913.0,2646850.0,3224136.0
"Index Fund Advisors, Inc.",0.0,0.0,0.0,0.0,0.0,0.0,0.0,503.0,838.0,233.0,0.0,0.0,0.0,202718.0,357696.0,233913.0,615014.0,954654.0,965510.0,538103.0
Indiana Trust & Investment Management CO,254.0,367.0,479.0,462.0,611.0,462.0,1163.0,1773.0,1545.0,871.0,717.0,1312.0,2714924.0,4221317.0,4571310.0,5600443.0,10486717.0,22096611.0,0.0,0.0
Indiana Trust & Investment Management Co,0.0,0.0,0.0,0.0,0.0,0.0,0.0,0.0,0.0,0.0,0.0,0.0,0.0,0.0,0.0,0.0,0.0,0.0,24224123.0,25499925.0
"Indie Asset Partners, LLC",302.0,364.0,360.0,514.0,554.0,775.0,811.0,901.0,611.0,248.0,0.0,0.0,209161.0,354914.0,328877.0,416518.0,807862.0,1485704.0,2104809.0,2314827.0
Industrial Alliance Investment Management Inc.,0.0,0.0,0.0,0.0,0.0,0.0,0.0,180664.0,42422.0,24232.0,16152.0,20982.0,51145.0,874.0,1405.0,1574.0,3278.0,511.0,0.0,0.0
Infini Capital Management Ltd,0.0,0.0,0.0,365.0,0.0,0.0,621.0,1250.0,0.0,0.0,0.0,0.0,0.0,0.0,0.0,0.0,0.0,0.0,0.0,0.0
Infini Master Fund,0.0,0.0,0.0,365.0,0.0,0.0,621.0,1250.0,0.0,0.0,0.0,0.0,0.0,0.0,0.0,0.0,0.0,0.0,0.0,0.0
"Inlight Wealth Management, LLC",0.0,0.0,0.0,0.0,0.0,0.0,0.0,0.0,0.0,0.0,0.0,0.0,0.0,0.0,0.0,0.0,0.0,0.0,0.0,346881.0
"Inman Jager Wealth Management, LLC",0.0,0.0,0.0,0.0,0.0,0.0,0.0,0.0,0.0,0.0,0.0,0.0,0.0,0.0,0.0,0.0,0.0,0.0,0.0,1139316.0
Innova Wealth Partners,0.0,0.0,0.0,0.0,0.0,0.0,0.0,0.0,0.0,0.0,0.0,0.0,0.0,0.0,0.0,0.0,374466.0,536700.0,7567839.0,606232.0
"Innovator Capital Management, LLC",0.0,0.0,0.0,0.0,0.0,0.0,0.0,0.0,0.0,0.0,0.0,0.0,0.0,0.0,0.0,0.0,0.0,0.0,289270.0,790028.0
"Inscription Capital, LLC",0.0,244.0,377.0,364.0,374.0,3089.0,853.0,3223.0,2986.0,1486.0,1196.0,1390671.0,2678542.0,4618089.0,1983554.0,3230362.0,6979240.0,10641457.0,11033692.0,0.0
"Insight Advisors, LLC/ PA",0.0,0.0,0.0,4099.0,3926.0,5532.0,9765.0,8608.0,12961.0,4817.0,2818.0,2723574.0,4681466.0,7510697.0,8059326.0,9686915.0,22078447.0,22473884.0,21084388.0,23226468.0
Insight Financial Services,0.0,0.0,0.0,16.0,0.0,0.0,0.0,0.0,0.0,0.0,0.0,0.0,0.0,0.0,0.0,0.0,0.0,0.0,0.0,0.0
Insight Folios Inc,0.0,0.0,0.0,0.0,0.0,0.0,0.0,0.0,0.0,0.0,0.0,0.0,0.0,272427.0,269696.0,281783.0,446365.0,473169.0,439137.0,0.0
Insight Inv LLC,0.0,0.0,0.0,0.0,0.0,0.0,0.0,0.0,0.0,3.0,0.0,0.0,0.0,0.0,0.0,0.0,0.0,0.0,0.0,314776.0
"Insight Wealth Partners, LLC",0.0,0.0,0.0,0.0,0.0,0.0,0.0,463.0,479.0,255.0,203.0,243031.0,457765.0,713212.0,738613.0,1252421.0,2756801.0,4216069.0,3611523.0,4063432.0
"Insight Wealth Strategies, LLC",799.0,1315.0,2392.0,2237.0,2556.0,2693.0,2563.0,2527.0,2497.0,1325.0,1325.0,1092681.0,1938763.0,2812725.0,2882534.0,2671615.0,3793094.0,4116712.0,4000602.0,4512378.0
"Inspire Advisors, LLC",0.0,0.0,0.0,227.0,601.0,0.0,0.0,1358.0,0.0,0.0,0.0,556346.0,1071740.0,457845.0,480777.0,0.0,0.0,1550696.0,1683927.0,2069597.0
"Inspire Investing, LLC",0.0,0.0,0.0,0.0,0.0,0.0,0.0,3706.0,0.0,0.0,0.0,0.0,0.0,0.0,0.0,0.0,0.0,0.0,0.0,0.0
"Institute for Wealth Management, LLC.",5174.0,7690.0,10709.0,10051.0,10226.0,15140.0,15551.0,21971.0,23253.0,12891.0,10217.0,12507292.0,23429159.0,35388103.0,36328395.0,41291541.0,73946123.0,100602916.0,98217654.0,108791657.0
Integras Partners LLC,0.0,0.0,0.0,0.0,0.0,0.0,0.0,0.0,0.0,0.0,0.0,0.0,0.0,0.0,0.0,0.0,0.0,0.0,0.0,694279.0
Integrated Advisors Network LLC,4440.0,5339.0,8319.0,5935.0,6707.0,14378.0,13181.0,18292.0,18217.0,13448.0,9583.0,10839334.0,19544286.0,23199523.0,29580917.0,34529576.0,66409879.0,54816124.0,46032942.0,48154684.0
"Integrated Capital Management, LLC",0.0,0.0,0.0,0.0,0.0,0.0,0.0,0.0,0.0,0.0,0.0,0.0,0.0,0.0,0.0,0.0,0.0,0.0,452.0,483.0
"Integrated Investment Consultants, LLC",0.0,213.0,389.0,396.0,405.0,662.0,710.0,890.0,804.0,318.0,218.0,326769.0,574151.0,846886.0,1347577.0,1623981.0,1424011.0,1424011.0,83796.0,363400.0
"Integris Wealth Management, LLC",0.0,0.0,0.0,0.0,0.0,0.0,0.0,0.0,0.0,0.0,0.0,0.0,0.0,0.0,0.0,0.0,276490.0,377539.0,464873.0,492308.0
"Integrity Advisory, LLC",0.0,0.0,0.0,0.0,0.0,0.0,0.0,0.0,302.0,0.0,0.0,3928540.0,0.0,0.0,0.0,0.0,0.0,0.0,0.0,0.0
Integrity Financial Corp /WA,0.0,0.0,0.0,0.0,0.0,0.0,0.0,0.0,0.0,0.0,229.0,244831.0,1163952.0,5019285.0,790976.0,957455.0,1896032.0,2665773.0,2524278.0,2948404.0
Integrity Wealth Solutions LLC,0.0,0.0,0.0,0.0,0.0,0.0,0.0,0.0,0.0,0.0,0.0,0.0,0.0,0.0,0.0,1661349.0,2833484.0,2647652.0,4009616.0,5396619.0
"Intellectus Partners, LLC",612.0,816.0,1135.0,2134.0,1091.0,1619.0,1585.0,2132.0,1906.0,956.0,799.0,976379.0,1821101.0,2786518.0,2919763.0,4195156.0,7008310.0,8713725.0,6643155.0,8789200.0
"Intelligence Driven Advisers, LLC",0.0,0.0,0.0,0.0,0.0,0.0,0.0,0.0,0.0,0.0,0.0,0.0,0.0,214165.0,0.0,281178.0,458105.0,1372282.0,1841516.0,2223941.0
Intelligent Financial Strategies,0.0,0.0,0.0,0.0,0.0,0.0,0.0,188.0,87.0,49.0,0.0,0.0,0.0,0.0,0.0,0.0,0.0,0.0,0.0,0.0
Intellus Advisors LLC,0.0,0.0,0.0,0.0,0.0,0.0,0.0,0.0,0.0,0.0,0.0,0.0,0.0,0.0,0.0,0.0,0.0,0.0,0.0,6162953.0
"InterOcean Capital Group, LLC",0.0,0.0,0.0,13880.0,14815.0,22343.0,23120.0,32081.0,33833.0,24584.0,22912.0,29232099.0,55188098.0,75980770.0,58239590.0,64623950.0,85958502.0,0.0,0.0,0.0
"InterOcean Capital, LLC",7392.0,10154.0,0.0,0.0,0.0,0.0,0.0,0.0,0.0,0.0,0.0,0.0,0.0,0.0,0.0,0.0,0.0,0.0,0.0,0.0
"Interchange Capital Partners, LLC",0.0,0.0,0.0,126.0,0.0,0.0,0.0,271.0,280.0,306.0,259.0,0.0,406998.0,913806.0,899225.0,689949.0,1120624.0,3287345.0,3475439.0,4032301.0
"Intercontinental Wealth Advisors, LLC",76.0,409.0,348.0,366.0,1193.0,1865.0,1779.0,2621.0,2769.0,2259.0,1410.0,1065653.0,1108302.0,1613821.0,0.0,0.0,0.0,0.0,0.0,0.0
"Intergy Private Wealth, LLC",0.0,0.0,0.0,0.0,0.0,0.0,0.0,0.0,0.0,0.0,0.0,0.0,0.0,220401.0,245345.0,266441.0,648788.0,936376.0,1020040.0,1085262.0
Intermede Investment Partners Ltd,0.0,0.0,0.0,0.0,0.0,0.0,0.0,0.0,0.0,0.0,0.0,0.0,0.0,0.0,0.0,0.0,153294.0,163557.0,0.0,0.0
International Private Wealth Advisors LLC,0.0,0.0,0.0,0.0,0.0,0.0,0.0,0.0,0.0,0.0,0.0,0.0,0.0,0.0,0.0,279304.0,437323.0,928033.0,883112.0,2949029.0
Intersect Capital LLC,1775.0,2572.0,3502.0,3574.0,3473.0,5429.0,11776.0,5333.0,4954.0,2318.0,0.0,0.0,0.0,0.0,0.0,0.0,0.0,0.0,0.0,0.0
"Interval Partners, LP",0.0,0.0,0.0,0.0,0.0,0.0,0.0,441.0,0.0,0.0,0.0,0.0,3194355.0,14171170.0,22151866.0,14408921.0,14456960.0,18074273.0,13964750.0,11622665.0
Intrepid Financial Planning Group LLC,0.0,0.0,0.0,0.0,0.0,0.0,0.0,0.0,0.0,201.0,0.0,0.0,0.0,0.0,0.0,0.0,0.0,635613.0,689779.0,791505.0
Intrinsic Edge Capital Management LLC,0.0,7598.0,5412.0,5222.0,5339.0,8001.0,8705.0,6182.0,5736.0,0.0,2428.0,0.0,0.0,0.0,0.0,0.0,0.0,0.0,0.0,0.0
"Intrinsic Value Partners, LLC",0.0,0.0,0.0,0.0,0.0,0.0,0.0,0.0,0.0,0.0,0.0,0.0,0.0,0.0,0.0,217897.0,397566.0,432390.0,728640.0,805740.0
"Intrua Financial, LLC",0.0,772.0,933.0,1028.0,1296.0,1809.0,2338.0,2879.0,2695.0,1561.0,1305.0,2669300.0,4374164.0,6509872.0,0.0,0.0,0.0,0.0,0.0,0.0
"Invera Wealth Advisors, LLC",0.0,0.0,0.0,0.0,0.0,0.0,0.0,0.0,0.0,0.0,0.0,0.0,0.0,0.0,0.0,3596911.0,4129409.0,5801042.0,5342127.0,4774068.0
Invesco Ltd.,1710.0,2464.0,3510.0,3194.0,2937.0,3680.0,3812.0,0.0,0.0,0.0,0.0,0.0,15277.0,0.0,9570.0,0.0,0.0,0.0,0.0,0.0
Investmark Advisory Group LLC,0.0,0.0,0.0,0.0,0.0,0.0,0.0,91.0,91.0,0.0,0.0,0.0,354196.0,539428.0,539486.0,614203.0,1121574.0,1950997.0,1933256.0,1834030.0
"Investment Advisory Group, LLC",0.0,0.0,0.0,0.0,0.0,0.0,0.0,644.0,680.0,393.0,254.0,262175.0,264715.0,410752.0,507636.0,508350.0,1090160.0,1512318.0,1714774.0,1864063.0
Investment Management Corp of Ontario,0.0,0.0,0.0,0.0,0.0,0.0,0.0,0.0,0.0,0.0,0.0,793394.0,3635732.0,19565944.0,31422807.0,86006838.0,101623393.0,205899176.0,261872730.0,288570141.0
"Investment Partners Asset Management, Inc.",0.0,0.0,0.0,0.0,0.0,0.0,0.0,0.0,0.0,0.0,0.0,0.0,0.0,0.0,0.0,1377702.0,2267936.0,2955447.0,2947106.0,3066244.0
"Investment Planning Advisors, Inc.",0.0,0.0,0.0,0.0,0.0,0.0,0.0,0.0,0.0,0.0,0.0,0.0,0.0,0.0,0.0,0.0,0.0,277500.0,277500.0,257590.0
"Investment Research & Advisory Group, Inc.",5.0,8.0,0.0,0.0,0.0,0.0,0.0,110.0,102.0,1960.0,1595.0,1828358.0,3776561.0,5755610.0,4010608.0,4614955.0,6595988.0,8970734.0,8790070.0,9431859.0
"Investments & Financial Planning, LLC",0.0,0.0,0.0,0.0,0.0,0.0,0.0,248.0,402.0,363.0,0.0,405835.0,771377.0,991575.0,1019634.0,1128628.0,2059253.0,2845341.0,2796975.0,3093015.0
"Investor's Fiduciary Advisor Network, LLC",0.0,0.0,0.0,0.0,0.0,0.0,0.0,0.0,0.0,0.0,0.0,0.0,0.0,0.0,0.0,0.0,0.0,0.0,0.0,2464.0
"Investors Financial Group, LLC",0.0,0.0,0.0,0.0,0.0,348.0,429.0,803.0,0.0,0.0,0.0,0.0,0.0,0.0,0.0,0.0,0.0,0.0,0.0,0.0
Investors Research Corp,18.0,26.0,37.0,88.0,90.0,135.0,140.0,276.0,259.0,146.0,117.0,141025.0,268048.0,296960.0,174866.0,228296.0,110234.0,180616.0,213978.0,223191.0
Invictus RG,0.0,0.0,0.0,377.0,0.0,908.0,0.0,0.0,0.0,0.0,0.0,0.0,0.0,0.0,0.0,0.0,0.0,0.0,0.0,0.0
"Invst, LLC",0.0,287.0,386.0,371.0,472.0,315.0,461.0,508.0,481.0,516.0,332.0,641408.0,865260.0,1342693.0,1335897.0,2048818.0,4547182.0,6702560.0,5662303.0,6369885.0
Ion Asset Management Ltd.,0.0,0.0,0.0,0.0,0.0,0.0,0.0,0.0,0.0,0.0,0.0,0.0,0.0,3384.0,0.0,0.0,0.0,0.0,0.0,0.0
Ionic Capital Management LLC,0.0,0.0,0.0,0.0,0.0,0.0,0.0,0.0,0.0,0.0,0.0,0.0,0.0,0.0,11103120.0,918633.0,0.0,0.0,0.0,0.0
Iowa State Bank,0.0,0.0,0.0,0.0,0.0,0.0,0.0,0.0,0.0,0.0,0.0,0.0,0.0,1673044.0,2723037.0,3148609.0,6205650.0,9225473.0,10596369.0,11871370.0
"Ipswich Investment Management Co., Inc.",1165.0,1658.0,2313.0,2260.0,2340.0,3578.0,3590.0,4327.0,6944.0,2050.0,1606.0,1934774.0,3650782.0,4834773.0,4873708.0,5509413.0,7906315.0,10281472.0,9320135.0,10081396.0
"Iron Financial, LLC",446.0,531.0,706.0,536.0,284.0,430.0,0.0,0.0,0.0,0.0,0.0,0.0,0.0,0.0,0.0,0.0,0.0,0.0,0.0,0.0
Iron Gate Global Advisors LLC,0.0,0.0,0.0,0.0,0.0,0.0,0.0,0.0,0.0,0.0,0.0,0.0,0.0,0.0,0.0,0.0,18835987.0,22066580.0,24379854.0,36137499.0
"Iron Horse Wealth Management, LLC",0.0,0.0,0.0,0.0,0.0,0.0,0.0,0.0,0.0,0.0,0.0,0.0,0.0,0.0,21750.0,24761.0,45178.0,61770.0,71285.0,470768.0
"IronBridge Private Wealth, LLC",0.0,0.0,0.0,4941.0,5042.0,7556.0,7826.0,11110.0,0.0,0.0,0.0,11107.0,22778.0,34688.0,35670.0,95578.0,178905.0,240903.0,270204.0,827737.0
"Ironbridge Private Wealth, LLC",0.0,0.0,0.0,0.0,0.0,0.0,0.0,0.0,18564.0,0.0,0.0,0.0,0.0,0.0,0.0,0.0,0.0,0.0,0.0,0.0
"Ironsides Asset Advisors, LLC",0.0,0.0,0.0,0.0,0.0,242.0,243.0,343.0,427.0,235.0,0.0,0.0,0.0,0.0,0.0,201555.0,286429.0,631536.0,947111.0,1047328.0
"Ironwood Financial, llc",0.0,0.0,5.0,5.0,5.0,7.0,7.0,0.0,0.0,0.0,0.0,0.0,0.0,0.0,273609.0,311493.0,573761.0,782008.0,774666.0,870602.0
"Ironwood Investment Counsel, LLC",0.0,0.0,0.0,0.0,0.0,0.0,0.0,0.0,0.0,0.0,0.0,0.0,260545.0,250427.0,1846968.0,1969985.0,3465152.0,4607178.0,4246028.0,4690349.0
"Islet Management, LP",0.0,0.0,13530.0,0.0,0.0,0.0,0.0,0.0,0.0,5306.0,0.0,0.0,0.0,0.0,0.0,0.0,0.0,0.0,0.0,0.0
Israel Discount Bank of New York,1075.0,943.0,1110.0,847.0,943.0,0.0,1546.0,1712.0,1493.0,917.0,900.0,1015.0,1254687.0,1113812.0,1104440.0,1517354.0,655985.0,443879.0,340761.0,368492.0
Itau Unibanco Holding S.A.,0.0,0.0,5158.0,7903.0,0.0,0.0,0.0,0.0,0.0,0.0,0.0,0.0,0.0,0.0,0.0,0.0,0.0,0.0,0.0,0.0
IvyRock Asset Management (HK) Ltd,0.0,0.0,0.0,0.0,0.0,0.0,0.0,0.0,0.0,0.0,0.0,0.0,0.0,0.0,0.0,0.0,0.0,0.0,0.0,1356000.0
"Iyo Bank, Ltd.",0.0,0.0,0.0,0.0,0.0,0.0,0.0,6959.0,6456.0,5360.0,4292.0,5168.0,9822.0,14958.0,15381.0,17511.0,31950.0,43684.0,32206.0,35614.0
J Arnold Wealth Management Co,0.0,0.0,0.0,0.0,0.0,224.0,822.0,13172.0,13478.0,8175.0,6982.0,8853945.0,17248120.0,0.0,10875216.0,13165934.0,0.0,0.0,0.0,0.0
J. Goldman & Co LP,0.0,0.0,0.0,1013.0,206.0,0.0,0.0,4329.0,14342.0,3062.0,0.0,0.0,2169106.0,21264369.0,1239722.0,14074648.0,35948135.0,21652485.0,7445365.0,34411141.0
"J. L. Bainbridge & Co., Inc.",0.0,0.0,0.0,0.0,0.0,0.0,0.0,0.0,0.0,0.0,0.0,0.0,0.0,0.0,204881.0,218393.0,734648.0,1079574.0,1003781.0,1193806.0
J. Stern & Co. LLP,0.0,0.0,0.0,0.0,0.0,0.0,0.0,0.0,0.0,0.0,0.0,0.0,0.0,0.0,0.0,137500540.0,99081907.0,90590647.0,114248809.0,115321940.0
"J. W. Coons Advisors, LLC",0.0,0.0,240.0,336.0,344.0,515.0,575.0,791.0,734.0,445.0,371.0,447188.0,815255.0,1144693.0,1166209.0,2556326.0,2309500.0,3219453.0,3189015.0,3476769.0
"J.P. Marvel Investment Advisors, LLC",5959.0,8569.0,12218.0,11815.0,12080.0,18150.0,18844.0,26765.0,24767.0,13759.0,11000.0,13241740.0,25154852.0,37904708.0,38962055.0,43758135.0,70287933.0,96006641.0,79746248.0,86986885.0
J.P. Morgan Private Wealth Advisors LLC,0.0,0.0,0.0,0.0,0.0,0.0,0.0,0.0,0.0,0.0,0.0,0.0,0.0,0.0,728542731.0,0.0,0.0,0.0,0.0,0.0
J.Safra Asset Management Corp,0.0,0.0,0.0,0.0,0.0,0.0,0.0,0.0,0.0,2.0,0.0,123.0,235548.0,358721.0,368872.0,423413.0,917113.0,2509097.0,3299531.0,6201211.0
"J.W. COLE ADVISORS, INC.",0.0,2159.0,6661.0,3741.0,4257.0,7134.0,8800.0,11676.0,17862.0,7903.0,6396.0,6366979.0,8544762.0,14253690.0,12580199.0,15362261.0,29899654.0,48876393.0,54218252.0,60649203.0
"JACKSON SQUARE CAPITAL, LLC",3266.0,4787.0,6576.0,6096.0,4630.0,7356.0,14446.0,10108.0,7220.0,4013.0,1682.0,1861824.0,6368988.0,10770089.0,10873445.0,12317607.0,21525510.0,28907619.0,27570280.0,23970094.0
"JACKSON THORNTON ASSET MANAGEMENT, LLC",0.0,0.0,0.0,0.0,0.0,0.0,0.0,412.0,0.0,0.0,0.0,0.0,0.0,0.0,149202.0,0.0,0.0,1074057.0,0.0,0.0
"JACKSON THORNTON WEALTH MANAGEMENT, LLC",0.0,0.0,0.0,0.0,0.0,0.0,0.0,0.0,0.0,0.0,0.0,0.0,0.0,0.0,0.0,0.0,0.0,0.0,62784.0,924721.0
JACOBS & CO/CA,3496.0,4836.0,6099.0,5730.0,5898.0,7734.0,7941.0,10530.0,11523.0,6343.0,5177.0,6150.0,11781.0,16280.0,18480.0,20866.0,33446.0,42553.0,42005.0,44282.0
"JACOBS LEVY EQUITY MANAGEMENT, INC",1121.0,0.0,0.0,17084.0,0.0,2628.0,3714.0,23123.0,10878.0,1097.0,0.0,317417.0,23254071.0,151545223.0,465360132.0,524867831.0,1090195739.0,1374650705.0,1376699095.0,1656513211.0
"JAG CAPITAL MANAGEMENT, LLC",19562.0,28205.0,29804.0,29577.0,30099.0,34637.0,75285.0,48465.0,28638.0,10550.0,2772.0,10497339.0,19653202.0,15995134.0,17722873.0,17491668.0,33538346.0,41659804.0,54124609.0,39817023.0
JAMES INVESTMENT RESEARCH INC,0.0,0.0,4352.0,4874.0,4784.0,9450.0,11192.0,16020.0,14297.0,8107.0,5922.0,6087.0,12323.0,16985099.0,16414348.0,16943952.0,28575989.0,35349983.0,0.0,0.0
"JAMES INVESTMENT RESEARCH, INC.",0.0,0.0,0.0,0.0,0.0,0.0,0.0,0.0,0.0,0.0,0.0,0.0,0.0,0.0,0.0,0.0,0.0,0.0,32573001.0,34755595.0
"JAMISON PRIVATE WEALTH MANAGEMENT, INC.",0.0,0.0,0.0,0.0,0.0,0.0,0.0,0.0,0.0,0.0,0.0,0.0,0.0,0.0,8496330.0,9617950.0,17247287.0,23501494.0,23279253.0,25883988.0
"JANICZEK WEALTH MANAGEMENT, LLC",0.0,0.0,0.0,0.0,0.0,0.0,0.0,0.0,0.0,321.0,143.0,214148.0,453549.0,874806.0,1124015.0,1651064.0,3817541.0,5172867.0,0.0,0.0
"JARISLOWSKY, FRASER Ltd",0.0,0.0,0.0,0.0,0.0,0.0,0.0,0.0,0.0,0.0,0.0,0.0,214716.0,307958.0,316672.0,374264.0,658448.0,899371.0,926587.0,1003952.0
JAT Capital Mgmt LP,0.0,0.0,0.0,0.0,0.0,0.0,0.0,0.0,2042.0,1192.0,13127.0,6020968.0,27693947.0,46090990.0,65186296.0,8507384.0,18925064.0,11586817.0,34940352.0,0.0
JB Capital LLC,0.0,0.0,0.0,0.0,0.0,0.0,253.0,376783.0,1256.0,266.0,204.0,312400.0,593833.0,904406.0,1095789.0,1328450.0,2774492.0,4345457.0,4512405.0,8197900.0
"JBF Capital, Inc.",0.0,0.0,0.0,0.0,0.0,0.0,0.0,0.0,0.0,0.0,0.0,0.0,0.0,0.0,1261471.0,1683748.0,3072104.0,4694520.0,4736160.0,5237310.0
JBR Co Financial Management Inc,0.0,0.0,0.0,0.0,0.0,0.0,0.0,0.0,0.0,0.0,0.0,0.0,0.0,0.0,0.0,9480024.0,17224615.0,24010439.0,23988476.0,26666846.0
JCIC Asset Management Inc.,61.0,87.0,153.0,189.0,232.0,441.0,337.0,523.0,485.0,284.0,213.0,220.0,379712.0,362528.0,359737.0,409547.0,796940.0,1126685.0,1019489.0,12794480.0
JDC-JSC L.P.,0.0,0.0,433.0,0.0,0.0,0.0,0.0,0.0,0.0,0.0,0.0,0.0,0.0,0.0,0.0,0.0,0.0,0.0,0.0,0.0
"JDH Wealth Management, LLC",0.0,0.0,0.0,0.0,0.0,0.0,0.0,0.0,0.0,0.0,0.0,0.0,0.0,0.0,0.0,0.0,0.0,0.0,0.0,1735870.0
JDM Financial Group LLC,0.0,0.0,0.0,0.0,0.0,0.0,0.0,0.0,0.0,0.0,0.0,198416.0,376802.0,573881.0,590124.0,671869.0,1113741.0,1473188.0,1434518.0,1497763.0
"JEPPSON WEALTH MANAGEMENT, LLC",0.0,0.0,1385.0,1317.0,1316.0,1901.0,1950.0,2581.0,2705.0,1772.0,1517.0,1811261.0,2921311.0,3946360.0,3977121.0,4455999.0,7879061.0,10672276.0,10535917.0,11537155.0
"JERICHO FINANCIAL, LLP",0.0,0.0,0.0,0.0,0.0,0.0,0.0,0.0,0.0,0.0,0.0,0.0,0.0,0.0,0.0,0.0,0.0,0.0,0.0,5789167.0
"JFG Wealth Management, LLC",0.0,0.0,0.0,0.0,0.0,0.0,0.0,0.0,0.0,0.0,0.0,0.0,0.0,0.0,0.0,653195.0,628904.0,898485.0,1340798.0,2141905.0
"JFS WEALTH ADVISORS, LLC",0.0,3.0,4.0,4.0,7.0,6.0,233.0,361.0,428.0,254.0,144.0,112706.0,212010.0,322873.0,938408.0,647418.0,1151451.0,1631070.0,1851568.0,2141493.0
JGP Global Gestao de Recursos Ltda.,0.0,0.0,0.0,0.0,0.0,0.0,0.0,0.0,0.0,0.0,0.0,547.0,121000.0,5312517.0,0.0,0.0,0.0,0.0,0.0,0.0
"JGP Wealth Management, LLC",301.0,445.0,639.0,639.0,742.0,1125.0,1139.0,2144.0,2282.0,1026.0,874.0,590113.0,1119135.0,1629973.0,1894461.0,1916992.0,3457795.0,4702117.0,4603963.0,5129585.0
"JIM SAULNIER & ASSOCIATES, LLC",0.0,0.0,0.0,0.0,0.0,0.0,0.0,0.0,0.0,0.0,0.0,0.0,0.0,0.0,0.0,0.0,0.0,0.0,233208.0,234397.0
JJJ Advisors Inc.,0.0,0.0,42.0,187.0,121.0,342.0,1050.0,787.0,783.0,0.0,0.0,0.0,0.0,0.0,0.0,0.0,0.0,0.0,0.0,0.0
JLB & ASSOCIATES INC,0.0,0.0,0.0,0.0,0.0,0.0,0.0,0.0,0.0,0.0,0.0,0.0,0.0,0.0,0.0,0.0,0.0,0.0,232800.0,257434.0
JMAC ENTERPRISES LLC,0.0,0.0,0.0,0.0,0.0,0.0,0.0,735.0,796.0,461.0,547.0,590834.0,1229121.0,2067711.0,3134969.0,3673050.0,6652022.0,9104805.0,8598589.0,9406939.0
"JMG Financial Group, Ltd.",0.0,0.0,0.0,0.0,0.0,0.0,0.0,0.0,0.0,0.0,0.0,0.0,0.0,0.0,0.0,0.0,271068.0,0.0,0.0,0.0
JNB Advisors LLC,7456.0,10466.0,14847.0,13756.0,0.0,0.0,0.0,0.0,0.0,0.0,0.0,0.0,0.0,0.0,0.0,0.0,0.0,0.0,0.0,0.0
JNBA Financial Advisors,0.0,0.0,168.0,110.0,243.0,244.0,257.0,335.0,310.0,171.0,176.0,205619.0,375268.0,430635.0,428149.0,495850.0,1037534.0,1521670.0,1444192.0,1677584.0
JOHN G ULLMAN & ASSOCIATES INC,0.0,0.0,0.0,444.0,721.0,1076.0,1016.0,1413.0,1323.0,721.0,580.0,645.0,1212.0,0.0,0.0,0.0,0.0,0.0,207662.0,0.0
JOHNSON INVESTMENT COUNSEL INC,1740.0,2643.0,4598.0,4561.0,5411.0,8722.0,9396.0,14108.0,17648.0,9044.0,4401.0,5356835.0,13366061.0,18346076.0,19415366.0,21454408.0,25448899.0,40467294.0,40877943.0,43754555.0
JONES FINANCIAL COMPANIES LLLP,0.0,0.0,0.0,143.0,354.0,307.0,308.0,516.0,2380.0,2663.0,2764.0,4051000.0,8271157.0,12699060.0,14682652.0,18710748.0,44620447.0,150003507.0,214608621.0,309740913.0
"JOSH ARNOLD INVESTMENT CONSULTANT, LLC",0.0,0.0,0.0,0.0,0.0,0.0,0.0,0.0,0.0,0.0,0.0,0.0,0.0,824889.0,803837.0,0.0,0.0,1969845.0,2959979.0,1289721.0
JOURNEY STRATEGIC WEALTH LLC,0.0,0.0,0.0,0.0,0.0,0.0,0.0,1472.0,1471.0,1007.0,637.0,890731.0,1982198.0,354483.0,278381.0,283252.0,0.0,9124735.0,10843485.0,12520782.0
"JOYN Advisors, Inc.",314.0,0.0,0.0,0.0,0.0,0.0,0.0,0.0,0.0,0.0,0.0,0.0,0.0,0.0,0.0,0.0,0.0,0.0,0.0,0.0
"JPL Wealth Management, LLC",0.0,0.0,0.0,0.0,0.0,0.0,0.0,0.0,0.0,0.0,0.0,0.0,0.0,0.0,0.0,873479.0,1660580.0,2798823.0,0.0,2422349.0
JPMORGAN CHASE & CO,0.0,0.0,0.0,0.0,0.0,0.0,0.0,0.0,0.0,0.0,0.0,427.0,2329620.0,1424660.0,2118856.0,1635448778.0,2538208275.0,1926152242.0,635605909.0,888935877.0
JS Capital Management LLC,0.0,0.0,0.0,313.0,534.0,0.0,0.0,0.0,0.0,0.0,0.0,0.0,0.0,0.0,0.0,0.0,0.0,0.0,0.0,0.0
"JSF Financial, LLC",0.0,0.0,0.0,0.0,0.0,209.0,8546.0,261.0,312.0,212.0,206.0,242202.0,485379.0,633451.0,540902.0,598976.0,1189156.0,2626048.0,2358081.0,8420081.0
JT Stratford LLC,387.0,584.0,780.0,721.0,835.0,1638.0,3000.0,4509.0,4957.0,2924.0,1101.0,1115487.0,1729952.0,2615110.0,4348596.0,5864893.0,13265169.0,19485229.0,18228075.0,20597298.0
JTC Employer Solutions Trustee Ltd,0.0,0.0,0.0,0.0,0.0,0.0,1352.0,2422.0,2301.0,1443.0,1299.0,1417.0,2696.0,5722.0,5952.0,7301.0,13453.0,18490.0,18538.0,16533.0
JTC Employer Solutions Trusteee Ltd,0.0,0.0,0.0,0.0,0.0,1307.0,0.0,0.0,0.0,0.0,0.0,0.0,0.0,0.0,0.0,0.0,0.0,0.0,0.0,0.0
"JUNCTURE WEALTH STRATEGIES, LLC",0.0,0.0,0.0,0.0,0.0,0.0,327.0,499.0,0.0,0.0,0.0,0.0,0.0,0.0,0.0,0.0,377688.0,1190308.0,1222901.0,1438247.0
JUPITER ASSET MANAGEMENT LTD,0.0,60.0,85.0,741.0,586.0,714.0,534.0,678.0,316.0,0.0,0.0,0.0,0.0,24433414.0,25140247.0,44185509.0,67331484.0,123603500.0,120101124.0,318379969.0
"JW Asset Management, LLC",0.0,0.0,0.0,0.0,0.0,0.0,0.0,0.0,0.0,0.0,0.0,0.0,0.0,0.0,6524850.0,12194793.0,23876573.0,34745625.0,35490840.0,19102753.0
"Jackson Hole Capital Partners, LLC",0.0,0.0,0.0,0.0,0.0,241.0,664.0,946.0,763.0,368.0,341.0,264806.0,1124098.0,0.0,0.0,0.0,0.0,1101977.0,1777882.0,2483292.0
"Jackson Square Partners, LLC",0.0,0.0,0.0,0.0,0.0,0.0,0.0,0.0,53131.0,14338.0,9169.0,10485545.0,12348821.0,13554830.0,13709580.0,13972137.0,23516956.0,28993108.0,20823074.0,21885241.0
"Jackson Wealth Management, LLC",0.0,0.0,0.0,679.0,0.0,800.0,0.0,0.0,0.0,0.0,0.0,0.0,0.0,0.0,0.0,0.0,3023000.0,2361000.0,8343000.0,9607000.0
"Jackson, Grant Investment Advisers, Inc.",0.0,0.0,0.0,126.0,158.0,240.0,249.0,360.0,336.0,188.0,151.0,82569.0,183884.0,144673.0,148767.0,169365.0,435519.0,754966.0,742132.0,820678.0
"Jacksonville Wealth Management, LLC",0.0,0.0,0.0,0.0,0.0,0.0,0.0,0.0,0.0,0.0,0.0,0.0,0.0,0.0,0.0,0.0,0.0,0.0,0.0,9821692.0
Jacobi Capital Management LLC,1153.0,3478.0,3240.0,2017.0,2289.0,3281.0,3728.0,5670.0,5007.0,2554.0,2132.0,2436982.0,4825164.0,5018391.0,6444216.0,7918974.0,8761734.0,12267382.0,10637990.0,11373825.0
Jacobsen Capital Management,0.0,0.0,0.0,0.0,0.0,0.0,0.0,0.0,0.0,0.0,0.0,0.0,1015249.0,1680235.0,1743875.0,1981870.0,3695560.0,5322474.0,5232971.0,5824426.0
"Jaffetilchin Investment Partners, LLC",0.0,1164.0,1613.0,5409.0,5221.0,12769.0,7634.0,9905.0,6283.0,7236.0,5966.0,6496290.0,12951371.0,20714528.0,20675747.0,22391146.0,40301273.0,53075005.0,52052763.0,56077679.0
Jain Global LLC,0.0,0.0,0.0,0.0,0.0,0.0,0.0,0.0,0.0,0.0,0.0,0.0,0.0,0.0,0.0,0.0,0.0,0.0,0.0,9178184.0
James Hambro & Partners,0.0,0.0,0.0,0.0,0.0,0.0,0.0,264.0,0.0,0.0,0.0,0.0,200827.0,292567.0,302704.0,342688.0,819591.0,849370.0,0.0,0.0
James Hambro & Partners LLP,0.0,0.0,0.0,0.0,0.0,0.0,0.0,0.0,0.0,0.0,0.0,0.0,0.0,0.0,0.0,0.0,0.0,0.0,787287.0,668665.0
"James J. Burns & Company, LLC",0.0,0.0,0.0,0.0,0.0,0.0,0.0,0.0,0.0,0.0,0.0,0.0,0.0,234.0,220.0,260.0,0.0,654.0,1578.0,1931.0
"James Reed Financial Services, Inc.",0.0,0.0,0.0,0.0,0.0,0.0,0.0,102.0,0.0,0.0,0.0,0.0,0.0,0.0,0.0,0.0,0.0,0.0,0.0,563213.0
Janney Capital Management LLC,0.0,243.0,308.0,295.0,9257.0,13637.0,0.0,0.0,0.0,0.0,0.0,0.0,0.0,261.0,264.0,9178.0,12648.0,13291.0,12921.0,13818.0
Janney Montgomery Scott LLC,26859.0,43444.0,60515.0,60828.0,62791.0,96501.0,107845.0,146045.0,177.0,79858.0,61770.0,71486.0,140984.0,200734.0,213532.0,253349.0,423122.0,548213.0,526761.0,591315.0
"Jarislowsky, Fraser Ltd",0.0,0.0,0.0,0.0,0.0,0.0,0.0,248.0,0.0,0.0,0.0,0.0,214.0,307.0,316.0,0.0,0.0,0.0,0.0,0.0
Jericho Capital Asset Management L.P.,48777.0,0.0,0.0,0.0,0.0,0.0,51790.0,85663.0,0.0,0.0,0.0,0.0,84750960.0,165762079.0,164460584.0,158014302.0,229575621.0,313889197.0,327525137.0,323237641.0
"Jessup Wealth Management, Inc",0.0,0.0,0.0,0.0,0.0,0.0,0.0,0.0,0.0,0.0,0.0,4546606.0,8688359.0,5120480.0,4753982.0,5257987.0,10167518.0,13018298.0,17355588.0,18797744.0
Jetstream Capital LLC,0.0,0.0,0.0,0.0,0.0,0.0,0.0,0.0,0.0,0.0,0.0,0.0,0.0,0.0,97002770.0,11390060.0,0.0,0.0,0.0,0.0
"Joel Adams & Associates, Inc.",0.0,0.0,0.0,0.0,0.0,0.0,0.0,0.0,0.0,0.0,0.0,0.0,0.0,0.0,0.0,0.0,0.0,0.0,0.0,267237.0
"Joel Isaacson & Co., LLC",0.0,0.0,0.0,0.0,0.0,209.0,252.0,455.0,287.0,280.0,450.0,378394.0,1015607.0,1859718.0,2081135.0,5299206.0,5291572.0,7348889.0,7150983.0,8175171.0
"Johanson Financial Advisors, Inc.",683.0,921.0,1430.0,1394.0,1585.0,1970.0,2221.0,3544.0,0.0,0.0,0.0,0.0,0.0,0.0,0.0,0.0,0.0,0.0,0.0,0.0
"Johnson & White Wealth Management, LLC",0.0,0.0,0.0,0.0,0.0,0.0,0.0,0.0,0.0,0.0,732.0,0.0,1735.0,2673.0,2705.0,3012.0,5259.0,6333.0,5713.0,6504.0
"Johnson Bixby & Associates, LLC",0.0,0.0,0.0,0.0,0.0,0.0,812.0,0.0,0.0,0.0,0.0,0.0,0.0,0.0,0.0,230278.0,805074.0,1100745.0,1192423.0,1323972.0
"Johnson Midwest Financial, LLC",0.0,0.0,0.0,10.0,10.0,2.0,4.0,11.0,10.0,7.0,5.0,18.0,33895.0,46535.0,55247.0,0.0,0.0,0.0,0.0,0.0
Jordan Park Group LLC,0.0,0.0,0.0,0.0,0.0,767.0,0.0,0.0,0.0,0.0,0.0,0.0,0.0,0.0,0.0,0.0,0.0,0.0,7324411.0,7945134.0
Jordan Park Trust Co LLC,0.0,0.0,0.0,0.0,0.0,0.0,0.0,0.0,0.0,0.0,0.0,0.0,0.0,0.0,0.0,0.0,0.0,0.0,0.0,521179.0
Joseph Group Capital Management,0.0,0.0,0.0,0.0,0.0,0.0,0.0,458.0,213.0,118.0,152.0,213000.0,216661.0,270733.0,239245.0,272371.0,451780.0,0.0,609872.0,671450.0
"Joseph P. Lucia & Associates, LLC",114.0,165.0,0.0,156.0,165.0,248.0,256.0,422.0,551.0,357.0,470.0,590750.0,1134278.0,1708373.0,1763295.0,2011419.0,3547472.0,5462664.0,5662826.0,6630828.0
"Joule Financial, LLC",0.0,0.0,0.0,0.0,0.0,0.0,0.0,0.0,0.0,0.0,0.0,0.0,0.0,0.0,0.0,483705.0,460362.0,788062.0,317990.0,265968.0
"Journey Advisory Group, LLC",0.0,0.0,0.0,1145.0,1200.0,1855.0,1931.0,2591.0,2344.0,1705.0,1114.0,1245443.0,2326120.0,3338188.0,3392631.0,7604928.0,8204627.0,9453829.0,9422944.0,9422944.0
"Jump Financial, LLC",0.0,0.0,471.0,522.0,1567.0,1256.0,958.0,8366.0,3238.0,0.0,3096.0,0.0,968306.0,15122120.0,30667664.0,36278828.0,25860791.0,92718623.0,0.0,0.0
Juniper Hill Capital Management LP,0.0,0.0,0.0,0.0,0.0,0.0,0.0,0.0,0.0,0.0,0.0,0.0,0.0,0.0,0.0,0.0,0.0,19488435.0,19157160.0,21184248.0
Junson Asset Management (Hong Kong) Ltd,0.0,0.0,0.0,0.0,0.0,0.0,0.0,5000.0,10069.0,4593.0,0.0,0.0,0.0,0.0,0.0,0.0,0.0,0.0,0.0,0.0
Junto Capital Management LP,0.0,0.0,0.0,0.0,0.0,0.0,0.0,0.0,0.0,0.0,0.0,0.0,0.0,0.0,0.0,0.0,0.0,0.0,27121317.0,36225265.0
Jupiter Wealth Management LLC,0.0,0.0,0.0,0.0,0.0,264.0,383.0,382.0,1333.0,0.0,0.0,0.0,0.0,338416.0,1661757.0,1702566.0,5077538.0,7094572.0,7770581.0,9099088.0
JustInvest LLC,686.0,1846.0,3332.0,3463.0,4800.0,12849.0,10854.0,22636.0,0.0,0.0,0.0,0.0,0.0,0.0,0.0,0.0,0.0,0.0,0.0,0.0
K.J. Harrison & Partners Inc,0.0,0.0,0.0,0.0,0.0,0.0,0.0,0.0,0.0,0.0,0.0,0.0,2345490.0,1664893.0,0.0,1708509.0,7485995.0,9494049.0,12660851.0,9721810.0
"K2 PRINCIPAL FUND, L.P.",0.0,0.0,0.0,0.0,2136.0,0.0,0.0,0.0,0.0,0.0,0.0,0.0,0.0,0.0,0.0,0.0,361424.0,0.0,2428800.0,0.0
KADENSA CAPITAL Ltd,0.0,252.0,0.0,0.0,14160.0,0.0,0.0,0.0,1916.0,8747.0,7218.0,0.0,0.0,12792971.0,66412533.0,51007165.0,8870249.0,5646643.0,26400206.0,9501823.0
KAMES CAPITAL plc,0.0,0.0,0.0,0.0,79815.0,0.0,0.0,0.0,0.0,0.0,0.0,0.0,0.0,0.0,0.0,0.0,0.0,0.0,0.0,0.0
KANAWHA CAPITAL MANAGEMENT LLC,0.0,243.0,319.0,286.0,295.0,442.0,380.0,510.0,419.0,238.0,316.0,390.0,638315.0,841387.0,854320.0,908233.0,1677015.0,2849480.0,3613841.0,4380720.0
"KANE INVESTMENT MANAGEMENT, INC.",0.0,0.0,0.0,0.0,0.0,0.0,0.0,0.0,0.0,0.0,0.0,0.0,0.0,0.0,0.0,0.0,0.0,0.0,0.0,57937687.0
KARLINSKI ANDREW C,0.0,0.0,0.0,0.0,0.0,0.0,0.0,2577.0,104.0,8.0,6.0,0.0,0.0,0.0,0.0,0.0,0.0,0.0,0.0,0.0
"KARPAS STRATEGIES, LLC",0.0,0.0,0.0,0.0,0.0,0.0,0.0,322.0,333.0,0.0,0.0,0.0,339435.0,370143.0,380616.0,433318.0,709295.0,969789.0,0.0,0.0
"KAVAR CAPITAL PARTNERS GROUP, LLC",0.0,0.0,0.0,4499.0,4563.0,6852.0,6980.0,10039.0,10262.0,5932.0,4812.0,5849546.0,6934250.0,9399081.0,9601969.0,10879488.0,19064212.0,21076299.0,20604440.0,22430556.0
KAYNE ANDERSON RUDNICK INVESTMENT MANAGEMENT LLC,11133.0,18240.0,28573.0,28430.0,29851.0,44770.0,46412.0,56345.0,47136.0,17113.0,28312.0,16152289.0,33320245.0,47044185.0,47965142.0,47807411.0,61050623.0,65975553.0,55557056.0,118977858.0
"KB FINANCIAL PARTNERS, LLC",0.0,0.0,0.0,0.0,258.0,271.0,219.0,300.0,312.0,124.0,80.0,112.0,305.0,464.0,340.0,0.0,0.0,0.0,0.0,0.0
"KC Investment Advisors, LLC",0.0,0.0,0.0,215.0,0.0,258.0,267.0,703.0,436.0,253.0,0.0,0.0,0.0,0.0,0.0,0.0,0.0,0.0,0.0,0.0
"KCL Capital, L.P.",17134.0,0.0,324.0,0.0,0.0,0.0,0.0,7405.0,0.0,0.0,0.0,43842000.0,48609750.0,169208000.0,0.0,0.0,0.0,0.0,0.0,0.0
KCM INVESTMENT ADVISORS LLC,630.0,1291.0,1620.0,2188.0,2535.0,8296.0,4084.0,5851.0,5657.0,2845.0,3945.0,8847.0,22174934.0,21419633.0,19686682.0,21721738.0,35468171.0,48327633.0,47028630.0,51717792.0
KCS Wealth Advisory,252.0,364.0,469.0,439.0,485.0,727.0,697.0,960.0,871.0,484.0,389.0,462241.0,768590.0,939950.0,966548.0,0.0,0.0,0.0,0.0,0.0
"KDT Advisors, LLC",0.0,0.0,0.0,0.0,0.0,0.0,0.0,0.0,0.0,0.0,0.0,0.0,0.0,0.0,0.0,0.0,0.0,0.0,0.0,1168860.0
"KEB ASSET MANAGEMENT, LLC",0.0,0.0,0.0,0.0,0.0,0.0,0.0,0.0,0.0,0.0,0.0,0.0,0.0,0.0,0.0,0.0,208722.0,347785.0,523305.0,420258.0
KEELER & NADLER FINANCIAL PLANNING & WEALTH MANAGEMENT,0.0,0.0,0.0,0.0,0.0,0.0,0.0,0.0,0.0,0.0,0.0,0.0,0.0,0.0,0.0,317443.0,683111.0,722710.0,684437.0,759547.0
KELLEHER FINANCIAL ADVISORS,0.0,0.0,0.0,0.0,0.0,0.0,0.0,0.0,0.0,0.0,0.0,0.0,726158.0,1329617.0,1137178.0,1297626.0,1237674.0,1632811.0,1377519.0,1705241.0
KELLY LAWRENCE W & ASSOCIATES INC/CA,0.0,0.0,0.0,0.0,0.0,0.0,0.0,0.0,0.0,318.0,255.0,0.0,0.0,0.0,0.0,0.0,18071.0,24708.0,0.0,0.0
KEMPEN CAPITAL MANAGEMENT N.V.,997.0,0.0,0.0,1927.0,2381.0,6081.0,3624.0,4778.0,4895.0,2288.0,30.0,0.0,0.0,0.0,0.0,0.0,0.0,0.0,0.0,0.0
KENNEDY CAPITAL MANAGEMENT LLC,0.0,0.0,0.0,0.0,0.0,0.0,0.0,0.0,0.0,0.0,0.0,0.0,0.0,3376123.0,4678752.0,7110369.0,34972290.0,45108778.0,51070620.0,51401109.0
KENNEDY INVESTMENT GROUP,0.0,0.0,0.0,0.0,0.0,0.0,0.0,0.0,0.0,0.0,0.0,345489.0,543362.0,1659599.0,1815922.0,3729837.0,3664217.0,5810406.0,6649762.0,7705009.0
KENNICOTT CAPITAL MANAGEMENT LLC,0.0,0.0,0.0,0.0,0.0,0.0,0.0,0.0,0.0,0.0,0.0,0.0,0.0,0.0,0.0,481937.0,879164.0,1202044.0,1181611.0,1306642.0
"KESTRA PRIVATE WEALTH SERVICES, LLC",0.0,0.0,14102000.0,6983977.0,7243236.0,12106094.0,13600587.0,20938918.0,20691671.0,11417.0,9269.0,10362004.0,20088465.0,29962930.0,34319406.0,44298419.0,83633463.0,169575037.0,172818957.0,185295625.0
KEYNOTE FINANCIAL SERVICES LLC,0.0,0.0,0.0,0.0,0.0,0.0,0.0,0.0,0.0,0.0,0.0,0.0,0.0,0.0,0.0,0.0,262032.0,486748.0,656869.0,696428.0
KEYSTONE INVESTORS PTE LTD,0.0,0.0,0.0,0.0,0.0,0.0,0.0,0.0,0.0,0.0,0.0,0.0,72060760.0,85494457.0,98071975.0,122534761.0,105343350.0,138742215.0,186426673.0,159324342.0
KEYSTONE WEALTH PARTNERS,0.0,0.0,0.0,0.0,0.0,0.0,250.0,0.0,0.0,0.0,0.0,0.0,0.0,0.0,0.0,0.0,0.0,0.0,0.0,0.0
"KEYVANTAGE WEALTH, LLC",0.0,0.0,0.0,0.0,0.0,0.0,0.0,0.0,0.0,0.0,0.0,0.0,0.0,0.0,0.0,0.0,0.0,0.0,0.0,3319752.0
KEYWISE CAPITAL MANAGEMENT (HK) Ltd,0.0,0.0,0.0,0.0,0.0,0.0,0.0,0.0,25739.0,14254.0,38618.0,46462290.0,134948999.0,162905002.0,79951162.0,25825723.0,46397806.0,63190710.0,60294960.0,65862531.0
"KFA Private Wealth Group, LLC",0.0,0.0,223.0,372.0,304.0,494.0,512.0,750.0,816.0,471.0,351.0,489832.0,820301.0,1031315.0,1072541.0,1264176.0,2044838.0,2299392.0,2355210.0,2395767.0
"KFG WEALTH MANAGEMENT, LLC",0.0,0.0,0.0,0.0,0.0,0.0,0.0,0.0,0.0,0.0,0.0,318655.0,575647.0,512428.0,562599.0,683088.0,1098646.0,1553503.0,1612347.0,1098526.0
"KG&L Capital Management,LLC",0.0,0.0,239.0,1045.0,964.0,1620.0,1663.0,2529.0,5430.0,1822.0,1124.0,837761.0,1293755.0,1743552.0,1933403.0,2344734.0,3670935.0,5437085.0,6965036.0,7764274.0
"KICKSTAND VENTURES, LLC.",0.0,0.0,0.0,0.0,0.0,0.0,0.0,0.0,0.0,0.0,0.0,0.0,0.0,0.0,238776.0,585276.0,487196.0,531328.0,540512.0,553375.0
KIECKHEFER GROUP LLC,0.0,0.0,0.0,0.0,0.0,0.0,0.0,0.0,0.0,0.0,0.0,0.0,0.0,0.0,0.0,0.0,0.0,0.0,0.0,65607858.0
"KILEY JUERGENS WEALTH MANAGEMENT, LLC",0.0,0.0,0.0,0.0,0.0,0.0,3366.0,4874.0,8601.0,2511.0,2009.0,2276320.0,4444440.0,6828572.0,7072755.0,8042198.0,14651847.0,20711690.0,20343474.0,22564807.0
KING LUTHER CAPITAL MANAGEMENT CORP,1028.0,2302.0,3042.0,2969.0,3050.0,8748.0,9857.0,14611.0,46445.0,59765.0,54175.0,53101455.0,127485366.0,259699095.0,273503125.0,334129526.0,620004052.0,849623952.0,835585371.0,924483206.0
"KING STREET CAPITAL MANAGEMENT, L.P.",0.0,0.0,0.0,0.0,0.0,0.0,0.0,0.0,0.0,0.0,0.0,0.0,0.0,0.0,0.0,0.0,0.0,0.0,0.0,80574000.0
KINGS POINT CAPITAL MANAGEMENT,2887.0,1587.0,8517.0,8221.0,9297.0,14568.0,15069.0,21554.0,20991.0,0.0,0.0,0.0,0.0,0.0,0.0,0.0,0.0,0.0,0.0,0.0
"KINGSWOOD WEALTH ADVISORS, LLC",0.0,0.0,0.0,0.0,0.0,0.0,0.0,0.0,0.0,0.0,0.0,0.0,0.0,6642392.0,15845149.0,19261862.0,29746959.0,60288617.0,55463651.0,47701305.0
"KIRTLAND HILLS CAPITAL MANAGEMENT, LLC",0.0,0.0,0.0,0.0,0.0,0.0,0.0,0.0,0.0,0.0,0.0,0.0,0.0,0.0,0.0,0.0,2277910.0,3262659.0,3580505.0,4414085.0
"KITCHING PARTNERS, LLC",0.0,0.0,0.0,0.0,0.0,0.0,0.0,0.0,0.0,0.0,0.0,0.0,0.0,0.0,0.0,0.0,0.0,0.0,534336.0,730672.0
KKM Financial LLC,0.0,0.0,0.0,0.0,0.0,0.0,0.0,0.0,0.0,0.0,0.0,0.0,0.0,0.0,0.0,1817457.0,2236311.0,5070514.0,4274688.0,3827265.0
"KLCM Advisors, Inc.",0.0,0.0,0.0,0.0,0.0,0.0,265.0,0.0,0.0,0.0,0.0,1636227.0,3105829.0,4302663.0,34728769.0,74263082.0,148824324.0,203240030.0,200211500.0,220771103.0
KLINGENSTEIN FIELDS & CO LP,0.0,0.0,0.0,0.0,0.0,0.0,0.0,0.0,0.0,0.0,249.0,255307.0,520819.0,748745.0,766017.0,10412991.0,19281067.0,37811270.0,39412623.0,43800832.0
KLK CAPITAL MANAGEMENT LLC,0.0,0.0,0.0,0.0,0.0,2252.0,1375.0,1917.0,1755.0,0.0,895.0,241986.0,464413.0,683560.0,703745.0,0.0,0.0,0.0,0.0,0.0
KLP KAPITALFORVALTNING AS,0.0,0.0,0.0,0.0,0.0,0.0,0.0,0.0,0.0,0.0,0.0,0.0,0.0,0.0,0.0,0.0,0.0,0.0,0.0,1226371195.0
"KLR INVESTMENT ADVISORS, LLC",0.0,0.0,0.0,0.0,0.0,0.0,0.0,0.0,0.0,0.0,0.0,622264.0,1145523.0,1738189.0,1152468.0,1992765.0,3200599.0,0.0,0.0,0.0
"KMG FIDUCIARY PARTNERS, LLC",1561.0,2189.0,1848.0,1919.0,1195.0,1828.0,2620.0,6648.0,8717.0,5308.0,5167.0,6659067.0,11061479.0,13461770.0,15086967.0,18326161.0,37406197.0,48373055.0,43996022.0,48404248.0
"KMT WEALTH MANAGEMENT, LLC",0.0,0.0,0.0,0.0,0.0,0.0,0.0,0.0,0.0,0.0,0.0,0.0,0.0,0.0,0.0,0.0,0.0,0.0,0.0,302153.0
"KNIGHTSBRIDGE ASSET MANAGEMENT, LLC",0.0,0.0,0.0,0.0,0.0,0.0,0.0,0.0,0.0,0.0,0.0,0.0,0.0,0.0,0.0,338799.0,338799.0,990792.0,730948.0,888738.0
KORNITZER CAPITAL MANAGEMENT INC /KS,0.0,0.0,0.0,0.0,0.0,0.0,2714.0,6423.0,6519.0,2904.0,2333.0,3048188.0,5786782.0,8813199.0,8971234.0,11702544.0,21239985.0,30886853.0,31148146.0,34489701.0
KP Management LLC,0.0,0.0,0.0,0.0,0.0,0.0,0.0,0.0,0.0,0.0,0.0,0.0,0.0,0.0,0.0,7502580.0,13553400.0,17295600.0,15483600.0,16786250.0
KPP Advisory Services LLC,0.0,0.0,0.0,0.0,0.0,0.0,0.0,0.0,0.0,0.0,0.0,0.0,0.0,0.0,951374.0,1078091.0,2163123.0,5104057.0,4694509.0,5789543.0
"KRAEMATON INVESTMENT ADVISORS, INC",0.0,0.0,0.0,0.0,0.0,0.0,0.0,231.0,214.0,0.0,298.0,329514.0,630536.0,966655.0,915762.0,1067374.0,2213189.0,3067654.0,3759328.0,4480980.0
"KRAFT ASSET MANAGEMENT, LLC",0.0,0.0,0.0,0.0,0.0,0.0,0.0,0.0,0.0,0.0,0.0,0.0,0.0,0.0,0.0,0.0,214144.0,404346.0,481995.0,570164.0
"KRS CAPITAL MANAGEMENT, LLC",0.0,0.0,0.0,0.0,0.0,0.0,0.0,7159.0,6685.0,3763.0,3031.0,0.0,0.0,0.0,0.0,0.0,0.0,0.0,0.0,0.0
"KRS Capital Management, LLC",0.0,0.0,0.0,0.0,0.0,0.0,0.0,0.0,0.0,0.0,0.0,3624660.0,6864433.0,10430680.0,10919843.0,13047894.0,23054943.0,28741549.0,28273629.0,31347952.0
KWB Wealth,0.0,0.0,0.0,0.0,0.0,0.0,0.0,0.0,0.0,0.0,0.0,0.0,0.0,0.0,0.0,0.0,0.0,0.0,1046384.0,1028597.0
"KWMG, LLC",205.0,294.0,415.0,390.0,369.0,525.0,538.0,737.0,1376.0,372.0,286.0,320485.0,626649.0,942489.0,945233.0,1058780.0,1230649.0,1615903.0,1577506.0,1754767.0
Kades & Cheifetz LLC,0.0,0.0,0.0,0.0,0.0,0.0,0.0,0.0,0.0,0.0,0.0,347482.0,671037.0,1006280.0,1004415.0,1075231.0,1735988.0,2331728.0,2195791.0,2380836.0
Kaizen Capital Partners Ltd,0.0,0.0,0.0,0.0,0.0,0.0,0.0,0.0,0.0,0.0,0.0,0.0,0.0,0.0,12484213.0,0.0,0.0,0.0,0.0,0.0
Kaizen Financial Strategies,0.0,0.0,0.0,836.0,667.0,0.0,3003.0,3830.0,3663.0,2183.0,1773.0,2146566.0,2190275.0,3051797.0,2951165.0,3135063.0,5390099.0,6498644.0,7459759.0,7774874.0
"Kamunting Street Capital Management, L.P.",0.0,0.0,0.0,0.0,0.0,0.0,0.0,1471.0,0.0,0.0,0.0,0.0,0.0,0.0,13520359.0,0.0,11294500.0,2470800.0,2428800.0,2685800.0
Kapitalo Investimentos Ltda,0.0,0.0,0.0,0.0,0.0,0.0,0.0,0.0,0.0,0.0,0.0,0.0,0.0,91795.0,148332.0,250086.0,622000.0,0.0,0.0,123278.0
Kapstone Financial Advisors LLC,0.0,0.0,0.0,0.0,0.0,0.0,0.0,0.0,0.0,0.0,0.0,306531.0,373658.0,667841.0,611161.0,1052418.0,1723089.0,2446092.0,2387695.0,2389513.0
Karani Asset Management LLC,1612.0,2502.0,2936.0,11552.0,14348.0,21646.0,23033.0,31720.0,14807.0,5678.0,3454.0,3766759.0,4704313.0,5769993.0,2765666.0,0.0,0.0,0.0,0.0,7208821.0
Karp Capital Management Corp,0.0,0.0,0.0,211.0,440.0,839.0,911.0,1267.0,459.0,237.0,0.0,0.0,0.0,0.0,0.0,0.0,0.0,0.0,0.0,0.0
Kathleen S. Wright Associates Inc.,0.0,0.0,0.0,0.0,0.0,0.0,0.0,0.0,0.0,0.0,0.0,0.0,0.0,0.0,0.0,0.0,13553.0,18531.0,18216.0,20144.0
"Kathmere Capital Management, LLC",0.0,0.0,3148.0,5.0,0.0,0.0,0.0,0.0,301.0,0.0,0.0,510332.0,417796.0,625270.0,950516.0,1354012.0,3036116.0,11546524.0,6023073.0,7333652.0
"Kaufman Rossin Wealth, LLC",0.0,0.0,0.0,0.0,0.0,0.0,0.0,0.0,0.0,0.0,0.0,0.0,0.0,0.0,0.0,0.0,0.0,0.0,0.0,501574.0
"Kavar Capital Partners, LLC",2345.0,3474.0,4678.0,0.0,0.0,0.0,0.0,0.0,0.0,0.0,0.0,0.0,0.0,0.0,0.0,0.0,0.0,0.0,0.0,0.0
Kayak Investment Partners LLC,0.0,0.0,9634.0,15092.0,13829.0,0.0,0.0,0.0,0.0,0.0,0.0,0.0,0.0,0.0,0.0,0.0,0.0,0.0,0.0,0.0
"Keebeck Alpha, LP",318.0,275.0,307.0,667.0,695.0,965.0,1309.0,2469.0,2442.0,1481.0,940.0,0.0,0.0,0.0,0.0,0.0,0.0,0.0,0.0,0.0
"Keebeck Wealth Management, LLC",735.0,1202.0,1684.0,1631.0,1628.0,2930.0,2592.0,3715.0,3511.0,2714.0,1613.0,1841826.0,3294675.0,5097037.0,5037690.0,6094258.0,9845337.0,0.0,0.0,0.0
"Keel Point, LLC",0.0,0.0,429.0,420.0,522.0,4839.0,991.0,1544.0,1430.0,1035.0,650.0,748162.0,1550110.0,2714619.0,2745765.0,3620317.0,7955419.0,12041234.0,12591216.0,13991669.0
Keeler THomas Management LLC,0.0,0.0,0.0,0.0,0.0,0.0,0.0,0.0,0.0,0.0,0.0,1750769.0,2836054.0,1863022.0,1677806.0,0.0,0.0,0.0,0.0,0.0
Keeler Thomas Management LLC,0.0,0.0,0.0,0.0,564.0,908.0,944.0,1567.0,1515.0,1744.0,1614.0,0.0,0.0,0.0,0.0,1814054.0,2917643.0,3497873.0,3292322.0,3075576.0
"Keeley-Teton Advisors, LLC",0.0,0.0,0.0,0.0,0.0,0.0,0.0,0.0,0.0,0.0,0.0,0.0,0.0,0.0,0.0,0.0,0.0,610288.0,599914.0,634923.0
Keener Financial Planning LLC,0.0,0.0,0.0,0.0,0.0,0.0,0.0,0.0,0.0,0.0,0.0,0.0,0.0,0.0,0.0,213.0,390.0,532.0,523.0,578.0
"Kellett Wealth Advisors, LLC",0.0,0.0,0.0,0.0,0.0,0.0,0.0,0.0,0.0,0.0,0.0,0.0,0.0,0.0,276219.0,363988.0,451783.0,858608.0,832476.0,1182431.0
Kelly Financial Services LLC,40008.0,57682.0,82200.0,77244.0,72060.0,82.0,84325.0,178564.0,167320.0,93411.0,73499.0,89528.0,164079.0,243109.0,358705.0,264007.0,406715.0,660500.0,649078.0,623421.0
"Kelman-Lazarov, Inc.",0.0,0.0,0.0,0.0,0.0,0.0,0.0,0.0,0.0,0.0,0.0,0.0,0.0,0.0,0.0,0.0,0.0,213724.0,213734.0,203046.0
Kemnay Advisory Services Inc.,0.0,0.0,0.0,0.0,0.0,0.0,0.0,0.0,0.0,0.0,0.0,0.0,0.0,12113601.0,9431888.0,10278291.0,15201493.0,16313457.0,12870454.0,10688410.0
Kendall Capital Management,0.0,0.0,0.0,0.0,0.0,0.0,0.0,0.0,0.0,0.0,0.0,0.0,0.0,0.0,0.0,0.0,0.0,0.0,345498.0,1725631.0
Kennebec Savings Bank,0.0,0.0,0.0,0.0,0.0,0.0,0.0,0.0,0.0,0.0,0.0,0.0,0.0,0.0,0.0,0.0,0.0,0.0,2350107.0,2565077.0
"Kensington Investment Counsel, LLC",0.0,0.0,0.0,0.0,0.0,0.0,0.0,0.0,0.0,0.0,0.0,0.0,0.0,1070241.0,1142719.0,1316295.0,2505572.0,3579819.0,3589159.0,3637916.0
Kentucky Retirement Systems,11018.0,13010.0,19547.0,19656.0,20018.0,29026.0,30016.0,45078.0,43481.0,28172.0,23794.0,28770.0,54028.0,84115.0,86132805.0,97868348.0,169488881.0,228998809.0,208120229.0,227015231.0
Kentucky Retirement Systems Insurance Trust Fund,4890.0,5748.0,8783.0,8976.0,9173.0,12974.0,13416.0,19739.0,20135.0,12968.0,10893.0,13114.0,24314.0,37555.0,38456161.0,43577379.0,73650983.0,98016142.0,88449974.0,328.0
Kentucky Trust Co,0.0,0.0,0.0,0.0,0.0,0.0,0.0,0.0,0.0,0.0,0.0,0.0,0.0,0.0,0.0,0.0,0.0,0.0,0.0,2341346.0
"Kera Capital Partners, Inc.",0.0,0.0,0.0,0.0,0.0,0.0,0.0,0.0,0.0,0.0,0.0,0.0,0.0,0.0,0.0,0.0,0.0,0.0,0.0,48942304.0
"Kercheville Advisors, LLC",0.0,0.0,0.0,1483.0,2021.0,2654.0,2805.0,4402.0,2817.0,936.0,381.0,441714.0,935276.0,1396855.0,1766980.0,3197700.0,7463528.0,11901408.0,12172110.0,16336868.0
Kerntke Otto McGlone Wealth Management Group,240.0,353.0,484.0,482.0,485.0,711.0,245.0,1031.0,407.0,548.0,436.0,659000.0,1120000.0,1499000.0,1484495.0,1534663.0,2485324.0,3283448.0,3034064.0,3354877.0
"Kesler, Norman & Wride, LLC",0.0,0.0,0.0,600.0,636.0,914.0,963.0,1219.0,1074.0,577.0,374.0,427448.0,809701.0,1010197.0,1157119.0,1540205.0,4950387.0,7531882.0,7272159.0,8606622.0
"Kessler Investment Group, LLC",0.0,3.0,4.0,0.0,0.0,0.0,0.0,0.0,4035.0,2455.0,14.0,6000.0,11389.0,17344.0,1787374.0,5555378.0,3820252.0,5186703.0,5820255.0,6820723.0
"Kestra Advisory Services, LLC",0.0,0.0,41586000.0,29518489.0,25425400.0,40871831.0,51707656.0,74975901.0,67966899.0,37213.0,33212179.0,37270961.0,62033917.0,90528818.0,103038256.0,115540135.0,245110608.0,340834630.0,302172464.0,384296921.0
"Kestra Investment Management, LLC",0.0,0.0,0.0,0.0,0.0,0.0,0.0,0.0,0.0,0.0,0.0,0.0,0.0,0.0,0.0,0.0,0.0,885164.0,16631087.0,18912362.0
Keudell/Morrison Wealth Management,0.0,244.0,327.0,315.0,316.0,449.0,942.0,579.0,500.0,0.0,0.0,226663.0,429155.0,630723.0,635955.0,984993.0,1818866.0,2541712.0,2514537.0,2775103.0
"Key Client Fiduciary Advisors, LLC",0.0,0.0,0.0,0.0,0.0,0.0,0.0,581.0,610.0,402.0,329.0,530979.0,929829.0,1304131.0,1438575.0,1616065.0,2980307.0,4719129.0,4664430.0,5294395.0
Key Financial Inc,0.0,0.0,0.0,13.0,36.0,77.0,82.0,187.0,241.0,168.0,141.0,140812.0,475577.0,829542.0,862150.0,1264792.0,3933005.0,3818621.0,3802286.0,4227315.0
Key Square Capital Management LLC,38762.0,0.0,0.0,16455.0,0.0,0.0,0.0,0.0,382.0,0.0,0.0,0.0,0.0,0.0,0.0,0.0,0.0,0.0,0.0,0.0
"Keyes, Stange & Wooten Wealth Management, LLC",0.0,0.0,0.0,0.0,0.0,0.0,0.0,0.0,0.0,0.0,0.0,0.0,0.0,0.0,0.0,0.0,295577.0,551150.0,401518.0,538018.0
Keystone Financial Group,1532.0,1331.0,1993.0,1813.0,1825.0,2761.0,3022.0,4133.0,3875.0,2111.0,1863.0,2269902.0,0.0,6291220.0,6573807.0,14922834.0,13606757.0,19776992.0,56435112.0,28107218.0
"Keystone Financial Group, Inc.",0.0,0.0,0.0,0.0,0.0,0.0,0.0,0.0,0.0,0.0,0.0,0.0,0.0,0.0,0.0,0.0,0.0,0.0,0.0,257182.0
"Keystone Wealth Services, LLC",0.0,0.0,0.0,0.0,0.0,0.0,0.0,423.0,474.0,271.0,310.0,368707.0,707242.0,1007277.0,1115015.0,1293712.0,2083171.0,3040212.0,7496993.0,9108182.0
Kidder Stephen W,145.0,209.0,298.0,402.0,411.0,604.0,592.0,428.0,518.0,423.0,378.0,544664.0,1124135.0,1635818.0,1731260.0,2029412.0,3426300.0,3026730.0,2909095.0,3077255.0
KilterHowling LLC,0.0,0.0,0.0,0.0,0.0,0.0,0.0,0.0,0.0,0.0,0.0,0.0,340278.0,585052.0,595612.0,616850.0,941870.0,1268716.0,1253461.0,1037437.0
"Kimelman & Baird, LLC",0.0,0.0,0.0,0.0,0.0,0.0,0.0,0.0,0.0,0.0,0.0,0.0,0.0,0.0,0.0,0.0,0.0,814006.0,6244810.0,7162089.0
"Kinetic Partners Management, LP",0.0,0.0,0.0,0.0,0.0,0.0,0.0,0.0,0.0,0.0,0.0,0.0,0.0,0.0,0.0,0.0,0.0,18407460.0,39862680.0,68964630.0
King Wealth,2623.0,5076.0,8956.0,8770.0,8785.0,13372.0,13655.0,18930.0,17885.0,8066.0,2914.0,3477.0,6825.0,10578.0,10830.0,0.0,0.0,0.0,0.0,0.0
King Wealth Management Group,0.0,0.0,0.0,0.0,0.0,0.0,0.0,0.0,0.0,0.0,0.0,0.0,0.0,0.0,0.0,12847.0,18550.0,25628.0,25040.0,29348.0
Kingdom Financial Group LLC.,0.0,0.0,0.0,0.0,0.0,0.0,0.0,0.0,0.0,0.0,0.0,0.0,0.0,536103.0,567810.0,605831.0,0.0,0.0,0.0,0.0
Kingfisher Capital LLC,2083.0,3046.0,4465.0,4716.0,5147.0,7944.0,5510.0,6468.0,6104.0,2439.0,2034.0,2515.0,4807022.0,6812.0,6987.0,7660.0,13871.0,18895.0,16132780.0,0.0
Kings Path Partners LLC,0.0,0.0,0.0,0.0,0.0,0.0,0.0,0.0,0.0,0.0,0.0,0.0,0.0,0.0,0.0,0.0,0.0,0.0,242880.0,134290.0
Kingsbury Capital Investment Advisors LLC,0.0,0.0,0.0,0.0,0.0,0.0,0.0,0.0,835.0,457.0,455.0,0.0,0.0,0.0,0.0,0.0,0.0,0.0,0.0,0.0
"Kingstone Capital Partners Texas, LLC",0.0,0.0,0.0,0.0,0.0,0.0,0.0,0.0,0.0,0.0,0.0,0.0,0.0,0.0,0.0,0.0,0.0,0.0,0.0,19326000.0
"Kingsview Wealth Management, LLC",1288.0,1842.0,3533.0,5877.0,14207.0,25110.0,27505.0,37258.0,30588811.0,16204.0,14059.0,8603138.0,14704513.0,34192471.0,36414203.0,46356028.0,79539488.0,105399286.0,103514263.0,119039073.0
"Kistler-Tiffany Companies, LLC",27.0,241.0,317.0,308.0,450.0,726.0,424.0,611.0,1155.0,453.0,398.0,396509.0,730895.0,1126206.0,0.0,0.0,0.0,0.0,0.0,0.0
Kiwi Wealth Investments Limited Partnership,3276.0,5066.0,5828.0,8324.0,1848.0,3006.0,6400.0,19073.0,21618.0,16791170.0,16791170.0,3294580.0,9819725.0,14168.0,0.0,0.0,0.0,0.0,0.0,0.0
"Klingman & Associates, LLC",0.0,0.0,0.0,0.0,0.0,0.0,0.0,305.0,310.0,207.0,0.0,227394.0,400545.0,655681.0,959153.0,1193481.0,2120656.0,3062681.0,3650497.0,5012930.0
Knights of Columbus Asset Advisors LLC,0.0,2754.0,5769.0,4332.0,4439.0,6632.0,9693.0,13987.0,13064.0,7316.0,4657.0,4777609.0,9605564.0,16341263.0,21055256.0,24385623.0,34300041.0,43654386.0,45019508.0,52045164.0
"Knollwood Investment Advisory, LLC",0.0,0.0,0.0,0.0,0.0,0.0,0.0,0.0,0.0,0.0,0.0,3607320.0,8049497.0,12258697.0,12605575.0,23855738.0,43526292.0,58090979.0,57103517.0,63145844.0
"Knowledge Leaders Capital, LLC",0.0,810.0,1154.0,1113.0,1138.0,1772.0,1857.0,1554.0,1439.0,0.0,0.0,0.0,0.0,0.0,0.0,0.0,0.0,0.0,0.0,0.0
Knuff & Co LLC,34.0,270.0,643.0,620.0,773.0,1159.0,1185.0,1664.0,1544.0,858.0,641.0,771181.0,1414683.0,2143865.0,2212359.0,2830678.0,5164749.0,6629156.0,6651269.0,6984837.0
"Koa Wealth Management, LLC",0.0,0.0,0.0,0.0,0.0,0.0,0.0,0.0,0.0,0.0,0.0,0.0,0.0,0.0,0.0,645894.0,1307689.0,1817612.0,1785500.0,1976340.0
Kodai Capital Management LP,0.0,0.0,0.0,0.0,0.0,0.0,0.0,0.0,0.0,0.0,0.0,0.0,0.0,0.0,0.0,0.0,7222155.0,40533598.0,0.0,75219186.0
"Koesten, Hirschmann & Crabtree, INC.",0.0,0.0,0.0,0.0,0.0,0.0,0.0,0.0,0.0,0.0,0.0,153155.0,291103.0,0.0,0.0,0.0,27107.0,27107.0,12144.0,34916.0
"Kohmann Bosshard Financial Services, LLC",0.0,0.0,329.0,0.0,0.0,0.0,214.0,310.0,286.0,0.0,0.0,0.0,374947.0,576935.0,614139.0,699175.0,1342552.0,2232179.0,2125622.0,2279673.0
"Kolinsky Wealth Management, LLC",0.0,0.0,0.0,0.0,0.0,0.0,0.0,933.0,932.0,481.0,282.0,293.0,605.0,999741.0,1133593.0,1230634.0,2895030.0,3983830.0,4022371.0,4648373.0
Kooman & Associates,0.0,0.0,0.0,0.0,0.0,0.0,0.0,0.0,0.0,0.0,0.0,409484.0,794422.0,1164998.0,525903.0,569998.0,910788.0,1261343.0,1186469.0,1248091.0
"Kopernik Global Investors, LLC",0.0,0.0,0.0,0.0,0.0,0.0,0.0,0.0,0.0,0.0,0.0,0.0,0.0,0.0,0.0,0.0,139050.0,52500.0,44850.0,19050.0
Kore Private Wealth LLC,233.0,472.0,714.0,879.0,888.0,1419.0,1632.0,3591.0,1066.0,1204.0,529.0,0.0,0.0,0.0,0.0,0.0,0.0,0.0,0.0,0.0
Korea Investment CORP,182980.0,278913.0,387057.0,331957.0,373277.0,440709.0,473431.0,679730.0,677314.0,332781.0,272800.0,247823335.0,490942364.0,884849547.0,950335268.0,1097716042.0,1854193669.0,2467920159.0,2402233057.0,2579496842.0
"Koshinski Asset Management, Inc.",2112.0,3500.0,4512.0,6320.0,3058.0,3493.0,4748577.0,6421187.0,5595531.0,2760.0,2457.0,2489095.0,4720208.0,6219736.0,6039176.0,4796106.0,12427927.0,14643227.0,13996814.0,15486343.0
"Koss-Olinger Consulting, LLC",0.0,0.0,0.0,0.0,2357.0,635.0,581.0,683.0,496.0,219.0,255.0,366000.0,792000.0,1112000.0,687000.0,858000.0,553845.0,2783000.0,6540000.0,8582.0
"Kovack Advisors, Inc.",1635.0,2894.0,4395.0,4625.0,5242.0,8532.0,10259.0,14876.0,13944.0,4712.0,2736.0,2820177.0,5659657.0,11876099.0,13704079.0,16161806.0,35253131.0,46800199.0,46040911.0,54308324.0
"Kovitz Investment Group Partners, LLC",0.0,299.0,466.0,450.0,460.0,1463.0,1024.0,450.0,10091.0,7085.0,5799.0,2002.0,4538.0,4090856.0,5593814.0,6759589.0,28326744.0,123455126.0,143208259.0,501388420.0
"Kowal Investment Group, LLC",0.0,0.0,0.0,0.0,0.0,983.0,1081.0,1738.0,1761.0,1023.0,695.0,831143.0,1809149.0,2897051.0,2953762.0,3845814.0,6217371.0,9027182.0,8866214.0,0.0
"Kozak & Associates, Inc.",0.0,0.0,0.0,857.0,0.0,0.0,2230.0,1809.0,1809.0,1499.0,1738.0,2371.0,4767202.0,7321090.0,10934589.0,12976121.0,22184905.0,27500189.0,29167771.0,22253604.0
"Kraft, Davis & Associates, LLC",0.0,0.0,0.0,0.0,0.0,0.0,0.0,0.0,0.0,0.0,0.0,885246.0,0.0,1710744.0,1320597.0,1861736.0,2614889.0,3301685.0,3856441.0,3637535.0
Krane Funds Advisors LLC,736.0,724.0,1122.0,2969.0,7193.0,0.0,0.0,0.0,0.0,0.0,0.0,0.0,0.0,0.0,0.0,0.0,0.0,0.0,5964404.0,2756034.0
Krilogy Financial LLC,768.0,1332.0,2108.0,2249.0,2113.0,3379.0,3549.0,5306.0,5724.0,3842.0,3020.0,3178167.0,6661257.0,9780542.0,10015057.0,12493982.0,19999574.0,27424311.0,24732885.0,26475519.0
"Krueger & Catalano Capital Partners, LLC",682.0,2087.0,2889.0,2775.0,0.0,0.0,0.0,0.0,0.0,0.0,0.0,0.0,0.0,0.0,0.0,0.0,0.0,0.0,0.0,0.0
Kuhn & Co Investment Counsel,0.0,0.0,0.0,0.0,0.0,0.0,0.0,0.0,0.0,0.0,0.0,0.0,0.0,0.0,0.0,2113104.0,3589844.0,4509952.0,4633665.0,4763268.0
"Kula Investments, LLC",0.0,0.0,0.0,0.0,0.0,0.0,0.0,0.0,0.0,0.0,0.0,453472.0,0.0,0.0,0.0,0.0,0.0,0.0,0.0,0.0
"Kure Advisory, LLC",0.0,0.0,0.0,0.0,0.0,0.0,0.0,0.0,0.0,0.0,0.0,0.0,0.0,0.0,852581.0,968157.0,571053.0,794368.0,791552.0,0.0
L & S Advisors Inc,1691.0,9674.0,5831.0,5873.0,5425.0,4181.0,8609.0,12306.0,10601.0,1193.0,1384.0,1118704.0,8497264.0,10283197.0,10181059.0,16130993.0,16174130.0,22555785.0,25987893.0,21503901.0
"L. Roy Papp & Associates, LLP",0.0,0.0,0.0,0.0,0.0,0.0,0.0,0.0,0.0,0.0,0.0,0.0,0.0,0.0,0.0,0.0,297272.0,418307.0,421519.0,466121.0
L.M. KOHN & COMPANY,0.0,0.0,0.0,0.0,0.0,0.0,0.0,0.0,4596.0,2591.0,2038.0,2294365.0,4572639.0,7383848.0,7665914.0,8771487.0,16277064.0,22486576.0,22584034.0,24948539.0
"L2 Asset Management, LLC",0.0,0.0,0.0,0.0,0.0,337.0,0.0,1014.0,1122.0,641.0,586.0,796609.0,1581900.0,2596074.0,2970982.0,3923566.0,7459677.0,11284733.0,11480999.0,12271821.0
LA FINANCIERE DE L'ECHIQUIER,10081.0,21732.0,34717.0,41226.0,49733.0,16345.0,56269.0,64955.0,46406.0,27120.0,28726.0,28917.0,31396344.0,39581982.0,92109568.0,129813010.0,175586105.0,167835391.0,0.0,0.0
"LAFFER TENGLER INVESTMENTS, INC.",0.0,0.0,0.0,0.0,0.0,0.0,0.0,0.0,0.0,0.0,0.0,0.0,0.0,0.0,0.0,0.0,1434862.0,2581134.0,3374466.0,4700687.0
"LAIRD NORTON TRUST COMPANY, LLC",0.0,0.0,0.0,0.0,0.0,387.0,491.0,657.0,642.0,0.0,0.0,0.0,225614.0,343590.0,398121.0,0.0,0.0,0.0,0.0,0.0
"LAKE STREET ADVISORS GROUP, LLC",879.0,1382.0,2214.0,2174.0,2276.0,3465.0,5091.0,7122.0,6886.0,3573.0,2760.0,3527.0,6999.0,11697.0,12481000.0,23857557.0,28442728.0,39534939.0,38939952.0,45144682.0
LAKE STREET FINANCIAL LLC,2788.0,3962.0,4900.0,4778.0,4969.0,7449.0,8347.0,12337.0,13922.0,6810.0,5134.0,5981951.0,11180130.0,15050028.0,15373239.0,18681913.0,0.0,0.0,0.0,0.0
"LAKE STREET PRIVATE WEALTH, LLC",0.0,0.0,0.0,0.0,0.0,0.0,0.0,0.0,0.0,0.0,0.0,0.0,0.0,0.0,0.0,0.0,32865723.0,45005178.0,33598807.0,34596862.0
"LAM GROUP, INC.",0.0,0.0,0.0,0.0,0.0,0.0,0.0,0.0,0.0,0.0,0.0,4676.0,8889.0,13537.0,13920.0,15847.0,28914.0,54358.0,53434.0,59088.0
LANDAAS & CO /WI /ADV,0.0,0.0,0.0,0.0,0.0,0.0,0.0,0.0,0.0,0.0,0.0,0.0,0.0,0.0,0.0,0.0,0.0,799000.0,778000.0,917000.0
"LANDSCAPE CAPITAL MANAGEMENT, L.L.C.",0.0,695.0,1286.0,943.0,0.0,0.0,0.0,0.0,0.0,0.0,0.0,5910048.0,435821.0,0.0,0.0,0.0,2004096.0,1372035.0,1677694.0,744907.0
LANNEBO FONDER AB,0.0,0.0,0.0,0.0,0.0,0.0,0.0,0.0,0.0,0.0,8497.0,10230.0,19444.0,12891.0,13492.0,15279.0,0.0,0.0,0.0,0.0
LATHROP INVESTMENT MANAGEMENT CO,0.0,0.0,0.0,0.0,0.0,0.0,0.0,0.0,0.0,0.0,0.0,0.0,0.0,0.0,0.0,0.0,0.0,0.0,0.0,2868.0
LATHROP INVESTMENT MANAGEMENT CORP,0.0,0.0,0.0,0.0,0.0,0.0,0.0,0.0,0.0,0.0,0.0,870.0,1650.0,2463.0,2533.0,1034.0,1886.0,3561.0,2611.0,0.0
LAZARD ASSET MANAGEMENT LLC,185198.0,227210.0,271568.0,224734.0,274627.0,386109.0,385127.0,455475.0,423364.0,214289.0,167804.0,199873.0,377652.0,438308.0,405330.0,472174.0,1702166.0,1098382.0,607093.0,718192.0
"LAZARI CAPITAL MANAGEMENT, INC.",0.0,0.0,0.0,0.0,0.0,0.0,0.0,0.0,0.0,0.0,0.0,0.0,0.0,3301863.0,3501022.0,3922423.0,6506170.0,9411461.0,9875317.0,14769162.0
"LBMC INVESTMENT ADVISORS, LLC",0.0,0.0,0.0,0.0,0.0,0.0,0.0,0.0,255.0,261.0,0.0,0.0,289684.0,347970.0,0.0,0.0,466794.0,1264606.0,1350521.0,1560602.0
LBP AM SA,0.0,0.0,0.0,0.0,0.0,0.0,0.0,0.0,0.0,0.0,0.0,0.0,0.0,123431737.0,132971223.0,157343279.0,153706399.0,172301114.0,159450599.0,201117673.0
LCM Capital Management Inc,0.0,0.0,0.0,1587.0,739.0,774.0,815.0,1276.0,1238.0,695.0,535.0,657632.0,1385799.0,2200557.0,2471186.0,2855448.0,5251510.0,7499770.0,7671380.0,8740151.0
LCNB CORP,223.0,293.0,412.0,406.0,415.0,622.0,650.0,888.0,824.0,539.0,437.0,603558.0,1133302.0,1648086.0,1639912.0,2132417.0,3717246.0,4654987.0,4521818.0,5001900.0
"LEAVELL INVESTMENT MANAGEMENT, INC.",12682.0,17766.0,24926.0,23738.0,22055.0,22055.0,32999.0,43020.0,39168.0,21831.0,17244.0,20324.0,36559.0,55149.0,54494.0,61788.0,104832.0,132128.0,127817021.0,138670562.0
LECAP ASSET MANAGEMENT LTD,0.0,0.0,0.0,0.0,0.0,0.0,0.0,0.0,0.0,0.0,0.0,0.0,0.0,0.0,0.0,2181939.0,1727607.0,669463.0,877768.0,0.0
LEDERER & ASSOCIATES INVESTMENT COUNSEL/CA,0.0,0.0,0.0,0.0,1666396.0,2544.0,2621.0,3632.0,3361.0,1839.0,1460.0,1714.0,2939.0,3474.0,3607.0,3954.0,5663.0,6705.0,6528.0,7225.0
LEE DANNER & BASS INC,0.0,422.0,553.0,570.0,559.0,846.0,459.0,550.0,971.0,775.0,1272.0,1689.0,3097.0,3897.0,3659.0,4168.0,0.0,10482.0,10427.0,10706945.0
"LEE JOHNSON CAPITAL MANAGEMENT, LLC",0.0,0.0,0.0,0.0,0.0,0.0,0.0,3995.0,3509.0,2079.0,3237.0,3546233.0,5912612.0,221239.0,0.0,234239.0,295464.0,300820.0,4950380.0,5334671.0
"LEGACY FINANCIAL GROUP, INC.",0.0,0.0,0.0,0.0,0.0,0.0,0.0,0.0,0.0,0.0,0.0,0.0,211684.0,320685.0,322799.0,406617.0,1282228.0,1900890.0,2513922.0,2524765.0
"LEGACY SOLUTIONS, LLC",0.0,0.0,0.0,0.0,0.0,0.0,0.0,0.0,0.0,0.0,0.0,0.0,0.0,0.0,0.0,0.0,0.0,0.0,0.0,700073.0
"LEIGH BALDWIN & CO., LLC",0.0,0.0,0.0,0.0,0.0,0.0,0.0,0.0,0.0,0.0,0.0,0.0,0.0,0.0,0.0,0.0,0.0,0.0,0.0,13354026.0
"LEO BROKERAGE, LLC",0.0,0.0,0.0,0.0,0.0,0.0,0.0,0.0,1287.0,479.0,0.0,0.0,1919235.0,2344037.0,0.0,0.0,0.0,0.0,0.0,0.0
"LEVEL FOUR ADVISORY SERVICES, LLC",1465.0,5583.0,7303.0,7253.0,6751.0,9831.0,1164.0,4461.0,3821.0,4592.0,3826.0,6193369.0,13692955.0,13077956.0,11869167.0,13218237.0,13395526.0,37511445.0,35798013.0,36318801.0
"LEVEL FOUR FINANCIAL, LLC",0.0,0.0,0.0,0.0,0.0,1583.0,1831.0,0.0,0.0,0.0,0.0,0.0,0.0,0.0,0.0,0.0,0.0,0.0,0.0,0.0
"LEWIS CAPITAL MANAGEMENT, LLC",0.0,0.0,0.0,0.0,0.0,0.0,0.0,222.0,206.0,0.0,0.0,0.0,209439.0,318957.0,327982.0,0.0,0.0,0.0,0.0,0.0
LFA - Lugano Financial Advisors SA,0.0,0.0,0.0,0.0,0.0,0.0,0.0,235.0,0.0,0.0,0.0,87684.0,166662.0,236045.0,0.0,27732.0,50599.0,101303.0,116582.0,166520.0
"LGL PARTNERS, LLC",0.0,0.0,0.0,0.0,0.0,0.0,0.0,0.0,0.0,0.0,0.0,0.0,0.0,0.0,0.0,0.0,445580.0,1294141.0,1332497.0,1329964.0
LGT CAPITAL PARTNERS LTD.,0.0,0.0,0.0,0.0,0.0,0.0,0.0,0.0,0.0,0.0,0.0,0.0,0.0,0.0,0.0,0.0,0.0,11686884.0,16508554.0,21008328.0
LGT Financial Advisors LLC,0.0,0.0,0.0,0.0,0.0,0.0,0.0,0.0,0.0,0.0,0.0,0.0,0.0,0.0,50904.0,8431.0,223202.0,359533.0,309704.0,145033.0
LGT Group Foundation,0.0,0.0,0.0,0.0,0.0,0.0,0.0,771.0,0.0,0.0,0.0,0.0,0.0,0.0,0.0,0.0,0.0,0.0,0.0,0.0
"LIBERTY ONE INVESTMENT MANAGEMENT, LLC",0.0,57.0,134.0,0.0,0.0,0.0,0.0,0.0,0.0,0.0,0.0,0.0,0.0,0.0,0.0,0.0,0.0,0.0,0.0,0.0
LIBERTY SQUARE WEALTH PARTNERS LLC,0.0,0.0,0.0,0.0,0.0,0.0,0.0,0.0,0.0,0.0,0.0,0.0,0.0,0.0,0.0,0.0,0.0,0.0,0.0,2678695.0
LIBERTY WEALTH MANAGEMENT LLC,0.0,0.0,0.0,169.0,169.0,492.0,649.0,652.0,616.0,363.0,316.0,0.0,1541937.0,1312829.0,3707.0,4201.0,7509.0,11070.0,11375000.0,13231920.0
LIBRA WEALTH LLC,0.0,0.0,0.0,0.0,0.0,0.0,0.0,0.0,0.0,0.0,0.0,0.0,0.0,235199.0,241854.0,275342.0,5027607.0,6998077.0,6796176.0,7515304.0
"LIFELONG WEALTH ADVISORS, INC.",0.0,0.0,0.0,0.0,0.0,0.0,0.0,0.0,0.0,0.0,0.0,0.0,0.0,0.0,0.0,0.0,0.0,0.0,0.0,456989.0
"LIGHT STREET CAPITAL MANAGEMENT, LLC",0.0,0.0,0.0,0.0,65620.0,44658.0,9921.0,22638.0,0.0,0.0,0.0,15645018.0,35802331.0,42171710.0,47196415.0,49026780.0,70477680.0,71183501.0,69668914.0,56309140.0
LINCOLN CAPITAL CORP,0.0,0.0,0.0,0.0,0.0,0.0,0.0,0.0,0.0,0.0,0.0,0.0,0.0,372681.0,356692.0,406080.0,737305.0,1089746.0,3886809.0,4241018.0
LINCOLN NATIONAL CORP,0.0,0.0,0.0,0.0,5625.0,9055.0,9656.0,14216.0,13937.0,8256.0,7159.0,8923829.0,14331930.0,20800955.0,22090141.0,25618952.0,48335182.0,0.0,0.0,0.0
LITTLE HOUSE CAPITAL LLC,0.0,0.0,272.0,245.0,1538.0,1262.0,1113.0,1280.0,1643.0,1354.0,1172.0,1394621.0,2066349.0,2582566.0,2710014.0,2996112.0,7069511.0,10430054.0,13422467.0,15051162.0
"LITTLEJOHN FINANCIAL SERVICES, INC.",0.0,0.0,0.0,0.0,0.0,0.0,0.0,0.0,0.0,0.0,0.0,0.0,0.0,0.0,0.0,0.0,0.0,0.0,0.0,1093012.0
"LJI Wealth Management, LLC",0.0,0.0,0.0,0.0,0.0,0.0,0.0,0.0,0.0,0.0,0.0,0.0,488679.0,819946.0,1076746.0,1227826.0,0.0,3813285.0,3958064.0,4363925.0
LM Advisors LLC,0.0,0.0,0.0,0.0,0.0,0.0,0.0,0.0,0.0,0.0,0.0,0.0,0.0,0.0,0.0,2969776.0,3035.0,341005.0,3821.0,8450.0
"LMCG INVESTMENTS, LLC",0.0,0.0,0.0,0.0,0.0,0.0,0.0,0.0,6904.0,3975.0,3212.0,4388438.0,8253658.0,12018421.0,13727414.0,13365493.0,23059755.0,29110224.0,28573375.0,30063771.0
"LMG Wealth Partners, LLC",0.0,0.0,0.0,0.0,0.0,0.0,0.0,0.0,0.0,0.0,0.0,0.0,0.0,0.0,240984.0,287228.0,558400.0,813758.0,1001759.0,766259.0
LMR Partners LLP,1866.0,11605.0,0.0,0.0,23546.0,0.0,0.0,10445.0,8655.0,0.0,0.0,9198052.0,67433667.0,104356073.0,218443713.0,87747041.0,166656221.0,0.0,398023850.0,357867004.0
LOCKHEED MARTIN INVESTMENT MANAGEMENT CO,0.0,0.0,0.0,30234.0,5697.0,6616.0,6666.0,9464.0,18167.0,5866.0,4697.0,5871926.0,19780002.0,18117947.0,14436972.0,17091325.0,21410521.0,79159490.0,127556933.0,172467304.0
LODESTAR PRIVATE ASSET MANAGEMENT LLC,0.0,0.0,0.0,0.0,0.0,0.0,0.0,0.0,0.0,0.0,0.0,217244.0,433754.0,711756.0,711025.0,817899.0,1700134.0,2387912.0,2508836.0,2809786.0
LOGAN CAPITAL MANAGEMENT INC,589.0,1009.0,1117.0,1060.0,1012.0,2670.0,1475.0,2103.0,7961.0,4074.0,1346.0,854919.0,1624954.0,5680313.0,5836261.0,6747879.0,12139336.0,16660506.0,16013103.0,16357670.0
LONDON CO OF VIRGINIA,1049.0,1512.0,2154.0,2078.0,2125.0,3184.0,3300.0,4682.0,4344.0,2413.0,1933.0,2326549.0,4422098.0,6734478.0,6925041.0,7883902.0,14384675.0,19667568.0,19333248.0,21378968.0
LONE PINE CAPITAL LLC,0.0,0.0,0.0,0.0,0.0,0.0,0.0,0.0,0.0,0.0,0.0,0.0,0.0,271430360.0,0.0,0.0,0.0,0.0,0.0,0.0
LONGFELLOW INVESTMENT MANAGEMENT CO LLC,0.0,0.0,0.0,5.0,5.0,7.0,7.0,10.0,9.0,6.0,4.0,6284.0,11944.0,11422.0,6525.0,7428.0,13553.0,17296.0,17002.0,18801.0
"LORD, ABBETT & CO. LLC",168940.0,177796.0,246212.0,237538.0,248097.0,519087.0,506382.0,599788.0,485348.0,164741.0,32688.0,185464.0,703934.0,1389294.0,1391938.0,1330482.0,1958468.0,2338354.0,2194464.0,1217142.0
LORING WOLCOTT & COOLIDGE FIDUCIARY ADVISORS LLP/MA,1889.0,2600.0,3700.0,3656.0,3607.0,5699.0,9326.0,13140.0,12755.0,7549.0,12139.0,15907464.0,31828845.0,49591913.0,50908550.0,72835045.0,97081162.0,157180094.0,179921615.0,159290807.0
LOS ANGELES CAPITAL MANAGEMENT & EQUITY RESEARCH INC,159892.0,277519.0,416936.0,0.0,0.0,0.0,0.0,0.0,0.0,0.0,0.0,0.0,0.0,0.0,0.0,0.0,0.0,0.0,0.0,0.0
LOS ANGELES CAPITAL MANAGEMENT LLC,0.0,0.0,0.0,612700.0,241131.0,355939.0,712492.0,479502.0,382993.0,144207.0,115365.0,145194474.0,467055255.0,763464804.0,811143253.0,964304269.0,1696722136.0,2168914691.0,1544146761.0,1604423463.0
LOUISBOURG INVESTMENTS INC.,0.0,0.0,0.0,0.0,0.0,0.0,0.0,0.0,0.0,0.0,0.0,0.0,0.0,0.0,0.0,307036.0,530390.0,506514.0,509076.0,569658.0
LOWE BROCKENBROUGH & CO INC,0.0,0.0,0.0,0.0,0.0,0.0,0.0,0.0,0.0,0.0,0.0,0.0,0.0,9413050.0,10188202.0,8823345.0,21453245.0,19275513.0,21672900.0,24521249.0
"LOWERY THOMAS, LLC",0.0,0.0,0.0,0.0,0.0,0.0,0.0,293.0,345.0,0.0,0.0,0.0,0.0,221310.0,227586.0,259105.0,502579.0,710649.0,0.0,772530.0
LPL Financial LLC,102617.0,141194.0,206272.0,215411.0,224619.0,361885.0,406736.0,618925.0,587238.0,332564.0,261178.0,311896243.0,587127455.0,871879380.0,962911775.0,1147732996.0,2125298410.0,3072658371.0,3123308414.0,3700484396.0
LPWM LLC,210.0,312.0,452.0,436.0,467.0,678.0,647.0,918.0,756.0,504.0,386.0,520417.0,849768.0,1210585.0,1422860.0,1601704.0,2719393.0,3949407.0,3713981.0,3876824.0
"LRI Investments, LLC",0.0,0.0,0.0,0.0,0.0,0.0,0.0,0.0,0.0,0.0,0.0,0.0,0.0,0.0,0.0,0.0,8344847.0,8473913.0,10010499.0,8865826.0
"LS Investment Advisors, LLC",0.0,0.0,6082.0,5668.0,5302.0,0.0,0.0,0.0,0.0,0.0,0.0,0.0,0.0,397639.0,913479.0,1049866.0,1867659.0,5569801.0,5991364.0,7335054.0
LSV ASSET MANAGEMENT,0.0,835.0,1461.0,1253.0,1281.0,160.0,165.0,235.0,191.0,106.0,191.0,102.0,194.0,0.0,0.0,0.0,0.0,0.0,0.0,54.0
"LUTS & GREENLEIGH GROUP, INC",0.0,0.0,0.0,0.0,0.0,0.0,0.0,0.0,0.0,0.0,0.0,0.0,208617.0,365084.0,415002.0,445723.0,0.0,2421203.0,2463233.0,2735970.0
LVM CAPITAL MANAGEMENT LTD/MI,235.0,0.0,0.0,0.0,0.0,276.0,456.0,641.0,1524.0,295.0,242.0,288.0,421.0,637.0,512.0,583.0,829.0,1077.0,1077.0,997.0
"LVW Advisors, LLC",656.0,935.0,1473.0,1329.0,1199.0,1582.0,1656.0,2343.0,3829.0,793.0,534.0,649592.0,893309.0,1349857.0,1947451.0,2554840.0,5406000.0,8567994.0,8559335.0,9790950.0
"LVZ, Inc.",0.0,0.0,0.0,0.0,0.0,0.0,0.0,0.0,0.0,0.0,0.0,0.0,0.0,0.0,0.0,284752.0,511415.0,628077.0,687451.0,810687.0
"LWM Advisory Services, LLC",0.0,0.0,0.0,0.0,0.0,0.0,0.0,1486.0,1487.0,726.0,481.0,316130.0,551962.0,854841.0,875379.0,1000352.0,2067361.0,2101691.0,3294087.0,3531061.0
"LWMG, LLC",0.0,0.0,0.0,0.0,0.0,0.0,0.0,0.0,0.0,0.0,0.0,0.0,348453.0,629675.0,663989.0,1350966.0,1105722.0,2315640.0,2037835.0,0.0
"LYELL WEALTH MANAGEMENT, LP",4857.0,7771.0,11056.0,10852.0,11374.0,18252.0,18788.0,26572.0,23810.0,13160.0,10500.0,12545536.0,23407125.0,34756173.0,33284570.0,37037510.0,62377275.0,80889561.0,76244420.0,82045168.0
LYNCH & ASSOCIATES/IN,0.0,0.0,0.0,0.0,0.0,0.0,0.0,311.0,288.0,0.0,0.0,0.0,0.0,0.0,0.0,248105.0,511415.0,795845.0,889366.0,1096949.0
La Banque Postale Asset Management SA,0.0,0.0,0.0,0.0,0.0,0.0,0.0,0.0,0.0,0.0,0.0,44438105.0,78683908.0,0.0,0.0,0.0,0.0,0.0,0.0,0.0
LaFleur & Godfrey LLC,0.0,0.0,0.0,0.0,0.0,0.0,0.0,0.0,0.0,0.0,0.0,0.0,0.0,0.0,0.0,0.0,325282.0,382974.0,400752.0,731882.0
"LaSalle St. Investment Advisors, LLC",0.0,0.0,0.0,0.0,0.0,0.0,0.0,0.0,0.0,0.0,0.0,0.0,263.0,498.0,544.0,7995.0,1205.0,1909.0,2514.0,7661.0
"Lafayette Investments, Inc.",0.0,0.0,0.0,0.0,0.0,266.0,275.0,415.0,398.0,0.0,0.0,0.0,211106.0,258043.0,243595.0,302085.0,515030.0,705414.0,1605438.0,887657.0
Laffer Tengler Investments,0.0,137527.0,391842.0,0.0,193282.0,0.0,299967.0,425871.0,396192.0,220563.0,178201.0,213072.0,909141.0,0.0,0.0,0.0,0.0,0.0,0.0,0.0
"Laffer Tengler Investments, Inc.",0.0,0.0,0.0,0.0,0.0,0.0,0.0,0.0,0.0,0.0,0.0,0.0,0.0,616763.0,660315.0,768581.0,0.0,0.0,0.0,0.0
Laidlaw Wealth Management LLC,498.0,959.0,1389.0,3062.0,3449.0,5492.0,5970.0,8413.0,8065.0,4527.0,3797.0,4052474.0,7621711.0,11292296.0,6580853.0,7540607.0,5973866.0,7057837.0,8015765.0,8440436.0
"Laird Norton Wetherby Trust Company, LLC",0.0,0.0,0.0,0.0,0.0,0.0,0.0,0.0,0.0,0.0,0.0,0.0,0.0,0.0,0.0,0.0,0.0,11554449.0,11561919.0,11092488.0
"Laird Norton Wetherby Wealth Management, LLC",0.0,0.0,0.0,0.0,0.0,0.0,0.0,0.0,0.0,0.0,0.0,0.0,0.0,0.0,0.0,36576158.0,66552982.0,89035417.0,87556914.0,90372951.0
"Lake Hills Wealth Management, LLC",0.0,0.0,0.0,0.0,0.0,0.0,0.0,766.0,418.0,0.0,0.0,0.0,280548.0,693753.0,717299.0,855245.0,1537859.0,2103886.0,1234438.0,1370750.0
Lake Point Wealth Management,38.0,0.0,0.0,0.0,0.0,130.0,95.0,136.0,147.0,82.0,0.0,0.0,0.0,0.0,0.0,0.0,0.0,0.0,0.0,0.0
Lakeridge Wealth Management LLC,0.0,0.0,0.0,0.0,0.0,0.0,0.0,0.0,0.0,0.0,0.0,0.0,0.0,0.0,0.0,2537263.0,4388285.0,6044006.0,5676127.0,6340147.0
"Lakeshore Financial Planning, Inc.",0.0,0.0,0.0,0.0,0.0,0.0,0.0,0.0,0.0,0.0,0.0,0.0,0.0,0.0,0.0,0.0,0.0,499102.0,505919.0,525882.0
"Lakeside Advisors, INC.",0.0,0.0,0.0,0.0,0.0,0.0,0.0,729.0,677.0,376.0,301.0,362427.0,688870.0,1049090.0,904779.0,1030058.0,1879405.0,2569632.0,2307360.0,2551510.0
"Lakeview Capital Partners, LLC",272.0,436.0,619.0,613.0,635.0,824.0,885.0,1075.0,0.0,0.0,0.0,0.0,0.0,0.0,0.0,0.0,0.0,0.0,0.0,0.0
Lakewood Asset Management LLC,0.0,0.0,0.0,0.0,0.0,0.0,0.0,0.0,0.0,0.0,0.0,68000.0,0.0,0.0,0.0,0.0,235874.0,311384.0,283017.0,296986.0
"Landing Point Financial Group, LLC",0.0,0.0,0.0,0.0,0.0,0.0,0.0,0.0,0.0,0.0,0.0,0.0,0.0,0.0,0.0,0.0,0.0,0.0,0.0,4246284.0
"Landmark Financial Advisors, LLC",0.0,0.0,0.0,0.0,0.0,0.0,0.0,0.0,0.0,0.0,0.0,0.0,400822.0,540620.0,526338.0,592787.0,0.0,0.0,0.0,0.0
"Landmark Wealth Management, LLC",0.0,0.0,0.0,0.0,0.0,0.0,0.0,0.0,0.0,0.0,0.0,0.0,0.0,0.0,0.0,210.0,307.0,502.0,493.0,523.0
"Landsberg, Bennett, & Dubbaneh LLC",1392.0,2384.0,3258.0,3225.0,4018.0,5943.0,5357.0,0.0,0.0,0.0,0.0,0.0,0.0,0.0,0.0,0.0,0.0,0.0,0.0,0.0
Lane & Associates LLC,0.0,0.0,0.0,0.0,0.0,0.0,0.0,0.0,0.0,0.0,0.0,0.0,0.0,0.0,247627.0,272522.0,772311.0,1639904.0,1564146.0,1579562.0
Lane Generational LLC,0.0,0.0,0.0,0.0,0.0,0.0,0.0,9707.0,7672.0,3968.0,0.0,0.0,0.0,0.0,0.0,0.0,0.0,0.0,0.0,0.0
"Lanham O'Dell & Company, Inc.",0.0,0.0,0.0,0.0,0.0,0.0,0.0,0.0,0.0,0.0,0.0,0.0,0.0,0.0,210991.0,312269.0,659642.0,868546.0,765738.0,843008.0
Lannebo Fonder AB,0.0,16416.0,24355.0,22194.0,22692.0,25203.0,24031.0,24999.0,24557.0,12127.0,0.0,0.0,0.0,0.0,0.0,0.0,0.0,0.0,0.0,0.0
Lansing Street Advisors,0.0,0.0,0.0,0.0,0.0,0.0,0.0,0.0,0.0,0.0,0.0,877.0,0.0,0.0,0.0,0.0,0.0,220519.0,330681.0,438864.0
"Lantern Wealth Advisors, LLC",0.0,0.0,0.0,0.0,0.0,0.0,0.0,0.0,0.0,0.0,0.0,0.0,0.0,0.0,0.0,1243044.0,1080693.0,1509604.0,1556425.0,1734448.0
Lantz Financial LLC,396.0,569.0,809.0,777.0,545.0,1195.0,1215.0,1724.0,1439.0,780.0,617.0,619780.0,1222744.0,1937165.0,1997909.0,2335458.0,3988314.0,10176732.0,4938722.0,5580824.0
Laraway Financial Advisors Inc,0.0,0.0,0.0,0.0,0.0,0.0,0.0,0.0,832.0,470.0,376.0,454057.0,765812.0,1166266.0,1204922.0,1320752.0,2391723.0,3283446.0,3173592.0,3510206.0
Laraway Financial Inc,0.0,0.0,0.0,0.0,0.0,0.0,0.0,882.0,0.0,0.0,0.0,0.0,0.0,0.0,0.0,0.0,0.0,0.0,0.0,0.0
Larson Financial Group LLC,141.0,204.0,263.0,263.0,519.0,378.0,393.0,2095.0,1191.0,812.0,1985.0,2461893.0,4448868.0,6570148.0,6548834.0,7034748.0,13350447.0,20963935.0,27679081.0,74080981.0
"Latitude Advisors, LLC",0.0,0.0,0.0,309.0,369.0,546.0,1098.0,1581.0,1500.0,249.0,215.0,243783.0,433507.0,626365.0,756122.0,878673.0,1960072.0,2523047.0,2743198.0,3237901.0
"Lattice Capital Management, LLC",0.0,0.0,0.0,0.0,0.0,0.0,0.0,5013.0,3772657.0,2692.0,2155.0,2594862.0,4932084.0,7511143.0,13335053.0,15181464.0,27699535.0,37872422.0,37228646.0,41167942.0
"Lauer Wealth, LLC",0.0,0.0,0.0,0.0,0.0,0.0,0.0,0.0,0.0,0.0,0.0,0.0,0.0,0.0,0.0,0.0,0.0,0.0,592432.0,595576.0
Laurel Wealth Advisors LLC,101.0,108.0,154.0,149.0,1019.0,1806.0,1954.0,2839.0,3193.0,2827.0,2443.0,3222935.0,6267550.0,9065018.0,8426159.0,9695892.0,16429697.0,19953707.0,17690093.0,18870490.0
"Laurel Wealth Advisors, Inc.",1288.0,1028.0,1587.0,1513.0,1519.0,3605.0,2455.0,12003.0,11231.0,5671.0,4608.0,5307.0,0.0,0.0,0.0,0.0,0.0,0.0,0.0,0.0
Laurel Wealth Planning LLC,0.0,0.0,0.0,0.0,0.0,0.0,0.0,0.0,164.0,91.0,73.0,87684.0,0.0,0.0,0.0,0.0,0.0,0.0,0.0,0.0
Laurion Capital Management LP,102855.0,259.0,319.0,201676.0,154801.0,33891.0,184864.0,60144.0,63850.0,515.0,17092.0,745936118.0,510374598.0,230433377.0,427595170.0,209676148.0,435515920.0,142898718.0,1709802336.0,238716321.0
"Lauterbach Financial Advisors, LLC",0.0,0.0,0.0,0.0,0.0,0.0,0.0,0.0,0.0,0.0,268.0,322316.0,612712.0,933108.0,981422.0,1098576.0,1819272.0,2232301.0,2529366.0,2797426.0
Lavaca Capital LLC,431.0,489.0,666.0,627.0,641.0,1040.0,1077.0,1765.0,2019.0,1187.0,872.0,647856.0,1328516.0,761436.0,0.0,0.0,0.0,4015050.0,5136912.0,6942793.0
LeClair Wealth Partners LLC,0.0,0.0,0.0,0.0,0.0,0.0,0.0,0.0,0.0,0.0,0.0,0.0,0.0,0.0,0.0,0.0,0.0,0.0,0.0,2836205.0
LeJeune Puetz Investment Counsel LLC,105.0,108.0,154.0,180.0,0.0,520.0,0.0,0.0,0.0,0.0,427.0,514413.0,0.0,0.0,0.0,0.0,0.0,0.0,0.0,0.0
"Lebenthal Global Advisors, LLC",0.0,0.0,0.0,42.0,0.0,0.0,0.0,0.0,0.0,0.0,0.0,35074.0,0.0,101525.0,126150.0,149067.0,281923.0,405604.0,397495.0,418350.0
"Ledge Wealth Management, Inc.",0.0,0.0,0.0,0.0,0.0,0.0,0.0,0.0,574.0,344.0,257.0,323000.0,598594.0,393409.0,509373.0,499182.0,0.0,0.0,0.0,0.0
Ledyard National Bank,0.0,0.0,275.0,265.0,262.0,392.0,406.0,613.0,509.0,261.0,0.0,205034.0,319713.0,432326.0,799512.0,1004306.0,2098970.0,2981020.0,3233583.0,3692035.0
Lee Financial Co,70.0,101.0,122.0,91.0,76.0,150.0,287.0,351.0,285.0,213.0,205.0,229326.0,395892.0,575414.0,619987.0,677117.0,1177622.0,1845477.0,2863821.0,3479065.0
"Leelyn Smith, LLC",0.0,11.0,15.0,15.0,15.0,13.0,13.0,28.0,1152.0,666.0,458.0,799261.0,1545281.0,1816525.0,1847925.0,5321759.0,9756891.0,13223260.0,12328963.0,12666612.0
"Leeward Financial Partners, LLC",0.0,0.0,0.0,0.0,0.0,0.0,0.0,0.0,0.0,887.0,843.0,1319825.0,2613891.0,2545849.0,2844101.0,2335128.0,4102473.0,5637455.0,5755361.0,6222594.0
"Left Brain Wealth Management, LLC",0.0,0.0,0.0,0.0,0.0,0.0,0.0,0.0,0.0,0.0,0.0,0.0,5850322.0,8994674.0,9149580.0,10423391.0,18877176.0,25960696.0,25411563.0,27872292.0
"Legacy Advisors, LLC",0.0,0.0,0.0,0.0,0.0,0.0,0.0,0.0,399.0,220.0,271.0,382595.0,790533.0,1300787.0,1314975.0,2679307.0,7264117.0,11599882.0,11385602.0,15980793.0
"Legacy Bridge, LLC",2738.0,1514.0,2182.0,1985.0,1663.0,2370.0,2501.0,2765.0,2461.0,1092.0,827.0,1018450.0,2005222.0,2522469.0,2572096.0,2863858.0,4856635.0,6531560.0,6573548.0,7302691.0
"Legacy CG, LLC",0.0,0.0,0.0,0.0,0.0,0.0,0.0,0.0,0.0,0.0,0.0,0.0,0.0,0.0,0.0,0.0,0.0,370126.0,4710536.0,6019415.0
"Legacy Capital Group California, Inc.",0.0,0.0,0.0,0.0,0.0,0.0,0.0,0.0,0.0,0.0,0.0,0.0,0.0,1621013.0,1779170.0,2564388.0,2674665.0,3535476.0,3476107.0,14533276.0
"Legacy Capital Partners, Inc.",0.0,0.0,0.0,0.0,0.0,0.0,269.0,284.0,0.0,0.0,0.0,0.0,0.0,0.0,0.0,0.0,0.0,0.0,0.0,0.0
"Legacy Capital Wealth Partners, LLC",0.0,0.0,0.0,106.0,0.0,0.0,0.0,0.0,0.0,0.0,0.0,0.0,1494500.0,0.0,2205598.0,2292538.0,0.0,7294531.0,16043473.0,8030330.0
"Legacy Financial Advisors, Inc.",0.0,0.0,551.0,612.0,631.0,1008.0,1189.0,1780.0,1810.0,893.0,714.0,1272079.0,2523408.0,3730413.0,4163086.0,10513062.0,8791983.0,12548676.0,12406564.0,13715947.0
Legacy Financial Group LLC,0.0,0.0,0.0,0.0,0.0,0.0,0.0,0.0,0.0,0.0,0.0,0.0,0.0,0.0,101356000.0,0.0,243996.0,423690.0,0.0,641238000.0
"Legacy Financial Strategies, LLC",0.0,0.0,0.0,0.0,0.0,0.0,206.0,285.0,306.0,251.0,283.0,357175.0,687499.0,1004700.0,1440573.0,1544148.0,3048723.0,4683732.0,5010953.0,5893957.0
"Legacy Investment Solutions, LLC",0.0,0.0,0.0,0.0,0.0,0.0,0.0,0.0,0.0,0.0,0.0,0.0,0.0,0.0,0.0,0.0,0.0,0.0,567677.0,903170.0
Legacy Private Trust Co.,4651.0,7607.0,10632.0,9427.0,9441.0,11761.0,11893.0,16477.0,14543.0,8616.0,6583.0,7811387.0,13767947.0,18923376.0,18437921.0,20197052.0,29597914.0,39731946.0,36868819.0,38878297.0
Legacy Trust,0.0,0.0,0.0,0.0,0.0,0.0,0.0,0.0,0.0,0.0,0.0,580760.0,1074692.0,1644702.0,1724300.0,1659482.0,2565207.0,3649248.0,3813823.0,3802153.0
"Legacy Wealth Asset Management, LLC",0.0,0.0,0.0,902.0,929.0,1372.0,1365.0,1757.0,1540.0,860.0,1177.0,1463446.0,2716595.0,3525459.0,2912708.0,2986693.0,5452081.0,6400854.0,5436869.0,5054004.0
"Legacy Wealth Management, Inc",0.0,0.0,0.0,0.0,0.0,0.0,0.0,0.0,0.0,0.0,0.0,0.0,0.0,0.0,0.0,0.0,0.0,0.0,565668.0,676150.0
"Legacy Wealth Management, LLC / MS",392500.0,442215.0,629980.0,607841.0,963210.0,620078.0,642196.0,911741.0,845866.0,469929.0,376309.0,453034.0,861087.0,1302902.0,1304970.0,1319761.0,2407987.0,3292341.0,5193382.0,3671097.0
"Legacy Wealth Managment, LLC/ID",0.0,0.0,0.0,0.0,0.0,0.0,0.0,0.0,0.0,0.0,0.0,0.0,0.0,0.0,0.0,0.0,0.0,0.0,567677.0,903170.0
"Legacy Wealth Partners, Inc.",481.0,838.0,999.0,1038.0,1371.0,2002.0,0.0,0.0,0.0,0.0,0.0,0.0,0.0,0.0,0.0,0.0,0.0,0.0,0.0,0.0
"Legacy Wealth Planning, LLC",406.0,369.0,501.0,536.0,494.0,913.0,1908.0,1071.0,967.0,553.0,446.0,0.0,0.0,0.0,0.0,0.0,0.0,0.0,0.0,0.0
"Legal Advantage Investments, Inc.",0.0,0.0,0.0,0.0,0.0,0.0,0.0,0.0,246.0,0.0,0.0,219210.0,694425.0,1053320.0,1104875.0,1257859.0,1704114.0,2848832.0,2788262.0,3061275.0
"Legend Financial Advisors, Inc.",0.0,815.0,0.0,0.0,0.0,0.0,0.0,0.0,0.0,0.0,0.0,0.0,0.0,0.0,0.0,0.0,0.0,0.0,0.0,33573.0
Lehman & Derafelo Financial Resources LLC,0.0,0.0,228.0,436.0,0.0,0.0,0.0,0.0,0.0,0.0,0.0,0.0,0.0,0.0,0.0,0.0,0.0,0.0,0.0,0.0
Leisure Capital Management,0.0,0.0,246.0,238.0,243.0,364.0,394.0,572.0,535.0,297.0,251.0,303387.0,560540.0,874806.0,894775.0,994897.0,1887537.0,2468947.0,2268378.0,2461806.0
"Lenox Wealth Advisors, LLC",72.0,71.0,113.0,110.0,101.0,142.0,150.0,264.0,219.0,0.0,0.0,0.0,0.0,0.0,0.0,0.0,0.0,0.0,0.0,0.0
"Lenox Wealth Management, Inc.",218.0,364.0,0.0,0.0,0.0,0.0,0.0,0.0,0.0,0.0,0.0,0.0,0.0,0.0,0.0,0.0,0.0,0.0,0.0,0.0
"Leo Wealth, LLC",0.0,0.0,0.0,0.0,0.0,0.0,0.0,0.0,0.0,0.0,0.0,0.0,0.0,0.0,0.0,7521127.0,9685755.0,10434804.0,9567250.0,10415553.0
Leonard Rickey Investment Advisors P.L.L.C.,0.0,0.0,0.0,0.0,0.0,0.0,0.0,0.0,0.0,0.0,0.0,0.0,0.0,345712.0,259361.0,299730.0,511645.0,706718.0,731016.0,1052241.0
Lesa Sroufe & Co,0.0,0.0,0.0,0.0,0.0,0.0,0.0,0.0,0.0,0.0,0.0,0.0,0.0,0.0,0.0,0.0,262.0,361.0,317.0,0.0
"Leslie Global Wealth, LLC",0.0,0.0,0.0,0.0,0.0,0.0,0.0,0.0,0.0,0.0,0.0,0.0,0.0,0.0,0.0,0.0,0.0,1068868.0,1286414.0,1423608.0
Level Financial Advisors,0.0,0.0,0.0,0.0,0.0,0.0,0.0,0.0,0.0,0.0,0.0,0.0,0.0,0.0,0.0,0.0,324385.0,0.0,0.0,586732.0
"Level Financial Advisors, Inc.",0.0,0.0,0.0,0.0,0.0,0.0,0.0,169.0,140.0,218.0,38.0,35000.0,64165.0,130713.0,134413.0,153026.0,0.0,0.0,0.0,0.0
Level Wealth Management LLC,0.0,0.0,0.0,0.0,0.0,0.0,0.0,0.0,0.0,0.0,0.0,0.0,0.0,0.0,0.0,0.0,0.0,0.0,0.0,671450.0
Leverage Partners Absolute Return Fund SPC,0.0,0.0,0.0,8211.0,3027.0,9252.0,4533.0,7809.0,5776.0,0.0,0.0,0.0,2819.0,9010.0,3187.0,3114.0,5404.0,5028.0,2547.0,3421.0
"Leverty Financial Group, LLC",0.0,0.0,0.0,0.0,0.0,0.0,0.0,41.0,0.0,0.0,0.0,0.0,0.0,0.0,0.0,0.0,0.0,0.0,0.0,0.0
"Levy Wealth Management Group, LLC",0.0,0.0,0.0,0.0,0.0,0.0,0.0,0.0,0.0,0.0,0.0,0.0,318726.0,454979.0,467885.0,544094.0,544094.0,1507676.0,0.0,0.0
"Lewis Asset Management, LLC",0.0,0.0,0.0,0.0,0.0,0.0,0.0,0.0,0.0,0.0,0.0,0.0,0.0,0.0,0.0,6609964.0,10514433.0,14731276.0,13088920.0,14270021.0
"LexAurum Advisors, LLC",369.0,504.0,917.0,989.0,917.0,1334.0,1400.0,2035.0,2010.0,1098.0,456.0,486418.0,867344.0,1030495.0,1931579.0,2299077.0,4276142.0,6543024.0,6566101.0,7596796.0
"Liberty Capital Management, Inc.",758.0,1141.0,0.0,1527.0,1665.0,2407.0,2555.0,3234.0,3437.0,1921.0,1811.0,2024185.0,3838504.0,5939624.0,6004605.0,6885543.0,11809537.0,13909504.0,13595584.0,14905384.0
Liberty Wealth Management LLC,108.0,145.0,151.0,0.0,0.0,0.0,0.0,0.0,0.0,0.0,0.0,0.0,0.0,0.0,0.0,0.0,0.0,0.0,0.0,0.0
"Lido Advisors, LLC",5119.0,10990.0,16761.0,15588.0,15987.0,34596.0,84719.0,60296.0,58005.0,31608.0,23454.0,38525490.0,57944190.0,93585705.0,119000661.0,137590188.0,232408530.0,345570029.0,419690715.0,466685236.0
"Life Planning Partners, Inc",0.0,0.0,0.0,0.0,0.0,0.0,0.0,0.0,0.0,0.0,0.0,0.0,0.0,0.0,0.0,0.0,0.0,0.0,0.0,350000.0
LifeGoal Wealth Advisors,0.0,0.0,0.0,0.0,0.0,0.0,0.0,0.0,0.0,0.0,0.0,0.0,0.0,0.0,0.0,0.0,0.0,0.0,0.0,502956.0
"LifePlan Investment Advisors, Inc.",0.0,0.0,0.0,0.0,0.0,0.0,0.0,0.0,0.0,0.0,0.0,0.0,0.0,327026.0,362379.0,440792.0,823237.0,1141664.0,1105741.0,1591421.0
LifePro Asset Management,0.0,0.0,0.0,0.0,0.0,0.0,294.0,293.0,6447.0,0.0,0.0,0.0,0.0,357915.0,315429.0,375936.0,773566.0,771387.0,693425.0,0.0
"LifeSteps Financial, Inc.",215.0,340.0,651.0,618.0,703.0,1231.0,1243.0,1772.0,1428.0,837.0,681.0,771641.0,1286399.0,1868127.0,1956231.0,2313764.0,4204443.0,6263856.0,6476402.0,6594876.0
"LifeWealth Investments, LLC",0.0,0.0,0.0,0.0,0.0,0.0,0.0,0.0,0.0,0.0,0.0,0.0,0.0,0.0,0.0,0.0,0.0,0.0,0.0,3181869.0
"Lifestyle Asset Management, Inc.",0.0,0.0,0.0,0.0,0.0,0.0,0.0,0.0,0.0,0.0,0.0,0.0,0.0,0.0,0.0,286237.0,1811638.0,2017532.0,1983602.0,2069142.0
"Lifeworks Advisors, LLC",0.0,0.0,0.0,0.0,0.0,0.0,0.0,419.0,443.0,249.0,0.0,0.0,464431.0,619301.0,304058.0,548209.0,1060009.0,1368097.0,3061655.0,3337025.0
Lighthouse Wealth Management Inc.,0.0,0.0,0.0,0.0,0.0,0.0,0.0,0.0,0.0,0.0,0.0,0.0,0.0,0.0,0.0,0.0,0.0,0.0,0.0,1330144.0
Lincoln Capital LLC,0.0,0.0,0.0,0.0,0.0,0.0,0.0,0.0,0.0,0.0,0.0,0.0,0.0,0.0,0.0,213935.0,429191.0,593239.0,606228.0,671987.0
"Lindbrook Capital, LLC",568.0,822.0,1270.0,1161.0,1199.0,1851.0,1979.0,2825.0,2586.0,2019.0,1361.0,2733124.0,9474762.0,16824826.0,15828579.0,18680386.0,29450857.0,32583797.0,30239287.0,32535091.0
"Linden Thomas Advisory Services, LLC",0.0,0.0,0.0,0.0,0.0,0.0,0.0,0.0,0.0,0.0,0.0,2083828.0,4055668.0,6563050.0,3556478.0,5155240.0,11601710.0,14112221.0,16737225.0,21762500.0
"Lindenwold Advisors, INC",0.0,0.0,0.0,0.0,0.0,0.0,0.0,0.0,0.0,0.0,0.0,0.0,0.0,0.0,0.0,0.0,2981748.0,4167869.0,4142561.0,6127384.0
"Lineweaver Wealth Advisors, LLC",0.0,0.0,208.0,222.0,251.0,400.0,414.0,561.0,548.0,306.0,336.0,350674.0,669402.0,1028840.0,1403878.0,2471984.0,4533935.0,6832224.0,7391657.0,8204264.0
"Linscomb & Williams, Inc.",465.0,396.0,731.0,711.0,594.0,847.0,1025.0,1593.0,1514.0,339.0,0.0,621078.0,344623.0,624668.0,568835.0,407420.0,0.0,0.0,0.0,0.0
"Linscomb Wealth, Inc.",0.0,0.0,0.0,0.0,0.0,0.0,0.0,0.0,0.0,0.0,0.0,0.0,0.0,0.0,0.0,0.0,752402.0,1307938.0,1276354.0,1679070.0
"Lion Point Capital, LP",0.0,0.0,0.0,0.0,0.0,0.0,0.0,0.0,0.0,0.0,3642.0,0.0,0.0,0.0,0.0,0.0,0.0,0.0,0.0,0.0
"Lion Street Advisors, LLC",0.0,0.0,0.0,0.0,0.0,0.0,667.0,686.0,484.0,833.0,434.0,834763.0,1482187.0,1120601.0,1763722.0,1922254.0,1922254.0,4161185.0,4103642.0,4363965.0
Lionsbridge Wealth Management LLC,0.0,0.0,0.0,0.0,0.0,0.0,339.0,0.0,0.0,0.0,0.0,0.0,0.0,0.0,0.0,0.0,0.0,0.0,0.0,0.0
"Lionshead Wealth Management, LLC",0.0,0.0,0.0,0.0,0.0,0.0,0.0,0.0,0.0,0.0,0.0,0.0,0.0,0.0,0.0,0.0,0.0,0.0,0.0,1648481.0
Liontrust Investment Partners LLP,0.0,0.0,0.0,41462680.0,0.0,0.0,57051864.0,73821610.0,83631590.0,52497436.0,44144445.0,47495500.0,22098826.0,41521105.0,63728646.0,72597766.0,106786335.0,118898602.0,118898602.0,94728837.0
Lipe & Dalton,0.0,160.0,233.0,225.0,230.0,304.0,315.0,403.0,387.0,215.0,172.0,208.0,367.0,474.0,509.0,530.0,813.0,1133.0,1133.0,573.0
Litman Gregory Asset Management LLC,0.0,0.0,0.0,52.0,53.0,0.0,0.0,0.0,0.0,0.0,0.0,0.0,0.0,0.0,0.0,0.0,0.0,0.0,0.0,0.0
Litman Gregory Wealth Management LLC,0.0,0.0,0.0,0.0,0.0,0.0,0.0,0.0,0.0,0.0,0.0,0.0,209468.0,0.0,0.0,0.0,0.0,0.0,326067.0,447858.0
Live Oak Investment Partners,0.0,0.0,0.0,0.0,0.0,0.0,0.0,0.0,0.0,0.0,0.0,16075.0,0.0,0.0,0.0,0.0,0.0,0.0,0.0,0.0
Live Oak Private Wealth LLC,0.0,0.0,0.0,0.0,0.0,0.0,0.0,0.0,0.0,0.0,0.0,0.0,0.0,357029.0,333202.0,374882.0,683997.0,959914.0,904242.0,1157451.0
"Livforsakringsbolaget Skandia, Omsesidigt",1628.0,4266.0,9323.0,10301.0,11584.0,19040.0,18360.0,23025.0,22634.0,11701.0,6575.0,7903397.0,15020998.0,23150761.0,26840611.0,34657939.0,64706332.0,87240997.0,124068914.0,136410505.0
Livingston Group Asset Management CO (operating as Southport Capital Management),247.0,336.0,565.0,409.0,311.0,855.0,677.0,9752.0,491.0,0.0,0.0,0.0,0.0,0.0,0.0,0.0,0.0,0.0,0.0,0.0
"Lloyd Advisory Services, LLC.",0.0,0.0,0.0,0.0,0.0,0.0,0.0,0.0,0.0,0.0,0.0,0.0,0.0,0.0,0.0,1122740.0,5742915.0,1490403.0,1634721.0,1850205.0
Lodestone Wealth Management LLC,0.0,0.0,0.0,0.0,0.0,0.0,0.0,0.0,0.0,0.0,0.0,368907.0,702623.0,1007005.0,1027772.0,1147355.0,2092573.0,2903604.0,2604202.0,3117207.0
Lokken Investment Group LLC,0.0,0.0,0.0,0.0,0.0,0.0,0.0,0.0,0.0,0.0,0.0,0.0,209718.0,337996.0,352345.0,388752.0,641535.0,1103224.0,1097465.0,1230930.0
London & Capital Asset Management Ltd,0.0,0.0,0.0,0.0,0.0,0.0,0.0,0.0,0.0,0.0,0.0,0.0,0.0,0.0,0.0,0.0,0.0,2694407.0,0.0,2938668.0
"Long Island Wealth Management, Inc.",0.0,0.0,0.0,0.0,0.0,0.0,0.0,0.0,0.0,0.0,0.0,0.0,0.0,0.0,0.0,363000.0,274000.0,503000.0,239237.0,264551.0
"Long Run Wealth Advisors, LLC",0.0,0.0,0.0,0.0,0.0,0.0,0.0,4929.0,4087.0,2335.0,2391.0,3018670.0,3799635.0,4740391.0,4875411.0,5518291.0,10134435.0,10141922.0,9191215.0,9426698.0
LongView Asset Management LLC,0.0,0.0,0.0,0.0,0.0,0.0,0.0,0.0,0.0,0.0,0.0,0.0,0.0,0.0,0.0,0.0,0.0,0.0,0.0,489488.0
LongView Wealth Management,0.0,0.0,0.0,0.0,0.0,0.0,0.0,0.0,0.0,0.0,0.0,0.0,0.0,0.0,0.0,941114.0,1614675.0,2345323.0,2558197.0,2835366.0
Longbow Finance SA,0.0,0.0,0.0,0.0,0.0,0.0,0.0,0.0,0.0,0.0,0.0,0.0,13729060.0,24885421.0,22950072.0,27378733.0,56421901.0,69425774.0,63855338.0,86962847.0
Longitude (Cayman) Ltd.,0.0,0.0,0.0,1306.0,5339.0,2400.0,1719.0,2941.0,3465.0,1395.0,1517.0,2265170.0,1333296.0,1142154.0,2174950.0,4506502.0,2981748.0,2594340.0,18519600.0,40891305.0
"Lord & Richards Wealth Management, LLC",0.0,0.0,0.0,0.0,0.0,0.0,0.0,0.0,0.0,0.0,0.0,0.0,0.0,0.0,0.0,0.0,0.0,0.0,0.0,791774.0
Lorne Steinberg Wealth Management Inc.,0.0,0.0,0.0,0.0,0.0,0.0,0.0,0.0,0.0,0.0,0.0,0.0,0.0,0.0,0.0,217402.0,342449.0,437331.0,260488.0,288052.0
"Loudon Investment Management, LLC",0.0,0.0,0.0,0.0,0.0,0.0,0.0,0.0,0.0,0.0,0.0,0.0,0.0,0.0,0.0,0.0,0.0,229784.0,225878.0,243065.0
Louisiana State Employees Retirement System,6854.0,10030.0,16940.0,34204.0,37642.0,56807.0,58896.0,79233.0,58195.0,46252.0,33249.0,41387.0,78581133.0,130036348.0,106181059.0,111573066.0,198512132.0,265388628.0,256165536.0,274784198.0
Loveless Wealth Management LLC,765.0,1041.0,1321.0,1178.0,1199.0,1676.0,1678.0,2103.0,1786.0,1019.0,0.0,0.0,0.0,0.0,0.0,0.0,0.0,0.0,0.0,0.0
"Lowe Wealth Advisors, LLC",0.0,0.0,0.0,0.0,0.0,0.0,0.0,7.0,7.0,4.0,3.0,3658.0,6953.0,10590.0,0.0,0.0,0.0,24708.0,0.0,45793.0
Lowell Blake & Associates Inc.,2258.0,3583.0,5498.0,5578.0,7367.0,10525.0,11046.0,16163.0,17298.0,11151.0,9858.0,13916481.0,22531326.0,29914302.0,30497770.0,0.0,0.0,0.0,0.0,0.0
"Lowery Thomas, LLC",0.0,0.0,0.0,0.0,0.0,0.0,0.0,0.0,0.0,0.0,0.0,0.0,0.0,0.0,0.0,0.0,0.0,0.0,698569.0,0.0
"Lucia Wealth Services, LLC",0.0,18.0,25.0,0.0,0.0,0.0,0.0,0.0,0.0,0.0,0.0,0.0,0.0,0.0,0.0,0.0,0.0,0.0,0.0,0.0
"Luken Investment Analytics, LLC",0.0,0.0,0.0,0.0,0.0,0.0,0.0,0.0,0.0,0.0,0.0,0.0,0.0,0.0,0.0,0.0,0.0,0.0,0.0,40287.0
"Lumature Wealth Partners, LLC",0.0,0.0,0.0,362.0,423.0,615.0,624.0,849.0,550.0,10.0,38.0,19437.0,34166.0,52031.0,0.0,0.0,0.0,0.0,0.0,0.0
Lumina Fund Management LLC,0.0,0.0,0.0,0.0,0.0,0.0,0.0,0.0,0.0,455.0,364.0,438.0,833.0,1269.0,1305.0,0.0,0.0,0.0,0.0,0.0
Luminist Capital LLC,0.0,0.0,0.0,0.0,0.0,0.0,0.0,0.0,0.0,0.0,0.0,0.0,0.0,0.0,0.0,0.0,0.0,0.0,0.0,894911.0
Luminvest Wealth Management LLC,0.0,0.0,0.0,0.0,0.0,0.0,0.0,0.0,0.0,0.0,0.0,0.0,0.0,0.0,0.0,0.0,203792.0,257433.0,278100.0,0.0
"Lummis Asset Management, LP",0.0,0.0,0.0,0.0,0.0,0.0,0.0,0.0,0.0,0.0,0.0,0.0,0.0,0.0,0.0,19809.0,36142.0,49416.0,48576.0,53716.0
Lutz Financial Services LLC,0.0,0.0,0.0,0.0,0.0,0.0,0.0,0.0,0.0,0.0,0.0,0.0,0.0,295691.0,323198.0,317436.0,644238.0,1174371.0,1299044.0,1549975.0
"Lynch Asset Management, Inc.",0.0,0.0,0.0,0.0,0.0,0.0,0.0,17809.0,16520.0,9180.0,7352.0,8395743.0,15957887.0,23710271.0,24294193.0,27658037.0,49605444.0,66217440.0,65091840.0,72013013.0
Lynx Investment Advisory,0.0,0.0,0.0,0.0,0.0,0.0,0.0,0.0,0.0,0.0,0.0,0.0,0.0,0.0,0.0,0.0,0.0,953895.0,1138906.0,1383926.0
"Lyon Street Capital, LLC",0.0,0.0,609.0,0.0,0.0,0.0,0.0,1176.0,0.0,0.0,0.0,0.0,0.0,0.0,0.0,0.0,0.0,0.0,0.0,0.0
M & L Capital Management Ltd,0.0,0.0,0.0,0.0,0.0,0.0,0.0,0.0,0.0,0.0,0.0,0.0,0.0,0.0,0.0,0.0,0.0,0.0,0.0,157213303.0
"M Holdings Securities, Inc.",5005.0,7057.0,10459.0,9964.0,10263.0,15232.0,0.0,0.0,21389.0,11936.0,9527.0,11462.0,1850.0,1236.0,0.0,5314.0,0.0,17093.0,12487.0,115684.0
M&G INVESTMENT MANAGEMENT LTD,614.0,1583.0,3207.0,2891.0,3065.0,111788.0,130530.0,6678.0,8795.0,17083.0,14600.0,13051962.0,26170086.0,0.0,13094805.0,35589015.0,0.0,0.0,0.0,0.0
M&G Investments (USA) Inc.,0.0,0.0,0.0,0.0,0.0,0.0,0.0,0.0,0.0,0.0,0.0,0.0,0.0,0.0,0.0,4064445.0,0.0,0.0,0.0,0.0
M&G PLC,0.0,0.0,0.0,0.0,0.0,0.0,0.0,0.0,0.0,0.0,0.0,0.0,0.0,0.0,0.0,0.0,0.0,0.0,46652639.0,57405198.0
M&G Plc,0.0,0.0,0.0,0.0,0.0,0.0,0.0,0.0,0.0,0.0,0.0,0.0,0.0,0.0,0.0,0.0,20886016.0,30947796.0,0.0,0.0
M&R CAPITAL MANAGEMENT INC,170.0,55.0,78.0,193.0,835.0,1112.0,1420.0,2154.0,2190.0,1042.0,164.0,161494.0,1320261.0,2247113.0,2608672.0,3205604.0,5076202.0,7000769.0,6914191.0,0.0
M&T Bank Corp,0.0,0.0,0.0,0.0,0.0,0.0,0.0,0.0,0.0,0.0,16.0,33612.0,22222.0,93924.0,264909.0,384338.0,41564.0,56829.0,0.0,0.0
M. Kraus & Co,0.0,0.0,0.0,0.0,0.0,0.0,0.0,0.0,0.0,0.0,0.0,0.0,0.0,257619.0,264909.0,318922.0,593639.0,854897.0,852509.0,907129.0
"M. Kulyk & Associates, LLC",0.0,0.0,0.0,3718.0,4195.0,5745.0,6044.0,8893.0,7184.0,4287.0,4663.0,5821054.0,11290253.0,11237548.0,10488503.0,24199480.0,15385876.0,17088751.0,16995607.0,16182847.0
"M.D. Sass, Inc.",0.0,0.0,0.0,0.0,0.0,0.0,0.0,0.0,0.0,0.0,0.0,0.0,0.0,0.0,717734.0,817113.0,0.0,0.0,0.0,0.0
"M.D. Sass, LLC",0.0,0.0,0.0,0.0,0.0,0.0,0.0,0.0,0.0,0.0,0.0,0.0,0.0,0.0,0.0,0.0,1201735.0,1643082.0,2495592.0,2663105.0
"M.E. ALLISON & CO., INC.",0.0,0.0,0.0,0.0,0.0,0.0,0.0,0.0,0.0,0.0,0.0,0.0,0.0,0.0,0.0,0.0,0.0,0.0,0.0,840443.0
"M3 Advisory Group, LLC",0.0,0.0,0.0,0.0,0.0,0.0,0.0,0.0,0.0,0.0,0.0,0.0,0.0,0.0,0.0,1117522.0,2451884.0,3984743.0,3870573.0,4201940.0
MACKAY SHIELDS LLC,5151.0,7753.0,10192.0,7462.0,7054.0,10026.0,20266.0,14404.0,12140.0,0.0,0.0,0.0,0.0,0.0,0.0,0.0,0.0,0.0,0.0,0.0
MACKENZIE FINANCIAL CORP,115244.0,149036.0,111195.0,108439.0,147525.0,53948.0,212157.0,304343.0,276273.0,145818.0,94343.0,111647892.0,245471460.0,297840627.0,335714943.0,394396179.0,654071723.0,893632520.0,972754680.0,3100442426.0
MACQUARIE GROUP LTD,39149.0,53783.0,89952.0,95507.0,92900.0,634365.0,632686.0,27179.0,29629.0,31488.0,13915.0,1300938.0,1351972850.0,2991673134.0,1022397142.0,1201603075.0,173142133.0,2866922763.0,3090863306.0,2533029645.0
MACRO Consulting Group,322.0,403.0,333.0,343.0,371.0,564.0,0.0,0.0,0.0,0.0,0.0,0.0,0.0,0.0,0.0,0.0,0.0,0.0,0.0,0.0
MACROVIEW INVESTMENT MANAGEMENT LLC,15.0,20.0,19.0,19.0,19.0,29.0,33.0,54.0,49.0,19.0,18.0,57582.0,58339.0,78270.0,160951.0,90135.0,163555.0,398185.0,405382.0,461152.0
MADDEN SECURITIES Corp,0.0,1765.0,964.0,828.0,1054.0,2577.0,5807.0,8090.0,9731.0,6259.0,4962.0,2369964.0,4156019.0,4935412.0,3606545.0,4058381.0,8691444.0,15053496.0,12708962.0,10484336.0
"MADISON ASSET MANAGEMENT, LLC",0.0,0.0,0.0,0.0,0.0,0.0,0.0,0.0,0.0,0.0,0.0,0.0,410266.0,624801.0,0.0,0.0,2123366.0,0.0,0.0,0.0
MADISON WEALTH MANAGEMENT,0.0,0.0,280.0,289.0,375.0,607.0,610.0,833.0,839.0,465.0,353.0,0.0,260549.0,396793.0,408021.0,0.0,0.0,0.0,0.0,0.0
MAGNOLIA CAPITAL ADVISORS LLC,0.0,0.0,0.0,0.0,0.0,200.0,818.0,1173.0,1173.0,0.0,0.0,0.0,321049.0,438591.0,1005858.0,1108513.0,1739562.0,3124323.0,0.0,0.0
MAGNOLIA CAPITAL MANAGEMENT LTD,0.0,0.0,0.0,0.0,0.0,0.0,207.0,294.0,273.0,152.0,121.0,146.0,278.0,423.0,435.0,495.0,904.0,1235.0,1214.0,1343.0
MAI Capital Management,1057.0,1736.0,4789.0,4951.0,2970.0,17206.0,19598.0,28902.0,30250.0,21002.0,16888.0,18593658.0,36490970.0,56836988.0,55217921.0,65079837.0,138459842.0,192517225.0,183775551.0,212233740.0
"MAINSAIL ASSET MANAGEMENT, LLC",0.0,0.0,0.0,0.0,0.0,0.0,0.0,0.0,0.0,0.0,0.0,0.0,0.0,0.0,0.0,210561.0,559491.0,789721.0,781519.0,864309.0
MAINSTAY CAPITAL MANAGEMENT LLC /ADV,0.0,0.0,533.0,477.0,497.0,0.0,0.0,0.0,0.0,0.0,0.0,0.0,0.0,290192.0,267954.0,475917.0,1916451.0,3019346.0,3411264.0,4257995.0
MAIRS & POWER INC,126531.0,174390.0,237074.0,204439.0,214539.0,301044.0,276449.0,339013.0,262881.0,151056.0,130004.0,201171505.0,316312845.0,393446725.0,352119289.0,369651168.0,592606423.0,764210716.0,733144267.0,790295606.0
MANCHESTER FINANCIAL INC,3158.0,4352.0,4170.0,3922.0,4035.0,5750.0,5549.0,7216.0,6705.0,3504.0,2929.0,3495162.0,4918069.0,7211453.0,6997052.0,7731646.0,13368857.0,17352874.0,15848960.0,16764974.0
MANE GLOBAL CAPITAL MANAGEMENT LP,0.0,0.0,0.0,0.0,0.0,0.0,0.0,0.0,0.0,0.0,0.0,0.0,0.0,0.0,26728396.0,0.0,0.0,13910604.0,24268934.0,47538257.0
"MAPLELANE CAPITAL, LLC",0.0,0.0,0.0,0.0,0.0,2172.0,2727.0,8771.0,0.0,0.0,3787.0,0.0,0.0,0.0,0.0,0.0,0.0,0.0,0.0,0.0
MARATHON CAPITAL MANAGEMENT,0.0,0.0,0.0,0.0,0.0,0.0,0.0,0.0,0.0,0.0,0.0,265975.0,429155.0,1222528.0,628561.0,1114246.0,926149.0,1015499.0,922337.0,1031347.0
MARCO INVESTMENT MANAGEMENT LLC,294.0,538.0,2028.0,1920.0,3603.0,5286.0,5612.0,8440.0,7972.0,4461.0,2162.0,2578202.0,1443293.0,2090988.0,2276738.0,2594458.0,4901813.0,6284727.0,6120819.0,6778556.0
MARIETTA INVESTMENT PARTNERS LLC,0.0,0.0,264.0,239.0,211.0,322.0,7618.0,11349.0,10626.0,5877.0,1371.0,1248620.0,2398266.0,3557175.0,3682625.0,4167772.0,10266249.0,15389378.0,15216068.0,17006888.0
"MARINO, STRAM & ASSOCIATES LLC",0.0,331.0,462.0,0.0,282.0,621.0,494.0,715.0,576.0,323.0,0.0,0.0,234288.0,355138.0,357358.0,425658.0,686286.0,1027778.0,0.0,0.0
MARIPAU WEALTH MANAGEMENT LLC,0.0,0.0,0.0,0.0,0.0,0.0,0.0,0.0,0.0,0.0,0.0,0.0,0.0,377337.0,409299.0,960789.0,1525370.0,2243428.0,2678078.0,3289874.0
MARK ASSET MANAGEMENT LP,18151.0,25471.0,32725.0,31620.0,33158.0,47903.0,42921.0,57895.0,51373.0,27946.0,19339.0,22706064.0,43382952.0,65270294.0,65417000.0,80347400.0,120700000.0,173179000.0,138927000.0,115542000.0
"MARK SHEPTOFF FINANCIAL PLANNING, LLC",297.0,351.0,365.0,274.0,200.0,624.0,667.0,954.0,682.0,280.0,170.0,204596.0,392211.0,755950.0,657707.0,934488.0,1714071.0,1980365.0,2173655.0,2940956.0
MARKET STREET WEALTH MANAGEMENT ADVISORS LLC,0.0,0.0,0.0,0.0,0.0,0.0,0.0,0.0,0.0,0.0,0.0,0.0,0.0,0.0,211405.0,310998.0,592735.0,1107413.0,1251835.0,1840990.0
"MARSHALL INVESTMENT MANAGEMENT, LLC",0.0,0.0,0.0,0.0,0.0,0.0,0.0,0.0,0.0,0.0,0.0,0.0,0.0,0.0,0.0,0.0,0.0,0.0,0.0,3424642.0
"MARSHALL WACE, LLP",67786.0,5073.0,22632.0,9647.0,187.0,11408.0,31624.0,0.0,0.0,0.0,0.0,0.0,1066915.0,793586.0,1285395.0,0.0,0.0,0.0,0.0,0.0
MARSICO CAPITAL MANAGEMENT LLC,71336.0,102653.0,106098.0,96343.0,98527.0,147871.0,150035.0,143637.0,103501.0,59323.0,48113.0,58547630.0,122545180.0,185498077.0,188735201.0,158370861.0,244187994.0,238899428.0,234777402.0,270041209.0
MARTIN & CO INC /TN/,0.0,0.0,0.0,0.0,0.0,0.0,0.0,0.0,0.0,0.0,0.0,0.0,0.0,0.0,0.0,0.0,0.0,0.0,2683945.0,2967943.0
MARTINGALE ASSET MANAGEMENT L P,1559.0,2552.0,25304.0,13697.0,10307.0,203.0,247.0,458.0,401.0,0.0,0.0,0.0,206939.0,847310.0,672495.0,1406921.0,7781459.0,19217018.0,11738027.0,12953882.0
MARVIN & PALMER ASSOCIATES INC,0.0,0.0,0.0,0.0,0.0,0.0,0.0,0.0,0.0,0.0,0.0,0.0,0.0,10278963.0,8495355.0,3843402.0,5208120.0,5208120.0,5595834.0,6166194.0
MARYLAND CAPITAL ADVISORS INC.,0.0,0.0,0.0,0.0,0.0,0.0,0.0,0.0,0.0,0.0,1.0,0.0,0.0,0.0,0.0,0.0,0.0,0.0,0.0,0.0
MAS Advisors LLC,0.0,0.0,0.0,0.0,0.0,0.0,0.0,818.0,1090.0,0.0,1214.0,429120.0,0.0,0.0,0.0,0.0,0.0,0.0,0.0,0.0
MASSACHUSETTS FINANCIAL SERVICES CO /MA/,529110.0,1494434.0,1138084.0,2065392.0,937990.0,1316821.0,1350203.0,1977793.0,1719602.0,863449.0,662742.0,751433320.0,1657425257.0,2966161247.0,3127943927.0,3710257076.0,6644008600.0,8254831243.0,6521722801.0,7032721373.0
MASSACHUSETTS INSTITUTE OF TECHNOLOGY,0.0,0.0,0.0,0.0,0.0,0.0,0.0,0.0,0.0,0.0,0.0,0.0,0.0,0.0,0.0,668547.0,0.0,0.0,0.0,214864.0
MASSMUTUAL TRUST CO FSB/ADV,6748.0,8636.0,11591.0,11348.0,14120.0,22895.0,24911.0,38658.0,37067.0,20972.0,16993.0,21803.0,41290511.0,61725809.0,59669318.0,65879612.0,107664595.0,145682939.0,141901790.0,0.0
MASTRAPASQUA ASSET MANAGEMENT INC,10638.0,14803.0,20935.0,19872.0,21571.0,32012.0,32296.0,45534.0,40773.0,22575.0,18138.0,22281381.0,41526938.0,62483508.0,62298559.0,0.0,0.0,0.0,0.0,0.0
"MATAURO, LLC",0.0,0.0,0.0,0.0,0.0,0.0,0.0,0.0,0.0,0.0,0.0,0.0,0.0,0.0,0.0,0.0,0.0,0.0,0.0,3650903.0
"MATHER GROUP, LLC.",0.0,0.0,337.0,714.0,1168.0,2081.0,2221.0,3375.0,4127.0,1332.0,878.0,1151685.0,2064581.0,3093136.0,3794849.0,5109907.0,4645668.0,13992651.0,20012927.0,22244415.0
MATRIX ASSET ADVISORS INC/NY,0.0,0.0,0.0,0.0,0.0,0.0,0.0,0.0,0.0,0.0,0.0,0.0,0.0,242390.0,249249.0,376367.0,686706.0,1075000.0,1069522.0,1177320.0
MATRIX PRIVATE CAPITAL GROUP LLC,319.0,425.0,606.0,590.0,658.0,984.0,1106.0,1358.0,1243.0,688.0,538.0,641847.0,989139.0,984387.0,1048346.0,1206356.0,1900187.0,2932222.0,3017171.0,3347044.0
MATTHEWS INTERNATIONAL CAPITAL MANAGEMENT LLC,0.0,0.0,0.0,0.0,0.0,0.0,0.0,0.0,0.0,0.0,0.0,0.0,0.0,20271541.0,8574958.0,22046204.0,27405878.0,0.0,0.0,0.0
MAVERICK CAPITAL LTD,0.0,0.0,198.0,2990.0,6474.0,5944.0,6223.0,44340.0,32187.0,1003.0,4157.0,0.0,128816671.0,191365365.0,145813433.0,98161023.0,190433402.0,252921342.0,287580971.0,283910949.0
"MAYPORT, LLC",0.0,0.0,0.0,0.0,0.0,0.0,0.0,0.0,294.0,0.0,0.0,0.0,300269.0,775396.0,797337.0,900310.0,1648128.0,2253417.0,2251544.0,2615355.0
MBA Advisors LLC,0.0,0.0,0.0,0.0,0.0,0.0,0.0,0.0,0.0,0.0,0.0,0.0,221383.0,324456.0,309713.0,551675.0,974941.0,1429976.0,1411133.0,1449526.0
MBB PUBLIC MARKETS I LLC,0.0,0.0,0.0,0.0,0.0,0.0,0.0,5483.0,0.0,0.0,0.0,0.0,877753.0,490703.0,504588.0,574455.0,7465213.0,218308769.0,546480.0,0.0
"MBE Wealth Management, LLC",123.0,0.0,0.0,252.0,269.0,402.0,526.0,748.0,652.0,0.0,0.0,0.0,293051.0,463214.0,476322.0,544753.0,992130.0,1424449.0,1544263.0,1683738.0
"MBL Wealth, LLC",0.0,0.0,0.0,0.0,0.0,0.0,0.0,0.0,1161.0,546.0,439.0,530.0,1123922.0,1809777.0,1890309.0,2329423.0,4134611.0,6038868.0,6072351.0,0.0
"MBM WEALTH CONSULTANTS, LLC",0.0,0.0,0.0,0.0,0.0,0.0,0.0,0.0,0.0,0.0,0.0,0.0,0.0,0.0,0.0,0.0,0.0,0.0,0.0,2250491.0
"MBM Wealth Consultants, LLC",0.0,0.0,0.0,0.0,0.0,0.0,0.0,6.0,533.0,334.0,435.0,529.0,1107.0,1750812.0,1062424.0,1461057.0,1644480.0,2039281.0,1979958.0,0.0
MCDANIEL TERRY & CO,0.0,0.0,211.0,251.0,276.0,390.0,447.0,648.0,851.0,446.0,377.0,454.0,891.0,1228.0,1281.0,1449.0,2942.0,3988.0,3452.0,3852.0
MCDONALD PARTNERS LLC,0.0,0.0,0.0,1437.0,3023.0,4058.0,4037.0,0.0,0.0,0.0,0.0,1446964.0,2500146.0,3384094.0,1750795.0,1963492.0,3196719.0,5666709.0,5549131.0,5839494.0
MCF Advisors LLC,0.0,59.0,145.0,90.0,217.0,370.0,484.0,0.0,750.0,426.0,474.0,695774.0,1293439.0,2437975.0,2521527.0,3014312.0,5249612.0,7275672.0,6932099.0,7646803.0
MCIA Inc,0.0,0.0,0.0,0.0,0.0,0.0,0.0,0.0,0.0,0.0,0.0,0.0,0.0,0.0,0.0,0.0,367514.0,645091.0,965023.0,0.0
MCKINLEY CAPITAL MANAGEMENT LLC,0.0,0.0,0.0,0.0,0.0,0.0,0.0,0.0,0.0,0.0,0.0,0.0,30154712.0,19813834.0,18507966.0,20730914.0,33917861.0,40042067.0,0.0,0.0
MCKINLEY CAPITAL MANAGEMENT LLC /DELAWARE,10210.0,13719.0,13665.0,13740.0,13725.0,23219.0,13486.0,19497.0,18448.0,9243.0,4776.0,5606515.0,0.0,0.0,0.0,0.0,0.0,0.0,0.0,0.0
MCMILLION CAPITAL MANAGEMENT INC,0.0,0.0,0.0,3.0,0.0,0.0,0.0,0.0,0.0,0.0,0.0,0.0,0.0,0.0,0.0,0.0,0.0,0.0,0.0,0.0
MCRAE CAPITAL MANAGEMENT INC,0.0,0.0,0.0,0.0,0.0,0.0,0.0,0.0,0.0,0.0,0.0,0.0,0.0,0.0,0.0,0.0,0.0,0.0,403788.0,490159.0
"MEAG MUNICH ERGO, Kapitalanlagegesellschaft mbH",2889.0,6216.0,8264.0,7635.0,19125.0,16597.0,9693.0,20180.0,17556.0,19728.0,15922.0,23222339.0,31507729.0,52574195.0,50518869.0,65187294.0,108502195.0,129003062.0,122585665.0,138957015.0
"MEANS INVESTMENT CO., INC.",0.0,488.0,794.0,1076.0,958.0,1166.0,1420.0,2334.0,2640.0,1783.0,1761.0,1991177.0,3895825.0,5150742.0,5568945.0,9928801.0,19695097.0,27805316.0,29158610.0,32805841.0
MEDICI CAPITAL LLC,0.0,0.0,0.0,0.0,0.0,0.0,0.0,0.0,0.0,0.0,0.0,0.0,0.0,0.0,0.0,0.0,0.0,0.0,3218160.0,0.0
MEEDER ASSET MANAGEMENT INC,0.0,0.0,0.0,0.0,0.0,0.0,0.0,0.0,0.0,0.0,0.0,8272985.0,22816027.0,29155384.0,35126313.0,43509534.0,80218056.0,85698835.0,79636103.0,76186746.0
"MELFA WEALTH MANAGEMENT, INC.",0.0,0.0,0.0,0.0,0.0,0.0,0.0,0.0,0.0,0.0,0.0,0.0,0.0,0.0,0.0,0.0,1174628.0,1633199.0,1631546.0,1802980.0
MEMBERS Trust Co,0.0,2491.0,3292.0,3177.0,3043.0,4572.0,4113.0,0.0,0.0,0.0,0.0,0.0,0.0,0.0,0.0,0.0,0.0,0.0,0.0,0.0
MERCER GLOBAL ADVISORS INC /ADV,3306.0,5889.0,11342.0,14046.0,35788.0,28879.0,31470.0,46234.0,46097.0,25860.0,25365.0,31031.0,53002.0,107415.0,274668.0,159547.0,379061.0,546295802.0,594328925.0,636422452.0
MERIAN GLOBAL INVESTORS (UK) Ltd,294.0,42916.0,0.0,0.0,0.0,0.0,0.0,0.0,0.0,0.0,0.0,0.0,0.0,0.0,0.0,0.0,0.0,0.0,0.0,0.0
MERIDIAN INVESTMENT COUNSEL INC.,0.0,0.0,222.0,217.0,222.0,324.0,336.0,478.0,443.0,246.0,206.0,278.0,527485.0,805853.0,802992.0,914176.0,1563159.0,2156391.0,2139166.0,2525726.0
MERIDIAN MANAGEMENT CO,3376.0,2823.0,3130.0,3020.0,4429.0,6068.0,2219.0,3078.0,281.0,0.0,0.0,0.0,0.0,0.0,238809.0,340468.0,435516.0,643026.0,682979.0,820650.0
MERITAGE PORTFOLIO MANAGEMENT,344.0,495.0,691.0,678.0,729.0,1093.0,1350.0,1920.0,22393.0,1019.0,905.0,1016.0,2166.0,3486.0,3343.0,3894.0,6906.0,16768.0,28297.0,38650179.0
MEYER HANDELMAN CO,444.0,641.0,861.0,830.0,849.0,1272.0,1318.0,1559.0,2925.0,1824.0,1497.0,4640029.0,2938807.0,4858385.0,5122007.0,5794074.0,10803867.0,14524598.0,14610446.0,16040806.0
"MFA WEALTH ADVISORS, LLC",0.0,0.0,0.0,0.0,0.0,0.0,0.0,0.0,0.0,0.0,0.0,0.0,0.0,0.0,0.0,0.0,0.0,1121296.0,3668627.0,4536698.0
"MFA Wealth Advisors, LLC",0.0,0.0,0.0,0.0,0.0,0.0,134.0,0.0,213.0,0.0,0.0,0.0,217948.0,311188.0,319994.0,414815.0,795709.0,0.0,0.0,0.0
MFA Wealth Services,0.0,0.0,0.0,0.0,0.0,0.0,0.0,0.0,0.0,0.0,0.0,0.0,0.0,0.0,0.0,0.0,0.0,0.0,0.0,871591.0
"MFG WEALTH MANAGEMENT, INC.",0.0,0.0,0.0,0.0,0.0,0.0,0.0,0.0,0.0,0.0,0.0,0.0,0.0,0.0,0.0,0.0,0.0,0.0,0.0,3969881.0
"MGB Wealth Management, LLC",0.0,0.0,0.0,0.0,0.0,0.0,0.0,0.0,0.0,0.0,0.0,0.0,0.0,0.0,0.0,3072345.0,5571041.0,7852765.0,7053804.0,8140513.0
MGO ONE SEVEN LLC,0.0,0.0,0.0,0.0,0.0,0.0,0.0,0.0,0.0,6585.0,4452.0,4989690.0,11672794.0,14068683.0,15939771.0,43366794.0,83038538.0,122453561.0,128340150.0,142603478.0
"MGO Private Wealth, LLC",0.0,0.0,0.0,0.0,0.0,0.0,0.0,0.0,0.0,0.0,0.0,0.0,0.0,0.0,0.0,0.0,745441.0,1286675.0,1119482.0,1255291.0
MID ATLANTIC FINANCIAL MANAGEMENT INC/ADV,1324.0,2123.0,2930.0,3110.0,3399.0,6059.0,6992.0,0.0,0.0,0.0,0.0,0.0,0.0,0.0,0.0,0.0,0.0,0.0,0.0,0.0
MIDDLETON & CO INC/MA,0.0,0.0,0.0,0.0,0.0,0.0,0.0,0.0,340.0,0.0,0.0,207769.0,400267.0,607457.0,624646.0,725993.0,1324619.0,1866689.0,1841030.0,2123125.0
MIDLAND WEALTH ADVISORS LLC,0.0,0.0,0.0,0.0,0.0,0.0,0.0,0.0,0.0,0.0,0.0,0.0,0.0,0.0,0.0,1000840.0,1878501.0,4498091.0,2435722.0,2559836.0
"MIG Capital, LLC",0.0,0.0,0.0,0.0,0.0,0.0,0.0,0.0,0.0,0.0,0.0,0.0,0.0,0.0,0.0,0.0,0.0,0.0,0.0,344588.0
"MILESTONE ASSET MANAGEMENT, LLC",0.0,0.0,0.0,0.0,0.0,0.0,0.0,0.0,0.0,0.0,0.0,0.0,285825.0,0.0,512754.0,661621.0,3751602.0,4968577.0,7098819.0,9218680.0
"MILESTONE WEALTH, LLC",0.0,0.0,0.0,0.0,0.0,0.0,0.0,0.0,351.0,191.0,404.0,0.0,0.0,0.0,0.0,0.0,0.0,0.0,0.0,0.0
MILLENNIUM MANAGEMENT LLC,466965.0,443929.0,603781.0,2357593.0,1446981.0,1636979.0,1494864.0,3151098.0,1438744.0,727666.0,379116.0,436816.0,1211518.0,2874423438.0,3760733014.0,4810884021.0,6563402012.0,8221725118.0,6536598473.0,6380479274.0
"MILLER WEALTH ADVISORS, LLC",0.0,0.0,0.0,0.0,0.0,0.0,0.0,16.0,15.0,8.0,8.0,8.0,93.0,22872.0,23524.0,181335.0,1902975.0,7690478.0,8437893.0,8357938.0
"MINDSET WEALTH MANAGEMENT, LLC",0.0,0.0,0.0,0.0,0.0,0.0,0.0,0.0,0.0,0.0,0.0,0.0,0.0,0.0,0.0,0.0,0.0,0.0,106923211.0,120665811.0
MIRABELLA FINANCIAL SERVICES LLP,876.0,0.0,0.0,0.0,1078.0,0.0,0.0,0.0,0.0,0.0,0.0,0.0,3094080.0,5203569.0,624211.0,15291403.0,7056804.0,688612.0,52830953.0,36197017.0
MIRAE ASSET SECURITIES (USA) INC.,0.0,0.0,0.0,0.0,0.0,0.0,0.0,0.0,0.0,0.0,0.0,0.0,0.0,0.0,0.0,0.0,0.0,73181390.0,71771647.0,194320584.0
"MISSION CREEK CAPITAL PARTNERS, INC",1730.0,2485.0,3500.0,0.0,0.0,0.0,0.0,0.0,0.0,0.0,0.0,0.0,0.0,0.0,0.0,0.0,0.0,0.0,0.0,0.0
"MISSION WEALTH MANAGEMENT, LP",1852.0,1777.0,2673.0,2793.0,3515.0,5115.0,7933.0,12684.0,12117.0,4682.0,3723.0,4359893.0,8373060.0,13047223.0,21076057.0,19030459.0,50016633.0,91647043.0,94022238.0,113438085.0
"MITCHELL & PAHL PRIVATE WEALTH, LLC",0.0,0.0,0.0,0.0,0.0,0.0,0.0,271.0,252.0,0.0,0.0,0.0,264721.0,291038.0,292748.0,0.0,0.0,0.0,0.0,0.0
MITCHELL CAPITAL MANAGEMENT CO,2917.0,4218.0,5994.0,5778.0,5759.0,8528.0,8837.0,12180.0,14218.0,7385.0,5853.0,6782367.0,11561363.0,15450414.0,15880693.0,18040977.0,31939248.0,44151888.0,41689883.0,45681604.0
MITCHELL MCLEOD PUGH & WILLIAMS INC,290.0,429.0,1030.0,968.0,1075.0,3252.0,1735.0,2675.0,2644.0,2938.0,1195.0,1430510.0,2721149.0,3912960.0,3486821.0,4197571.0,6626986.0,9841961.0,9799259.0,10805405.0
MITCHELL SINKLER & STARR/PA,0.0,0.0,443.0,511.0,509.0,763.0,851.0,1297.0,1232.0,685.0,648.0,764458.0,1582733.0,2708597.0,3168902.0,5624213.0,5990603.0,8721157.0,8151052.0,8125083.0
MJP ASSOCIATES INC /ADV,0.0,0.0,0.0,447.0,417.0,765.0,812.0,1290.0,1325.0,734.0,580.0,753601.0,1576611.0,2555167.0,2930988.0,3181790.0,7262810.0,9881583.0,10614357.0,12707630.0
"MKP Capital Management, L.L.C.",0.0,0.0,0.0,0.0,0.0,0.0,0.0,0.0,0.0,0.0,0.0,0.0,0.0,0.0,10004770.0,0.0,0.0,0.0,109296000.0,194793000.0
MKT Advisors LLC,0.0,0.0,0.0,0.0,0.0,0.0,0.0,0.0,0.0,0.0,0.0,0.0,226607.0,394103.0,373034.0,408978.0,723294.0,1130262.0,1077256.0,1280565.0
ML & R WEALTH MANAGEMENT LLC,0.0,0.0,0.0,0.0,0.0,0.0,0.0,0.0,0.0,0.0,0.0,0.0,0.0,859154.0,245174.0,281780.0,465333.0,0.0,0.0,0.0
MMA ASSET MANAGEMENT LLC,0.0,0.0,0.0,461.0,623.0,752.0,779.0,1042.0,408.0,351.0,215.0,263490.0,500819.0,1441228.0,1486360.0,1540638.0,912220.0,1277408.0,1816189.0,1315913.0
MMBG INVESTMENT ADVISORS CO.,0.0,0.0,0.0,0.0,0.0,0.0,0.0,7176.0,9031.0,5855.0,4957.0,5765760.0,8500873.0,10785400.0,10746863.0,12678127.0,22326968.0,29590424.0,30229452.0,27939840.0
"MN Wealth Advisors, LLC",0.0,0.0,0.0,0.0,0.0,0.0,0.0,0.0,0.0,0.0,0.0,0.0,0.0,0.0,0.0,847096.0,1457235.0,1982289.0,1887569.0,2049671.0
MOGY JOEL R INVESTMENT COUNSEL INC,5203.0,7432.0,10738.0,10780.0,12527.0,21871.0,23631.0,67742.0,31798.0,18385.0,15171.0,18470635.0,34977632.0,54086967.0,55579162.0,62558734.0,129482079.0,177579036.0,175006136.0,193032122.0
MOKAN Wealth Management Inc.,0.0,0.0,0.0,0.0,0.0,0.0,0.0,0.0,0.0,0.0,0.0,0.0,0.0,0.0,0.0,0.0,0.0,0.0,0.0,2492599.0
"MONECO Advisors, LLC",286.0,411.0,689.0,716.0,743.0,1112.0,1253.0,1558.0,1844.0,1068.0,844.0,1072225.0,2227446.0,6186847.0,6354973.0,7162123.0,15210960.0,11552092.0,11759876.0,14487943.0
MONETA GROUP INVESTMENT ADVISORS LLC,440.0,649.0,918.0,913.0,1339.0,2026.0,2100.0,2946.0,3477.0,2283.0,1481.0,7636802.0,4155301.0,5853119.0,6112491.0,7676003.0,16807238.0,29567403.0,30891871.0,36983860.0
MONETARY MANAGEMENT GROUP INC,1625.0,2437.0,3242.0,3136.0,2966.0,4725.0,5497.0,7917.0,8273.0,5147.0,3475.0,4095573.0,7701173.0,9285289.0,8936870.0,9624601.0,18075718.0,24779035.0,23683836.0,25422440.0
MONETTA FINANCIAL SERVICES INC,1582.0,2279.0,3247.0,3133.0,3204.0,4801.0,4972.0,5882.0,3547.0,1516.0,1214.0,1022980.0,1944390.0,2961140.0,2718687.0,3095125.0,4969580.0,6794700.0,6072000.0,6714500.0
MONEY CONCEPTS CAPITAL CORP,0.0,0.0,0.0,377.0,406.0,0.0,0.0,3869.0,10616.0,2131.0,516.0,4801592.0,826984.0,1143527.0,1217223.0,1962699.0,4002144.0,8504439.0,9356521.0,9877050.0
"MONEYWISE, INC.",0.0,0.0,0.0,0.0,0.0,0.0,0.0,0.0,0.0,0.0,0.0,0.0,0.0,0.0,0.0,0.0,0.0,287967.0,282232.0,255689.0
"MONOGRAPH WEALTH ADVISORS, LLC",0.0,0.0,0.0,0.0,0.0,0.0,0.0,2950.0,2626.0,1382.0,742.0,918.0,2503267.0,3812262.0,2689114.0,3212500.0,9088928.0,13433156.0,15252771.0,17413186.0
"MONTAG & CALDWELL, LLC",0.0,0.0,0.0,0.0,0.0,0.0,0.0,0.0,0.0,0.0,0.0,0.0,0.0,16986791.0,35688755.0,20498146.0,36969157.0,22706158.0,21336522.0,21429327.0
MONTAG A & ASSOCIATES INC,2021.0,2625.0,2343.0,1742.0,1390.0,1746.0,1622.0,2409.0,3843.0,1358.0,1009.0,697822.0,1310805.0,2840169.0,4300490.0,6346380.0,13782451.0,19060598.0,20741715.0,24246251.0
"MONTCHANIN ASSET MANAGEMENT, LLC",0.0,0.0,0.0,0.0,0.0,0.0,0.0,0.0,0.0,0.0,0.0,0.0,0.0,463.0,0.0,0.0,1355.0,1822.0,1807.0,982.0
MONTGOMERY INVESTMENT MANAGEMENT INC,0.0,0.0,0.0,0.0,0.0,0.0,0.0,0.0,0.0,0.0,0.0,0.0,0.0,0.0,0.0,0.0,433709.0,592992.0,582912.0,645935.0
MONTRUSCO BOLTON INVESTMENTS INC.,0.0,0.0,0.0,0.0,0.0,0.0,0.0,0.0,6484.0,6505.0,5997.0,0.0,0.0,0.0,142222157.0,345053910.0,517668145.0,626553799.0,615386639.0,633567450.0
"MOODY LYNN & LIEBERSON, LLC",6732.0,18267.0,19098.0,17976.0,18856.0,28324.0,32561.0,42019.0,30655.0,16937.0,9103.0,10903.0,22872144.0,35133937.0,38737175.0,44883782.0,76761962.0,103781043.0,89900119.0,97105099.0
MOODY NATIONAL BANK TRUST DIVISION,2430.0,1751.0,2495.0,2511.0,2544.0,6674.0,3462.0,4894.0,4518.0,2722.0,2127.0,2513.0,4751256.0,8008192.0,9628504.0,9645895.0,17725137.0,27075150.0,29076136.0,34944407.0
"MOORE CAPITAL MANAGEMENT, LP",10321.0,32588.0,0.0,0.0,0.0,0.0,0.0,4213.0,4083.0,0.0,0.0,8403050.0,395029494.0,378666776.0,384312360.0,5185449.0,7648635.0,40223512.0,108868288.0,569222678.0
MORGAN JESS S & CO INC,0.0,0.0,0.0,0.0,0.0,0.0,0.0,1789.0,1673.0,930.0,744.0,0.0,0.0,0.0,0.0,0.0,0.0,0.0,0.0,0.0
MORGENS WATERFALL VINTIADIS & CO INC,7196.0,10486.0,14694.0,14256.0,12761.0,17762.0,16179.0,19588.0,16849.0,8110.0,6070.0,7774648.0,10277490.0,13705848.0,11831728.0,11885280.0,12225167.0,12354000.0,12144000.0,13429000.0
"MORRIS FINANCIAL CONCEPTS, INC.",0.0,0.0,0.0,0.0,0.0,0.0,0.0,0.0,0.0,0.0,0.0,0.0,0.0,0.0,0.0,0.0,0.0,273888.0,327038.0,507616.0
"MOSAIC FAMILY WEALTH PARTNERS, LLC",0.0,0.0,0.0,0.0,0.0,0.0,0.0,0.0,0.0,0.0,0.0,327102.0,630353.0,957449.0,1015441.0,41617474.0,1978410.0,3410828.0,3402839.0,3654138.0
"MOSAIC FINANCIAL GROUP, LLC",0.0,0.0,0.0,0.0,0.0,0.0,0.0,0.0,0.0,0.0,0.0,0.0,0.0,0.0,0.0,0.0,695.0,1571.0,1417.0,1378.0
MOSELEY INVESTMENT MANAGEMENT INC,902.0,1358.0,1800.0,1905.0,2063.0,3088.0,3226.0,4249.0,3685.0,2020.0,1679.0,1987541.0,3370303.0,5049813.0,5077901.0,5456171.0,9975033.0,13638551.0,12346195.0,11255579.0
MOTCO,16.0,22.0,91.0,49.0,18.0,31.0,100.0,142.0,159.0,6155.0,5232.0,6345691.0,11906611.0,9401196.0,9330536.0,10543729.0,11889042.0,15530955.0,13550275.0,14285502.0
MOTIVE WEALTH ADVISORS,0.0,0.0,0.0,0.0,0.0,0.0,0.0,0.0,232.0,0.0,0.0,275035.0,494431.0,769897.0,778198.0,668547.0,2076381.0,2799046.0,2799046.0,3338315.0
MOUNTAIN PACIFIC INVESTMENT ADVISERS INC/ID,0.0,0.0,220.0,213.0,265.0,0.0,0.0,0.0,0.0,0.0,0.0,0.0,0.0,0.0,0.0,0.0,664117.0,0.0,0.0,0.0
MOUNTAIN PACIFIC INVESTMENT ADVISERS LLC,0.0,0.0,0.0,0.0,0.0,0.0,0.0,0.0,0.0,0.0,0.0,0.0,0.0,0.0,0.0,0.0,0.0,431155.0,427469.0,468672.0
"MPS Loria Financial Planners, LLC",586.0,423.0,603.0,24.0,24.0,0.0,0.0,0.0,0.0,0.0,0.0,0.0,0.0,500011.0,359304.0,414998.0,771647.0,1458773.0,1550575.0,1862719.0
"MPWM ADVISORY SOLUTIONS, LLC",0.0,0.0,0.0,0.0,0.0,0.0,0.0,0.0,0.0,0.0,0.0,0.0,0.0,0.0,0.0,0.0,0.0,0.0,0.0,1989073.0
MQS Management LLC,0.0,0.0,0.0,0.0,0.0,0.0,0.0,369.0,0.0,0.0,0.0,0.0,265548.0,687831.0,338857.0,221859.0,0.0,394216.0,0.0,0.0
MRA Advisory Group,0.0,0.0,0.0,0.0,0.0,0.0,0.0,0.0,0.0,0.0,0.0,0.0,0.0,0.0,0.0,1736482.0,2739284.0,3982689.0,4072684.0,4010559.0
"MRP Capital Investments, LLC",0.0,0.0,0.0,0.0,0.0,0.0,0.0,0.0,0.0,0.0,0.0,0.0,0.0,42302.0,0.0,0.0,442744.0,809187.0,1519857.0,1620255.0
"MSA Advisors, LLC",0.0,0.0,0.0,0.0,0.0,0.0,0.0,0.0,0.0,0.0,0.0,0.0,0.0,0.0,0.0,0.0,0.0,271788.0,267190.0,295438.0
MSH Capital Advisors LLC,0.0,0.0,0.0,0.0,0.0,0.0,0.0,349999.0,370840.0,264841.0,0.0,236098.0,461556.0,739290.0,697975.0,614073.0,1239684.0,2117970.0,2139166.0,2087406.0
"MTM Investment Management, LLC",0.0,0.0,0.0,0.0,0.0,242.0,248.0,352.0,354.0,0.0,0.0,0.0,293887.0,422185.0,434132.0,444722.0,806003.0,1102016.0,1026883.0,1081080.0
MUFG SECURITIES AMERICAS INC.,0.0,0.0,0.0,0.0,0.0,0.0,0.0,0.0,0.0,0.0,0.0,0.0,0.0,0.0,0.0,0.0,0.0,0.0,0.0,48626812.0
MUFG Securities EMEA plc,50842.0,111578.0,118638.0,338194.0,174313.0,92790.0,325329.0,453660.0,1060998.0,18739.0,18839.0,61875.0,75130.0,64087530.0,123398398.0,91480505.0,1145714.0,62011150.0,171473280.0,799135752.0
MUIRFIELD WEALTH ADVISORS LLC,0.0,0.0,0.0,0.0,0.0,0.0,0.0,0.0,0.0,0.0,0.0,0.0,0.0,0.0,0.0,1540981.0,2794568.0,3348007.0,3344286.0,0.0
MURPHY CAPITAL MANAGEMENT INC,0.0,0.0,0.0,0.0,0.0,0.0,475.0,1209.0,1007.0,437.0,0.0,0.0,0.0,0.0,0.0,0.0,0.0,0.0,0.0,0.0
MUTUAL OF AMERICA CAPITAL MANAGEMENT LLC,27467.0,32510.0,43503.0,40748.0,42754.0,65021.0,67732.0,97085.0,91038.0,53336.0,43352.0,53439306.0,100472187.0,154464484.0,154296173.0,167884532.0,300033423.0,399418039.0,382295913.0,408986372.0
"MV CAPITAL MANAGEMENT, INC.",0.0,0.0,0.0,0.0,8.0,134.0,196.0,312.0,314.0,194.0,1238.0,1577874.0,3212688.0,5207800.0,5520459.0,6430927.0,12011927.0,16520263.0,14681854.0,16278769.0
MWA Asset Management,0.0,0.0,0.0,0.0,0.0,0.0,0.0,0.0,0.0,0.0,0.0,0.0,0.0,0.0,1919180.0,2173523.0,3288053.0,4280040.0,4509796.0,4974373.0
"MYCIO WEALTH PARTNERS, LLC",0.0,0.0,0.0,0.0,0.0,0.0,0.0,0.0,0.0,0.0,0.0,0.0,0.0,0.0,0.0,0.0,245769.0,355796.0,349748.0,365269.0
MYDA Advisors LLC,0.0,0.0,0.0,0.0,0.0,0.0,4143.0,0.0,0.0,0.0,0.0,0.0,555540.0,5287750.0,30448865.0,27732320.0,10842720.0,0.0,19794720.0,16786250.0
"MYECFO, LLC",0.0,0.0,0.0,0.0,0.0,0.0,0.0,0.0,0.0,0.0,0.0,0.0,0.0,0.0,0.0,0.0,212337.0,290319.0,394923.0,456855.0
"Mach-1 Financial Group, Inc.",0.0,0.0,0.0,1122.0,19.0,0.0,0.0,12.0,0.0,0.0,0.0,0.0,0.0,0.0,0.0,0.0,0.0,0.0,0.0,0.0
"Mach-1 Financial Group, LLC",0.0,0.0,0.0,0.0,0.0,0.0,0.0,0.0,54.0,463.0,390.0,459172.0,808365554.0,1849446.0,1736483.0,2492446.0,2099878.0,2801646.0,3138131.0,3447634.0
Machina Capital S.A.S.,0.0,0.0,0.0,0.0,0.0,0.0,373.0,324.0,0.0,0.0,0.0,0.0,0.0,0.0,2651699.0,937451.0,2173965.0,649450.0,1957127.0,2472682.0
"Madison Asset Management, LLC",0.0,0.0,0.0,0.0,0.0,0.0,0.0,0.0,0.0,0.0,0.0,0.0,0.0,0.0,643350.0,941413.0,0.0,2942723.0,2883107.0,3188179.0
"Madison Investment Advisors, LLC",0.0,0.0,0.0,0.0,0.0,0.0,0.0,0.0,0.0,0.0,0.0,0.0,0.0,0.0,0.0,0.0,0.0,0.0,0.0,6376358.0
"Madison Park Capital Advisors, LLC",0.0,0.0,0.0,0.0,0.0,0.0,0.0,0.0,0.0,0.0,0.0,0.0,0.0,0.0,0.0,0.0,330703.0,510226.0,513697.0,542550.0
"Madison Wealth Partners, Inc",0.0,0.0,0.0,0.0,0.0,0.0,0.0,0.0,0.0,0.0,0.0,0.0,0.0,297837.0,364556.0,589849.0,1033751.0,1480040.0,2210833.0,2487660.0
"Madrona Financial Services, LLC",0.0,0.0,0.0,0.0,0.0,0.0,0.0,0.0,0.0,0.0,0.0,0.0,0.0,360836.0,742092.0,462154.0,933585.0,1206652.0,1249047.0,1797646.0
Magnetar Financial LLC,0.0,0.0,0.0,519.0,0.0,0.0,0.0,0.0,0.0,0.0,0.0,1427.0,0.0,0.0,0.0,0.0,0.0,0.0,0.0,0.0
"Magnolia Private Wealth, LLC",0.0,0.0,0.0,0.0,0.0,0.0,0.0,0.0,0.0,0.0,0.0,0.0,0.0,0.0,0.0,0.0,0.0,0.0,0.0,4519396.0
Magnus Financial Group LLC,350.0,710.0,546.0,608.0,0.0,312.0,696.0,1006.0,899.0,412.0,0.0,0.0,510860.0,1016592.0,1028867.0,1193136.0,2330580.0,3746954.0,4082070.0,5003913.0
Maia Wealth LLC,0.0,0.0,0.0,0.0,0.0,0.0,0.0,0.0,0.0,0.0,0.0,0.0,0.0,0.0,0.0,281293.0,0.0,1650848.0,1756102.0,1714064.0
"Main Line Retirement Advisors, LLC",0.0,0.0,0.0,0.0,0.0,0.0,0.0,0.0,0.0,0.0,0.0,0.0,0.0,0.0,0.0,285832.0,475466.0,559703.0,648556.0,760161.0
"Main Management ETF Advisors, LLC",0.0,0.0,0.0,0.0,0.0,0.0,0.0,0.0,0.0,0.0,0.0,0.0,0.0,0.0,0.0,0.0,0.0,0.0,5748.0,5832.0
"Main Street Financial Solutions, LLC",0.0,0.0,0.0,2454.0,2537.0,3540.0,4144.0,6552.0,6907.0,4062.0,3037.0,3104755.0,6068382.0,9025883.0,8760154.0,9853473.0,17648095.0,24149681.0,21615502.0,32146831.0
"Main Street Group, LTD",0.0,0.0,0.0,0.0,0.0,0.0,0.0,0.0,0.0,0.0,0.0,0.0,0.0,0.0,0.0,608659.0,1133220.0,1549061.0,1465275.0,1595232.0
Main Street Research LLC,8536.0,13208.0,19924.0,20312.0,21986.0,33888.0,35948.0,51698.0,32670.0,420.0,724.0,1059111.0,1134296.0,1637033.0,22158779.0,37171228.0,67825497.0,94383688.0,95452408.0,83132057.0
MainStreet Investment Advisors LLC,1208.0,2527.0,0.0,0.0,0.0,0.0,0.0,0.0,0.0,0.0,0.0,0.0,0.0,0.0,0.0,0.0,0.0,10593431.0,9462605.0,10632814.0
"Mainsail Financial Group, LLC",0.0,0.0,0.0,0.0,0.0,0.0,0.0,0.0,0.0,0.0,0.0,0.0,0.0,0.0,0.0,707398.0,1118623.0,1537603.0,1406118.0,1470506.0
Mainstream Capital Management LLC,0.0,0.0,0.0,0.0,0.0,0.0,0.0,0.0,0.0,0.0,0.0,0.0,0.0,0.0,0.0,0.0,0.0,0.0,3495408.0,3920059.0
Majedie Asset Management Ltd,0.0,0.0,0.0,0.0,7125.0,13263.0,13666.0,17933.0,13756.0,0.0,0.0,0.0,0.0,0.0,0.0,0.0,0.0,0.0,0.0,0.0
"Malaga Cove Capital, LLC",0.0,0.0,0.0,0.0,0.0,0.0,233.0,334.0,310.0,462.0,588.0,656315.0,1259687.0,1918396.0,1963980.0,1878369.0,3427203.0,3927213.0,3131209.0,3029314.0
"Maltin Wealth Management, Inc.",0.0,0.0,0.0,0.0,0.0,0.0,0.0,0.0,0.0,0.0,0.0,0.0,0.0,440063.0,0.0,0.0,0.0,0.0,0.0,0.0
Man Group plc,0.0,0.0,0.0,0.0,0.0,0.0,0.0,0.0,0.0,0.0,30920.0,0.0,0.0,0.0,0.0,0.0,0.0,0.0,0.0,0.0
Manchester Capital Management LLC,761.0,1097.0,863.0,576.0,912.0,1307.0,1388.0,1873.0,1792.0,985.0,822.0,885316.0,2184384.0,3866403.0,3390748.0,4201447.0,9120141.0,12164322.0,12435699.0,13483656.0
Manchester Global Management (UK) Ltd,0.0,0.0,0.0,0.0,0.0,0.0,0.0,0.0,0.0,0.0,0.0,0.0,0.0,0.0,5219880.0,7192575.0,38874765.0,23255170.0,0.0,0.0
Mandatum Life Insurance Co Ltd,0.0,0.0,3261.0,358.0,0.0,613.0,661.0,1152.0,1113.0,504.0,405.0,584.0,1025249.0,1259754.0,1199702.0,2900999.0,1762846.0,1958356.0,1459709.0,1187392.0
"Mango Five Family, Inc.",0.0,0.0,0.0,0.0,0.0,0.0,0.0,0.0,0.0,0.0,0.0,0.0,0.0,0.0,0.0,49624015.0,90464427.0,0.0,0.0,0.0
"Manhattan West Asset Management, LLC",0.0,0.0,0.0,0.0,0.0,0.0,0.0,279.0,1324.0,1020.0,1005.0,1052941.0,1566628.0,2290238.0,2383402.0,5382557.0,11486076.0,12869195.0,13122961.0,14821116.0
Manning & Napier Advisors LLC,0.0,0.0,0.0,0.0,0.0,0.0,0.0,0.0,0.0,0.0,0.0,0.0,0.0,0.0,0.0,0.0,0.0,43580341.0,67243999.0,77946213.0
"Manning & Napier Group, LLC",0.0,0.0,0.0,0.0,0.0,0.0,0.0,0.0,0.0,0.0,0.0,0.0,0.0,0.0,0.0,0.0,31321.0,0.0,0.0,0.0
Manteio Capital LLC,0.0,0.0,0.0,0.0,0.0,0.0,0.0,324.0,0.0,0.0,0.0,0.0,0.0,0.0,0.0,0.0,0.0,0.0,0.0,0.0
"Manuka Financial, LLC",0.0,0.0,0.0,0.0,0.0,0.0,0.0,0.0,0.0,0.0,0.0,0.0,0.0,0.0,0.0,0.0,0.0,0.0,0.0,21136360.0
"Maple Capital Management, Inc.",0.0,268.0,377.0,370.0,379.0,578.0,567.0,10702.0,15944.0,9418.0,10379.0,12816638.0,25929026.0,33119614.0,33808845.0,38558462.0,63912666.0,88302747.0,87706745.0,97424557.0
Marathon Capital Management,0.0,0.0,0.0,0.0,0.0,264.0,1045.0,557.0,0.0,276.0,221.0,0.0,0.0,0.0,0.0,0.0,0.0,0.0,0.0,0.0
Marathon Trading Investment Management LLC,0.0,0.0,0.0,0.0,0.0,0.0,0.0,0.0,327.0,0.0,0.0,0.0,0.0,0.0,0.0,0.0,0.0,0.0,0.0,13482716.0
"Marble Harbor Investment Counsel, LLC",216.0,312.0,427.0,424.0,441.0,661.0,685.0,972.0,868.0,497.0,398.0,478786.0,854479.0,1047487.0,1077127.0,1176748.0,2147050.0,2846624.0,4696707.0,5423721.0
"Marcum Wealth, LLC",0.0,0.0,0.0,0.0,474.0,734.0,847.0,1269.0,1284.0,947.0,1034.0,1166637.0,3005487.0,3096085.0,4120662.0,4530768.0,7604362.0,10524006.0,10195143.0,11311808.0
"Marest Capital, LLC",0.0,0.0,0.0,0.0,0.0,0.0,0.0,0.0,0.0,0.0,0.0,0.0,0.0,0.0,0.0,0.0,575846.0,775037.0,732226.0,815341.0
Maridea Wealth Management LLC,0.0,0.0,0.0,0.0,0.0,0.0,0.0,0.0,0.0,0.0,0.0,0.0,0.0,0.0,0.0,0.0,0.0,0.0,0.0,4841033.0
"Marietta Wealth Management, LLC",1299.0,2922.0,3799.0,3943.0,4471.0,6819.0,6356.0,7960.0,7684.0,4784.0,4358.0,5496241.0,8635158.0,10807923.0,10288144.0,11678007.0,19447733.0,23259196.0,22091344.0,24423009.0
"Mariner, LLC",19222.0,38563.0,57494.0,56305.0,66020.0,110566.0,128264.0,200423.0,190023.0,112709.0,97416.0,139001.0,273227.0,422981382.0,448693067.0,492151788.0,1063167072.0,1631992866.0,1752570547.0,2226328527.0
Marion Wealth Management,0.0,0.0,0.0,0.0,0.0,0.0,0.0,904.0,846.0,560.0,438.0,538258.0,1023629.0,1346120.0,1516448.0,1674422.0,2802996.0,3300829.0,3021391.0,3323508.0
"Marks Group Wealth Management, Inc",0.0,211.0,213.0,207.0,0.0,208.0,212.0,481.0,329.0,207.0,0.0,209107.0,290253.0,471671.0,457201.0,984548.0,1828016.0,2477439.0,2681959.0,2968275.0
"Marks Wealth, LLC",0.0,0.0,0.0,602.0,606.0,908.0,931.0,1412.0,1544.0,653.0,0.0,0.0,0.0,0.0,0.0,0.0,0.0,0.0,0.0,0.0
"Marquette Asset Management, LLC",8.0,11.0,16.0,16.0,16.0,24.0,50.0,35.0,35.0,19.0,0.0,0.0,0.0,0.0,0.0,0.0,0.0,0.0,0.0,0.0
Marshall & Sterling Wealth Advisors Inc.,0.0,0.0,0.0,0.0,0.0,0.0,0.0,0.0,0.0,0.0,0.0,0.0,0.0,0.0,0.0,0.0,0.0,0.0,0.0,348602.0
Marshall Financial Group LLC,0.0,0.0,0.0,1602.0,1785.0,2278.0,2316.0,3553.0,3467.0,2413.0,1987.0,2625795.0,3308988.0,4692853.0,4626432.0,4453386.0,7972788.0,10063651.0,0.0,0.0
"Marshall Financial Group, LLC",0.0,0.0,0.0,0.0,0.0,0.0,0.0,0.0,0.0,0.0,0.0,0.0,0.0,0.0,0.0,0.0,0.0,0.0,9972224.0,10850617.0
Marshall Wace North America L.P.,68287.0,0.0,24198.0,10294.0,0.0,0.0,49245.0,0.0,0.0,0.0,0.0,0.0,0.0,0.0,0.0,0.0,0.0,0.0,0.0,0.0
Martel Wealth Advisors Inc,0.0,0.0,0.0,0.0,0.0,0.0,0.0,0.0,479142.0,0.0,0.0,0.0,0.0,0.0,0.0,216906.0,272875.0,353324.0,357271.0,384069.0
"Martin Capital Advisors, LLP",0.0,0.0,0.0,0.0,0.0,0.0,0.0,1608.0,1509.0,838.0,678.0,818822.0,1484125.0,2340570.0,2908778.0,3312527.0,6021324.0,7001012.0,6833793.0,9765972.0
"Martin Investment Management, LLC",0.0,0.0,0.0,0.0,0.0,232.0,273.0,388.0,360.0,203.0,0.0,0.0,324991.0,490703.0,504588.0,574455.0,1048130.0,1482480.0,1471853.0,1631489.0
Martin Worley Group,0.0,0.0,0.0,0.0,0.0,0.0,0.0,0.0,0.0,0.0,0.0,0.0,0.0,0.0,0.0,0.0,0.0,0.0,0.0,375609.0
Maryland Capital Management,1447.0,1232.0,1663.0,1632.0,1636.0,2420.0,2374.0,3510.0,3610.0,2080.0,1343.0,0.0,0.0,0.0,0.0,0.0,0.0,0.0,0.0,0.0
Maryland State Retirement & Pension System,0.0,0.0,0.0,4967.0,24213.0,37669.0,38347.0,53970.0,50456.0,28130.0,0.0,27611545.0,51946601.0,76961721.0,79484853.0,91416126.0,156879316.0,229039083.0,163430916.0,169859795.0
Mascoma Wealth Management LLC,0.0,0.0,0.0,0.0,0.0,0.0,47.0,122.0,301.0,153.0,107.0,116873.0,221160.0,226893.0,238375.0,271381.0,495151.0,700472.0,688565.0,815006.0
Mason & Associates Inc,0.0,0.0,0.0,0.0,0.0,0.0,0.0,711.0,1457.0,915.0,742.0,623350.0,1184815.0,1784067.0,1788451.0,1963789.0,3593905.0,4125573.0,4585600.0,5343265.0
"Mason & Associates, LLC",0.0,0.0,0.0,0.0,0.0,0.0,0.0,0.0,0.0,0.0,0.0,0.0,0.0,0.0,0.0,0.0,3957000.0,0.0,0.0,0.0
"Mason Investment Advisory Services, Inc.",0.0,0.0,0.0,0.0,0.0,0.0,0.0,0.0,0.0,0.0,0.0,0.0,0.0,0.0,0.0,0.0,0.0,406479.0,0.0,0.0
Mass Ave Global Inc.,0.0,0.0,0.0,0.0,0.0,0.0,0.0,10131.0,1344.0,11390.0,10408.0,2554966.0,0.0,0.0,0.0,0.0,0.0,0.0,0.0,0.0
"MassMutual Private Wealth & Trust, FSB",0.0,0.0,0.0,0.0,0.0,0.0,0.0,0.0,0.0,0.0,0.0,0.0,0.0,0.0,0.0,0.0,0.0,0.0,0.0,152733926.0
Massachusetts Wealth Management,0.0,0.0,0.0,0.0,0.0,0.0,0.0,0.0,0.0,0.0,0.0,344828.0,504153.0,767781.0,789507.0,824541.0,1536052.0,2125135.0,2682245.0,2972778.0
Masso Torrence Wealth Management Inc.,0.0,0.0,0.0,0.0,0.0,0.0,0.0,3689.0,3544.0,2683.0,2309.0,2806690.0,5356462.0,7823671.0,8324486.0,9470764.0,15510268.0,21077183.0,20292162.0,21358004.0
"Mathes Company, Inc.",464.0,3352.0,4048.0,3992.0,4074.0,6122.0,5889.0,7193.0,6278.0,3367.0,2684.0,3173.0,0.0,8641.0,6102.0,6898.0,11585.0,15580.0,11560.0,12119.0
Matisse Capital,0.0,0.0,0.0,0.0,0.0,0.0,0.0,0.0,0.0,0.0,0.0,0.0,0.0,0.0,0.0,1125214.0,1242531.0,892894.0,1029516.0,1116174.0
"Matrix Capital Management Company, LP",0.0,0.0,0.0,0.0,0.0,0.0,0.0,0.0,0.0,0.0,218502.0,741368220.0,1504013442.0,1338308374.0,1376177863.0,1638441313.0,2402125103.0,3284325725.0,0.0,0.0
Matrix Trust Co,0.0,0.0,0.0,0.0,0.0,0.0,0.0,0.0,0.0,0.0,0.0,0.0,0.0,0.0,0.0,0.0,0.0,0.0,0.0,155.0
Mattern Wealth Management LLC,0.0,0.0,570.0,510.0,440.0,676.0,750.0,1091.0,1127.0,682.0,425.0,511782.0,924696.0,1393428.0,1438512.0,1478732.0,2806475.0,3856943.0,4039716.0,4465830.0
Matthew 25 Management Corp,0.0,0.0,0.0,0.0,0.0,0.0,0.0,0.0,0.0,0.0,0.0,0.0,0.0,0.0,0.0,14361380.0,29817480.0,46327500.0,48576000.0,56401800.0
"Matthew Goff Investment Advisor, LLC",0.0,0.0,0.0,0.0,0.0,0.0,0.0,0.0,0.0,0.0,0.0,0.0,0.0,0.0,0.0,0.0,0.0,1209580.0,1385867.0,1543808.0
"Mattson Financial Services, LLC",0.0,0.0,0.0,0.0,0.0,0.0,0.0,0.0,0.0,0.0,0.0,0.0,0.0,0.0,0.0,0.0,0.0,6614714.0,6569869.0,0.0
Mawer Investment Management Ltd.,0.0,0.0,0.0,0.0,0.0,0.0,0.0,0.0,0.0,0.0,0.0,0.0,0.0,0.0,0.0,0.0,0.0,0.0,0.0,268580.0
Maxi Investments CY Ltd,0.0,0.0,0.0,0.0,0.0,0.0,0.0,0.0,2729.0,538.0,431.0,519.0,0.0,0.0,0.0,0.0,2013.0,5559.0,3528.0,2619.0
Maxwell Wealth Strategies Inc.,0.0,0.0,0.0,0.0,0.0,0.0,0.0,0.0,0.0,0.0,0.0,0.0,0.0,0.0,0.0,0.0,513825.0,574461.0,657717.0,631297.0
May Barnhard Investments LLC,0.0,0.0,0.0,0.0,0.0,0.0,0.0,0.0,0.0,0.0,0.0,0.0,0.0,0.0,0.0,0.0,0.0,0.0,0.0,1224887.0
"May Hill Capital, LLC",0.0,0.0,0.0,0.0,0.0,0.0,0.0,0.0,0.0,0.0,0.0,0.0,0.0,0.0,0.0,0.0,0.0,0.0,0.0,3982939.0
"MayTech Global Investments, LLC",13628.0,19739.0,28496.0,26538.0,27191.0,38959.0,40584.0,110788.0,35681.0,20405.0,15599.0,20460330.0,37649499.0,64927252.0,114139794.0,64253654.0,111243727.0,150159438.0,146455963.0,157283192.0
"Mayfair Advisory Group, LLC",0.0,207.0,303.0,337.0,379.0,512.0,494.0,686.0,615.0,402.0,201.0,270220.0,456514.0,725138.0,785934.0,821790.0,1663538.0,2306544.0,2237946.0,2744227.0
"Mayflower Financial Advisors, LLC",0.0,0.0,0.0,1280.0,1323.0,2167.0,2494.0,3276.0,3159.0,1744.0,1786.0,1579922.0,3327969.0,5072444.0,4524343.0,5145846.0,5670046.0,7854860.0,7797626.0,8574389.0
"Maytus Capital Management, LLC",0.0,0.0,0.0,0.0,0.0,0.0,0.0,6765.0,0.0,0.0,0.0,7380070.0,8749755.0,10575500.0,12049223.0,8913960.0,15360520.0,4632750.0,6072000.0,5707325.0
"McAdam, LLC",0.0,0.0,0.0,302.0,255.0,430.0,507.0,855.0,941.0,498.0,372.0,855.0,837867.0,1187362.0,1352847.0,1596533.0,7316008.0,10453247.0,10854704.0,12220179.0
"McAlister, Sweet & Associates, Inc.",0.0,0.0,0.0,0.0,0.0,0.0,0.0,382.0,970.0,638.0,0.0,0.0,284714.0,433596.0,804732.0,705689.0,1287573.0,5242543.0,5958211.0,6657024.0
"McBroom & Associates, LLC",0.0,0.0,0.0,0.0,0.0,0.0,0.0,8489.0,7529.0,4189.0,3317.0,4002336.0,7108968.0,8876652.0,8376167.0,9224958.0,14615083.0,19371196.0,18588335.0,19417931.0
"McCarthy Asset Management, Inc.",0.0,0.0,0.0,73.0,74.0,111.0,115.0,164.0,152.0,0.0,0.0,0.0,0.0,235199.0,241854.0,275342.0,502379.0,686882.0,0.0,0.0
"McClarren Financial Advisors, Inc.",0.0,0.0,0.0,0.0,0.0,0.0,0.0,0.0,0.0,0.0,0.0,0.0,0.0,0.0,0.0,0.0,0.0,1.0,1.0,10.0
McCollum Christoferson Group LLC,0.0,0.0,0.0,0.0,0.0,0.0,0.0,0.0,0.0,0.0,0.0,0.0,0.0,0.0,0.0,0.0,0.0,1761680.0,1809456.0,2043625.0
McDonald Partners LLC,0.0,0.0,0.0,0.0,0.0,0.0,0.0,588220.0,2703.0,1642.0,1315.0,0.0,0.0,0.0,0.0,0.0,0.0,0.0,0.0,0.0
"McDonough Capital Management, Inc",0.0,0.0,0.0,0.0,0.0,0.0,0.0,754.0,927.0,624.0,484.0,1196360.0,1171068.0,1930815.0,2054580.0,2555812.0,4983133.0,8151496.0,9109894.0,11647806.0
"McElhenny Sheffield Capital Management, LLC",0.0,0.0,0.0,0.0,0.0,0.0,0.0,0.0,0.0,0.0,0.0,212289.0,0.0,0.0,0.0,0.0,246474.0,302939.0,341680.0,402684.0
"McGinn Investment Management, Inc.",0.0,0.0,0.0,0.0,0.0,0.0,0.0,382.0,0.0,0.0,0.0,0.0,0.0,0.0,0.0,0.0,0.0,0.0,0.0,0.0
"McGlone Suttner Wealth Management, Inc.",0.0,0.0,0.0,0.0,0.0,0.0,0.0,0.0,0.0,0.0,0.0,284063.0,708280.0,1126528.0,1197588.0,1380760.0,2796716.0,1380760.0,3691506.0,4050841.0
"McGowan Group Asset Management, Inc.",0.0,0.0,0.0,0.0,0.0,0.0,0.0,0.0,0.0,0.0,0.0,0.0,0.0,0.0,0.0,0.0,0.0,709137.0,848761.0,806860.0
"McGrath & Associates, Inc.",0.0,0.0,0.0,0.0,0.0,0.0,0.0,0.0,0.0,0.0,0.0,0.0,0.0,0.0,0.0,0.0,0.0,0.0,0.0,502783.0
"McGuire Investment Group, LLC",689.0,993.0,1420.0,1406.0,6073.0,9213.0,10487.0,14647.0,27770.0,7684.0,6271.0,7616086.0,14381542.0,21255909.0,22140991.0,25364673.0,40332208.0,49179544.0,47080709.0,52212489.0
"McHugh Group, LLC",0.0,0.0,0.0,0.0,0.0,0.0,0.0,0.0,0.0,0.0,0.0,0.0,0.0,0.0,0.0,0.0,0.0,0.0,0.0,17091099.0
"McIlrath & Eck, LLC",51.0,87.0,140.0,151.0,117.0,194.0,177.0,286.0,272.0,130.0,125.0,150816.0,299714.0,430211.0,506767.0,613094.0,1631858.0,2118888.0,2473178.0,2709535.0
"McKinley Carter Wealth Services, Inc.",0.0,0.0,0.0,0.0,0.0,0.0,0.0,232.0,211.0,0.0,0.0,0.0,227772.0,352800.0,565507.0,763175.0,1548793.0,3270717.0,3539972.0,9677619.0
McLean Asset Management Corp,0.0,0.0,0.0,0.0,0.0,0.0,247.0,517.0,537.0,296.0,224.0,234287.0,1025829.0,670954.0,726871.0,870559.0,1532330.0,2601826.0,5842732.0,6436387.0
"McMahon Financial Advisors, LLC",0.0,69144.0,0.0,0.0,0.0,0.0,0.0,0.0,0.0,0.0,0.0,0.0,0.0,0.0,0.0,0.0,0.0,0.0,0.0,0.0
"McNamara Financial Services, Inc.",0.0,0.0,0.0,0.0,0.0,0.0,0.0,0.0,0.0,0.0,0.0,0.0,0.0,0.0,0.0,0.0,0.0,0.0,2003760.0,0.0
"McNaughton Wealth Management, LLC",0.0,0.0,0.0,0.0,0.0,0.0,0.0,0.0,285.0,385.0,374.0,518651.0,960251.0,1262715.0,914784.0,1133063.0,1965243.0,2314645.0,2116699.0,2327111.0
Meadow Creek Wealth Advisors LLC,0.0,0.0,0.0,0.0,0.0,0.0,0.0,977.0,1130.0,585.0,469.0,0.0,0.0,0.0,0.0,1944334.0,3622556.0,5309033.0,5313268.0,5628927.0
MeadowBrook Investment Advisors LLC,0.0,0.0,0.0,0.0,0.0,0.0,0.0,0.0,0.0,0.0,0.0,0.0,0.0,0.0,0.0,1868465.0,2780254.0,3803797.0,3782856.0,4171047.0
"Measured Risk Portfolios, Inc.",0.0,0.0,0.0,0.0,0.0,0.0,0.0,0.0,0.0,0.0,0.0,0.0,0.0,0.0,0.0,0.0,0.0,0.0,0.0,1258969.0
"Measured Wealth Private Client Group, LLC",0.0,0.0,568.0,548.0,561.0,840.0,834.0,1195.0,1124.0,616.0,494.0,594351.0,1213299.0,1727614.0,1520725.0,1765955.0,3231060.0,4526162.0,4259170.0,4866565.0
Mechanics Bank Trust Department,0.0,0.0,256.0,0.0,445.0,1046.0,1605.0,2462.0,3083.0,2206.0,1980.0,2248071.0,3752950.0,3316476.0,3288524.0,3836469.0,5986085.0,7785737.0,8145830.0,9155892.0
Mechanics Financial Corp,0.0,0.0,0.0,0.0,0.0,0.0,0.0,0.0,0.0,0.0,0.0,0.0,0.0,0.0,0.0,0.0,688513.0,1798742.0,3037457.0,0.0
Mediolanum International Funds Ltd,0.0,0.0,0.0,0.0,0.0,0.0,0.0,0.0,0.0,0.0,0.0,0.0,0.0,0.0,0.0,0.0,327538008.0,402962754.0,429916829.0,457458992.0
"Meeder Advisory Services, Inc.",0.0,0.0,0.0,0.0,0.0,0.0,0.0,0.0,0.0,0.0,0.0,5986946.0,10254210.0,15877709.0,13776647.0,15974401.0,30472776.0,57573130.0,58285644.0,67268220.0
Meiji Yasuda Life Insurance Co,3484.0,5305.0,7972.0,6554.0,6253.0,9991.0,10049.0,12562.0,10472.0,7063.0,6193.0,7614.0,14804.0,22937.0,29744616.0,40157885.0,61594782.0,86274035.0,83986447.0,96952411.0
"Melone Private Wealth, LLC",0.0,0.0,0.0,0.0,0.0,0.0,0.0,0.0,0.0,0.0,0.0,0.0,0.0,0.0,0.0,0.0,0.0,0.0,0.0,206963.0
Melqart Asset Management (UK) Ltd,0.0,0.0,0.0,0.0,0.0,0.0,0.0,16617.0,15962.0,0.0,16857.0,27306844.0,73835433.0,40622188.0,51009972.0,49779514.0,46339075.0,0.0,0.0,0.0
Members Trust Co,0.0,0.0,0.0,0.0,0.0,0.0,0.0,2166.0,1699.0,2445.0,1695.0,1747.0,0.0,3775508.0,377459.0,433812.0,982169.0,1442329000.0,1417812000.0,1644381000.0
Menard Financial Group LLC,0.0,902.0,1478.0,1421.0,1521.0,2424.0,2650.0,3731.0,3425.0,1456.0,1040.0,804062.0,1380239.0,2385412.0,3222418.0,3915726.0,8200760.0,11687593.0,11403792.0,12798257.0
Mendel Capital Management LLC,0.0,0.0,0.0,0.0,0.0,0.0,0.0,295.0,301.0,0.0,0.0,0.0,306734.0,467129.0,480356.0,546870.0,1024910.0,1493982.0,1376899.0,1581303.0
Mendel Money Management,0.0,0.0,0.0,0.0,0.0,0.0,0.0,0.0,0.0,0.0,0.0,0.0,0.0,0.0,0.0,0.0,262032.0,416330.0,409253.0,455915.0
"Mendota Financial Group, LLC",0.0,0.0,0.0,0.0,0.0,0.0,0.0,0.0,0.0,0.0,0.0,0.0,0.0,0.0,3495.0,3979.0,7259.0,9926.0,18865.0,14820.0
"Mengis Capital Management, Inc.",0.0,0.0,0.0,0.0,0.0,292.0,303.0,427.0,314.0,0.0,0.0,0.0,292231.0,336724.0,335378.0,401624.0,1109114.0,2151677.0,1122110.0,1263676.0
"Mercer Capital Advisers, Inc.",0.0,0.0,0.0,0.0,70.0,117.0,121.0,0.0,0.0,0.0,0.0,0.0,0.0,0.0,0.0,0.0,0.0,0.0,0.0,0.0
Meredith Wealth Planning,0.0,0.0,0.0,0.0,0.0,0.0,0.0,0.0,0.0,0.0,0.0,0.0,0.0,244851.0,300532.0,267399.0,479767.0,652438.0,632725.0,793375.0
Meridian Financial Partners LLC,0.0,0.0,0.0,0.0,0.0,0.0,0.0,0.0,505.0,436.0,397.0,638.0,1101.0,731.0,709.0,1164.0,1816.0,2648.0,2864.0,3179.0
"Meridian Financial, LLC",0.0,0.0,0.0,0.0,0.0,0.0,0.0,0.0,0.0,0.0,0.0,0.0,0.0,0.0,0.0,0.0,334317.0,469452.0,442527.0,0.0
"Meridian Wealth Advisors, LLC",320.0,462.0,812.0,855.0,687.0,1051.0,1078.0,1510.0,2488.0,972.0,791.0,925342.0,1758828.0,2578732.0,2475985.0,2829734.0,5239854.0,7167094.0,7132918.0,7778826.0
"Meridian Wealth Management, LLC",3416.0,7818.0,14490.0,13782.0,14266.0,22045.0,22973.0,32238.0,28087.0,16910.0,13038.0,15859841.0,28904505.0,43785173.0,43619728.0,49074367.0,0.0,97267040.0,96599747.0,108456709.0
"Meridian Wealth Partners, LLC",25.0,31.0,52.0,65.0,115.0,0.0,358.0,190.0,0.0,0.0,0.0,0.0,0.0,0.0,0.0,0.0,0.0,0.0,0.0,0.0
Meridiem Capital Partners LP,0.0,0.0,0.0,0.0,0.0,0.0,0.0,0.0,0.0,0.0,0.0,0.0,0.0,0.0,0.0,0.0,0.0,0.0,0.0,41695165.0
Meridiem Investment Management Ltd.,0.0,0.0,0.0,0.0,0.0,0.0,0.0,0.0,0.0,0.0,0.0,0.0,0.0,0.0,0.0,0.0,270812.0,259256.0,151869.0,167838.0
"Meristem Family Wealth, LLC",291.0,295.0,360.0,882.0,935.0,2041.0,2380.0,3390.0,2995.0,0.0,0.0,0.0,0.0,0.0,0.0,0.0,0.0,0.0,0.0,0.0
"Merit Financial Group, LLC",950.0,1304.0,1590.0,1596.0,1539.0,2299.0,2403.0,3367.0,4177.0,6971.0,5460.0,6553349.0,7162632.0,10573113.0,11583594.0,7058775.0,28139523.0,42884388.0,39670066.0,65318113.0
"Meriwether Wealth & Planning, LLC",0.0,0.0,0.0,0.0,0.0,0.0,0.0,0.0,0.0,0.0,0.0,0.0,0.0,0.0,0.0,0.0,0.0,0.0,0.0,1076334.0
Merkkuri Wealth Advisors LLC,0.0,0.0,0.0,0.0,0.0,0.0,0.0,0.0,0.0,0.0,0.0,0.0,0.0,0.0,0.0,0.0,0.0,314396.0,3813798.0,418495.0
Merlin Capital LLC,0.0,0.0,0.0,0.0,0.0,0.0,0.0,791.0,592.0,329.0,279.0,335684.0,623594.0,678430.0,0.0,0.0,0.0,0.0,0.0,0.0
"Merlin Capital, Inc",0.0,0.0,0.0,0.0,0.0,0.0,0.0,0.0,0.0,0.0,0.0,0.0,0.0,0.0,669450.0,764620.0,933377.0,0.0,0.0,0.0
"Merriman Wealth Management, LLC",0.0,0.0,0.0,0.0,0.0,0.0,782.0,579.0,1680.0,411.0,278.0,243436.0,4098434.0,9025460.0,5501877.0,7529934.0,8227630.0,10215710.0,10536871.0,11641432.0
"Merrion Investment Management Co, LLC",0.0,0.0,0.0,4.0,0.0,0.0,0.0,229.0,209.0,0.0,0.0,0.0,208328.0,423020.0,434990.0,495220.0,903560.0,1235400.0,1092960.0,1195181.0
"Meru Capital Group, LP",0.0,0.0,649.0,0.0,0.0,0.0,0.0,0.0,0.0,0.0,0.0,0.0,0.0,0.0,0.0,0.0,0.0,0.0,0.0,0.0
"Mesirow Financial Investment Management, Inc.",0.0,0.0,0.0,0.0,0.0,0.0,0.0,0.0,0.0,0.0,0.0,0.0,0.0,0.0,0.0,5936135.0,9345528.0,12901073.0,12942262.0,14197308.0
Metavasi Capital LP,0.0,0.0,0.0,0.0,0.0,0.0,0.0,0.0,0.0,0.0,0.0,0.0,0.0,6768320.0,3914910.0,0.0,0.0,0.0,6072000.0,0.0
"Metis Global Partners, LLC",0.0,0.0,0.0,0.0,0.0,0.0,0.0,6884.0,10845.0,6285.0,5760.0,11474767.0,28453926.0,44138754.0,52402375.0,68619665.0,125545144.0,171436706.0,171697701.0,196711484.0
"Mezzasalma Advisors, LLC",0.0,0.0,0.0,0.0,0.0,264.0,273.0,388.0,366.0,394.0,319.0,379964.0,722202.0,1112543.0,1144024.0,5321634.0,11758026.0,17162300.0,17015566.0,18612728.0
Michael B. Yongue,0.0,0.0,266.0,317.0,826.0,0.0,0.0,0.0,0.0,0.0,0.0,0.0,0.0,0.0,0.0,0.0,0.0,0.0,0.0,0.0
"Michael S. Ryan, Inc.",0.0,0.0,0.0,0.0,0.0,0.0,0.0,0.0,0.0,0.0,0.0,0.0,0.0,568334.0,546452.0,663595.0,977652.0,1337938.0,1315195.0,1454361.0
"Michels Family Financial, LLC",0.0,0.0,0.0,0.0,0.0,0.0,0.0,0.0,0.0,0.0,0.0,0.0,0.0,0.0,0.0,0.0,0.0,0.0,0.0,465917.0
"Mid-American Wealth Advisory Group, Inc.",0.0,0.0,0.0,0.0,0.0,0.0,0.0,0.0,0.0,0.0,0.0,0.0,0.0,0.0,0.0,0.0,0.0,266066.0,275144.0,367664.0
"MidWestOne Financial Group, Inc.",0.0,0.0,0.0,0.0,0.0,0.0,0.0,0.0,0.0,0.0,381.0,0.0,220549.0,527506.0,351037.0,431337.0,905367.0,1425652.0,975042.0,987703.0
Middleton & Co Inc/MA,0.0,0.0,0.0,0.0,0.0,235.0,244.0,346.0,0.0,0.0,0.0,0.0,0.0,0.0,0.0,0.0,0.0,0.0,0.0,0.0
"Midwest Capital Advisors, LLC",0.0,0.0,0.0,0.0,0.0,0.0,0.0,0.0,0.0,0.0,0.0,0.0,0.0,0.0,0.0,0.0,0.0,0.0,0.0,802850.0
Midwest Financial Group LLC,0.0,0.0,0.0,0.0,0.0,0.0,0.0,0.0,0.0,0.0,0.0,0.0,0.0,0.0,0.0,0.0,0.0,637000.0,653000.0,735948.0
"Midwest Professional Planners, LTD.",2230.0,2698.0,3932.0,3387.0,2230.0,4961.0,5062.0,6931.0,6431.0,3612.0,2940.0,3608679.0,6966006.0,8185159.0,6900401.0,7909114.0,10117087.0,12929246.0,13110462.0,12904149.0
Midwest Wealth Management Inc.,0.0,0.0,0.0,1878.0,1936.0,2881.0,0.0,4028.0,3788.0,0.0,0.0,0.0,0.0,0.0,0.0,0.0,0.0,0.0,0.0,0.0
Milestone Resources Group Ltd,0.0,0.0,0.0,0.0,0.0,89359.0,234772.0,166656.0,154433.0,85797.0,68704.0,82712.0,78327.0,119482.0,122863.0,161494.0,396409.0,541993.0,822842.0,456163.0
Milestones Administradora de Recursos Ltda.,0.0,0.0,0.0,0.0,0.0,0.0,0.0,0.0,0.0,0.0,0.0,0.0,0.0,0.0,0.0,0.0,512319.0,2184681.0,3331585.0,0.0
"Mill Creek Capital Advisors, LLC",0.0,0.0,0.0,0.0,0.0,0.0,0.0,0.0,0.0,0.0,0.0,10513778.0,906364.0,1588440.0,1235967.0,1737232.0,2720619.0,5559424.0,3359152.0,4219189.0
Miller Financial Services LLC,0.0,0.0,0.0,0.0,0.0,0.0,0.0,0.0,0.0,0.0,0.0,0.0,0.0,0.0,0.0,0.0,0.0,0.0,0.0,1901038.0
"Millington Financial Advisors, LLC",0.0,0.0,0.0,0.0,0.0,0.0,0.0,0.0,0.0,0.0,0.0,0.0,0.0,0.0,0.0,0.0,205109.0,280437.0,273969.0,246193.0
"Millstone Evans Group, LLC",0.0,0.0,0.0,0.0,0.0,0.0,0.0,0.0,0.0,0.0,0.0,0.0,0.0,0.0,0.0,0.0,0.0,0.0,0.0,10813031.0
"Mine & Arao Wealth Creation & Management, LLC.",303.0,399.0,555.0,535.0,547.0,820.0,528.0,767.0,752.0,606.0,555.0,675407.0,1457539.0,2919383.0,3269966.0,3722969.0,6872518.0,8663024.0,8582785.0,9801896.0
"MinichMacGregor Wealth Management, LLC",0.0,828.0,1225.0,1155.0,1402.0,1849.0,2154.0,2482.0,2672.0,1818.0,1649.0,2213478.0,3532210.0,6158034.0,4651479.0,6701990.0,8936329.0,10837538.0,11197108.0,13153196.0
Minot DeBlois Advisors LLC,0.0,0.0,0.0,0.0,0.0,0.0,0.0,0.0,0.0,0.0,0.0,0.0,0.0,0.0,0.0,0.0,0.0,0.0,0.0,1912560.0
Minot Wealth Management LLC,362.0,3053.0,4170.0,4573.0,5196.0,0.0,8273.0,9957.0,9254.0,4570.0,0.0,0.0,0.0,0.0,0.0,0.0,0.0,0.0,0.0,0.0
Mint Tower Capital Management B.V.,0.0,2850.0,1515.0,25.0,8062.0,8881.0,22967.0,0.0,0.0,0.0,0.0,0.0,0.0,169.0,0.0,0.0,0.0,0.0,0.0,0.0
Mirabaud & Cie SA,0.0,0.0,0.0,0.0,0.0,0.0,0.0,0.0,0.0,0.0,0.0,0.0,0.0,0.0,0.0,15505338.0,25649358.0,32019715.0,30470875.0,33994842.0
Mirabaud Asset Management Ltd,0.0,0.0,0.0,0.0,0.0,0.0,0.0,0.0,0.0,0.0,0.0,0.0,0.0,0.0,0.0,9787033.0,15840310.0,14353618.0,12839750.0,12729374.0
"Miracle Mile Advisors, LLC",607.0,975.0,2219.0,2358.0,2424.0,4398.0,4874.0,6638.0,7748.0,4407.0,6314.0,5812019.0,10963103.0,16274986.0,16277942.0,18715097.0,35956004.0,50127863.0,47867117.0,67678612.0
Mirador Capital Partners LP,0.0,0.0,0.0,0.0,0.0,358.0,413.0,756.0,1267.0,715.0,241.0,216277.0,388860.0,601084.0,2128397.0,2258699.0,4665098.0,6910905.0,6669684.0,7406630.0
"Mirae Asset Global Investments Co., Ltd.",33273.0,35408.0,53334.0,43643.0,45315.0,26808.0,176824.0,250984.0,2009156.0,1268182.0,166393.0,210412664.0,344877843.0,442211994.0,379895472.0,412274612.0,794748573.0,1204590949.0,1251878656.0,1418038392.0
"Miramar Capital, LLC",0.0,0.0,0.0,0.0,0.0,0.0,0.0,0.0,641.0,268.0,228.0,286142.0,441654.0,0.0,0.0,0.0,0.0,0.0,0.0,0.0
"Mission Creek Capital Partners, Inc.",0.0,0.0,0.0,3399.0,3491.0,5082.0,5002.0,5912.0,5504.0,3114.0,2561.0,2891881.0,5014679.0,7386930.0,7176637.0,7017465.0,12248124.0,18561424.0,17733157.0,19841707.0
Missouri Trust & Investment Co,0.0,0.0,0.0,0.0,0.0,0.0,0.0,254.0,230.0,127.0,101.0,121.0,223605.0,296114.0,542433.0,875549.0,1299319.0,1945755.0,2300681.0,2583068.0
Mitsubishi UFJ Trust & Banking Corp,219547.0,589198.0,383286.0,356498.0,329242.0,460018.0,456046.0,617245.0,542092.0,324834.0,263901.0,320991834.0,582915067.0,867263759.0,854567434.0,914916474.0,1466758887.0,1773140094.0,1685021532.0,1751797472.0
Mittelman Wealth Management,0.0,0.0,0.0,0.0,0.0,0.0,0.0,0.0,0.0,0.0,0.0,0.0,0.0,0.0,0.0,0.0,491614.0,672203.0,660777.0,596485.0
"Miura Global Management, LLC",0.0,0.0,0.0,0.0,0.0,0.0,0.0,0.0,0.0,0.0,0.0,0.0,9721950.0,9517950.0,13049700.0,11885280.0,7228480.0,8647800.0,8500800.0,8057400.0
Mn Services Vermogensbeheer B.V.,129957.0,194365.0,281384.0,274941.0,0.0,279321.0,348407.0,504201.0,439421.0,146592.0,111051.0,115601.0,227529.0,208391.0,217681.0,241483.0,679322.0,907930.0,872702.0,985458.0
"Modera Wealth Management, LLC",0.0,0.0,0.0,0.0,0.0,233.0,333.0,1634.0,551.0,293.0,219.0,360674.0,975236.0,4416090.0,9266328.0,5273495.0,9765491.0,14250091.0,15414238.0,17920916.0
"Modern Wealth Management, LLC",0.0,0.0,0.0,0.0,0.0,0.0,0.0,0.0,0.0,0.0,0.0,0.0,0.0,0.0,0.0,1031091.0,4351075.0,7018641.0,7459638.0,14550152.0
"Modus Advisors, LLC",0.0,0.0,0.0,365.0,335.0,274.0,330.0,563.0,801.0,600.0,491.0,652110.0,1231697.0,1836428.0,2042379.0,2462865.0,4397896.0,6788200.0,6839790.0,7490056.0
"Moisand Fitzgerald Tamayo, LLC",20.0,25.0,35.0,39.0,40.0,59.0,61.0,87.0,131.0,152.0,154.0,262906.0,541930.0,813045.0,809952.0,922595.0,1648997.0,2145275.0,2003156.0,2117107.0
"Mokosak Advisory Group, LLC",0.0,0.0,0.0,0.0,0.0,0.0,0.0,0.0,0.0,0.0,0.0,0.0,0.0,0.0,0.0,0.0,0.0,0.0,0.0,246620.0
"Moloney Securities Asset Management, LLC",645.0,824.0,1322.0,1266.0,1457.0,2661.0,5892.0,3868.0,3508.0,2062.0,1835.0,2166541.0,3819172.0,4743465.0,4971752.0,5886546.0,10592270.0,14175888.0,16533129.0,19056556.0
"Moment Partners, LLC",0.0,0.0,0.0,0.0,0.0,0.0,0.0,0.0,0.0,0.0,0.0,0.0,0.0,0.0,0.0,0.0,0.0,0.0,0.0,703008.0
"Momentous Wealth Management, Inc.",0.0,0.0,0.0,0.0,0.0,0.0,0.0,0.0,0.0,0.0,0.0,0.0,0.0,0.0,0.0,0.0,0.0,0.0,0.0,1141734.0
Monaco Asset Management SAM,0.0,0.0,0.0,0.0,0.0,0.0,0.0,0.0,0.0,0.0,0.0,0.0,0.0,4230200.0,6263856.0,7131168.0,18071200.0,76594800.0,38860800.0,16786250.0
Monashee Investment Management LLC,0.0,0.0,0.0,0.0,0.0,0.0,0.0,0.0,0.0,0.0,0.0,0.0,0.0,0.0,0.0,0.0,903560.0,1853100.0,0.0,0.0
"Mondrian Capital Management, LLC",4745.0,6078.0,0.0,0.0,0.0,0.0,0.0,0.0,0.0,0.0,0.0,0.0,0.0,0.0,0.0,0.0,0.0,0.0,0.0,0.0
Monolith Advisors,0.0,0.0,0.0,0.0,0.0,0.0,0.0,351.0,0.0,0.0,0.0,0.0,0.0,0.0,0.0,0.0,0.0,0.0,0.0,0.0
Monolith Management Ltd,0.0,0.0,0.0,0.0,0.0,0.0,0.0,0.0,0.0,0.0,0.0,0.0,0.0,0.0,0.0,9483463.0,63475090.0,37006407.0,0.0,0.0
"Monte Financial Group, LLC",608.0,796.0,733.0,672.0,546.0,1414.0,730.0,951.0,779.0,475.0,390.0,552135.0,1098898.0,1162946.0,753036.0,881077.0,1238931.0,1432285.0,1339932.0,1455402.0
Montecito Bank & Trust,3330.0,5106.0,6747.0,6183.0,6227.0,9224.0,9144.0,12431.0,11583.0,5043.0,4222.0,4364.0,7813115.0,10398255.0,10592441.0,11553978.0,19520510.0,25271837.0,25220052.0,26771517.0
"Monterey Private Wealth, Inc.",0.0,0.0,0.0,0.0,0.0,250.0,308.0,479.0,483.0,315.0,258.0,269515.0,559808.0,790327.0,819285.0,943655.0,1554626.0,2271914.0,2311988.0,2560691.0
"Montis Financial, LLC",0.0,0.0,0.0,0.0,0.0,235.0,246.0,365.0,301.0,0.0,0.0,0.0,0.0,221822.0,271618.0,309239.0,450391.0,756637.0,789607.0,790319.0
Montz Harcus Wealth Management LLC,0.0,0.0,0.0,0.0,0.0,0.0,0.0,444.0,448.0,257.0,242.0,291714.0,567013.0,723533.0,749725.0,932833.0,1632499.0,2177223.0,2172031.0,2480213.0
Monument Capital Management,0.0,0.0,243.0,248.0,244.0,800.0,416.0,600.0,939.0,466.0,0.0,246631.0,447117.0,694043.0,737615.0,901162.0,1674054.0,2279743.0,2236862.0,2830561.0
Moody Aldrich Partners LLC,0.0,0.0,0.0,0.0,0.0,0.0,0.0,0.0,0.0,0.0,0.0,0.0,0.0,0.0,688881.0,771058.0,1180049.0,1080357.0,789846.0,724764.0
"Moors & Cabot, Inc.",4596.0,8915.0,14856.0,14085.0,14192.0,20136.0,43982.0,28812.0,27344.0,14671.0,11533.0,39642243.0,22061322.0,31523011.0,30221709.0,35905925.0,64124131.0,85960798.0,82281229.0,87549567.0
"Moran Wealth Management, LLC",0.0,0.0,0.0,0.0,0.0,0.0,0.0,0.0,0.0,0.0,0.0,333345.0,443599.0,1032592.0,983512.0,11615385.0,24257875.0,32751195.0,31212144.0,33996319.0
Morangie Management LLC,0.0,0.0,0.0,0.0,0.0,0.0,0.0,0.0,0.0,0.0,0.0,0.0,0.0,0.0,0.0,0.0,0.0,0.0,0.0,747615.0
Moreno Evelyn V,0.0,0.0,0.0,4908.0,5021.0,7340.0,7504.0,12019.0,12104.0,6171.0,2492.0,5585617.0,22231044.0,15051052.0,13714365.0,5898565.0,0.0,0.0,0.0,0.0
"Morey & Quinn Wealth Partners, LLC",0.0,0.0,0.0,0.0,0.0,0.0,0.0,0.0,0.0,0.0,0.0,0.0,0.0,0.0,0.0,0.0,0.0,0.0,0.0,5915341.0
"MorganRosel Wealth Management, LLC",0.0,0.0,0.0,0.0,264.0,358.0,346.0,438.0,270.0,271.0,0.0,0.0,316936.0,385371.0,364087.0,414499.0,639720.0,885782.0,684922.0,1020470.0
"Morling Financial Advisors, LLC",0.0,0.0,0.0,0.0,0.0,0.0,0.0,406.0,366.0,0.0,0.0,0.0,480708.0,710926.0,622991.0,637445.0,1291370.0,1490156.0,1773283.0,1966054.0
Morningstar Investment Management LLC,0.0,0.0,0.0,0.0,0.0,0.0,0.0,0.0,0.0,0.0,0.0,0.0,0.0,408.0,420.0,249.0,454.0,16746.0,19188.0,21339.0
Morningstar Investment Services LLC,0.0,0.0,0.0,0.0,0.0,0.0,0.0,0.0,0.0,0.0,0.0,0.0,328.0,955.0,1497.0,4565.0,5968.0,10952.0,13436.0,439.0
"Morris Retirement Advisors, LLC",0.0,0.0,0.0,263.0,277.0,415.0,739.0,1200.0,554.0,312.0,262.0,0.0,0.0,0.0,0.0,0.0,0.0,0.0,0.0,0.0
"Morse Asset Management, Inc",328.0,1738.0,2766.0,3748.0,8610.0,6765.0,7880.0,10468.0,7943.0,3760.0,2929.0,3497.0,6097.0,9573.0,9644.0,10391.0,17417.0,24792.0,24562023.0,27429673.0
"Morton Brown Family Wealth, LLC",0.0,0.0,0.0,0.0,0.0,0.0,0.0,0.0,0.0,0.0,8.0,104929.0,114997.0,140866.0,151377.0,197104.0,279214.0,393567.0,399562.0,441855.0
Morton Capital Management LLC/CA,0.0,0.0,0.0,0.0,0.0,0.0,0.0,836158.0,792117.0,440069.0,318896.0,431119.0,819436.0,1190397.0,835636.0,941959.0,1768361.0,2080548.0,2786087.0,2743509.0
Mosaic Advisors LLC,0.0,0.0,0.0,0.0,0.0,275.0,0.0,541.0,0.0,0.0,0.0,0.0,0.0,1236509.0,0.0,257391.0,356915.0,933184.0,917321.0,0.0
"Mosaic Family Wealth, LLC",0.0,0.0,0.0,0.0,211.0,396.0,482.0,602.0,0.0,0.0,0.0,0.0,0.0,0.0,0.0,0.0,0.0,0.0,0.0,0.0
"Moser Wealth Advisors, LLC",607.0,875.0,1246.0,1173.0,1205.0,1778.0,1862.0,2614.0,2341.0,1300.0,1046.0,1300337.0,0.0,3622743.0,3731779.0,4260873.0,7661285.0,10474957.0,10791158.0,11734394.0
Mosley Wealth Management,0.0,0.0,0.0,0.0,0.0,0.0,0.0,0.0,0.0,0.0,0.0,0.0,0.0,0.0,0.0,759667.0,1293898.0,1516701.0,2039389.0,1875788.0
Moss Adams Wealth Advisors LLC,0.0,0.0,0.0,0.0,0.0,0.0,0.0,0.0,0.0,0.0,0.0,0.0,232821.0,0.0,233826.0,292449.0,885074.0,916717.0,1728079.0,1789737.0
Motiv8 Investments LLC,0.0,0.0,0.0,0.0,0.0,0.0,0.0,0.0,0.0,0.0,0.0,0.0,0.0,0.0,0.0,499256.0,1017552.0,1057590.0,875426.0,1136612.0
Motley Fool Asset Management LLC,2284.0,4297.0,6901.0,7630.0,7452.0,11426.0,13023.0,19008.0,17742.0,9549.0,7690.0,8002334.0,14920138.0,24576616.0,27657534.0,34817928.0,135913730.0,76381729.0,85656168.0,111392346.0
"Motley Fool Wealth Management, LLC",0.0,0.0,0.0,300.0,310.0,460.0,489.0,725.0,628.0,0.0,0.0,410056.0,0.0,577777.0,668476.0,1038094.0,1659353.0,2032252.0,2018881.0,2105747.0
Mount Lucas Management LP,0.0,0.0,0.0,0.0,0.0,0.0,0.0,0.0,0.0,0.0,0.0,0.0,0.0,0.0,0.0,246620.0,413830.0,812646.0,817777.0,746384.0
"Mount Yale Investment Advisors, LLC",671.0,900.0,793.0,648.0,660.0,1261.0,1056.0,1992.0,1706.0,456.0,222.0,549935.0,2139405.0,3067350.0,3504748.0,3728553.0,7590934.0,11371396.0,9457426.0,12225909.0
Mountain Capital Investment Advisors Inc.,0.0,0.0,0.0,0.0,0.0,0.0,0.0,0.0,0.0,0.0,0.0,0.0,0.0,0.0,0.0,0.0,0.0,0.0,0.0,960271.0
"Mountain Capital Investment Advisors, Inc",0.0,0.0,0.0,342.0,0.0,0.0,0.0,0.0,0.0,0.0,0.0,0.0,0.0,0.0,0.0,0.0,0.0,0.0,0.0,0.0
Mountain Hill Investment Partners Corp.,0.0,0.0,0.0,0.0,0.0,0.0,0.0,0.0,0.0,0.0,0.0,0.0,0.0,0.0,0.0,0.0,0.0,0.0,0.0,846296.0
"Mowery & Schoenfeld Wealth Management, LLC",0.0,0.0,0.0,0.0,0.0,0.0,0.0,0.0,0.0,0.0,0.0,0.0,0.0,0.0,0.0,27733.0,50600.0,71654.0,70436.0,592891.0
"Mraz, Amerine & Associates, Inc.",0.0,0.0,0.0,0.0,0.0,0.0,0.0,0.0,0.0,0.0,0.0,0.0,0.0,0.0,0.0,0.0,0.0,0.0,0.0,218267.0
Municipal Employees' Retirement System of Michigan,6983.0,3757.0,0.0,0.0,0.0,0.0,0.0,0.0,0.0,0.0,0.0,0.0,0.0,0.0,0.0,0.0,0.0,0.0,0.0,0.0
Murchinson Ltd.,0.0,0.0,0.0,0.0,0.0,0.0,0.0,0.0,0.0,0.0,0.0,0.0,0.0,0.0,8699800.0,0.0,0.0,0.0,0.0,0.0
Murphy & Mullick Capital Management Corp,0.0,0.0,0.0,0.0,0.0,0.0,0.0,0.0,0.0,0.0,0.0,0.0,0.0,0.0,0.0,0.0,0.0,0.0,0.0,3651275.0
Must Asset Management Inc.,0.0,0.0,0.0,0.0,0.0,0.0,0.0,0.0,0.0,0.0,0.0,0.0,0.0,0.0,1379291.0,0.0,0.0,0.0,0.0,0.0
"Mustard Seed Financial, LLC",0.0,0.0,0.0,0.0,0.0,0.0,0.0,0.0,0.0,0.0,0.0,0.0,0.0,0.0,0.0,1689017.0,3112439.0,3572192.0,3515599.0,3907473.0
"Mutual Advisors, LLC",1126.0,3051.0,4840.0,2518.0,2630.0,6091.0,6562.0,11596.0,11326.0,6078.0,5436.0,5556656.0,9997913.0,13962402.0,14609674.0,16919173.0,28086533.0,37566768.0,47180210.0,41630694.0
"Muzinich & Co., Inc.",0.0,0.0,0.0,0.0,0.0,0.0,0.0,0.0,0.0,0.0,0.0,0.0,0.0,0.0,0.0,0.0,0.0,0.0,1214400.0,0.0
"My Legacy Advisors, LLC",0.0,0.0,0.0,0.0,0.0,0.0,0.0,0.0,241.0,0.0,0.0,245020.0,265099.0,939878.0,1019365.0,1666719.0,3211469.0,4514435.0,4054779.0,4853037.0
"My Personal CFO, LLC",0.0,0.0,0.0,0.0,0.0,0.0,0.0,0.0,0.0,0.0,0.0,53049.0,0.0,0.0,200095.0,348140.0,2036815.0,2728803.0,2253612.0,2364417.0
Myriad Asset Management Ltd.,24251.0,0.0,0.0,0.0,0.0,0.0,0.0,0.0,0.0,0.0,0.0,0.0,0.0,0.0,0.0,0.0,0.0,0.0,0.0,0.0
Myriad Asset Management US LP,0.0,0.0,0.0,0.0,0.0,0.0,0.0,0.0,0.0,0.0,0.0,0.0,0.0,0.0,0.0,0.0,0.0,0.0,0.0,5462649.0
"Mystic Asset Management, Inc.",0.0,0.0,0.0,0.0,0.0,0.0,0.0,3823.0,3115.0,1825.0,1487.0,1905081.0,3561847.0,5300869.0,5442168.0,5984250.0,10518365.0,13899522.0,13632283.0,14869932.0
N.E.W. Advisory Services LLC,0.0,395.0,865.0,967.0,0.0,251.0,275.0,439.0,0.0,288.0,378.0,438427.0,705826.0,1116794.0,1176240.0,1117238.0,2126122.0,3116378.0,3173549.0,3603813.0
NAN FUNG TRINITY (HK) LTD,0.0,0.0,0.0,0.0,0.0,0.0,0.0,0.0,0.0,0.0,0.0,0.0,0.0,29949816.0,47587906.0,26246660.0,11848382.0,10022800.0,0.0,0.0
NAPA WEALTH MANAGEMENT,0.0,0.0,0.0,0.0,0.0,0.0,0.0,0.0,0.0,0.0,0.0,0.0,0.0,0.0,0.0,664715.0,1337527.0,2236481.0,2651557.0,3154500.0
NAPATREE CAPITAL LLC,0.0,0.0,0.0,0.0,0.0,0.0,0.0,0.0,0.0,0.0,0.0,0.0,0.0,0.0,0.0,0.0,287719.0,1478280.0,1897014.0,2441526.0
"NAPLES GLOBAL ADVISORS, LLC",0.0,0.0,0.0,0.0,0.0,0.0,436.0,437.0,396.0,454.0,477.0,1247020.0,1196777.0,1913543.0,2125179.0,2281277.0,4077409.0,5359942.0,5320134.0,6204555.0
"NATIONS FINANCIAL GROUP INC, /IA/ /ADV",1522.0,2239.0,3556.0,3201.0,3382.0,9142.0,9599.0,8584.0,7467.0,4317.0,3610.0,4194442.0,9863596.0,13511604.0,12727187.0,13310409.0,22499301.0,29230940.0,28432071.0,30359884.0
NATIXIS,43089.0,165234.0,250570.0,208783.0,132826.0,76405.0,329893.0,578946.0,387977.0,276502.0,272602.0,245007478.0,158761110.0,362901667.0,687754859.0,761630037.0,2348715671.0,3125788202.0,2948647601.0,2718789413.0
"NATURAL INVESTMENTS, LLC",0.0,0.0,0.0,0.0,0.0,0.0,0.0,0.0,0.0,0.0,0.0,0.0,0.0,0.0,0.0,0.0,0.0,0.0,0.0,14853.0
NAVELLIER & ASSOCIATES INC,0.0,0.0,0.0,0.0,0.0,0.0,27538.0,33736.0,30366.0,16496.0,10741.0,10290152.0,17025357.0,26036635.0,23902182.0,29851869.0,53432970.0,74265384.0,67324519.0,79338175.0
"NBC SECURITIES, INC.",0.0,0.0,0.0,0.0,0.0,0.0,0.0,0.0,0.0,0.0,0.0,0.0,0.0,0.0,3040.0,3538.0,6613.0,9847.0,9881.0,11309.0
NBT BANK N A /NY,188.0,234.0,387.0,373.0,649.0,973.0,1014.0,1274.0,1095.0,707.0,1206.0,771670.0,1383129.0,1858513.0,2083794.0,2706629.0,4659229.0,6920160.0,6757959.0,7378185.0
NBW CAPITAL LLC,0.0,0.0,0.0,0.0,0.0,0.0,0.0,0.0,0.0,0.0,0.0,0.0,0.0,0.0,0.0,0.0,0.0,284142.0,303357.0,307121.0
NBZ Investment Advisors LLC,0.0,0.0,0.0,0.0,0.0,0.0,0.0,0.0,0.0,0.0,0.0,0.0,0.0,0.0,0.0,0.0,0.0,0.0,0.0,1728715.0
"NCM Capital Management, LLC",0.0,0.0,0.0,0.0,0.0,0.0,0.0,3830.0,2675.0,1603.0,1288.0,1756.0,3338.0,5086629.0,5652086.0,7319651.0,13016344.0,17267380.0,17162464.0,19013802.0
NCP Inc.,0.0,0.0,0.0,0.0,0.0,0.0,0.0,0.0,0.0,0.0,0.0,0.0,0.0,0.0,0.0,0.0,15899945.0,22223610.0,25024533.0,31129799.0
"NDVR, Inc.",0.0,0.0,0.0,0.0,0.0,0.0,0.0,0.0,0.0,0.0,0.0,0.0,0.0,0.0,0.0,623977.0,1255045.0,1693857.0,2011234.0,2173349.0
"NEIRG Wealth Management, LLC",0.0,0.0,0.0,0.0,0.0,0.0,0.0,4206.0,3467.0,1977.0,1529.0,1761247.0,1791282.0,2182054.0,0.0,0.0,0.0,0.0,0.0,0.0
NEOS Investment Management LLC,0.0,0.0,0.0,0.0,0.0,0.0,0.0,0.0,0.0,0.0,0.0,0.0,0.0,0.0,10241840.0,16772111.0,59643092.0,127576052.0,163784671.0,264033210.0
NEUBERGER BERMAN GROUP LLC,0.0,0.0,0.0,0.0,0.0,0.0,0.0,0.0,0.0,0.0,0.0,0.0,25174851.0,37244373.0,40283119.0,56268877.0,98913617.0,0.0,0.0,0.0
NEVILLE RODIE & SHAW INC,0.0,0.0,0.0,0.0,0.0,0.0,0.0,538.0,489.0,277.0,331.0,267.0,508.0,668.0,687.0,4470.0,11954.0,15641.0,14404.0,16172.0
NEW ENGLAND ASSET MANAGEMENT INC,0.0,0.0,0.0,0.0,0.0,0.0,0.0,0.0,0.0,462.0,370.0,445727.0,0.0,0.0,0.0,0.0,0.0,0.0,0.0,0.0
NEW MEXICO EDUCATIONAL RETIREMENT BOARD,10157.0,15626.0,29519.0,20383.0,20840.0,33070.0,33794.0,44772.0,39654.0,20999.0,15541.0,17380.0,32007.0,50563.0,55995.0,63749.0,152082.0,153718.0,146066.0,157506.0
NEW THINKING (HONG KONG) INVESTMENT MANAGEMENT CO. Ltd,0.0,0.0,0.0,0.0,0.0,0.0,0.0,0.0,0.0,0.0,0.0,0.0,0.0,0.0,0.0,0.0,0.0,2127.0,0.0,0.0
NEW WAVE WEALTH ADVISORS LLC,0.0,0.0,0.0,0.0,0.0,0.0,0.0,0.0,0.0,0.0,0.0,0.0,0.0,0.0,0.0,0.0,0.0,3781191.0,5007338.0,5059110.0
NEW YORK LIFE INVESTMENT MANAGEMENT LLC,0.0,0.0,0.0,0.0,0.0,0.0,0.0,0.0,0.0,60471.0,47672.0,57115458.0,107200887.0,163271337.0,166721228.0,173782602.0,305284913.0,438675962.0,398025065.0,442340517.0
NEW YORK STATE COMMON RETIREMENT FUND,379977.0,524056.0,704158.0,620931.0,619495.0,934847.0,936566.0,1306932.0,2428372.0,667545.0,504853.0,623395.0,2265240.0,1690451.0,1650313.0,1757228.0,3104733.0,4146604.0,3700062.0,4076190.0
NEW YORK STATE TEACHERS RETIREMENT SYSTEM,230952.0,338824.0,465133.0,439250.0,425884.0,607374.0,615400.0,867416.0,804894.0,446384.0,355688.0,423903.0,784541.0,1159706.0,1146006.0,1271225.0,2254525.0,2935815.0,2770740.0,2920632.0
"NEXPOINT ASSET MANAGEMENT, L.P.",0.0,0.0,0.0,0.0,0.0,0.0,0.0,0.0,0.0,0.0,0.0,0.0,0.0,0.0,0.0,0.0,0.0,1853100.0,0.0,0.0
NEXT CENTURY GROWTH INVESTORS LLC,4005.0,5772.0,6244.0,3587.0,3390.0,3985.0,4127.0,3962.0,3673.0,0.0,0.0,0.0,1251353.0,5140539.0,5285998.0,6559684.0,12131196.0,16545712.0,15895038.0,17022063.0
"NEXT Financial Group, Inc",2250.0,3834.0,4976.0,4714.0,4677.0,7216.0,8004.0,11025.0,0.0,0.0,0.0,0.0,0.0,0.0,0.0,0.0,0.0,0.0,0.0,0.0
"NFC Investments, LLC",0.0,0.0,0.0,0.0,0.0,0.0,0.0,0.0,0.0,0.0,0.0,0.0,0.0,0.0,0.0,0.0,0.0,249.0,245.0,270.0
"NFJ INVESTMENT GROUP, LLC",0.0,0.0,0.0,0.0,1.0,2615.0,611.0,1.0,1.0,1.0,1206.0,585.0,0.0,0.0,0.0,0.0,0.0,0.0,0.0,0.0
"NFP Retirement, Inc.",0.0,0.0,0.0,0.0,0.0,215275.0,224033.0,458998.0,665994.0,366361.0,265261.0,288686.0,529571.0,599635.0,682750.0,934517.0,1982108.0,2898208.0,2743458.0,3329046.0
"NIA IMPACT ADVISORS, LLC",0.0,0.0,0.0,0.0,0.0,0.0,0.0,0.0,0.0,0.0,0.0,0.0,0.0,0.0,0.0,0.0,4780736.0,6858694.0,5925250.0,6390336.0
"NICHOLAS COMPANY, INC.",0.0,0.0,0.0,0.0,42859.0,64224.0,66509.0,94421.0,72432103.0,40285875.0,32260059.0,77581342.0,104269302.0,153016911.0,101591914.0,63967567.0,86746278.0,98987043.0,97304407.0,98636274.0
NICOLA WEALTH MANAGEMENT LTD.,3690.0,5319.0,2706.0,2611.0,3204.0,0.0,0.0,0.0,0.0,0.0,0.0,0.0,0.0,0.0,0.0,0.0,0.0,0.0,0.0,0.0
"NICOLET ADVISORY SERVICES, LLC",0.0,0.0,0.0,0.0,0.0,741.0,865.0,498.0,544.0,496.0,441.0,857843.0,1677158.0,2510691.0,3183824.0,3174239.0,6558680.0,11286975.0,10857249.0,12314696.0
NICOLET BANKSHARES INC,0.0,0.0,0.0,0.0,833.0,1538.0,1843.0,2791.0,3330.0,2002.0,1585.0,1099850.0,2128829.0,4647161.0,4466042.0,5340452.0,9565086.0,10896846.0,10296898.0,11369394.0
"NICOLET BANKSHARES, INC.",0.0,0.0,555.0,536.0,0.0,0.0,0.0,0.0,0.0,0.0,0.0,0.0,0.0,0.0,0.0,0.0,0.0,0.0,0.0,0.0
"NISA INVESTMENT ADVISORS, LLC",0.0,0.0,0.0,0.0,0.0,0.0,0.0,0.0,0.0,0.0,0.0,0.0,0.0,317611876.0,321695985.0,359816452.0,641175212.0,954759247.0,983339275.0,1190147945.0
NISSAY ASSET MANAGEMENT CORP /JAPAN/ /ADV,27874.0,56021.0,64533.0,74995.0,60013.0,90732.0,93671.0,146644.0,124757.0,62987.0,63034.0,57358635.0,129359988.0,192238901.0,178482487.0,205397942.0,434440684.0,622346710.0,605731426.0,724838663.0
NIXON PEABODY TRUST CO,0.0,0.0,0.0,2576.0,3096.0,4816.0,3873.0,8541.0,6906.0,3494.0,1470939.0,1776624.0,3461848.0,3389236.0,2786111.0,20107418.0,37413709.0,48939136.0,48097648.0,53610314.0
NJ State Employees Deferred Compensation Plan,791.0,1140.0,1624.0,1567.0,1602.0,2400.0,2486.0,3529.0,3274.0,1819.0,1457.0,1753680.0,3333240.0,5076240.0,5219880.0,10548186.0,19245828.0,36567840.0,35946240.0,39749840.0
NKCFO LLC,0.0,0.0,0.0,0.0,0.0,0.0,0.0,0.0,0.0,0.0,0.0,0.0,0.0,0.0,0.0,0.0,0.0,0.0,0.0,8809.0
NOESIS CAPITAL MANGEMENT CORP,0.0,0.0,0.0,0.0,0.0,0.0,0.0,239000.0,226000.0,248000.0,0.0,210000.0,385000.0,597304.0,1228410.0,699250.0,516836.0,1318172.0,1421845.0,1599178.0
NOMURA ASSET MANAGEMENT CO LTD,51495.0,134495.0,200483.0,184682974.0,193640014.0,305221424.0,350991098.0,481546202.0,419975096.0,239028816.0,160193665.0,370487696.0,789511792.0,603223983.0,660227822.0,749264394.0,1518616002.0,2022682884.0,2108409097.0,2309842254.0
NORDEA INVESTMENT MANAGEMENT AB,126845.0,391772.0,291569.0,301937.0,306985.0,465038.0,1438323.0,753518.0,707786.0,428831.0,370503.0,433821067.0,827313116.0,1232172401.0,1382820285.0,1482595850.0,2519592120.0,3736967610.0,3562037640.0,4679966643.0
NORDEN GROUP LLC,0.0,0.0,0.0,0.0,0.0,0.0,0.0,0.0,0.0,0.0,0.0,0.0,0.0,0.0,0.0,4324961.0,194742998.0,15325239.0,16624386.0,18949992.0
NORGES BANK,1407667.0,2274527.0,3243286.0,3076228.0,3014069.0,4377721.0,4503466.0,6279217.0,6158966724.0,3702852548.0,3048277337.0,3900874393.0,7543922375.0,12360345748.0,12425622892.0,14606369296.0,0.0,36039998054.0,0.0,43515504297.0
NORRIS PERNE & FRENCH LLP/MI,0.0,0.0,0.0,0.0,0.0,212.0,220.0,312.0,299.0,0.0,0.0,0.0,311238.0,421958.0,761011.0,852022.0,1455176.0,1912883.0,1811511.0,2002925.0
NORTH POINT PORTFOLIO MANAGERS CORP/OH,0.0,0.0,0.0,0.0,0.0,0.0,0.0,0.0,0.0,0.0,0.0,0.0,0.0,0.0,0.0,0.0,0.0,238432.0,259882.0,286038.0
NORTH STAR ASSET MANAGEMENT INC,414.0,919.0,1311.0,1307.0,1795.0,2820.0,3127.0,5713.0,6713.0,4355.0,4317.0,5617484.0,8432838.0,12432165.0,11891351.0,13044130.0,21821943.0,28409970.0,25986924.0,27176921.0
"NORTHCAPE WEALTH MANAGEMENT, LLC",0.0,0.0,0.0,0.0,0.0,0.0,0.0,0.0,1487.0,0.0,698.0,0.0,0.0,0.0,0.0,0.0,302696.0,630060.0,605991.0,660715.0
NORTHEAST INVESTMENT MANAGEMENT,12949.0,19433.0,26979.0,25850.0,26657.0,40247.0,41508.0,56504.0,54650.0,30320.0,23330.0,26755.0,49640278.0,69698470.0,68671874.0,75555718.0,127143547.0,166730703.0,158464027.0,169814279.0
NORTHERN OAK WEALTH MANAGEMENT INC,99.0,523.0,721.0,828.0,3044.0,4090.0,4104.0,1394.0,1211.0,563.0,413.0,0.0,0.0,0.0,0.0,0.0,0.0,0.0,0.0,0.0
NORTHSTAR ASSET MANAGEMENT Co LLC,0.0,0.0,0.0,0.0,0.0,0.0,0.0,0.0,0.0,0.0,0.0,0.0,0.0,0.0,0.0,0.0,4242214.0,5809468.0,5713752.0,6251199.0
NORTHSTAR ASSET MANAGEMENT INC,0.0,0.0,0.0,0.0,0.0,288036.0,298310.0,412636.0,382823.0,212681.0,0.0,205034.0,378601.0,534274.0,549392.0,625463.0,2031202.0,1555369.0,1526136.0,1834804.0
NORTHSTAR ASSET MANAGEMENT LLC,245.0,372.0,544.0,539.0,577.0,872.0,922.0,1394.0,1289.0,731.0,624.0,757005.0,1451348.0,2030496.0,2109701.0,2287916.0,0.0,0.0,0.0,0.0
NORTHSTAR INVESTMENT ADVISORS LLC,7389.0,10703.0,14273.0,13869.0,13864.0,19733.0,0.0,0.0,0.0,0.0,0.0,0.0,0.0,0.0,0.0,0.0,0.0,0.0,0.0,0.0
"NORTHWEST INVESTMENT COUNSELORS, LLC",228.0,328.0,452.0,342.0,350.0,524.0,543.0,771.0,721.0,415.0,338.0,576477.0,1082982.0,1606986.0,1961303.0,1088173.0,3909121.0,5313900.0,5195033.0,0.0
"NORTHWEST WEALTH MANAGEMENT, LLC",0.0,0.0,0.0,0.0,0.0,0.0,0.0,0.0,0.0,0.0,0.0,0.0,464063.0,826865.0,843303.0,974926.0,2568525.0,4000808.0,3962675.0,4804053.0
"NOTTINGHAM ADVISORS, INC.",0.0,0.0,0.0,0.0,0.0,252.0,249.0,353.0,327.0,0.0,0.0,0.0,317254.0,0.0,0.0,215493.0,393181.0,541287.0,473616.0,523731.0
NOVARE CAPITAL MANAGEMENT LLC,0.0,0.0,0.0,0.0,0.0,0.0,0.0,618.0,432.0,589.0,548.0,331007.0,630538.0,1173035.0,1291486.0,1372750.0,12008106.0,18511807.0,20032905.0,22702602.0
NOVEM GROUP,0.0,0.0,0.0,0.0,0.0,0.0,0.0,0.0,0.0,0.0,0.0,0.0,0.0,0.0,0.0,0.0,0.0,0.0,0.0,6881085.0
"NOVUS ADVISORS, LLC",0.0,0.0,0.0,0.0,0.0,0.0,0.0,0.0,0.0,0.0,0.0,0.0,0.0,0.0,0.0,0.0,0.0,0.0,0.0,3202400.0
NRI Wealth Management LC,0.0,0.0,0.0,0.0,0.0,0.0,0.0,0.0,0.0,0.0,0.0,0.0,0.0,0.0,0.0,4713445.0,8423785.0,11690659.0,0.0,12207355.0
NS Partners Ltd,8558.0,12344.0,18282.0,17735.0,21578.0,32437.0,33938.0,48446.0,43129.0,24199.0,20168.0,24399242.0,46347313.0,70147715.0,71365764.0,81330971.0,148013971.0,187961663.0,185389454.0,202457350.0
NTB Financial Corp,0.0,0.0,0.0,0.0,0.0,0.0,0.0,0.0,341.0,678.0,0.0,0.0,0.0,0.0,0.0,0.0,0.0,0.0,0.0,0.0
NTV Asset Management LLC,0.0,0.0,216.0,209.0,214.0,0.0,228.0,324.0,303.0,0.0,0.0,211903.0,417766.0,4403215.0,5271644.0,6127852.0,9775616.0,13927267.0,14235126.0,15534187.0
"NVWM, LLC",1280.0,1976.0,2857.0,2794.0,2659.0,3953.0,2545.0,3635.0,3534.0,1644.0,1235.0,1456322.0,2265130.0,3103146.0,3294898.0,3293559.0,5911721.0,8155466.0,10739276.0,11051772.0
NWAM LLC,1449.0,2726.0,3797.0,3587.0,5111.0,8345.0,6526.0,9891.0,8893.0,2128.0,1831.0,2055232.0,2081263.0,5719312.0,9753496.0,12166818.0,21294915.0,0.0,30776711.0,34137460.0
NWI MANAGEMENT LP,0.0,0.0,0.0,0.0,0.0,0.0,0.0,2059.0,15718.0,30500.0,12212.0,14702.0,36278.0,4230.0,113097.0,98781.0,53762.0,3089.0,2307.0,29007.0
"NWK Group, Inc.",4291.0,6328.0,9144.0,6123.0,6186.0,9288.0,9782.0,13991.0,12792.0,7158.0,3248.0,3954639.0,7478018.0,7964882.0,8300313.0,9630850.0,12401920.0,16925621.0,16645587.0,18391846.0
"NZS Capital, LLC",0.0,0.0,0.0,0.0,0.0,42144.0,25161.0,24456.0,13609.0,7004.0,11836.0,14463768.0,53800160.0,73278486.0,74146655.0,59213951.0,99183781.0,77627347.0,65367995.0,56667023.0
Nabity-Jensen Investment Management Inc,0.0,0.0,0.0,0.0,0.0,0.0,0.0,0.0,0.0,0.0,0.0,0.0,0.0,0.0,0.0,1975433.0,3615144.0,4855123.0,4771135.0,5115377.0
"Nachman Norwood & Parrott, Inc",1812.0,2641.0,3696.0,3496.0,3644.0,5474.0,0.0,0.0,0.0,0.0,0.0,0.0,0.0,0.0,0.0,0.0,0.0,0.0,0.0,0.0
"Nadler Financial Group, Inc.",308.0,568.0,842.0,847.0,874.0,1307.0,1358.0,2113.0,1973.0,1156.0,916.0,981664.0,1910313.0,2764148.0,2897628.0,3433555.0,5896093.0,8738994.0,8728680.0,9711012.0
"Nalls Sherbakoff Group, LLC",0.0,0.0,0.0,0.0,0.0,0.0,0.0,0.0,0.0,0.0,0.0,0.0,201032.0,277758.0,297612.0,338833.0,0.0,0.0,0.0,0.0
"Nan Shan Life Insurance Co., Ltd.",61666.0,93264.0,149101.0,144277.0,152485.0,195204.0,164314.0,212219.0,124655.0,106706.0,43576.0,29830974.0,3499902.0,7818256.0,27000699.0,55128386.0,69257874.0,71332984.0,61584896.0,61463727.0
Napean Trading & Investment Co (Singapore) PTE Ltd,0.0,0.0,0.0,0.0,0.0,0.0,0.0,0.0,0.0,0.0,0.0,0.0,0.0,0.0,0.0,2303763.0,4203361.0,7976360.0,8398305.0,18379601.0
Naples Money Management LLC,0.0,0.0,0.0,0.0,0.0,0.0,0.0,0.0,0.0,0.0,0.0,0.0,0.0,0.0,0.0,6086254.0,4104873.0,13053986.0,11391072.0,0.0
"Narus Financial Partners, LLC",0.0,0.0,0.0,0.0,0.0,0.0,0.0,0.0,977941.0,554971.0,475849.0,516897.0,886086.0,1457727.0,1545737.0,1567124.0,2814139.0,3713861.0,3669433.0,4579696.0
Narwhal Capital Management,1405.0,3189.0,6619.0,7879.0,8464.0,12276.0,12893.0,17291.0,17086.0,9915.0,7946.0,8610145.0,14468792.0,23803804.0,24859728.0,27513980.0,47965572.0,64154684.0,66266885.0,70700320.0
National Pension Service,185027.0,280277.0,384661.0,393663.0,419761.0,637787.0,656111.0,916227.0,854879.0,509400.0,422410238.0,516483844.0,988418959.0,1551848738.0,1616189166.0,1947662623.0,3619517694.0,5077745280.0,5734482780.0,6180612379.0
"National Wealth Management Group, LLC",0.0,0.0,0.0,0.0,0.0,0.0,0.0,877444.0,800142.0,257444.0,214655.0,267047.0,1094035.0,1785406.0,1169881.0,1326431.0,2768952.0,4888989.0,4888282.0,5473458.0
Nationale-Nederlanden Powszechne Towarzystwo Emerytalne S.A.,0.0,0.0,0.0,0.0,0.0,0.0,0.0,0.0,0.0,0.0,0.0,0.0,0.0,5798335.0,5368212.0,6111510.0,39059092.0,31564470.0,5873688.0,30822644.0
Nauset Wealth Management. LLC,0.0,0.0,0.0,0.0,0.0,0.0,0.0,1240.0,1290.0,0.0,0.0,0.0,0.0,0.0,0.0,0.0,0.0,0.0,0.0,0.0
"NavPoint Financial, Inc.",0.0,0.0,0.0,0.0,0.0,0.0,0.0,0.0,0.0,0.0,0.0,0.0,0.0,0.0,0.0,0.0,257855.0,352582.0,346589.0,383322.0
"Navalign, LLC",0.0,0.0,0.0,0.0,1141.0,1575.0,1620.0,2193.0,1653.0,1243.0,1133.0,1454559.0,2545815.0,3331788.0,3420412.0,3092252.0,4993823.0,6546919.0,5994925.0,6631557.0
Navellier & Associates Inc,3660.0,11631.0,17618.0,15786.0,16033.0,24737.0,0.0,0.0,0.0,0.0,0.0,0.0,0.0,0.0,0.0,0.0,0.0,0.0,0.0,0.0
"Navigoe, LLC",0.0,0.0,0.0,0.0,0.0,0.0,0.0,0.0,0.0,0.0,0.0,0.0,0.0,0.0,0.0,0.0,0.0,0.0,0.0,920.0
"Navis Wealth Advisors, LLC",0.0,0.0,0.0,104.0,0.0,0.0,8079.0,279.0,791.0,440.0,352.0,460049.0,799144.0,1204338.0,1238417.0,1406920.0,2441419.0,0.0,3638950.0,4051126.0
"Naviter Wealth, LLC",0.0,0.0,0.0,0.0,0.0,0.0,0.0,4237.0,4010.0,1536.0,1512.0,2392520.0,1632177.0,2624416.0,2543388.0,4048919.0,9254262.0,13927158.0,15697872.0,22695547.0
"Nearwater Capital Markets, Ltd",0.0,0.0,0.0,0.0,0.0,0.0,0.0,0.0,0.0,0.0,0.0,0.0,0.0,0.0,0.0,0.0,0.0,0.0,0.0,242662030.0
Nebula Research & Development LLC,0.0,0.0,0.0,0.0,0.0,0.0,0.0,0.0,0.0,0.0,0.0,0.0,0.0,628185.0,315803.0,0.0,2142341.0,333187.0,3775691.0,1530100.0
"Nelson Capital Management, LLC",0.0,0.0,0.0,0.0,6123.0,5285.0,1202.0,0.0,0.0,0.0,4595.0,5414971.0,10322298.0,20014901.0,47273545.0,53848893.0,93413027.0,123073036.0,122397086.0,135369846.0
"Nelson, Van Denburg & Campbell Wealth Management Group, LLC",300.0,491.0,694.0,1999.0,1998.0,3402.0,4291.0,5343.0,4665.0,2605.0,2044.0,2451213.0,5412396.0,8457642.0,0.0,0.0,0.0,0.0,0.0,0.0
Nemes Rush Group LLC,0.0,0.0,0.0,0.0,0.0,0.0,0.0,0.0,0.0,0.0,0.0,0.0,0.0,9879281.0,8705101.0,9854976.0,15313719.0,19873861.0,15234205.0,21654952.0
Neo Ivy Capital Management,209.0,41.0,0.0,0.0,0.0,0.0,41.0,0.0,222.0,119.0,0.0,0.0,0.0,3388.0,3596.0,985.0,0.0,6663.0,3946.0,8147.0
Net Worth Advisory Group,0.0,0.0,0.0,0.0,0.0,0.0,0.0,0.0,0.0,0.0,0.0,0.0,0.0,0.0,0.0,0.0,0.0,0.0,4663437.0,4629504.0
Neuberger Berman Group LLC,1941.0,3236.0,4341.0,4452.0,7376.0,12308.0,12352.0,18439.0,43890.0,12946.0,13918.0,14702561.0,0.0,0.0,0.0,0.0,0.0,0.0,0.0,0.0
"Neumann Capital Management, LLC",3042.0,4219.0,5672.0,5316.0,5115.0,7529.0,6843.0,9023.0,8262.0,4590.0,3516.0,3939934.0,7052580.0,9530641.0,9317486.0,10404572.0,19534967.0,26165772.0,22784577.0,24590517.0
"New Age Alpha Advisors, LLC",0.0,0.0,0.0,0.0,0.0,0.0,0.0,0.0,0.0,0.0,0.0,0.0,0.0,0.0,0.0,1980880.0,4517800.0,2818706.0,6093643.0,113317346.0
"New Century Financial Group, LLC",0.0,0.0,0.0,0.0,0.0,0.0,0.0,0.0,0.0,0.0,0.0,0.0,0.0,0.0,0.0,1104341.0,2650141.0,4888141.0,4618485.0,4940157.0
"New Covenant Trust Company, N.A.",0.0,0.0,0.0,0.0,0.0,0.0,0.0,0.0,0.0,0.0,0.0,0.0,0.0,0.0,0.0,0.0,1579193376.0,1986767.0,2529490.0,2825007.0
New England Capital Financial Advisors LLC,0.0,0.0,0.0,0.0,0.0,0.0,0.0,0.0,0.0,0.0,0.0,119374.0,185888.0,113893.0,135831.0,164553.0,300245.0,463405.0,476173.0,511842.0
"New England Investment & Retirement Group, Inc.",758.0,1882.0,1557.0,1861.0,1946.0,2899.0,2958.0,0.0,0.0,0.0,0.0,0.0,0.0,0.0,0.0,0.0,0.0,0.0,0.0,0.0
New England Professional Planning Group Inc.,0.0,0.0,0.0,0.0,0.0,0.0,0.0,0.0,0.0,0.0,0.0,0.0,0.0,0.0,0.0,0.0,320764.0,438567.0,431112.0,512316.0
"New England Research & Management, Inc.",0.0,0.0,0.0,0.0,0.0,0.0,0.0,0.0,0.0,0.0,0.0,0.0,0.0,0.0,0.0,0.0,0.0,0.0,681.0,827.0
New Hampshire Trust,0.0,0.0,0.0,0.0,0.0,0.0,0.0,0.0,0.0,0.0,0.0,2066712.0,3783227.0,5640126.0,5844961.0,6468068.0,11505029.0,15296846.0,14718042.0,16327112.0
"New Harbor Financial Group, LLC",0.0,0.0,0.0,0.0,0.0,0.0,0.0,0.0,0.0,0.0,0.0,0.0,0.0,0.0,0.0,0.0,294561.0,1276786.0,1376523.0,1522582.0
New Insight Wealth Advisors,0.0,0.0,0.0,0.0,0.0,0.0,0.0,0.0,0.0,0.0,0.0,0.0,0.0,0.0,0.0,637893.0,1191889.0,1749583.0,2036437.0,2213255.0
New Jersey Better Educational Savings Trust,316.0,456.0,649.0,627.0,539.0,808.0,837.0,947.0,879.0,488.0,391.0,470571.0,894419.0,1362124.0,1400668.0,1594608.0,2909463.0,1720047.0,1690809.0,1869720.0
New Millennium Group LLC,0.0,0.0,0.0,0.0,0.0,0.0,0.0,1748.0,1444.0,724.0,595.0,718195.0,1343959.0,1985422.0,5438088.0,6578778.0,12419086.0,18254686.0,0.0,18554093.0
"New Perspectives, Inc",0.0,0.0,0.0,0.0,0.0,0.0,0.0,0.0,0.0,0.0,0.0,0.0,0.0,0.0,0.0,0.0,0.0,217430.0,213734.0,372386.0
"New Potomac Partners, LLC",0.0,0.0,0.0,0.0,0.0,0.0,0.0,0.0,0.0,1396.0,1051.0,1080267.0,2021333.0,1482263.0,1521596.0,1771898.0,3034155.0,4030864.0,3859971.0,0.0
"New Republic Capital, LLC",0.0,0.0,0.0,0.0,0.0,0.0,0.0,0.0,0.0,0.0,0.0,230881.0,633581.0,1037249.0,971416.0,1243497.0,2502862.0,4328599.0,3647639.0,4499399.0
New World Advisors LLC,0.0,247.0,253.0,249.0,265.0,2761.0,686.0,391.0,0.0,0.0,0.0,0.0,257771.0,295691.0,424985.0,340216.0,497862.0,738769.0,885298.0,989046.0
"NewEdge Advisors, LLC",0.0,0.0,0.0,0.0,0.0,0.0,0.0,45717.0,40252.0,25281.0,22064.0,16361517.0,53442066.0,86985941.0,96906688.0,138720916.0,231243576.0,372786683.0,365976385.0,399546381.0
"NewEdge Wealth, LLC",0.0,0.0,0.0,0.0,262.0,847.0,1540.0,2580.0,3656.0,3754.0,2860.0,2719044.0,5962311.0,8376232.0,8237037.0,9443987.0,21470688.0,22409803.0,72378090.0,90295694.0
NewSquare Capital LLC,0.0,0.0,32.0,7.0,7.0,10.0,11.0,15.0,0.0,0.0,0.0,36681.0,136107.0,4165478.0,2928788.0,177289.0,61442.0,6097934.0,6582769.0,8255604.0
"Newbridge Financial Services Group, Inc.",0.0,0.0,922.0,1099.0,1297.0,2153.0,2150.0,7179.0,7092.0,4699.0,4147.0,4976249.0,9066673.0,12672578.0,13923773.0,17165445.0,18424767.0,26851273.0,29862034.0,34585736.0
"Newman & Schimel, LLC",0.0,0.0,0.0,0.0,0.0,0.0,0.0,0.0,0.0,0.0,0.0,1014066.0,0.0,0.0,0.0,0.0,0.0,0.0,0.0,0.0
"Newman Dignan & Sheerar, Inc.",555.0,866.0,1193.0,1264.0,1260.0,1900.0,2110.0,2852.0,2743.0,1555.0,1041.0,1169344.0,2357321.0,3139059.0,3106117.0,3459949.0,6660779.0,8884050.0,10192984.0,9632870.0
"Newport Capital Group, LLC",0.0,0.0,0.0,0.0,0.0,0.0,0.0,0.0,0.0,0.0,0.0,0.0,0.0,0.0,0.0,0.0,0.0,670822.0,704352.0,770027.0
"Newport Wealth Strategies, Inc.",202.0,0.0,0.0,0.0,0.0,0.0,0.0,0.0,0.0,0.0,0.0,0.0,0.0,0.0,0.0,0.0,0.0,0.0,0.0,0.0
NexWave Capital Partners LLC,0.0,0.0,476.0,535.0,403.0,0.0,0.0,236.0,0.0,0.0,0.0,0.0,0.0,0.0,0.0,0.0,0.0,0.0,0.0,0.0
Next Capital Management LLC,0.0,0.0,0.0,0.0,0.0,0.0,0.0,0.0,0.0,0.0,0.0,0.0,0.0,0.0,0.0,0.0,982170.0,1166218.0,1742082.0,1677959.0
Next Level Private LLC,0.0,0.0,0.0,0.0,0.0,0.0,0.0,0.0,0.0,0.0,0.0,0.0,0.0,237052.0,295113.0,294161.0,284621.0,358896.0,408658.0,451920.0
"Next Level Wealth Planning, LLC",0.0,0.0,0.0,0.0,0.0,0.0,0.0,0.0,0.0,0.0,0.0,0.0,0.0,0.0,0.0,0.0,0.0,0.0,0.0,1249247.0
"Nicholas Hoffman & Company, LLC.",0.0,231.0,713.0,362.0,317.0,812.0,765.0,1338.0,1010.0,714.0,583.0,648447.0,1059818.0,2653372.0,2297973.0,2768268.0,4990108.0,7317099.0,7010838.0,6787727.0
"Nicholas Investment Partners, LP",3344.0,3165.0,3222.0,3162.0,5881.0,8430.0,8796.0,18686.0,13675.0,7056.0,4323.0,6589014.0,6879530.0,10440980.0,10637245.0,11876861.0,16183663.0,19411470.0,12972464.0,14233934.0
"Nicholson Wealth Management Group, LLC",0.0,0.0,0.0,0.0,0.0,0.0,0.0,0.0,0.0,0.0,0.0,0.0,0.0,0.0,0.0,0.0,0.0,0.0,0.0,235008.0
"Nicollet Investment Management, Inc.",0.0,0.0,0.0,0.0,0.0,0.0,0.0,0.0,0.0,0.0,0.0,0.0,0.0,0.0,3500.0,3984.0,7275.0,9699.0,9550.0,10354.0
"Night Owl Capital Management, LLC",0.0,0.0,0.0,0.0,0.0,0.0,0.0,0.0,0.0,0.0,0.0,0.0,0.0,10753168.0,11049616.0,5526113.0,0.0,0.0,0.0,0.0
"Nikko Asset Management Americas, Inc.",234020.0,79168.0,66788.0,52846.0,78752.0,74292.0,0.0,0.0,6114.0,62551.0,118958.0,99230150.0,169870661.0,163901938.0,144091130.0,96692836.0,119564831.0,145263690.0,134629144.0,131201301.0
"Nikulski Financial, Inc.",0.0,0.0,0.0,0.0,0.0,0.0,0.0,355.0,447.0,294.0,293.0,385810.0,743036.0,1203496.0,1261477.0,1344531.0,2706058.0,6746029.0,7666956.0,8442640.0
"Nilsine Partners, LLC",0.0,0.0,0.0,0.0,0.0,0.0,0.0,0.0,0.0,0.0,0.0,0.0,4888766.0,6685007.0,7363535.0,8012689.0,13659171.0,18435335.0,17487559.0,20495435.0
NinePointTwo Capital,0.0,0.0,0.0,499.0,577.0,864.0,0.0,0.0,0.0,0.0,0.0,0.0,0.0,0.0,0.0,0.0,0.0,0.0,0.0,0.0
NinePointTwo Capital LLC,0.0,0.0,0.0,0.0,0.0,0.0,895.0,1271.0,1179.0,668.0,534.0,644.0,1201.0,1829.0,1880.0,2141.0,0.0,0.0,0.0,0.0
Ninepoint Partners LP,0.0,386.0,422.0,407.0,0.0,0.0,0.0,0.0,0.0,0.0,0.0,0.0,0.0,1360009.0,1398493.0,1094436.0,1965243.0,2594216.0,3127687.0,3450044.0
"Ninety One North America, Inc.",0.0,10134.0,11107.0,9531.0,13139.0,20481.0,21212.0,29400.0,32622.0,15548.0,8609.0,10387631.0,17304238.0,21077395.0,6659697.0,7801201.0,0.0,0.0,0.0,0.0
Ninety One SA (PTY) Ltd,0.0,0.0,0.0,0.0,0.0,0.0,0.0,4042.0,4934.0,4228.0,0.0,0.0,0.0,0.0,0.0,594760.0,16625363.0,21697283.0,14082555.0,18653016.0
Ninety One UK Ltd,6488.0,61526.0,75485.0,55146.0,71679.0,102393.0,94327.0,383748.0,593162.0,376778.0,258399.0,384084856.0,680572055.0,759531564.0,762496581.0,749593715.0,981185744.0,1216509993.0,993073536.0,1305142755.0
"Nippon Life Global Investors Americas, Inc.",23821.0,33242.0,47004.0,39500.0,38049.0,55200.0,54738.0,75251.0,57494.0,32423.0,19594.0,22870910.0,57234510.0,79092049.0,98355589.0,97038359.0,161592671.0,189546187.0,168012594.0,167032588.0
"Nishkama Capital, LLC",0.0,0.0,0.0,0.0,0.0,0.0,0.0,3647.0,0.0,0.0,0.0,5626390.0,27586172.0,31805605.0,0.0,7725927.0,0.0,0.0,2110384.0,0.0
"Nixon Capital, LLC",0.0,0.0,0.0,0.0,0.0,0.0,0.0,0.0,0.0,0.0,0.0,0.0,0.0,0.0,65248.0,74283.0,999338.0,130952.0,128726.0,0.0
No Street GP LP,0.0,0.0,0.0,0.0,0.0,0.0,0.0,0.0,0.0,0.0,0.0,0.0,0.0,0.0,43499000.0,0.0,0.0,0.0,0.0,0.0
Noble Wealth Management PBC,0.0,0.0,0.0,0.0,0.0,0.0,0.0,0.0,0.0,0.0,0.0,0.0,0.0,0.0,0.0,0.0,0.0,0.0,0.0,292752.0
"Nordwand Advisors, LLC",0.0,0.0,0.0,0.0,0.0,0.0,0.0,0.0,0.0,0.0,0.0,0.0,27777.0,42302.0,43499.0,69331.0,126498.0,172956.0,194304.0,595442.0
"Norman Fields, Gottscho Capital Management, LLC",0.0,0.0,0.0,0.0,0.0,0.0,0.0,0.0,0.0,0.0,0.0,0.0,0.0,0.0,0.0,0.0,0.0,364.0,328.0,363.0
"North Fourth Asset Management, LP",7908.0,0.0,0.0,0.0,0.0,0.0,0.0,0.0,0.0,0.0,0.0,0.0,8333100.0,6345300.0,0.0,0.0,0.0,0.0,0.0,0.0
North Growth Management Ltd.,3928.0,4521.0,5358.0,4799.0,4907.0,7377.0,7665.0,10882.0,11803.0,8271.0,6623.0,7973.0,11123.0,14812.0,9990.0,11373.0,17023.0,12442.0,12248.0,13307.0
North Star Investment Management Corp.,212.0,328.0,513.0,427.0,437.0,595.0,600.0,988.0,1468.0,888.0,736.0,492740.0,2301524.0,3059943.0,3033431.0,3463353.0,4981823.0,3669715.0,3733633.0,4329110.0
NorthCoast Asset Management LLC,247.0,1022.0,1612.0,2385.0,4806.0,3406.0,3753.0,0.0,0.0,0.0,0.0,0.0,0.0,0.0,0.0,0.0,0.0,0.0,0.0,0.0
"NorthCrest Asset Manangement, LLC",0.0,0.0,0.0,0.0,0.0,0.0,0.0,30847.0,28724.0,16558.0,27242.0,15884421.0,31240857.0,46064240.0,46623352.0,53124492.0,97903999.0,146355599.0,162191666.0,161244081.0
"NorthRock Partners, LLC",942.0,2590.0,978.0,926.0,826.0,1242.0,2091.0,3080.0,2670.0,3434.0,2534.0,3392612.0,5045743.0,6059658.0,6659635.0,9825057.0,18744612.0,23398846.0,32049477.0,64916170.0
NorthStar Asset Management LLC /NJ/,0.0,0.0,0.0,0.0,0.0,0.0,0.0,0.0,0.0,0.0,0.0,0.0,0.0,0.0,0.0,4677319.0,8652716.0,11043532.0,10629808.0,11639208.0
Northcape Capital Pty Ltd,0.0,1666.0,2151.0,2533.0,3458.0,5392.0,4377.0,5885.0,4663.0,1891.0,808.0,731.0,0.0,0.0,485.0,2022.0,5334.0,6810.0,6514.0,5870.0
Northeast Financial Consultants Inc,711.0,1015.0,2467.0,1985.0,2687.0,4881.0,6272.0,8942.0,9032.0,3903.0,2901.0,3492492.0,4874978.0,6211674.0,6508376.0,8584795.0,15551557.0,21563330.0,21025068.0,23116853.0
"Northeast Financial Group, Inc.",0.0,0.0,0.0,0.0,0.0,0.0,0.0,0.0,0.0,0.0,300324.0,356881.0,0.0,0.0,0.0,0.0,0.0,0.0,0.0,0.0
"Northern Capital Management, Inc.",0.0,0.0,0.0,0.0,0.0,0.0,0.0,0.0,0.0,0.0,0.0,0.0,0.0,0.0,0.0,213937.0,536720.0,787206.0,773824.0,875181.0
Northern Financial Advisors Inc,0.0,0.0,0.0,0.0,0.0,0.0,0.0,0.0,0.0,0.0,0.0,293492.0,568677.0,957841.0,873587.0,1031193.0,1743232.0,2263615.0,2235581.0,2384444.0
"Northside Capital Management, LLC",0.0,228.0,325.0,313.0,332.0,497.0,515.0,584.0,541.0,415.0,327.0,639658.0,1152474.0,1849878.0,1902224.0,2028931.0,3701885.0,5092376.0,5005813.0,5150357.0
"Northstar Advisory Group, LLC",0.0,0.0,0.0,0.0,0.0,322.0,0.0,245.0,919.0,497.0,0.0,0.0,365823.0,2720019.0,3074944.0,3146232.0,7036927.0,8853988.0,9654965.0,9544930.0
"Northstar Group, Inc.",0.0,0.0,0.0,0.0,0.0,0.0,0.0,213.0,202.0,0.0,0.0,0.0,210272.0,315149.0,369742.0,420937.0,788809.0,1094570.0,964846.0,1365743.0
Northstar Wealth Partners LLC,741.0,1074.0,1625.0,0.0,0.0,0.0,0.0,0.0,0.0,0.0,0.0,0.0,0.0,0.0,0.0,0.0,0.0,0.0,0.0,0.0
Northwest & Ethical Investments L.P.,0.0,0.0,0.0,0.0,0.0,0.0,0.0,0.0,0.0,0.0,0.0,0.0,0.0,0.0,0.0,0.0,0.0,72564194.0,153653178.0,89406684.0
"Northwest Bancshares, Inc.",0.0,0.0,271.0,261.0,359.0,538.0,492.0,588.0,546.0,309.0,248.0,298272.0,566929.0,862115.0,886510.0,1005297.0,2472140.0,2497361.0,2454910.0,2712121.0
Northwest Bank & Trust Co,0.0,0.0,0.0,0.0,0.0,0.0,0.0,0.0,0.0,0.0,0.0,0.0,0.0,3337924.0,0.0,3643691.0,6131023.0,8480112.0,8274026.0,9381609.0
Northwest Capital Management Inc,0.0,0.0,230.0,0.0,0.0,262.0,312.0,335.0,467.0,252.0,205.0,341170.0,478014.0,696973.0,686470.0,878636.0,1630392.0,1496677.0,2942774.0,1416736.0
Northwest Financial Advisors,0.0,0.0,0.0,0.0,0.0,0.0,0.0,0.0,0.0,0.0,0.0,0.0,0.0,0.0,0.0,729403.0,4200604.0,7334614.0,3382913.0,3741389.0
"Northwest Quadrant Wealth Management, LLC",0.0,0.0,0.0,0.0,0.0,0.0,0.0,0.0,0.0,0.0,0.0,0.0,0.0,0.0,0.0,0.0,0.0,0.0,0.0,201467.0
Norway Savings Bank,13.0,19.0,68.0,65.0,67.0,573.0,759.0,1173.0,1259.0,762.0,719.0,904487.0,1845226.0,2757667.0,2760012.0,3066897.0,4840371.0,6555032.0,6214813.0,6685090.0
Norwood Financial Corp,0.0,0.0,0.0,0.0,0.0,0.0,0.0,0.0,0.0,0.0,0.0,0.0,0.0,0.0,0.0,0.0,45174.0,0.0,0.0,0.0
Notis-McConarty Edward,175.0,243.0,327.0,718.0,724.0,1052.0,1045.0,1376.0,1852.0,1603.0,1432.0,1879360.0,3602677.0,5084700.0,4996730.0,5457820.0,9109692.0,11323676.0,10362961.0,10318172.0
"Nova R Wealth, Inc.",0.0,0.0,0.0,0.0,0.0,0.0,0.0,749.0,730.0,354.0,283.0,340934.0,689163.0,781374.0,689550.0,675615.0,1232729.0,1518799.0,1511617.0,1659434.0
"NovaPoint Capital, LLC",0.0,0.0,294.0,317.0,354.0,551.0,665.0,1106.0,1188.0,684.0,558.0,688602.0,1291214.0,1979523.0,2103616.0,2392415.0,4519622.0,6276970.0,6143643.0,7807076.0
"Novak & Powell Financial Services, Inc.",0.0,0.0,0.0,0.0,0.0,0.0,0.0,0.0,0.0,0.0,0.0,0.0,0.0,0.0,0.0,1111274.0,2031203.0,2838085.0,2825424.0,3077122.0
"NuWave Investment Management, LLC",0.0,408.0,3.0,593.0,0.0,0.0,126.0,661.0,65.0,200.0,317.0,0.0,0.0,0.0,0.0,0.0,0.0,0.0,0.0,0.0
Numerai GP LLC,0.0,0.0,0.0,0.0,0.0,0.0,0.0,0.0,0.0,0.0,0.0,0.0,0.0,3316477.0,1344119.0,0.0,0.0,0.0,0.0,0.0
NumerixS Investment Technologies Inc,0.0,434.0,0.0,0.0,0.0,0.0,0.0,0.0,0.0,0.0,0.0,0.0,0.0,0.0,0.0,0.0,0.0,0.0,0.0,0.0
Nutshell Asset Management Ltd,0.0,0.0,0.0,0.0,0.0,0.0,0.0,0.0,0.0,0.0,0.0,0.0,0.0,0.0,0.0,0.0,0.0,0.0,0.0,6810249.0
"Nvest Financial, LLC",0.0,0.0,0.0,0.0,0.0,0.0,0.0,0.0,270.0,0.0,0.0,0.0,274824.0,356808.0,383900.0,650033.0,1089346.0,1624071.0,1745836.0,3243922.0
O'Brien Greene & Co. Inc,0.0,0.0,0.0,0.0,0.0,0.0,0.0,94.0,116.0,0.0,0.0,0.0,0.0,576.0,69598.0,155499.0,68671.0,218295.0,34003.0,210970.0
O'Brien Wealth Partners LLC,0.0,0.0,0.0,0.0,0.0,0.0,0.0,14.0,0.0,0.0,0.0,0.0,20277.0,14383.0,16530.0,45065.0,34335.0,51888.0,23075.0,30355.0
O'Connor Financial Group LLC,0.0,0.0,0.0,0.0,0.0,0.0,0.0,0.0,0.0,0.0,0.0,0.0,0.0,265657.0,284919.0,328826.0,609000.0,823765.0,824578.0,925393.0
"O'Dell Group, LLC",0.0,0.0,0.0,0.0,0.0,0.0,0.0,15.0,14.0,26.0,2.0,0.0,0.0,226316.0,234895.0,295815.0,794539.0,794539.0,1246598.0,729398.0
"O'Keefe Stevens Advisory, Inc.",0.0,25671.0,26543.0,24618.0,26512.0,37281.0,38483.0,54136.0,49723.0,27807.0,22361.0,27058026.0,51583562.0,68567474.0,39001629.0,44309350.0,80218169.0,63011847.0,61896898.0,65423364.0
"O'Neil Global Advisors, Inc.",0.0,0.0,0.0,0.0,7112.0,7887.0,13935.0,810.0,16823.0,667.0,509.0,599.0,15147.0,90254.0,32701.0,80247.0,34392.0,54215.0,75465.0,72011.0
"O'ROURKE & COMPANY, Inc",0.0,0.0,0.0,0.0,0.0,0.0,0.0,0.0,0.0,0.0,0.0,0.0,0.0,223.0,230.0,260.0,552.0,795.0,925878.0,1122155.0
"O'SHAUGHNESSY ASSET MANAGEMENT, LLC",670.0,2917.0,4890.0,6271.0,5297.0,8352.0,11116.0,0.0,19276.0,10897.0,6685.0,14313682.0,30176099.0,49850369.0,60926439.0,76740777.0,163834506.0,252660796.0,303289809.0,321743934.0
OAK ASSOCIATES LTD /OH/,0.0,0.0,0.0,0.0,0.0,0.0,0.0,0.0,0.0,0.0,0.0,8381714.0,9808336.0,14939797.0,15362542.0,17240094.0,31274922.0,42760900.0,42034027.0,44198868.0
"OAK FAMILY ADVISORS, LLC",0.0,0.0,0.0,323.0,320.0,480.0,497.0,706.0,594.0,288.0,0.0,0.0,0.0,274582.0,258645.0,296637.0,437323.0,548518.0,527050.0,589130.0
"OAK HARBOR WEALTH PARTNERS, LLC",0.0,0.0,0.0,0.0,0.0,0.0,0.0,0.0,0.0,0.0,0.0,0.0,413322.0,522853.0,337987.0,484820.0,949642.0,1137803.0,988643.0,990792.0
"OAK HILL WEALTH ADVISORS, LLC",0.0,0.0,0.0,0.0,0.0,0.0,0.0,0.0,0.0,0.0,0.0,1238905.0,2242999.0,2265140.0,1843635.0,968236.0,1485596.0,2007001.0,1963170.0,2042007.0
OAK RIDGE INVESTMENTS LLC,6578.0,9813.0,13801.0,9551.0,127747.0,14458.0,14693.0,20565.0,19055.0,10217.0,7985.0,9476302.0,17958108.0,26979793.0,28708035.0,32896192.0,62397531.0,178331966.0,100468041.0,118184332.0
OAKMONT CORP,0.0,0.0,5190.0,5124.0,5239.0,7851.0,8131.0,11543.0,10709.0,5930.0,4182.0,0.0,0.0,0.0,0.0,0.0,0.0,0.0,0.0,0.0
OAKMONT Corp,0.0,0.0,0.0,0.0,0.0,0.0,0.0,0.0,0.0,0.0,0.0,5035.0,9569177.0,14573039.0,14978446.0,24643138.0,48101017.0,71276403.0,77229046.0,79525061.0
"OARSMAN CAPITAL, INC.",633.0,1834.0,2097.0,2010.0,1711.0,2542.0,2605.0,3442.0,2766.0,1545.0,1192.0,1450152.0,2650214.0,3151540.0,3103700.0,3851380.0,6253829.0,8347564.0,7604418.0,8383428.0
"OBERMEYER WOOD INVESTMENT COUNSEL, LLLP",44974.0,63217.0,71574.0,57192.0,56972.0,84146.0,85654.0,118367.0,62618.0,19808.0,15421.0,18038826.0,6886565.0,10281414.0,9981328.0,10993472.0,17189385.0,18938650.0,38969700.0,0.0
OBERWEIS ASSET MANAGEMENT INC/,0.0,0.0,0.0,0.0,0.0,0.0,0.0,259.0,0.0,0.0,0.0,0.0,0.0,0.0,0.0,0.0,0.0,0.0,0.0,0.0
OCCUDO QUANTITATIVE STRATEGIES LP,0.0,0.0,0.0,972.0,2593.0,2472.0,0.0,3617.0,6405.0,1953.0,5731.0,1324467.0,1086636.0,0.0,0.0,0.0,2941991.0,2310198.0,2741265.0,1232379.0
ODDO BHF ASSET MANAGEMENT SAS,0.0,0.0,0.0,0.0,0.0,0.0,0.0,0.0,0.0,0.0,0.0,0.0,0.0,0.0,0.0,0.0,0.0,0.0,75722940.0,97779235.0
"ODonnell Financial Services, LLC",0.0,0.0,0.0,0.0,0.0,0.0,0.0,0.0,0.0,0.0,0.0,0.0,0.0,0.0,0.0,0.0,0.0,222655.0,253602.0,277258.0
"OFC FINANCIAL PLANNING, LLC",0.0,0.0,0.0,0.0,0.0,0.0,0.0,0.0,0.0,0.0,0.0,0.0,0.0,0.0,0.0,0.0,0.0,0.0,0.0,870602.0
OFI INVEST ASSET MANAGEMENT,0.0,0.0,0.0,0.0,0.0,0.0,0.0,0.0,0.0,0.0,0.0,0.0,0.0,86467403.0,135958341.0,144354964.0,202711176.0,268045868.0,0.0,351110103.0
"OGBORNE CAPITAL MANAGEMENT, LLC",0.0,0.0,0.0,0.0,0.0,0.0,0.0,0.0,0.0,0.0,0.0,0.0,0.0,21151000.0,30449300.0,29713200.0,67767000.0,12354000.0,42504000.0,63787750.0
OKABENA INVESTMENT SERVICES INC,0.0,0.0,0.0,0.0,0.0,0.0,0.0,0.0,0.0,0.0,0.0,0.0,0.0,49916.0,0.0,0.0,0.0,0.0,0.0,0.0
OLD DOMINION CAPITAL MANAGEMENT INC,0.0,0.0,0.0,0.0,0.0,272.0,935.0,0.0,0.0,0.0,0.0,0.0,0.0,0.0,0.0,0.0,0.0,0.0,0.0,0.0
OLD NATIONAL BANCORP /IN/,0.0,284.0,0.0,611.0,471.0,721.0,749.0,1110.0,2722.0,2555.0,3558.0,1716.0,3472958.0,4812698.0,4856228.0,5580634.0,10680982.0,16684324.0,37578636.0,45591723.0
OLD NATIONAL BANCORP/IN/,0.0,0.0,463.0,0.0,0.0,0.0,0.0,0.0,0.0,0.0,0.0,0.0,0.0,0.0,0.0,0.0,0.0,0.0,0.0,0.0
OLD POINT TRUST & FINANCIAL SERVICES N A,0.0,0.0,0.0,0.0,0.0,0.0,0.0,0.0,0.0,0.0,0.0,0.0,0.0,266503.0,339292.0,373891.0,795133.0,975966.0,898656.0,778882.0
OLD SECOND NATIONAL BANK OF AURORA,2893.0,3213.0,3187.0,3010.0,3060.0,4406.0,5015.0,3884.0,6446.0,3579.0,2852.0,3338714.0,5558178.0,6209511.0,6071155.0,6320988.0,10043973.0,13345532.0,12926438.0,13618617.0
OLIO Financial Planning,0.0,0.0,0.0,0.0,0.0,0.0,0.0,0.0,0.0,0.0,0.0,0.0,0.0,0.0,0.0,0.0,0.0,0.0,0.0,610423.0
OLIVER LAGORE VANVALIN INVESTMENT GROUP,0.0,0.0,0.0,0.0,0.0,0.0,0.0,0.0,357.0,151.0,333.0,283953.0,135001.0,149963.0,145429.0,221032.0,1588344.0,3117804.0,2187773.0,0.0
OMC Financial Services LTD,0.0,0.0,0.0,0.0,0.0,0.0,0.0,0.0,0.0,0.0,0.0,0.0,0.0,0.0,0.0,0.0,25395.0,33842.0,33842.0,33873.0
OMERS ADMINISTRATION Corp,0.0,0.0,0.0,4265.0,3992.0,5141.0,4183.0,2243.0,1181.0,1078.0,2875.0,1266595.0,4574872.0,6967139.0,8748954.0,178122710.0,324996075.0,532068249.0,436795149.0,489697482.0
"OMNI 360 Wealth, Inc.",0.0,0.0,0.0,0.0,0.0,0.0,0.0,0.0,0.0,0.0,0.0,0.0,0.0,0.0,0.0,239700.0,463552.0,887305.0,1963680.0,1356661.0
"ONCE CAPITAL MANAGEMENT, LLC",0.0,0.0,0.0,0.0,0.0,0.0,0.0,0.0,0.0,0.0,0.0,8183840.0,13388514.0,20389564.0,20966518.0,23869604.0,43551592.0,0.0,0.0,0.0
"ONE WEALTH CAPITAL MANAGEMENT, LLC",0.0,0.0,0.0,0.0,0.0,0.0,0.0,0.0,0.0,0.0,0.0,0.0,0.0,0.0,0.0,0.0,0.0,0.0,0.0,2055749.0
"ONEFUND, LLC",0.0,0.0,0.0,0.0,0.0,0.0,0.0,0.0,0.0,0.0,0.0,0.0,0.0,0.0,0.0,3234282.0,5787747.0,7991803.0,7831908.0,8926928.0
ONTARIO TEACHERS PENSION PLAN BOARD,1889.0,3205.0,4039.0,525.0,0.0,0.0,0.0,0.0,0.0,0.0,0.0,0.0,0.0,1588017.0,1900906.0,620015.0,19336184.0,25564132.0,25460503.0,27151827.0
"OPINICUS CAPITAL, INC.",0.0,0.0,0.0,0.0,0.0,0.0,0.0,0.0,0.0,0.0,0.0,0.0,0.0,0.0,0.0,2913249.0,5118636.0,6889351.0,6213137.0,6350543.0
OPPENHEIMER & CO INC,17084.0,21743.0,33413.0,33637.0,35281.0,55396.0,43225.0,58084.0,51244.0,31714.0,24456.0,24920231.0,44065988.0,58484630.0,59133846.0,69353580.0,115538217.0,160739624.0,157954093.0,167569076.0
OPTIMAS CAPITAL Ltd,0.0,0.0,0.0,0.0,0.0,0.0,0.0,4203.0,6030.0,3214.0,0.0,7046871.0,12723255.0,9814064.0,18258270.0,7047476.0,10983675.0,7672362.0,2070916.0,2726087.0
OPTIMUM INVESTMENT ADVISORS,953.0,1648.0,2242.0,2196.0,2327.0,2812.0,5296.0,3632.0,3460.0,1920.0,1519.0,1759818.0,3314352.0,4847809.0,4864058.0,5436030.0,9928533.0,13260166.0,12234473.0,13374613.0
"OPTIONS SOLUTIONS, LLC",0.0,0.0,0.0,0.0,0.0,0.0,0.0,0.0,0.0,0.0,0.0,0.0,0.0,214048.0,350602.0,507601.0,2500151.0,0.0,0.0,0.0
"ORBA Wealth Advisors, L.L.C.",0.0,0.0,0.0,0.0,0.0,0.0,0.0,0.0,0.0,0.0,0.0,0.0,0.0,0.0,0.0,0.0,0.0,580885.0,592870.0,728795.0
OREGON PUBLIC EMPLOYEES RETIREMENT FUND,83574.0,89183.0,118121.0,113192.0,117764.0,106735.0,105615.0,185358.0,173221.0,69158.0,52547.0,62016993.0,112780453.0,205007760.0,170699646.0,134841968.0,190928553.0,261040020.0,255843477.0,282403678.0
ORG Partners LLC,0.0,0.0,0.0,0.0,0.0,0.0,0.0,0.0,0.0,0.0,0.0,0.0,0.0,2400289.0,4064369.0,4155606.0,795221.0,10214199.0,7079062.0,9664035.0
"ORG Wealth Partners, LLC",0.0,0.0,0.0,0.0,0.0,0.0,0.0,0.0,0.0,0.0,0.0,0.0,0.0,0.0,0.0,0.0,0.0,0.0,2812058.0,3178906.0
ORRSTOWN FINANCIAL SERVICES INC,0.0,0.0,0.0,209.0,221.0,354.0,1009.0,921.0,866.0,0.0,0.0,0.0,0.0,0.0,0.0,1018172.0,1751099.0,2063736.0,3944856.0,4345893.0
"ORSER CAPITAL MANAGEMENT, LLC",2344.0,3249.0,4695.0,4585.0,4405.0,6583.0,6965.0,9444.0,8390.0,4283.0,2530.0,3045850.0,6144828.0,9260754.0,9509751.0,9938570.0,15627070.0,16288131.0,15902568.0,16353165.0
"OSAIC HOLDINGS, INC.",0.0,0.0,0.0,0.0,0.0,0.0,0.0,0.0,0.0,0.0,0.0,0.0,0.0,128305988.0,61220549.0,50317280.0,81681295.0,126403473.0,114722470.0,699146.0
"OSBORNE PARTNERS CAPITAL MANAGEMENT, LLC",303.0,224.0,319.0,463.0,691.0,442.0,467.0,649.0,382.0,0.0,0.0,0.0,282492.0,231815.0,12450284.0,13339741.0,19660562.0,23782685.0,23588627.0,30644307.0
OSTERWEIS CAPITAL MANAGEMENT INC,0.0,0.0,0.0,0.0,0.0,0.0,0.0,0.0,0.0,0.0,139.0,198750.0,388600.0,710251.0,730348.0,925071.0,1250527.0,1465802.0,1200434.0,37841.0
OUTFITTER FINANCIAL LLC,0.0,0.0,0.0,0.0,0.0,0.0,0.0,0.0,256.0,0.0,0.0,0.0,0.0,0.0,0.0,0.0,212337.0,241521.0,0.0,0.0
OV Management LLC,0.0,0.0,0.0,0.0,0.0,0.0,0.0,0.0,0.0,0.0,0.0,0.0,0.0,0.0,0.0,4735789.0,8298295.0,10954292.0,21598590.0,12652804.0
OVERBROOK MANAGEMENT CORP,0.0,0.0,234.0,226.0,231.0,346.0,359.0,569.0,528.0,313.0,251.0,272113.0,517208.0,787663.0,12894844.0,0.0,0.0,0.0,0.0,0.0
OVERSEA-CHINESE BANKING Corp Ltd,0.0,0.0,0.0,0.0,0.0,0.0,0.0,0.0,0.0,0.0,0.0,349.0,0.0,446827.0,431931.0,4127862.0,6295840.0,2468465.0,51868690.0,88543036.0
OXFORD ASSET MANAGEMENT LLP,0.0,0.0,0.0,0.0,0.0,0.0,0.0,0.0,0.0,0.0,0.0,0.0,0.0,0.0,0.0,0.0,309018.0,1378089.0,0.0,0.0
OXFORD FINANCIAL GROUP LTD,0.0,265.0,378.0,379.0,355.0,764.0,1513.0,2108.0,1953.0,1238.0,940.0,1183003.0,2464716.0,5096646.0,5518887.0,0.0,0.0,0.0,0.0,0.0
"OXFORD FINANCIAL GROUP, LTD. LLC",0.0,0.0,0.0,0.0,0.0,0.0,0.0,0.0,0.0,0.0,0.0,0.0,0.0,0.0,0.0,6507727.0,11788285.0,17602556.0,16492726.0,20289772.0
"Oak Asset Management, LLC",435.0,621.0,818.0,862.0,0.0,1187.0,1329.0,1734.0,1775.0,0.0,1298.0,1565598.0,2959084.0,4528429.0,4539556.0,5117108.0,8936208.0,12042679.0,11909378.0,13099452.0
Oak Grove Capital LLC,8726.0,12012.0,9109.0,8909.0,9150.0,13829.0,14217.0,19012.0,19743.0,10718.0,8562.0,2069348.0,3156867.0,5036493.0,20847796.0,45886399.0,128391009.0,178512639.0,182001709.0,199364035.0
Oak Harvest Investment Services,0.0,0.0,0.0,1085.0,1568.0,2744.0,3551.0,5338.0,5728.0,3570.0,2901.0,3256901.0,5449311.0,1968828.0,2855460.0,3495000.0,12753760.0,15805938.0,7161717.0,7862959.0
Oak Thistle LLC,0.0,0.0,0.0,0.0,0.0,0.0,0.0,0.0,0.0,0.0,0.0,354828.0,0.0,349414.0,659010.0,0.0,0.0,654390.0,486831.0,1978361.0
Oak Wealth Advisors LLC,0.0,0.0,0.0,0.0,0.0,0.0,0.0,0.0,0.0,0.0,0.0,0.0,0.0,0.0,0.0,0.0,0.0,0.0,0.0,244408.0
"Oakwell Private Wealth Management, LLC",0.0,0.0,0.0,630.0,672.0,1068.0,751.0,1064.0,1074.0,620.0,498.0,636440.0,1162190.0,1414579.0,1475486.0,1820429.0,3443467.0,4798541.0,4652610.0,5159020.0
"Oakworth Capital, Inc.",599.0,872.0,1237.0,1193.0,1213.0,1848.0,1926.0,3002.0,2537.0,1325.0,1061.0,1277556.0,2539374.0,3309707.0,3430330.0,3902333.0,6612252.0,9336907.0,9130225.0,10206576.0
Oasis Management Co Ltd.,0.0,0.0,0.0,0.0,0.0,0.0,0.0,0.0,0.0,0.0,0.0,511490.0,0.0,507624.0,304493.0,0.0,0.0,49416000.0,24288000.0,0.0
Obermeyer Wealth Partners,0.0,0.0,0.0,0.0,0.0,0.0,0.0,0.0,0.0,0.0,0.0,0.0,0.0,0.0,0.0,0.0,0.0,0.0,0.0,42874411.0
"Objective Capital Management, LLC",0.0,0.0,0.0,0.0,0.0,0.0,0.0,785.0,706.0,377.0,303.0,383427.0,746022.0,1154758.0,1217900.0,1440529.0,2358182.0,0.0,3508041.0,0.0
"Objectivity Squared, LLC",0.0,0.0,0.0,0.0,0.0,0.0,0.0,0.0,0.0,0.0,0.0,0.0,0.0,0.0,0.0,0.0,528362.0,1025133.0,1215072.0,1293049.0
Obsidian Personal Planning Solutions LLC,0.0,0.0,0.0,0.0,0.0,0.0,0.0,0.0,0.0,0.0,0.0,0.0,0.0,0.0,0.0,0.0,0.0,260052.0,259944.0,251907.0
"Occidental Asset Management, LLC",1917.0,2780.0,3369.0,3365.0,3921.0,6003.0,6314.0,11075.0,10399.0,5391.0,4524.0,5441818.0,9606125.0,14347579.0,14553036.0,15745037.0,27366145.0,37469870.0,35612222.0,40019322.0
"Ocean Capital Management, LLC",1060.0,2118.0,3103.0,3367.0,4519.0,6602.0,6610.0,9662.0,9490.0,5061.0,4040.0,4776294.0,8988082.0,12337378.0,13332009.0,15133428.0,26115595.0,0.0,0.0,0.0
Octahedron Capital Management L.P.,0.0,0.0,0.0,0.0,0.0,0.0,0.0,0.0,0.0,0.0,0.0,0.0,0.0,0.0,565487.0,817113.0,1765851.0,432390.0,0.0,5734183.0
"Octavia Wealth Advisors, LLC",0.0,0.0,0.0,1332.0,1367.0,2277.0,2381.0,3299.0,3219.0,2002.0,1652.0,2023909.0,3840560.0,6082796.0,6005406.0,8507442.0,14606088.0,20070422.0,19477054.0,21139397.0
"Oder Investment Management, LLC",0.0,0.0,0.0,128.0,0.0,0.0,0.0,313.0,326.0,657.0,536.0,178489.0,339270.0,493413.0,507403.0,577673.0,954623.0,1322424.0,1336376.0,1456821.0
Odey Asset Management LLP,0.0,0.0,0.0,0.0,0.0,0.0,0.0,0.0,0.0,0.0,0.0,0.0,0.0,0.0,1191873.0,0.0,0.0,0.0,0.0,0.0
"Old North State Trust, LLC",0.0,0.0,59.0,275.0,322.0,484.0,524.0,759.0,835.0,489.0,420.0,543.0,2196.0,1739.0,1869.0,0.0,4087.0,5558.0,5449.0,0.0
"Old North State Wealth Management, LLC",0.0,0.0,0.0,0.0,0.0,0.0,0.0,0.0,0.0,0.0,0.0,0.0,0.0,0.0,0.0,0.0,1538700.0,2892040.0,3301772.0,3713235.0
Old Port Advisors,593.0,845.0,960.0,968.0,1072.0,1638.0,1425.0,1839.0,1852.0,1023.0,906.0,1000910.0,1715995.0,0.0,2449003.0,2861890.0,5204532.0,7167879.0,6821544.0,7388588.0
"Olistico Wealth, LLC",0.0,0.0,0.0,0.0,0.0,0.0,0.0,0.0,0.0,0.0,0.0,880055.0,1450515.0,1889630.0,2064898.0,2360219.0,3273598.0,4799776.0,5071456.0,5644075.0
Oliver Luxxe Assets LLC,0.0,0.0,0.0,0.0,0.0,220.0,0.0,0.0,0.0,0.0,0.0,0.0,0.0,0.0,0.0,0.0,0.0,271788.0,284777.0,560743.0
Olympiad Research LP,0.0,0.0,0.0,0.0,0.0,0.0,0.0,0.0,2442.0,1481.0,940.0,0.0,0.0,0.0,403236.0,0.0,0.0,0.0,328374.0,576776.0
"OmniStar Financial Group, Inc.",478.0,878.0,506.0,575.0,0.0,243.0,226.0,363.0,490.0,227.0,0.0,217879.0,0.0,0.0,0.0,0.0,330243.0,607844.0,460277.0,506392.0
"Once Capital Management, LLC",0.0,0.0,0.0,0.0,0.0,0.0,0.0,13647.0,12661.0,8489.0,6798.0,0.0,0.0,0.0,0.0,0.0,0.0,0.0,0.0,0.0
"One Capital Management, LLC",4503.0,5965.0,6676.0,6074.0,6180.0,9626.0,9150.0,16046.0,15493.0,9538.0,8477.0,9496688.0,16336918.0,22561583.0,20852384.0,22034631.0,38098281.0,52354709.0,50178705.0,51950589.0
"One Charles Private Wealth Services, LLC",0.0,326.0,0.0,0.0,0.0,365.0,322.0,459.0,432.0,257.0,206.0,235432.0,446932.0,787663.0,792987.0,1790716.0,1634543.0,2249166.0,2206683.0,2537003.0
One Day In July LLC,0.0,0.0,0.0,0.0,0.0,0.0,0.0,0.0,0.0,0.0,0.0,0.0,561705.0,880811.0,1104568.0,1287740.0,2345067.0,3493107.0,3469068.0,3604734.0
"One River Asset Management, LLC",0.0,0.0,0.0,0.0,0.0,0.0,0.0,0.0,0.0,0.0,0.0,4823837.0,34221264.0,29992118.0,158734586.0,174515528.0,142220344.0,23781450.0,25028784.0,42919419.0
"One Wealth Advisors, LLC",0.0,0.0,0.0,0.0,0.0,0.0,200.0,271.0,0.0,0.0,618.0,265556.0,500819.0,589690.0,612901.0,656167.0,1228842.0,1781235.0,2092388.0,2307456.0
"One Wealth Management Investment & Advisory Services, LLC",0.0,0.0,0.0,0.0,0.0,0.0,0.0,0.0,0.0,0.0,0.0,0.0,0.0,0.0,0.0,4064213.0,5521549.0,7599789.0,5901477.0,6520159.0
"One01 Capital, LP",0.0,0.0,0.0,0.0,0.0,0.0,0.0,0.0,0.0,0.0,0.0,0.0,0.0,1649778.0,3510369.0,0.0,0.0,0.0,0.0,0.0
"OneAscent Family Office, LLC",0.0,0.0,0.0,0.0,0.0,0.0,0.0,0.0,0.0,0.0,0.0,0.0,0.0,0.0,0.0,0.0,0.0,0.0,0.0,1016.0
OneAscent Financial Services LLC,0.0,0.0,0.0,0.0,0.0,0.0,332.0,0.0,696.0,488.0,396.0,440.0,855.0,1538.0,1847.0,2754.0,5349.0,8550.0,8228.0,14905.0
OneAscent Wealth Management LLC,0.0,0.0,0.0,0.0,0.0,0.0,0.0,0.0,0.0,0.0,0.0,0.0,0.0,270.0,0.0,260.0,709.0,960.0,995.0,819.0
OneDigital Investment Advisors LLC,0.0,0.0,0.0,0.0,0.0,0.0,0.0,0.0,0.0,0.0,0.0,0.0,0.0,13711112.0,15559458.0,20948960.0,29671936.0,69188156.0,53707592.0,51961269.0
Onex Canada Asset Management Inc.,0.0,0.0,0.0,0.0,0.0,0.0,0.0,0.0,0.0,0.0,0.0,0.0,0.0,0.0,0.0,10531842.0,16255044.0,21536481.0,21007298.0,23035972.0
Onyx Bridge Wealth Group LLC,0.0,0.0,0.0,0.0,0.0,375.0,596.0,1054.0,630.0,654.0,430.0,877298.0,1655103.0,2618413.0,2822246.0,2936793.0,5039838.0,7319640.0,7202622.0,7783817.0
"Opal Wealth Advisors, LLC",0.0,0.0,0.0,309.0,309.0,528.0,485.0,699.0,574.0,320.0,242.0,301925.0,584151.0,1990733.0,1064421.0,1114245.0,2051082.0,2624731.0,2501300.0,2788129.0
Operose Advisors LLC,0.0,0.0,0.0,0.0,0.0,0.0,0.0,235.0,229.0,127.0,102.0,122758.0,233327.0,270733.0,589846.0,426384.0,693934.0,1016735.0,1053007.0,2756980.0
Opes Wealth Management LLC,0.0,0.0,0.0,0.0,343.0,514.0,535.0,835.0,788.0,438.0,376.0,452891.0,860815.0,1310948.0,1369351.0,1581241.0,2766707.0,3689532.0,3595848.0,4134011.0
"Optas, LLC",324.0,459.0,708.0,685.0,703.0,1052.0,1114.0,1584.0,1487.0,841.0,705.0,840744.0,1428016.0,2104101.0,2094042.0,2458767.0,4495212.0,5850485.0,5715088.0,6283967.0
"Optimal Asset Management, Inc.",693.0,501.0,497.0,482.0,0.0,0.0,0.0,0.0,0.0,0.0,0.0,0.0,0.0,0.0,0.0,0.0,0.0,0.0,0.0,0.0
Optimist Retirement Group LLC,0.0,0.0,0.0,0.0,0.0,0.0,0.0,0.0,0.0,0.0,0.0,0.0,0.0,0.0,0.0,0.0,315342.0,237073.0,241787.0,262403.0
Optimize Financial Inc,0.0,0.0,0.0,0.0,0.0,0.0,0.0,0.0,0.0,0.0,0.0,0.0,0.0,0.0,0.0,0.0,0.0,0.0,0.0,2259966.0
"Optimus Prime Fund Management Co., Ltd.",0.0,0.0,0.0,0.0,0.0,0.0,156737.0,119585.0,0.0,37898.0,0.0,0.0,839976.0,0.0,0.0,0.0,0.0,0.0,6072000.0,0.0
Optivise Advisory Services LLC,0.0,0.0,0.0,0.0,0.0,0.0,0.0,0.0,0.0,0.0,0.0,0.0,0.0,0.0,0.0,0.0,0.0,1607570.0,1588015.0,2121226.0
Opulen Financial Group LLC,0.0,0.0,0.0,0.0,0.0,0.0,0.0,0.0,0.0,0.0,0.0,0.0,0.0,0.0,0.0,0.0,0.0,0.0,0.0,773001.0
"Opus Capital Group, LLC",0.0,0.0,0.0,0.0,0.0,202.0,209.0,297.0,304.0,0.0,0.0,0.0,351.0,342.0,353.0,405.0,708.0,992.0,1000.0,1107.0
Oracle Alpha Inc.,0.0,0.0,0.0,0.0,0.0,0.0,0.0,0.0,0.0,0.0,0.0,0.0,0.0,0.0,0.0,973603.0,806879.0,0.0,0.0,0.0
"Orca Investment Management, LLC",0.0,0.0,0.0,0.0,0.0,0.0,248.0,0.0,0.0,0.0,0.0,0.0,0.0,0.0,0.0,0.0,0.0,0.0,0.0,0.0
"Orca Wealth Management, LLC",0.0,0.0,0.0,0.0,0.0,0.0,0.0,0.0,0.0,0.0,0.0,0.0,0.0,0.0,0.0,0.0,0.0,0.0,0.0,956410.0
"Orgel Wealth Management, LLC",0.0,0.0,0.0,0.0,0.0,0.0,0.0,266.0,0.0,0.0,0.0,0.0,0.0,0.0,283179.0,253553.0,0.0,0.0,0.0,0.0
"Oribel Capital Management, LP",8567.0,5319.0,3734.0,2037.0,15698.0,1920.0,21834.0,91879.0,11406.0,6534.0,22044.0,27605.0,34938469.0,51904554.0,14180674.0,8220652.0,78429008.0,34486537.0,138927360.0,98904585.0
Oriental Harbor Investment Fund,0.0,0.0,0.0,0.0,0.0,0.0,0.0,0.0,0.0,0.0,0.0,0.0,0.0,0.0,0.0,0.0,0.0,0.0,287879357.0,188847595.0
"Orin Green Financial, LLC",0.0,0.0,0.0,0.0,0.0,0.0,0.0,0.0,0.0,0.0,0.0,0.0,0.0,283423.0,270999.0,308522.0,496958.0,520103.0,769930.0,851399.0
Orion Capital Management LLC,0.0,0.0,0.0,464.0,475.0,711.0,691.0,893.0,692.0,281.0,250.0,285850.0,719424.0,1057073.0,1108764.0,1531724.0,2938194.0,3804044.0,3704163.0,3635278.0
"Orion Portfolio Solutions, LLC",479.0,1354.0,1390.0,1356.0,1383.0,2165.0,2317.0,3876.0,3520.0,1676.0,1278.0,1971164.0,18577132.0,66863250.0,38916036.0,50819876.0,79851699.0,116941088.0,120719787.0,140530274.0
Osborn Williams & Donohoe LLC,1812.0,0.0,0.0,0.0,0.0,0.0,0.0,0.0,0.0,0.0,0.0,0.0,0.0,0.0,0.0,0.0,0.0,0.0,0.0,0.0
Osher Van de Voorde Investment Management,0.0,0.0,0.0,0.0,0.0,0.0,0.0,0.0,0.0,0.0,0.0,798947.0,1388850.0,2146827.0,2312344.0,2632518.0,4088609.0,5590185.0,4979040.0,0.0
Osprey Private Wealth LLC,0.0,0.0,0.0,0.0,0.0,0.0,0.0,0.0,0.0,0.0,0.0,0.0,0.0,0.0,0.0,0.0,0.0,0.0,8436436.0,9345241.0
"Otter Creek Advisors, LLC",0.0,0.0,0.0,0.0,0.0,0.0,0.0,3823.0,10369.0,2274.0,0.0,4384200.0,3472125.0,0.0,0.0,0.0,0.0,0.0,0.0,0.0
Outfitter Financial LLC,0.0,0.0,0.0,0.0,0.0,0.0,0.0,276.0,0.0,0.0,0.0,0.0,0.0,0.0,0.0,0.0,0.0,0.0,0.0,0.0
"Outlook Wealth Advisors, LLC",309.0,431.0,616.0,519.0,564.0,888.0,941.0,1319.0,2225.0,635.0,450.0,680013.0,1300313.0,1956603.0,2952009.0,3230041.0,5380215.0,7144092.0,7013909.0,7828372.0
Ovata Capital Management Ltd,7908.0,0.0,0.0,0.0,0.0,0.0,0.0,0.0,0.0,0.0,0.0,0.0,0.0,0.0,0.0,0.0,0.0,0.0,0.0,0.0
Overbrook Management Corp,0.0,0.0,0.0,0.0,0.0,0.0,0.0,0.0,0.0,0.0,0.0,0.0,0.0,0.0,0.0,17365385.0,28495572.0,32360932.0,31723650.0,34848389.0
Oversea-Chinese Banking CORP Ltd,0.0,0.0,0.0,0.0,0.0,0.0,0.0,0.0,0.0,0.0,0.0,348916.0,0.0,0.0,0.0,0.0,0.0,0.0,0.0,0.0
"Owen LaRue, LLC",0.0,0.0,0.0,0.0,0.0,0.0,0.0,0.0,0.0,0.0,0.0,0.0,0.0,3164657.0,2756382.0,2956341.0,5487957.0,8215307.0,6755477.0,7518762.0
"Owl Creek Asset Management, L.P.",0.0,0.0,0.0,0.0,0.0,0.0,0.0,0.0,0.0,0.0,0.0,0.0,0.0,0.0,0.0,30031131.0,19716583.0,0.0,0.0,0.0
"Oxbow Advisors, LLC",0.0,0.0,0.0,358.0,1058.0,1574.0,1235.0,1308.0,1297.0,920.0,728.0,683058.0,0.0,308382.0,360607.0,1033524.0,1403229.0,1837040.0,1722505.0,1809021.0
Oxbow Capital Management (HK) Ltd,0.0,0.0,0.0,0.0,0.0,0.0,0.0,0.0,0.0,0.0,0.0,0.0,12499650.0,66837160.0,81343130.0,60169230.0,90356000.0,100067400.0,40682400.0,61154189.0
OxenFree Capital LLC,0.0,0.0,0.0,0.0,0.0,0.0,0.0,0.0,0.0,0.0,0.0,0.0,0.0,0.0,0.0,0.0,202397.0,289084.0,284170.0,314910.0
"Oxford Wealth Group, LLC",0.0,0.0,0.0,0.0,0.0,0.0,0.0,0.0,0.0,0.0,0.0,0.0,0.0,0.0,0.0,0.0,2972713.0,4265223.0,3362799.0,3632557.0
Oxinas Partners Wealth Management LLC,0.0,0.0,0.0,0.0,0.0,0.0,0.0,1117.0,425.0,0.0,0.0,0.0,262698.0,539663.0,403612.0,440204.0,623847.0,952317.0,1368657.0,1470144.0
Oxler Private Wealth LLC,0.0,0.0,0.0,0.0,0.0,1280.0,1325.0,1882.0,1746.0,985616.0,911134.0,1097174.0,2085718.0,3191485.0,3282100.0,0.0,7203318.0,9951332.0,9938588.0,10991794.0
"PACES FERRY WEALTH ADVISORS, LLC",0.0,0.0,1658.0,1604.0,1637.0,2436.0,2510.0,3153.0,2895.0,1603.0,1292.0,1529881.0,2855365.0,4013445.0,4010869.0,4309207.0,7313958.0,9838109.0,9661282.0,10430977.0
"PACIFIC CAPITAL WEALTH ADVISORS, INC",0.0,0.0,42.0,0.0,0.0,0.0,0.0,0.0,0.0,0.0,0.0,0.0,0.0,0.0,0.0,91616.0,183423.0,771754.0,0.0,0.0
PACIFIC FINANCIAL GROUP INC,0.0,0.0,0.0,0.0,0.0,0.0,0.0,0.0,220.0,0.0,0.0,0.0,0.0,0.0,0.0,0.0,0.0,0.0,0.0,216408.0
PACIFIC GLOBAL INVESTMENT MANAGEMENT CO,0.0,0.0,0.0,0.0,0.0,0.0,4747.0,6590.0,5905.0,3209.0,2528.0,3048474.0,5162647.0,7322233.0,7340666.0,8040158.0,14426737.0,16346970.0,15563621.0,778201.0
PACIFIC HEIGHTS ASSET MANAGEMENT LLC,10544.0,12537.0,17860.0,17233.0,20289.0,30404.0,33560.0,47646.0,44203.0,25316.0,20272.0,0.0,0.0,0.0,56113710.0,0.0,0.0,0.0,104438400.0,0.0
PACIFIC SUN FINANCIAL CORP,0.0,0.0,0.0,0.0,0.0,0.0,0.0,289.0,268.0,0.0,0.0,0.0,0.0,0.0,0.0,214430.0,631588.0,956570.0,1134128.0,1255612.0
PALISADE CAPITAL MANAGEMENT LLC/NJ,436.0,0.0,0.0,1880.0,2136.0,2160.0,2237.0,6352.0,2974.0,1649.0,1321.0,1590003.0,0.0,0.0,0.0,0.0,0.0,0.0,0.0,0.0
"PALISADE CAPITAL MANAGEMENT, LP",0.0,0.0,0.0,0.0,0.0,0.0,0.0,0.0,0.0,0.0,0.0,1590003.0,3022138.0,4602458.0,4454298.0,5089376.0,17407987.0,27961425.0,27945164.0,30540096.0
"PALLADIEM, LLC",0.0,0.0,0.0,0.0,0.0,0.0,0.0,0.0,0.0,0.0,0.0,0.0,0.0,240275.0,247074.0,0.0,0.0,0.0,0.0,0.0
PALLADIUM PARTNERS LLC,0.0,0.0,0.0,0.0,299.0,411.0,581.0,852.0,757.0,0.0,0.0,0.0,0.0,0.0,0.0,0.0,0.0,0.0,0.0,0.0
"PALO ALTO WEALTH ADVISORS, LLC",0.0,0.0,0.0,0.0,0.0,0.0,0.0,0.0,0.0,0.0,0.0,270651.0,584428.0,793586.0,646395.0,742335.0,1237026.0,1691471.0,2888839.0,0.0
PANAGORA ASSET MANAGEMENT INC,98101.0,127233.0,175479.0,173014.0,159873.0,227076.0,223290.0,256869.0,225122.0,110523.0,84732.0,99002835.0,200840210.0,377003038.0,400120332.0,470860128.0,887696197.0,1265530665.0,1264264843.0,1417038555.0
"PANORAMIC INVESTMENT ADVISORS, LLC",0.0,0.0,0.0,0.0,0.0,0.0,0.0,0.0,0.0,0.0,0.0,0.0,0.0,0.0,0.0,269895.0,468044.0,0.0,735320.0,1199211.0
PARADIGM ASSET MANAGEMENT CO LLC,158160.0,1424663.0,2029575.0,1853810.0,1788665.0,2600325.0,2465204.0,3381383.0,3137071.0,1242583.0,946478.0,379526.0,721369.0,2494549.0,2478138.0,2771746.0,4650623.0,8446430.0,8302853.0,3299505.0
PARAGON CAPITAL MANAGEMENT INC,0.0,0.0,0.0,0.0,0.0,0.0,0.0,3443146.0,1474808.0,507372.0,411755.0,602535.0,861643.0,1336743.0,1332809.0,2076457.0,1962532.0,2487972.0,2567727.0,3057918.0
"PARAGON FINANCIAL PARTNERS, INC.",0.0,0.0,0.0,0.0,0.0,0.0,0.0,7652.0,7098.0,1984.0,1589.0,1912690.0,3644365.0,4277612.0,4398661.0,4991868.0,9107980.0,12477679.0,12271648.0,13571783.0
PARK AVENUE SECURITIES LLC,1846.0,2423.0,4020.0,4448.0,5553.0,15210.0,10337.0,15582000.0,15864.0,9233.0,6970000.0,7981000.0,14596.0,23140.0,23759.0,30813.0,65480.0,94435.0,88967.0,115259.0
PARK CIRCLE Co,185.0,152.0,216.0,209.0,321.0,480.0,497.0,706.0,819.0,501.0,400.0,482262.0,777756.0,1184456.0,1217972.0,1386616.0,1987832.0,3582660.0,3521760.0,4001842.0
PARK NATIONAL CORP /OH/,0.0,0.0,0.0,0.0,0.0,0.0,0.0,0.0,0.0,0.0,0.0,34703866.0,55866769.0,75762459.0,71441888.0,74722755.0,112325158.0,122573052.0,104007045.0,108563259.0
PARNASSUS INVESTMENTS /CA,550125.0,533405.0,629098.0,609253.0,638364.0,893262.0,0.0,0.0,0.0,0.0,0.0,0.0,0.0,0.0,0.0,0.0,0.0,0.0,0.0,0.0
"PARNASSUS INVESTMENTS, LLC",0.0,0.0,0.0,0.0,0.0,0.0,1910962.0,1041217.0,733024.0,282176.0,227600.0,273304452.0,390654061.0,599413418.0,605841457.0,1027628546.0,1861274869.0,2477013197.0,2481338466.0,2177357380.0
"PARR MCKNIGHT WEALTH MANAGEMENT GROUP, LLC",0.0,0.0,0.0,0.0,0.0,0.0,0.0,0.0,0.0,0.0,0.0,0.0,0.0,0.0,0.0,0.0,0.0,0.0,0.0,6215613.0
PARSONS CAPITAL MANAGEMENT INC/RI,0.0,0.0,0.0,0.0,0.0,0.0,0.0,0.0,0.0,3353.0,2658.0,3128090.0,5469292.0,8167671.0,8610628.0,9866764.0,14449732.0,19766648.0,20171670.0,36772765.0
PARTHENON LLC,0.0,0.0,0.0,546.0,558.0,836.0,866.0,1085.0,1014.0,568.0,455.0,547294.0,1040249.0,1415002.0,1455042.0,1656511.0,2570628.0,3082323.0,3029928.0,3216245.0
"PARTNERS WEALTH MANAGEMENT, LLC",0.0,0.0,0.0,0.0,0.0,0.0,0.0,0.0,0.0,0.0,0.0,0.0,0.0,0.0,0.0,0.0,0.0,0.0,0.0,1284721.0
PARUS FINANCE (UK) Ltd,1052.0,18445.0,25465.0,22680.0,10125.0,8099.0,7231.0,6999.0,2398.0,1385.0,1147.0,1322421.0,2705480.0,26435789.0,17586211.0,30235162.0,40484006.0,44668976.0,38854121.0,38005413.0
"PATHSTONE FAMILY OFFICE, LLC",23291.0,122.0,151.0,673.0,5900.0,18916.0,10399.0,17542.0,15528.0,10562296.0,9313411.0,83145133.0,23861974.0,70640076.0,82167088.0,0.0,0.0,0.0,0.0,0.0
"PATRICK M SWEENEY & ASSOCIATES, INC",0.0,0.0,0.0,0.0,0.0,0.0,0.0,0.0,0.0,0.0,0.0,0.0,0.0,0.0,0.0,276333.0,486118.0,658477.0,827258.0,898972.0
"PATRIOT INVESTMENT MANAGEMENT GROUP, INC.",0.0,0.0,0.0,0.0,0.0,0.0,0.0,0.0,0.0,0.0,0.0,2159115.0,2694952.0,3343591.0,3151503.0,3074326.0,6521897.0,7576290.0,4946009.0,5212871.0
"PATRON PARTNERS ADVISORS, LLC",0.0,0.0,0.0,542.0,703.0,0.0,0.0,0.0,0.0,0.0,0.0,0.0,0.0,0.0,0.0,0.0,0.0,0.0,0.0,0.0
"PATRON PARTNERS, LLC",0.0,0.0,0.0,0.0,0.0,1202.0,1267.0,1887.0,1752.0,880.0,649.0,792371.0,1466903.0,2255543.0,2331564.0,2741073.0,5041931.0,7223130.0,7011696.0,7462131.0
PATTEN & PATTEN INC/TN,1112.0,1573.0,1819.0,1718.0,1738.0,2292.0,2439.0,3470.0,3415.0,1821.0,1379.0,1581.0,2894087.0,3624860.0,3370739.0,2081411.0,3521263.0,4597045.0,4210202.0,4645895.0
"PATTON ALBERTSON MILLER GROUP, LLC",3467.0,5189.0,7009.0,6541.0,5579.0,8358.0,8152.0,11577.0,10607.0,5744.0,4523.0,5229164.0,9901912.0,14250207.0,14819170.0,34337406.0,29300500.0,40144497.0,36100503.0,38242186.0
"PATTON FUND MANAGEMENT, INC.",0.0,0.0,0.0,0.0,0.0,0.0,1967.0,2013.0,0.0,0.0,0.0,0.0,0.0,3456073.0,3969719.0,4654573.0,7138124.0,8512524.0,6496190.0,6108315.0
"PAX Financial Group, LLC",212.0,334.0,458.0,498.0,764.0,1128.0,1163.0,1717.0,862.0,0.0,0.0,0.0,307214.0,489011.0,517203.0,866334.0,1164689.0,2563581.0,3158536.0,3720374.0
PAYDEN & RYGEL,0.0,0.0,0.0,0.0,0.0,0.0,0.0,0.0,0.0,531.0,425.0,511.0,972.0,846.0,870.0,990.0,1626.0,2224.0,2186.0,2417.0
PAYDEN & RYGEL INVESTMENT GROUP,0.0,0.0,0.0,0.0,0.0,0.0,0.0,0.0,0.0,0.0,0.0,0.0,0.0,0.0,1740.0,0.0,3252.0,4448.0,0.0,0.0
PBCay One RSC Ltd,0.0,0.0,0.0,0.0,0.0,0.0,0.0,0.0,0.0,0.0,0.0,0.0,0.0,0.0,0.0,99440176.0,39575928.0,0.0,0.0,0.0
PBMares Wealth Management LLC,0.0,0.0,0.0,0.0,0.0,0.0,0.0,0.0,0.0,0.0,0.0,0.0,0.0,0.0,240114.0,291189.0,1166018.0,2124124.0,1955259.0,2329730.0
PCA Investment Advisory Services Inc.,0.0,0.0,0.0,0.0,0.0,0.0,0.0,0.0,0.0,0.0,0.0,0.0,237864.0,353792.0,372943.0,404792.0,867114.0,1204462.0,1196242.0,1369680.0
"PCG ASSET MANAGEMENT, LLC",0.0,0.0,0.0,0.0,0.0,0.0,0.0,0.0,0.0,0.0,0.0,0.0,0.0,0.0,0.0,0.0,0.0,0.0,0.0,653992.0
"PCG Wealth Advisors, LLC",0.0,0.0,0.0,0.0,0.0,0.0,0.0,336.0,414.0,0.0,297.0,0.0,240528.0,370549.0,457179.0,556648.0,1060836.0,2076094.0,2195155.0,2422321.0
"PDS Planning, Inc",0.0,0.0,395.0,429.0,470.0,801.0,830.0,1224.0,1862.0,1193.0,820.0,1186077.0,3112448.0,5335055.0,5531438.0,6439978.0,11431188.0,16544579.0,16053253.0,18420036.0
"PDT Partners, LLC",0.0,342.0,0.0,1464.0,0.0,0.0,0.0,882.0,0.0,0.0,0.0,0.0,0.0,1776684.0,1174473.0,2692511.0,2529968.0,3309390.0,5978005.0,3351073.0
PEAK FINANCIAL ADVISORS LLC,0.0,0.0,0.0,0.0,0.0,0.0,0.0,212.0,0.0,0.0,0.0,0.0,0.0,0.0,0.0,0.0,310825.0,385198.0,377800.0,433622.0
PEAPACK GLADSTONE FINANCIAL CORP,0.0,0.0,0.0,344.0,545.0,857.0,1804.0,2602.0,2537.0,869.0,1106.0,1593.0,2729.0,4647.0,4895.0,6452.0,12118.0,17381.0,22185.0,24150.0
PECAUT & CO.,0.0,443.0,631.0,608.0,622.0,852.0,883.0,992.0,926.0,502.0,374.0,450444.0,853676.0,2612864.0,1332543.0,1479921.0,2600827.0,3465847.0,2901378.0,3011037.0
PECONIC PARTNERS LLC,211.0,0.0,0.0,0.0,0.0,0.0,0.0,0.0,82.0,45.0,36.0,0.0,0.0,0.0,0.0,0.0,0.0,0.0,0.0,0.0
"PEDDOCK CAPITAL ADVISORS, LLC",5060.0,7200.0,9838.0,9387.0,9573.0,13518.0,13666.0,18995.0,17708.0,9698.0,7770.0,8873600.0,16831756.0,23295312.0,22820942.0,25384095.0,43389119.0,54239689.0,52719723.0,57642085.0
PENN DAVIS MCFARLAND INC,264.0,380.0,541.0,522.0,534.0,374.0,409.0,581.0,539.0,283.0,227.0,273273.0,653593.0,790201.0,812561.0,925071.0,1687850.0,2803123.0,72646622.0,80283665.0
"PENNINGTON PARTNERS & CO., LLC",0.0,0.0,0.0,0.0,0.0,0.0,0.0,0.0,0.0,0.0,0.0,0.0,0.0,0.0,0.0,0.0,0.0,0.0,0.0,3155104.0
PENNSYLVANIA CAPITAL MANAGEMENT INC /ADV,0.0,1165.0,0.0,0.0,471.0,547.0,1204.0,2136.0,2064.0,1092.0,616.0,515712.0,873031.0,1351549.0,3046235.0,4123697.0,7705938.0,11387049.0,13390335.0,14225123.0
PENOBSCOT WEALTH MANAGEMENT,0.0,0.0,0.0,0.0,0.0,0.0,0.0,0.0,0.0,0.0,0.0,0.0,0.0,0.0,0.0,0.0,219.0,297.0,612.0,737.0
PEOPLES BANK /OH,0.0,0.0,0.0,0.0,0.0,0.0,0.0,0.0,0.0,278.0,0.0,0.0,0.0,0.0,0.0,0.0,0.0,0.0,0.0,0.0
PEOPLES FINANCIAL SERVICES CORP.,0.0,0.0,0.0,0.0,0.0,0.0,0.0,0.0,0.0,0.0,0.0,0.0,0.0,0.0,30448.0,39616.0,63248.0,86478.0,97152.0,101791.0
PEREGRINE CAPITAL MANAGEMENT LLC,0.0,0.0,528.0,0.0,0.0,0.0,0.0,0.0,0.0,0.0,0.0,0.0,0.0,0.0,0.0,0.0,0.0,0.0,0.0,0.0
PERRITT CAPITAL MANAGEMENT INC,0.0,0.0,0.0,0.0,0.0,0.0,0.0,0.0,0.0,0.0,0.0,0.0,0.0,0.0,2610.0,7429.0,13555.0,0.0,0.0,0.0
PERSONAL CAPITAL ADVISORS CORP,54958.0,60220.0,85892.0,82029.0,88402.0,140936.0,146650.0,203502.0,121380.0,68658.0,58172.0,91001347.0,0.0,0.0,0.0,0.0,0.0,0.0,0.0,0.0
PETERSON WEALTH MANAGEMENT,0.0,0.0,0.0,0.0,324.0,636.0,681.0,1065.0,1241.0,0.0,0.0,0.0,0.0,0.0,797772.0,1429701.0,3438050.0,6876621.0,7640654.0,9447719.0
PETRA FINANCIAL ADVISORS INC,0.0,0.0,0.0,0.0,0.0,0.0,0.0,0.0,0.0,0.0,0.0,0.0,272215.0,1721383.0,2102523.0,2245663.0,3639671.0,5251390.0,4290170.0,4675008.0
PETREDIS INVESTMENT ADVISORS LLC,0.0,0.0,0.0,0.0,0.0,0.0,0.0,0.0,0.0,0.0,0.0,12597268.0,24189322.0,36194438.0,37934608.0,42099643.0,38780795.0,52570223.0,51810919.0,55830665.0
"PETTYJOHN, WOOD & WHITE, INC",0.0,0.0,0.0,0.0,0.0,0.0,0.0,0.0,0.0,0.0,0.0,0.0,0.0,353645.0,479359.0,566532.0,1042709.0,1586872.0,2379010.0,2619864.0
"PFC CAPITAL GROUP, INC.",0.0,0.0,0.0,0.0,0.0,0.0,0.0,0.0,0.0,0.0,0.0,0.0,0.0,0.0,0.0,4796.0,9008.0,12646.0,12736.0,14117.0
PFG Advisors,865.0,1384.0,1963.0,1932.0,2521.0,3772.0,4095.0,5774.0,6059.0,3356.0,2606.0,3101925.0,5926345.0,8798973.0,7307535.0,8281207.0,15207121.0,21206729.0,20250246.0,22995063.0
"PFG Investments, LLC",0.0,0.0,0.0,0.0,0.0,0.0,0.0,0.0,0.0,0.0,0.0,0.0,5259984.0,8247563.0,11290479.0,12622785.0,43355322.0,59096723.0,48858555.0,52567870.0
"PFG Private Wealth Management, LLC",0.0,0.0,0.0,0.0,0.0,0.0,99.0,120.0,115.0,64.0,60.0,71.0,128608.0,190359.0,66997.0,525439.0,782503.0,1040359.0,763765.0,771665.0
PFS INVESTMENTS INC.,0.0,386.0,748.0,1007.0,1540.0,3887.0,5527.0,9129.0,9790.0,7711.0,3667.0,8760.0,6811.0,9456.0,0.0,0.0,0.0,0.0,0.0,0.0
"PFS Partners, LLC",0.0,0.0,0.0,0.0,0.0,0.0,0.0,0.0,0.0,1820.0,2186.0,5847.0,11115.0,153145.0,151403.0,170894.0,491628.0,606736.0,514728.0,541984.0
PFW Advisors LLC,0.0,0.0,0.0,0.0,0.0,0.0,0.0,0.0,0.0,0.0,0.0,0.0,0.0,1092463.0,1163163.0,1427719.0,2618517.0,3143105.0,0.0,3354296.0
PGGM Investments,0.0,0.0,0.0,16543.0,39129.0,0.0,0.0,34527.0,34527.0,0.0,0.0,0.0,0.0,28446.0,54704.0,72632.0,179854.0,250114.0,230475.0,251534.0
PGIM Custom Harvest LLC,0.0,0.0,0.0,0.0,0.0,0.0,0.0,0.0,0.0,0.0,0.0,0.0,256938.0,438251.0,505025.0,759669.0,2063734.0,3066144.0,4129698.0,4460859.0
PHILADELPHIA TRUST CO,17203.0,18971.0,26780.0,27253.0,27939.0,40771.0,40065.0,55988.0,48991.0,25905.0,21300.0,24698.0,46293.0,69006.0,67624.0,75870.0,132372.0,166982.0,160876.0,173019.0
"PHILLIPS FINANCIAL MANAGEMENT, LLC",0.0,0.0,0.0,0.0,0.0,0.0,0.0,0.0,0.0,0.0,0.0,0.0,211105.0,333763.0,387141.0,397166.0,823143.0,1678909.0,1798526.0,2279036.0
"PHYSICIANS FINANCIAL SERVICES, INC.",942.0,1571.0,1913.0,1624.0,1874.0,2348.0,2432.0,3445.0,3305.0,2358.0,1636.0,2010.0,3767.0,5703.0,5862.0,6674.0,12177.0,18052.0,17528.0,19265.0
PICTET ASSET MANAGEMENT Holding SA,0.0,0.0,0.0,0.0,0.0,0.0,0.0,0.0,0.0,0.0,0.0,0.0,0.0,0.0,0.0,0.0,2374426724.0,0.0,0.0,0.0
PICTET ASSET MANAGEMENT SA,0.0,0.0,0.0,0.0,0.0,0.0,0.0,0.0,0.0,0.0,0.0,0.0,0.0,1003201236.0,0.0,0.0,0.0,0.0,0.0,0.0
PICTET BANK & TRUST Ltd,0.0,0.0,0.0,0.0,0.0,0.0,0.0,0.0,0.0,0.0,0.0,0.0,0.0,0.0,0.0,0.0,0.0,1629493.0,1553825.0,1771285.0
PICTON MAHONEY ASSET MANAGEMENT,20365.0,28206.0,27820.0,26323.0,39950.0,27901.0,25215.0,59494.0,25779.0,18407.0,32162.0,10058.0,21762.0,31127.0,81150.0,40207.0,64401.0,97481.0,116450.0,177962.0
PIER 88 INVESTMENT PARTNERS LLC,0.0,0.0,0.0,0.0,0.0,0.0,0.0,0.0,0.0,0.0,0.0,0.0,0.0,0.0,0.0,0.0,1662550.0,296496.0,0.0,0.0
"PIERSHALE FINANCIAL GROUP, INC.",0.0,205.0,292.0,284.0,288.0,2464.0,2578.0,388.0,346.0,0.0,0.0,137956.0,267770.0,126060.0,0.0,0.0,0.0,0.0,0.0,0.0
PILLAR PACIFIC CAPITAL MANAGEMENT LLC,6074.0,8807.0,12306.0,11931.0,12529.0,0.0,0.0,0.0,0.0,0.0,0.0,0.0,0.0,0.0,0.0,0.0,0.0,0.0,0.0,0.0
PIN OAK INVESTMENT ADVISORS INC,0.0,0.0,0.0,0.0,0.0,0.0,0.0,11.0,38.0,42.0,11.0,20.0,215.0,379.0,378.0,418.0,797.0,1383.0,1050.0,1050.0
"PINEBRIDGE INVESTMENTS, L.P.",0.0,46046.0,63453.0,64833.0,78377.0,104012.0,107126.0,163580.0,136841.0,83583.0,62623.0,79145186.0,151411594.0,299762548.0,283867750.0,393284348.0,706872210.0,868421116.0,752936520.0,825974549.0
"PING CAPITAL MANAGEMENT, INC.",0.0,0.0,0.0,0.0,0.0,0.0,0.0,0.0,0.0,0.0,0.0,0.0,0.0,0.0,0.0,0.0,0.0,1050090.0,11512512.0,1114607.0
PINNACLE ASSOCIATES LTD,11105.0,9965.0,12322.0,11278.0,11428.0,14478.0,16129.0,23766.0,22000.0,12594.0,10290.0,27223433.0,25451195.0,42367094.0,43957103.0,51138036.0,91995547.0,116590808.0,51138036.0,120650030.0
PINNBROOK CAPITAL MANAGEMENT LP,0.0,0.0,0.0,0.0,0.0,0.0,0.0,0.0,0.0,15159.0,0.0,14614000.0,2112163.0,8120715.0,5011085.0,124547830.0,23873862.0,9317387.0,15787200.0,64614976.0
"PINNEY & SCOFIELD, INC.",0.0,0.0,0.0,0.0,0.0,0.0,0.0,0.0,0.0,0.0,0.0,0.0,0.0,0.0,0.0,0.0,0.0,0.0,0.0,2433445.0
PIONEER TRUST BANK N A/OR,0.0,0.0,0.0,0.0,0.0,0.0,0.0,0.0,0.0,0.0,0.0,0.0,0.0,232661.0,478490.0,267419.0,447262.0,611523.0,1971578.0,5459560.0
PITTENGER & ANDERSON INC,228.0,433.0,4451.0,4300.0,6740.0,10933.0,11496.0,17342.0,16608.0,8808.0,7273.0,2067296.0,3327685.0,4169286.0,4553911.0,5406812.0,8706705.0,11807336.0,11543115.0,12523626.0
"PKS Advisory Services, LLC",0.0,0.0,0.0,0.0,0.0,0.0,0.0,0.0,0.0,0.0,0.0,0.0,0.0,0.0,0.0,0.0,0.0,0.0,0.0,3393722.0
PLANNING ALTERNATIVES LTD /ADV,0.0,0.0,0.0,0.0,0.0,0.0,0.0,0.0,0.0,0.0,0.0,0.0,0.0,0.0,0.0,0.0,0.0,214945.0,296785.0,351556.0
PLANNING DIRECTIONS INC,955.0,0.0,0.0,0.0,0.0,0.0,0.0,0.0,0.0,0.0,0.0,0.0,249.0,379.0,395.0,449437.0,844456.0,1206567.0,1251027.0,1615140.0
PLATINUM INVESTMENT MANAGEMENT LTD,0.0,0.0,0.0,0.0,0.0,0.0,0.0,0.0,0.0,0.0,0.0,0.0,0.0,274963.0,262299.0,298618.0,299078.0,300326.0,91809.0,212447.0
PLIMOTH TRUST CO LLC,0.0,0.0,0.0,0.0,601.0,1626.0,2047.0,3363.0,3502.0,2340.0,2294.0,2654.0,4562650.0,5077932.0,4697022.0,5342929.0,10217456.0,13986458.0,13894558.0,15421058.0
"PMG Wealth Management, Inc.",0.0,0.0,0.0,0.0,0.0,0.0,0.0,0.0,0.0,0.0,0.0,0.0,0.0,0.0,0.0,0.0,0.0,0.0,0.0,509631.0
"PMV Capital Advisers, LLC",0.0,0.0,0.0,0.0,0.0,0.0,0.0,0.0,0.0,0.0,0.0,0.0,0.0,0.0,0.0,0.0,0.0,0.0,0.0,48076.0
"PNC Managed Account Solutions, Inc.",0.0,0.0,0.0,0.0,0.0,831.0,0.0,0.0,0.0,0.0,0.0,0.0,0.0,0.0,0.0,0.0,0.0,0.0,0.0,0.0
"POINCIANA ADVISORS GROUP, LLC",0.0,0.0,0.0,0.0,0.0,0.0,0.0,0.0,0.0,0.0,0.0,0.0,0.0,0.0,0.0,0.0,0.0,0.0,0.0,813213.0
"POM Investment Strategies, LLC",0.0,0.0,0.0,0.0,0.0,0.0,0.0,0.0,0.0,0.0,0.0,0.0,0.0,0.0,0.0,73789.0,157222.0,339741.0,227099.0,253283.0
PORTLAND INVESTMENT COUNSEL INC.,0.0,0.0,0.0,0.0,0.0,0.0,0.0,0.0,0.0,0.0,0.0,0.0,0.0,0.0,0.0,0.0,0.0,0.0,0.0,680985.0
POSTROCK PARTNERS LLC,0.0,0.0,0.0,0.0,0.0,0.0,0.0,0.0,0.0,0.0,0.0,0.0,0.0,0.0,0.0,0.0,0.0,0.0,0.0,7329951.0
POTENTIA WEALTH,0.0,0.0,0.0,0.0,0.0,0.0,0.0,0.0,0.0,0.0,0.0,0.0,0.0,0.0,0.0,0.0,0.0,0.0,0.0,6595562.0
POWER WEALTH MANAGEMENT LLC,0.0,0.0,0.0,0.0,0.0,0.0,0.0,0.0,0.0,0.0,0.0,0.0,0.0,0.0,0.0,1687710.0,1142100.0,1230829.0,1288114.0,1329472.0
"PPS&V ASSET MANAGEMENT CONSULTANTS, INC.",0.0,0.0,0.0,0.0,0.0,0.0,0.0,0.0,0.0,0.0,0.0,0.0,378167.0,548843.0,543942.0,603913.0,1061221.0,1215876.0,1226540.0,1286244.0
"PRAIRIEVIEW WEALTH PARTNERS, LLC",0.0,0.0,0.0,0.0,0.0,0.0,0.0,0.0,0.0,0.0,0.0,0.0,0.0,0.0,0.0,0.0,0.0,263140.0,258667.0,286038.0
PRAKASH INVESTMENT ADVISORS LLC,0.0,0.0,0.0,0.0,0.0,0.0,0.0,0.0,0.0,0.0,0.0,0.0,0.0,0.0,0.0,0.0,0.0,0.0,0.0,15679029.0
"PRECEDENT WEALTH PARTNERS, LLC",0.0,0.0,0.0,0.0,0.0,0.0,0.0,0.0,0.0,0.0,0.0,0.0,0.0,0.0,0.0,836922.0,1015601.0,1381452.0,1230336.0,1348005.0
"PRELUDE CAPITAL MANAGEMENT, LLC",0.0,0.0,0.0,0.0,0.0,8735.0,6830.0,0.0,0.0,0.0,0.0,0.0,0.0,0.0,0.0,0.0,0.0,0.0,0.0,0.0
PREMIER ASSET MANAGEMENT LLC,9690.0,8243.0,12767.0,13385.0,14916.0,18934.0,20951.0,21607.0,10040.0,2820.0,1432.0,1130977.0,0.0,0.0,0.0,0.0,0.0,0.0,0.0,0.0
"PRESCOTT GROUP CAPITAL MANAGEMENT, L.L.C.",0.0,0.0,0.0,0.0,2670.0,7601.0,3176.0,4510.0,1728.0,0.0,0.0,0.0,0.0,0.0,0.0,0.0,0.0,0.0,0.0,0.0
"PRESILIUM PRIVATE WEALTH, LLC",0.0,0.0,0.0,0.0,0.0,0.0,0.0,0.0,0.0,0.0,0.0,0.0,0.0,0.0,0.0,0.0,201494.0,281277.0,276496.0,352379.0
"PREVAIL INNOVATIVE WEALTH ADVISORS, LLC",0.0,0.0,0.0,0.0,0.0,0.0,0.0,0.0,0.0,0.0,0.0,0.0,0.0,351953.0,1783024.0,2838601.0,262032.0,473529.0,4172436.0,6300619.0
PRICE T ROWE ASSOCIATES INC /MD/,2879494.0,4296939.0,6614003.0,5484809.0,3813351.0,5339925.0,5501020.0,13506482.0,14500307.0,8629991.0,5904767.0,7706647.0,14546604.0,21740076.0,21733435.0,45930868.0,38629547.0,50628609.0,45270949.0,50520208.0
PRIMECAP MANAGEMENT CO/CA/,746781.0,1016567.0,1210826.0,1066157.0,688930.0,952743.0,952454.0,1131174.0,956115.0,466702.0,360115.0,412480150.0,765566064.0,1096721652.0,1125838943.0,1276048231.0,2087164869.0,2677109329.0,2607107923.0,2859393998.0
"PRIMORIS WEALTH ADVISORS, LLC",0.0,0.0,0.0,0.0,0.0,0.0,0.0,5195.0,6499.0,3343.0,2175.0,1420773.0,2404108.0,2909954.0,2894433.0,3287767.0,4396700.0,5422190.0,4435350.0,4399076.0
PRINCETON CAPITAL MANAGEMENT LLC,2033.0,3206.0,4754.0,4862.0,5103.0,7751.0,8640.0,12411.0,11158.0,6203.0,5602.0,6585945.0,12054954.0,17556198.0,17816367.0,20640341.0,37103921.0,51239531.0,53262449.0,58001732.0
PRINCIPAL FINANCIAL GROUP INC,0.0,0.0,0.0,0.0,0.0,262.0,0.0,0.0,0.0,0.0,0.0,0.0,0.0,0.0,0.0,0.0,0.0,0.0,0.0,0.0
"PRINCIPAL SECURITIES, INC.",0.0,0.0,0.0,0.0,0.0,0.0,0.0,0.0,0.0,0.0,0.0,0.0,0.0,0.0,0.0,26386470.0,26291115.0,35749020.0,37988985.0,42996257.0
PRIO WEALTH LIMITED PARTNERSHIP,0.0,0.0,0.0,0.0,24483.0,37859.0,38936.0,55099.0,50547.0,27926697.0,22316989.0,27847437.0,51744555.0,75109669.0,73729120.0,82859902.0,154490222.0,184745676.0,175668674.0,0.0
PRIVATE ASSET MANAGEMENT INC,0.0,0.0,0.0,0.0,435.0,216.0,226.0,299.0,308.0,0.0,0.0,0.0,409732.0,404863.0,316273.0,0.0,0.0,0.0,0.0,0.0
PRIVATE CAPITAL MANAGEMENT LLC,0.0,0.0,0.0,0.0,0.0,210.0,218.0,385.0,395.0,395.0,309.0,238939.0,336935.0,737867.0,810515.0,1109444.0,2506755.0,4917040.0,3579468.0,2784193.0
"PRIVATE CLIENT SERVICES, LLC",0.0,0.0,0.0,0.0,0.0,0.0,0.0,0.0,0.0,0.0,0.0,0.0,0.0,0.0,0.0,651139.0,1343483.0,1930729.0,1799058.0,2057268.0
PRIVATE MANAGEMENT GROUP INC,0.0,0.0,0.0,0.0,0.0,0.0,0.0,0.0,0.0,0.0,0.0,0.0,0.0,0.0,0.0,228792.0,709391.0,1134846.0,1133164.0,1797350.0
PROATHLETE WEALTH MANAGEMENT LLC,0.0,0.0,0.0,0.0,0.0,0.0,0.0,0.0,0.0,0.0,0.0,0.0,0.0,0.0,0.0,792505.0,1422535.0,1974759.0,1970945.0,2356259.0
"PROEQUITIES, INC.",1237.0,1708.0,2520.0,2563.0,2968.0,0.0,0.0,0.0,0.0,0.0,0.0,0.0,0.0,0.0,0.0,0.0,0.0,0.0,0.0,0.0
PROFESSIONAL ADVISORY SERVICES INC,0.0,0.0,0.0,0.0,0.0,0.0,0.0,235.0,218.0,0.0,0.0,0.0,250.0,381.0,391.0,446.0,813.0,1112.0,1093.0,1074.0
PROFESSIONAL PLANNING,0.0,1165.0,0.0,2662.0,2715.0,4351.0,4350.0,0.0,0.0,0.0,0.0,0.0,0.0,0.0,0.0,0.0,0.0,0.0,0.0,0.0
PROFFITT & GOODSON INC,14.0,63.0,75.0,58.0,60.0,90.0,62.0,38.0,35.0,1187.0,905.0,1120894.0,2144663.0,2225509.0,2017049.0,1133559.0,2025782.0,2751483.0,2597481.0,2826671.0
PROFUND ADVISORS LLC,26386.0,26685.0,39629.0,40688.0,44234.0,65394.0,74117.0,99562.0,69769.0,31564.0,23557.0,29416228.0,59942210.0,101007870.0,89738002.0,107847031.0,220257207.0,347038067.0,289565058.0,322156741.0
"PROMETHIUM ADVISORS,LLC",0.0,0.0,0.0,0.0,0.0,0.0,0.0,0.0,0.0,0.0,0.0,0.0,0.0,0.0,0.0,0.0,0.0,0.0,616966.0,682193.0
"PROSPERA PRIVATE WEALTH, LLC",0.0,0.0,0.0,0.0,0.0,0.0,0.0,0.0,0.0,0.0,0.0,0.0,0.0,0.0,0.0,0.0,1102343.0,1416139.0,1739021.0,0.0
PROVENCE WEALTH MANAGEMENT GROUP,0.0,0.0,0.0,0.0,0.0,0.0,0.0,446.0,411.0,1637.0,1315.0,7297634.0,11729988.0,14708043.0,3246766.0,4052881.0,0.0,0.0,0.0,0.0
"PRUDENT INVESTORS NETWORK, INC.",0.0,0.0,0.0,0.0,0.0,0.0,0.0,0.0,0.0,0.0,0.0,0.0,0.0,0.0,0.0,0.0,268357.0,366914.0,392130.0,528565.0
PRUDENTIAL FINANCIAL INC,0.0,0.0,0.0,0.0,0.0,0.0,0.0,398.0,0.0,0.0,0.0,0.0,0.0,0.0,0.0,0.0,0.0,0.0,0.0,0.0
PRW Wealth Management LLC,0.0,0.0,0.0,1689.0,0.0,6275.0,0.0,0.0,0.0,0.0,0.0,0.0,0.0,0.0,0.0,0.0,0.0,0.0,0.0,0.0
"PSI Advisors, LLC",0.0,0.0,220.0,296.0,398.0,441.0,794.0,981.0,1373.0,846.0,717.0,877281.0,1466157.0,1423251.0,1336570.0,1539507.0,2605662.0,3245727.0,3826244.0,4320896.0
PUBLIC EMPLOYEES RETIREMENT ASSOCIATION OF COLORADO,58222.0,43480.0,61885.0,57799.0,58772.0,86644.0,89711.0,126703.0,111994.0,61943.0,51549.0,204386.0,450726.0,658095.0,1294532.0,694984.0,1232095.0,1605348.0,1589895.0,1674470.0
PUBLIC EMPLOYEES RETIREMENT SYSTEM OF OHIO,85002.0,124970.0,182461.0,205167.0,209275.0,334099.0,319666.0,437724.0,393917.0,236212.0,174463.0,211083873.0,382634252.0,556479924.0,532370839.0,620832553.0,1067826304.0,1473951540.0,0.0,1536858270.0
PUBLIC INVESTMENT FUND,0.0,0.0,0.0,0.0,0.0,0.0,0.0,0.0,0.0,0.0,0.0,0.0,0.0,0.0,0.0,0.0,143666040.0,196428600.0,193089600.0,213521100.0
PUBLIC SECTOR PENSION INVESTMENT BOARD,0.0,0.0,0.0,0.0,0.0,0.0,0.0,0.0,0.0,0.0,0.0,149506335.0,0.0,0.0,0.0,0.0,0.0,0.0,0.0,0.0
"PUFF WEALTH MANAGEMENT, LLC",0.0,0.0,0.0,0.0,0.0,0.0,0.0,0.0,0.0,0.0,0.0,0.0,0.0,0.0,0.0,0.0,0.0,0.0,0.0,1770713.0
"PUNCH & ASSOCIATES INVESTMENT MANAGEMENT, INC.",0.0,0.0,0.0,0.0,0.0,0.0,0.0,0.0,0.0,0.0,0.0,292280.0,583317.0,846040.0,1109224.0,2583068.0,0.0,0.0,0.0,0.0
PURE PORTFOLIOS HOLDINGS LLC,0.0,0.0,0.0,0.0,0.0,0.0,0.0,0.0,0.0,0.0,0.0,0.0,0.0,0.0,0.0,0.0,0.0,0.0,4445290.0,4958748.0
"PUREfi Wealth, LLC",0.0,0.0,0.0,0.0,0.0,0.0,0.0,0.0,0.0,0.0,0.0,0.0,0.0,0.0,0.0,0.0,0.0,0.0,0.0,993411.0
PURSUE WEALTH PARTNERS LLC,0.0,0.0,0.0,0.0,0.0,0.0,0.0,0.0,0.0,0.0,0.0,0.0,0.0,4463707.0,5252939.0,7024696.0,8948858.0,9754718.0,8065073.0,8918467.0
PUTNAM FL INVESTMENT MANAGEMENT CO,305.0,478.0,458.0,0.0,0.0,0.0,0.0,0.0,0.0,0.0,0.0,0.0,0.0,0.0,0.0,0.0,0.0,0.0,0.0,0.0
PUZO MICHAEL J,0.0,0.0,0.0,0.0,0.0,0.0,0.0,24.0,837.0,1054.0,822.0,1057469.0,2492430.0,3887131.0,4052802.0,4561471.0,8121197.0,10381560.0,9801908.0,9461268.0
PVG ASSET MANAGEMENT CORP,0.0,0.0,0.0,0.0,0.0,0.0,0.0,0.0,0.0,0.0,0.0,0.0,0.0,0.0,0.0,0.0,0.0,0.0,0.0,833505.0
"Pacer Advisors, Inc.",14890.0,38092.0,46765.0,32104.0,30049.0,42370.0,43437.0,71199.0,45619.0,10524.0,19494.0,11681847.0,107640875.0,117500573.0,107894485.0,124359646.0,229478940.0,308744126.0,289654802.0,341547412.0
Pachira Investments Inc.,0.0,0.0,0.0,0.0,0.0,0.0,0.0,259.0,244.0,0.0,0.0,0.0,0.0,327818.0,345801.0,374893.0,331836.0,626700.0,748781.0,905330.0
"Pacific Capital Wealth Advisors, Inc.",0.0,0.0,0.0,0.0,0.0,0.0,0.0,0.0,0.0,0.0,0.0,0.0,0.0,0.0,0.0,0.0,0.0,0.0,802354.0,872592.0
Pacific Center for Financial Services,42.0,60.0,320.0,349.0,354.0,530.0,571.0,811.0,752.0,418.0,336.0,0.0,770666.0,1121203.0,1326948.0,1064994.0,1721789.0,2356136.0,2328593.0,2574112.0
"Pacific Edge Advisors, LLC",0.0,0.0,0.0,0.0,0.0,259.0,244.0,0.0,0.0,0.0,0.0,0.0,0.0,0.0,0.0,0.0,0.0,0.0,0.0,0.0
Pacific Global Investment Management CO,1884.0,2620.0,3572.0,3402.0,3427.0,4841.0,0.0,0.0,0.0,0.0,0.0,0.0,0.0,0.0,0.0,0.0,0.0,0.0,0.0,0.0
Pacific Heights Asset Management LLC,0.0,0.0,0.0,0.0,0.0,0.0,0.0,0.0,0.0,0.0,0.0,24405380.0,46387590.0,69798300.0,0.0,63883380.0,86741760.0,112421400.0,0.0,21645150.0
"Pacific Point Advisors, LLC",0.0,0.0,0.0,0.0,0.0,0.0,0.0,0.0,0.0,0.0,0.0,0.0,0.0,0.0,0.0,0.0,0.0,0.0,0.0,908750.0
"Pacific Sage Partners, LLC",0.0,0.0,0.0,0.0,0.0,0.0,0.0,0.0,0.0,0.0,0.0,285879.0,368383.0,575398.0,693910.0,667181.0,1369116.0,1966329.0,1902370.0,3193446.0
"Pacific Wealth Strategies Group, Inc.",1642.0,2362.0,3651.0,3522.0,3516.0,5176.0,5385.0,7840.0,5080.0,2162.0,1694.0,2015695.0,3786822.0,4558016.0,2943576.0,3349173.0,6066502.0,6129314.0,6700452.0,7407974.0
Pacitti Group Inc.,173.0,333.0,868.0,942.0,996.0,1855.0,2025.0,0.0,0.0,0.0,0.0,0.0,0.0,0.0,0.0,0.0,0.0,0.0,0.0,0.0
Pactiv General Employee Benefit Trust,0.0,0.0,16670.0,22609.0,23116.0,34918.0,0.0,0.0,0.0,0.0,0.0,0.0,0.0,0.0,0.0,0.0,0.0,0.0,0.0,0.0
Page Arthur B,0.0,0.0,0.0,0.0,0.0,0.0,0.0,0.0,0.0,543.0,471.0,441781.0,1179411.0,1705194.0,1837833.0,1986327.0,3199506.0,0.0,0.0,0.0
Painted Porch Advisors LLC,0.0,0.0,0.0,0.0,0.0,0.0,0.0,0.0,0.0,0.0,0.0,0.0,0.0,0.0,0.0,0.0,391404.0,0.0,0.0,0.0
"Palacios Wealth Management, LLC",0.0,0.0,0.0,0.0,0.0,0.0,0.0,0.0,0.0,0.0,0.0,0.0,0.0,0.0,0.0,0.0,0.0,0.0,0.0,28786925.0
"Paladin Wealth, LLC",0.0,0.0,0.0,0.0,0.0,0.0,0.0,0.0,0.0,0.0,0.0,0.0,0.0,0.0,0.0,0.0,0.0,0.0,2315618.0,2847888.0
Palestra Capital Management LLC,0.0,0.0,0.0,0.0,0.0,0.0,0.0,0.0,0.0,0.0,0.0,0.0,0.0,49061860.0,42380641.0,0.0,15044274.0,34370310.0,41168403.0,35154033.0
"Palisade Asset Management, LLC",0.0,0.0,0.0,0.0,0.0,288.0,298.0,424.0,393.0,221.0,0.0,289357.0,433599.0,660334.0,664665.0,756696.0,1380640.0,1888680.0,1865683.0,1963454.0
"Palisades Hudson Asset Management, L.P.",0.0,0.0,0.0,0.0,0.0,0.0,0.0,0.0,0.0,0.0,0.0,0.0,0.0,0.0,0.0,0.0,0.0,0.0,129.0,142.0
Pallas Capital Advisors LLC,0.0,0.0,0.0,0.0,424.0,1508.0,4745.0,3483.0,2171.0,1710.0,1328.0,1711892.0,2254826.0,3407411.0,3056914.0,2729557.0,6924225.0,22635874.0,27434843.0,26014238.0
Palmer Knight Co,0.0,0.0,0.0,0.0,0.0,0.0,0.0,0.0,0.0,0.0,0.0,0.0,0.0,1632857.0,1269301.0,1451985.0,2674538.0,3656784.0,3253499.0,3595346.0
"Palogic Value Management, L.P.",0.0,0.0,0.0,0.0,0.0,0.0,0.0,0.0,0.0,0.0,0.0,602974.0,474431.0,0.0,0.0,0.0,0.0,0.0,0.0,0.0
"Palouse Capital Management, Inc.",0.0,0.0,0.0,0.0,0.0,0.0,0.0,0.0,0.0,0.0,0.0,0.0,0.0,0.0,0.0,0.0,76803.0,0.0,0.0,143690.0
Palumbo Wealth Management LLC,0.0,0.0,0.0,1130.0,1153.0,2392.0,2105.0,3011.0,582.0,318.0,254.0,306345.0,763179.0,1189833.0,1216621.0,1394565.0,3085780.0,3454716.0,3508202.0,3843086.0
"Panoramic Capital, LLC",0.0,0.0,0.0,0.0,0.0,0.0,0.0,0.0,0.0,0.0,0.0,0.0,0.0,0.0,0.0,0.0,0.0,0.0,0.0,7905384.0
Panview Asian Equity Master Fund,0.0,0.0,0.0,0.0,12728.0,13073.0,6703.0,0.0,0.0,0.0,0.0,0.0,0.0,0.0,0.0,0.0,0.0,0.0,0.0,0.0
"Paradiem, LLC",0.0,0.0,0.0,1741.0,2445.0,3033.0,3561.0,3292.0,3154.0,2412.0,2023.0,2938291.0,4489041.0,5261100.0,3759184.0,3556670.0,5189145.0,6506975.0,6129077.0,5627825.0
"Paradigm Financial Advisors, LLC",2512.0,5040.0,6205.0,5204.0,5477.0,8356.0,8802.0,12387.0,0.0,0.0,0.0,0.0,0.0,0.0,0.0,0.0,0.0,0.0,0.0,0.0
"Paradigm Financial Partners, LLC",226.0,399.0,805.0,873.0,1364.0,2284.0,2344.0,23864.0,2716.0,1412.0,1160.0,1298989.0,2460246.0,3619838.0,4393589.0,6468698.0,12944650.0,22262913.0,0.0,0.0
"Paradigm, Strategies in Wealth Management, LLC",0.0,0.0,0.0,0.0,2.0,6.0,0.0,0.0,0.0,0.0,0.0,0.0,0.0,0.0,0.0,0.0,0.0,0.0,265279.0,293372.0
"Paragon Advisors, LLC",0.0,0.0,0.0,0.0,0.0,0.0,3144.0,4952.0,3008.0,983.0,4366.0,4345.0,939.0,1236.0,2152.0,2231062.0,6629597.0,9805520.0,9768044.0,8890070.0
Paragon Capital Management LLC,1.0,0.0,0.0,0.0,0.0,0.0,0.0,0.0,0.0,0.0,0.0,0.0,0.0,0.0,0.0,0.0,0.0,258816.0,314772.0,332654.0
Paragon Capital Management Ltd,0.0,0.0,0.0,0.0,0.0,0.0,0.0,153.0,0.0,0.0,0.0,0.0,0.0,0.0,0.0,318426.0,381313.0,446022.0,365577.0,438698.0
"Paragon Private Wealth Management, LLC",0.0,0.0,0.0,0.0,0.0,0.0,0.0,521.0,899.0,305.0,239.0,263490.0,487764.0,742823.0,905230.0,1335132.0,2876067.0,4583653.0,5388121.0,6963977.0
"Paragon Wealth Strategies, LLC",0.0,0.0,0.0,0.0,0.0,75.0,0.0,0.0,0.0,0.0,36.0,21072.0,0.0,500390.0,327502.0,377805.0,0.0,0.0,0.0,0.0
"Parallax Volatility Advisers, L.P.",736127.0,764450.0,1988253.0,1101713.0,1145081.0,1483733.0,1467172.0,2060040.0,980200.0,1637500.0,1343288.0,1176092632.0,839697877.0,1126059781.0,1818818902.0,1515127076.0,1444982188.0,1759607646.0,2039633012.0,2125538494.0
"Parallel Advisors, LLC",2927.0,4276.0,6061.0,5334.0,6192.0,10323.0,22525.0,18947.0,18823.0,10411.0,8023.0,10403253.0,60165956.0,93985628.0,95682106.0,53942520.0,96498466.0,126445663.0,125556862.0,143449208.0
Parametric Portfolio Associates LLC,448934.0,688056.0,996036.0,980491.0,1021273.0,3267541.0,1781735.0,2591938.0,2476347.0,0.0,0.0,0.0,0.0,0.0,0.0,0.0,0.0,0.0,0.0,0.0
Parametrica Management Ltd,0.0,0.0,1233.0,3548.0,2856.0,3110.0,4716.0,6553.0,2605.0,578.0,635.0,1133170.0,1406350.0,0.0,1411978.0,2340905.0,7763388.0,7940781.0,1656563.0,4065093.0
Parcion Private Wealth LLC,851.0,1530.0,2377.0,2469.0,2552.0,3944.0,4206.0,4629.0,4740.0,3120.0,2188.0,2680445.0,5026444.0,7710367.0,7899068.0,9165155.0,16467617.0,22446103.0,27426442.0,30264428.0
Parisi Gray Wealth Management,333.0,534.0,1101.0,1142.0,1183.0,1850.0,1903.0,2836.0,3028.0,1846.0,729.0,1824176.0,2696264.0,3520587.0,5345435.0,6112589.0,11271425.0,15481847.0,15237987.0,16609216.0
"Park Capital Management, LLC / WI",0.0,0.0,0.0,0.0,0.0,0.0,0.0,0.0,0.0,0.0,0.0,0.0,0.0,0.0,0.0,0.0,0.0,0.0,0.0,8593435.0
"Park Edge Advisors, LLC",0.0,0.0,0.0,0.0,0.0,0.0,0.0,0.0,0.0,0.0,0.0,0.0,0.0,0.0,0.0,696775.0,1994157.0,1877686.0,1616125.0,1981189.0
Park Place Capital Corp,0.0,0.0,0.0,0.0,0.0,0.0,0.0,0.0,0.0,0.0,0.0,927.0,1651620.0,2349876.0,2386355.0,2052192.0,3357629.0,4064466.0,7119541.0,8748591.0
"Park Square Financial Group, LLC",0.0,0.0,0.0,0.0,0.0,0.0,0.0,0.0,0.0,0.0,0.0,0.0,0.0,0.0,0.0,0.0,0.0,0.0,0.0,16403590.0
"Parker Investment Management, LLC",536.0,862.0,7011.0,1229.0,1256.0,1812.0,5970.0,2854.0,2630.0,1461.0,1162.0,1396.0,2651870.0,7834753.0,8838997.0,39161812.0,142771516.0,94765258.0,73973597.0,64455708.0
"Parkshore Wealth Management, Inc.",0.0,0.0,0.0,0.0,0.0,0.0,0.0,0.0,0.0,0.0,0.0,0.0,0.0,0.0,0.0,0.0,0.0,0.0,0.0,939994.0
Parkside Advisors LLC,0.0,0.0,0.0,0.0,0.0,0.0,0.0,0.0,0.0,0.0,0.0,0.0,327506.0,498322.0,512423.0,603185.0,1100551.0,1504741.0,1479284.0,1635686.0
Parkside Financial Bank & Trust,226.0,101.0,156.0,163.0,196.0,244.0,224.0,834.0,586.0,347.0,287.0,444874.0,864749.0,2108832.0,2447341.0,3221015.0,6010573.0,8044075.0,8381566.0,8941628.0
"Parkside Investments, LLC",659.0,683.0,0.0,0.0,800.0,960.0,0.0,0.0,818.0,454.0,364.0,0.0,0.0,0.0,0.0,742830.0,1355340.0,1494834.0,1445136.0,1316042.0
Parkwood LLC,520.0,0.0,4282.0,0.0,0.0,0.0,0.0,0.0,0.0,0.0,0.0,0.0,0.0,0.0,6742.0,8925.0,19429.0,12370.0,5394.0,0.0
"Parkworth Wealth Management, Inc.",0.0,0.0,0.0,0.0,0.0,0.0,0.0,0.0,0.0,0.0,0.0,0.0,0.0,0.0,0.0,0.0,0.0,0.0,0.0,1176039.0
"Parsec Financial Management, Inc.",0.0,270.0,410.0,418.0,458.0,733.0,1431.0,1369.0,1385.0,637.0,613.0,773691.0,1538062.0,0.0,0.0,0.0,0.0,0.0,0.0,0.0
"Partnership Wealth Management, LLC",0.0,0.0,0.0,0.0,0.0,0.0,0.0,0.0,0.0,0.0,0.0,0.0,0.0,0.0,0.0,12305.0,27107.0,1707199.0,1139107.0,1317252.0
Partnervest Advisory Services LLC,0.0,261.0,398.0,0.0,0.0,0.0,0.0,0.0,0.0,0.0,0.0,0.0,0.0,0.0,0.0,0.0,0.0,0.0,0.0,0.0
"Pasadena Private Wealth, LLC",0.0,0.0,0.0,0.0,0.0,0.0,208.0,326.0,343.0,0.0,0.0,0.0,226383.0,302462.0,311024.0,349140.0,614442.0,846903.0,787958.0,1075867.0
Passumpsic Savings Bank,0.0,0.0,0.0,0.0,0.0,0.0,0.0,0.0,0.0,0.0,0.0,0.0,0.0,0.0,0.0,0.0,594542.0,4283255.0,4156041.0,4515367.0
"Pathstone Holdings, LLC",0.0,0.0,0.0,0.0,0.0,0.0,0.0,0.0,0.0,0.0,0.0,0.0,0.0,0.0,0.0,95090006.0,163557993.0,168091901.0,164693963.0,183628962.0
"Pathway Financial Advisers, LLC",0.0,0.0,0.0,0.0,0.0,0.0,0.0,0.0,0.0,0.0,0.0,259810.0,510821.0,0.0,685858.0,750157.0,1268524.0,1734704.0,3360440.0,1850191.0
Pathway Financial Advisors LLC,0.0,214.0,306.0,308.0,328.0,0.0,0.0,533.0,675.0,377.0,265.0,314639.0,598039.0,933611.0,1025280.0,2334490.0,2079921.0,2908407.0,2825086.0,2989740.0
"Patient Capital Management, LLC",0.0,0.0,0.0,0.0,0.0,0.0,0.0,0.0,0.0,0.0,0.0,0.0,0.0,0.0,0.0,0.0,54761028.0,74845305.0,73923879.0,81723891.0
"Patrick Mauro Investment Advisor, INC.",0.0,0.0,0.0,0.0,0.0,0.0,0.0,0.0,0.0,0.0,0.0,0.0,0.0,0.0,0.0,0.0,0.0,499102.0,491832.0,543875.0
"Patriot Financial Group Insurance Agency, LLC",907.0,1675.0,2063.0,2486.0,3088.0,4239.0,3658.0,5207.0,4316.0,2775.0,2814.0,3060280.0,5377436.0,5278282.0,5647017.0,6430020.0,10745473.0,12431086.0,11382051.0,12475840.0
Patriot Investment Management Inc.,1518.0,2176614.0,3151.0,2871.0,3014.0,4535.0,4640.0,6627.0,5842.0,2836.0,1770.0,0.0,0.0,0.0,0.0,0.0,0.0,0.0,0.0,0.0
"Patten Group, Inc.",1618.0,2328.0,3487.0,4056.0,4230.0,6275.0,6502.0,9484.0,8915.0,5194.0,3885.0,4567597.0,8660097.0,12420316.0,12070729.0,13158356.0,23525434.0,31057824.0,25002424.0,25931535.0
"Patton Fund Management, Inc.",2171.0,1740.0,2310.0,1807.0,1216.0,1928.0,0.0,0.0,0.0,0.0,0.0,0.0,0.0,0.0,0.0,0.0,0.0,0.0,0.0,0.0
"Paul Damon & Associates, Inc.",0.0,0.0,0.0,0.0,0.0,0.0,0.0,0.0,0.0,0.0,0.0,0.0,350824.0,566424.0,561137.0,0.0,0.0,0.0,0.0,0.0
Paul John Balson,366.0,718.0,1185.0,1436.0,0.0,0.0,0.0,0.0,0.0,0.0,0.0,0.0,0.0,0.0,0.0,0.0,0.0,0.0,0.0,0.0
"Paul R. Ried Financial Group, LLC",0.0,0.0,0.0,0.0,0.0,0.0,0.0,0.0,0.0,0.0,0.0,0.0,0.0,0.0,0.0,0.0,0.0,0.0,0.0,478072.0
Paulson Wealth Management Inc.,0.0,0.0,0.0,0.0,0.0,0.0,0.0,0.0,0.0,0.0,0.0,0.0,252771.0,725672.0,627454.0,383278.0,653234.0,925137.0,940621.0,1019876.0
"Pavion Blue Capital, LLC",0.0,0.0,0.0,0.0,0.0,0.0,0.0,0.0,581.0,324.0,259.0,312301.0,593594.0,903994.0,929574.0,1068190.0,1948979.0,2664758.0,2629176.0,2907379.0
"Peachtree Investment Partners, LLC",0.0,0.0,0.0,0.0,220.0,608.0,513.0,647.0,526.0,0.0,0.0,0.0,0.0,0.0,381683.0,577168.0,2201531.0,3212164.0,3000540.0,3818473.0
"Peak Asset Management, LLC",0.0,0.0,227.0,219.0,211.0,289.0,274.0,389.0,304.0,236.0,240.0,288480.0,549430.0,693330.0,675105.0,748278.0,1168304.0,1522260.0,1370937.0,1448855.0
"Peak Financial Management, Inc.",0.0,0.0,0.0,242.0,302.0,453.0,451.0,910.0,924.0,384.0,359.0,441489.0,701647.0,1147230.0,1309320.0,1322237.0,2874224.0,3688904.0,3716550.0,4257945.0
"Peak Retirement Planning, Inc.",0.0,0.0,0.0,0.0,0.0,0.0,0.0,0.0,0.0,0.0,0.0,0.0,0.0,0.0,0.0,0.0,0.0,0.0,0.0,1276755.0
"Pearl River Capital, LLC",0.0,0.0,0.0,0.0,0.0,1732.0,3130.0,0.0,0.0,0.0,0.0,2151473.0,0.0,3346934.0,0.0,0.0,1264984.0,4169351.0,0.0,0.0
"Pegasus Asset Management, Inc.",0.0,0.0,279.0,269.0,275.0,412.0,427.0,2574.0,2383.0,1293.0,1025.0,1254192.0,2389413.0,3363486.0,3359918.0,3887540.0,7112939.0,9647889.0,9293228.0,10280338.0
Pegasus Partners Ltd.,0.0,0.0,0.0,201.0,308.0,414.0,377.0,484.0,315.0,0.0,0.0,242446.0,468598.0,670910.0,786897.0,922595.0,1622794.0,3039208.0,3491158.0,0.0
"Pekin Hardy Strauss, Inc.",0.0,0.0,214.0,339.0,347.0,520.0,819.0,1105.0,765.0,254.0,252.0,238208.0,547841.0,615614.0,482092.0,588462.0,515286.0,853394.0,685266.0,1425198.0
Peloton Wealth Strategists,0.0,0.0,0.0,0.0,0.0,0.0,0.0,259.0,240.0,0.0,0.0,0.0,244.0,372.0,405.0,6092.0,509.0,686.0,650.0,790.0
"Peninsula Wealth, LLC",1583.0,1905.0,2716.0,0.0,0.0,0.0,4080.0,5799.0,5494.0,3005.0,2325.0,2836066.0,5422892.0,8280194.0,8555043.0,9020107.0,17047651.0,22106541.0,23332945.0,22954938.0
Pennsylvania Trust Co,6142.0,0.0,0.0,0.0,0.0,0.0,0.0,0.0,0.0,0.0,0.0,0.0,0.0,0.0,0.0,0.0,0.0,0.0,0.0,0.0
"Penobscot Investment Management Company, Inc.",363.0,462.0,658.0,629.0,657.0,952.0,939.0,1340.0,1349.0,763.0,638.0,844543.0,1571900.0,2358337.0,19609350.0,22029862.0,42693210.0,54430895.0,53614580.0,59250535.0
Pensionfund DSM Netherlands,0.0,0.0,0.0,0.0,0.0,0.0,6940.0,10882.0,0.0,0.0,0.0,0.0,0.0,0.0,0.0,0.0,0.0,0.0,0.0,0.0
Pensionfund Sabic,0.0,0.0,0.0,0.0,0.0,0.0,0.0,0.0,0.0,0.0,0.0,0.0,0.0,0.0,0.0,0.0,904.0,1235.0,5283.0,4499.0
"Pensionmark Financial Group, LLC",0.0,0.0,0.0,275.0,270.0,380.0,403.0,548.0,593.0,481.0,290.0,314086.0,574215.0,492494.0,514707.0,1067333.0,1126003.0,8778693.0,0.0,0.0
Pentwater Capital Management LP,0.0,0.0,0.0,0.0,0.0,0.0,0.0,0.0,0.0,0.0,0.0,0.0,0.0,0.0,0.0,0.0,0.0,1853100.0,0.0,0.0
Peoples Bank/KS,0.0,0.0,0.0,0.0,0.0,0.0,0.0,0.0,0.0,0.0,0.0,0.0,0.0,0.0,21749.0,24760.0,45177.0,91419.0,83793.0,92659.0
"Per Stirling Capital Management, LLC.",0.0,0.0,0.0,0.0,0.0,0.0,0.0,0.0,0.0,0.0,0.0,0.0,410730.0,205769.0,0.0,0.0,263378.0,603845.0,645921.0,657670.0
"Peregrine Asset Advisers, Inc.",587.0,691.0,960.0,915.0,258.0,478.0,631.0,1039.0,1147.0,647.0,513.0,616969.0,1436840.0,5978444.0,6420787.0,5534466.0,16352429.0,21274915.0,10268524.0,12861406.0
"Perennial Advisors, LLC",8.0,35.0,0.0,49.0,48.0,68.0,0.0,0.0,3848.0,2334.0,1980.0,2495771.0,5063828.0,7675398.0,7860584.0,7499688.0,13214691.0,18263968.0,0.0,19228611.0
"Perennial Investment Advisors, LLC",1326.0,2052.0,3970.0,3921.0,4118.0,6427.0,6815.0,10234.0,8939.0,4594.0,2294.0,2695803.0,5295953.0,9570567.0,10128067.0,11092203.0,20151701.0,28782949.0,27190151.0,30241377.0
"Perfromance Wealth Partners, LLC",0.0,0.0,0.0,0.0,0.0,0.0,0.0,60275.0,53737.0,29543.0,11947.0,0.0,275593.0,2166275.0,2925378.0,4793770.0,98424727.0,157187313.0,158637638.0,176439951.0
"Perigon Wealth Management, LLC",7910.0,11523.0,14943.0,15079.0,18138.0,27753.0,31181.0,46134.0,41223.0,23248.0,18486.0,47194887.0,44937125.0,168925242.0,84899613.0,105932923.0,171219431.0,225489620.0,206358868.0,238539263.0
Periscope Capital Inc.,0.0,0.0,0.0,0.0,0.0,0.0,0.0,1055.0,1046.0,0.0,0.0,0.0,0.0,0.0,0.0,693308.0,0.0,0.0,0.0,0.0
"Perissos Private Wealth Management, LLC",0.0,0.0,0.0,0.0,0.0,0.0,0.0,0.0,0.0,0.0,0.0,0.0,0.0,0.0,0.0,0.0,2715199.0,3309642.0,2204141.0,2245342.0
Perkins Coie Trust Co,3.0,4.0,5.0,5.0,5.0,71.0,46.0,61.0,11.0,6.0,5.0,5845.0,11110.0,12690.0,58720.0,46053.0,84028.0,112421.0,3826236.0,5833324.0
"Permanent Capital Management, LP",0.0,0.0,0.0,0.0,0.0,0.0,0.0,0.0,0.0,0.0,0.0,0.0,0.0,0.0,0.0,0.0,0.0,0.0,0.0,1968154.0
Perpetual Investment Management Limited,0.0,0.0,0.0,738.0,0.0,0.0,0.0,0.0,0.0,0.0,0.0,0.0,0.0,0.0,0.0,0.0,0.0,0.0,0.0,0.0
Perpetual Investment Management Ltd,0.0,0.0,0.0,0.0,0.0,244.0,234.0,335.0,311.0,0.0,0.0,0.0,0.0,0.0,0.0,0.0,0.0,0.0,0.0,0.0
Perpetual Ltd,30769.0,26723.0,9812.0,0.0,0.0,0.0,0.0,0.0,0.0,0.0,0.0,0.0,2478264.0,4031381.0,2283698.0,2005641.0,7114632.0,5394992.0,4464984.0,3346775.0
Perritt Capital Management Inc,0.0,0.0,0.0,0.0,0.0,0.0,0.0,0.0,0.0,0.0,0.0,0.0,0.0,0.0,0.0,0.0,0.0,9886.0,6074.0,9806.0
Personal Wealth Partners,0.0,0.0,0.0,0.0,0.0,12.0,0.0,0.0,0.0,0.0,0.0,0.0,0.0,0.0,0.0,0.0,0.0,0.0,0.0,0.0
"Peterson Financial Group, Inc.",0.0,0.0,0.0,0.0,0.0,0.0,0.0,3086607.0,2983218.0,1809816.0,1658643.0,1664214.0,1668016.0,2823388.0,2957372.0,4063055.0,8372576.0,247478.0,227716.0,0.0
"Peterson Wealth Advisors, LLC",0.0,0.0,0.0,0.0,0.0,0.0,0.0,0.0,0.0,0.0,0.0,0.0,0.0,0.0,0.0,238076.0,326878.0,372334.0,415552.0,514064.0
Peterson Wealth Services,0.0,0.0,0.0,0.0,0.0,0.0,0.0,3917.0,3835.0,2229.0,1843.0,1001688.0,5202148.0,8020291.0,8378171.0,9556658.0,15118426.0,19866734.0,19517976.0,21313344.0
Petix & Botte Co,0.0,0.0,271.0,261.0,534.0,400.0,828.0,568.0,278.0,0.0,0.0,0.0,0.0,384104.0,394970.0,489278.0,446360.0,1270004.0,1296264.0,1433442.0
"Petros Family Wealth, LLC",0.0,0.0,0.0,0.0,0.0,0.0,0.0,0.0,0.0,0.0,0.0,0.0,0.0,0.0,0.0,0.0,0.0,0.0,0.0,1379830.0
"Petrus Trust Company, LTA",0.0,0.0,0.0,0.0,0.0,0.0,0.0,0.0,0.0,0.0,0.0,0.0,0.0,0.0,444560.0,0.0,0.0,0.0,0.0,0.0
"Pettee Investors, Inc.",839.0,1120.0,1054.0,1017.0,1241.0,1540.0,1214.0,1723.0,1599.0,888.0,711.0,856.0,1627732.0,2478897.0,2644739.0,3010938.0,4544907.0,5639601.0,1242331.0,1443752.0
Pettinga Financial Advisors LLC,0.0,0.0,0.0,0.0,0.0,0.0,0.0,0.0,0.0,0.0,0.0,0.0,0.0,0.0,0.0,0.0,584658.0,1059326.0,1858216.0,1074583.0
"Pettinga Financial Advisors, LLC",0.0,0.0,0.0,0.0,0.0,0.0,0.0,147.0,0.0,0.0,0.0,0.0,0.0,0.0,0.0,0.0,0.0,0.0,0.0,0.0
"Pflug Koory, LLC",6.0,9.0,12.0,12.0,0.0,0.0,0.0,147.0,136.0,76.0,49.0,58.0,111108.0,137482.0,141372.0,136186.0,225890.0,0.0,119983.0,48076.0
"Philip James Wealth Mangement, LLC",0.0,0.0,0.0,0.0,0.0,0.0,0.0,0.0,0.0,0.0,0.0,0.0,0.0,0.0,0.0,922682.0,1559772.0,2153785.0,2167571.0,2482020.0
Phillips Wealth Planners LLC,0.0,0.0,0.0,0.0,0.0,0.0,0.0,0.0,0.0,0.0,0.0,0.0,0.0,0.0,0.0,0.0,0.0,323919.0,0.0,0.0
Phocas Financial Corp.,0.0,0.0,0.0,0.0,0.0,793.0,957.0,1364.0,1264.0,708.0,602.0,675609.0,1196641.0,1697592.0,1662979.0,675980.0,2467394.0,1686321.0,1657656.0,1833059.0
Phoenix Financial Ltd.,0.0,0.0,0.0,0.0,0.0,0.0,0.0,0.0,0.0,0.0,0.0,0.0,0.0,0.0,0.0,0.0,0.0,0.0,120618100.0,133795141.0
Phoenix Holdings Ltd.,0.0,0.0,0.0,0.0,0.0,0.0,528.0,589.0,1835.0,1184.0,1073.0,64170074.0,45066741.0,4585818.0,23993556.0,107418336.0,194417675.0,207861662.0,0.0,0.0
Phoenix Wealth Advisors,0.0,0.0,0.0,0.0,0.0,923.0,946.0,1228.0,521.0,320.0,239.0,240546.0,394433.0,573615.0,585497.0,666163.0,908078.0,1239971.0,1204078.0,1384407.0
Phraction Management LLC,0.0,0.0,0.0,0.0,0.0,0.0,0.0,0.0,0.0,0.0,0.0,0.0,0.0,0.0,0.0,0.0,282814.0,386680.0,380107.0,383264.0
"Physician Wealth Advisors, Inc.",0.0,0.0,0.0,0.0,0.0,0.0,0.0,0.0,0.0,0.0,0.0,0.0,741358.0,1172437.0,1336202.0,1791582.0,2995547.0,4996698.0,5821531.0,5836943.0
Pictet & Cie (Europe) SA,0.0,28562.0,40803.0,39457.0,40883.0,65831.0,136358.0,96604.0,42394.0,23734.0,18725621.0,22565477.0,41459950.0,0.0,0.0,0.0,0.0,0.0,0.0,0.0
Pictet Asset Management Holding SA,0.0,0.0,0.0,0.0,0.0,0.0,0.0,0.0,0.0,0.0,0.0,0.0,0.0,0.0,1204931435.0,1530918156.0,0.0,2712756452.0,2631200113.0,3039873177.0
Pictet North America Advisors SA,0.0,0.0,0.0,0.0,0.0,0.0,0.0,0.0,0.0,0.0,0.0,0.0,0.0,0.0,640305.0,739363.0,3247395.0,4349720.0,4929250.0,5775410.0
Pilgrim Partners Asia Pte Ltd,0.0,0.0,0.0,0.0,0.0,0.0,0.0,0.0,0.0,0.0,0.0,0.0,0.0,0.0,0.0,0.0,0.0,0.0,0.0,2445421.0
"Pine Harbor Wealth Management, LLC",0.0,0.0,0.0,0.0,0.0,0.0,0.0,0.0,0.0,0.0,0.0,0.0,0.0,0.0,0.0,1936249.0,3532882.0,4889719.0,3663729.0,3998000.0
"Pine Haven Investment Counsel, Inc",0.0,0.0,0.0,0.0,0.0,0.0,0.0,309.0,292.0,0.0,0.0,0.0,316380.0,502971.0,488929.0,546723.0,972231.0,1279257.0,1250622.0,1329239.0
Pine Valley Investments Ltd Liability Co,0.0,0.0,0.0,0.0,0.0,0.0,0.0,0.0,0.0,0.0,0.0,0.0,5609036.0,12349859.0,12441253.0,31375938.0,27840190.0,32803946.0,32067521.0,35865669.0
"PineBridge Investments, L.P.",36784.0,0.0,0.0,0.0,0.0,0.0,0.0,0.0,0.0,0.0,0.0,0.0,0.0,0.0,0.0,0.0,0.0,0.0,0.0,0.0
Pineridge Advisors LLC,0.0,0.0,0.0,0.0,0.0,0.0,0.0,0.0,0.0,0.0,0.0,0.0,0.0,0.0,0.0,446193.0,101199.0,159244.0,174753.0,378408.0
"Pines Wealth Management, LLC",0.0,0.0,0.0,0.0,0.0,0.0,0.0,0.0,0.0,0.0,0.0,0.0,0.0,0.0,0.0,0.0,0.0,0.0,0.0,7864588.0
Pingora Partners LLC,0.0,0.0,0.0,0.0,0.0,0.0,0.0,0.0,0.0,0.0,0.0,0.0,0.0,0.0,0.0,0.0,207819.0,324293.0,300564.0,332368.0
"Pinion Investment Advisors, LLC",0.0,0.0,0.0,0.0,0.0,0.0,0.0,0.0,0.0,0.0,0.0,0.0,0.0,342647.0,478055.0,723518.0,1517081.0,2265739.0,2553656.0,2716559.0
"Pinkerton Retirement Specialists, LLC",0.0,719.0,2522.0,0.0,0.0,0.0,0.0,0.0,0.0,0.0,0.0,0.0,229160.0,321918.0,552873.0,245134.0,836697.0,933468.0,1680730.0,1394602.0
"Pinnacle Advisory Group, Inc.",0.0,0.0,0.0,0.0,711.0,0.0,0.0,0.0,0.0,0.0,0.0,0.0,0.0,0.0,0.0,0.0,0.0,0.0,0.0,0.0
"Pinnacle Bancorp, Inc.",0.0,0.0,0.0,0.0,0.0,0.0,24.0,26.0,61.0,34.0,0.0,51.0,96386.0,146788.0,177041.0,114396.0,179808.0,441038.0,626023.0,692265.0
"Pinnacle Family Advisors, LLC",0.0,1801.0,3191.0,497.0,309.0,0.0,364.0,3675.0,821.0,361.0,258.0,0.0,370362.0,556838.0,2072503.0,2277793.0,4834589.0,6187675.0,5656844.0,5829020.0
"Pinnacle Financial Group, LLC / IL",0.0,0.0,0.0,0.0,0.0,0.0,0.0,0.0,0.0,0.0,0.0,0.0,0.0,0.0,0.0,0.0,308114.0,618937.0,600885.0,611827.0
"Pinnacle Holdings, LLC",0.0,0.0,0.0,0.0,0.0,0.0,444619.0,0.0,0.0,0.0,172427.0,0.0,217437.0,0.0,0.0,0.0,0.0,0.0,33639.0,3854524.0
Pinnacle Investment Management Ltd,0.0,0.0,0.0,0.0,0.0,0.0,0.0,0.0,0.0,0.0,0.0,0.0,0.0,0.0,0.0,0.0,0.0,0.0,0.0,1544335.0
"Pinnacle Private Wealth, LLC",0.0,0.0,0.0,0.0,0.0,0.0,0.0,1833.0,1710.0,1534.0,0.0,0.0,0.0,0.0,0.0,0.0,0.0,0.0,0.0,0.0
"Pinnacle Wealth Management Advisory Group, LLC",523.0,838.0,1130.0,965.0,1261.0,1891.0,1976.0,3002.0,3646.0,2056.0,1920.0,2748005.0,5134001.0,7445965.0,7250814.0,7955675.0,14196126.0,18719447.0,18004014.0,19653623.0
"Pinnacle Wealth Management Group, Inc.",0.0,0.0,0.0,0.0,0.0,0.0,0.0,0.0,0.0,0.0,0.0,0.0,0.0,0.0,0.0,0.0,0.0,279818.0,275062.0,304167.0
"Pinnacle Wealth Management, LLC",0.0,0.0,0.0,0.0,0.0,0.0,0.0,2634.0,2357.0,1379.0,1244.0,1710569.0,0.0,2395562.0,2520332.0,3202588.0,4393109.0,6122272.0,4218218.0,4649667.0
"Pinnacle Wealth Planning Services, Inc.",635.0,896.0,1275.0,1244.0,1468.0,2290.0,2430.0,3525.0,3831.0,2930.0,1946.0,3141292.0,5977358.0,8559002.0,8615452.0,7352576.0,12766399.0,16573385.0,16539634.0,25150638.0
"Pinnacle West Asset Management, Inc.",0.0,0.0,0.0,0.0,0.0,0.0,0.0,0.0,0.0,0.0,0.0,0.0,0.0,1486.0,1543.0,1855.0,3113.0,4231.0,3921.0,3886.0
Pinpoint Asset Management Ltd,6300.0,0.0,0.0,1097.0,0.0,0.0,0.0,3823.0,2156.0,0.0,0.0,0.0,499986.0,507624.0,86998.0,108453.0,29081078.0,51038080.0,13400054.0,31094447.0
Piscataqua Savings Bank,0.0,0.0,0.0,0.0,21.0,32.0,33.0,59.0,109.0,61.0,61.0,73068.0,138878.0,152282.0,156591.0,178274.0,324374.0,466363.0,564696.0,624448.0
"Pitti Group Wealth Management, LLC",0.0,0.0,0.0,0.0,0.0,0.0,0.0,745.0,782.0,562.0,362.0,746541.0,1370640.0,1406607.0,1209790.0,1086124.0,1731879.0,1086124.0,1086124.0,2155341.0
Plaisance Capital LLC,0.0,0.0,0.0,0.0,0.0,0.0,0.0,400.0,0.0,0.0,0.0,0.0,0.0,0.0,0.0,0.0,0.0,0.0,0.0,0.0
"Plan Group Financial, LLC",0.0,0.0,0.0,0.0,0.0,0.0,0.0,0.0,0.0,0.0,0.0,0.0,0.0,672345.0,265561.0,0.0,222223.0,264798.0,288713.0,295628.0
"Plancorp, LLC",265.0,425.0,628.0,642.0,646.0,950.0,985.0,2022.0,2080.0,1171.0,925.0,1088372.0,1929888.0,2032946.0,2117017.0,2554262.0,5049852.0,5728005.0,5574890.0,6550691.0
"Planned Solutions, Inc.",0.0,0.0,70.0,138.0,0.0,251.0,0.0,399.0,349.0,0.0,0.0,0.0,333324.0,507624.0,352342.0,410537.0,1199928.0,1435535.0,1440886.0,1670568.0
Planning Capital Management Corp,0.0,0.0,0.0,0.0,0.0,0.0,0.0,0.0,0.0,0.0,0.0,0.0,0.0,0.0,0.0,365736.0,468539.0,659058.0,1452896.0,0.0
"Planning Center, Inc.",0.0,0.0,0.0,0.0,0.0,0.0,0.0,0.0,0.0,0.0,0.0,0.0,0.0,0.0,0.0,302137.0,610002.0,817110.0,806621.0,865125.0
"Plante Moran Financial Advisors, LLC",29.0,38.0,279.0,599.0,588.0,965.0,1329.0,1410.0,1223.0,635.0,482.0,583684.0,1080805.0,1832102.0,2163208.0,2894564.0,3965730.0,5247864.0,3860465.0,4247616.0
Platform Technology Partners,388.0,516.0,689.0,676.0,0.0,1032.0,397.0,766.0,1562.0,1355.0,1045.0,1254122.0,2478177.0,3691409.0,3932370.0,6079776.0,0.0,9293165.0,8871978.0,9839516.0
Plato Investment Management Ltd,0.0,0.0,0.0,0.0,0.0,0.0,0.0,0.0,0.0,0.0,0.0,0.0,0.0,0.0,0.0,2937645.0,125242562.0,73708041.0,73412854.0,86821679.0
"Platte River Wealth Advisors, LLC",0.0,425.0,585.0,599.0,618.0,896.0,1419.0,1896.0,1759.0,850.0,524.0,510759.0,887475.0,1226758.0,1274086.0,1436138.0,2254382.0,3135823.0,3240187.0,0.0
"Plotkin Financial Advisors, LLC",0.0,0.0,409162.0,386950.0,440492.0,347243.0,522665.0,469988.0,362358.0,309244.0,0.0,0.0,267770.0,714481.0,457609.0,886939.0,1862237.0,2441150.0,2381317.0,0.0
"Pluribus Labs, LLC",0.0,0.0,0.0,0.0,0.0,0.0,0.0,835.0,1013.0,1117.0,0.0,0.0,0.0,0.0,0.0,0.0,0.0,0.0,0.0,0.0
"Poehling Capital Management, INC.",0.0,0.0,0.0,0.0,0.0,0.0,0.0,0.0,431.0,239.0,0.0,231340.0,438321.0,667526.0,686414.0,783553.0,1442292.0,1966427.0,1940287.0,2046221.0
"Poehling Capital Management, LLC",0.0,0.0,0.0,0.0,224.0,336.0,348.0,464.0,0.0,0.0,0.0,0.0,0.0,0.0,0.0,0.0,0.0,0.0,0.0,0.0
PointState Capital LP,0.0,6204.0,33364.0,16298.0,0.0,0.0,0.0,0.0,0.0,0.0,0.0,30971012.0,0.0,0.0,35905380.0,0.0,0.0,0.0,0.0,0.0
Pointe Capital Management LLC,0.0,0.0,0.0,0.0,0.0,0.0,0.0,277.0,257.0,257.0,0.0,0.0,248604.0,275809.0,281874.0,320903.0,618939.0,817835.0,1194605.0,2531096.0
Polar Asset Management Partners Inc.,7908.0,0.0,0.0,596.0,42714.0,98543.0,73004.0,45383.0,2510.0,7580.0,0.0,0.0,6944250.0,32361030.0,91695892.0,8270174.0,26474308.0,4941600.0,10055232.0,559379770.0
Polar Capital Holdings Plc,0.0,0.0,0.0,225998.0,253149.0,0.0,0.0,0.0,0.0,0.0,0.0,0.0,0.0,0.0,0.0,0.0,0.0,0.0,0.0,0.0
Polar Capital LLP,150245.0,193323.0,272148.0,0.0,0.0,0.0,0.0,0.0,0.0,0.0,0.0,0.0,0.0,0.0,0.0,0.0,0.0,0.0,0.0,0.0
"Polaris Greystone Financial Group, LLC",293.0,387.0,0.0,0.0,0.0,0.0,0.0,0.0,0.0,0.0,0.0,0.0,0.0,0.0,0.0,0.0,0.0,0.0,0.0,0.0
"Polaris Wealth Advisory Group, LLC",0.0,0.0,18601.0,5310.0,15308.0,20678.0,11243.0,14127.0,7783.0,2725.0,914.0,1748651.0,2760885.0,1228028.0,8002319.0,0.0,0.0,0.0,0.0,0.0
Polianta Ltd,1028.0,1101.0,0.0,0.0,0.0,0.0,0.0,0.0,0.0,0.0,0.0,0.0,0.0,0.0,0.0,0.0,0.0,0.0,0.0,0.0
Polus Capital Management Ltd,0.0,0.0,0.0,0.0,0.0,0.0,0.0,0.0,0.0,0.0,0.0,0.0,0.0,0.0,13484690.0,0.0,0.0,0.0,0.0,0.0
Polymer Capital Management (HK) LTD,0.0,0.0,0.0,0.0,0.0,0.0,0.0,0.0,0.0,0.0,0.0,0.0,0.0,0.0,0.0,2921798.0,19197036.0,17729596.0,10361018.0,17493421.0
Polymer Capital Management (US) LLC,0.0,0.0,0.0,0.0,0.0,0.0,0.0,0.0,0.0,0.0,0.0,0.0,0.0,0.0,0.0,0.0,0.0,0.0,0.0,13402142.0
"Portfolio Design Labs, LLC",0.0,0.0,0.0,0.0,0.0,0.0,0.0,0.0,0.0,0.0,0.0,0.0,0.0,0.0,0.0,7916092.0,14442503.0,19238143.0,18472847.0,24178781.0
Portman Square Capital LLP,0.0,0.0,0.0,0.0,0.0,0.0,0.0,0.0,0.0,0.0,0.0,0.0,0.0,21358280.0,24442088.0,21145894.0,36142400.0,0.0,0.0,0.0
"Portside Wealth Group, LLC",0.0,0.0,0.0,0.0,0.0,0.0,0.0,0.0,0.0,0.0,0.0,0.0,0.0,43958970.0,0.0,0.0,0.0,0.0,7230295.0,8017353.0
Post Resch Tallon Group Inc.,0.0,0.0,0.0,0.0,0.0,0.0,0.0,0.0,0.0,0.0,0.0,0.0,0.0,0.0,0.0,0.0,0.0,0.0,0.0,971628.0
"Powell Investment Advisors, LLC",0.0,0.0,0.0,0.0,0.0,0.0,0.0,0.0,0.0,0.0,0.0,0.0,0.0,206078.0,443784.0,456225.0,1005013.0,1455948.0,1994724.0,2453755.0
Power Corp of Canada,0.0,0.0,0.0,0.0,0.0,0.0,0.0,0.0,0.0,0.0,3584.0,4315222.0,0.0,0.0,0.0,0.0,0.0,0.0,0.0,0.0
"Powers Advisory Group, LLC",0.0,0.0,0.0,0.0,0.0,0.0,0.0,0.0,0.0,0.0,0.0,0.0,0.0,0.0,0.0,0.0,0.0,0.0,239851.0,265250.0
"Praetorian Wealth Management, Inc.",0.0,0.0,0.0,0.0,0.0,0.0,0.0,0.0,0.0,0.0,0.0,0.0,0.0,0.0,0.0,0.0,0.0,352089.0,0.0,396155.0
Prairie Sky Financial Group LLC,0.0,0.0,0.0,0.0,0.0,0.0,0.0,0.0,0.0,0.0,0.0,0.0,0.0,271613.0,279302.0,313024.0,578363.0,869719.0,891611.0,845056.0
"Prairie Wealth Advisors, Inc.",0.0,0.0,0.0,0.0,0.0,0.0,0.0,0.0,0.0,0.0,0.0,0.0,0.0,0.0,0.0,0.0,15178904.0,19484904.0,19134256.0,19943198.0
"PrairieView Partners, LLC",52.0,38.0,0.0,26.0,27.0,40.0,82.0,66.0,61.0,19.0,15.0,18.0,34.0,203.0,198.0,142.0,351.0,582.0,561.0,624.0
"Prasad Wealth Partners, LLC",0.0,0.0,0.0,0.0,0.0,0.0,0.0,0.0,0.0,0.0,0.0,0.0,0.0,0.0,0.0,0.0,0.0,0.0,0.0,7629494.0
Pratt Collard Advisory Partners LLC,548.0,775.0,820.0,815.0,780.0,1155.0,0.0,0.0,0.0,0.0,0.0,0.0,0.0,0.0,0.0,0.0,0.0,0.0,0.0,0.0
"Precision Wealth Strategies, LLC",0.0,0.0,0.0,455.0,406.0,698.0,872.0,1603.0,1994.0,1946.0,1538.0,859742.0,426932.0,581229.0,836486.0,1972958.0,1940848.0,3317792.0,6110389.0,7593043.0
Premier Fund Managers Ltd,3112.0,5205.0,4769.0,5006.0,6542.0,13806.0,16057.0,18157.0,19571.0,21152.0,571.0,11611.0,9657.0,9288.0,13967.0,16255.0,10856.0,7082.0,0.0,0.0
"Premier Path Wealth Partners, LLC",0.0,0.0,0.0,0.0,0.0,0.0,0.0,0.0,0.0,0.0,0.0,0.0,0.0,0.0,0.0,6748657.0,12348587.0,17263348.0,16959009.0,18711218.0
Prentice Wealth Management LLC,0.0,0.0,0.0,0.0,0.0,490.0,514.0,729.0,711.0,387.0,351.0,453765.0,853587.0,877767.0,909129.0,1042933.0,1778206.0,2183572.0,1873943.0,2042425.0
Prepared Retirement Institute LLC,0.0,0.0,0.0,0.0,0.0,0.0,0.0,0.0,0.0,0.0,0.0,0.0,0.0,0.0,0.0,262078.0,478191.0,662487.0,651226.0,748532.0
"Presidio Capital Management, LLC",0.0,0.0,0.0,0.0,0.0,0.0,0.0,278.0,227.0,224.0,0.0,0.0,280666.0,426585.0,439552.0,492998.0,1041377.0,1587886.0,1942943.0,2021995.0
Prestige Wealth Management Group LLC,468.0,236.0,406.0,417.0,436.0,674.0,733.0,1123.0,1073.0,591.0,486.0,1126919.0,2246750.0,3479984.0,3717452.0,4251996.0,3329654.0,5622114.0,5323080.0,6823791.0
"Price Wealth, LLC",14.0,14.0,389.0,0.0,0.0,0.0,0.0,0.0,0.0,0.0,0.0,0.0,0.0,0.0,0.0,0.0,0.0,0.0,0.0,0.0
Priebe Wealth Holdings LLC,0.0,0.0,0.0,0.0,0.0,0.0,0.0,0.0,0.0,0.0,0.0,0.0,0.0,0.0,0.0,284652.0,546473.0,716161.0,697916.0,871676.0
"Prime Capital Investment Advisors, LLC",6719.0,7850.0,3863.0,3700.0,5645.0,14706.0,18481.0,20242.0,19177.0,14093.0,9923.0,18056042.0,23779687.0,48891189.0,48596357.0,63709700.0,108801567.0,127120165.0,132967892.0,149498372.0
Prime Capital Management Co Ltd,0.0,0.0,0.0,0.0,0.0,0.0,0.0,0.0,0.0,20261.0,16225.0,19532000.0,0.0,65472497.0,130296905.0,148338199.0,270652362.0,370051716.0,181880688.0,201126133.0
Princeton Global Asset Management LLC,203.0,368.0,260.0,198.0,80.0,120.0,414.0,397.0,322.0,138.0,110.0,104.0,201405.0,306723.0,1308053.0,1487192.0,1474697.0,2033595.0,2384478.0,2868050.0
Princeton Portfolio Strategies Group LLC,237.0,342.0,487.0,470.0,463.0,674.0,0.0,0.0,0.0,0.0,0.0,0.0,0.0,0.0,0.0,0.0,0.0,0.0,0.0,0.0
"Principal Street Partners, LLC",0.0,0.0,0.0,0.0,0.0,598.0,741.0,1109.0,1106.0,680.0,347.0,558556.0,1274427.0,3217385.0,2306345.0,2676696.0,4994583.0,7022093.0,12517408.0,5793223.0
Principle Wealth Partners LLC,0.0,14.0,0.0,1527.0,2070.0,3089.0,3312.0,3155.0,3898.0,3077.0,2981.0,4115433.0,7706515.0,10835411.0,9997630.0,11404792.0,36925466.0,22844427.0,22563215.0,23684943.0
"Prism Advisors, Inc.",0.0,0.0,0.0,0.0,0.0,0.0,0.0,0.0,0.0,0.0,0.0,0.0,0.0,0.0,0.0,27714.0,414553.0,566826.0,262796.0,289798.0
"Private Advisor Group, LLC",14535.0,25922.0,34168.0,27831.0,31037.0,48715.0,72044.0,88302.0,176781.0,45493.0,30467.0,5042918.0,59758801.0,86153511.0,86612659.0,100384561.0,177758506.0,265698183.0,263944360.0,295686111.0
Private Advisory Group LLC,0.0,1029.0,1361.0,655.0,1329.0,2778.0,6377.0,6557.0,6852.0,5119.0,5166.0,5665263.0,11107189.0,26915916.0,13485907.0,13812278.0,23854069.0,52689061.0,46213797.0,53428770.0
"Private Capital Advisors, Inc.",672.0,969.0,1380.0,389.0,398.0,596.0,641.0,1243.0,846.0,471.0,369.0,444.0,968.0,1492.0,5252.0,6669.0,11806.0,17164.0,18128.0,20588940.0
"Private Capital Group, LLC",892.0,988.0,1383.0,1907.0,1197.0,1610.0,1632.0,2171.0,2016.0,614.0,0.0,0.0,0.0,0.0,0.0,0.0,0.0,0.0,0.0,0.0
"Private Harbour Investment Management & Counsel, LLC",1596.0,2296.0,1981.0,2171.0,2123.0,3034.0,3148.0,4358.0,3882.0,2068.0,1518.0,1819297.0,3334351.0,4111331.0,3954059.0,4417858.0,7270947.0,9462052.0,8395512.0,8816541.0
"Private Ocean, LLC",266.0,393.0,547.0,557.0,569.0,733.0,950.0,1041.0,962.0,459.0,440.0,473494.0,891372.0,1274148.0,809951.0,1226166.0,1515272.0,2649579.0,0.0,0.0
Private Portfolio Partners LLC,273.0,333.0,480705.0,591901.0,362577.0,510490.0,663367.0,1344306.0,1325080.0,1104589.0,916119.0,975455.0,1514874.0,2117477.0,2150907.0,2473039.0,4470697.0,6266274.0,6276337.0,7011071.0
"Private Wealth Advisors, Inc.",826.0,1110.0,1609.0,1512.0,0.0,0.0,0.0,0.0,0.0,0.0,0.0,0.0,0.0,0.0,0.0,0.0,0.0,0.0,0.0,0.0
"Private Wealth Management Group, LLC",0.0,0.0,0.0,0.0,0.0,0.0,0.0,0.0,0.0,0.0,0.0,0.0,0.0,0.0,0.0,211460.0,477081.0,697262.0,703990.0,908206.0
"Private Wealth Partners, LLC",6833.0,8833.0,12503.0,12111.0,12326.0,18353.0,18728.0,25832.0,24327.0,13337.0,9954.0,13180367.0,24163062.0,34709832.0,35376203.0,40248253.0,72617749.0,117691732.0,93720098.0,102203007.0
"Private Wealth Strategies, L.L.C.",0.0,0.0,0.0,0.0,0.0,0.0,0.0,0.0,0.0,0.0,0.0,0.0,206983.0,331715.0,406350.0,462614.0,278296.0,1291066.0,0.0,0.0
Privium Fund Management (UK) Ltd,0.0,0.0,0.0,0.0,0.0,0.0,0.0,0.0,583.0,0.0,0.0,307685.0,0.0,0.0,0.0,0.0,2635146.0,1581692.0,0.0,0.0
Privium Fund Management B.V.,0.0,0.0,0.0,0.0,0.0,0.0,0.0,0.0,0.0,2192.0,1102.0,0.0,1999944.0,2939184.0,3131928.0,6936192.0,5421360.0,6992190.0,8864480.0,9803170.0
ProShare Advisors LLC,108107.0,182354.0,302291.0,347380.0,425941.0,617292.0,701004.0,1359221.0,1173984.0,439154.0,287169.0,352060759.0,1466351717.0,1067133094.0,731425245.0,658762443.0,1435146034.0,1959060504.0,1926583543.0,2515602733.0
"ProVise Management Group, LLC",473.0,549.0,695.0,614.0,640.0,824.0,730.0,1129.0,1467.0,704.0,586.0,651054.0,859698.0,2103377.0,1286265.0,1554496.0,1674297.0,2853156.0,2777333.0,1351632.0
Proactive Wealth Strategies LLC,0.0,0.0,0.0,0.0,0.0,0.0,0.0,0.0,0.0,0.0,0.0,0.0,0.0,0.0,0.0,0.0,0.0,0.0,6025.0,6932.0
"Processus Wealth & Capital Management, LLC",0.0,0.0,0.0,0.0,0.0,0.0,0.0,0.0,0.0,0.0,0.0,0.0,0.0,0.0,0.0,8862952.0,14516600.0,15871203.0,15250818.0,16482666.0
"Procyon Advisors, LLC",0.0,0.0,0.0,0.0,0.0,0.0,0.0,0.0,1750.0,714.0,546.0,1061348.0,2265925.0,7284494.0,12977230.0,16100391.0,24288566.0,35550645.0,35839924.0,43819042.0
"Procyon Private Wealth Partners, LLC",140.0,172.0,258.0,250.0,257.0,537.0,739.0,1538.0,0.0,0.0,0.0,0.0,0.0,0.0,0.0,0.0,0.0,0.0,0.0,0.0
Prodigy Asset Management LLC,0.0,0.0,0.0,0.0,0.0,0.0,0.0,0.0,0.0,0.0,0.0,0.0,0.0,0.0,0.0,0.0,0.0,0.0,0.0,263208.0
Proem Advisors LLC,0.0,0.0,0.0,0.0,0.0,0.0,0.0,0.0,0.0,0.0,0.0,0.0,0.0,0.0,0.0,0.0,0.0,0.0,0.0,44315700.0
"Professional Financial Advisors, LLC",0.0,0.0,303.0,316.0,0.0,11.0,12.0,16.0,15.0,8.0,16.0,0.0,0.0,0.0,0.0,0.0,0.0,0.0,0.0,210031.0
Proficio Capital Partners LLC,430.0,626.0,910.0,863.0,1004.0,3226.0,1693.0,2405.0,14908.0,1052.0,746.0,1009483.0,24469300.0,14965913.0,15351556.0,16076170.0,24806957.0,32643213.0,28566843.0,69939108.0
"Profit Investment Management, LLC",0.0,393.0,577.0,575.0,590.0,882.0,913.0,1156.0,1609.0,894.0,696.0,836797.0,1549956.0,1787258.0,1724735.0,1621350.0,2908560.0,2015678.0,1906608.0,2042281.0
Progressive Investment Management Corp,0.0,0.0,0.0,0.0,0.0,0.0,276.0,392.0,363.0,202.0,0.0,0.0,369990.0,552887.0,4913212.0,5542997.0,14828323.0,20057213.0,18994673.0,20574705.0
"Promus Capital, LLC",0.0,0.0,0.0,0.0,0.0,0.0,0.0,0.0,0.0,0.0,0.0,0.0,0.0,0.0,0.0,0.0,0.0,0.0,0.0,243065.0
Prospect Financial Group LLC,0.0,0.0,0.0,0.0,0.0,0.0,0.0,0.0,0.0,0.0,0.0,0.0,0.0,0.0,0.0,0.0,0.0,0.0,0.0,1509957.0
Prospect Financial Services LLC,0.0,0.0,0.0,0.0,0.0,0.0,0.0,0.0,0.0,0.0,0.0,0.0,0.0,0.0,0.0,2936677.0,5316649.0,6721573.0,6455884.0,6878289.0
"Prospect Hill Management, LLC",0.0,0.0,0.0,0.0,0.0,0.0,0.0,0.0,547.0,323.0,300.0,278543.0,529985.0,807122.0,1048326.0,1267763.0,2313114.0,3168801.0,3114936.0,3444539.0
Prospera Financial Services Inc,2593.0,3333.0,290.0,7931.0,13087.0,48154.0,26932.0,38306.0,37411.0,19074.0,13168.0,10092307.0,27513813.0,47293495.0,45343888.0,50856618.0,94990151.0,125726519.0,131158250.0,148036044.0
Prosperitas Financial LLC,0.0,0.0,0.0,0.0,0.0,0.0,0.0,0.0,0.0,0.0,0.0,0.0,0.0,0.0,3135926.0,3733625.0,6869200.0,7388594.0,7472210.0,8169805.0
"Prosperity Consulting Group, LLC",0.0,0.0,0.0,0.0,0.0,0.0,0.0,404.0,440.0,238.0,216.0,280586.0,458356.0,733147.0,1358626.0,2027156.0,4999265.0,6942533.0,13358120.0,17152503.0
"Prosperity Financial Group, Inc.",0.0,0.0,0.0,0.0,0.0,0.0,0.0,0.0,0.0,0.0,0.0,576376.0,1093025.0,1781337.0,1602938.0,1848173.0,3942266.0,6021294.0,8002001.0,9390784.0
"Prosperity Wealth Management, Inc.",0.0,0.0,0.0,0.0,0.0,0.0,0.0,0.0,0.0,0.0,0.0,613788.0,1326907.0,1076163.0,1285830.0,925566.0,2390820.0,5587714.0,6499955.0,5082299.0
"Prossimo Advisors, LLC",0.0,0.0,0.0,0.0,0.0,0.0,0.0,0.0,0.0,0.0,0.0,0.0,571.0,844.0,987.0,1255.0,2467.0,4161.0,4687.0,5336.0
Prostatis Group LLC,521524.0,0.0,67280.0,0.0,0.0,698282.0,774294.0,502868.0,985035.0,0.0,0.0,579647.0,446792.0,1191985.0,0.0,0.0,0.0,0.0,0.0,0.0
"Providence Capital Advisors, LLC",16.0,23.0,32.0,31.0,32.0,60.0,50.0,71.0,65.0,36.0,1954.0,2362938.0,9142912.0,6961640.0,5985462.0,6875634.0,7733465.0,9172702.0,9136786.0,9892250.0
Providence First Trust Co,0.0,0.0,817.0,2044.0,0.0,0.0,0.0,2155.0,1990.0,1092.0,827.0,989222.0,0.0,0.0,1574664.0,1792696.0,3023312.0,4360962.0,4101515.0,5248456.0
"Providence Wealth Advisors, LLC",0.0,0.0,0.0,0.0,0.0,215.0,213.0,307.0,314.0,0.0,0.0,0.0,357462.0,622242.0,653459.0,2716122.0,1766156.0,2570239.0,2758533.0,3020229.0
"Provident Investment Management, Inc.",0.0,0.0,0.0,0.0,0.0,0.0,0.0,0.0,0.0,0.0,0.0,0.0,0.0,0.0,0.0,346654.0,587314.0,901842.0,898656.0,1021007.0
"Provident Wealth Management, LLC",0.0,0.0,0.0,0.0,0.0,0.0,0.0,0.0,0.0,0.0,0.0,0.0,0.0,0.0,0.0,0.0,0.0,449686.0,520006.0,474854.0
"Prudent Man Advisors, LLC",0.0,0.0,0.0,0.0,0.0,0.0,0.0,0.0,0.0,0.0,0.0,0.0,0.0,0.0,0.0,1014706.0,2249864.0,4436321.0,4700092.0,4950467.0
"Prudent Man Investment Management, Inc.",0.0,0.0,0.0,0.0,0.0,0.0,0.0,0.0,0.0,0.0,0.0,0.0,0.0,0.0,0.0,0.0,0.0,0.0,0.0,194456.0
Public Sector Pension Investment Board,27992.0,34534.0,61640.0,44387.0,37715.0,87744.0,97014.0,192247.0,203385.0,52398.0,105176.0,0.0,282190154.0,223476813.0,285692732.0,361266457.0,419843672.0,695047159.0,746109144.0,1215435289.0
"Pure Financial Advisors, Inc.",0.0,0.0,266.0,253.0,300.0,489.0,524.0,0.0,0.0,0.0,0.0,0.0,0.0,0.0,0.0,0.0,0.0,0.0,0.0,0.0
"Pure Financial Advisors, LLC",0.0,0.0,0.0,0.0,0.0,0.0,0.0,764.0,717.0,532.0,440.0,553165.0,1118072.0,1684854.0,1988699.0,3770357.0,7288677.0,10999424.0,10575845.0,13757328.0
Purkiss Capital Advisors LLC,0.0,0.0,0.0,0.0,0.0,0.0,0.0,0.0,0.0,0.0,0.0,0.0,0.0,0.0,0.0,0.0,0.0,0.0,0.0,1671869.0
"Purus Wealth Management, LLC",0.0,0.0,0.0,3170.0,3509.0,5833.0,6224.0,8803.0,7799.0,4275.0,3584.0,4217801.0,7968815.0,11900203.0,12317521.0,13987222.0,25283880.0,34459477.0,34052734.0,37527672.0
Putney Financial Group LLC,0.0,0.0,0.0,0.0,0.0,0.0,0.0,0.0,0.0,0.0,0.0,0.0,0.0,0.0,0.0,0.0,0.0,0.0,0.0,2931821.0
Q CAPITAL SOLUTIONS,0.0,0.0,0.0,7193.0,8703.0,0.0,0.0,0.0,0.0,0.0,0.0,0.0,0.0,0.0,0.0,0.0,0.0,0.0,0.0,0.0
Q3 Asset Management,0.0,0.0,0.0,0.0,0.0,0.0,407.0,487.0,0.0,0.0,0.0,0.0,460.0,578.0,545.0,0.0,647.0,3704.0,849.0,3005.0
QCI ASSET MANAGEMENT INC/NY,12699.0,13232.0,16929.0,15532.0,16225.0,24610.0,21735.0,0.0,0.0,0.0,0.0,0.0,0.0,0.0,0.0,0.0,0.0,0.0,0.0,0.0
"QCM Cayman, Ltd.",0.0,490.0,440.0,752.0,0.0,403.0,0.0,245.0,0.0,0.0,0.0,0.0,0.0,0.0,1144894.0,0.0,943317.0,0.0,470459.0,0.0
"QP WEALTH MANAGEMENT, LLC",0.0,0.0,0.0,0.0,0.0,0.0,215.0,301.0,277.0,0.0,0.0,0.0,0.0,293153.0,240549.0,0.0,0.0,0.0,0.0,0.0
"QRG CAPITAL MANAGEMENT, INC.",0.0,0.0,0.0,0.0,0.0,0.0,0.0,0.0,0.0,0.0,0.0,0.0,0.0,0.0,141941329.0,167025510.0,339820424.0,472281256.0,490568806.0,552699947.0
"QS Investors, LLC",0.0,0.0,26692.0,0.0,0.0,0.0,0.0,0.0,0.0,0.0,0.0,0.0,0.0,0.0,0.0,0.0,0.0,0.0,0.0,0.0
QUADRANT CAPITAL GROUP LLC,1110.0,918.0,1627.0,1623.0,1762.0,2917.0,3158.0,4472.0,4172.0,2472.0,1836.0,3004931.0,6071497.0,9296288.0,9924732.0,12217573.0,22131799.0,32279273.0,31345077.0,34724037.0
QUATTRO FINANCIAL ADVISORS LLC,0.0,0.0,0.0,0.0,0.0,0.0,0.0,0.0,0.0,0.0,0.0,0.0,0.0,552887.0,0.0,0.0,0.0,0.0,0.0,0.0
QUEST CAPITAL MANAGEMENT INC /ADV,0.0,0.0,0.0,0.0,0.0,314.0,346.0,470.0,0.0,0.0,0.0,0.0,0.0,0.0,0.0,0.0,0.0,0.0,0.0,0.0
QUEST INVESTMENT MANAGEMENT LLC,0.0,17805.0,16816.0,17274.0,16645.0,14666.0,17754.0,25864.0,23315.0,11186.0,11759.0,13816806.0,14442096.0,20672987.0,18142563.0,21436093.0,48108245.0,61296471.0,45935166.0,49770426.0
QVR LLC,0.0,0.0,0.0,567.0,590.0,6720.0,12852.0,0.0,56264.0,9029.0,14131.0,1422088.0,0.0,0.0,0.0,0.0,5672550.0,0.0,0.0,0.0
"Qsemble Capital Management, LP",0.0,0.0,0.0,0.0,0.0,0.0,0.0,0.0,0.0,0.0,0.0,0.0,0.0,539351.0,782982.0,1249440.0,0.0,1963792.0,565060.0,0.0
Qtron Investments LLC,1058.0,1784.0,2348.0,1899.0,1761.0,2442.0,2720.0,4105.0,4669.0,3055.0,2494.0,3363997.0,6827309.0,10397409.0,10528063.0,13119863.0,26240286.0,37679700.0,37047822.0,39386988.0
"Quad-Cities Investment Group, LLC",0.0,0.0,0.0,0.0,0.0,0.0,0.0,213.0,327.0,254.0,252.0,0.0,0.0,0.0,404174.0,498583.0,857641.0,2692713.0,2791819.0,3035852.0
"QuadCap Wealth Management, LLC",0.0,0.0,0.0,0.0,0.0,0.0,0.0,0.0,0.0,0.0,0.0,0.0,0.0,0.0,0.0,0.0,8114918.0,0.0,0.0,0.0
"Quadcap Wealth Management, LLC",0.0,0.0,0.0,0.0,0.0,0.0,0.0,0.0,0.0,0.0,0.0,0.0,0.0,0.0,0.0,5153776.0,0.0,11017352.0,10500611.0,10946070.0
"Quadrant Private Wealth Management, LLC",818.0,1624.0,2414.0,2389.0,2499.0,3726.0,3739.0,5270.0,5225.0,3339.0,0.0,3518051.0,6627106.0,10414874.0,10187204.0,12079596.0,21367760.0,30426994.0,30701731.0,34065384.0
Quadrature Capital Ltd,3216.0,7088.0,0.0,76249.0,8067.0,0.0,47564.0,84061.0,23722.0,31546.0,0.0,0.0,0.0,98236528.0,150353035.0,207546627.0,26302408.0,0.0,0.0,0.0
"Quaker Wealth Management, LLC",0.0,0.0,0.0,0.0,0.0,0.0,0.0,0.0,0.0,0.0,0.0,0.0,0.0,0.0,0.0,0.0,0.0,0.0,338333.0,0.0
Quantamental Technologies LLC,316.0,0.0,0.0,250.0,0.0,0.0,0.0,0.0,942.0,0.0,0.0,0.0,1203855.0,1533448.0,1097915.0,0.0,0.0,0.0,0.0,0.0
Quantbot Technologies LP,54.0,3331.0,0.0,5159.0,2032.0,0.0,1632.0,4499.0,0.0,0.0,0.0,0.0,0.0,13846291.0,14820979.0,3833003.0,2127884.0,1555616.0,11848658.0,21616258.0
Quantinno Capital Management LP,0.0,0.0,0.0,0.0,0.0,0.0,0.0,5199.0,4651.0,3479.0,1977.0,6945000.0,15733000.0,26688000.0,31127000.0,47449000.0,133665000.0,246480786.0,325497642.0,489166273.0
"Quantitative Investment Management, LLC",0.0,0.0,0.0,0.0,2089.0,16977.0,11621.0,18604.0,4798.0,0.0,0.0,0.0,0.0,0.0,0.0,28373.0,0.0,0.0,0.0,2484.0
Quantitative Systematic Strategies LLC,936.0,1315.0,1350.0,0.0,0.0,0.0,0.0,0.0,0.0,0.0,0.0,0.0,0.0,0.0,0.0,0.0,0.0,0.0,0.0,0.0
"Quantum Financial Advisors, LLC",0.0,0.0,0.0,0.0,0.0,0.0,0.0,0.0,0.0,504.0,338.0,406854.0,773313.0,1177691.0,1211015.0,1387610.0,2480268.0,3719543.0,3850742.0,5861625.0
"Quantum Private Wealth, LLC",0.0,0.0,0.0,0.0,0.0,0.0,0.0,2951.0,2792.0,1631.0,1331.0,1627707.0,3129913.0,4381642.0,4577835.0,5336491.0,9514814.0,13173518.0,13306257.0,15276243.0
"Quartz Partners, LLC",0.0,0.0,0.0,0.0,0.0,0.0,0.0,0.0,0.0,0.0,0.0,0.0,0.0,0.0,0.0,0.0,0.0,0.0,9368975.0,10571578.0
Qube Research & Technologies Ltd,0.0,14686.0,1158.0,0.0,0.0,0.0,43489.0,44664.0,7387.0,21035.0,19745.0,14614000.0,34713195.0,271729858.0,362464552.0,629451361.0,760205688.0,407661739.0,1141803168.0,426690226.0
"Quent Capital, LLC",0.0,0.0,0.0,0.0,0.0,0.0,0.0,5899.0,2799.0,1524.0,1351.0,1628017.0,6562342.0,9838068.0,10944808.0,13858096.0,26105380.0,18048319.0,17710646.0,19480089.0
"Quest 10 Wealth Builders, Inc.",0.0,0.0,0.0,0.0,0.0,0.0,0.0,0.0,0.0,0.0,0.0,0.0,0.0,0.0,0.0,0.0,0.0,0.0,0.0,552066.0
Quest Partners LLC,0.0,0.0,0.0,0.0,0.0,0.0,0.0,0.0,0.0,0.0,0.0,0.0,0.0,0.0,0.0,459069.0,0.0,26685.0,586312.0,0.0
Quinn Opportunity Partners LLC,0.0,0.0,0.0,0.0,0.0,0.0,0.0,0.0,0.0,0.0,0.0,0.0,34721250.0,1692080.0,1739960.0,1980880.0,0.0,0.0,0.0,0.0
Quintet Private Bank (Europe) S.A.,0.0,0.0,0.0,0.0,0.0,0.0,0.0,0.0,0.0,126675668.0,0.0,0.0,120080472.0,126675668.0,109095485.0,119561501.0,171159878.0,225041971.0,203459763.0,217218641.0
"Quotient Wealth Partners, LLC",0.0,0.0,0.0,0.0,0.0,0.0,0.0,0.0,0.0,0.0,0.0,0.0,0.0,0.0,0.0,3686122.0,7045693.0,10397072.0,9467942.0,11527351.0
R Squared Ltd,0.0,0.0,0.0,0.0,0.0,0.0,0.0,0.0,0.0,0.0,0.0,0.0,0.0,0.0,0.0,0.0,0.0,0.0,0.0,286172.0
"RAHLFS CAPITAL, LLC",0.0,0.0,0.0,0.0,0.0,0.0,0.0,0.0,0.0,0.0,0.0,0.0,0.0,0.0,0.0,0.0,0.0,0.0,0.0,2856348.0
RAINEY & RANDALL WEALTH ADVISORS INC.,0.0,0.0,0.0,0.0,0.0,0.0,0.0,0.0,0.0,0.0,0.0,0.0,0.0,0.0,0.0,0.0,0.0,0.0,0.0,250196.0
"RAM Investment Partners, LLC",0.0,0.0,0.0,0.0,0.0,0.0,0.0,0.0,0.0,0.0,0.0,484746.0,548040.0,839272.0,851200.0,1006738.0,1901171.0,6765083.0,6520267.0,5820800.0
RAYMOND JAMES & ASSOCIATES,220069.0,311476.0,424378.0,403680.0,428089.0,695786.0,745293.0,1003339.0,873250.0,454772.0,360029.0,424660584.0,814077356.0,1152455989.0,1166456462.0,1342803447.0,2307536692.0,3043147521.0,2903327489.0,0.0
RAYMOND JAMES TRUST CO. OF NH,0.0,0.0,0.0,0.0,0.0,0.0,0.0,0.0,0.0,0.0,0.0,0.0,0.0,0.0,0.0,0.0,0.0,263140.0,354727.0,0.0
RAYMOND JAMES TRUST N.A.,3872.0,5949.0,8882.0,8307.0,8228.0,12584.0,12593.0,17695.0,16340.0,9074.0,7715.0,9501.0,18208.0,26121.0,30277512.0,36613111.0,64963244.0,85766533.0,87721581.0,0.0
"RB Capital Management, LLC",675.0,1004.0,1643.0,1625.0,1780.0,6434.0,3477.0,4889.0,9268.0,2747.0,2246.0,2693750.0,5138180.0,11949928.0,6249072.0,7021676.0,11652361.0,18691773.0,17535468.0,14636336.0
"RBA Wealth Management, LLC",0.0,0.0,0.0,0.0,0.0,0.0,0.0,0.0,0.0,0.0,0.0,0.0,365545.0,0.0,0.0,0.0,292759.0,429932.0,475208.0,441546.0
"RBF Capital, LLC",0.0,0.0,0.0,0.0,1068.0,1600.0,1657.0,2059.0,1918.0,1667.0,850.0,877000.0,1666620.0,2538120.0,2609940.0,2971320.0,5421360.0,7412400.0,7286400.0,8057400.0
RBO & CO LLC,0.0,0.0,215.0,207.0,232.0,347.0,360.0,1022.0,474.0,263.0,211.0,239085.0,454432.0,692061.0,711644.0,810180.0,1455635.0,1990229.0,948446.0,1048805.0
"RD Lewis Holdings, Inc.",0.0,0.0,0.0,0.0,0.0,0.0,0.0,0.0,0.0,0.0,0.0,0.0,0.0,0.0,0.0,0.0,0.0,0.0,0.0,2399054.0
RDA Financial Network,214.0,303.0,1354.0,1498.0,1632.0,2570.0,2681.0,3407.0,3842.0,2300.0,1589.0,2055861.0,3833512.0,5148434.0,5181499.0,5579581.0,9880363.0,10760332.0,10578392.0,12306080.0
READYSTATE ASSET MANAGEMENT LP,0.0,0.0,0.0,0.0,0.0,0.0,0.0,0.0,0.0,0.0,0.0,0.0,14721810.0,18528276.0,5306878.0,38924292.0,17890488.0,370620.0,38460048.0,228293.0
"REAP Financial Group, LLC",0.0,0.0,0.0,0.0,0.0,0.0,0.0,0.0,0.0,0.0,0.0,0.0,0.0,0.0,0.0,566418.0,1027138.0,443228.0,497143.0,501643.0
"REBALANCE, LLC",0.0,0.0,0.0,0.0,0.0,0.0,0.0,0.0,0.0,0.0,0.0,5860556.0,0.0,0.0,0.0,0.0,0.0,0.0,0.0,0.0
"RED CRANE WEALTH MANAGEMENT, LLC",0.0,0.0,0.0,0.0,0.0,0.0,0.0,0.0,0.0,0.0,0.0,0.0,0.0,0.0,0.0,0.0,0.0,0.0,0.0,295173.0
REDMONT WEALTH ADVISORS LLC,0.0,0.0,0.0,0.0,0.0,0.0,0.0,0.0,0.0,0.0,0.0,0.0,0.0,0.0,0.0,0.0,217758.0,297731.0,292670.0,323639.0
REDW Wealth LLC,0.0,0.0,0.0,0.0,0.0,0.0,0.0,0.0,0.0,0.0,0.0,0.0,222534.0,396431.0,546853.0,424899.0,1096019.0,1743891.0,1658870.0,641503.0
"REGATTA CAPITAL GROUP, LLC",0.0,0.0,0.0,0.0,0.0,0.0,0.0,1698.0,1654.0,805.0,944.0,1141550.0,1141551.0,2512945.0,2195251.0,2518587.0,4787521.0,7121915.0,6906113.0,6183758.0
REGENTATLANTIC CAPITAL LLC,842.0,2067.0,17090.0,9753.0,11971.0,20850.0,23868.0,36246.0,34617.0,20094.0,14297.0,0.0,0.0,0.0,0.0,0.0,0.0,0.0,0.0,0.0
"REGIMEN WEALTH, LLC",0.0,0.0,0.0,0.0,0.0,0.0,0.0,0.0,0.0,0.0,0.0,0.0,288734.0,0.0,0.0,0.0,0.0,0.0,0.0,0.0
REGIONS FINANCIAL CORP,24441.0,35816.0,40372.0,38392.0,39901.0,57538.0,58248.0,78361.0,77347.0,41655.0,30609.0,36486.0,68304.0,103890751.0,108061086.0,121252636.0,218706698.0,293226390.0,263696880.0,0.0
"REIK & CO., LLC",0.0,0.0,0.0,0.0,0.0,0.0,0.0,0.0,0.0,0.0,0.0,0.0,0.0,253812.0,260994.0,297132.0,542136.0,748652.0,735926.0,819169.0
"REILLY FINANCIAL ADVISORS, LLC",293.0,627.0,836.0,803.0,759.0,1119.0,1122.0,1901.0,0.0,0.0,0.0,0.0,0.0,0.0,0.0,0.0,0.0,0.0,0.0,0.0
RENAISSANCE TECHNOLOGIES LLC,61391.0,296669.0,0.0,523815.0,246832.0,928750.0,710183.0,114959.0,0.0,0.0,0.0,0.0,882.0,785081.0,526029.0,767478.0,497529.0,867494208.0,428448751.0,476999514.0
RENASANT BANK,0.0,0.0,0.0,0.0,0.0,110.0,67.0,97.0,194.0,120.0,99.0,0.0,226104.0,339262.0,229674.0,310503.0,494247.0,564578.0,554981.0,600276.0
RENASANT Bank,0.0,0.0,0.0,0.0,0.0,0.0,0.0,0.0,0.0,0.0,0.0,91045.0,0.0,0.0,0.0,0.0,0.0,0.0,0.0,0.0
RESOURCE CONSULTING GROUP INC,0.0,0.0,0.0,0.0,0.0,0.0,0.0,2136.0,1982.0,1101.0,0.0,0.0,0.0,0.0,0.0,355568.0,0.0,0.0,0.0,0.0
RESOURCES MANAGEMENT CORP /CT/ /ADV,11.0,15.0,207.0,749.0,1354.0,2112.0,2221.0,3354.0,3540.0,1823.0,1510.0,1811.0,1884.0,4719.0,4902.0,11122.0,7564.0,9766.0,9142.0,9901.0
RESTON WEALTH MANAGEMENT LLC,0.0,211.0,301.0,297.0,269.0,402.0,358.0,508.0,472.0,262.0,0.0,0.0,0.0,265394.0,312069.0,370153.0,675382.0,927910.0,849717.0,742576.0
RETIREMENT CAPITAL STRATEGIES,0.0,0.0,0.0,0.0,0.0,0.0,0.0,256.0,231.0,0.0,0.0,0.0,298047.0,453900.0,479794.0,579522.0,1062182.0,1464514.0,1518104.0,1771694.0
"RETIREMENT FINANCIAL SOLUTIONS, LLC",0.0,0.0,0.0,0.0,0.0,0.0,0.0,0.0,0.0,0.0,0.0,0.0,0.0,0.0,0.0,0.0,0.0,417530.0,423669.0,465143.0
RETIREMENT GUYS FORMULA LLC,0.0,0.0,0.0,0.0,0.0,0.0,0.0,831.0,663.0,486.0,944.0,654156.0,381100.0,241121.0,241419.0,281286.0,455397.0,763016.0,1994927.0,2247713.0
"RETIREMENT PLANNING GROUP, LLC / NY",0.0,0.0,0.0,0.0,0.0,0.0,0.0,0.0,0.0,0.0,0.0,0.0,0.0,0.0,0.0,0.0,0.0,0.0,0.0,398447.0
"REUTER JAMES WEALTH MANAGEMENT, LLC",0.0,0.0,0.0,0.0,0.0,0.0,0.0,828.0,685.0,375.0,272.0,306894.0,561373.0,746630.0,663795.0,629920.0,0.0,0.0,0.0,0.0
"RF&L WEALTH MANAGEMENT, LLC",0.0,0.0,0.0,0.0,0.0,0.0,0.0,0.0,0.0,0.0,0.0,0.0,330824.0,503817.0,518073.0,589807.0,985784.0,1594901.0,1827065.0,2020393.0
"RFG - Bristol Wealth Advisors, LLC",0.0,0.0,0.0,0.0,0.0,0.0,0.0,0.0,0.0,0.0,0.0,0.0,0.0,0.0,0.0,0.0,0.0,0.0,0.0,1895680.0
"RFG Advisory, LLC",0.0,234.0,292.0,281.0,347.0,1013.0,1226.0,1899.0,1904.0,1947.0,1915.0,2183326.0,2567511.0,3405456.0,6131505.0,7767200.0,13835636.0,19308597.0,22462003.0,28072330.0
"RFG HOLDINGS, INC.",0.0,0.0,0.0,0.0,0.0,0.0,0.0,207.0,0.0,0.0,0.0,0.0,0.0,0.0,0.0,0.0,0.0,0.0,0.0,0.0
"RFG Holdings, Inc.",0.0,0.0,0.0,0.0,0.0,0.0,0.0,0.0,0.0,0.0,0.0,0.0,0.0,0.0,338147.0,537022.0,1258154.0,2227760.0,1816220.0,2062160.0
RFP Financial Group LLC,0.0,0.0,0.0,0.0,0.0,0.0,0.0,0.0,0.0,0.0,0.0,152486.0,63888.0,916662.0,514807.0,611848.0,863359.0,997325.0,980251.0,1011066.0
"RGT Wealth Advisors, LLC",0.0,0.0,0.0,0.0,0.0,219.0,217.0,660.0,0.0,0.0,0.0,0.0,0.0,0.0,0.0,0.0,0.0,0.0,0.0,0.0
"RHS Financial, LLC",0.0,0.0,0.0,0.0,0.0,0.0,0.0,0.0,0.0,0.0,0.0,0.0,0.0,0.0,0.0,0.0,807783.0,1392914.0,1335597.0,1451675.0
RHUMBLINE ADVISERS,291690.0,447262.0,627609.0,595008.0,574108.0,825159.0,839558.0,1204993.0,1129329.0,651810.0,531471.0,665914.0,1282414.0,1991931804.0,2050257389.0,2319112660.0,4257203228.0,5773913820.0,5625771271.0,6113910935.0
RIA Advisory Group LLC,0.0,0.0,0.0,0.0,0.0,0.0,0.0,0.0,0.0,0.0,0.0,0.0,385843.0,563922.0,655898.0,0.0,792351.0,0.0,2435244.0,4616801.0
"RICE HALL JAMES & ASSOCIATES, LLC",1670.0,2338.0,2684.0,2062.0,1972.0,2936.0,2863.0,4065.0,7058.0,1814.0,1360.0,1383361.0,2117163.0,1302902.0,1339769.0,1525278.0,1634540.0,2213219.0,2086582.0,2292465.0
"RICHARDS, MERRILL & PETERSON, INC.",0.0,0.0,0.0,0.0,0.0,0.0,0.0,0.0,0.0,0.0,0.0,0.0,0.0,0.0,0.0,0.0,0.0,0.0,0.0,3519272.0
RICHARDSON FINANCIAL SERVICES INC.,0.0,0.0,0.0,0.0,0.0,0.0,0.0,0.0,0.0,0.0,0.0,0.0,0.0,0.0,0.0,930023.0,2003192.0,2631278.0,2668560.0,3081532.0
RICHELIEU GESTION SA,0.0,0.0,0.0,0.0,0.0,0.0,0.0,0.0,0.0,0.0,0.0,0.0,0.0,162.0,167.0,381.0,417.0,0.0,0.0,0.0
"RIDGECREST WEALTH PARTNERS, LLC",0.0,0.0,0.0,0.0,0.0,2414.0,2357.0,3051.0,3059.0,2196.0,0.0,0.0,262577.0,403267.0,405997.0,3187417.0,6631588.0,2272467.0,9144452.0,10163170.0
RITHOLTZ WEALTH MANAGEMENT,1184.0,1732.0,2926.0,2431.0,2450.0,4444.0,5167.0,7345.0,7446.0,4184.0,4875.0,5075745.0,10362948.0,15612262.0,15783741.0,17687076.0,31707199.0,53424424.0,57548023.0,67454905.0
RITTER DANIHER FINANCIAL ADVISORY LLC,0.0,0.0,0.0,0.0,0.0,0.0,0.0,0.0,143.0,0.0,0.0,0.0,0.0,0.0,0.0,0.0,0.0,0.0,0.0,0.0
"RITTER DANIHER FINANCIAL ADVISORY, LLC",0.0,0.0,0.0,0.0,0.0,0.0,62.0,5.0,0.0,0.0,0.0,0.0,0.0,0.0,0.0,0.0,0.0,0.0,0.0,0.0
RIVER & MERCANTILE ASSET MANAGEMENT LLP,0.0,0.0,0.0,0.0,0.0,0.0,0.0,0.0,0.0,0.0,1046.0,1419.0,2320.0,1386.0,1178197.0,0.0,0.0,0.0,0.0,0.0
RIVER GLOBAL INVESTORS LLP,0.0,0.0,0.0,0.0,0.0,0.0,0.0,0.0,0.0,0.0,0.0,0.0,0.0,0.0,0.0,667054.0,1203306.0,1624669.0,1675538.0,1083438.0
RIVERBRIDGE PARTNERS LLC,24944.0,37425.0,55777.0,55517.0,58682.0,90083.0,93960.0,98374.0,87084.0,89747.0,39678.0,46919.0,87938114.0,122440744.0,244755240.0,271136948.0,236911114.0,258727987.0,250721093.0,265659758.0
RIVERPARK CAPITAL MANAGEMENT LLC,0.0,0.0,0.0,0.0,0.0,0.0,0.0,0.0,1455.0,1404.0,848.0,923166.0,1239688.0,1711116.0,1669057.0,1900159.0,3466960.0,4836591.0,3610654.0,3688812.0
"RIVERSEDGE ADVISORS, LLC",0.0,0.0,226.0,218.0,0.0,326.0,371.0,530.0,509.0,283.0,206.0,0.0,348927.0,531386.0,839694.0,1113441.0,2129127.0,2928514.0,2863432.0,3221141.0
RKL Wealth Management LLC,0.0,238.0,352.0,339.0,365.0,565.0,597.0,851.0,1302.0,2848.0,2147.0,2373876.0,4404962.0,6586973.0,6330707.0,7692846.0,13800554.0,18054074.0,17234217.0,17113085.0
"RMB Capital Management, LLC",664.0,1073.0,1416.0,1317.0,1429.0,2260.0,2551.0,2984.0,2754.0,1951.0,749.0,883416.0,2096052.0,3459548.0,4021088.0,4637372.0,0.0,0.0,0.0,0.0
"RMR Capital Management, LLC",0.0,0.0,0.0,0.0,0.0,0.0,0.0,0.0,0.0,0.0,0.0,0.0,0.0,0.0,0.0,0.0,333414.0,455863.0,402938.0,445574.0
RMR Wealth Builders,0.0,419.0,2630.0,1462.0,1795.0,1874.0,2141.0,1817.0,2918.0,1695.0,1422.0,1661114.0,5976928.0,9085271.0,10783520.0,12568968.0,23831375.0,32480945.0,31317237.0,68686150.0
RNC CAPITAL MANAGEMENT LLC,0.0,0.0,263.0,0.0,216.0,236.0,264.0,600.0,0.0,0.0,0.0,0.0,0.0,0.0,7981381.0,9377712.0,15680818.0,22316325.0,22316325.0,23872890.0
ROANOKE ASSET MANAGEMENT CORP/ NY,0.0,0.0,0.0,0.0,0.0,0.0,0.0,0.0,2218.0,1232.0,999.0,1109.0,2247.0,3422.0,3508.0,4918.0,8959.0,10666.0,11987.0,13197.0
ROBBINS FARLEY LLC,0.0,0.0,0.0,3240.0,1784.0,0.0,2106.0,3007.0,2675.0,1488.0,0.0,0.0,0.0,0.0,0.0,0.0,0.0,0.0,0.0,0.0
ROBECOSAM AG,0.0,0.0,1131.0,2512.0,0.0,0.0,0.0,0.0,0.0,0.0,0.0,0.0,0.0,0.0,0.0,0.0,0.0,0.0,0.0,0.0
ROBERTS GLORE & CO INC /IL/,501.0,601.0,741.0,710.0,710.0,1064.0,1108.0,1573.0,1557.0,926.0,740.0,896715.0,1574400.0,1287250.0,1310625.0,1346008.0,2352870.0,3152123.0,3259571.0,3587557.0
ROBINSON SMITH WEALTH ADVISORS LLC,0.0,0.0,0.0,0.0,0.0,0.0,0.0,0.0,0.0,0.0,0.0,0.0,0.0,0.0,0.0,0.0,0.0,250586.0,0.0,0.0
ROCKLAND TRUST CO,278.0,362.0,540.0,531.0,535.0,638.0,687.0,975.0,861.0,479.0,414.0,491.0,920252.0,1390467.0,1464611.0,1663444.0,2712487.0,3704965.0,3453146.0,3450447.0
"ROCKY MOUNTAIN ADVISERS, LLC",16.0,23.0,40.0,38.0,39.0,58.0,81.0,115.0,162.0,90.0,84.0,101.0,192.0,192217.0,255339.0,290694.0,530390.0,725180.0,712853.0,0.0
ROFFMAN MILLER ASSOCIATES INC /PA/,0.0,484.0,0.0,0.0,0.0,0.0,0.0,0.0,0.0,0.0,0.0,0.0,0.0,0.0,0.0,0.0,0.0,0.0,0.0,0.0
"ROGCO, LP",0.0,0.0,0.0,0.0,0.0,0.0,0.0,0.0,0.0,0.0,0.0,0.0,0.0,0.0,50024.0,56950.0,773447.0,1085917.0,1685223.0,2023750.0
"ROI Financial Advisors, LLC",0.0,0.0,0.0,0.0,0.0,0.0,0.0,0.0,0.0,0.0,0.0,0.0,0.0,0.0,0.0,5768000.0,10026000.0,13563773.0,11781286.0,11429167.0
ROMAN BUTLER FULLERTON & CO,1452.0,2073.0,2858.0,2697.0,3316.0,4455.0,4932.0,6450.0,5309.0,2975.0,646.0,943025.0,2790036.0,5104505.0,5610236.0,7522411.0,9707422.0,17285763.0,17803893.0,14572443.0
ROMANO BROTHERS AND COMPANY,0.0,0.0,0.0,0.0,0.0,0.0,0.0,0.0,0.0,0.0,1195.0,1342004.0,2451320.0,3714116.0,4194196.0,3083735.0,5542437.0,7530257.0,7345784.0,8190884.0
ROOSEVELT INVESTMENT GROUP INC,5516.0,7231.0,10175.0,0.0,0.0,0.0,0.0,0.0,0.0,0.0,0.0,0.0,0.0,0.0,0.0,0.0,0.0,0.0,0.0,0.0
ROOSEVELT INVESTMENT GROUP LLC,0.0,0.0,0.0,9251.0,12596.0,17301.0,17945.0,25264.0,23678.0,13126.0,13475.0,0.0,0.0,0.0,0.0,0.0,0.0,0.0,0.0,0.0
ROPES WEALTH ADVISORS LLC,0.0,0.0,0.0,0.0,463.0,734.0,863.0,1552.0,1042.0,505.0,497.0,625007.0,1336309.0,2195429.0,2020512.0,0.0,0.0,0.0,0.0,0.0
ROSENBLUM SILVERMAN SUTTON S F INC /CA,10635.0,15015.0,20760.0,19484.0,19454.0,25330.0,24677.0,30751.0,0.0,15416.0,23140.0,13163.0,19294182.0,21480110.0,18257400.0,19925177.0,32153183.0,42228443.0,39248801.0,40969193.0
ROSS\JOHNSON & Associates LLC,0.0,0.0,0.0,0.0,0.0,0.0,0.0,0.0,0.0,0.0,0.0,0.0,0.0,0.0,0.0,0.0,0.0,0.0,0.0,26858.0
ROTHSCHILD & CO ASSET MANAGEMENT US INC.,0.0,0.0,0.0,8228.0,6790.0,9381.0,8094.0,10923.0,10398.0,0.0,0.0,0.0,0.0,0.0,0.0,0.0,0.0,0.0,0.0,0.0
ROTHSCHILD INVESTMENT LLC,0.0,0.0,0.0,0.0,0.0,0.0,0.0,0.0,0.0,0.0,0.0,0.0,0.0,0.0,0.0,25006549.0,43359835.0,59004620.0,56853412.0,61728366.0
ROVIN CAPITAL /UT/ /ADV,0.0,0.0,0.0,0.0,0.0,0.0,0.0,0.0,0.0,0.0,0.0,271.0,474.0,0.0,0.0,0.0,309.0,649.0,1330.0,1947.0
ROWLAND & CO INVESTMENT COUNSEL/ADV,274676.0,386368.0,274676.0,531077.0,543006.0,813701.0,386368.0,1231732.0,1193762.0,667753.0,536301.0,632436.0,1227187.0,1869748.0,0.0,0.0,0.0,0.0,0.0,0.0
ROWLAND CARMICHAEL ADVISORS INC /ADV,453.0,563.0,793.0,695.0,0.0,0.0,0.0,0.0,0.0,0.0,0.0,0.0,0.0,0.0,0.0,0.0,0.0,0.0,0.0,0.0
ROWLANDMILLER & PARTNERS.ADV,0.0,0.0,0.0,0.0,0.0,0.0,0.0,0.0,0.0,0.0,0.0,0.0,0.0,0.0,1890901.0,2125484.0,3783205.0,5145441.0,5061619.0,5570349.0
ROYAL BANK OF CANADA,5710.0,4337.0,9617.0,6733.0,12468.0,389082.0,399196.0,983117.0,483441.0,354439.0,223993.0,0.0,0.0,0.0,0.0,0.0,0.0,0.0,0.0,0.0
ROYAL LONDON ASSET MANAGEMENT LTD,61494.0,83484.0,119492.0,146641.0,466082.0,890853.0,930330.0,1797720.0,1153412.0,689224.0,249542.0,220468767.0,421176818.0,753996037.0,788104180.0,1826740796.0,1665720992.0,2086456313.0,2029121772.0,2238266489.0
"RPG Investment Advisory, LLC",9479.0,8133.0,11464.0,11159.0,11631.0,17202.0,17424.0,24963.0,23523.0,15135.0,14082.0,17037000.0,27795643.0,30470180.0,29148731.0,32929217.0,45285991.0,50936800.0,50507890.0,55267213.0
RPS ADVISORY SOLUTIONS LLC,0.0,0.0,0.0,0.0,0.0,0.0,0.0,0.0,0.0,0.0,0.0,0.0,0.0,0.0,0.0,0.0,0.0,5518471.0,5624743.0,6660638.0
"RPg Family Wealth Advisory, LLC",4339383.0,6208489.0,6215370.0,5168736.0,0.0,8055423.0,8477401.0,11864397.0,9616678.0,2873.0,4241.0,0.0,214438.0,2508509.0,2573836.0,3052041.0,5826155.0,8743049.0,16838816.0,9705125.0
RS CRUM INC.,0.0,0.0,0.0,0.0,0.0,0.0,0.0,295.0,301.0,0.0,0.0,0.0,306965.0,446331.0,418101.0,517108.0,913691.0,1572394.0,1421797.0,1485826.0
RSM US WEALTH MANAGEMENT LLC,638.0,989.0,552.0,539.0,490.0,934.0,770.0,1456.0,0.0,0.0,0.0,0.0,0.0,0.0,0.0,0.0,0.0,0.0,0.0,0.0
"RTD Financial Advisors, Inc.",0.0,0.0,0.0,0.0,0.0,0.0,0.0,0.0,0.0,0.0,0.0,0.0,0.0,339305.0,351157.0,0.0,0.0,0.0,0.0,0.0
"RVW Wealth, LLC",0.0,0.0,0.0,0.0,0.0,0.0,0.0,365.0,631.0,502.0,916.0,1169088.0,1549123.0,2311804.0,2000519.0,2277517.0,3824207.0,5445740.0,5829783.0,3460904.0
RW Investment Management LLC,0.0,0.0,0.0,0.0,0.0,0.0,0.0,0.0,0.0,0.0,0.0,0.0,0.0,0.0,455870.0,518991.0,1002049.0,1544127.0,0.0,207479.0
"RWA WEALTH PARTNERS, LLC",0.0,0.0,0.0,0.0,0.0,0.0,0.0,0.0,0.0,0.0,0.0,0.0,0.0,0.0,0.0,13255164.0,22041921.0,33240034.0,33244680.0,40241225.0
"RWM Asset Management, LLC",0.0,0.0,0.0,178.0,133.0,200.0,0.0,0.0,0.0,0.0,0.0,0.0,0.0,0.0,0.0,0.0,0.0,0.0,0.0,0.0
"RWQ Financial Management Services, Inc.",0.0,0.0,0.0,0.0,0.0,18214.0,10813.0,10974.0,9824.0,3499.0,1354.0,2277662.0,4762531.0,7824035.0,7078910.0,12442805.0,70558017.0,59576067.0,41955096.0,19812612.0
"RWWM, Inc.",0.0,0.0,0.0,0.0,0.0,0.0,0.0,0.0,0.0,0.0,0.0,0.0,0.0,0.0,0.0,0.0,583700.0,831424.0,793003.0,848310.0
Raab & Moskowitz Asset Management LLC,0.0,0.0,0.0,0.0,0.0,0.0,0.0,0.0,0.0,0.0,0.0,0.0,266381.0,257619.0,286661.0,371915.0,627985.0,864182.0,491834.0,498085.0
"Rafferty Asset Management, LLC",29363.0,98144.0,136761.0,148584.0,295269.0,409147.0,282540.0,407956.0,454232.0,239846.0,199761.0,269653144.0,465785847.0,594592682.0,505684575.0,644752174.0,1060038521.0,1553198002.0,1407649658.0,1316144598.0
Raiffeisen Bank International AG,0.0,0.0,0.0,0.0,0.0,0.0,0.0,0.0,0.0,0.0,0.0,0.0,0.0,0.0,0.0,0.0,0.0,0.0,0.0,1374.0
Railway Pension Investments Ltd,55496.0,104259.0,85421.0,31870.0,0.0,0.0,0.0,0.0,0.0,0.0,0.0,0.0,0.0,0.0,0.0,0.0,0.0,0.0,0.0,0.0
"Rain Capital Management, LLC",0.0,0.0,0.0,0.0,0.0,0.0,0.0,0.0,0.0,0.0,0.0,0.0,0.0,217010.0,224455.0,251572.0,511415.0,647932.0,0.0,0.0
Rainier Group Investment Advisory LLC,0.0,271.0,514.0,0.0,0.0,0.0,0.0,0.0,0.0,0.0,0.0,0.0,0.0,0.0,0.0,0.0,0.0,0.0,0.0,0.0
Raleigh Capital Management Inc.,0.0,0.0,0.0,0.0,0.0,0.0,0.0,49.0,33.0,56.0,15.0,21502.0,120325.0,181564.0,887776.0,702962.0,2346985.0,3825915.0,3999742.0,4931129.0
"Ramirez Asset Management, Inc.",0.0,0.0,0.0,0.0,0.0,0.0,0.0,0.0,0.0,0.0,0.0,0.0,0.0,0.0,3045800.0,3467530.0,5902054.0,7238456.0,6929852.0,7663125.0
"Ramsay, Stattman, Vela & Price, Inc.",0.0,0.0,0.0,0.0,0.0,0.0,0.0,0.0,8379.0,5247.0,4192.0,5027801.0,7643953.0,11048436.0,11326270.0,11668869.0,18105535.0,23310145.0,20734666.0,22885030.0
Ranch Capital Advisors Inc.,0.0,0.0,0.0,0.0,0.0,0.0,0.0,2838.0,2658.0,1529.0,1240.0,1483161.0,2790829.0,3257031.0,3374791.0,3847160.0,5956024.0,7861752.0,7090675.0,7662954.0
Range Financial Group LLC,0.0,0.0,0.0,0.0,0.0,292.0,453.0,1410.0,1352.0,506.0,305.0,338022.0,660537.0,803738.0,2276738.0,2667750.0,5030119.0,7015095.0,3282280.0,7733358.0
"Rappaport Reiches Capital Management, LLC",0.0,0.0,0.0,0.0,0.0,0.0,0.0,216564.0,641338.0,498796.0,391583.0,471010.0,896391.0,1418428.0,1376912.0,2180721.0,7485796.0,9661294.0,8934070.0,10097562.0
Ratan Capital Management LP,3163.0,6079.0,8660.0,16710.0,0.0,0.0,0.0,27055.0,1364.0,0.0,0.0,0.0,833.0,6134.0,14138.0,9537937.0,15234021.0,55112429.0,60247598.0,112122750.0
Rathbone Brothers plc,50680.0,72964.0,103518.0,100046.0,102892.0,154141.0,158735.0,0.0,0.0,0.0,0.0,0.0,0.0,0.0,0.0,0.0,0.0,0.0,0.0,0.0
Rathbones Group PLC,0.0,0.0,0.0,0.0,0.0,0.0,0.0,226046.0,160363.0,96049.0,0.0,0.0,150421065.0,186876276.0,250881787.0,278657818.0,0.0,559319072.0,560110911.0,604035346.0
Rathbones Group Plc,0.0,0.0,0.0,0.0,0.0,0.0,0.0,0.0,0.0,0.0,157352.0,97471288.0,0.0,0.0,0.0,0.0,448852465.0,0.0,0.0,0.0
"Rather & Kittrell, Inc.",0.0,0.0,0.0,0.0,0.0,0.0,0.0,26.0,0.0,0.0,0.0,0.0,0.0,224624.0,230980.0,284752.0,584603.0,837231.0,0.0,0.0
Ratio Wealth Group,0.0,0.0,0.0,1584850.0,0.0,266316.0,1184660.0,1584850.0,1363653.0,756378.0,678525.0,750375.0,0.0,1200797.0,1195191.0,922411.0,1825759.0,0.0,0.0,0.0
Raub Brock Capital Management LP,0.0,234.0,333.0,321.0,341.0,510.0,536.0,536.0,630.0,350.0,280.0,337291.0,641094.0,791048.0,806472.0,918138.0,0.0,0.0,0.0,0.0
"Raymond James Financial Services Advisors, Inc.",81056.0,119857.0,166954.0,151048.0,153698.0,254812.0,269668.0,375978.0,353263.0,193569.0,157122.0,181860807.0,324352078.0,462765347.0,456651992.0,541301857.0,944954549.0,1251247198.0,1193155860.0,0.0
Realta Investment Advisors,0.0,0.0,0.0,0.0,0.0,0.0,0.0,0.0,0.0,0.0,0.0,0.0,0.0,0.0,0.0,11110655.0,10534395.0,20020021.0,15067547.0,16809967.0
"Reby Advisors, LLC",0.0,0.0,0.0,3.0,0.0,0.0,0.0,0.0,0.0,0.0,0.0,0.0,0.0,0.0,0.0,0.0,0.0,0.0,0.0,0.0
"Red Cedar Capital, LLC",0.0,0.0,0.0,0.0,0.0,0.0,0.0,0.0,0.0,0.0,15.0,18.0,0.0,0.0,0.0,0.0,0.0,0.0,0.0,0.0
"Red Door Wealth Management, LLC",79.0,105.0,0.0,1132.0,1449.0,2576.0,3094.0,4618.0,4890.0,2834.0,2341.0,3001656.0,5723073.0,9017997.0,9297271.0,10858018.0,20541273.0,28086993.0,25880360.0,30850105.0
"Red Mountain Financial, LLC",0.0,0.0,0.0,0.0,0.0,0.0,0.0,0.0,0.0,0.0,0.0,0.0,0.0,0.0,0.0,1547606.0,0.0,3345193.0,3049700.0,3101616.0
"Red Spruce Capital, LLC",660.0,951.0,1355.0,1109.0,1134.0,1677.0,1578.0,1649.0,1065.0,592.0,474.0,587337.0,1116358.0,1425577.0,1388488.0,1506459.0,1533341.0,2132300.0,870968.0,963128.0
Red Tortoise LLC,0.0,0.0,0.0,0.0,0.0,0.0,0.0,0.0,0.0,0.0,0.0,0.0,0.0,0.0,0.0,4457.0,2711.0,2471.0,2429.0,2686.0
Red Wave Investments LLC,0.0,0.0,0.0,440.0,435.0,653.0,675.0,954.0,896.0,495.0,386.0,398524.0,754701.0,1146807.0,1178823.0,2397855.0,3717968.0,4705396.0,4549507.0,4938649.0
"Rede Wealth, LLC",0.0,0.0,0.0,303.0,324.0,486.0,503.0,716.0,676.0,372.0,298.0,504475.0,958862.0,0.0,1277566.0,1456442.0,2657370.0,3628749.0,3589654.0,4071188.0
"Redhawk Wealth Advisors, Inc.",902.0,1493.0,2363.0,2859.0,3060.0,4669.0,2178.0,3174.0,2629.0,1507.0,1246.0,1577417.0,3205617.0,5072401.0,5138982.0,6925997.0,12430214.0,16447625.0,15232624.0,17038270.0
Redpoint Investment Management Pty Ltd,8679.0,12099.0,8135.0,0.0,8532.0,12658.0,12594.0,17632.0,16912.0,9721.0,6704.0,0.0,0.0,0.0,0.0,0.0,0.0,0.0,0.0,0.0
Redwood Financial Network Corp,0.0,0.0,0.0,0.0,0.0,0.0,0.0,0.0,445.0,247.0,0.0,327495.0,622487.0,990308.0,1061858.0,1231190.0,2190385.0,2998587.0,2858356.0,3220156.0
"Redwood Investment Management, LLC",0.0,320.0,472.0,445.0,1074.0,1959.0,833.0,2615.0,1011.0,707.0,1400.0,1869.0,2680.0,3254.0,7665.0,4563.0,12105.0,15707.0,2788.0,4108.0
"Redwood Investments, LLC",652.0,937.0,1335.0,1258.0,1284.0,1924.0,1949.0,2750.0,2551.0,1376.0,895.0,1054839.0,2004944.0,3053358.0,3139758.0,12197269.0,16303837.0,18559044.0,19614624.0,21596920.0
Redwood Park Advisors LLC,0.0,0.0,0.0,0.0,0.0,0.0,0.0,0.0,0.0,0.0,0.0,0.0,0.0,0.0,0.0,0.0,0.0,0.0,0.0,71847.0
"Redwood Wealth Management Group, LLC",0.0,0.0,0.0,0.0,0.0,0.0,0.0,0.0,0.0,0.0,0.0,383768.0,701657.0,1068564.0,1135782.0,1350991.0,2328537.0,0.0,3217531.0,3619133.0
Refined Wealth Management,0.0,0.0,0.0,0.0,0.0,0.0,0.0,0.0,225.0,0.0,0.0,0.0,0.0,290192.0,287963.0,327836.0,598157.0,694542.0,614729.0,679776.0
Regal Investment Advisors LLC,0.0,2928.0,0.0,3455.0,0.0,5174.0,5386.0,7855.0,7319.0,3895.0,2935.0,3519867.0,6559460.0,9135192.0,9066377.0,9865184.0,16646614.0,23081240.0,14577841.0,15803786.0
Regency Capital Management Inc.\DE,0.0,0.0,0.0,0.0,43.0,4.0,4.0,0.0,0.0,0.0,0.0,0.0,0.0,0.0,0.0,0.0,1349919.0,1795901.0,2228303.0,3447493.0
Regent Investment Management LLC,0.0,0.0,0.0,0.0,0.0,219.0,228.0,318.0,335.0,0.0,216.0,260.0,0.0,0.0,0.0,0.0,0.0,0.0,0.0,0.0
Regent Peak Wealth Advisors LLC,325.0,538.0,822.0,848.0,908.0,1323.0,1509.0,2165.0,2064.0,1182.0,1254.0,1276267.0,2332217.0,3420209.0,3725813.0,4290739.0,7217928.0,10219545.0,9898643.0,21978762.0
Regents Gate Capital LLP,0.0,0.0,0.0,0.0,0.0,0.0,0.0,0.0,0.0,0.0,0.0,0.0,0.0,0.0,0.0,0.0,0.0,0.0,0.0,19203470.0
Register Financial Advisors LLC,0.0,0.0,0.0,0.0,0.0,0.0,0.0,0.0,0.0,0.0,0.0,41824.0,123081.0,187443.0,162302.0,544767.0,1232729.0,1712042.0,1676018.0,1838639.0
Rehmann Capital Advisory Group,469786.0,686127.0,945111.0,974582.0,956989.0,1793304.0,1770961.0,2463737.0,2441087.0,1447692.0,1461233.0,1782171.0,3430828.0,8280069.0,4737257.0,5650732.0,10262302.0,14083087.0,14536747.0,15734363.0
Reitz Capital Advisors LLC,0.0,0.0,0.0,0.0,0.0,0.0,0.0,0.0,0.0,0.0,0.0,0.0,0.0,0.0,61372.0,0.0,0.0,0.0,0.0,0.0
"Relative Value Partners Group, LLC",0.0,0.0,0.0,0.0,0.0,0.0,0.0,0.0,0.0,0.0,0.0,0.0,0.0,259710.0,580274.0,695298.0,879847.0,45005178.0,0.0,0.0
"Reliant Investment Management, LLC",0.0,0.0,0.0,0.0,0.0,0.0,0.0,0.0,218.0,0.0,0.0,0.0,0.0,0.0,0.0,0.0,0.0,0.0,226364.0,245079.0
Reliant Wealth Planning,0.0,0.0,0.0,0.0,0.0,0.0,0.0,0.0,0.0,0.0,0.0,0.0,0.0,0.0,0.0,0.0,263840.0,353324.0,344647.0,365269.0
Relyea Zuckerberg Hanson LLC,0.0,0.0,0.0,0.0,0.0,0.0,313.0,426.0,472.0,406.0,240.0,493372.0,1074421.0,2059882.0,4425126.0,5153722.0,10118910.0,14865994.0,7564342.0,16479793.0
Rempart Asset Management Inc.,0.0,0.0,0.0,0.0,0.0,0.0,0.0,0.0,0.0,0.0,0.0,0.0,0.0,0.0,0.0,0.0,0.0,269317.0,0.0,0.0
Renaissance Investment Group LLC,0.0,0.0,0.0,0.0,0.0,0.0,0.0,0.0,0.0,0.0,0.0,0.0,0.0,0.0,0.0,0.0,0.0,10859254.0,10265175.0,11529173.0
Renasant Bank,0.0,0.0,0.0,81.0,77.0,0.0,0.0,0.0,0.0,0.0,0.0,0.0,0.0,0.0,0.0,0.0,0.0,0.0,0.0,0.0
"Rench Wealth Management, Inc.",0.0,0.0,0.0,0.0,0.0,0.0,339.0,636.0,5580.0,3633.0,3012.0,3554429.0,7350234.0,11364287.0,11406305.0,12664444.0,22175116.0,29856796.0,27335251.0,29308460.0
"Requisite Capital Management, LLC",0.0,0.0,0.0,0.0,278.0,0.0,0.0,601.0,0.0,0.0,0.0,0.0,0.0,0.0,0.0,0.0,0.0,632525.0,585387.0,593562.0
Resolute Advisors LLC,0.0,0.0,0.0,7.0,36.0,155.0,161.0,624.0,1255.0,701.0,561.0,675900.0,729151.0,1110435.0,1141859.0,1299965.0,2371869.0,3242960.0,2077175.0,2296953.0
Resolute Partners Group,0.0,0.0,0.0,7.0,0.0,0.0,0.0,0.0,0.0,0.0,0.0,0.0,0.0,0.0,0.0,0.0,0.0,0.0,0.0,0.0
"Resolute Wealth Strategies, LLC",0.0,0.0,0.0,0.0,0.0,0.0,0.0,0.0,0.0,0.0,0.0,0.0,1267045.0,1950881.0,1794806.0,2077120.0,6758159.0,9418183.0,9545287.0,9722425.0
"Resonant Capital Advisors, LLC",0.0,0.0,0.0,0.0,0.0,0.0,202.0,494.0,480.0,367.0,0.0,501552.0,940807.0,1426846.0,1912651.0,2024955.0,5285826.0,7941773.0,8283638.0,9257953.0
"Resonate Capital, LLC",0.0,0.0,0.0,0.0,0.0,0.0,0.0,0.0,0.0,0.0,0.0,0.0,337213.0,634530.0,0.0,0.0,0.0,0.0,0.0,0.0
"Resource Management, LLC",432.0,537.0,715.0,747.0,737.0,1550.0,1771.0,2394.0,0.0,0.0,0.0,0.0,0.0,0.0,0.0,0.0,0.0,0.0,0.0,0.0
"Resources Investment Advisors, LLC.",1883.0,3391.0,5424.0,6901.0,7415.0,8421.0,9546.0,14186.0,14416.0,4784.0,5332.0,7370968.0,11626691.0,0.0,0.0,0.0,0.0,0.0,0.0,0.0
Resurgent Financial Advisors LLC,0.0,0.0,0.0,0.0,0.0,0.0,0.0,285.0,920.0,529.0,463.0,493784.0,1192695.0,1290993.0,1229662.0,1731237.0,3259957.0,4501205.0,4321381.0,4586891.0
"Retirement Group, LLC",0.0,2053.0,6982.0,3381.0,3701.0,939.0,977.0,1388.0,1299.0,751.0,552.0,755.0,1443.0,2191643.0,2577064.0,2901239.0,4589552.0,0.0,0.0,0.0
"Retirement Income Solutions, Inc",0.0,0.0,0.0,0.0,0.0,0.0,0.0,0.0,0.0,0.0,0.0,0.0,223883.0,355337.0,429770.0,512057.0,910788.0,1095553.0,1021068.0,1196658.0
"Retirement Investment Advisors, Inc.",0.0,0.0,0.0,0.0,0.0,0.0,0.0,0.0,0.0,0.0,0.0,0.0,549985.0,837580.0,909999.0,518000.0,0.0,1305077.0,1282892.0,1416760.0
"Retirement Planning Co of New England, Inc.",0.0,0.0,0.0,0.0,0.0,0.0,0.0,1514.0,1637.0,1048.0,908.0,1150592.0,2064192.0,3001560.0,6271801.0,7073236.0,5269226.0,7106096.0,6985525.0,7640685.0
"Retirement Planning Group, LLC",0.0,0.0,0.0,0.0,0.0,0.0,0.0,0.0,0.0,0.0,0.0,0.0,0.0,0.0,234256.0,294424.0,568820.0,1375166.0,1490359.0,1935591.0
Retirement Solution Inc.,0.0,0.0,0.0,402.0,403.0,604.0,608.0,1082.0,1184.0,0.0,0.0,0.0,0.0,0.0,202292.0,258035.0,449113.0,0.0,0.0,0.0
Retirement Solution LLC,0.0,0.0,0.0,0.0,0.0,0.0,0.0,0.0,0.0,0.0,0.0,0.0,0.0,0.0,0.0,0.0,0.0,500486.0,308415.0,308504.0
Retirement Systems of Alabama,83701.0,99922.0,148121.0,142569.0,123472.0,182338.0,237193.0,369188.0,304136.0,183592.0,294420.0,172255218.0,307799159.0,398943394.0,421719325.0,473115360.0,863949737.0,1149451122.0,1084270968.0,1189246993.0
Retirement Wealth Solutions LLC,0.0,0.0,0.0,0.0,0.0,0.0,0.0,0.0,0.0,0.0,0.0,0.0,0.0,0.0,0.0,0.0,0.0,0.0,0.0,304590.0
Revisor Wealth Management LLC,0.0,0.0,0.0,0.0,0.0,0.0,0.0,0.0,0.0,0.0,0.0,0.0,966508.0,1438491.0,2099849.0,660215.0,1478962.0,1409344.0,2199886.0,958414.0
"Revolve Wealth Partners, LLC",0.0,0.0,0.0,0.0,0.0,0.0,0.0,1893.0,1691.0,933.0,753.0,970652.0,1893818.0,2975496.0,3084486.0,3481365.0,7002532.0,9538815.0,9132108.0,10094515.0
"Reyes Financial Architecture, Inc.",0.0,0.0,0.0,0.0,0.0,0.0,0.0,0.0,0.0,0.0,0.0,0.0,0.0,0.0,0.0,0.0,0.0,0.0,0.0,1460157.0
"Reynders McVeigh Capital Management, LLC",16959.0,24981.0,33739.0,32367.0,33318.0,50100.0,51218.0,69997.0,61262.0,33675.0,27447.0,32688.0,57370.0,77917.0,74269.0,76351.0,127905.0,166525.0,156518.0,168291.0
"Rezny Wealth Management, Inc.",0.0,0.0,0.0,0.0,0.0,0.0,0.0,0.0,0.0,0.0,0.0,0.0,0.0,0.0,0.0,0.0,0.0,0.0,1663251.0,1837764.0
Rheos Capital Works Inc.,3559.0,11549.0,13963.0,16345.0,16712.0,25043.0,25936.0,6206.0,11897.0,0.0,0.0,0.0,11972.0,0.0,18183.0,96964.0,145021.0,114892.0,38861.0,49083.0
"Rialto Wealth Management, LLC",0.0,0.0,0.0,0.0,0.0,0.0,0.0,0.0,0.0,0.0,0.0,0.0,0.0,0.0,0.0,0.0,0.0,0.0,0.0,3092404.0
"Rice Partnership, LLC",0.0,0.0,1905.0,3100.0,2425.0,3762.0,3820.0,5418.0,4247.0,2367.0,1778.0,1880073.0,4201240.0,7761100.0,8378298.0,10342621.0,16803419.0,23227509.0,22330520.0,23875030.0
Richard Bernstein Advisors LLC,0.0,6409.0,9130.0,8811.0,9007.0,13498.0,14794.0,21005.0,19839.0,10430.0,7670.0,9235902.0,17554785.0,24428982.0,23382452.0,25786601.0,46736641.0,63169831.0,63539836.0,65662438.0
"Richard C. Young & CO., LTD.",0.0,0.0,0.0,0.0,0.0,0.0,0.0,0.0,0.0,0.0,0.0,0.0,0.0,0.0,277623.0,0.0,0.0,12896259.0,12969987.0,14598112.0
Richard P Slaughter Associates Inc,0.0,0.0,221.0,201.0,205.0,308.0,319.0,452.0,420.0,233.0,0.0,233385.0,457209.0,696290.0,0.0,0.0,0.0,0.0,0.0,0.0
"Richard W. Paul & Associates, LLC",0.0,0.0,0.0,0.0,0.0,0.0,0.0,0.0,0.0,0.0,0.0,642475.0,1294777.0,1069538.0,1082842.0,1219903.0,1939363.0,2600473.0,2575699.0,2973015.0
Richardson Capital Management LLC,0.0,0.0,0.0,0.0,0.0,0.0,0.0,0.0,0.0,0.0,0.0,0.0,0.0,0.0,0.0,0.0,414734.0,586692.0,567125.0,8376879.0
Richelieu Gestion PLC,0.0,0.0,0.0,0.0,0.0,0.0,0.0,0.0,336.0,2322.0,2396.0,2901.0,2917.0,0.0,0.0,0.0,0.0,0.0,0.0,0.0
"Richmond Investment Services, LLC",0.0,0.0,0.0,0.0,0.0,0.0,0.0,0.0,0.0,0.0,0.0,0.0,0.0,0.0,0.0,0.0,0.0,0.0,0.0,2088055.0
Ridgepath Capital Management LLC,0.0,0.0,0.0,0.0,0.0,0.0,0.0,0.0,0.0,0.0,0.0,0.0,0.0,0.0,0.0,0.0,362328.0,495395.0,1877219.0,1040882.0
Ridgewood Investments LLC,292.0,422.0,600.0,600.0,282.0,0.0,0.0,0.0,0.0,0.0,0.0,239580.0,260826.0,405676.0,354082.0,373891.0,639720.0,936433.0,1137501.0,1117409.0
Riggs Asset Managment Co. Inc.,0.0,0.0,0.0,0.0,0.0,0.0,0.0,2320.0,2359.0,10.0,30.0,32887.0,949987.0,1454364.0,4209860.0,7898791.0,11642431.0,11804828.0,12525650.0,14203925.0
Riggs Capital Management LLC,0.0,0.0,0.0,0.0,0.0,0.0,0.0,0.0,0.0,0.0,0.0,0.0,0.0,0.0,0.0,0.0,0.0,0.0,0.0,1319160.0
"Ring Mountain Capital, LLC",0.0,0.0,0.0,0.0,0.0,0.0,0.0,0.0,0.0,0.0,0.0,0.0,0.0,0.0,0.0,0.0,0.0,0.0,0.0,10107899.0
Rinkey Investments,0.0,0.0,0.0,0.0,0.0,0.0,0.0,88.0,0.0,0.0,0.0,0.0,0.0,0.0,0.0,0.0,340642.0,519860.0,490253.0,771097.0
"Rise Advisors, LLC",0.0,0.0,0.0,0.0,0.0,0.0,0.0,121413.0,98.0,110.0,165.0,197555.0,375550.0,557974.0,487644.0,633951.0,2274480.0,3086554.0,2930700.0,3026482.0
Ritter Daniher Financial Advisory LLC / DE,0.0,0.0,0.0,0.0,0.0,0.0,0.0,0.0,0.0,77.0,64.0,78624.0,149443.0,224628.0,276224.0,290206.0,559317.0,907422.0,1005908.0,413911.0
River Street Advisors LLC,0.0,0.0,0.0,0.0,0.0,0.0,0.0,0.0,0.0,0.0,0.0,913236.0,1752188.0,2231452.0,2382898.0,2632120.0,4768087.0,6769376.0,6549625.0,7168669.0
River Wealth Advisors LLC,637.0,857.0,1226.0,1205.0,1220.0,1742.0,1789.0,2580.0,2682.0,1454.0,1063.0,1345644.0,3255484.0,6170210.0,8009525.0,10194665.0,19770766.0,27037312.0,26232841.0,28036992.0
"RiverFront Investment Group, LLC",0.0,0.0,0.0,0.0,0.0,0.0,0.0,0.0,0.0,0.0,0.0,0.0,0.0,0.0,0.0,201757.0,467608.0,69663361.0,74126455.0,97040216.0
"RiverPark Advisors, LLC",0.0,0.0,0.0,0.0,0.0,0.0,0.0,0.0,1295.0,2305.0,1747.0,750429.0,903864.0,1222951.0,1159248.0,1311343.0,2230890.0,2993868.0,3071946.0,3243372.0
"RiverTree Advisors, LLC",0.0,0.0,0.0,0.0,0.0,0.0,1020.0,934.0,0.0,0.0,0.0,0.0,0.0,0.0,0.0,0.0,0.0,0.0,0.0,0.0
"Riverbend Wealth Management, LLC",0.0,0.0,0.0,0.0,0.0,0.0,0.0,0.0,0.0,0.0,0.0,0.0,0.0,0.0,0.0,0.0,0.0,0.0,0.0,2364356.0
"Riverstone Advisors, LLC",0.0,0.0,0.0,0.0,0.0,0.0,0.0,0.0,0.0,0.0,0.0,0.0,962473.0,1042744.0,1341944.0,1703557.0,918017.0,1198091.0,1264312.0,2003340.0
"Riverview Capital Advisers, LLC",0.0,0.0,0.0,0.0,0.0,0.0,0.0,916469.0,850252.0,487525.0,404359.0,486803.0,925273.0,1420956.0,1461164.0,1779858.0,1440342.0,2322667.0,2352649.0,2606213.0
Riverview Trust Co,0.0,0.0,0.0,0.0,0.0,0.0,0.0,0.0,437.0,150.0,79.0,138.0,298325.0,582076.0,598546.0,743325.0,1580326.0,2234839.0,2214458.0,2412788.0
Riverwater Partners LLC,0.0,0.0,0.0,0.0,0.0,0.0,0.0,0.0,0.0,0.0,0.0,0.0,0.0,0.0,380181.0,467488.0,601771.0,737040.0,597578.0,690922.0
"Robbie L. Kennerson P.A., Inc.",0.0,0.0,0.0,0.0,0.0,0.0,0.0,0.0,0.0,0.0,0.0,2145342.0,0.0,0.0,0.0,0.0,0.0,0.0,0.0,0.0
Robbins Farley,0.0,0.0,0.0,0.0,0.0,0.0,0.0,0.0,0.0,0.0,1208.0,1477037.0,2782145.0,3584249.0,3692196.0,4254931.0,6039396.0,7716432.0,7896879.0,8641696.0
Robeco Schweiz AG,0.0,0.0,0.0,0.0,3054.0,4336.0,4765.0,14647.0,14681.0,8111.0,6506.0,0.0,0.0,0.0,0.0,0.0,0.0,0.0,0.0,0.0
"Roberts Capital Advisors, LLC",0.0,0.0,0.0,0.0,0.0,0.0,0.0,2014.0,1869.0,1038.0,831.0,0.0,0.0,0.0,0.0,0.0,5771941.0,5771941.0,7757587.0,8578445.0
"Roberts Wealth Advisors, LLC",0.0,0.0,0.0,0.0,0.0,0.0,0.0,229.0,203.0,0.0,0.0,0.0,592985.0,260157.0,317130.0,0.0,859150.0,1153520.0,1681860.0,1859130.0
"Robertson Stephens Wealth Management, LLC",0.0,0.0,0.0,248.0,346.0,1497.0,422.0,628.0,1349.0,1171.0,791.0,984866.0,2166112.0,3439670.0,3862278.0,4005841.0,7119175.0,13362703.0,14268576.0,15992529.0
"Roble, Belko & Company, Inc",0.0,0.0,2.0,2.0,2.0,3.0,3.0,5.0,28.0,18.0,17.0,21.0,24.0,0.0,0.0,0.0,2.0,8.0,8.0,13.0
Robocap Asset Management Ltd,0.0,0.0,0.0,0.0,0.0,0.0,0.0,0.0,0.0,0.0,0.0,0.0,4287935.0,5249678.0,5594841.0,7638769.0,12498945.0,14886941.0,29773882.0,13235085.0
"Rock Creek Group, LP",600.0,284.0,969.0,727.0,347.0,761.0,555.0,798.0,831.0,460.0,375.0,490884.0,1631899.0,1244102.0,862585.0,0.0,0.0,0.0,0.0,0.0
"Rock Point Advisors, LLC",0.0,0.0,0.0,0.0,0.0,0.0,0.0,0.0,0.0,0.0,0.0,0.0,0.0,0.0,0.0,0.0,229504.0,282907.0,217378.0,253808.0
"Rockbridge Investment Management, LCC",0.0,81.0,111.0,107.0,97.0,169.0,192.0,371.0,181642.0,2330848.0,0.0,0.0,0.0,203896.0,207491.0,230278.0,420156.0,608188.0,632339.0,697771.0
Rockingstone Advisors LLC,0.0,0.0,0.0,0.0,0.0,0.0,0.0,0.0,0.0,0.0,0.0,1540900.0,2870197.0,4359644.0,4496492.0,5114632.0,7697428.0,10455190.0,9169327.0,8678491.0
"Rockline Wealth Management, LLC",0.0,0.0,0.0,0.0,0.0,0.0,0.0,0.0,0.0,0.0,0.0,0.0,0.0,0.0,0.0,19228911.0,37415518.0,51078982.0,50967879.0,56020177.0
Rockport Wealth LLC,0.0,0.0,0.0,0.0,0.0,0.0,0.0,0.0,0.0,0.0,0.0,0.0,0.0,0.0,0.0,0.0,618939.0,15362942.0,16269924.0,282949.0
"Rockwood Wealth Management, LLC",0.0,0.0,0.0,0.0,0.0,0.0,0.0,317639.0,0.0,0.0,0.0,0.0,0.0,0.0,0.0,0.0,0.0,0.0,0.0,0.0
"Rodgers & Associates, LTD",0.0,0.0,0.0,240.0,238.0,356.0,369.0,524.0,471.0,278.0,210.0,228348.0,489577.0,728663.0,651414.0,733196.0,987181.0,1400383.0,1403295.0,1513913.0
Rodgers Brothers Inc.,0.0,0.0,0.0,0.0,0.0,0.0,0.0,267.0,248.0,0.0,0.0,0.0,254993.0,388332.0,399321.0,454612.0,809590.0,1067386.0,1049242.0,1025976.0
"Roger Wittlin Investment Advisory, LLC",0.0,0.0,0.0,0.0,0.0,0.0,0.0,0.0,0.0,0.0,0.0,0.0,0.0,0.0,0.0,0.0,223179.0,305144.0,299957.0,0.0
Rokos Capital Management LLP,0.0,0.0,0.0,0.0,0.0,161299.0,0.0,26381.0,113922.0,0.0,0.0,0.0,0.0,0.0,0.0,0.0,0.0,0.0,0.0,0.0
Rollins Financial,0.0,0.0,0.0,0.0,484.0,449.0,0.0,995.0,1117.0,606.0,331.0,416199.0,1102856.0,985802.0,1061093.0,2412049.0,0.0,0.0,0.0,0.0
"Rollins Financial Advisors, LLC",0.0,0.0,0.0,0.0,0.0,0.0,0.0,0.0,0.0,0.0,0.0,0.0,0.0,0.0,0.0,2412049.0,6898489.0,9142986.0,8618524.0,9327145.0
"Ronald Blue Trust, Inc.",0.0,0.0,0.0,0.0,0.0,0.0,0.0,0.0,0.0,1001.0,618.0,1065.0,313.0,748.0,971.0,0.0,0.0,0.0,0.0,0.0
"Root Financial Partners, LLC",0.0,0.0,0.0,0.0,0.0,0.0,0.0,0.0,0.0,0.0,0.0,0.0,0.0,0.0,259272.0,626976.0,2086352.0,2596383.0,3342948.0,5636504.0
"Rooted Wealth Advisors, Inc.",0.0,0.0,0.0,0.0,0.0,0.0,0.0,0.0,0.0,0.0,0.0,243.0,499.0,680.0,623.0,787.0,1294.0,1765.0,2143.0,2273.0
Ropes Wealth Advisors LLC,86.0,136.0,217.0,330.0,0.0,0.0,0.0,0.0,0.0,0.0,0.0,0.0,0.0,0.0,0.0,0.0,0.0,0.0,0.0,0.0
Rosenbaum Jay D.,0.0,0.0,0.0,516.0,538.0,836.0,838.0,1519.0,1436.0,792.0,554.0,696942.0,1456070.0,1924318.0,1571619.0,894367.0,465333.0,555930.0,293885.0,0.0
Rosenberg Matthew Hamilton,94.0,134.0,191.0,184.0,188.0,282.0,356.0,822.0,780.0,432.0,366.0,446898.0,610819.0,843084.0,866940.0,986979.0,1800935.0,2446970.0,2453452.0,2840502.0
Rosenblum Silverman Sutton S F Inc /CA,0.0,0.0,0.0,0.0,0.0,0.0,0.0,0.0,27954.0,0.0,0.0,0.0,0.0,0.0,0.0,0.0,0.0,0.0,0.0,0.0
"Rossby Financial, LCC",0.0,0.0,0.0,0.0,0.0,0.0,0.0,0.0,0.0,0.0,0.0,0.0,0.0,0.0,0.0,0.0,0.0,0.0,0.0,1685618.0
Rossmore Private Capital,0.0,0.0,0.0,0.0,267.0,894.0,905.0,1169.0,1148.0,683.0,550.0,284242.0,1083025.0,1355356.0,1394578.0,1647102.0,3014276.0,4302280.0,5624008.0,6360109.0
Roth Financial Partners LLC,0.0,0.0,0.0,261.0,267.0,400.0,414.0,588.0,546.0,324.0,259.0,312000.0,593039.0,0.0,0.0,420937.0,768026.0,1050090.0,2082330.0,1074320.0
"Rothschild Capital Partners, LLC",0.0,0.0,0.0,0.0,0.0,0.0,0.0,0.0,0.0,0.0,0.0,0.0,0.0,0.0,0.0,0.0,0.0,0.0,0.0,3014440.0
"Round Rock Advisors, LLC",0.0,0.0,0.0,0.0,0.0,0.0,0.0,265.0,301.0,0.0,0.0,217021.0,305554.0,425146.0,426304.0,526929.0,1217120.0,1797942.0,1804906.0,3330192.0
"Round Table Services, LLC",0.0,0.0,0.0,0.0,0.0,0.0,375.0,495.0,470.0,252.0,202.0,0.0,0.0,0.0,0.0,0.0,0.0,0.0,0.0,0.0
RoundAngle Advisors LLC,0.0,0.0,0.0,0.0,0.0,0.0,0.0,0.0,0.0,0.0,0.0,0.0,0.0,0.0,0.0,0.0,0.0,0.0,0.0,2307774.0
Roundview Capital LLC,1774.0,2955.0,3853.0,3676.0,3314.0,5508.0,6359.0,8892.0,17556.0,4774.0,3665.0,4412261.0,8423103.0,11594141.0,11109654.0,11793181.0,17790217.0,20828753.0,19490424.0,21903541.0
Rovida Advisors Inc.,0.0,0.0,0.0,0.0,0.0,0.0,55792.0,158526.0,0.0,0.0,0.0,0.0,0.0,0.0,0.0,0.0,0.0,0.0,0.0,0.0
Roxbury Financial LLC,0.0,0.0,0.0,0.0,0.0,0.0,0.0,0.0,0.0,0.0,0.0,0.0,0.0,0.0,0.0,0.0,0.0,0.0,0.0,1253454.0
Royal Bank of Canada,0.0,0.0,0.0,0.0,0.0,0.0,0.0,0.0,0.0,0.0,0.0,287705000.0,377809000.0,1186461000.0,562735000.0,1079074000.0,3175312000.0,5126678000.0,2821414000.0,4194673000.0
"Royal Capital Wealth Management, LLC",0.0,0.0,0.0,0.0,0.0,0.0,0.0,0.0,0.0,0.0,0.0,0.0,0.0,0.0,242289.0,927064.0,3584488.0,6075787.0,6569142.0,7240573.0
"Royal Fund Management, LLC",522.0,488.0,739.0,816.0,1062.0,1797.0,1961.0,2913.0,2664.0,2297.0,2112.0,2617742.0,2257761.0,3497606.0,4214270.0,3977183.0,7296378.0,15781993.0,40653500.0,19466294.0
"Royal Harbor Partners, LLC",0.0,0.0,0.0,0.0,0.0,0.0,0.0,0.0,0.0,0.0,0.0,0.0,0.0,0.0,0.0,1390578.0,3630504.0,3224394.0,3093320.0,3358593.0
"Ruedi Wealth Management, Inc.",0.0,0.0,0.0,0.0,0.0,0.0,0.0,0.0,0.0,0.0,0.0,7015.0,13334.0,20307.0,20885.0,23777.0,43385.0,160622.0,108101.0,119539.0
Ruggaard & Associates LLC,0.0,0.0,0.0,0.0,0.0,0.0,0.0,0.0,0.0,0.0,0.0,0.0,236938.0,239006.0,0.0,227801.0,365038.0,1799978.0,515513.0,422879.0
"Running Point Capital Advisors, LLC",0.0,0.0,0.0,0.0,0.0,0.0,247.0,359.0,281.0,0.0,0.0,238647.0,446932.0,688677.0,708164.0,798296.0,299982.0,411297.0,306889.0,422635.0
"Runnymede Capital Advisors, Inc.",0.0,0.0,0.0,0.0,0.0,0.0,0.0,0.0,0.0,0.0,0.0,0.0,0.0,0.0,0.0,0.0,0.0,0.0,0.0,5048007.0
Russell Clark Investment Management Ltd,0.0,0.0,0.0,992.0,1869.0,700.0,2900.0,0.0,0.0,0.0,0.0,0.0,0.0,0.0,0.0,0.0,0.0,0.0,0.0,0.0
"Russell Investments Group, Ltd.",1808.0,2410.0,2180.0,2265.0,2746.0,4186.0,3861.0,5209.0,7976.0,5595.0,2565.0,2707828.0,6624536.0,15645817.0,17657114.0,21465310.0,44520208.0,59418045.0,46884340.0,0.0
S&CO INC,0.0,0.0,0.0,0.0,0.0,0.0,0.0,0.0,0.0,0.0,0.0,0.0,0.0,0.0,0.0,1196.0,5310.0,7408.0,8089.0,10052.0
S&T Bank/PA,0.0,0.0,0.0,0.0,0.0,0.0,0.0,0.0,0.0,0.0,0.0,0.0,0.0,0.0,0.0,0.0,0.0,0.0,0.0,7923.0
S. R. Schill & Associates,498.0,644.0,785.0,389.0,475.0,771.0,550.0,716.0,794.0,216.0,315.0,367546.0,1141089.0,1558422.0,1508999.0,1394067.0,2054738.0,2328172.0,327397.0,0.0
S.A. Mason LLC,684.0,976.0,1390.0,1370.0,1428.0,2139.0,2216.0,3138.0,2937.0,1628.0,1298.0,1530086.0,2904085.0,2904085.0,3969284.0,4452523.0,8085055.0,11044476.0,11078971.0,11375840.0
"S.C. Financial Services, Inc.",0.0,0.0,0.0,0.0,0.0,0.0,0.0,618.0,632.0,339.0,274.0,0.0,0.0,0.0,0.0,0.0,0.0,0.0,0.0,0.0
S.E.E.D. Planning Group LLC,0.0,0.0,0.0,0.0,0.0,0.0,0.0,0.0,0.0,0.0,0.0,0.0,0.0,594749.0,0.0,0.0,0.0,235987.0,383655.0,336462.0
"SAGE ADVISORS, LLC",0.0,0.0,0.0,0.0,0.0,0.0,0.0,0.0,0.0,0.0,0.0,0.0,0.0,0.0,0.0,0.0,983085.0,1789285.0,1934328.0,2498308.0
SAGE FINANCIAL GROUP INC,0.0,0.0,0.0,0.0,0.0,0.0,0.0,0.0,0.0,0.0,0.0,0.0,0.0,0.0,0.0,0.0,251190.0,321204.0,286598.0,308195.0
SAGE RHINO CAPITAL LLC,0.0,225.0,314.0,308.0,364.0,575.0,535.0,769.0,709.0,392.0,292.0,369442.0,735535.0,1093084.0,1116184.0,1224679.0,2219143.0,3119014.0,3124773.0,3773146.0
"SAGESPRING WEALTH PARTNERS, LLC",0.0,0.0,0.0,0.0,0.0,0.0,0.0,0.0,0.0,0.0,0.0,0.0,0.0,0.0,0.0,0.0,0.0,0.0,0.0,29029383.0
SALEM INVESTMENT COUNSELORS INC,6687.0,10269.0,17446.0,17450.0,18455.0,28272.0,31803.0,46928.0,43754.0,26941.0,22887.0,27943827.0,53099274.0,77148163.0,71238645.0,80375086.0,148169188.0,190883129.0,192867978.0,202540939.0
SAN FRANCISCO SENTRY INVESTMENT GROUP (CA),0.0,0.0,0.0,12.0,12.0,18.0,0.0,0.0,0.0,0.0,0.0,0.0,0.0,0.0,0.0,0.0,0.0,0.0,0.0,0.0
SANDERS MORRIS HARRIS LLC,2090.0,609.0,2829.0,2702.0,5202.0,4118.0,4220.0,6004.0,5472.0,2789.0,8979.0,2784551.0,1114691.0,8441303.0,13687296.0,11905605.0,19053369.0,22974734.0,23682014.0,26381656.0
SANDLER CAPITAL MANAGEMENT,16633.0,15408.0,12750.0,7079.0,9134.0,4801.0,7170.0,0.0,0.0,0.0,0.0,16411522.0,10144994.0,16576462.0,14137610.0,8984776.0,5476477.0,0.0,2853840.0,1550109.0
"SANDS CAPITAL MANAGEMENT, LLC",0.0,0.0,0.0,0.0,0.0,0.0,0.0,0.0,0.0,221865.0,194165.0,223022.0,520055438.0,1293456409.0,1590204688.0,1533923646.0,2438167208.0,3102882650.0,2799826888.0,2959672772.0
SAPIENT CAPITAL LLC,0.0,0.0,0.0,0.0,0.0,0.0,0.0,0.0,0.0,0.0,0.0,0.0,0.0,0.0,0.0,69880656.0,71030887.0,98084620.0,96097076.0,108257319.0
"SARD WEALTH MANAGEMENT GROUP, LLC",0.0,0.0,0.0,0.0,0.0,0.0,0.0,0.0,0.0,0.0,0.0,0.0,0.0,0.0,0.0,0.0,0.0,795542.0,699440.0,778874.0
SATOVSKY ASSET MANAGEMENT LLC,0.0,0.0,0.0,0.0,0.0,0.0,0.0,222.0,206.0,0.0,0.0,0.0,209468.0,319033.0,328092.0,373550.0,511725.0,699716.0,726319.0,760722.0
SATURNA CAPITAL CORP,0.0,0.0,0.0,0.0,0.0,0.0,0.0,0.0,0.0,0.0,0.0,0.0,0.0,0.0,0.0,0.0,147580262.0,269197490.0,264090468.0,312294752.0
SAWGRASS ASSET MANAGEMENT LLC,0.0,0.0,0.0,0.0,0.0,0.0,0.0,0.0,0.0,0.0,0.0,0.0,0.0,403984.0,700334.0,900310.0,3029637.0,4658090.0,34047175.0,35363006.0
"SAX WEALTH ADVISORS, LLC",0.0,0.0,0.0,0.0,200.0,300.0,342.0,501.0,846.0,231.0,0.0,0.0,0.0,296537.0,628561.0,682413.0,1847780.0,4795017.0,5462321.0,6423904.0
"SAXON INTERESTS, INC.",0.0,0.0,0.0,0.0,0.0,0.0,0.0,505.0,1535.0,888.0,420.0,557612.0,1041958.0,1623225.0,0.0,1661558.0,3031628.0,4249322.0,4133614.0,4520994.0
"SC&H Financial Advisors, Inc.",0.0,0.0,0.0,0.0,0.0,0.0,0.0,297.0,275.0,0.0,0.0,0.0,0.0,232809.0,239397.0,272545.0,311144.0,375632.0,606419.0,681349.0
"SCGE MANAGEMENT, L.P.",0.0,0.0,0.0,0.0,0.0,0.0,0.0,0.0,0.0,0.0,0.0,0.0,0.0,153556260.0,157901370.0,179764860.0,485211720.0,561489300.0,356304960.0,394006860.0
SCHAPER BENZ & WISE INVESTMENT COUNSEL INC/WI,270.0,465.0,663.0,855.0,874.0,1270.0,1315.0,1904.0,1842.0,1155.0,925.0,3235732.0,2801771.0,2887958.0,2972287.0,3390772.0,8329920.0,10691153.0,9781993.0,10699691.0
"SCHARF INVESTMENTS, LLC",0.0,0.0,0.0,0.0,0.0,0.0,0.0,0.0,0.0,0.0,0.0,0.0,0.0,0.0,1511450.0,1784613.0,3595877.0,4919831.0,4970756.0,5766253.0
SCHMIDT P J INVESTMENT MANAGEMENT INC,0.0,0.0,202.0,362.0,828.0,1106.0,1456.0,1441.0,1305.0,1240.0,903.0,974647.0,1777931.0,2749086.0,2496671.0,3694231.0,5374210.0,7315323.0,6835883.0,7199745.0
SCHNIEDERS CAPITAL MANAGEMENT LLC,0.0,213.0,319.0,345.0,705.0,932.0,1035.0,1749.0,1791.0,576.0,393.0,442950.0,1195244.0,1942085.0,2221059.0,3370467.0,7244744.0,9813400.0,9967188.0,11386449.0
"SCHOLTZ & COMPANY, LLC",0.0,0.0,483.0,548.0,0.0,0.0,357.0,2286.0,4785.0,0.0,0.0,0.0,0.0,924.0,3283.0,7258.0,11769773.0,14279124.0,9821217.0,10939935.0
SCHRODER INVESTMENT MANAGEMENT GROUP,62474.0,143108.0,236642.0,450446.0,359034.0,369911.0,360389.0,532931.0,535800.0,317320.0,263428.0,381849062.0,695458026.0,1255413797.0,1378091818.0,1566701762.0,2836078767.0,3953830000.0,3812487966.0,4600385289.0
SCHRODERS IS Ltd,0.0,0.0,0.0,0.0,0.0,0.0,0.0,0.0,959.0,339.0,0.0,0.0,0.0,0.0,0.0,0.0,0.0,0.0,0.0,0.0
SCHWARTZ INVESTMENT COUNSEL INC,0.0,0.0,0.0,0.0,0.0,0.0,0.0,0.0,0.0,0.0,15174.0,18267500.0,22221600.0,33841600.0,35069764.0,30703640.0,56020720.0,76594800.0,75292800.0,83259800.0
SCHWARZ DYGOS WHEELER INVESTMENT ADVISORS LLC,0.0,0.0,0.0,0.0,0.0,0.0,0.0,284.0,295.0,0.0,0.0,0.0,413626.0,708203.0,588638.0,684480.0,1008642.0,1829072.0,1929601.0,2115095.0
SCRATCH CAPITAL LLC,0.0,0.0,0.0,0.0,0.0,0.0,0.0,0.0,0.0,0.0,0.0,0.0,0.0,0.0,0.0,0.0,0.0,0.0,0.0,2169097.0
SCS Capital Management LLC,0.0,0.0,0.0,0.0,0.0,0.0,0.0,0.0,0.0,0.0,0.0,0.0,0.0,0.0,0.0,0.0,0.0,0.0,9380633.0,10374853.0
SEAMOUNT FINANCIAL GROUP INC,0.0,0.0,0.0,0.0,0.0,0.0,0.0,0.0,0.0,0.0,0.0,0.0,0.0,0.0,0.0,334306.0,647912.0,1472976.0,649833.0,733635.0
SEARCY FINANCIAL SERVICES INC /ADV,0.0,0.0,0.0,0.0,0.0,0.0,0.0,6530.0,6782.0,0.0,0.0,0.0,0.0,242873.0,0.0,0.0,345169.0,541495.0,471439.0,521326.0
SEAVIEW INVESTMENT MANAGERS LLC,0.0,0.0,0.0,0.0,0.0,0.0,0.0,0.0,9.0,5.0,7.0,4678.0,155833.0,387492.0,479801.0,529390.0,972231.0,1115323.0,1109236.0,1232787.0
"SECURED RETIREMENT ADVISORS, LLC",0.0,0.0,0.0,0.0,0.0,0.0,0.0,0.0,0.0,0.0,0.0,0.0,0.0,0.0,0.0,634378.0,1165593.0,1853109.0,1553713.0,1697563.0
"SECURIAN ASSET MANAGEMENT, INC",0.0,0.0,0.0,0.0,0.0,0.0,44756.0,63446.0,58095.0,32117.0,25820.0,30762762.0,58006709.0,87824028.0,77102847.0,77468750.0,131452619.0,174738435.0,165229807.0,177045653.0
SECURITY ASSET MANAGEMENT,0.0,0.0,0.0,0.0,0.0,0.0,0.0,0.0,0.0,0.0,0.0,1025907.0,1177756.0,0.0,0.0,0.0,0.0,0.0,0.0,0.0
SECURITY NATIONAL TRUST CO,277.0,342.0,465.0,449.0,360.0,540.0,540.0,0.0,0.0,0.0,0.0,0.0,0.0,0.0,0.0,0.0,0.0,0.0,0.0,0.0
SEEDS INVESTOR LLC,0.0,0.0,0.0,0.0,0.0,0.0,0.0,0.0,0.0,0.0,0.0,0.0,0.0,0.0,0.0,501700.0,3498719.0,5335377.0,7373193.0,8474855.0
SEEYOND,0.0,2031.0,0.0,0.0,0.0,0.0,0.0,0.0,0.0,0.0,0.0,0.0,0.0,0.0,0.0,0.0,0.0,0.0,0.0,0.0
"SEGALL BRYANT & HAMILL, LLC",912.0,1288.0,1529.0,1491.0,1501.0,2233.0,4376.0,3671.0,3982.0,2701.0,2205.0,1847.0,3843.0,5409111.0,5222881.0,0.0,0.0,0.0,83496152.0,78410471.0
SEI INVESTMENTS CO,100357.0,223709.0,405795.0,202357.0,203104.0,282053.0,278253.0,380694.0,362401.0,192137.0,149432.0,184975223.0,461798561.0,714277706.0,680030858.0,723675804.0,1283297199.0,1688676212.0,1666210997.0,1912063265.0
SELDON CAPITAL LP,0.0,0.0,0.0,0.0,0.0,0.0,0.0,525.0,487.0,270.0,217.0,260714.0,991084.0,754668.0,776022.0,883472.0,1611951.0,2203954.0,2166490.0,2395734.0
SENTINEL PENSION ADVISORS INC,0.0,0.0,0.0,0.0,0.0,0.0,0.0,252.0,0.0,0.0,0.0,0.0,0.0,0.0,0.0,0.0,0.0,0.0,0.0,0.0
SENTINEL PENSION ADVISORS INC.,0.0,0.0,0.0,0.0,0.0,0.0,0.0,0.0,0.0,0.0,0.0,0.0,0.0,0.0,0.0,0.0,0.0,260716.0,261142.0,289345.0
SENTINEL TRUST CO LBA,0.0,0.0,0.0,0.0,0.0,0.0,0.0,1131.0,233.0,0.0,0.0,0.0,0.0,0.0,0.0,0.0,0.0,0.0,0.0,0.0
SENTRY INVESTMENT MANAGEMENT LLC,10332.0,13606.0,19377.0,20432.0,3393.0,4018.0,4038.0,5364.0,5477.0,2620.0,2152.0,2261.0,3997.0,6378.0,6241.0,7058.0,12931.0,13898.0,13034.0,12702.0
"SEVEN EIGHT CAPITAL, LP",0.0,0.0,0.0,0.0,0.0,0.0,2577.0,0.0,4611.0,0.0,0.0,0.0,530541.0,2606649.0,3660006.0,0.0,0.0,0.0,0.0,0.0
SEVEN MILE ADVISORY,0.0,0.0,0.0,0.0,0.0,0.0,0.0,0.0,0.0,0.0,0.0,0.0,0.0,4504317.0,4721381.0,5558845.0,10291548.0,14166826.0,13879257.0,15580594.0
SFE Investment Counsel,4328.0,4325.0,5321.0,5317.0,5500.0,7651.0,8547.0,10227.0,8189.0,5103.0,4448.0,6225246.0,9014339.0,11633647.0,10439945.0,11016381.0,15235314.0,18958367.0,17790030.0,18497429.0
"SFG Wealth Management, LLC.",0.0,0.0,0.0,0.0,0.0,0.0,0.0,0.0,0.0,0.0,0.0,0.0,0.0,0.0,0.0,0.0,0.0,217588.0,307885.0,2148827.0
"SFMG, LLC",573.0,598.0,1142.0,2105.0,2351.0,3427.0,3676.0,5342.0,5388.0,2848.0,1976.0,1902760.0,3929525.0,5844740.0,6191655.0,7293472.0,13227162.0,18159051.0,17693538.0,19533929.0
"SG Americas Securities, LLC",80208.0,95984.0,155686.0,174757.0,77851.0,28809.0,68417.0,280470.0,283423.0,91916.0,110957.0,63190.0,160964.0,238841.0,296645.0,141049.0,475688.0,294010.0,176261.0,194429.0
"SG3 Management, LLC",0.0,0.0,0.0,1044.0,8276.0,10601.0,26931.0,83763.0,28595.0,4548.0,9465737.0,0.0,0.0,0.0,0.0,0.0,0.0,0.0,0.0,0.0
"SGL Investment Advisors, Inc.",0.0,0.0,0.0,0.0,0.0,0.0,0.0,0.0,0.0,0.0,0.0,0.0,0.0,0.0,0.0,0.0,0.0,0.0,753466.0,706582.0
SHAKER INVESTMENTS LLC/OH,0.0,0.0,0.0,0.0,0.0,0.0,0.0,0.0,0.0,0.0,0.0,0.0,0.0,0.0,413241.0,2307230.0,4201554.0,7667881.0,8130287.0,10961958.0
"SHAKESPEARE WEALTH MANAGEMENT, INC.",0.0,0.0,0.0,0.0,0.0,0.0,0.0,0.0,249.0,0.0,0.0,0.0,241863.0,518086.0,428361.0,586723.0,0.0,0.0,0.0,0.0
"SHARIAPORTFOLIO, INC.",0.0,0.0,0.0,0.0,0.0,0.0,0.0,0.0,0.0,0.0,0.0,0.0,0.0,0.0,1514.0,2812.0,4576348.0,5247969.0,0.0,5131883.0
SHARPEPOINT LLC,0.0,0.0,0.0,0.0,0.0,0.0,0.0,0.0,0.0,0.0,0.0,0.0,0.0,0.0,0.0,0.0,0.0,0.0,0.0,4731399.0
"SHAYNE & JACOBS, LLC",0.0,0.0,0.0,0.0,0.0,0.0,0.0,0.0,0.0,0.0,0.0,0.0,0.0,0.0,0.0,0.0,0.0,37062.0,18216.0,20144.0
SHEETS SMITH WEALTH MANAGEMENT,0.0,0.0,700.0,926.0,1096.0,2244.0,2497.0,3593.0,3021.0,1559.0,1277.0,938692.0,3662288.0,3640734.0,3759340.0,4069898.0,8624812.0,11112891.0,10210695.0,11095603.0
SHELL ASSET MANAGEMENT CO,21426.0,28674.0,39739.0,37939.0,46897.0,70562.0,71871.0,98321.0,84796.0,42155.0,20236.0,21372.0,40526.0,62962.0,65191.0,60516.0,255783.0,0.0,128218.0,137741.0
SHELTON CAPITAL MANAGEMENT,13936.0,20012.0,28509.0,27584.0,31593.0,50558.0,52050.0,64234.0,60281.0,36444.0,30035.0,4085858.0,68359824.0,106611724.0,72200187.0,86865550.0,150602670.0,217180273.0,222655783.0,272834951.0
"SHELTON WEALTH MANAGEMENT, LLC",0.0,0.0,0.0,0.0,0.0,0.0,0.0,831.0,827.0,514.0,412.0,580982.0,845158.0,886953.0,778091.0,1269144.0,2265950.0,2045606.0,2421787.0,2671659.0
"SHEPHERD KAPLAN KROCHUK, LLC",0.0,0.0,0.0,0.0,0.0,0.0,0.0,271.0,0.0,0.0,0.0,0.0,0.0,0.0,0.0,0.0,0.0,0.0,0.0,326459.0
SHEPHERD WEALTH MANAGEMENT Ltd LIABILITY Co,0.0,0.0,0.0,0.0,0.0,0.0,0.0,0.0,0.0,0.0,0.0,0.0,0.0,0.0,0.0,0.0,0.0,0.0,0.0,6861702.0
SHERBROOKE PARK ADVISERS LLC,0.0,0.0,0.0,0.0,0.0,0.0,0.0,0.0,0.0,0.0,0.0,0.0,0.0,0.0,1944405.0,753230.0,1054455.0,252763.0,1216950.0,870199.0
SHINE INVESTMENT ADVISORY SERVICES INC,342.0,487.0,600.0,0.0,0.0,0.0,0.0,0.0,0.0,0.0,0.0,0.0,0.0,0.0,0.0,0.0,0.0,0.0,0.0,0.0
SHUFRO ROSE & CO LLC,339.0,488.0,790.0,240.0,246.0,373.0,272.0,386.0,497.0,273.0,223.0,269044.0,376934.0,404831.0,416286.0,416286.0,2521955.0,4183229.0,4183229.0,22134936.0
SIENA CAPITAL LLC,0.0,0.0,0.0,0.0,0.0,0.0,0.0,824.0,764.0,424.0,340.0,0.0,0.0,0.0,0.0,0.0,0.0,0.0,0.0,0.0
"SIERRA OCEAN, LLC",0.0,0.0,0.0,0.0,0.0,0.0,0.0,0.0,0.0,0.0,0.0,0.0,0.0,0.0,0.0,0.0,0.0,0.0,0.0,2059171.0
SIERRA SUMMIT ADVISORS LLC,0.0,0.0,0.0,0.0,0.0,0.0,0.0,0.0,0.0,0.0,0.0,0.0,0.0,0.0,0.0,10518473.0,19750015.0,23292356.0,25087580.0,29235605.0
"SIG BROKERAGE, LP",0.0,0.0,0.0,0.0,0.0,0.0,0.0,0.0,0.0,0.0,0.0,0.0,0.0,0.0,0.0,0.0,0.0,0.0,0.0,101992986.0
SIGMA INVESTMENT COUNSELORS INC,1619.0,2514.0,1695.0,3178.0,3345.0,4960.0,5197.0,7072.0,6693.0,3829.0,3171.0,3801244.0,7179803.0,10523901.0,11067596.0,12416820.0,20272582.0,23941922.0,23129760.0,25101471.0
SIGNATURE ESTATE & INVESTMENT ADVISORS LLC,0.0,0.0,0.0,70.0,61.0,30.0,61.0,111.0,135.0,79.0,53.0,64.0,58.0,173.0,166.0,460.0,842139.0,5672689.0,6082667.0,7101228.0
"SIGNATUREFD, LLC",1690.0,2804.0,4149.0,3991.0,4516.0,7921.0,8542.0,13841.0,13270.0,7815.0,4884.0,7160614.0,14551596.0,23151150.0,23980565.0,27685584.0,51418229.0,96981563.0,106236037.0,117549839.0
"SIGNET FINANCIAL MANAGEMENT, LLC",0.0,0.0,0.0,245.0,273.0,381.0,434.0,659.0,624.0,0.0,0.0,212651.0,329157.0,537658.0,456305.0,518495.0,1670682.0,2252505.0,2270199.0,3188313.0
"SILVER OAK SECURITIES, INCORPORATED",0.0,0.0,0.0,0.0,0.0,0.0,0.0,0.0,0.0,1720.0,1139360.0,1578.0,3258.0,4561.0,1147102.0,4725580.0,0.0,0.0,12484687.0,15828877.0
"SILVER OAK SECURITIES, Inc",0.0,0.0,0.0,0.0,0.0,0.0,0.0,0.0,2192.0,0.0,0.0,0.0,0.0,0.0,0.0,0.0,5677127.0,8683153.0,0.0,0.0
SILVERCREST ASSET MANAGEMENT GROUP LLC,623.0,898.0,1889.0,2073.0,1475.0,2184.0,2112.0,3325.0,3186.0,2795.0,2558.0,3288150.0,5829005.0,12690603.0,9527590.0,11969969.0,22837492.0,121555752.0,33511084.0,43402333.0
SILVERLAKE WEALTH MANAGEMENT LLC,0.0,0.0,0.0,0.0,0.0,0.0,0.0,260287.0,223745.0,0.0,0.0,0.0,0.0,251306.0,365427.0,236715.0,375881.0,1000923.0,937164.0,1067627.0
"SILVIA MCCOLL WEALTH MANAGEMENT, LLC",0.0,0.0,0.0,0.0,0.0,0.0,0.0,0.0,0.0,0.0,0.0,0.0,0.0,284692.0,292748.0,349131.0,648444.0,932982.0,1143001.0,1270667.0
SIMMONS BANK,0.0,0.0,0.0,0.0,0.0,0.0,0.0,0.0,0.0,0.0,0.0,0.0,0.0,0.0,0.0,18560855.0,0.0,0.0,0.0,0.0
"SIMON QUICK ADVISORS, LLC",12.0,24.0,25.0,57.0,58.0,87.0,111.0,115.0,370.0,0.0,0.0,312931.0,1505092.0,2084853.0,2963842.0,3541145.0,8996459.0,12217180.0,15007779.0,18484859.0
"SIMPLEX TRADING, LLC",454128.0,470813.0,1082350.0,738856.0,0.0,1759564.0,1838409.0,3707407.0,2027114.0,1091214.0,1098841.0,1247262.0,2524678.0,5039873.0,4759804.0,6094458.0,12563681.0,11739240.0,9925995.0,9901962.0
SIT INVESTMENT ASSOCIATES INC,3333.0,5541.0,9593.0,9603.0,11506.0,16772.0,17613.0,32932.0,29357.0,13250.0,10549.0,13493.0,24525.0,36593.0,42903.0,47454.0,86123.0,112870.0,121682.0,120080.0
"SITTNER & NELSON, LLC",0.0,0.0,0.0,574.0,587.0,880.0,922.0,1337.0,1240.0,717.0,647.0,767424.0,1390342.0,2085669.0,2025077.0,2240914.0,4001954.0,5443309.0,5466998.0,5993952.0
SJS Investment Consulting Inc.,0.0,0.0,0.0,0.0,0.0,0.0,0.0,1900.0,1913.0,0.0,505.0,543524.0,1762467.0,2075405.0,2257756.0,2700184.0,5499219.0,6053368.0,5818465.0,6089702.0
"SK Wealth Management, LLC",0.0,0.0,0.0,0.0,0.0,0.0,0.0,0.0,0.0,0.0,0.0,0.0,0.0,0.0,0.0,0.0,0.0,0.0,1717419.0,0.0
SLT Holdings LLC,0.0,0.0,0.0,0.0,0.0,0.0,0.0,0.0,0.0,0.0,0.0,0.0,0.0,0.0,0.0,0.0,0.0,0.0,0.0,11563980.0
SMART Wealth LLC,0.0,0.0,0.0,0.0,0.0,0.0,0.0,0.0,0.0,0.0,0.0,0.0,0.0,255504.0,0.0,464021.0,1180953.0,1840005.0,2254412.0,9710646.0
"SMI Advisory Services, LLC",0.0,0.0,0.0,0.0,0.0,0.0,0.0,0.0,0.0,0.0,0.0,0.0,0.0,0.0,233459.0,264791.0,0.0,562307.0,550398.0,587012.0
SMITH CHAS P & ASSOCIATES PA CPAS,0.0,0.0,0.0,0.0,0.0,0.0,0.0,234.0,254.0,0.0,0.0,0.0,266.0,806.0,619.0,695.0,1350823.0,2078638.0,2354968.0,2602817.0
SMITH SHELLNUT WILSON LLC /ADV,0.0,0.0,0.0,0.0,0.0,0.0,205.0,291.0,270.0,0.0,0.0,0.0,274437.0,417944.0,473269.0,563560.0,1082465.0,1585018.0,1557104.0,0.0
"SMITH, MOORE & CO.",221.0,307.0,626.0,594.0,645.0,956.0,1106.0,1344.0,1283.0,708.0,634.0,933417.0,1906382.0,3189162.0,6567333.0,3924681.0,6480462.0,9894748.0,10039624.0,12141586.0
SMITHBRIDGE ASSET MANAGEMENT INC/DE,526.0,1145.0,1528.0,1646.0,1790.0,2707.0,2778.0,3815.0,3403.0,1947.0,1688.0,1996.0,3807.0,7688.0,5709.0,6381.0,14251852.0,18571892.0,18194141.0,0.0
SMITHFIELD TRUST CO,100.0,382.0,546.0,526.0,538.0,751.0,0.0,0.0,0.0,0.0,0.0,0.0,0.0,0.0,0.0,0.0,0.0,0.0,0.0,0.0
"SNS Financial Group, LLC",0.0,0.0,0.0,0.0,0.0,215.0,236.0,335.0,229.0,0.0,0.0,0.0,0.0,145942.0,239245.0,274848.0,543944.0,1185986.0,952777.0,740883.0
"SOA Wealth Advisors, LLC.",0.0,0.0,0.0,3083.0,3022.0,5256.0,5813.0,8401.0,7854.0,4599.0,3753.0,4480922.0,8463487.0,5535257.0,4530713.0,10371784.0,9578580.0,14859946.0,29299614.0,32299842.0
SOFTBANK GROUP CORP,0.0,180899.0,142237.0,0.0,140321.0,420546.0,435546.0,618356.0,573678.0,159356.0,127609.0,0.0,0.0,0.0,0.0,0.0,0.0,0.0,0.0,0.0
SOFTBANK GROUP CORP.,0.0,0.0,0.0,0.0,0.0,0.0,0.0,0.0,0.0,0.0,0.0,153627044.0,292000713.0,444692161.0,914550816.0,520591111.0,949851186.0,2597384026.0,1276616141.0,1411699453.0
SOL Capital Management CO,0.0,0.0,0.0,0.0,0.0,0.0,0.0,0.0,0.0,0.0,0.0,0.0,0.0,0.0,0.0,0.0,0.0,237.0,297.0,325.0
SOMERVILLE KURT F,409.0,563.0,767.0,2630.0,2652.0,3874.0,3764.0,4764.0,4981.0,3321.0,2093.0,1534762.0,4169328.0,6214164.0,6308225.0,6555227.0,11577314.0,15260278.0,14294945.0,14690520.0
SONA ASSET MANAGEMENT (US) LLC,0.0,0.0,0.0,0.0,0.0,0.0,0.0,0.0,0.0,0.0,0.0,0.0,0.0,0.0,0.0,0.0,0.0,37123770.0,12144000.0,0.0
SONATA CAPITAL GROUP INC,0.0,0.0,0.0,0.0,0.0,0.0,0.0,0.0,0.0,0.0,0.0,0.0,0.0,0.0,209.0,213.0,682.0,1179.0,839.0,942.0
"SONORA INVESTMENT MANAGEMENT, LLC",333.0,484.0,565.0,688.0,684.0,1026.0,1382.0,0.0,0.0,0.0,0.0,0.0,0.0,0.0,0.0,0.0,0.0,0.0,0.0,0.0
SORA INVESTORS LLC,0.0,0.0,0.0,0.0,0.0,0.0,0.0,17058.0,0.0,0.0,0.0,13883300.0,12499650.0,8460400.0,21749500.0,19808800.0,0.0,0.0,18216000.0,17841232.0
SOROS CAPITAL MANAGEMENT LLC,0.0,0.0,0.0,5013.0,0.0,3148.0,0.0,0.0,0.0,0.0,0.0,0.0,0.0,0.0,15061529.0,0.0,19607252.0,0.0,0.0,27757743.0
SOROS FUND MANAGEMENT LLC,0.0,0.0,0.0,0.0,0.0,0.0,0.0,0.0,0.0,0.0,0.0,0.0,0.0,4230200.0,0.0,0.0,0.0,0.0,0.0,0.0
"SOUNDMARK WEALTH MANAGEMENT, LLC",0.0,0.0,0.0,0.0,0.0,0.0,0.0,0.0,203.0,0.0,0.0,0.0,0.0,303814.0,0.0,0.0,0.0,0.0,0.0,0.0
"SOUTHERN CAPITAL ADVISORS, LLC",0.0,0.0,0.0,0.0,0.0,0.0,0.0,0.0,0.0,0.0,0.0,0.0,0.0,0.0,1266327.0,1850802.0,509607.0,596699.0,551945.0,639223.0
"SOUTHPORT MANAGEMENT, L.L.C.",0.0,0.0,0.0,0.0,0.0,0.0,0.0,0.0,0.0,0.0,0.0,0.0,0.0,0.0,0.0,0.0,903560.0,1235400.0,1214400.0,1342900.0
SP Asset Management,0.0,0.0,235.0,225.0,2148.0,2339.0,2940.0,3056.0,3451.0,1678.0,1337.0,0.0,0.0,0.0,0.0,0.0,0.0,0.0,0.0,0.0
SP Asset Management LLC,0.0,0.0,0.0,0.0,0.0,0.0,0.0,0.0,0.0,0.0,0.0,1702493.0,3416957.0,4811638.0,5124002.0,5833945.0,8894535.0,12910685.0,12429641.0,13686594.0
"SPC Financial, Inc.",0.0,0.0,0.0,0.0,0.0,0.0,0.0,204.0,0.0,0.0,0.0,0.0,359434.0,512277.0,570272.0,769572.0,884585.0,2431268.0,3254228.0,4080411.0
SPINNAKER TRUST,641.0,925.0,1317.0,1532.0,1567.0,2351.0,2435.0,3633.0,3431.0,1893.0,1504.0,1723.0,3347684.0,4661257.0,4787065.0,5406812.0,8050720.0,9440927.0,9144432.0,10095922.0
"SPIREPOINT PRIVATE CLIENT, LLC",0.0,0.0,0.0,0.0,0.0,0.0,0.0,0.0,0.0,0.0,0.0,0.0,0.0,0.0,0.0,0.0,12933561.0,17635343.0,17249717.0,18596917.0
SPIRIT OF AMERICA MANAGEMENT CORP/NY,2904.0,4547.0,6478.0,6250.0,6444.0,9575.0,9918.0,14080.0,12599.0,6635.0,5350.0,6341307.0,9941944.0,15056128.0,15090673.0,15050726.0,25676465.0,31177790.0,26986397.0,27256841.0
"SPRENG CAPITAL MANAGEMENT, INC.",534.0,466.0,664.0,636.0,650.0,1012.0,1050.0,0.0,0.0,0.0,0.0,454349.0,897753.0,1374000.0,1395013.0,2042783.0,4456358.0,5743375.0,4536270.0,4735871.0
"SPRING CAPITAL MANAGEMENT, LLC",0.0,0.0,0.0,0.0,0.0,0.0,0.0,0.0,0.0,0.0,0.0,0.0,0.0,0.0,0.0,0.0,0.0,0.0,0.0,2730116.0
SPX Gestao de Recursos Ltda,0.0,0.0,0.0,0.0,0.0,0.0,0.0,0.0,0.0,0.0,0.0,0.0,0.0,0.0,0.0,10426857.0,10674658.0,15262132.0,15551971.0,0.0
"SRH ADVISORS, LLC",0.0,0.0,0.0,0.0,0.0,0.0,0.0,0.0,0.0,0.0,0.0,0.0,0.0,0.0,0.0,0.0,0.0,0.0,0.0,788282.0
"SRN Advisors, LLC",0.0,0.0,0.0,4110414.0,5596654.0,7453731.0,5614450.0,4524000.0,3463139.0,2093003.0,1021497.0,1466515.0,1438977.0,1015248.0,1024836.0,1346008.0,1578519.0,3053415.0,2322176.0,2500211.0
"SRS Capital Advisors, Inc.",80.0,127.0,262.0,256.0,0.0,422.0,468.0,639.0,599.0,343.0,245.0,291010.0,633668.0,901575.0,1044674.0,1107190.0,2071718.0,5652631.0,6055177.0,12221386.0
"SRS Investment Management, LLC",0.0,0.0,0.0,0.0,0.0,0.0,0.0,0.0,0.0,0.0,0.0,0.0,0.0,0.0,0.0,111608722.0,153351300.0,209670853.0,65606138.0,72548158.0
"SS&H Financial Advisors, Inc.",0.0,0.0,0.0,0.0,0.0,0.0,0.0,0.0,2599.0,1448.0,1147.0,1927272.0,3640176.0,0.0,5550.0,7231.0,12877.0,18188.0,17766.0,18935.0
SSI INVESTMENT MANAGEMENT LLC,421.0,600.0,700.0,675.0,690.0,1028.0,1064.0,1507.0,1386.0,759.0,610.0,732746.0,1130803.0,1463648.0,1487666.0,1687710.0,2937474.0,4013197.0,3943157.0,4357441.0
ST GERMAIN D J CO INC,0.0,0.0,0.0,0.0,0.0,0.0,220.0,270.0,251.0,251.0,0.0,52903.0,0.0,393832.0,678149.0,917643.0,1711343.0,2263253.0,2246761.0,2518878.0
"ST. NICHOLAS PRIVATE ASSET MANAGEMENT, INC",0.0,0.0,0.0,0.0,0.0,0.0,0.0,0.0,0.0,0.0,0.0,0.0,0.0,0.0,0.0,0.0,0.0,0.0,0.0,4900914.0
"STA Wealth Management, LLC",0.0,0.0,732.0,404.0,0.0,0.0,0.0,0.0,0.0,0.0,0.0,0.0,0.0,0.0,0.0,0.0,0.0,0.0,0.0,0.0
STABLEFORD CAPITAL II LLC,0.0,0.0,0.0,650.0,674.0,754.0,757.0,682.0,729.0,1878.0,600.0,833598.0,0.0,829533.0,0.0,0.0,0.0,241526.0,208536.0,0.0
"STAGE HARBOR FINANCIAL, LLC",0.0,0.0,0.0,0.0,0.0,0.0,0.0,0.0,0.0,0.0,0.0,0.0,0.0,0.0,0.0,520476.0,792422.0,1027235.0,1067616.0,1025707.0
STALEY CAPITAL ADVISERS INC,1727.0,4980.0,3547.0,3383.0,3459.0,10368.0,5368.0,7622.0,7071.0,3928.0,6304.0,3823.0,7267.0,11082295.0,11409403.0,12989199.0,24458612.0,27511530.0,27186201.0,30060920.0
"STANSBERRY ASSET MANAGEMENT, LLC",0.0,0.0,0.0,0.0,0.0,0.0,0.0,0.0,0.0,0.0,0.0,0.0,0.0,0.0,790377.0,2631104.0,5036443.0,7281077.0,7774832.0,9012067.0
STAR Financial Bank,0.0,0.0,0.0,0.0,0.0,0.0,0.0,0.0,0.0,0.0,0.0,0.0,316658.0,245352.0,252294.0,489773.0,932474.0,1268756.0,933266.0,1038733.0
STATE BOARD OF ADMINISTRATION OF FLORIDA RETIREMENT SYSTEM,206044.0,304092.0,432599.0,412577.0,408035.0,595272.0,599658.0,844765.0,771411.0,411795.0,327973.0,390717846.0,726428993.0,1066699500.0,1093771045.0,1237773172.0,725703290.0,2947734695.0,2744110338.0,3049498816.0
STATE OF MICHIGAN RETIREMENT SYSTEM,177905.0,59673.0,85226.0,204358.0,224860.0,168638.0,174529.0,246848.0,241346.0,148835.0,107297.0,117336683.0,222717653.0,383554772.0,395234524.0,448177071.0,818179001.0,1093435244.0,1058308310.0,1136034312.0
STATE OF WISCONSIN INVESTMENT BOARD,134064.0,188439.0,257107.0,223902.0,234248.0,336634.0,371235.0,590057.0,532404.0,284438.0,191039.0,201737940.0,386924166.0,583355155.0,623812199.0,796788676.0,1388708330.0,1912875200.0,1833786990.0,1887538342.0
STEADFAST CAPITAL MANAGEMENT LP,0.0,0.0,0.0,0.0,0.0,0.0,0.0,0.0,0.0,0.0,0.0,0.0,0.0,12267580.0,35321188.0,84967372.0,116075835.0,89943297.0,100679832.0,104752915.0
"STEEL GROVE CAPITAL ADVISORS, LLC",0.0,0.0,0.0,0.0,0.0,0.0,0.0,0.0,0.0,0.0,0.0,0.0,0.0,0.0,0.0,11078110.0,33327882.0,44691068.0,41339472.0,45545247.0
STEINBERG ASSET MANAGEMENT LLC,0.0,0.0,0.0,0.0,0.0,0.0,0.0,235.0,218.0,0.0,0.0,0.0,0.0,0.0,0.0,0.0,0.0,0.0,0.0,0.0
STEPH & CO,0.0,0.0,0.0,0.0,0.0,0.0,0.0,0.0,0.0,0.0,0.0,0.0,0.0,0.0,0.0,0.0,178905.0,279200.0,312222.0,249645.0
"STEPHEN J. GARRY & ASSOCIATES, LLC",0.0,0.0,0.0,0.0,0.0,0.0,0.0,0.0,0.0,0.0,0.0,0.0,0.0,0.0,0.0,0.0,272875.0,393351.0,387636.0,449200.0
STERLING INVESTMENT ADVISORS LLC /ADV,0.0,0.0,0.0,0.0,0.0,0.0,0.0,264.0,245.0,0.0,0.0,0.0,249187.0,297461.0,305908.0,348293.0,447560.0,385024.0,373743.0,416681.0
"STERLING INVESTMENT MANAGEMENT, LLC",0.0,0.0,0.0,0.0,0.0,0.0,0.0,0.0,0.0,0.0,0.0,0.0,0.0,0.0,0.0,316941.0,244865.0,348629.0,342703.0,352111.0
STEVENS CAPITAL MANAGEMENT LP,0.0,6455.0,396.0,3338.0,0.0,423.0,0.0,543.0,2117.0,0.0,1312.0,1040.0,16940.0,6662.0,0.0,848.0,801.0,0.0,33551.0,3389.0
STEVENS CAPITAL PARTNERS,0.0,0.0,0.0,0.0,0.0,0.0,0.0,0.0,0.0,0.0,0.0,0.0,0.0,0.0,0.0,0.0,301738.0,314735.0,595497.0,678095.0
"STEWARD PARTNERS INVESTMENT SOLUTIONS, LLC",0.0,0.0,0.0,0.0,0.0,0.0,0.0,0.0,0.0,0.0,0.0,0.0,0.0,0.0,0.0,1823400.0,14887958.0,0.0,0.0,0.0
STF Management LP,0.0,0.0,0.0,0.0,0.0,0.0,0.0,0.0,0.0,0.0,0.0,2386612.0,7640897.0,6419752.0,8196082.0,8012164.0,14512077.0,18808347.0,16514018.0,18664430.0
STOCK YARDS BANK & TRUST CO,145.0,282.0,393.0,331.0,349.0,556.0,552.0,879.0,905.0,2570.0,2094.0,2580.0,5848.0,6946838.0,5192484.0,5749507.0,24229852.0,32337825.0,32366304.0,39074947.0
"STONE RUN CAPITAL, LLC",0.0,0.0,0.0,0.0,0.0,0.0,0.0,0.0,544.0,0.0,0.0,0.0,0.0,0.0,0.0,0.0,0.0,0.0,0.0,0.0
STONEBRIDGE CAPITAL MANAGEMENT INC,664.0,1037.0,1202.0,1120.0,1145.0,1716.0,1777.0,2612.0,2423.0,603.0,483.0,611.0,883.0,1684.0,2058.0,1897.0,3977.0,5605.0,5527.0,5086.0
"STONEHAVEN WEALTH & TAX SOLUTIONS, LLC",0.0,0.0,0.0,0.0,0.0,0.0,0.0,0.0,0.0,0.0,0.0,0.0,0.0,0.0,0.0,0.0,0.0,0.0,0.0,787342.0
STONERIDGE INVESTMENT PARTNERS LLC,0.0,0.0,747.0,1646.0,2245.0,1279.0,1283.0,3684.0,3911.0,2173.0,1740.0,0.0,864.0,2921.0,4313.0,5512.0,12586.0,15901.0,15609.0,17086.0
"STONNINGTON GROUP, LLC",0.0,0.0,0.0,0.0,3823.0,5908.0,6962.0,64008.0,4426.0,3096.0,2181.0,2525582.0,4781915.0,0.0,0.0,0.0,0.0,0.0,0.0,0.0
STRAIGHTLINE GROUP LLC,0.0,0.0,0.0,0.0,0.0,0.0,0.0,0.0,0.0,0.0,0.0,0.0,0.0,0.0,0.0,0.0,0.0,0.0,0.0,504663.0
"STRATEGIC CAPITAL ADVISERS, INC.",0.0,503.0,720.0,695.0,708.0,1061.0,1252.0,1646.0,1576.0,952.0,0.0,0.0,0.0,0.0,0.0,0.0,0.0,0.0,0.0,0.0
"STRATEGIC PLANNING GROUP, LLC",0.0,0.0,0.0,0.0,0.0,0.0,0.0,0.0,0.0,0.0,0.0,0.0,0.0,0.0,0.0,8197114.0,18512320.0,25717818.0,25402071.0,27488532.0
STRATEGIC WEALTH MANAGEMENT INC,0.0,380.0,1276.0,1264.0,1292.0,2422.0,2706.0,3841.0,0.0,0.0,0.0,0.0,0.0,0.0,0.0,0.0,0.0,0.0,0.0,0.0
STRATEGY ASSET MANAGERS LLC,243.0,352.0,813.0,710.0,1406.0,2101.0,2138.0,2618.0,2028.0,955.0,510.0,617.0,1150373.0,1620360.0,1699756.0,1969789.0,4010574.0,1620360.0,6302981.0,7024278.0
STRS OHIO,121116.0,189943.0,233820.0,218840.0,223974.0,312668.0,298664.0,488384.0,440633.0,217993.0,193524.0,202636.0,1067253.0,521291.0,1164356.0,644719.0,1084157.0,1459717508.0,1392676106.0,0.0
STUDIO INVESTMENT MANAGEMENT LLC,0.0,0.0,0.0,0.0,0.0,0.0,0.0,0.0,0.0,0.0,0.0,0.0,0.0,0.0,0.0,26744.0,51506.0,43243.0,48584.0,26863.0
SUMITOMO LIFE INSURANCE CO,5880.0,7794.0,10245.0,9107.0,9303.0,12681.0,12954.0,17237.0,15659.0,8862.0,6689.0,7980.0,15068.0,21574866.0,20765118.0,26073828.0,46874363.0,55887500.0,62811318.0,73369073.0
"SUMITOMO MITSUI FINANCIAL GROUP, INC.",5952.0,7240.0,20595.0,17982.0,15811.0,28026.0,21782.0,27374.0,27420.0,19672.0,14894.0,15155000.0,0.0,0.0,0.0,0.0,0.0,0.0,0.0,0.0
"SUMMIT FINANCIAL GROUP, INC.",0.0,0.0,0.0,0.0,0.0,0.0,0.0,0.0,0.0,0.0,0.0,0.0,0.0,381987.0,0.0,0.0,0.0,0.0,0.0,0.0
"SUMMIT INVESTMENT ADVISORS, INC.",0.0,0.0,0.0,0.0,0.0,0.0,0.0,0.0,0.0,0.0,0.0,0.0,0.0,0.0,0.0,0.0,0.0,0.0,0.0,716650.0
"SUMMIT PARTNERS PUBLIC ASSET MANAGEMENT, LLC",7604.0,0.0,0.0,0.0,0.0,0.0,0.0,0.0,0.0,0.0,0.0,0.0,21490232.0,146353921.0,91839874.0,65707275.0,70025900.0,99577811.0,103898842.0,152909443.0
SUMMIT SECURITIES GROUP LLC,0.0,0.0,0.0,0.0,0.0,0.0,0.0,0.0,0.0,0.0,0.0,0.0,0.0,0.0,0.0,0.0,0.0,12510.0,1348.0,0.0
"SUMMIT WEALTH & RETIREMENT PLANNING, INC.",0.0,0.0,0.0,0.0,0.0,0.0,0.0,0.0,0.0,0.0,0.0,593483.0,836643.0,602380.0,554177.0,619025.0,1032769.0,1376977.0,1154652.0,1372712.0
SUMMITRY LLC,0.0,0.0,0.0,0.0,0.0,0.0,0.0,254.0,236.0,0.0,268.0,299978.0,398878.0,394255.0,413676.0,465012.0,984881.0,2245747.0,8435987.0,8305031.0
SURIENCE PRIVATE WEALTH LLC,0.0,0.0,0.0,0.0,0.0,0.0,0.0,4764.0,3533.0,0.0,0.0,0.0,0.0,1838868.0,0.0,0.0,0.0,0.0,0.0,0.0
"SUSQUEHANNA FUNDAMENTAL INVESTMENTS, LLC",0.0,0.0,0.0,0.0,0.0,0.0,0.0,0.0,0.0,0.0,0.0,0.0,0.0,0.0,0.0,0.0,0.0,0.0,0.0,7167057.0
SUTTON PLACE INVESTORS LLC,0.0,0.0,0.0,0.0,0.0,0.0,0.0,0.0,0.0,0.0,0.0,0.0,0.0,0.0,0.0,0.0,646912.0,1459625.0,1772781.0,2152400.0
"SUVRETTA CAPITAL MANAGEMENT, LLC",0.0,0.0,0.0,0.0,0.0,0.0,0.0,0.0,0.0,0.0,0.0,12766498.0,0.0,32780666.0,38517495.0,0.0,0.0,0.0,0.0,24273723.0
"SVA Wealth Management, LLC",1761.0,2778.0,4330.0,4735.0,0.0,0.0,0.0,0.0,0.0,0.0,0.0,0.0,0.0,0.0,0.0,0.0,0.0,0.0,0.0,0.0
SVB WEALTH LLC,0.0,0.0,0.0,0.0,0.0,0.0,0.0,0.0,5922.0,3938.0,3167.0,3942735.0,4516904.0,5064562.0,4956760.0,4903269.0,7631619.0,14751035.0,0.0,22836954.0
SWAN Capital LLC,0.0,0.0,0.0,0.0,0.0,0.0,0.0,0.0,0.0,0.0,0.0,0.0,0.0,0.0,0.0,0.0,338835.0,500337.0,493168.0,552266.0
SWARTHMORE GROUP INC,0.0,0.0,0.0,0.0,0.0,0.0,0.0,299.0,304.0,280.0,0.0,0.0,0.0,0.0,0.0,0.0,0.0,0.0,0.0,0.0
"SWEENEY & MICHEL, LLC",0.0,0.0,0.0,0.0,0.0,0.0,0.0,0.0,0.0,0.0,0.0,0.0,665696.0,697359.0,772407.0,0.0,1327989.0,1932936.0,2579507.0,0.0
"SWMG, LLC",0.0,0.0,0.0,0.0,0.0,0.0,0.0,0.0,0.0,0.0,0.0,0.0,0.0,0.0,0.0,0.0,0.0,0.0,288152.0,0.0
SWP FINANCIAL LLC,0.0,0.0,0.0,0.0,0.0,0.0,0.0,0.0,0.0,0.0,0.0,0.0,0.0,0.0,0.0,0.0,0.0,245655.0,250830.0,280194.0
SWS Partners,1091.0,1193.0,2747.0,866.0,886.0,1328.0,1375.0,1941.0,1765.0,980.0,785.0,0.0,1485179.0,4523600.0,2326231.0,2648541.0,5392849.0,6663596.0,6550325.0,7898547.0
SYCOMORE ASSET MANAGEMENT,0.0,0.0,6459.0,6733.0,6802.0,6062.0,8104.0,13452.0,12125.0,2696.0,0.0,0.0,14880.0,28009.0,28803.0,33227.0,43055.0,39918.0,61769.0,47183.0
SYKON CAPITAL LLC,0.0,0.0,0.0,0.0,0.0,0.0,0.0,0.0,0.0,0.0,0.0,0.0,0.0,666680.0,1167513.0,2021983.0,3352208.0,4633121.0,4367590.0,4572172.0
SYM FINANCIAL Corp,0.0,0.0,0.0,0.0,0.0,0.0,0.0,0.0,0.0,0.0,0.0,0.0,215272.0,459824.0,465875.0,771554.0,1189087.0,2780769.0,3061145.0,9655743.0
SYMMETRY PEAK MANAGEMENT LLC,1259.0,16755.0,4708.0,7833.0,534.0,800.0,0.0,0.0,0.0,0.0,0.0,3653500.0,12638535.0,111272450.0,234459610.0,39647313.0,23152821.0,0.0,38557200.0,5599893.0
SYNOVUS FINANCIAL CORP,0.0,0.0,0.0,0.0,0.0,0.0,0.0,0.0,0.0,0.0,0.0,0.0,0.0,0.0,0.0,50115290.0,93472378.0,0.0,0.0,0.0
"SYNTAX RESEARCH, INC.",0.0,0.0,0.0,0.0,0.0,0.0,0.0,0.0,0.0,0.0,0.0,0.0,0.0,0.0,0.0,0.0,0.0,0.0,19431.0,21490.0
SYON CAPITAL LLC,0.0,0.0,0.0,0.0,0.0,0.0,0.0,0.0,0.0,0.0,0.0,0.0,0.0,0.0,9331450.0,35352918.0,19860356.0,27786702.0,26042891.0,26475371.0
SYQUANT CAPITAL SAS,0.0,0.0,0.0,0.0,262.0,552.0,534.0,635.0,573.0,333.0,0.0,0.0,0.0,0.0,0.0,0.0,0.0,0.0,0.0,0.0
SYSTM Wealth Solutions LLC,0.0,0.0,0.0,0.0,0.0,0.0,0.0,0.0,0.0,0.0,0.0,430045.0,526018.0,1125152.0,0.0,1590530.0,3308628.0,3261922.0,8501.0,0.0
"Sabadell Asset Management, S.A S.G.I.I.C",0.0,0.0,0.0,0.0,0.0,0.0,0.0,0.0,8883610.0,3025671.0,2206828.0,0.0,0.0,0.0,0.0,0.0,0.0,0.0,0.0,0.0
Sabal Trust CO,0.0,0.0,0.0,0.0,0.0,0.0,0.0,0.0,0.0,0.0,0.0,0.0,0.0,233084.0,292313.0,1289553.0,1714957.0,2832649.0,3954208.0,6198558.0
"Sachetta, LLC",0.0,0.0,0.0,0.0,0.0,0.0,0.0,0.0,0.0,0.0,0.0,0.0,0.0,0.0,0.0,224685.0,224685.0,656496.0,763243.0,910114.0
Sadoff Investment Management LLC,0.0,0.0,0.0,0.0,0.0,0.0,0.0,330.0,274.0,0.0,0.0,0.0,0.0,0.0,0.0,0.0,0.0,0.0,0.0,0.0
"Safe Harbor Fiduciary, LLC",0.0,0.0,0.0,0.0,0.0,0.0,0.0,0.0,0.0,0.0,0.0,0.0,0.0,0.0,0.0,0.0,0.0,0.0,109782.0,121398.0
"Safeguard Financial, LLC",0.0,0.0,0.0,0.0,0.0,0.0,0.0,0.0,0.0,0.0,0.0,0.0,0.0,208.0,0.0,262468.0,752670.0,1671807.0,2020702.0,2051340.0
"Safeguard Investment Advisory Group, LLC",0.0,0.0,0.0,120.0,0.0,0.0,0.0,233.0,216.0,216.0,0.0,242534.0,540734.0,850172.0,801188.0,950283.0,1741114.0,2615933.0,2831468.0,3125965.0
Sagace Wealth Management LLC,0.0,0.0,0.0,0.0,0.0,0.0,0.0,0.0,0.0,0.0,0.0,0.0,0.0,0.0,0.0,0.0,0.0,437826.0,338824.0,0.0
"Sage Capital Advisors,llc",2455.0,2986.0,3622.0,1905.0,1863.0,2882.0,3213.0,3830.0,3667.0,2409.0,2029.0,2446649.0,4744564.0,6512377.0,6666227.0,7634835.0,13943810.0,18957367.0,18529165.0,20652884.0
"Sage Capital Management, LLC",0.0,0.0,0.0,0.0,0.0,0.0,0.0,0.0,0.0,0.0,0.0,0.0,0.0,0.0,0.0,3157157.0,5865626.0,8577832.0,8466239.0,9458304.0
Sage Investment Advisers LLC,0.0,0.0,0.0,0.0,0.0,0.0,0.0,0.0,0.0,0.0,0.0,0.0,0.0,0.0,0.0,241790.0,364364.0,240451.0,304329.0,0.0
Sage Investment Counsel LLC,0.0,0.0,0.0,0.0,0.0,0.0,0.0,0.0,0.0,0.0,0.0,0.0,0.0,0.0,0.0,0.0,0.0,0.0,0.0,480904.0
Sage Mountain Advisors LLC,0.0,0.0,0.0,0.0,204.0,454.0,493.0,913.0,2057.0,1132.0,459.0,595959.0,2125218.0,3414194.0,3838354.0,4119759.0,8021849.0,13416580.0,13807254.0,17939009.0
"Sage Private Wealth Group, LLC",0.0,0.0,0.0,0.0,0.0,0.0,0.0,0.0,0.0,0.0,0.0,0.0,0.0,0.0,0.0,0.0,481597.0,521339.0,497297.0,3512223.0
"SageGuard Financial Group, LLC",0.0,0.0,0.0,752.0,742.0,1111.0,0.0,0.0,0.0,0.0,0.0,0.0,0.0,0.0,0.0,0.0,0.0,0.0,0.0,0.0
"SageView Advisory Group, LLC",0.0,0.0,0.0,0.0,0.0,0.0,0.0,0.0,0.0,0.0,0.0,463207.0,1090343.0,2166617.0,4308181.0,31059828.0,0.0,15266344.0,15143985.0,21264363.0
Sageworth Trust Co,0.0,131.0,186.0,169.0,0.0,0.0,0.0,0.0,0.0,165.0,72.0,88.0,192772.0,335455.0,344947.0,391719.0,660502.0,3255279.0,898899.0,1584756.0
Sageworth Trust Co of South Dakota,0.0,0.0,0.0,0.0,0.0,0.0,0.0,0.0,0.0,0.0,0.0,0.0,0.0,0.0,0.0,0.0,549364.0,0.0,0.0,0.0
"Saiph Capital, LLC",0.0,0.0,0.0,0.0,0.0,0.0,0.0,0.0,0.0,0.0,0.0,0.0,0.0,0.0,0.0,300103.0,672249.0,1030202.0,1345436.0,1705355.0
"Salomon & Ludwin, LLC",0.0,0.0,0.0,0.0,0.0,0.0,0.0,0.0,0.0,0.0,0.0,0.0,0.0,0.0,32189.0,32189.0,169875.0,348393.0,276640.0,306049.0
"Saltoro Capital, LP",0.0,0.0,0.0,0.0,0.0,0.0,0.0,0.0,0.0,0.0,0.0,0.0,6944250.0,0.0,745573.0,0.0,361424.0,0.0,0.0,0.0
"Salvus Wealth Management, LLC",0.0,0.0,0.0,321.0,357.0,509.0,521.0,740.0,698.0,388.0,309.0,222428.0,432494.0,678111.0,701214.0,781964.0,1453849.0,2300344.0,2161903.0,2497289.0
"Samalin Investment Counsel, LLC",208.0,301.0,475234.0,440277.0,294.0,466403.0,499711.0,1155492.0,984171.0,488.0,518.0,608536.0,1055474.0,1486541.0,1493928.0,1657811.0,2892045.0,3989046.0,3871290.0,4402906.0
San Luis Wealth Advisors LLC,0.0,0.0,0.0,792.0,0.0,0.0,2405.0,4030.0,4040.0,3011.0,3019.0,3995.0,6515.0,5454.0,5444.0,6128.0,11984.0,14605.0,14493.0,15787.0
Sanchez Wealth Management Group,0.0,0.0,0.0,0.0,0.0,230.0,239.0,339.0,315.0,0.0,0.0,0.0,320487.0,488116.0,501974.0,571483.0,583714.0,798113.0,784547.0,1014800.0
"Sanctuary Advisors, LLC",0.0,0.0,0.0,0.0,0.0,0.0,0.0,0.0,0.0,0.0,0.0,0.0,0.0,0.0,0.0,0.0,0.0,216691173.0,419831377.0,350446006.0
"Sanctuary Wealth Management, L.L.C.",0.0,0.0,0.0,0.0,0.0,0.0,0.0,0.0,0.0,0.0,0.0,70732.0,0.0,233930.0,240549.0,239686.0,613517.0,940881.0,1012810.0,1148450.0
"Sand Hill Global Advisors, LLC",3213.0,4739.0,6679.0,6471.0,7006.0,11115.0,10916.0,11922.0,11401.0,6618.0,5393.0,6938614.0,12489445.0,13760956.0,13828458.0,15676337.0,25518143.0,34707809.0,34664185.0,35858928.0
"Sandbox Financial Partners, LLC",0.0,0.0,0.0,0.0,0.0,0.0,0.0,325.0,440.0,266.0,229.0,263659.0,473106.0,645946.0,755787.0,1139504.0,3764826.0,5664637.0,5995218.0,6677808.0
"Sanders Capital, LLC",0.0,0.0,0.0,0.0,0.0,0.0,0.0,0.0,0.0,0.0,0.0,14833210.0,12610758.0,19205108.0,19748546.0,0.0,0.0,0.0,0.0,0.0
"Sandy Cove Advisors, LLC",0.0,0.0,0.0,0.0,0.0,0.0,0.0,220.0,159.0,0.0,0.0,0.0,0.0,522028.0,628155.0,829511.0,1595105.0,1962320.0,2021865.0,2495547.0
Sandy Spring Bank,4378.0,6646.0,9277.0,9062.0,9480.0,16194.0,16965.0,24722.0,24773.0,13593.0,10991.0,13037656.0,23389193.0,32167903.0,32472705.0,36906572.0,66027773.0,88835294.0,87689665.0,96065845.0
"Sanford Advisory Services, LLC",0.0,0.0,0.0,766.0,783.0,1314.0,1361.0,1934.0,706.0,996.0,919.0,1105988.0,0.0,0.0,0.0,0.0,0.0,0.0,0.0,0.0
"Sanibel Captiva Trust Company, Inc.",0.0,0.0,0.0,0.0,0.0,0.0,0.0,0.0,0.0,0.0,0.0,0.0,0.0,0.0,0.0,9777128.0,18963014.0,26029507.0,26991983.0,31076989.0
"Santori & Peters, Inc.",0.0,0.0,0.0,0.0,0.0,0.0,0.0,0.0,0.0,0.0,0.0,0.0,0.0,0.0,0.0,0.0,332510.0,455245.0,451635.0,498082.0
Sara-Bay Financial,0.0,2600000.0,3628000.0,7945000.0,8597000.0,12789000.0,13483000.0,19127000.0,17418000.0,18392000.0,6695000.0,8024000.0,14671811.0,20269426.0,20549798.0,23266426.0,32342726.0,44616473.0,43427068.0,48636680.0
Sarasin & Partners LLP,0.0,0.0,0.0,0.0,0.0,0.0,0.0,0.0,0.0,0.0,0.0,0.0,0.0,5599093.0,77062831.0,0.0,0.0,0.0,0.0,0.0
Sargent Bickham Lagudis LLC,69.0,213.0,349.0,656.0,295.0,409.0,442.0,694.0,262.0,163.0,177.0,208839.0,0.0,0.0,0.0,0.0,0.0,0.0,0.0,0.0
"Sargent Investment Group, LLC",0.0,0.0,0.0,0.0,0.0,0.0,0.0,0.0,0.0,0.0,0.0,0.0,0.0,377334.0,482404.0,1095427.0,2745919.0,4905156.0,5692500.0,7791957.0
Sassicaia Capital Advisers LLC,0.0,0.0,0.0,0.0,7999.0,6361.0,2186.0,382.0,1517.0,606.0,0.0,2409118.0,8200881.0,27974313.0,304493.0,3763672.0,3975664.0,2843150.0,3594624.0,0.0
Sather Financial Group Inc,0.0,0.0,0.0,0.0,0.0,0.0,0.0,0.0,0.0,0.0,0.0,0.0,0.0,201781.0,240984.0,295151.0,519547.0,957435.0,921001.0,1219353.0
Saturna Capital CORP,0.0,0.0,1382.0,640.0,655.0,1141.0,2568.0,4033.0,3831.0,2200.0,1944.0,2339994.0,4522527.0,7242525.0,8159107.0,21317735.0,0.0,0.0,0.0,0.0
Sava Infond d.o.o.,0.0,0.0,0.0,0.0,0.0,0.0,0.0,0.0,0.0,0.0,0.0,0.0,0.0,0.0,0.0,0.0,0.0,0.0,0.0,41371392.0
"Savant Capital, LLC",651.0,1123.0,1592.0,1587.0,1630.0,2440.0,2997.0,4275.0,4244.0,2679.0,2436.0,6583530.0,8689087.0,18349641.0,18783170.0,21604077.0,43908662.0,58953865.0,70159934.0,80920754.0
Savior LLC,40.0,77.0,110.0,100.0,112.0,182.0,54.0,53.0,50.0,27.0,22.0,26305.0,44721.0,0.0,0.0,0.0,0.0,0.0,0.0,0.0
Savoie Capital LLC,0.0,0.0,0.0,0.0,0.0,0.0,0.0,0.0,0.0,0.0,0.0,0.0,0.0,0.0,53954420.0,16042157.0,129200948.0,177885246.0,174866314.0,193369543.0
"Savvy Advisors, Inc.",0.0,0.0,0.0,0.0,0.0,0.0,0.0,0.0,0.0,0.0,0.0,0.0,0.0,0.0,0.0,1246416.0,3213125.0,7431394.0,9225759.0,86268537.0
"Sawtooth Solutions, LLC",4375.0,9318.0,13887.0,14564.0,1336.0,2425.0,2826.0,8212.0,5912.0,3473.0,2925.0,0.0,0.0,0.0,0.0,0.0,0.0,0.0,0.0,0.0
"Sawyer & Company, Inc",0.0,0.0,0.0,0.0,0.0,0.0,13.0,18.0,17.0,9.0,8.0,9.0,2223.0,3414.0,3526.0,3848.0,6988133.0,9567.0,9412.0,10405.0
"Saxony Capital Management, LLC",0.0,0.0,0.0,0.0,0.0,0.0,0.0,0.0,0.0,0.0,0.0,0.0,0.0,0.0,0.0,1879860.0,3437170.0,4422333.0,4083999.0,4225705.0
"Scarborough Advisors, LLC",0.0,0.0,0.0,0.0,0.0,0.0,0.0,621.0,526.0,226.0,0.0,218067.0,408694.0,698126.0,1064640.0,1733144.0,1853819.0,2559718.0,2744514.0,0.0
"Schear Investment Advisers, LLC",0.0,0.0,0.0,0.0,0.0,0.0,0.0,0.0,0.0,0.0,0.0,2315442.0,2624371.0,3996693.0,4092821.0,5621737.0,8397687.0,11678483.0,13266348.0,15157581.0
"Schechter Investment Advisors, LLC",0.0,0.0,0.0,0.0,0.0,0.0,0.0,124.0,114.0,86.0,62.0,735782.0,328263.0,183590.0,799077.0,720050.0,288236.0,505279.0,691809.0,836051.0
Schiavi & Co LLC,0.0,0.0,0.0,0.0,0.0,0.0,0.0,0.0,0.0,0.0,0.0,0.0,0.0,0.0,0.0,0.0,0.0,200135.0,204597.0,226248.0
"Schneider Downs Wealth Management Advisors, LP",0.0,0.0,0.0,0.0,0.0,239.0,241.0,334.0,326.0,0.0,0.0,0.0,0.0,0.0,0.0,409547.0,735498.0,915308.0,936181.0,1035242.0
Schonfeld Strategic Advisors LLC,2762.0,3870.0,51188.0,14833.0,22905.0,51830.0,8543.0,7070.0,14762.0,3441.0,11039.0,58993357.0,78025313.0,170670723.0,86876199.0,107111130.0,71830307.0,64070437.0,161249607.0,177355725.0
Schoolcraft Capital LLC,0.0,0.0,0.0,0.0,0.0,0.0,0.0,0.0,0.0,0.0,0.0,0.0,0.0,317265.0,326243.0,371415.0,677670.0,926550.0,910800.0,1007175.0
Schrum Private Wealth Management LLC,0.0,0.0,0.0,0.0,0.0,0.0,0.0,0.0,0.0,0.0,0.0,0.0,0.0,230595.0,237129.0,269964.0,492570.0,675949.0,1256054.0,607210.0
Schubert & Co,0.0,0.0,0.0,0.0,0.0,0.0,0.0,18.0,16.0,15.0,0.0,0.0,0.0,0.0,0.0,0.0,0.0,0.0,410468.0,606454.0
Schwab Charitable Fund,170554.0,229606.0,303776.0,304484.0,295755.0,419860.0,435388.0,952170.0,883374.0,490676.0,392923.0,514622365.0,978148722.0,1489930164.0,1579637476.0,1798358745.0,3167970812.0,4193570242.0,0.0,0.0
Schwallier Wealth Management LLC,0.0,0.0,0.0,0.0,0.0,0.0,0.0,0.0,0.0,0.0,0.0,0.0,0.0,0.0,0.0,0.0,0.0,0.0,0.0,322879.0
Sciencast Management LP,0.0,2317.0,0.0,3833.0,4026.0,2940.0,0.0,841.0,1537.0,4095.0,0.0,0.0,0.0,0.0,0.0,842864.0,0.0,0.0,473980.0,0.0
"Science & Technology Partners, L.P.",0.0,0.0,0.0,0.0,0.0,0.0,0.0,0.0,0.0,0.0,0.0,0.0,0.0,0.0,0.0,0.0,0.0,0.0,0.0,18919850.0
Scientech Research LLC,0.0,0.0,0.0,0.0,0.0,0.0,0.0,0.0,0.0,0.0,0.0,0.0,0.0,0.0,0.0,0.0,750858.0,2290308.0,0.0,0.0
"Scissortail Wealth Management, LLC",0.0,0.0,0.0,0.0,0.0,0.0,0.0,911.0,879.0,911.0,573.0,1423.0,14274390.0,0.0,1371151.0,3523026.0,2707969.0,3934749.0,3625591.0,4109543.0
"Scott & Selber, Inc.",2643.0,3758.0,5365.0,4926.0,5024.0,7483.0,4826.0,6845.0,6298.0,3464.0,2781.0,6698.0,6381.0,9701.0,9943.0,11205.0,19063.0,26412.0,25767.0,25842.0
"Scott Capital Advisors, LLC",0.0,0.0,0.0,0.0,0.0,0.0,0.0,0.0,0.0,0.0,0.0,0.0,0.0,0.0,259976.0,264447.0,814277.0,1728561.0,1574683.0,1807298.0
"Sculati Wealth Management, LLC",0.0,0.0,0.0,0.0,0.0,0.0,0.0,0.0,0.0,0.0,0.0,0.0,0.0,0.0,0.0,0.0,0.0,254492.0,879954.0,1056459.0
Sculptor Capital LP,0.0,0.0,0.0,0.0,0.0,0.0,0.0,0.0,0.0,0.0,0.0,0.0,23138241.0,35237566.0,0.0,0.0,0.0,44474400.0,40318080.0,63922040.0
SeaBridge Investment Advisors LLC,0.0,0.0,0.0,0.0,0.0,0.0,0.0,0.0,0.0,0.0,0.0,0.0,0.0,0.0,0.0,382806.0,698452.0,1077516.0,1073166.0,3347447.0
"SeaCrest Wealth Management, LLC",3673.0,5044.0,7009.0,7052.0,6797.0,10101.0,10587.0,15139.0,11417.0,7059.0,4875.0,5707463.0,12289147.0,17172992.0,18819239.0,21569602.0,34663093.0,50274999.0,49678226.0,52239408.0
"Seaport Global Advisors, LLC",0.0,0.0,0.0,0.0,0.0,0.0,0.0,1842.0,1338.0,560.0,469.0,529611.0,826644.0,490703.0,756883.0,504629.0,3150714.0,1960209.0,1114819.0,0.0
Seascape Capital Management,0.0,0.0,0.0,0.0,0.0,0.0,0.0,0.0,0.0,0.0,0.0,0.0,0.0,0.0,0.0,2005.0,3895.0,5441.0,5235.0,5818.0
"Seaside Wealth Management, Inc.",0.0,0.0,0.0,0.0,0.0,0.0,0.0,0.0,0.0,0.0,0.0,0.0,0.0,0.0,0.0,0.0,0.0,0.0,0.0,220504.0
"Second Half Financial Partners, LLC",0.0,0.0,0.0,0.0,0.0,0.0,0.0,0.0,0.0,0.0,0.0,0.0,0.0,343492.0,466556.0,256524.0,520460.0,700118.0,1181871.0,1325065.0
"Second Line Capital, LLC",0.0,0.0,0.0,0.0,0.0,0.0,0.0,0.0,0.0,0.0,0.0,0.0,0.0,0.0,0.0,894478.0,1819986.0,2443585.0,2339334.0,4269371.0
"Secure Asset Management, LLC",0.0,0.0,0.0,0.0,0.0,429.0,649.0,3404.0,3357.0,1935.0,1592.0,2471030.0,4085772.0,4651069.0,5008758.0,5691396.0,11817510.0,21470502.0,22824645.0,30962376.0
"Securian Asset Management, Inc",16136.0,22002.0,30964.0,29420.0,29207.0,43689.0,0.0,0.0,0.0,0.0,0.0,0.0,0.0,0.0,0.0,0.0,0.0,0.0,0.0,0.0
Security Asset Management,0.0,0.0,0.0,0.0,0.0,0.0,0.0,0.0,0.0,278.0,302.0,0.0,0.0,0.0,0.0,0.0,0.0,0.0,0.0,0.0
"Security Financial Services, INC.",0.0,0.0,0.0,0.0,0.0,0.0,0.0,0.0,0.0,0.0,0.0,0.0,0.0,396131.0,361673.0,430573.0,802778.0,1242897.0,1287104.0,1944898.0
Security National Bank,10099.0,14392.0,19205.0,17225.0,16670.0,24634.0,24821.0,33137.0,29091.0,15693.0,12777.0,14964590.0,25940663.0,29847445.0,28643413.0,32296763.0,52350459.0,65140295.0,60718421.0,65347663.0
"Seed Wealth Management, Inc.",0.0,0.0,0.0,0.0,0.0,0.0,0.0,0.0,0.0,0.0,0.0,0.0,0.0,0.0,0.0,0.0,260245.0,355795.0,349747.0,386755.0
Seelaus Asset Management LLC,0.0,0.0,0.0,0.0,0.0,0.0,0.0,235.0,218.0,0.0,0.0,0.0,227.0,345.0,376266.0,440745.0,853863.0,1184747.0,1212577.0,1396212.0
"Segment Wealth Management, LLC",1051.0,1550.0,2468.0,2398.0,2515.0,3768.0,3859.0,6183.0,5805.0,3067.0,2426.0,2914802.0,5540209.0,17067342.0,9367624.0,10407685.0,17574510.0,20644413.0,17048126.0,18805076.0
Select Asset Management & Trust,0.0,0.0,0.0,0.0,0.0,0.0,0.0,0.0,0.0,0.0,0.0,0.0,0.0,0.0,0.0,0.0,0.0,233.0,555.0,1554.0
"Select Equity Group, L.P.",0.0,0.0,0.0,0.0,0.0,0.0,0.0,0.0,0.0,0.0,0.0,0.0,0.0,0.0,0.0,0.0,0.0,321204.0,0.0,0.0
"Selective Wealth Management, Inc.",7.0,10.0,14.0,13.0,19.0,190.0,354.0,740.0,583.0,321.0,160.0,0.0,0.0,370293.0,379590.0,426661.0,778061.0,1261774.0,1101526.0,1065150.0
Sellwood Investment Partners LLC,0.0,0.0,0.0,0.0,0.0,0.0,0.0,0.0,0.0,0.0,0.0,0.0,0.0,0.0,0.0,0.0,0.0,0.0,0.0,183977.0
Selway Asset Management,0.0,0.0,0.0,0.0,0.0,0.0,0.0,0.0,0.0,0.0,0.0,0.0,0.0,0.0,10290.0,0.0,0.0,0.0,0.0,537160.0
"Semanteon Capital Management, LP",0.0,0.0,0.0,0.0,0.0,0.0,0.0,0.0,0.0,0.0,0.0,0.0,0.0,0.0,0.0,0.0,387627.0,0.0,0.0,0.0
Semmax Financial Advisors Inc.,0.0,0.0,0.0,0.0,0.0,0.0,0.0,0.0,0.0,0.0,0.0,0.0,0.0,0.0,4498.0,59826.0,84020.0,294525.0,378435.0,0.0
Semus Wealth Partners LLC,0.0,0.0,0.0,0.0,0.0,0.0,0.0,0.0,0.0,0.0,0.0,628965.0,1005603.0,1612667.0,1988674.0,2720778.0,4905667.0,7056983.0,6751631.0,7469767.0
Senator Investment Group LP,0.0,0.0,0.0,0.0,0.0,0.0,0.0,0.0,0.0,0.0,0.0,0.0,0.0,38071800.0,58723650.0,59426400.0,18071200.0,18531000.0,40075200.0,44315700.0
"Sender Co & Partners, Inc.",0.0,0.0,0.0,0.0,0.0,0.0,0.0,0.0,0.0,0.0,0.0,1315845.0,0.0,0.0,4864058.0,12468161.0,778869.0,0.0,206934.0,1141599.0
"Sendero Wealth Management, LLC",0.0,0.0,0.0,0.0,0.0,0.0,0.0,0.0,0.0,0.0,0.0,0.0,0.0,169208.0,286659.0,434804.0,680381.0,860333.0,845709.0,888866.0
Seneca House Advisors,0.0,0.0,0.0,0.0,0.0,0.0,0.0,0.0,0.0,0.0,0.0,0.0,0.0,0.0,0.0,0.0,0.0,0.0,0.0,289395.0
"Seneschal Advisors, LLC",0.0,0.0,0.0,0.0,0.0,0.0,0.0,0.0,0.0,0.0,0.0,0.0,0.0,0.0,0.0,0.0,0.0,0.0,0.0,276908.0
"Sensible Money, LLC",0.0,0.0,0.0,0.0,0.0,0.0,0.0,0.0,0.0,0.0,0.0,0.0,0.0,0.0,0.0,208273.0,538087.0,544472.0,540317.0,548882.0
"Sentinus, LLC",0.0,0.0,0.0,0.0,0.0,0.0,0.0,0.0,0.0,0.0,0.0,0.0,369990.0,542312.0,0.0,0.0,1445721.0,2090090.0,2366298.0,2766162.0
Sentry LLC,0.0,0.0,0.0,0.0,0.0,0.0,0.0,0.0,0.0,0.0,0.0,0.0,0.0,0.0,0.0,0.0,207819.0,0.0,390308.0,231247.0
"Senvest Management, LLC",616.0,0.0,0.0,0.0,0.0,0.0,0.0,0.0,0.0,0.0,0.0,0.0,0.0,0.0,0.0,0.0,0.0,0.0,0.0,0.0
"Sepio Capital, LLC",6549.0,0.0,0.0,0.0,0.0,0.0,0.0,0.0,0.0,0.0,0.0,0.0,0.0,0.0,0.0,0.0,0.0,0.0,0.0,0.0
"Sepio Capital, LP",0.0,9510.0,12047.0,11350.0,11015.0,29474.0,15700.0,19859.0,17705.0,9476.0,7169.0,7776881.0,13186992.0,17542902.0,16523872.0,15233188.0,20338652.0,20155000.0,26740773.0,21060093.0
Sequent Planning LLC,0.0,0.0,0.0,0.0,0.0,0.0,0.0,0.0,0.0,0.0,0.0,0.0,0.0,0.0,0.0,0.0,1428077.0,4614640.0,4907513.0,5200423.0
"Sequoia Financial Advisors, LLC",705.0,2070.0,1667.0,1925.0,1567.0,4241.0,818.0,24346.0,9805.0,4909.0,3069.0,14972972.0,14169019.0,23566214.0,33307208.0,115310794.0,167110403.0,225931787.0,254743657.0,288750908.0
"Serenus Wealth Advisors, LLC",0.0,0.0,0.0,0.0,0.0,0.0,0.0,0.0,0.0,0.0,0.0,0.0,0.0,0.0,0.0,0.0,0.0,0.0,0.0,855558.0
"Seros Financial, LLC",0.0,0.0,0.0,0.0,0.0,0.0,0.0,0.0,0.0,0.0,0.0,0.0,0.0,0.0,0.0,0.0,0.0,0.0,0.0,1830885.0
"Sessa Capital IM, L.P.",0.0,0.0,0.0,0.0,0.0,0.0,0.0,0.0,0.0,0.0,0.0,0.0,0.0,0.0,0.0,0.0,19878320.0,0.0,0.0,0.0
"Seven Springs Wealth Group, LLC",0.0,0.0,0.0,0.0,0.0,0.0,0.0,0.0,0.0,0.0,0.0,0.0,516652.0,393409.0,404541.0,493734.0,805976.0,1100741.0,902299.0,1013890.0
"SevenBridge Financial Group, LLC",1119.0,1620.0,1940.0,1883.0,1947.0,3072.0,3125.0,4472.0,2212.0,1189.0,975.0,1317748.0,2510214.0,3934942.0,4069857.0,4660618.0,7701743.0,8884715.0,12588286.0,12290678.0
SevenOneSeven Capital Management,0.0,0.0,0.0,289.0,311.0,349.0,369.0,564.0,514.0,291.0,543.0,336122.0,0.0,0.0,0.0,0.0,0.0,0.0,0.0,0.0
"Shakespeare Wealth Management, LLC",0.0,0.0,0.0,0.0,0.0,0.0,0.0,0.0,0.0,0.0,0.0,0.0,0.0,0.0,0.0,0.0,864508.0,1197787.0,786268.0,900387.0
"ShankerValleau Wealth Advisors, Inc.",0.0,0.0,0.0,0.0,0.0,0.0,0.0,0.0,0.0,0.0,0.0,0.0,0.0,0.0,0.0,0.0,0.0,235961.0,231950.0,256494.0
Shannon River Fund Management LLC,0.0,0.0,0.0,0.0,0.0,0.0,0.0,0.0,0.0,0.0,0.0,14284454.0,44510142.0,28076683.0,22446354.0,20151493.0,41757122.0,50986193.0,0.0,0.0
Shared Vision Wealth Group LLC,0.0,0.0,0.0,0.0,0.0,0.0,0.0,0.0,0.0,0.0,0.0,0.0,0.0,0.0,0.0,268660.0,477269.0,921721.0,906053.0,784059.0
"Sharp Financial Services, LLC",0.0,0.0,0.0,0.0,0.0,0.0,0.0,0.0,0.0,0.0,0.0,0.0,0.0,0.0,0.0,565789.0,1316939.0,1805537.0,1737199.0,1829701.0
Shay Capital LLC,0.0,0.0,0.0,898.0,1661.0,6961.0,2506.0,1972.0,1173.0,1870.0,0.0,0.0,1180523.0,2328725.0,9252237.0,17283178.0,578278.0,2161950.0,619344.0,1477190.0
"Sheaff Brock Investment Advisors, LLC",5895.0,8029.0,11572.0,10387.0,21264.0,32860.0,32511.0,51857.0,49868.0,16816.0,9967.0,11762513.0,22688065.0,39647269.0,53145956.0,76574393.0,156951460.0,88424395.0,82917252.0,90990346.0
Shearwater Capital LLC,0.0,0.0,0.0,0.0,0.0,0.0,0.0,354.0,328.0,0.0,0.0,0.0,0.0,508470.0,522858.0,595255.0,1086079.0,1484952.0,657598.0,727182.0
Sheets Smith Investment Management,0.0,0.0,0.0,1448.0,0.0,0.0,0.0,3597.0,435.0,0.0,0.0,0.0,0.0,0.0,0.0,0.0,0.0,0.0,0.0,3022599.0
"Shellback Capital, LP",21821.0,0.0,0.0,0.0,21358.0,0.0,0.0,0.0,0.0,0.0,0.0,8768400.0,0.0,15361548.0,13049700.0,41251826.0,0.0,30877958.0,24288000.0,0.0
"Shelter Haven Capital Management, L.P.",18382.0,0.0,0.0,0.0,0.0,0.0,0.0,0.0,0.0,0.0,0.0,0.0,0.0,0.0,0.0,0.0,0.0,0.0,0.0,0.0
Shepherd Financial Partners LLC,0.0,0.0,0.0,212.0,1849.0,2792.0,2895.0,3865.0,3747.0,2131.0,870.0,906315.0,1826202.0,2781178.0,2968225.0,3176705.0,5624453.0,7301517.0,9302238.0,11382381.0
"Sheridan Capital Management, LLC",0.0,0.0,0.0,0.0,0.0,0.0,0.0,0.0,0.0,0.0,0.0,0.0,0.0,0.0,0.0,0.0,0.0,215661.0,0.0,0.0
"Sherman Asset Management, Inc.",0.0,0.0,0.0,0.0,0.0,0.0,0.0,0.0,0.0,0.0,0.0,0.0,0.0,0.0,0.0,0.0,0.0,0.0,0.0,933718.0
"Shilanski & Associates, Inc.",0.0,205.0,292.0,255.0,261.0,391.0,426.0,615.0,571.0,317.0,309.0,306239.0,677612.0,1073534.0,1119281.0,1477372.0,4749437.0,6651706.0,5141272.0,5100189.0
Shira Ridge Wealth Management,0.0,0.0,0.0,0.0,0.0,0.0,0.0,0.0,0.0,0.0,0.0,0.0,0.0,0.0,0.0,223354.0,481618.0,656772.0,657752.0,850102.0
"Shoker Investment Counsel, Inc.",0.0,0.0,0.0,0.0,0.0,0.0,0.0,0.0,0.0,0.0,0.0,0.0,205272.0,622685.0,681686.0,799872.0,1638471.0,3528681.0,3522226.0,3901376.0
"ShoreHaven Wealth Partners, LLC",0.0,0.0,0.0,55.0,56.0,0.0,0.0,0.0,0.0,0.0,0.0,0.0,0.0,0.0,0.0,225851.0,412080.0,860785.0,696417.0,722039.0
Shorepoint Capital Partners LLC,0.0,0.0,0.0,0.0,0.0,0.0,0.0,0.0,0.0,0.0,0.0,0.0,0.0,0.0,0.0,0.0,0.0,262988.0,307094.0,1037961.0
Shulman DeMeo Asset Management LLC,0.0,0.0,0.0,0.0,0.0,0.0,0.0,0.0,0.0,0.0,0.0,0.0,0.0,289922.0,298128.0,353770.0,645478.0,981998.0,966156.0,0.0
"Shum Financial Group, Inc.",0.0,0.0,0.0,0.0,0.0,0.0,0.0,0.0,0.0,0.0,0.0,0.0,0.0,0.0,0.0,0.0,0.0,0.0,2584047.0,2423311.0
Siemens Fonds Invest GmbH,0.0,0.0,0.0,9529.0,11044.0,17071.0,19053.0,29668.0,27099.0,14535.0,11261.0,13394608.0,24204600.0,36750640.0,30600677.0,33303545.0,56244803.0,77096372.0,60969167.0,0.0
Sienna Gestion,0.0,0.0,0.0,0.0,0.0,0.0,0.0,0.0,0.0,0.0,0.0,0.0,0.0,0.0,0.0,0.0,98936206.0,68005445.0,84483758.0,94937467.0
Sierra Capital LLC,0.0,0.0,0.0,0.0,7.0,11.0,1534.0,1960.0,1550.0,845.0,673.0,811.0,1536.0,1662.0,1394.0,1326.0,2688.0,3281.0,3140.0,3834.0
Sigma Planning Corp,5415.0,9972.0,16823.0,10618.0,12413.0,20201.0,23954.0,35145.0,33837.0,15265.0,11783.0,13055102.0,23960166.0,29509916.0,28469489.0,18709304.0,64202690.0,86592356.0,82334165.0,91610517.0
"Signal Advisors Wealth, LLC",0.0,0.0,0.0,0.0,0.0,0.0,0.0,0.0,0.0,0.0,0.0,0.0,0.0,0.0,0.0,1570506.0,3533249.0,471390.0,4972353.0,8703655.0
"SignalPoint Asset Management, LLC",0.0,0.0,282.0,282.0,369.0,2191.0,2294.0,3484.0,3231.0,1724.0,1371.0,1971000.0,3806000.0,5901595.0,6160853.0,6990000.0,12581421.0,6871079.0,6939497.0,7745731.0
"Signature Resources Capital Management, LLC",0.0,0.0,0.0,0.0,0.0,0.0,0.0,0.0,0.0,0.0,0.0,0.0,0.0,0.0,0.0,55511.0,55511.0,262150.0,203578.0,230491.0
Signature Wealth Management Group,0.0,0.0,465.0,492.0,537.0,886.0,960.0,1058.0,2829.0,1584.0,1293.0,1068889.0,737244.0,855835.0,0.0,1053908.0,1182748.0,1943364.0,1759015.0,2389647.0
"Signature Wealth Management Partners, LLC",0.0,0.0,0.0,0.0,0.0,0.0,295.0,331.0,253.0,0.0,0.0,0.0,219364.0,304038.0,379665.0,432741.0,831102.0,1227777.0,1472860.0,1697252.0
"Signet Investment Advisory Group, Inc.",0.0,0.0,0.0,157.0,0.0,240.0,249.0,353.0,327.0,0.0,0.0,0.0,308327.0,363801.0,0.0,0.0,0.0,321204.0,352176.0,392799.0
Significant Wealth Partners LLC,0.0,0.0,0.0,0.0,0.0,0.0,0.0,0.0,0.0,0.0,0.0,0.0,0.0,0.0,0.0,868643.0,1174707.0,817824.0,896701.0,1086000.0
Signify Wealth,0.0,0.0,0.0,0.0,0.0,0.0,0.0,0.0,0.0,0.0,0.0,0.0,0.0,379449.0,402801.0,1354462.0,2188519.0,2954545.0,1683607.0,1791551.0
"Silicon Hills Wealth Management, LLC",0.0,0.0,0.0,0.0,0.0,0.0,0.0,0.0,0.0,0.0,0.0,0.0,282214.0,541889.0,0.0,0.0,0.0,0.0,0.0,0.0
Silicon Valley Capital Partners,1362.0,1499.0,2253.0,2198.0,2671.0,4185.0,4639.0,6395.0,7803.0,5272.0,4318.0,5439392.0,6658616.0,9048127.0,10526388.0,14612127.0,24944819.0,33261979.0,34233674.0,34496124.0
Silicon Valley Community Foundation,0.0,0.0,0.0,20365800.0,20823270.0,44005500.0,45575200.0,85265430.0,74524888.0,41403019.0,33154644.0,157455620.0,299277731.0,455774439.0,468671276.0,533564885.0,954096111.0,534224022.0,92294400.0,0.0
Silphium Asset Management Ltd,0.0,0.0,0.0,0.0,0.0,0.0,571762.0,294110.0,545720.0,0.0,0.0,0.0,0.0,3257254.0,4001908.0,0.0,0.0,0.0,0.0,0.0
Silvant Capital Management LLC,3001.0,4549.0,4401.0,4417.0,5016.0,7420.0,5547.0,10089.0,9272.0,5151.0,4118.0,5078950.0,9297240.0,12810315.0,12802626.0,13608150.0,23210649.0,30349331.0,30045377.0,30970094.0
Silver Coast Investments LLC,0.0,0.0,0.0,0.0,0.0,0.0,0.0,0.0,0.0,0.0,0.0,0.0,0.0,0.0,0.0,0.0,412927.0,701708.0,592628.0,462764.0
"Silver Lake Advisory, LLC",0.0,0.0,283.0,546.0,279.0,414.0,391.0,555.0,488.0,759.0,223.0,0.0,528884.0,720842.0,0.0,0.0,1254655.0,6632616.0,1656054.0,1831571.0
SilverOak Wealth Management LLC,0.0,0.0,0.0,0.0,0.0,0.0,0.0,0.0,0.0,0.0,0.0,0.0,0.0,0.0,0.0,519486.0,923446.0,1204031.0,1184050.0,1333512.0
Simmons Bank,1186.0,5925.0,2562.0,2378.0,3235.0,5610.0,6094.0,8605.0,8931.0,5389.0,4491.0,5886819.0,11299405.0,16022715.0,15978095.0,0.0,32414309.0,40525818.0,39761284.0,43422440.0
"Simplicity Solutions, LLC",0.0,0.0,0.0,0.0,0.0,0.0,0.0,0.0,0.0,0.0,0.0,3544340.0,26688875.0,31553764.0,30347033.0,35079957.0,0.0,0.0,0.0,0.0
"Simplicity Wealth,LLC",0.0,0.0,0.0,0.0,0.0,0.0,0.0,0.0,0.0,0.0,0.0,0.0,0.0,0.0,320324.0,687002.0,64532158.0,83969849.0,24713579.0,21301862.0
Simplify Asset Management Inc.,0.0,0.0,0.0,0.0,0.0,0.0,377.0,1887.0,1275.0,23696.0,0.0,0.0,428321.0,13548485.0,13780483.0,511067.0,932474.0,1202538.0,2364194.0,0.0
"Sincerus Advisory, LLC",0.0,0.0,0.0,0.0,0.0,0.0,0.0,0.0,0.0,0.0,0.0,0.0,0.0,0.0,0.0,0.0,0.0,0.0,0.0,515045.0
"Single Point Partners, LLC",0.0,0.0,0.0,0.0,0.0,0.0,0.0,0.0,532.0,249.0,411.0,468.0,900.0,1358.0,321.0,283.0,537.0,830.0,698.0,637.0
Sitrin Capital Management LLC,0.0,0.0,0.0,0.0,6063.0,7515.0,7754.0,11025.0,6449.0,4499.0,3611.0,4156075.0,7842558.0,7019171.0,6536607.0,7315905.0,9091663.0,10541987.0,8339327.0,9232443.0
"Sivia Capital Partners, LLC",0.0,0.0,0.0,0.0,0.0,0.0,0.0,0.0,0.0,0.0,0.0,0.0,0.0,0.0,0.0,6173478.0,5968073.0,8703104.0,9338209.0,10302683.0
Skandinaviska Enskilda Banken AB (publ),0.0,0.0,0.0,0.0,0.0,0.0,0.0,0.0,0.0,0.0,0.0,0.0,0.0,0.0,0.0,0.0,142555954.0,11265261.0,160198953.0,188158972.0
Sky Investment Group LLC,1893.0,2728.0,3881.0,3744.0,3828.0,5737.0,5942.0,8439.0,7948.0,4538.0,3634.0,4375.0,8312823.0,12542543.0,12930078.0,14561944.0,26051442.0,35636966.0,35163924.0,38804573.0
"SkyOak Wealth, LLC",385.0,1335.0,889.0,962.0,1942.0,2579.0,2977.0,3345.0,2317.0,1348.0,1462.0,1336791.0,1778729.0,1862886.0,2034423.0,2453859.0,3388414.0,4755879.0,4443693.0,4500937.0
"SkyView Investment Advisors, LLC",0.0,0.0,0.0,551.0,538.0,538.0,999.0,1640.0,874.0,628.0,485.0,556.0,472.0,683.0,6192.0,7129.0,13004.0,16093.0,15897.0,0.0
"Skylands Capital, LLC",0.0,0.0,0.0,0.0,0.0,0.0,0.0,0.0,0.0,0.0,0.0,0.0,0.0,0.0,0.0,0.0,451780.0,0.0,0.0,0.0
"Skyline Advisors, Inc.",0.0,0.0,0.0,0.0,0.0,0.0,0.0,0.0,0.0,0.0,0.0,0.0,0.0,0.0,0.0,415265.0,733300.0,980917.0,915335.0,579992.0
"Slagle Financial, LLC",0.0,0.0,0.0,0.0,0.0,0.0,0.0,0.0,0.0,0.0,0.0,0.0,0.0,3682932.0,3786290.0,4055983.0,5921081.0,8311650.0,8771869.0,9325021.0
"SlateStone Wealth, LLC",586.0,1343.0,1750.0,908.0,923.0,1420.0,1522.0,2697.0,1887.0,1325.0,1205.0,1566368.0,3647.0,5609.0,9742.0,12448.0,29201.0,30173.0,36826.0,41184.0
"Slocum, Gordon & Co LLP",0.0,0.0,0.0,0.0,0.0,0.0,0.0,0.0,0.0,0.0,0.0,0.0,0.0,0.0,0.0,0.0,98487.0,196428.0,292670.0,323638.0
"Slow Capital, Inc.",5384.0,7728.0,9667.0,9541.0,21699.0,16634.0,16607.0,22833.0,21514.0,11831.0,9286.0,12164801.0,23020996.0,33725259.0,27441351.0,30442188.0,29425326.0,35700106.0,32558015.0,33621431.0
"Sloy Dahl & Holst, LLC",5665.0,0.0,0.0,5789.0,9227.0,14966.0,12503.0,12503.0,17224.0,9699.0,7742.0,9107189.0,21441422.0,29031565.0,20907931.0,23139330.0,19058225.0,25999625.0,26005661.0,29951969.0
"Smallwood Wealth Investment Management, LLC",0.0,0.0,0.0,0.0,0.0,0.0,0.0,439.0,407.0,368.0,258.0,310986.0,414711.0,644259.0,617686.0,713117.0,1301126.0,1793801.0,1684029.0,1852150.0
Smart Money Group LLC,0.0,0.0,0.0,0.0,0.0,0.0,0.0,0.0,0.0,0.0,0.0,0.0,256852.0,457165.0,498852.0,640268.0,1263148.0,1695672.0,1960563.0,1688509.0
"Smart Portfolios, LLC",0.0,0.0,0.0,0.0,0.0,0.0,0.0,0.0,0.0,0.0,0.0,0.0,0.0,0.0,0.0,0.0,220469.0,337264.0,340639.0,365269.0
Smartleaf Asset Management LLC,0.0,0.0,0.0,0.0,0.0,0.0,0.0,0.0,0.0,0.0,0.0,0.0,0.0,0.0,0.0,3229370.0,13122814.0,34027266.0,23781382.0,32914626.0
"Smith & Howard Wealth Management, LLC",0.0,0.0,0.0,0.0,0.0,0.0,0.0,0.0,0.0,0.0,0.0,0.0,0.0,300344.0,315804.0,359035.0,688516.0,941380.0,940072.0,1043976.0
"Smith Anglin Financial, LLC",0.0,0.0,0.0,613.0,630.0,949.0,985.0,1369.0,1259.0,633.0,475.0,566055.0,1825149.0,2736456.0,3252794.0,3560734.0,6338553.0,8560002.0,8617887.0,9229772.0
Smith Asset Management Group LP,27376.0,33970.0,45242.0,40399.0,42373.0,60791.0,0.0,0.0,0.0,0.0,0.0,0.0,0.0,0.0,0.0,0.0,0.0,0.0,0.0,0.0
"Smith Group Asset Management, LLC",0.0,0.0,0.0,0.0,0.0,0.0,59075.0,70525.0,57986.0,0.0,0.0,0.0,0.0,0.0,0.0,30272303.0,39864164.0,6241241.0,7552354.0,8985344.0
Smith Salley Wealth Management,0.0,0.0,0.0,0.0,0.0,0.0,0.0,0.0,0.0,0.0,0.0,0.0,0.0,0.0,0.0,0.0,51952653.0,75677529.0,77086369.0,87631804.0
Smith Thornton Advisors LLC,0.0,0.0,0.0,0.0,0.0,0.0,0.0,0.0,0.0,0.0,0.0,0.0,0.0,0.0,0.0,0.0,0.0,951043.0,927590.0,1055287.0
"Smith, Salley & Associates",806.0,1342.0,1747.0,1896.0,1931.0,3333.0,3627.0,4161.0,3968.0,6702.0,5698.0,6576487.0,13045670.0,20154928.0,22302091.0,26578285.0,0.0,0.0,0.0,0.0
Smithfield Trust Co,0.0,0.0,0.0,0.0,0.0,0.0,773.0,1772.0,1677.0,952.0,680.0,819.0,1540.0,2342.0,3115.0,3549.0,7175.0,9847.0,9827.0,10754.0
Snider Financial Group,0.0,0.0,0.0,0.0,0.0,332.0,380.0,504.0,712.0,0.0,0.0,0.0,0.0,4435425.0,2298057.0,0.0,1808033.0,3717828.0,3721422.0,4841599.0
Snow Lake Management LP,0.0,0.0,0.0,0.0,0.0,0.0,0.0,0.0,0.0,0.0,0.0,0.0,0.0,0.0,6524850.0,0.0,0.0,0.0,0.0,0.0
Snowden Capital Advisors LLC,9535664.0,16263847.0,21643567.0,22106554.0,23531058.0,33579739.0,34535013.0,43872.0,43095.0,23740.0,18149.0,19586766.0,35632212.0,41165139.0,37161976.0,43430000.0,79780830.0,114170229.0,101419594.0,109845131.0
"Socha Financial Group, LLC",0.0,0.0,0.0,0.0,0.0,0.0,0.0,0.0,0.0,0.0,0.0,0.0,0.0,0.0,0.0,0.0,351597.0,0.0,0.0,200232.0
"Sofos Investments, Inc.",346.0,0.0,0.0,0.0,75.0,800.0,0.0,0.0,0.0,0.0,0.0,0.0,0.0,0.0,0.0,0.0,0.0,0.0,0.0,0.0
Solano Wealth Investment Advisors LLC,0.0,0.0,0.0,0.0,0.0,0.0,0.0,0.0,0.0,0.0,0.0,0.0,0.0,0.0,0.0,0.0,0.0,0.0,0.0,247765.0
"Solano Wealth Management, Inc.",0.0,0.0,0.0,0.0,0.0,0.0,0.0,0.0,0.0,0.0,0.0,0.0,0.0,0.0,0.0,0.0,0.0,249181.0,0.0,0.0
"Solidarilty Wealth, LLC",0.0,0.0,0.0,0.0,0.0,0.0,0.0,0.0,463.0,333.0,261.0,0.0,0.0,0.0,0.0,0.0,0.0,0.0,0.0,0.0
"Solidarity Wealth, LLC",0.0,0.0,0.0,0.0,0.0,0.0,0.0,0.0,0.0,0.0,0.0,0.0,369712.0,551195.0,566792.0,679442.0,1239684.0,1706087.0,1661800.0,1859111.0
Sollinda Capital Management LLC,0.0,0.0,0.0,0.0,0.0,0.0,0.0,0.0,0.0,0.0,0.0,0.0,0.0,0.0,0.0,0.0,0.0,459198.0,431355.0,590358.0
"Solstein Capital, LLC",95.0,137.0,195.0,0.0,198.0,401.0,415.0,589.0,490.0,272.0,210.0,156078.0,296658.0,492395.0,506328.0,576436.0,1051744.0,1438006.0,1413562.0,1563136.0
Soltis Investment Advisors LLC,0.0,249.0,384.0,739.0,1187.0,2545.0,2652.0,2952.0,2893.0,1000.0,851.0,1018212.0,2317019.0,5925448.0,7142641.0,8885452.0,31555784.0,27355536.0,52915932.0,36283368.0
"Solutions 4 Wealth, Ltd",0.0,0.0,0.0,0.0,0.0,0.0,0.0,0.0,0.0,0.0,0.0,0.0,0.0,0.0,0.0,0.0,0.0,0.0,202324.0,0.0
Somerset Group LLC,0.0,0.0,0.0,0.0,0.0,0.0,0.0,0.0,0.0,0.0,0.0,0.0,0.0,0.0,0.0,0.0,0.0,999192.0,889791.0,998849.0
Somerset Trust Co,0.0,0.0,0.0,0.0,0.0,0.0,0.0,0.0,0.0,0.0,0.0,0.0,221383.0,417521.0,387141.0,448174.0,788808.0,753841.0,628088.0,755784.0
"Sompo Asset Management Co., Ltd.",0.0,0.0,0.0,0.0,0.0,584.0,604.0,929.0,922.0,583.0,1064.0,1183734.0,2197161.0,2944219.0,4315100.0,5229523.0,13522678.0,20492815.0,20216116.0,22267699.0
"Sone Capital Management, LLC",0.0,0.0,0.0,0.0,0.0,0.0,0.0,0.0,0.0,0.0,0.0,0.0,0.0,0.0,0.0,0.0,0.0,0.0,0.0,1669628.0
Sonen Capital LLC,0.0,0.0,0.0,0.0,0.0,0.0,0.0,0.0,589.0,328.0,401.0,511344.0,615260.0,654834.0,475879.0,541770.0,0.0,0.0,0.0,0.0
Sonnipe Ltd,0.0,0.0,0.0,0.0,0.0,0.0,0.0,0.0,0.0,0.0,0.0,905191.0,861365.0,591382.0,493714.0,562075.0,980363.0,0.0,0.0,0.0
Sonoma Private Wealth LLC,0.0,0.0,0.0,0.0,0.0,0.0,0.0,0.0,0.0,0.0,0.0,0.0,0.0,550988.0,547892.0,1102639.0,1667585.0,2633727.0,2649678.0,3737119.0
"Sonora Investment Management Group, LLC",0.0,0.0,0.0,0.0,0.0,0.0,0.0,1920.0,1840.0,1141.0,1141.0,1390737.0,2740332.0,3907464.0,4492519.0,5425585.0,9569125.0,9569125.0,13298015.0,14765610.0
"Sontag Advisory, LLC",2007.0,1353.0,2246.0,0.0,0.0,0.0,0.0,0.0,0.0,0.0,0.0,0.0,0.0,0.0,0.0,0.0,0.0,0.0,0.0,0.0
Souders Financial Advisors,0.0,0.0,0.0,0.0,0.0,0.0,0.0,0.0,211.0,0.0,0.0,0.0,0.0,316548.0,361615.0,839067.0,1914038.0,3142920.0,3090360.0,3569705.0
"Sound Income Strategies, LLC",37.0,43.0,117.0,74.0,73682.0,174.0,224.0,334.0,369.0,204.0,127.0,120536.0,264923.0,459718.0,543197.0,847301.0,2733219.0,4620977.0,4880393.0,6421768.0
"Sound Stewardship, LLC",0.0,0.0,0.0,0.0,0.0,0.0,0.0,0.0,0.0,0.0,0.0,0.0,0.0,0.0,0.0,0.0,351859.0,321349.0,297758.0,337593.0
"Sound View Wealth Advisors Group, LLC",500.0,884.0,1109.0,1449.0,1531.0,1937.0,2647.0,4207.0,3891.0,2485.0,2007.0,11873114.0,5220437.0,8249779.0,8490522.0,10222199.0,16617462.0,22790895.0,26205368.0,30649739.0
SoundView Advisors Inc.,0.0,0.0,0.0,0.0,0.0,0.0,0.0,0.0,0.0,0.0,0.0,0.0,0.0,0.0,0.0,0.0,0.0,0.0,0.0,4354.0
Source Financial Advisors LLC,0.0,0.0,0.0,0.0,0.0,188.0,201.0,0.0,0.0,0.0,0.0,0.0,342116.0,573468.0,602745.0,862006.0,1598083.0,2491375.0,2645515.0,0.0
South Dakota Investment Council,3323.0,4790.0,6774.0,6536.0,9079.0,14157.0,14662.0,20816.0,14624.0,16642.0,14877.0,17691.0,32292.0,45803.0,44836.0,50251.0,91002.0,123188.0,120924.0,133548.0
South Shore Capital Advisors,0.0,0.0,0.0,351.0,377.0,0.0,206.0,452.0,449.0,480.0,0.0,0.0,0.0,0.0,0.0,0.0,0.0,0.0,0.0,0.0
South Street Advisors LLC,14449.0,18384.0,24958.0,20221.0,20311.0,27682.0,25495.0,34084.0,31111.0,14998.0,11933.0,14310906.0,27222849.0,32968064.0,33981419.0,38428577.0,48066681.0,56051951.0,51377499.0,54176749.0
Southeast Asset Advisors Inc.,0.0,0.0,0.0,0.0,0.0,0.0,0.0,0.0,0.0,0.0,0.0,0.0,0.0,0.0,0.0,0.0,364253.0,500145.0,0.0,0.0
"Southeast Asset Advisors, LLC",0.0,0.0,0.0,0.0,0.0,0.0,0.0,0.0,0.0,0.0,0.0,0.0,0.0,0.0,0.0,0.0,0.0,0.0,943765.0,702030.0
Southland Equity Partners LLC,0.0,0.0,0.0,290343.0,293662.0,448056.0,434000.0,606161.0,690609.0,401410.0,281989.0,331153.0,640538.0,765243.0,795597.0,934480.0,1511656.0,1848776.0,1946076.0,2233937.0
Sovarnum Capital L.P.,0.0,0.0,0.0,1775.0,0.0,0.0,0.0,0.0,0.0,0.0,0.0,0.0,0.0,0.0,0.0,0.0,0.0,0.0,0.0,0.0
"Sovereign Financial Group, Inc.",0.0,0.0,0.0,0.0,0.0,0.0,399.0,682.0,681.0,0.0,0.0,215303.0,573121.0,1383405.0,1073694.0,1493252.0,4764777.0,5633224.0,4855946.0,5361494.0
"Sovereign Investment Advisors, LLC",0.0,0.0,0.0,0.0,0.0,0.0,0.0,0.0,0.0,0.0,0.0,0.0,0.0,0.0,0.0,0.0,0.0,0.0,0.0,1760408.0
"Sovran Advisors, LLC",0.0,0.0,0.0,0.0,0.0,0.0,0.0,0.0,0.0,0.0,0.0,0.0,0.0,0.0,0.0,0.0,0.0,0.0,0.0,14088049.0
"Sowa Financial Group, Inc.",5000.0,7.0,481.0,527.0,699.0,1047.0,1703.0,3797.0,3552.0,1928.0,1349.0,0.0,0.0,0.0,0.0,0.0,0.0,5929.0,5678.0,5755.0
Sowell Financial Services LLC,3029.0,6041.0,9864.0,7389.0,8905.0,10992.0,11720.0,22072.0,7242.0,8213.0,6173.0,6698.0,8494.0,20388000.0,19816000.0,23386000.0,45763000.0,61951000.0,51990000.0,60981882.0
Spahn Wealth & Retirement LLC,0.0,0.0,0.0,0.0,0.0,0.0,0.0,0.0,0.0,0.0,0.0,0.0,0.0,0.0,0.0,0.0,0.0,0.0,0.0,13112747.0
Spark Investment Management LLC,0.0,0.0,0.0,0.0,0.0,0.0,0.0,0.0,0.0,0.0,0.0,0.0,0.0,0.0,0.0,0.0,0.0,0.0,0.0,2833519.0
Spartan Planning & Wealth Management,0.0,0.0,0.0,0.0,0.0,0.0,0.0,0.0,799000.0,0.0,0.0,1754.0,0.0,0.0,1160988.0,2056153.0,0.0,0.0,0.0,6816292.0
"Spearhead Capital Advisors, LLC",0.0,237.0,337.0,316.0,341.0,327.0,430.0,675.0,603.0,250.0,0.0,0.0,0.0,0.0,0.0,0.0,0.0,0.0,0.0,0.0
Spears Abacus Advisors LLC,0.0,0.0,0.0,0.0,389.0,222.0,230.0,309.0,281.0,0.0,0.0,208980.0,334713.0,1161190.0,1194048.0,1384140.0,0.0,0.0,0.0,0.0
"Spectrum Asset Management, Inc. (NB/CA)",0.0,0.0,0.0,0.0,0.0,1104.0,917.0,950.0,883.0,476.0,381.0,0.0,0.0,223844.0,230185.0,269488.0,476152.0,224819.0,222985.0,259842.0
"Spectrum Investment Advisors, Inc.",0.0,0.0,0.0,0.0,0.0,0.0,0.0,0.0,0.0,0.0,0.0,0.0,0.0,0.0,0.0,506668.0,875658.0,395336.0,426870.0,546892.0
"Spectrum Management Group, LLC",2335.0,3822.0,2480.0,2524.0,2777.0,4967.0,6096.0,8692.0,3635.0,2320.0,2913.0,0.0,0.0,0.0,0.0,0.0,0.0,0.0,0.0,0.0
Spectrum Planning & Advisory Services Inc.,0.0,0.0,0.0,0.0,0.0,0.0,0.0,0.0,0.0,0.0,0.0,0.0,0.0,0.0,0.0,0.0,0.0,303788.0,248258.0,274565.0
"Spectrum Strategic Capital Management, LLC",0.0,0.0,0.0,0.0,0.0,0.0,0.0,0.0,0.0,0.0,0.0,0.0,0.0,0.0,0.0,2239410.0,3439900.0,4478639.0,3555829.0,3137092.0
"Spectrum Wealth Counsel, LLC",0.0,0.0,0.0,0.0,0.0,0.0,0.0,0.0,0.0,0.0,0.0,0.0,0.0,0.0,0.0,4739256.0,8005542.0,10948980.0,9977511.0,11229465.0
"SpiderRock Advisors, LLC",7.0,53.0,66.0,312.0,312.0,343.0,374.0,1270.0,1270.0,1270.0,1158.0,1144.0,840.0,2801.0,6604.0,11272.0,92919324.0,195248694.0,310166287.0,0.0
"Spinnaker Investment Group, LLC",0.0,0.0,0.0,0.0,0.0,0.0,0.0,0.0,0.0,0.0,0.0,0.0,0.0,436982.0,460684.0,598287.0,1971730.0,3040703.0,3069287.0,3350620.0
Spire Wealth Management,0.0,0.0,0.0,0.0,27970.0,41996.0,43521.0,65432.0,49970.0,20295.0,6336.0,6570.0,22074315.0,33243054.0,34897834.0,51049326.0,95878443.0,89759090.0,90546155.0,97371199.0
"Spotlight Asset Group, Inc.",497.0,837.0,1131.0,1028.0,1005.0,1507.0,1285.0,0.0,0.0,0.0,324.0,0.0,324.0,565578.0,565487.0,565487.0,1174628.0,1666555.0,0.0,0.0
"Spouting Rock Asset Management, LLC",346.0,1008.0,1355.0,1240.0,2185.0,3260.0,0.0,0.0,0.0,807.0,0.0,0.0,14339321.0,16938144.0,26009071.0,20610066.0,0.0,0.0,0.0,0.0
"Spreng Capital Management, Inc.",0.0,0.0,0.0,0.0,0.0,0.0,0.0,1672.0,1597.0,913.0,499.0,0.0,0.0,0.0,0.0,0.0,0.0,0.0,0.0,0.0
Squar Milner Financial Services LLC,21.0,0.0,0.0,0.0,0.0,0.0,0.0,0.0,0.0,0.0,0.0,0.0,0.0,0.0,0.0,0.0,0.0,0.0,0.0,0.0
"Squire Investment Management Company, LLC",0.0,0.0,0.0,0.0,0.0,0.0,0.0,0.0,0.0,0.0,0.0,0.0,0.0,0.0,0.0,0.0,266032.0,290739.0,275596.0,316880.0
"St. Clair Advisors, LLC",0.0,0.0,0.0,0.0,0.0,0.0,0.0,0.0,0.0,0.0,0.0,0.0,0.0,0.0,0.0,0.0,0.0,0.0,0.0,1534531.0
"St. Johns Investment Management Company, LLC",0.0,0.0,3.0,3.0,3.0,4.0,4.0,6.0,5.0,3.0,2.0,2923.0,581373.0,1168804.0,1261471.0,1725346.0,3063068.0,3970946.0,3447317.0,3763074.0
"St. Louis Financial Planners Asset Management, LLC",0.0,0.0,0.0,0.0,0.0,0.0,0.0,0.0,0.0,0.0,0.0,0.0,0.0,5826912.0,4889896.0,5043182.0,0.0,6839787.0,0.0,6442940.0
St. Louis Trust Co,0.0,0.0,0.0,0.0,0.0,0.0,0.0,0.0,0.0,0.0,0.0,0.0,0.0,0.0,0.0,0.0,361597.0,494398.0,0.0,0.0
"Stablepoint Partners, LLC",0.0,0.0,0.0,0.0,0.0,0.0,0.0,0.0,0.0,0.0,0.0,0.0,0.0,0.0,0.0,1309857.0,3744353.0,4454115.0,4468628.0,4647911.0
"Stamos Capital Partners, L.P.",1006.0,494.0,541.0,0.0,0.0,0.0,0.0,0.0,1048.0,1044.0,2499.0,2005041.0,3058248.0,1950122.0,1853057.0,500172.0,478887.0,900607.0,1224115.0,995089.0
Standard Family Office LLC,0.0,0.0,0.0,513.0,562.0,923.0,83.0,420.0,0.0,232.0,417.0,0.0,0.0,0.0,0.0,0.0,316246.0,432390.0,425040.0,470015.0
Stanich Group LLC,0.0,0.0,0.0,0.0,0.0,0.0,0.0,0.0,0.0,0.0,0.0,0.0,0.0,0.0,0.0,0.0,0.0,0.0,0.0,495262.0
"Stanley-Laman Group, Ltd.",7543.0,10558.0,15238.0,14741.0,15097.0,22813.0,24095.0,13148.0,1786.0,988.0,783.0,924336.0,1747173.0,2660796.0,2736087.0,2499375.0,4919884.0,7018060.0,7370315.0,8067337.0
"Starfire Investment Advisers, Inc.",0.0,306.0,0.0,0.0,0.0,0.0,0.0,0.0,0.0,0.0,0.0,0.0,0.0,0.0,0.0,0.0,0.0,0.0,0.0,0.0
"State of Alaska, Department of Revenue",28099.0,44260.0,57617.0,53738.0,53370.0,80088.0,82007.0,113001.0,105787.0,60292.0,46999.0,55363.0,102647.0,142438.0,140686.0,147097.0,273824.0,373989.0,389552.0,422601.0
State of New Jersey Common Pension Fund D,110307.0,159622.0,218626.0,201333.0,197156.0,293056.0,303538.0,430177.0,400118.0,221507.0,178025.0,213626575.0,402504007.0,614229693.0,609461444.0,694557440.0,1271918823.0,1135458611.0,1099426680.0,1208374858.0
"State of Tennessee, Department of Treasury",0.0,0.0,0.0,0.0,0.0,0.0,0.0,0.0,0.0,0.0,0.0,0.0,0.0,0.0,0.0,0.0,0.0,1173665086.0,1127619098.0,1198375357.0
"State of Tennessee, Treasury Department",204516.0,145216.0,192828.0,158781.0,133911.0,215680.0,209822.0,266249.0,276002.0,139431.0,266673.0,138061.0,267961941.0,415628995.0,455185281.0,509761641.0,885547532.0,0.0,0.0,0.0
State of Wyoming,0.0,0.0,0.0,0.0,746.0,736.0,1566.0,1676.0,1199.0,249.0,460.0,463848.0,1086358.0,1845213.0,3707420.0,4734798.0,4506957.0,4187141.0,4838412.0,11422170.0
"Steamboat Capital Partners, LLC",0.0,0.0,10149.0,0.0,5401.0,1997.0,8225.0,7650.0,7076.0,0.0,0.0,0.0,0.0,0.0,0.0,0.0,0.0,0.0,0.0,0.0
Steel Peak Wealth Management LLC,7411.0,8506.0,13181.0,14713.0,15217.0,18576.0,25857.0,30320.0,34311.0,16809.0,13478.0,13499543.0,29344462.0,34076786.0,0.0,0.0,0.0,0.0,0.0,0.0
"SteelPeak Wealth, LLC",0.0,0.0,0.0,0.0,0.0,0.0,0.0,0.0,0.0,0.0,0.0,0.0,0.0,0.0,33938558.0,29158514.0,55268220.0,108088470.0,99247917.0,111046206.0
"Steele Capital Management, Inc.",0.0,0.0,0.0,0.0,0.0,0.0,0.0,0.0,0.0,0.0,0.0,0.0,0.0,0.0,0.0,5209724.0,9566910.0,13714074.0,14019844.0,15588676.0
"Stegent Equity Advisors, Inc.",0.0,0.0,0.0,0.0,0.0,0.0,0.0,359.0,201.0,0.0,0.0,0.0,0.0,0.0,0.0,0.0,0.0,0.0,403072.0,206820.0
"Steigerwald, Gordon & Koch Inc.",0.0,0.0,272.0,277.0,283.0,408.0,775.0,646.0,581.0,296.0,219.0,274479.0,504225.0,759462.0,844074.0,1202642.0,2190711.0,3047752.0,3093582.0,3114835.0
"Stephens Consulting, LLC",0.0,0.0,0.0,0.0,0.0,0.0,0.0,59998.0,31652.0,17584.0,14081.0,5261.0,565540.0,1745381.0,1039627.0,2025946.0,3389254.0,5029314.0,6141343.0,3476502.0
Sterling Capital Management LLC,0.0,0.0,0.0,0.0,0.0,0.0,0.0,0.0,0.0,0.0,0.0,0.0,0.0,0.0,0.0,0.0,0.0,0.0,147327000.0,177763433.0
"Sterling Financial Group, Inc.",0.0,0.0,0.0,0.0,0.0,0.0,0.0,0.0,0.0,0.0,0.0,0.0,0.0,605344.0,605076.0,712631.0,1311987.0,1845719.0,1848954.0,2071336.0
"Sterling Financial Planning, Inc.",0.0,0.0,0.0,17.0,18.0,26.0,0.0,0.0,0.0,0.0,0.0,0.0,0.0,0.0,0.0,0.0,0.0,0.0,0.0,207241.0
"Sterling Group Wealth Management, LLC",0.0,0.0,0.0,0.0,0.0,0.0,0.0,0.0,0.0,0.0,0.0,0.0,0.0,0.0,0.0,0.0,0.0,315160.0,407198.0,349970.0
"Sterling Investment Advisors, Ltd.",263.0,408.0,361.0,280.0,308.0,461.0,519.0,737.0,698.0,679.0,926.0,956520.0,2284485.0,3257413.0,3259190.0,3670394.0,6366202.0,8974282.0,9115496.0,10075556.0
"Sterling Investment Counsel, LLC",0.0,0.0,0.0,0.0,0.0,0.0,0.0,495.0,1084.0,704.0,246.0,301382.0,550062.0,888468.0,955377.0,1157433.0,2117238.0,3527202.0,4686168.0,3638303.0
"Sterling Manor Financial, LLC",0.0,0.0,0.0,0.0,0.0,0.0,556.0,0.0,0.0,0.0,0.0,0.0,0.0,0.0,0.0,0.0,0.0,0.0,0.0,0.0
"Sterling Wealth Management, Inc.",0.0,0.0,0.0,0.0,0.0,0.0,0.0,0.0,0.0,0.0,0.0,0.0,0.0,0.0,0.0,0.0,229504.0,313792.0,493289.0,348214.0
"Sterneck Capital Management, LLC",0.0,0.0,0.0,0.0,0.0,0.0,0.0,0.0,0.0,0.0,0.0,0.0,0.0,0.0,0.0,502648.0,0.0,0.0,271904.0,470686.0
"Stevard, LLC",433.0,1378.0,2041.0,1636.0,1438.0,2158.0,2357.0,2648.0,3110.0,0.0,1378.0,1656643.0,3148801.0,4747130.0,4868843.0,5542997.0,10547256.0,14819858.0,4294118.0,4748494.0
Steward Financial Group LLC,0.0,0.0,0.0,0.0,0.0,0.0,0.0,0.0,56.0,42.0,0.0,54.0,126.0,182.0,197.0,0.0,0.0,0.0,0.0,0.0
"Steward Partners Investment Advisory, LLC",8056.0,12384.0,19326.0,20708.0,49980324.0,39485.0,44041.0,65222.0,67452.0,37551.0,14399.0,17261102.0,35166822.0,71324779.0,83884188.0,104444182.0,200646443.0,277524492.0,286486970.0,321483512.0
"Stewardship Advisors, LLC",0.0,0.0,0.0,0.0,0.0,0.0,0.0,0.0,0.0,0.0,0.0,0.0,0.0,0.0,0.0,0.0,0.0,260669.0,771508.0,1040748.0
"Stewart Asset Management, LLC",2917.0,4827.0,5340.0,6188.0,5995.0,10185.0,10437.0,13116.0,11782.0,5599.0,6597.0,7406000.0,0.0,0.0,0.0,0.0,0.0,0.0,0.0,0.0
Stiles Financial Services Inc,0.0,0.0,0.0,0.0,0.0,0.0,0.0,7120.0,6536.0,3603.0,2906.0,3316085.0,5608783.0,7933996.0,7961537.0,8614905.0,14701234.0,18912408.0,18698745.0,20298423.0
"Stillwater Capital Advisors, LLC",0.0,0.0,0.0,0.0,0.0,0.0,0.0,0.0,17702.0,9912.0,7746.0,7515401.0,17264989.0,26202157.0,26959248.0,30410960.0,54979577.0,64989200.0,62161488.0,67448944.0
"Stockman Wealth Management, Inc.",0.0,0.0,0.0,0.0,0.0,0.0,0.0,0.0,0.0,0.0,0.0,0.0,0.0,222509.0,239681.0,2513738.0,7523043.0,1181664.0,579637.0,500637.0
"Stokes Family Office, LLC",0.0,0.0,0.0,0.0,0.0,0.0,0.0,0.0,0.0,0.0,0.0,0.0,0.0,0.0,0.0,555668.0,1461119.0,2952706.0,3253112.0,3423461.0
"Stone House Investment Management, LLC",0.0,0.0,0.0,0.0,0.0,0.0,0.0,0.0,0.0,0.0,0.0,0.0,132779.0,181062.0,186187.0,211969.0,618064.0,896447.0,866597.0,827903.0
Stone Ridge Asset Management LLC,2421.0,336.0,0.0,0.0,0.0,0.0,0.0,0.0,0.0,0.0,0.0,0.0,0.0,0.0,0.0,0.0,0.0,0.0,0.0,0.0
"StoneCrest Wealth Management, Inc.",0.0,0.0,0.0,0.0,0.0,0.0,0.0,0.0,0.0,0.0,0.0,0.0,0.0,0.0,0.0,4946257.0,7361303.0,10508930.0,10282203.0,11292043.0
Stonebridge Capital Advisors LLC,3208.0,2628.0,3458.0,3111.0,3346.0,8350.0,4880.0,5063.0,10277.0,3651.0,3001.0,3385489.0,6077636.0,8450291.0,8089966.0,8986783.0,15507848.0,17997375.0,17047207.0,18176580.0
"Stonebridge Financial Group, LLC",0.0,0.0,0.0,0.0,0.0,0.0,0.0,0.0,0.0,0.0,0.0,0.0,0.0,0.0,0.0,0.0,0.0,0.0,0.0,1614573.0
"Stonebridge Financial Planning Group, LLC",32.0,46.0,80.0,76.0,88.0,119.0,61.0,53.0,0.0,0.0,0.0,0.0,252493.0,373527.0,425855.0,1048876.0,2177580.0,3268868.0,3308147.0,3823384.0
Stonebrook Private Inc.,0.0,0.0,0.0,0.0,0.0,0.0,0.0,0.0,0.0,0.0,0.0,0.0,0.0,0.0,0.0,4122382.0,3937026.0,5785215.0,6443809.0,7546316.0
"Stonegate Investment Group, LLC",0.0,0.0,0.0,0.0,0.0,0.0,0.0,0.0,0.0,0.0,1481.0,1769610.0,3716007.0,0.0,0.0,0.0,0.0,0.0,0.0,0.0
Stonehage Fleming Financial Services Holdings Ltd,0.0,0.0,0.0,0.0,0.0,0.0,0.0,0.0,0.0,0.0,0.0,0.0,0.0,0.0,0.0,1505468.0,0.0,0.0,0.0,0.0
"Stonekeep Investments, LLC",0.0,0.0,0.0,0.0,0.0,0.0,0.0,0.0,0.0,0.0,0.0,0.0,0.0,0.0,0.0,0.0,0.0,2381963.0,2367372.0,2515029.0
Stony Point Capital LLC,0.0,0.0,0.0,0.0,0.0,0.0,0.0,0.0,0.0,0.0,0.0,0.0,0.0,0.0,0.0,0.0,0.0,8710929.0,8849940.0,9786384.0
Straight Path Wealth Management,0.0,0.0,0.0,0.0,0.0,0.0,0.0,0.0,0.0,0.0,261.0,314201.0,597206.0,898918.0,941753.0,1057295.0,0.0,0.0,217256.0,328608.0
Strait & Sound Wealth Management LLC,0.0,0.0,0.0,0.0,0.0,0.0,0.0,0.0,0.0,0.0,0.0,2528935.0,3743904.0,4707991.0,4748581.0,3554073.0,5818971.0,8137083.0,9420935.0,9391755.0
"Strata Wealth Advisors, LLC",0.0,0.0,0.0,0.0,0.0,0.0,0.0,0.0,0.0,0.0,0.0,0.0,356250.0,0.0,612188.0,752781.0,1438468.0,2386547.0,2445196.0,2998836.0
"StrategIQ Financial Group, LLC",0.0,0.0,0.0,0.0,0.0,243.0,266.0,395.0,385.0,263.0,291.0,352344.0,684981.0,1114658.0,1279497.0,1304311.0,0.0,0.0,0.0,0.0
Strategic Advisors LLC,1215.0,2058.0,3037.0,2766.0,2887.0,4712.0,6482.0,24473.0,9623.0,5205.0,4096.0,4851345.0,8844925.0,12659124.0,13648088.0,16188571.0,13632634.0,22658370.0,24845230.0,27420340.0
Strategic Advocates LLC,0.0,0.0,0.0,0.0,0.0,0.0,0.0,0.0,0.0,0.0,0.0,0.0,0.0,0.0,4321018.0,8297530.0,8826041.0,11601752.0,12546367.0,14053921.0
"Strategic Asset Management, LLC",0.0,0.0,0.0,0.0,0.0,0.0,77.0,121.0,113.0,65.0,52.0,0.0,0.0,0.0,0.0,0.0,0.0,0.0,0.0,0.0
"Strategic Blueprint, LLC",414.0,564.0,4425.0,4198.0,3579.0,3970.0,4116.0,6409.0,6048.0,3372.0,2543.0,3015327.0,5716436.0,8257730.0,8770811.0,10029036.0,19228104.0,29342861.0,30184821.0,33095636.0
Strategic Equity Management,0.0,0.0,0.0,0.0,0.0,0.0,0.0,0.0,0.0,0.0,0.0,0.0,0.0,0.0,0.0,0.0,0.0,222372.0,268261.0,300675.0
"Strategic Family Wealth Counselors, L.L.C.",0.0,0.0,0.0,0.0,0.0,0.0,0.0,218.0,214.0,0.0,0.0,0.0,0.0,0.0,0.0,0.0,2704380.0,3688693.0,3765039.0,4876113.0
"Strategic Financial Concepts, LLC",0.0,0.0,0.0,0.0,0.0,0.0,0.0,0.0,0.0,0.0,0.0,0.0,1164349.0,1754633.0,1787370.0,1318765.0,3931537.0,3202567.0,3395231.0,14698188.0
"Strategic Financial Partners, Ltd.",0.0,0.0,0.0,0.0,0.0,0.0,0.0,0.0,0.0,0.0,0.0,0.0,0.0,0.0,0.0,0.0,0.0,0.0,0.0,298132.0
"Strategic Financial Services, Inc,",0.0,0.0,207.0,0.0,0.0,274.0,201.0,285.0,346.0,0.0,0.0,0.0,351379.0,517031.0,532428.0,614568.0,1072526.0,1279133.0,0.0,0.0
"Strategic Financial Services, Inc.",0.0,0.0,0.0,0.0,0.0,0.0,0.0,0.0,0.0,0.0,0.0,0.0,0.0,0.0,0.0,0.0,0.0,0.0,1443193.0,1708169.0
"Strategic Global Advisors, LLC",0.0,0.0,0.0,3362.0,3491.0,4661.0,0.0,0.0,0.0,0.0,0.0,0.0,0.0,8094065.0,9943436.0,9678580.0,17188422.0,26054586.0,25376102.0,30046985.0
Strategic Investment Advisors / MI,0.0,0.0,0.0,0.0,0.0,218.0,249.0,361.0,493.0,320.0,0.0,256141.0,490874.0,1320380.0,2281699.0,4503282.0,9531893.0,12667084.0,12581581.0,15090780.0
"Strategic Investment Solutions, Inc. /IL",0.0,0.0,0.0,0.0,0.0,0.0,0.0,0.0,0.0,0.0,0.0,338220.0,291003.0,322150.0,22856176.0,813475.0,0.0,1814860.0,1936891.0,1415606.0
Strategic Vision Investment Ltd,0.0,0.0,0.0,0.0,0.0,0.0,0.0,0.0,0.0,0.0,0.0,0.0,56692857.0,14403831.0,24837929.0,0.0,29795795.0,15813120.0,0.0,0.0
"Strategic Wealth Advisors Group, LLC",2900.0,4271.0,7656.0,8115.0,8302.0,12380.0,13684.0,22117.0,26824.0,16960.0,11940.0,0.0,0.0,0.0,0.0,0.0,0.0,0.0,0.0,0.0
"Strategic Wealth Investment Group, LLC",0.0,0.0,0.0,0.0,0.0,0.0,0.0,0.0,255.0,757.0,741.0,1807352.0,7018712.0,5566145.0,6016037.0,7215099.0,0.0,13522277.0,23211150.0,80866953.0
"Strategic Wealth Partners, Ltd.",0.0,329.0,535.0,649.0,768.0,1079.0,1578.0,2417.0,2922.0,1051.0,655161.0,803650.0,1481680.0,1407055.0,1459007.0,1948250.0,4769074.0,8111951.0,10224707.0,13776283.0
"Strategies Wealth Advisors, LLC",0.0,0.0,0.0,0.0,0.0,0.0,0.0,0.0,0.0,0.0,0.0,0.0,0.0,0.0,0.0,0.0,0.0,0.0,0.0,3282777.0
"Strathmore Capital Advisors, Inc.",0.0,0.0,0.0,0.0,0.0,0.0,0.0,0.0,0.0,0.0,0.0,0.0,0.0,0.0,0.0,0.0,0.0,0.0,0.0,207478.0
"Stratos Investment Management, LLC",0.0,0.0,0.0,0.0,0.0,0.0,0.0,0.0,0.0,0.0,0.0,0.0,0.0,0.0,0.0,805619.0,6084434.0,10502858.0,16194126.0,18597827.0
"Stratos Wealth Advisors, LLC",0.0,0.0,278.0,560.0,460.0,683.0,801.0,1484.0,1453.0,1835.0,1734.0,5162794.0,9102842.0,12249093.0,13882685.0,15530199.0,29072704.0,42012119.0,41702362.0,44882705.0
"Stratos Wealth Partners, LTD.",4565.0,7611.0,12120.0,11867.0,12649.0,19426.0,22376.0,32831.0,32274.0,18654.0,14091.0,14630980.0,22558931.0,35318384.0,44878360.0,52072525.0,98684508.0,140599031.0,140842511.0,158099116.0
"Strengthening Families & Communities, LLC",0.0,0.0,0.0,0.0,0.0,0.0,0.0,325.0,301.0,301.0,141.0,170.0,394.0,625.0,560.0,885247.0,3685.0,5957.0,8923548.0,11060.0
"Strid Group, LLC",0.0,0.0,0.0,0.0,0.0,0.0,0.0,0.0,0.0,0.0,0.0,0.0,0.0,0.0,0.0,0.0,90365.0,254504.0,214953.0,445847.0
"Strive Asset Management, LLC",0.0,0.0,0.0,0.0,0.0,0.0,0.0,0.0,0.0,0.0,0.0,0.0,0.0,0.0,0.0,0.0,0.0,0.0,0.0,1774911.0
Strong Tower Advisory Services,0.0,0.0,0.0,0.0,0.0,0.0,0.0,3373.0,4429.0,3218.0,2676.0,3609378.0,6863724.0,10151257.0,9488054.0,9448861.0,16014251.0,22418114.0,18082588.0,19449692.0
"StrongBox Wealth, LLC",0.0,0.0,224.0,781.0,881.0,1579.0,1648.0,2443.0,1196.0,224.0,0.0,0.0,208605.0,328264.0,457609.0,765695.0,2371475.0,2304849.0,2534052.0,2840328.0
"Stuart Chaussee & Associates, Inc.",0.0,0.0,0.0,0.0,1.0,0.0,0.0,0.0,0.0,0.0,0.0,0.0,0.0,0.0,0.0,0.0,17190.0,60565.0,71679.0,184682.0
Sturgeon Ventures LLP,3147.0,6164.0,8054.0,9063.0,10958.0,16002.0,16268.0,21815.0,22295.0,13025.0,3064.0,2897079.0,6211493.0,9459573.0,9727246.0,0.0,0.0,0.0,0.0,0.0
"Styrax Capital, LP",0.0,0.0,0.0,0.0,0.0,0.0,0.0,0.0,0.0,0.0,0.0,0.0,30076658.0,68706485.0,70650641.0,80433137.0,146755312.0,193220266.0,58441786.0,124446274.0
Successful Portfolios LLC,728.0,1040.0,1480.0,1384.0,1413.0,2102.0,2170.0,3045.0,2814.0,1561.0,1249.0,1530000.0,2580859.0,3855130.0,3977854.0,4352184.0,7913179.0,7868495.0,7697703.0,8359959.0
"Sugar Maple Asset Management, LLC",0.0,0.0,0.0,0.0,0.0,0.0,0.0,0.0,0.0,0.0,0.0,0.0,0.0,0.0,0.0,0.0,898000.0,1372673.0,1007467.0,1146850.0
"Sugarloaf Wealth Management, LLC",107.0,154.0,222.0,215.0,1362.0,2191.0,2303.0,3344.0,3517.0,2308.0,1880.0,2411473.0,804165.0,691917.0,632021.0,767576.0,1481812.0,2029731.0,2076594.0,5319738.0
"Sullivan, Bruyette, Speros & Blaney, LLC",909.0,1326.0,1802.0,1726.0,1709.0,0.0,0.0,0.0,0.0,0.0,0.0,0.0,0.0,0.0,0.0,0.0,0.0,0.0,0.0,0.0
"Sulzberger Capital Advisors, Inc.",0.0,0.0,0.0,0.0,0.0,0.0,0.0,0.0,0.0,0.0,0.0,0.0,0.0,0.0,0.0,0.0,0.0,0.0,0.0,6217896.0
"Sumitomo Mitsui DS Asset Management Company, Ltd",12353.0,17834.0,26309.0,27789.0,30725.0,45750.0,48162.0,65940.0,61741.0,35642.0,30663.0,37802034.0,74370140.0,136115991.0,140675331.0,160255173.0,291581523.0,402803529.0,402539111.0,491052200.0
Summa Corp.,0.0,0.0,0.0,0.0,0.0,0.0,0.0,0.0,0.0,0.0,0.0,0.0,0.0,0.0,0.0,38587542.0,74581650.0,100736987.0,99472763.0,108850102.0
Summerhill Capital Management lnc.,0.0,0.0,0.0,0.0,0.0,0.0,0.0,0.0,0.0,0.0,0.0,0.0,0.0,0.0,0.0,0.0,5532498.0,5504448.0,5449499.0,0.0
"Summit Asset Management, LLC",452.0,327.0,447.0,436.0,512.0,787.0,825.0,1192.0,1235.0,958.0,817.0,940621.0,1829515.0,2422399.0,2392201.0,2794744.0,5094669.0,7079633.0,7195490.0,7711120.0
"Summit Financial Group, Inc.",0.0,0.0,0.0,0.0,0.0,0.0,0.0,0.0,0.0,0.0,0.0,0.0,0.0,0.0,392795.0,447183.0,815914.0,0.0,0.0,0.0
"Summit Financial Strategies, Inc.",0.0,0.0,0.0,0.0,0.0,0.0,0.0,265.0,238.0,0.0,0.0,0.0,279442.0,422183.0,577677.0,432339.0,1442601.0,1557041.0,1508117.0,1631668.0
"Summit Financial Wealth Advisors, LLC",0.0,0.0,0.0,0.0,0.0,0.0,0.0,0.0,0.0,0.0,0.0,0.0,0.0,0.0,0.0,0.0,0.0,346777.0,417389.0,382995.0
"Summit Financial, LLC",0.0,0.0,0.0,0.0,0.0,793813.0,1419699.0,2930046.0,4192376.0,2382498.0,2274992.0,2283449.0,4482554.0,10070796.0,11889490.0,13733516.0,21852537.0,37129846.0,36979079.0,57098976.0
Summit Global Investments,0.0,0.0,0.0,0.0,0.0,0.0,256.0,518.0,927.0,1234.0,461.0,495.0,1290.0,7859.0,9915.0,9774.0,15572.0,29222.0,18396.0,16958.0
"Summit Investment Advisory Services, LLC",0.0,0.0,0.0,0.0,0.0,0.0,0.0,0.0,0.0,0.0,0.0,0.0,0.0,0.0,0.0,0.0,218676.0,832378.0,207439.0,229389.0
"Summit Place Financial Advisors, LLC",0.0,0.0,1435.0,1680.0,3492.0,2327.0,2260.0,2476.0,2019.0,1153.0,1078.0,1939862.0,3842392.0,4615994.0,4429068.0,4323271.0,7000783.0,7937445.0,7212443.0,7523597.0
"Summit Rock Advisors, LP",0.0,0.0,0.0,0.0,0.0,0.0,0.0,0.0,0.0,0.0,0.0,0.0,0.0,0.0,0.0,0.0,56351423.0,28335134.0,33670090.0,37232843.0
"Summit Trail Advisors, LLC",364.0,945.0,4686.0,1363.0,1379.0,2049.0,2321.0,3469.0,3918.0,2119.0,1563.0,2131307.0,4873199.0,8209976.0,7310881.0,8932783.0,16549406.0,21118705.0,25503752.0,41922293.0
"Summit Wealth Group, LLC",0.0,0.0,0.0,0.0,56.0,84.0,0.0,0.0,0.0,0.0,0.0,0.0,0.0,0.0,0.0,222.0,623.0,3490.0,3431.0,3143.0
"Summit Wealth Partners, LLC",0.0,228744.0,0.0,0.0,223823.0,335430.0,391166.0,562449.0,433183.0,0.0,0.0,0.0,323155.0,595361.0,852758.0,1171426.0,2115685.0,2305168.0,2290272.0,1915208.0
"Summit X, LLC",0.0,735.0,102832.0,2954.0,3324.0,5131.0,4549.0,7063.0,7553.0,4248.0,1587.0,4255687.0,3391549.0,5248436.0,5584510.0,7236092.0,11675853.0,17710003.0,16330407.0,18381823.0
Sun Life Financial INC,95.0,139.0,202.0,191.0,199.0,0.0,0.0,0.0,0.0,0.0,0.0,0.0,0.0,0.0,0.0,0.0,0.0,0.0,0.0,0.0
"Sunbeam Capital Management, LLC",0.0,0.0,0.0,0.0,0.0,0.0,0.0,0.0,0.0,0.0,0.0,0.0,0.0,0.0,0.0,0.0,0.0,0.0,0.0,9818914.0
"Sunbelt Securities, Inc.",899.0,0.0,2943.0,1937.0,2748.0,4267.0,4267.0,6362.0,7299.0,4724.0,4207.0,4838247.0,6400633.0,10334769.0,10606090.0,13131521.0,32004271.0,43696572.0,41490549.0,48236481.0
"Sunburst Financial Group, LLC",0.0,0.0,277.0,287.0,294.0,657.0,732.0,1154.0,1123.0,672.0,413.0,463472.0,881796.0,1334440.0,1366991.0,1572120.0,2970769.0,4025680.0,3976072.0,4404977.0
Suncoast Equity Management,0.0,0.0,0.0,0.0,0.0,0.0,0.0,0.0,0.0,0.0,0.0,0.0,0.0,0.0,23965366.0,27502084.0,51821126.0,72742570.0,67136515.0,73476933.0
"Sunesis Advisors, LLC",0.0,0.0,219.0,211.0,216.0,316.0,327.0,465.0,431.0,240.0,0.0,207811.0,394989.0,0.0,618556.0,704203.0,1284862.0,1756739.0,1696760.0,1876300.0
"Sunflower Bank, N.A.",0.0,0.0,0.0,258.0,219.0,337.0,349.0,805.0,601.0,391.0,296.0,350.0,598317.0,873113.0,935663.0,1054323.0,1799892.0,2167262.0,2254898.0,2517132.0
Supplemental Annuity Collective Trust of NJ,1582.0,2279.0,3247.0,3133.0,3204.0,4561.0,4723.0,6706.0,5757.0,3199.0,2561.0,3083554.0,4749867.0,7233642.0,7438329.0,8468262.0,15450876.0,19927002.0,19588272.0,21660977.0
"Surevest, LLC",0.0,0.0,0.0,0.0,0.0,0.0,0.0,292.0,1141.0,816.0,784.0,0.0,0.0,0.0,0.0,0.0,0.0,0.0,0.0,0.0
SurgoCap Partners LP,0.0,0.0,0.0,0.0,0.0,0.0,0.0,0.0,0.0,0.0,0.0,0.0,0.0,0.0,0.0,78425020.0,168123602.0,105948645.0,0.0,206822715.0
"Sustainable Growth Advisers, LP",0.0,0.0,0.0,0.0,0.0,0.0,0.0,0.0,0.0,0.0,0.0,0.0,0.0,306756337.0,382905167.0,418494575.0,506683016.0,1081178484.0,555224894.0,470015671.0
Sutton Wealth Advisors Inc.,192428.0,379530.0,533102.0,507056.0,528591.0,831304.0,904048.0,1370557.0,1346890.0,822586.0,778034.0,809235.0,901454.0,1715061.0,1829725.0,0.0,0.0,0.0,0.0,0.0
Svenska Handelsbanken AB (publ),1292.0,1862.0,2652.0,2559.0,0.0,0.0,0.0,0.0,0.0,0.0,0.0,0.0,0.0,0.0,0.0,0.0,0.0,40013.0,0.0,0.0
"Swan Global Investments, LLC",0.0,0.0,0.0,0.0,0.0,0.0,0.0,0.0,0.0,0.0,0.0,0.0,0.0,0.0,0.0,0.0,0.0,0.0,239200.0,239200.0
Swedbank,162.0,269.0,610.0,0.0,0.0,0.0,0.0,0.0,0.0,0.0,0.0,0.0,0.0,0.0,0.0,0.0,0.0,0.0,0.0,0.0
Swedbank AB,0.0,0.0,0.0,0.0,411660.0,624878.0,764835.0,1178410.0,1319005.0,958807.0,793284.0,956340.0,1412738.0,1623551.0,1739090.0,2080419.0,4511.0,6807548.0,6044919.0,6184189.0
"Sweet Financial Partners, LLC",0.0,0.0,0.0,0.0,0.0,0.0,0.0,0.0,211.0,0.0,0.0,0.0,335840.0,496226.0,517670.0,613616.0,3337825.0,5237396.0,4909687.0,0.0
"Swisher Financial Concepts, Inc.",0.0,0.0,0.0,0.0,0.0,0.0,0.0,0.0,0.0,0.0,0.0,0.0,0.0,0.0,0.0,0.0,291.0,506.0,610.0,517151.0
Swiss National Bank,594821.0,919584.0,1295589.0,1216637.0,1271036.0,2019437.0,2041256.0,2794758.0,2954589.0,1643937.0,1317303.0,1478936800.0,2711812956.0,3773676816.0,3455821554.0,3824881192.0,6683542964.0,9144430800.0,8867330208.0,9305853843.0
"SwitchPoint Financial Planning, LLC",0.0,0.0,0.0,0.0,0.0,0.0,0.0,0.0,0.0,0.0,0.0,0.0,0.0,0.0,0.0,0.0,0.0,0.0,0.0,508442.0
"Sylvest Advisors, LLC",0.0,0.0,0.0,0.0,0.0,0.0,0.0,0.0,0.0,0.0,0.0,0.0,0.0,0.0,0.0,0.0,0.0,0.0,0.0,545029.0
Symmetry Investments LP,0.0,0.0,0.0,0.0,0.0,1600.0,4475.0,0.0,0.0,1425.0,4408.0,3461.0,0.0,1861.0,23899.0,15398.0,26170.0,31799.0,10026.0,0.0
"Symmetry Partners, LLC",1051.0,2514.0,5158.0,4993.0,5110.0,6358.0,5934.0,6611.0,6140.0,3407.0,2163.0,1979.0,2487.0,11792.0,15843.0,16061.0,19189.0,17579.0,807455.0,1847698.0
"Symphony Financial Services, Inc.",0.0,0.0,0.0,0.0,0.0,0.0,0.0,0.0,0.0,0.0,0.0,0.0,0.0,0.0,0.0,0.0,0.0,4531290.0,3952323.0,4249220.0
"Symphony Financial, Ltd. Co.",0.0,974.0,2556.0,2456.0,4477.0,3308.0,1177.0,2281.0,2504.0,1175.0,734.0,1164459.0,2356259.0,2570861.0,3325488.0,11043547.0,13156989.0,25501533.0,26086919.0,34713967.0
"Synergy Asset Management, LLC",0.0,0.0,0.0,0.0,0.0,0.0,5609.0,6606.0,6436.0,224.0,314.0,390486.0,631649.0,1024554.0,7686274.0,13504155.0,19840371.0,28456327.0,32847094.0,74093625.0
"Synergy Financial Group, LTD",0.0,0.0,0.0,0.0,0.0,0.0,0.0,4959.0,4645.0,2516.0,1949.0,2096671.0,3662397.0,3815640.0,3848808.0,4045486.0,6050316.0,8459054.0,8327528.0,8608365.0
"Synergy Financial Management, LLC",0.0,0.0,0.0,3445.0,6220.0,7008.0,0.0,0.0,0.0,0.0,0.0,0.0,0.0,0.0,0.0,0.0,0.0,0.0,0.0,0.0
"Synergy Investment Management, LLC",0.0,0.0,0.0,0.0,0.0,0.0,0.0,0.0,0.0,0.0,0.0,0.0,0.0,0.0,0.0,0.0,0.0,0.0,0.0,2025553.0
"Syntal Capital Partners, LLC",1202.0,1687.0,2462.0,0.0,0.0,0.0,0.0,0.0,0.0,0.0,0.0,0.0,0.0,0.0,0.0,206507.0,0.0,0.0,0.0,0.0
"Syntegra Private Wealth Group, LLC",0.0,0.0,0.0,0.0,0.0,0.0,0.0,0.0,0.0,0.0,0.0,314201.0,576928.0,787240.0,829091.0,1055314.0,2074880.0,3069194.0,2929524.0,3431447.0
"Systematic Alpha Investments, LLC",0.0,0.0,0.0,7858.0,8782.0,19017.0,24402.0,28070.0,24569.0,13649.0,10930.0,13158740.0,25010970.0,38089570.0,39167370.0,44590600.0,81358350.0,111237900.0,109347000.0,120219100.0
Systematic Portfolios LLC,0.0,0.0,0.0,0.0,0.0,0.0,0.0,0.0,0.0,0.0,0.0,0.0,0.0,0.0,0.0,274847.0,0.0,0.0,0.0,0.0
Syverson Strege & Co,0.0,0.0,0.0,0.0,0.0,0.0,84.0,0.0,0.0,0.0,0.0,0.0,74442.0,0.0,0.0,0.0,0.0,581256.0,0.0,776206.0
"T. Rowe Price Investment Management, Inc.",0.0,0.0,0.0,0.0,0.0,0.0,0.0,0.0,0.0,0.0,277793.0,435105.0,767093.0,1085811.0,1111508.0,1318244.0,1787321.0,2513309.0,3108967.0,2833658.0
"TABR Capital Management, LLC",0.0,0.0,0.0,0.0,0.0,0.0,0.0,0.0,0.0,0.0,0.0,0.0,0.0,0.0,0.0,0.0,0.0,0.0,0.0,1731085.0
"TAGStone Capital, Inc.",0.0,0.0,0.0,0.0,0.0,0.0,0.0,282.0,262.0,0.0,0.0,0.0,267.0,406.0,418.0,476.0,891.0,1317.0,1837.0,2331.0
TANAKA CAPITAL MANAGEMENT INC,98.0,141.0,200.0,193.0,414.0,620.0,642.0,782.0,726.0,246.0,197.0,237.0,450.0,952.0,979.0,1104.0,2649.0,3622.0,3552.0,3920.0
TANDEM CAPITAL MANAGEMENT CORP /ADV,0.0,0.0,0.0,0.0,0.0,0.0,0.0,0.0,0.0,0.0,0.0,0.0,241660.0,346876.0,717734.0,408557.0,745437.0,933659.0,1910654.0,1244197.0
"TAP Consulting, LLC",0.0,0.0,0.0,0.0,0.0,269.0,279.0,381.0,417.0,232.0,0.0,0.0,242457.0,345553.0,0.0,0.0,0.0,266165.0,255933.0,284046.0
"TAURUS ASSET MANAGEMENT, LLC",0.0,0.0,0.0,0.0,0.0,0.0,0.0,224.0,207.0,0.0,0.0,0.0,0.0,304574.0,313193.0,356558.0,628878.0,861074.0,5266853.0,7450409.0
"TBH Global Asset Management, LLC",0.0,0.0,0.0,0.0,0.0,0.0,0.0,0.0,0.0,0.0,0.0,0.0,303090.0,458197.0,468989.0,448569.0,1006998.0,1446210.0,1631607.0,2054940.0
TCF National Bank,0.0,0.0,0.0,487.0,765.0,0.0,0.0,0.0,0.0,0.0,0.0,0.0,0.0,0.0,0.0,0.0,0.0,0.0,0.0,0.0
"TCFG WEALTH MANAGEMENT, LLC",0.0,0.0,0.0,0.0,0.0,0.0,0.0,0.0,0.0,0.0,0.0,0.0,0.0,0.0,0.0,0.0,0.0,0.0,10071362.0,10985397.0
"TCG Advisors, LP",0.0,301.0,0.0,0.0,0.0,0.0,0.0,0.0,0.0,0.0,0.0,0.0,0.0,0.0,0.0,0.0,0.0,0.0,0.0,0.0
"TCG Advisory Services, LLC",0.0,0.0,0.0,912.0,1061.0,1892.0,1135.0,1261.0,2383.0,1488.0,1228.0,0.0,5268074.0,4559721.0,10862327.0,68086219.0,109576144.0,151894900.0,156031419.0,0.0
"TCI Wealth Advisors, Inc.",820.0,244.0,668.0,465.0,474.0,729.0,931.0,1371.0,1107.0,632.0,369.0,496625.0,1034430.0,1668907.0,1741062.0,2510855.0,3777951.0,5992443.0,6353995.0,6807473.0
"TCP Asset Management, LLC",0.0,0.0,0.0,0.0,0.0,0.0,0.0,0.0,0.0,0.0,0.0,0.0,269159.0,409906.0,388881.0,463031.0,758990.0,1005245.0,1039648.0,1227008.0
"TCTC Holdings, LLC",0.0,0.0,0.0,0.0,0.0,0.0,128.0,182.0,0.0,0.0,0.0,0.0,8333.0,0.0,0.0,0.0,82224.0,112421.0,115975.0,132141.0
"TCV Trust & Wealth Management, Inc.",0.0,0.0,0.0,0.0,0.0,0.0,0.0,0.0,0.0,0.0,0.0,0.0,0.0,0.0,0.0,0.0,0.0,0.0,437184.0,472700.0
TCWP LLC,0.0,0.0,0.0,0.0,0.0,0.0,0.0,1575.0,2541.0,1937.0,1405.0,1897706.0,2871457.0,3929399.0,3845748.0,976080.0,1789052.0,2422254.0,0.0,0.0
TD ASSET MANAGEMENT INC,126251.0,318311.0,519215.0,473472.0,483745.0,716984.0,759511.0,1699203.0,1501245.0,842740.0,479401.0,0.0,0.0,0.0,0.0,0.0,0.0,0.0,0.0,3381669831.0
TD Asset Management Inc,0.0,0.0,0.0,0.0,0.0,0.0,0.0,0.0,0.0,0.0,0.0,572393845.0,1222121891.0,1861577769.0,1813662096.0,1621779141.0,2524399360.0,3273954542.0,3087765660.0,0.0
TD Capital Management LLC,53.0,76.0,109.0,108.0,114.0,171.0,178.0,270.0,252.0,0.0,112.0,135026.0,256685.0,390947.0,379385.0,409123.0,1161046.0,1042981.0,1025252.0,1153791.0
TEACHER RETIREMENT SYSTEM OF TEXAS,44997.0,92192.0,130913.0,119396.0,124933.0,166474.0,178498.0,284632.0,264964.0,121256.0,87824.0,95268.0,199578.0,487402.0,299963.0,306425.0,518925.0,745348.0,845586.0,1173005.0
TEACHERS RETIREMENT SYSTEM OF THE STATE OF KENTUCKY,36018.0,46765.0,65084.0,60419.0,59170.0,85304.0,86527.0,100711.0,92417.0,0.0,52070.0,61828.0,118936.0,199944.0,207835.0,234509.0,371978.0,471727.0,452836.0,481597.0
TEALWOOD ASSET MANAGEMENT INC,0.0,0.0,0.0,0.0,0.0,0.0,0.0,0.0,0.0,0.0,0.0,0.0,0.0,0.0,0.0,0.0,0.0,0.0,0.0,224.0
TECTONIC ADVISORS LLC,0.0,0.0,0.0,0.0,0.0,0.0,0.0,0.0,0.0,0.0,0.0,0.0,0.0,0.0,0.0,0.0,0.0,21002.0,20645.0,22829.0
"TEGEAN CAPITAL MANAGEMENT, LLC",0.0,0.0,0.0,0.0,0.0,0.0,0.0,0.0,0.0,0.0,4856.0,0.0,0.0,0.0,0.0,0.0,0.0,0.0,0.0,0.0
"TELEMUS CAPITAL, LLC",1931.0,2236.0,0.0,0.0,230.0,313.0,455.0,582.0,916.0,3894.0,2628.0,2971354.0,11666340.0,7971383.0,8673266.0,10299043.0,0.0,0.0,0.0,0.0
TEXAS CAPITAL BANCSHARES INC/TX,0.0,0.0,0.0,0.0,0.0,102.0,105.0,149.0,139.0,77.0,62.0,90607.0,177772.0,214894.0,0.0,0.0,0.0,0.0,0.0,0.0
TEXAS CAPITAL BANK WEALTH MANAGEMENT SERVICES INC,2879.0,3840.0,25801.0,23742.0,0.0,22270.0,26260.0,36012.0,28891.0,15294.0,11647.0,0.0,15573175.0,23718731.0,0.0,0.0,0.0,0.0,0.0,0.0
TEXAS PERMANENT SCHOOL FUND,29328.0,40791.0,62778.0,56992.0,55277.0,82809.0,79750.0,101415.0,88481.0,50137.0,43009.0,51660.0,0.0,0.0,0.0,0.0,0.0,0.0,0.0,0.0
TEXAS PERMANENT SCHOOL FUND CORP,0.0,0.0,0.0,0.0,0.0,0.0,0.0,0.0,0.0,0.0,0.0,0.0,142380735.0,219392555.0,222020201.0,252572104.0,461369482.0,503562012.0,0.0,0.0
TFB Advisors LLC,0.0,0.0,0.0,0.0,0.0,0.0,0.0,0.0,0.0,0.0,0.0,284242.0,516374.0,2641463.0,2510095.0,2454521.0,5398869.0,8776563.0,9181626.0,10507074.0
TFC Financial Management,0.0,0.0,85.0,111.0,113.0,187.0,211.0,353.0,364.0,204.0,137.0,0.0,0.0,0.0,0.0,0.0,0.0,0.0,0.0,0.0
"TFC Financial Management, Inc.",0.0,0.0,0.0,0.0,0.0,0.0,0.0,0.0,0.0,0.0,0.0,151404.0,613321.0,941650.0,963953.0,1146488.0,2048504.0,2755836.0,3027043.0,3058274.0
TFG Advisers LLC,426.0,662.0,986.0,971.0,929.0,1346.0,1479.0,2192.0,2068.0,1151.0,961.0,1079992.0,2077191.0,3199377.0,3216572.0,3560348.0,6440972.0,8443270.0,8330405.0,9271862.0
"TFO Wealth Partners, LLC",0.0,0.0,0.0,0.0,0.0,0.0,0.0,0.0,0.0,0.0,0.0,0.0,0.0,0.0,238160.0,381320.0,313535.0,459575.0,842794.0,0.0
"TFO-TDC, LLC",13.0,24.0,29.0,28.0,160.0,0.0,0.0,0.0,0.0,28.0,2.0,55825.0,101664.0,237314.0,0.0,0.0,0.0,0.0,0.0,0.0
THAMES CAPITAL MANAGEMENT LLC,1726.0,4498.0,3211.0,3098.0,3168.0,4747.0,4916.0,6937.0,14863.0,0.0,0.0,0.0,0.0,6810199.0,6066371.0,7391654.0,9426841.0,11588052.0,14616761.0,18248802.0
THOMAS STORY & SON LLC,0.0,0.0,0.0,0.0,0.0,0.0,0.0,0.0,0.0,0.0,0.0,0.0,0.0,0.0,0.0,0.0,0.0,562.0,583.0,645.0
THOMAS WHITE INTERNATIONAL LTD,580.0,836.0,1191.0,1291.0,947.0,1419.0,1469.0,2086.0,1935.0,1075.0,861.0,1036425.0,1969945.0,3000058.0,0.0,0.0,0.0,0.0,0.0,0.0
"THOMPSON DAVIS & CO., INC.",0.0,0.0,0.0,0.0,0.0,0.0,0.0,1949.0,1747.0,2184.0,862.0,730700.0,1374962.0,748745.0,757783.0,449371.0,750869.0,1050708.0,952090.0,1536746.0
"THOMPSON INVESTMENT MANAGEMENT, INC.",0.0,0.0,0.0,0.0,0.0,0.0,0.0,0.0,0.0,0.0,0.0,0.0,0.0,0.0,0.0,0.0,137281.0,198899.0,195518.0,216207.0
THORNBURG INVESTMENT MANAGEMENT INC,0.0,107.0,76.0,74.0,75.0,4313.0,9609.0,4244.0,8999.0,10214.0,29074.0,37793.0,52042.0,70586.0,47904.0,39458469.0,48716430.0,56366017.0,45804496.0,49731079.0
"THOROUGHBRED FINANCIAL SERVICES, LLC",1921.0,2727.0,3927.0,3817.0,3963.0,6024.0,6403.0,9807.0,9691.0,5871.0,4583.0,6148.0,11607.0,18251.0,20521.0,38673.0,62644.0,97094.0,90591.0,97829.0
"THREADGILL FINANCIAL, LLC",0.0,0.0,0.0,0.0,0.0,0.0,0.0,0.0,0.0,0.0,0.0,243783.0,0.0,0.0,0.0,0.0,0.0,0.0,0.0,0.0
"THURSTON, SPRINGER, MILLER, HERD & TITAK, INC.",0.0,0.0,0.0,0.0,0.0,0.0,0.0,0.0,0.0,0.0,0.0,0.0,0.0,0.0,0.0,0.0,0.0,8447101.0,11957011.0,31090890.0
"TI-TRUST, INC",0.0,0.0,0.0,0.0,0.0,0.0,0.0,0.0,0.0,0.0,0.0,0.0,0.0,0.0,0.0,0.0,378592.0,517633.0,508834.0,562675.0
"TIAA TRUST, NATIONAL ASSOCIATION",0.0,0.0,0.0,0.0,0.0,0.0,0.0,0.0,0.0,0.0,0.0,0.0,0.0,0.0,43766954.0,58200235.0,139878316.0,197181576.0,0.0,0.0
"TIAA, FSB",10326.0,13373.0,18912.0,11165.0,21191.0,25470.0,24153.0,36935.0,29843.0,11900.0,6614.0,7207518.0,22607978.0,40259236.0,0.0,0.0,0.0,0.0,0.0,0.0
"TIEDEMANN ADVISORS, LLC",0.0,0.0,0.0,0.0,0.0,0.0,0.0,0.0,0.0,0.0,0.0,0.0,0.0,423971.0,455115.0,0.0,0.0,0.0,0.0,0.0
"TIEMANN INVESTMENT ADVISORS, LLC",668.0,913.0,1282.0,1062.0,2076.0,1544.0,1466.0,2103.0,1835.0,976.0,795.0,1130539.0,2187717.0,3166728.0,3130623.0,3520519.0,6140595.0,8016512.0,7270007.0,6888407.0
"TIFF ADVISORY SERVICES, LLC",0.0,0.0,0.0,0.0,0.0,0.0,0.0,0.0,0.0,0.0,0.0,0.0,0.0,0.0,0.0,0.0,0.0,37400500.0,36764746.0,45317504.0
"TIG Advisors, LLC",0.0,0.0,0.0,0.0,0.0,0.0,0.0,0.0,0.0,0.0,0.0,0.0,0.0,0.0,1511590.0,0.0,0.0,0.0,0.0,0.0
TIGER GLOBAL MANAGEMENT LLC,0.0,0.0,0.0,0.0,0.0,0.0,0.0,0.0,0.0,0.0,0.0,0.0,12187159.0,265899797.0,483384812.0,479548763.0,874966844.0,1196305767.0,1175970312.0,1300403930.0
TIGER MANAGEMENT L.L.C.,659.0,608.0,0.0,0.0,0.0,0.0,0.0,0.0,0.0,0.0,0.0,0.0,10867751.0,0.0,0.0,0.0,0.0,0.0,0.0,0.0
"TILIA FIDUCIARY PARTNERS, INC.",0.0,0.0,0.0,0.0,0.0,0.0,0.0,203.0,175.0,100.0,69.0,3558.0,164951.0,229601.0,232216.0,286670.0,510411.0,650579.0,671823.0,725655.0
TITAN GLOBAL CAPITAL MANAGEMENT USA LLC,0.0,0.0,0.0,0.0,0.0,0.0,0.0,0.0,0.0,0.0,0.0,0.0,0.0,0.0,10086339.0,15306724.0,27725617.0,19208374.0,27095982.0,29196752.0
"TITLEIST ASSET MANAGEMENT, LLC",0.0,0.0,0.0,0.0,0.0,0.0,0.0,0.0,0.0,0.0,0.0,0.0,8572804.0,12405495.0,11430283.0,12020078.0,20546810.0,24232465.0,29534967.0,30844849.0
"TITLEIST ASSET MANAGEMENT, LTD.",0.0,0.0,0.0,0.0,0.0,0.0,0.0,5059.0,5890.0,4423.0,3904.0,5139420.0,0.0,0.0,0.0,0.0,0.0,0.0,0.0,0.0
"TKG Advisors, LLC",0.0,0.0,0.0,0.0,0.0,0.0,0.0,3675.0,4064.0,820.0,657.0,777757.0,3322498.0,5295595.0,4417635.0,5093279.0,4639715.0,4637574.0,4778166.0,6095332.0
TLWM,0.0,0.0,0.0,0.0,0.0,0.0,0.0,0.0,0.0,0.0,0.0,0.0,241382.0,487742.0,446736.0,476404.0,716523.0,1206369.0,1231646.0,1402393.0
"TMD Wealth Management, LLC",0.0,0.0,0.0,0.0,0.0,0.0,0.0,0.0,0.0,0.0,0.0,0.0,313880.0,0.0,0.0,0.0,0.0,389275.0,0.0,0.0
TNF LLC,0.0,0.0,0.0,0.0,0.0,0.0,0.0,0.0,0.0,0.0,0.0,0.0,0.0,0.0,0.0,482943.0,665421.0,837972.0,1099217.0,0.0
TOBAM,0.0,0.0,0.0,0.0,0.0,0.0,0.0,0.0,0.0,248.0,35.0,14.0,109.0,1155.0,1243.0,2192.0,4113.0,10252.0,6571.0,5075.0
"TOBIAS FINANCIAL ADVISORS, INC.",0.0,0.0,0.0,0.0,0.0,0.0,0.0,0.0,0.0,0.0,0.0,215884.0,203122.0,263229.0,270686.0,405729.0,976112.0,1759758.0,1427823.0,1575361.0
TOCQUEVILLE ASSET MANAGEMENT L.P.,50891.0,69244.0,87152.0,75176.0,74961.0,102364.0,100060.0,132009.0,104613.0,58098.0,46566.0,54053825.0,102142140.0,115954911.0,105063188.0,121524079.0,194072153.0,221445714.0,206951507.0,218553834.0
TODD ASSET MANAGEMENT LLC,481.0,693.0,844.0,721.0,737.0,1024.0,1243.0,1312.0,1171.0,650.0,521.0,626941.0,1191633.0,1294441.0,1331069.0,1396520.0,2548039.0,3483828.0,3424608.0,3786978.0
TOKIO MARINE ASSET MANAGEMENT CO LTD,0.0,0.0,0.0,0.0,0.0,0.0,0.0,0.0,0.0,0.0,0.0,0.0,0.0,55936781.0,54512947.0,0.0,0.0,0.0,0.0,0.0
TOMPKINS FINANCIAL CORP,1874.0,2698.0,3853.0,8550.0,3799.0,0.0,5886.0,8271.0,7520.0,4067.0,3204.0,3657.0,6944250.0,10262042.0,10312743.0,10897811.0,20939099.0,32691155.0,31714663.0,34146053.0
"TORNO CAPITAL, LLC",0.0,0.0,0.0,0.0,0.0,0.0,0.0,0.0,0.0,0.0,0.0,0.0,0.0,0.0,0.0,0.0,0.0,172956000.0,1675872.0,204456525.0
TORONTO DOMINION BANK,98696.0,292368.0,221790.0,259876.0,213918.0,935856.0,471475.0,684120.0,532901.0,285372.0,215703.0,328556.0,532419.0,1683986.0,1553160506.0,967537066.0,1636273068.0,2058524536.0,3367538484.0,3480011742.0
TOTAL INVESTMENT MANAGEMENT INC,0.0,0.0,0.0,0.0,0.0,0.0,0.0,0.0,0.0,0.0,0.0,0.0,244755.0,472573.0,682210.0,837139.0,1685582.0,2772794.0,1646666.0,1819905.0
TOTH FINANCIAL ADVISORY CORP,1136.0,1520.0,1055.0,431.0,446.0,668.0,682.0,966.0,925.0,509.0,476.0,547602.0,1691943.0,2549612.0,2162002.0,2472267.0,4587621.0,4884639.0,4596825.0,5659201.0
TOWER BRIDGE ADVISORS,1372038.0,1928043.0,2692570.0,2597945.0,2684066.0,4182123.0,4331301.0,6047784.0,5603999.0,3288442.0,2657591.0,3268129.0,6415931.0,9400778.0,9680709.0,10986959.0,16842375.0,3693871.0,3728232.0,4525605.0
TOWNSEND ASSET MANAGEMENT CORP /NC/ /ADV,0.0,0.0,0.0,0.0,0.0,0.0,0.0,279.0,258.0,0.0,0.0,286669.0,550163.0,888177.0,952492.0,1148778.0,2339985.0,3060123.0,2947018.0,3241481.0
TOWNSQUARE CAPITAL LLC,1343.0,1839.0,9158.0,8823.0,0.0,0.0,0.0,0.0,0.0,0.0,0.0,6185665.0,9141773.0,15811920.0,20077578.0,22559119.0,43045705.0,76799945.0,94094389.0,2161507.0
TPG Advisors LLC,0.0,0.0,0.0,0.0,0.0,0.0,0.0,0.0,0.0,0.0,0.0,0.0,0.0,0.0,0.0,0.0,0.0,753044.0,764531.0,845449.0
"TPG Financial Advisors, LLC",0.0,0.0,0.0,0.0,0.0,0.0,0.0,0.0,0.0,0.0,0.0,0.0,0.0,0.0,0.0,0.0,0.0,704549.0,646547.0,671047.0
TRADITION ASSET MANAGEMENT LLC,1123.0,1185.0,0.0,0.0,0.0,0.0,0.0,0.0,0.0,0.0,0.0,0.0,0.0,0.0,0.0,0.0,0.0,0.0,0.0,0.0
"TRAN CAPITAL MANAGEMENT, L.P.",0.0,0.0,0.0,0.0,27649.0,38087.0,39080.0,54262.0,53677.0,0.0,0.0,0.0,0.0,0.0,0.0,0.0,0.0,55918281.0,54315921.0,57325782.0
TRANSATLANTIQUE PRIVATE WEALTH LLC,0.0,0.0,0.0,0.0,0.0,0.0,0.0,0.0,0.0,0.0,0.0,0.0,0.0,0.0,0.0,0.0,0.0,0.0,975406.0,1274009.0
"TRANSCEND CAPITAL ADVISORS, LLC",0.0,0.0,0.0,0.0,0.0,0.0,0.0,0.0,6253.0,3762.0,3186.0,2041303.0,3073139.0,5503749.0,5812800.0,6858680.0,15429010.0,23177440.0,18252121.0,19493943.0
"TRANSCEND WEALTH COLLECTIVE, LLC",0.0,0.0,0.0,1083.0,1611.0,0.0,4747.0,6076.0,0.0,0.0,0.0,0.0,0.0,0.0,0.0,0.0,0.0,0.0,0.0,0.0
TRAPHAGEN INVESTMENT ADVISORS LLC,0.0,0.0,0.0,0.0,0.0,0.0,0.0,0.0,0.0,0.0,0.0,0.0,283213.0,817568.0,859467.0,1394969.0,2572553.0,3794786.0,3834668.0,4415377.0
"TRIAD FINANCIAL ADVISORS, INC.",0.0,0.0,0.0,0.0,0.0,0.0,0.0,0.0,0.0,0.0,0.0,0.0,222772.0,334186.0,370176.0,0.0,0.0,0.0,0.0,0.0
"TRIGLAV SKLADI, D.O.O.",0.0,0.0,0.0,0.0,0.0,0.0,0.0,0.0,0.0,0.0,0.0,0.0,0.0,0.0,0.0,0.0,0.0,0.0,0.0,94929601.0
"TRILLIUM ASSET MANAGEMENT, LLC",5603.0,7509.0,14836.0,0.0,0.0,0.0,0.0,0.0,0.0,0.0,0.0,0.0,0.0,0.0,0.0,0.0,0.0,0.0,0.0,0.0
"TRITONPOINT WEALTH, LLC",0.0,0.0,0.0,0.0,0.0,0.0,0.0,0.0,0.0,0.0,0.0,0.0,0.0,0.0,0.0,6141724.0,5008413.0,10979187.0,11719096.0,12727642.0
"TRU INDEPENDENCE ASSET MANAGEMENT 2, LLC",0.0,0.0,0.0,468.0,0.0,340.0,1242.0,2069.0,1648.0,0.0,0.0,0.0,7289414.0,0.0,0.0,0.0,0.0,0.0,0.0,0.0
TRUE Private Wealth Advisors,188.0,304.0,439.0,389.0,1202.0,1819.0,1881.0,2930.0,4262.0,3400.0,1019.0,1163812.0,2353173.0,3575214.0,3874709.0,4457288.0,7483806.0,9498650.0,7733303.0,7399167.0
"TRUEFG, LLC",0.0,0.0,0.0,0.0,0.0,0.0,0.0,0.0,0.0,0.0,0.0,0.0,0.0,0.0,0.0,0.0,0.0,0.0,0.0,778211.0
TRUEWEALTH LLC,98.0,65.0,0.0,0.0,0.0,0.0,0.0,0.0,0.0,0.0,0.0,0.0,0.0,0.0,0.0,0.0,0.0,0.0,0.0,0.0
TRUST CO OF OKLAHOMA,0.0,0.0,0.0,0.0,0.0,0.0,0.0,0.0,0.0,0.0,0.0,0.0,0.0,0.0,0.0,532857.0,998434.0,1503976.0,1306694.0,1486859.0
TRUST CO OF TOLEDO NA /OH/,304.0,511.0,729.0,817.0,1398.0,2176.0,2070.0,2992.0,2776.0,1545.0,1249.0,1527.0,3500458.0,5533102.0,5566567.0,6437860.0,11992952.0,17273610.0,16671648.0,19441700.0
TRUST CO OF VERMONT,259.0,314.0,772.0,1270.0,1357.0,2340.0,2529.0,3589.0,3830.0,2366.0,1365.0,1434218.0,3046304.0,5707809.0,6095080.0,11555959.0,24477440.0,36066762.0,37775976.0,42146245.0
TRUST CO OF VIRGINIA /VA,0.0,0.0,0.0,0.0,0.0,0.0,0.0,205.0,0.0,0.0,0.0,0.0,0.0,200511.0,0.0,233743.0,363231.0,515161.0,0.0,0.0
TRUST POINT INC.,0.0,0.0,0.0,0.0,0.0,0.0,0.0,0.0,0.0,0.0,0.0,0.0,0.0,0.0,0.0,6296723.0,14300643.0,18567816.0,18557617.0,21351454.0
TRUSTCO BANK CORP N Y,0.0,0.0,0.0,0.0,0.0,0.0,0.0,0.0,0.0,0.0,0.0,0.0,0.0,204741.0,210535.0,0.0,211433.0,0.0,0.0,0.0
"TRUSTCORE FINANCIAL SERVICES, LLC",16.0,95.0,1117.0,1111.0,1437.0,2413.0,2376.0,2905.0,4277.0,2448.0,1803.0,2301120.0,0.0,0.0,0.0,0.0,0.0,0.0,0.0,0.0
TRUSTMARK NATIONAL BANK TRUST DEPARTMENT,0.0,0.0,0.0,0.0,0.0,0.0,0.0,0.0,0.0,0.0,0.0,0.0,0.0,0.0,0.0,0.0,19397626.0,21644826.0,20906503.0,19959791.0
TSA Wealth Managment LLC,0.0,0.0,0.0,0.0,0.0,0.0,0.0,0.0,0.0,0.0,0.0,0.0,0.0,0.0,0.0,0.0,315342.0,589409.0,778309.0,853010.0
"TSFG, LLC",133.0,207.0,320.0,299.0,278.0,604.0,675.0,839.0,803.0,637.0,527.0,601.0,1208.0,1782.0,1878.0,2077.0,4896.0,7490.0,7407.0,8496.0
"TTP Investments, Inc.",0.0,0.0,0.0,0.0,0.0,0.0,0.0,561.0,594.0,391.0,310.0,465746.0,884582.0,1568049.0,2632035.0,9642304.0,17515322.0,24636327.0,49928214.0,21756700.0
TUCKER ASSET MANAGEMENT LLC,0.0,0.0,0.0,522.0,534.0,600875.0,774169.0,922196.0,1391586.0,787662.0,1030496.0,1101796.0,2103830.0,3286019.0,3823997.0,4476824.0,8020944.0,11205175.0,11701235.0,13669602.0
TWIN CAPITAL MANAGEMENT INC,6389.0,9011.0,13388.0,11835.0,10793.0,11982.0,10796.0,13775.0,13624.0,7518.0,5964.0,6829.0,12114383.0,20215280.0,19074312.0,20233204.0,33830190.0,47587237.0,46128255.0,50654994.0
"TWIN CITY PRIVATE WEALTH, LLC",0.0,0.0,0.0,0.0,0.0,0.0,0.0,0.0,0.0,0.0,0.0,0.0,0.0,0.0,0.0,0.0,263840.0,436097.0,432578.0,478341.0
"TWIN FOCUS CAPITAL PARTNERS, LLC",0.0,0.0,0.0,0.0,0.0,437.0,467.0,2090.0,1953.0,1068.0,848.0,1013627.0,1925502.0,3055050.0,639000.0,1152377.0,381302.0,659704.0,672778.0,5963819.0
"TWIN PEAKS WEALTH ADVISORS, LLC",0.0,0.0,0.0,0.0,0.0,0.0,0.0,0.0,0.0,0.0,0.0,0.0,0.0,0.0,0.0,0.0,0.0,0.0,0.0,5171596.0
TWINBEECH CAPITAL LP,0.0,0.0,0.0,4626.0,0.0,0.0,0.0,0.0,3920.0,0.0,0.0,591575.0,0.0,0.0,0.0,0.0,0.0,0.0,0.0,0.0
"TWO SIGMA ADVISERS, LP",127108.0,116328.0,0.0,341153.0,0.0,0.0,0.0,369520.0,85896.0,21662.0,139744.0,0.0,23416011.0,723491106.0,701029884.0,716830950.0,849075332.0,1210086654.0,1054512096.0,1230861853.0
"TWO SIGMA INVESTMENTS, LP",39936.0,30442.0,63230.0,407233.0,189408.0,79610.0,56196.0,268804.0,82152.0,237622.0,68750.0,0.0,18008940.0,293536116.0,255507036.0,275700364.0,122813682.0,233992419.0,249752047.0,244561562.0
"TWO SIGMA SECURITIES, LLC",18306.0,51664.0,48470.0,21081.0,6965.0,72566.0,16485.0,22017.0,45362.0,60275.0,35013.0,23564344.0,55248453.0,112118067.0,197610737.0,366644546.0,457063115.0,345738920.0,124070390.0,1413671.0
TYBOURNE CAPITAL MANAGEMENT (HK) LTD,0.0,0.0,0.0,0.0,0.0,0.0,0.0,0.0,44094.0,24497.0,43884.0,27198700.0,25794556.0,17491877.0,0.0,0.0,0.0,0.0,0.0,0.0
Tacita Capital Inc,0.0,0.0,0.0,0.0,0.0,0.0,0.0,0.0,0.0,0.0,0.0,0.0,0.0,0.0,0.0,0.0,0.0,0.0,0.0,27798.0
"Tactive Advisors, LLC",0.0,0.0,0.0,0.0,0.0,0.0,0.0,0.0,0.0,0.0,0.0,0.0,691408.0,805489.0,851362.0,792960.0,3745492.0,0.0,0.0,0.0
"Taika Capital, LP",0.0,0.0,0.0,0.0,0.0,0.0,0.0,0.0,0.0,0.0,0.0,0.0,0.0,0.0,0.0,0.0,1120414.0,3587972.0,5435654.0,6759487.0
Taikang Asset Management (Hong Kong) Co Ltd,0.0,0.0,0.0,0.0,0.0,0.0,0.0,0.0,300.0,0.0,0.0,0.0,0.0,0.0,0.0,0.0,23004638.0,44475141.0,42446923.0,16930209.0
Tairen Capital Ltd,0.0,99663.0,0.0,0.0,534.0,3437.0,9550.0,14224.0,6276.0,972.0,0.0,0.0,36448702.0,214448720.0,0.0,0.0,84218117.0,0.0,380571675.0,6983080.0
"Talbot Financial, LLC",0.0,0.0,0.0,0.0,0.0,0.0,0.0,0.0,0.0,0.0,0.0,2975281.0,5713485.0,8887258.0,9468024.0,10934989.0,19683218.0,27733709.0,28246912.0,30819147.0
Talisman Wealth Advisors LLC,0.0,0.0,0.0,0.0,0.0,0.0,0.0,0.0,0.0,0.0,0.0,0.0,469.0,712045.0,729159.0,831121.0,1481203.0,1994571.0,1958946.0,2157433.0
Tallon Kerry Patrick,0.0,0.0,0.0,0.0,0.0,0.0,0.0,0.0,0.0,0.0,0.0,0.0,0.0,0.0,0.0,0.0,0.0,0.0,0.0,971628.0
"Talon Private Wealth, LLC",0.0,0.0,0.0,0.0,0.0,0.0,0.0,0.0,0.0,0.0,0.0,0.0,0.0,0.0,0.0,0.0,0.0,0.0,0.0,3148192.0
Talos Asset Management LP,0.0,0.0,0.0,0.0,0.0,0.0,0.0,0.0,0.0,0.0,0.0,0.0,0.0,0.0,0.0,0.0,0.0,0.0,0.0,44087407.0
"Tamar Securities, LLC",0.0,0.0,0.0,0.0,0.0,0.0,0.0,0.0,0.0,0.0,0.0,0.0,305428.0,541707.0,523145.0,591712.0,1275749.0,2055250.0,2627266.0,2756128.0
Tanager Wealth Management LLP,0.0,0.0,0.0,0.0,0.0,0.0,0.0,0.0,0.0,0.0,0.0,258080.0,0.0,216163.0,235765.0,458092.0,709224.0,1089688.0,1023709.0,1244612.0
"Tandem Financial, LLC",0.0,0.0,0.0,0.0,0.0,0.0,0.0,0.0,0.0,0.0,0.0,0.0,0.0,0.0,0.0,0.0,0.0,0.0,0.0,595308.0
Tandem Investment Partners LLC,0.0,0.0,0.0,0.0,0.0,0.0,0.0,0.0,0.0,0.0,0.0,0.0,0.0,0.0,0.0,0.0,0.0,0.0,0.0,781568.0
Tandem Wealth Advisors LLC,0.0,0.0,0.0,0.0,0.0,0.0,0.0,0.0,0.0,0.0,0.0,216433.0,408322.0,273271.0,284048.0,323379.0,510511.0,674528.0,621166.0,774853.0
"Tanglewood Legacy Advisors, LLC",0.0,0.0,0.0,0.0,0.0,0.0,0.0,0.0,0.0,0.0,0.0,16952.0,32221.0,49070.0,50459.0,57446.0,118366.0,164431.0,122168.0,135097.0
"Tarbox Family Office, Inc.",100.0,141.0,201.0,189.0,193.0,294.0,313.0,451.0,270.0,0.0,0.0,0.0,287214.0,437403.0,454130.0,520476.0,986689.0,1350297.0,1326130.0,1486469.0
"Taylor & Morgan Wealth Management, LLC",0.0,0.0,0.0,0.0,0.0,0.0,0.0,1691.0,1922.0,1130.0,862.0,996497.0,1797949.0,1610375.0,1582451.0,1747111.0,2980816.0,3822589.0,3616857.0,3591430.0
"Taylor Financial Group, Inc.",0.0,0.0,0.0,0.0,0.0,0.0,0.0,0.0,0.0,0.0,0.0,0.0,0.0,0.0,0.0,0.0,0.0,0.0,642296.0,718720.0
Taylor Frigon Capital Management LLC,6101.0,4517.0,0.0,0.0,0.0,0.0,0.0,0.0,0.0,0.0,0.0,0.0,0.0,0.0,0.0,0.0,0.0,0.0,0.0,0.0
Taylor Hoffman Capital Management LLC,0.0,0.0,0.0,0.0,0.0,0.0,0.0,0.0,0.0,0.0,0.0,0.0,0.0,0.0,0.0,0.0,0.0,0.0,1522757.0,1540306.0
Taylor Hoffman Wealth Management,0.0,183.0,257.0,248.0,0.0,248.0,286.0,392.0,359.0,0.0,0.0,0.0,358879.0,546542.0,562007.0,621996.0,1095115.0,1425721.0,0.0,0.0
"Team Financial Group, LLC",0.0,0.0,0.0,0.0,0.0,0.0,0.0,0.0,0.0,0.0,0.0,0.0,0.0,0.0,33957.0,38662.0,0.0,0.0,0.0,0.0
"Team Hewins, LLC",0.0,0.0,0.0,0.0,0.0,0.0,0.0,0.0,0.0,0.0,0.0,0.0,0.0,0.0,12317636.0,27229236.0,23297447.0,0.0,13614618.0,0.0
"Teamwork Financial Advisors, LLC",444.0,825.0,1343.0,1508.0,1721.0,2506.0,0.0,5360.0,8221.0,6763.0,2641.0,3010982.0,5764522.0,9110025.0,10110684.0,13685937.0,28450823.0,25166813.0,25690199.0,27590040.0
Ted Buchan & Co,0.0,0.0,0.0,0.0,0.0,0.0,0.0,0.0,0.0,0.0,0.0,908218.0,1679338.0,1934398.0,1944348.0,2120476.0,4043345.0,5482377.0,5387241.0,5889943.0
"Teewinot Capital Advisers, L.L.C.",0.0,6791.0,0.0,0.0,0.0,0.0,0.0,0.0,0.0,0.0,0.0,0.0,0.0,0.0,0.0,0.0,0.0,0.0,0.0,0.0
Tejara Capital Ltd,0.0,0.0,0.0,0.0,0.0,0.0,0.0,0.0,0.0,0.0,0.0,0.0,0.0,0.0,0.0,0.0,0.0,0.0,4545985.0,5027012.0
"Telemark Asset Management, LLC",5272.0,5319.0,27061.0,15666.0,10679.0,16002.0,31074.0,32352.0,10914.0,0.0,0.0,0.0,27777000.0,63453000.0,60898600.0,69330800.0,126498400.0,172956000.0,139656000.0,154433500.0
"Telemus Capital, LLC",0.0,0.0,2297.0,0.0,0.0,0.0,0.0,0.0,0.0,0.0,0.0,0.0,0.0,0.0,0.0,0.0,0.0,0.0,0.0,0.0
"Telligent Fund, LP",0.0,0.0,0.0,0.0,0.0,0.0,0.0,0.0,0.0,0.0,0.0,0.0,0.0,0.0,0.0,0.0,0.0,0.0,0.0,16920540.0
"Telos Capital Management, Inc.",0.0,0.0,0.0,0.0,0.0,0.0,0.0,327.0,460.0,333.0,251.0,449882.0,1266751.0,1855548.0,1936763.0,2094003.0,3742934.0,4880250.0,4669867.0,5099559.0
"Tempus Wealth Planning, LLC",0.0,0.0,0.0,0.0,0.0,1247.0,1293.0,1864.0,1622.0,950.0,1003.0,1200832.0,2108830.0,3070702.0,3068854.0,3506160.0,6376430.0,8832645.0,9208945.0,10959558.0
"Ten Capital Wealth Advisors, LLC",0.0,0.0,0.0,84.0,85.0,129.0,133.0,316.0,293.0,170.0,130.0,273866.0,475542.0,823.0,0.0,0.0,0.0,0.0,0.0,0.0
Tenere Capital LLC,0.0,0.0,0.0,0.0,0.0,0.0,0.0,0.0,0.0,0.0,0.0,3624.0,5022082.0,7648202.0,9795975.0,0.0,11609842.0,0.0,21810260.0,16772418.0
Tennessee Valley Asset Management Partners,0.0,0.0,0.0,201.0,205.0,0.0,0.0,255.0,994.0,332.0,242.0,272253.0,707786.0,1029725.0,1065420.0,2452690.0,2129153.0,6241691.0,3161502.0,3329669.0
Tenon Financial LLC,0.0,0.0,0.0,0.0,0.0,0.0,0.0,0.0,0.0,0.0,0.0,0.0,0.0,0.0,0.0,0.0,0.0,0.0,0.0,215771.0
Terra Alpha Investments LLC,0.0,0.0,0.0,0.0,0.0,0.0,0.0,0.0,0.0,0.0,0.0,0.0,0.0,0.0,0.0,0.0,0.0,0.0,0.0,6040096.0
Terra Nova Asset Management LLC,0.0,0.0,0.0,3391.0,2842.0,4040.0,4312.0,5962.0,1112.0,687.0,650.0,695291.0,1846627.0,3408461.0,3408461.0,3161131.0,5130816.0,5252140.0,3876559.0,4310125.0
Terry L. Blaker,0.0,0.0,0.0,2373.0,2294.0,0.0,0.0,0.0,0.0,0.0,0.0,0.0,0.0,0.0,0.0,0.0,0.0,0.0,0.0,0.0
Tevis Investment Management,0.0,0.0,0.0,0.0,0.0,0.0,0.0,643.0,621.0,356.0,326.0,383477.0,603884.0,1938790.0,712994.0,745853.0,1043708.0,1757992.0,2320075.0,2574639.0
Texas Bank & Trust Co,0.0,0.0,0.0,0.0,0.0,0.0,0.0,0.0,0.0,0.0,0.0,0.0,0.0,0.0,0.0,0.0,0.0,0.0,0.0,2487991.0
Texas Capital Bancshares Inc/TX,0.0,0.0,0.0,0.0,66.0,0.0,0.0,0.0,0.0,0.0,0.0,0.0,0.0,0.0,238809.0,272371.0,565628.0,773360.0,760457.0,850458.0
Texas Capital Bank Wealth Management Services Inc,0.0,0.0,0.0,0.0,15035.0,0.0,0.0,0.0,0.0,0.0,0.0,0.0,0.0,0.0,27540087.0,27411419.0,46901093.0,66092304.0,63895787.0,70663819.0
Texas Yale Capital Corp.,1012.0,1497.0,2135.0,2060.0,1756.0,2635.0,2729.0,3930.0,3632.0,2073.0,1657.0,1915019.0,3639898.0,5029285.0,5172032.0,6132809.0,11283670.0,15625367.0,15359758.0,16990423.0
Teza Capital Management LLC,242.0,1287.0,620.0,1977.0,5122.0,3059.0,0.0,3647.0,1323.0,0.0,0.0,766504.0,5266519.0,16026536.0,12829595.0,1643140.0,3297994.0,1998260.0,3755046.0,2423666.0
Thiel Macro LLC,0.0,0.0,0.0,0.0,0.0,0.0,0.0,0.0,0.0,0.0,0.0,0.0,0.0,0.0,0.0,0.0,0.0,0.0,0.0,33155261.0
Third Point LLC,0.0,0.0,0.0,0.0,0.0,0.0,0.0,0.0,0.0,0.0,0.0,0.0,0.0,211510000.0,0.0,0.0,0.0,0.0,0.0,0.0
"Thomas J. Herzfeld Advisors, Inc.",0.0,0.0,0.0,0.0,0.0,0.0,0.0,0.0,0.0,0.0,0.0,0.0,0.0,0.0,870.0,0.0,0.0,0.0,0.0,0.0
Thomasville National Bank,0.0,0.0,0.0,0.0,0.0,0.0,210.0,272.0,208.0,208.0,0.0,0.0,346101.0,541043.0,511113.0,736887.0,1169207.0,1947608.0,10191609.0,11535377.0
"Thor Advisors, LLC",21.0,0.0,0.0,0.0,0.0,0.0,0.0,0.0,0.0,0.0,0.0,0.0,0.0,0.0,0.0,0.0,0.0,0.0,0.0,0.0
"Three Bridge Wealth Advisors, LLC",0.0,0.0,0.0,0.0,0.0,0.0,0.0,0.0,355.0,0.0,0.0,209272.0,600539.0,914569.0,940448.0,1070666.0,1953497.0,2670935.0,2625749.0,2903350.0
"Three Seasons Wealth, LLC",0.0,0.0,0.0,0.0,0.0,0.0,0.0,0.0,0.0,0.0,0.0,0.0,0.0,0.0,0.0,0.0,0.0,0.0,0.0,2587903.0
"Thrive Capital Management, LLC",0.0,0.0,0.0,228.0,401.0,811.0,803.0,319.0,0.0,0.0,0.0,0.0,371096.0,365572.0,503369.0,679527.0,1148511.0,2057527.0,1967784.0,2059235.0
"Thrive Wealth Management, LLC",0.0,0.0,0.0,0.0,0.0,0.0,0.0,728.0,764.0,411.0,317.0,436340.0,861065.0,1439080.0,1388918.0,1626846.0,3105656.0,4306304.0,4075616.0,4740174.0
Thrivent Financial for Lutherans,97005.0,140856.0,205241.0,164418.0,182646.0,489873.0,255929.0,348030.0,366492.0,202899.0,172176.0,177115.0,271313.0,366495.0,368910.0,415960.0,720439.0,931544.0,875001.0,915917.0
Tidal Investments LLC,0.0,0.0,0.0,0.0,0.0,0.0,0.0,0.0,0.0,0.0,0.0,0.0,0.0,0.0,0.0,64384543.0,125339071.0,294139597.0,617666185.0,388624811.0
"Tidemark, LLC",0.0,0.0,0.0,0.0,0.0,0.0,0.0,0.0,0.0,0.0,0.0,0.0,0.0,0.0,0.0,470498.0,905443.0,1265407.0,1237219.0,1398643.0
Tiger Eye Capital LLC,2513.0,243.0,0.0,0.0,0.0,0.0,0.0,0.0,0.0,0.0,0.0,0.0,0.0,0.0,0.0,0.0,0.0,0.0,0.0,0.0
"TigerOak Management, L.L.C.",0.0,0.0,0.0,0.0,0.0,0.0,0.0,0.0,0.0,0.0,0.0,0.0,0.0,0.0,0.0,0.0,0.0,0.0,0.0,32999485.0
"Tiller Private Wealth, Inc.",0.0,0.0,0.0,0.0,0.0,0.0,0.0,0.0,0.0,0.0,0.0,0.0,0.0,343492.0,383662.0,415986.0,941255.0,1302757.0,1302714.0,1525842.0
Tillman Hartley LLC,0.0,0.0,0.0,0.0,0.0,0.0,0.0,0.0,0.0,0.0,0.0,0.0,0.0,0.0,0.0,0.0,262032.0,358266.0,291456.0,255151.0
"Tilson Financial Group, Inc.",0.0,0.0,0.0,0.0,0.0,0.0,0.0,0.0,0.0,0.0,0.0,0.0,0.0,0.0,0.0,0.0,0.0,0.0,0.0,227.0
"Tilt Investment Management Holdings, PBC",0.0,0.0,0.0,0.0,0.0,0.0,0.0,0.0,0.0,0.0,0.0,3030505.0,5949311.0,8648221.0,8675441.0,5098290.0,0.0,0.0,0.0,0.0
Timber Creek Capital Management LLC,0.0,0.0,0.0,0.0,0.0,0.0,0.0,0.0,0.0,0.0,0.0,0.0,0.0,0.0,0.0,0.0,316246.0,0.0,0.0,0.0
"TimeScale Financial, Inc.",0.0,0.0,0.0,0.0,0.0,1023.0,1002.0,1436.0,1251.0,674.0,576.0,575625.0,1276735.0,1860600.0,0.0,0.0,0.0,0.0,0.0,0.0
Timelo Investment Management Inc.,0.0,0.0,0.0,0.0,0.0,0.0,0.0,0.0,5457.0,0.0,0.0,0.0,0.0,0.0,0.0,0.0,0.0,0.0,0.0,0.0
"TimesSquare Capital Management, LLC",343.0,477.0,679.0,688.0,646.0,589.0,0.0,0.0,0.0,0.0,0.0,0.0,0.0,0.0,0.0,0.0,0.0,0.0,0.0,0.0
"Titan Capital Management, LLC /CA",0.0,0.0,551.0,1023.0,0.0,0.0,0.0,204.0,0.0,0.0,0.0,0.0,0.0,0.0,0.0,0.0,0.0,0.0,0.0,0.0
Titus Wealth Management,0.0,0.0,301.0,218.0,246.0,460.0,511.0,1044.0,1020.0,744.0,0.0,0.0,0.0,0.0,0.0,0.0,0.0,0.0,0.0,0.0
"Tobias Financial Advisors, Inc.",0.0,0.0,0.0,0.0,0.0,0.0,0.0,0.0,356.0,212.0,0.0,0.0,0.0,0.0,0.0,0.0,0.0,0.0,0.0,0.0
Top Ace Asset Management Ltd,0.0,0.0,0.0,0.0,0.0,0.0,0.0,0.0,0.0,0.0,0.0,0.0,0.0,2030496.0,2305447.0,0.0,0.0,0.0,0.0,0.0
"Topsail Wealth Management, LLC",0.0,0.0,0.0,0.0,0.0,0.0,0.0,0.0,0.0,0.0,0.0,0.0,0.0,0.0,0.0,0.0,0.0,0.0,0.0,1368012.0
"Toroso Investments, LLC",0.0,0.0,5645.0,2378.0,3260.0,10146.0,12382.0,3210.0,24458.0,11502.0,9882.0,13975.0,60216.0,43433.0,54267177.0,0.0,0.0,0.0,0.0,0.0
Torray Investment Partners LLC,0.0,0.0,0.0,0.0,0.0,0.0,0.0,0.0,0.0,0.0,0.0,0.0,0.0,0.0,0.0,0.0,0.0,370620.0,242880.0,268580.0
"Tortoise Investment Management, LLC",4.0,6.0,9.0,8.0,9.0,13.0,24.0,38.0,35.0,28.0,22.0,29520.0,99566.0,130480.0,114163.0,800833.0,637913.0,836366.0,1003094.0,1164966.0
"Total Clarity Wealth Management, Inc.",269.0,394.0,505.0,443.0,471.0,817.0,946.0,1305.0,996.0,551.0,446.0,295175.0,425831.0,1474672.0,1534682.0,1786806.0,3474297.0,4718172.0,4490292.0,5061385.0
"Total Wealth Planning & Management, Inc.",0.0,0.0,0.0,0.0,0.0,0.0,0.0,0.0,0.0,0.0,0.0,0.0,0.0,0.0,0.0,0.0,0.0,0.0,0.0,2075185.0
"Total Wealth Planning, LLC",0.0,0.0,0.0,0.0,0.0,0.0,0.0,0.0,0.0,0.0,0.0,0.0,0.0,0.0,0.0,0.0,0.0,277617.0,276280.0,297727.0
"Totem Point Management, LLC",13233.0,20141.0,20411.0,14442.0,13086.0,12514.0,11777.0,10784.0,12778.0,0.0,0.0,2168425.0,8676701.0,9797143.0,7091207.0,7119778.0,10360219.0,6340814.0,10614220.0,7407034.0
Tower View Investment Management & Research LLC,1733.0,2046.0,2345.0,2296.0,2407.0,3269.0,3359.0,4406.0,4127.0,2249.0,1809.0,2173.0,4020.0,0.0,0.0,0.0,0.0,0.0,0.0,0.0
Tower View Wealth Management LLC,0.0,0.0,0.0,0.0,0.0,0.0,0.0,0.0,0.0,0.0,0.0,0.0,0.0,4113.0,3543.0,4038.0,5526175.0,6666274.0,6553174.0,7168776.0
"Tower Wealth Partners, Inc.",0.0,0.0,0.0,0.0,0.0,0.0,0.0,0.0,0.0,0.0,0.0,0.0,0.0,0.0,0.0,0.0,0.0,0.0,0.0,223056.0
Towercrest Capital Management,0.0,0.0,0.0,0.0,0.0,0.0,0.0,232.0,213.0,0.0,0.0,0.0,237606.0,521749.0,449531.0,528125.0,1360268.0,1869124.0,1887142.0,2433745.0
"Towerpoint Wealth, LLC",0.0,392.0,559.0,510.0,508.0,772.0,797.0,778.0,729.0,365.0,293.0,356008.0,686671.0,854964.0,813044.0,892442.0,1746689.0,2404010.0,2163851.0,2390963.0
Town & Country Bank & Trust CO dba First Bankers Trust CO,0.0,0.0,0.0,0.0,0.0,0.0,804.0,1416.0,1810.0,1002.0,0.0,0.0,0.0,0.0,0.0,0.0,0.0,830188.0,779037.0,889268.0
TownSquare Capital LLC,0.0,0.0,0.0,0.0,0.0,3842.0,3755.0,6368.0,7987.0,5818.0,5087.0,0.0,0.0,0.0,0.0,0.0,0.0,0.0,0.0,0.0
"TownSquare Capital, LLC",0.0,0.0,0.0,0.0,2439.0,0.0,0.0,0.0,0.0,0.0,0.0,0.0,0.0,0.0,0.0,0.0,0.0,0.0,0.0,0.0
"Townsend & Associates, Inc",0.0,0.0,0.0,0.0,0.0,0.0,0.0,0.0,0.0,0.0,0.0,0.0,334948.0,527641.0,350385.0,524143.0,688397.0,905724.0,1032884.0,1076299.0
"Trace Wealth Advisors, LLC",0.0,0.0,0.0,0.0,0.0,0.0,0.0,0.0,0.0,0.0,0.0,0.0,0.0,0.0,0.0,0.0,0.0,0.0,0.0,381115.0
"Traction Financial Partners, LLC",0.0,0.0,0.0,0.0,0.0,0.0,0.0,0.0,0.0,0.0,0.0,0.0,0.0,0.0,0.0,326350.0,559940.0,915430.0,908371.0,980048.0
"Trademark Financial Management, LLC",0.0,0.0,0.0,0.0,0.0,0.0,0.0,0.0,0.0,0.0,0.0,0.0,0.0,0.0,0.0,0.0,276489.0,385445.0,381200.0,424088.0
"Tradewinds Capital Management, LLC",159.0,231.0,254.0,245.0,260.0,354.0,371.0,637.0,600.0,45.0,36.0,41544.0,91467.0,243783.0,204588.0,331486.0,847004.0,1295525.0,1267431.0,1428704.0
"Tradewinds, LLC.",0.0,0.0,0.0,0.0,0.0,0.0,0.0,5738441.0,0.0,415.0,1390.0,1824495.0,3751174.0,5901393.0,5657760.0,0.0,11820802.0,19953767.0,19456588.0,20622686.0
"Tradition Wealth Management, LLC",0.0,0.0,0.0,1037.0,1129.0,1709.0,1828.0,2536.0,2533.0,1470.0,1291.0,1522.0,3134.0,5186.0,5259.0,6503.0,12025665.0,16837278.0,16192130.0,20318232.0
"Trail Ridge Investment Advisors, LLC",0.0,0.0,0.0,0.0,0.0,0.0,0.0,1385.0,1406.0,788.0,711.0,636586.0,1269131.0,1873556.0,1863497.0,2077943.0,3802180.0,5310367.0,6000103.0,5845509.0
Trajan Wealth LLC,0.0,0.0,0.0,0.0,0.0,0.0,0.0,0.0,0.0,0.0,0.0,0.0,0.0,0.0,0.0,0.0,0.0,0.0,0.0,547903.0
"Tranquility Partners, LLC",0.0,0.0,464.0,448.0,651.0,929.0,899.0,1290.0,1254.0,641.0,512.0,945497.0,1455199.0,2002942.0,2093122.0,2099227.0,3630501.0,4697278.0,4629172.0,5182252.0
"Transamerica Financial Advisors, Inc.",2.0,0.0,2.0,2.0,2.0,0.0,0.0,0.0,0.0,983.0,278.0,282.0,865.0,1206.0,600.0,1277.0,11117.0,15199.0,10157.0,10939.0
"Transce3nd, LLC",0.0,0.0,0.0,0.0,0.0,0.0,0.0,0.0,0.0,0.0,0.0,0.0,0.0,0.0,0.0,0.0,0.0,0.0,0.0,894628.0
Transcendent Capital Group LLC,0.0,0.0,0.0,0.0,0.0,0.0,0.0,0.0,0.0,0.0,0.0,0.0,0.0,0.0,0.0,1246469.0,3545126.0,2501067.0,2387025.0,2632890.0
"Transform Wealth, LLC",0.0,0.0,0.0,0.0,0.0,0.0,0.0,238.0,5855.0,0.0,0.0,965398.0,3553504.0,5124875.0,2414211.0,15854026.0,15433669.0,22104210.0,30417888.0,39017843.0
"Traveka Wealth, LLC",0.0,0.0,0.0,0.0,0.0,0.0,0.0,0.0,0.0,0.0,0.0,0.0,0.0,0.0,0.0,1643158.0,3422685.0,4300390.0,4264208.0,4742680.0
"Traverso Chambers Private Wealth Management, LLC",0.0,0.0,0.0,0.0,0.0,0.0,0.0,0.0,0.0,0.0,0.0,0.0,0.0,304997.0,328088.0,359547.0,0.0,0.0,0.0,0.0
"Traynor Capital Management, Inc.",11127.0,19720.0,29600.0,30432.0,32041.0,102700.0,53129.0,76352.0,72349.0,41480.0,44598.0,37424934.0,67494798.0,94114219.0,96098618.0,107670811.0,192240531.0,224555054.0,250633665.0,317425704.0
Treasurer of the State of North Carolina,74080.0,93756.0,134183.0,129952.0,133473.0,201529.0,209329.0,299172.0,279958.0,160020.0,128051.0,152949.0,287646.0,442185.0,469701.0,1088784.0,995797.0,1334574.0,1302379.0,1448712.0
Tredje AP-fonden,15758.0,12164.0,20034.0,25858.0,26439.0,38258.0,72562.0,95344.0,94418.0,106364.0,24197.0,34292335.0,117946697.0,205458698.0,216236573.0,287028026.0,504258764.0,675456061.0,632851649.0,707635111.0
Tree Line Advisors (Hong Kong) Ltd.,0.0,0.0,0.0,0.0,0.0,0.0,0.0,0.0,0.0,0.0,0.0,0.0,0.0,0.0,37844130.0,38131940.0,69574120.0,0.0,51004800.0,0.0
Tree Line Advisors (Hong Kong) Ltd. ,0.0,0.0,0.0,0.0,0.0,0.0,0.0,0.0,0.0,0.0,0.0,0.0,0.0,0.0,0.0,0.0,0.0,54357600.0,0.0,56401800.0
"Trek Financial, LLC",0.0,0.0,0.0,0.0,0.0,0.0,0.0,0.0,250.0,0.0,0.0,0.0,398322.0,604073.0,1312369.0,1522985.0,7023716.0,8984384.0,4668577.0,5501661.0
"Trellis Advisors, LLC",0.0,0.0,0.0,0.0,5.0,8.0,8.0,17.0,16.0,14.0,11.0,22067.0,21388.0,30880.0,46979.0,0.0,0.0,0.0,0.0,0.0
Trellis Wealth Advisors LLC,0.0,0.0,0.0,0.0,0.0,0.0,0.0,0.0,0.0,0.0,0.0,1502049.0,2910911.0,4438568.0,4817268.0,5563930.0,0.0,0.0,0.0,0.0
Trevian Wealth Management LLC,0.0,0.0,0.0,0.0,0.0,0.0,0.0,0.0,0.0,0.0,0.0,0.0,0.0,0.0,0.0,209.0,399.0,546.0,549.0,607.0
Trexquant Investment LP,8915.0,4485.0,0.0,4065.0,4221.0,0.0,13329.0,14186.0,2444.0,2998.0,0.0,0.0,3918779.0,42665797.0,46544800.0,44972414.0,51644779.0,44352095.0,71615718.0,66408688.0
Tri Ri Asset Management Corp,0.0,0.0,0.0,0.0,0.0,0.0,0.0,0.0,0.0,0.0,0.0,0.0,0.0,0.0,0.0,0.0,0.0,0.0,9950565.0,0.0
TriaGen Wealth Management LLC,0.0,0.0,0.0,1154.0,1175.0,1715.0,1854.0,2540.0,1989.0,835.0,668.0,803770.0,1818282.0,2385074.0,2452999.0,3723167.0,8593946.0,11781154.0,7895795.0,13683758.0
"Triad Wealth Partners, LLC",0.0,0.0,0.0,0.0,0.0,0.0,0.0,0.0,0.0,0.0,0.0,0.0,0.0,0.0,0.0,0.0,934420.0,2073447.0,2431668.0,3271632.0
Triangle Securities Wealth Management,0.0,0.0,0.0,0.0,0.0,0.0,0.0,0.0,0.0,0.0,332.0,470717.0,929418.0,1388775.0,939143.0,977069.0,1770978.0,2292902.0,2175598.0,2194707.0
Triasima Portfolio Management inc.,0.0,0.0,0.0,8219.0,8274.0,6151.0,6691.0,9584.0,8684.0,1208.0,4310.0,2546256.0,4834864.0,9073831.0,6085945.0,6838988.0,7811276.0,10098406.0,9893352.0,10302460.0
Triatomic Management LP,0.0,0.0,0.0,0.0,0.0,0.0,0.0,0.0,0.0,0.0,364.0,438420.0,6388710.0,888342.0,0.0,0.0,0.0,0.0,0.0,0.0
"Tributary Capital Management, LLC",0.0,0.0,0.0,775.0,926.0,1356.0,1373.0,1853.0,1296.0,703.0,556.0,655.0,1216633.0,1660353.0,1598588.0,1795172.0,3162460.0,3748204.0,3429466.0,3611058.0
"Trifecta Capital Advisors, LLC",0.0,0.0,0.0,0.0,0.0,0.0,0.0,0.0,0.0,0.0,0.0,2986955.0,5961778.0,8264542.0,9020413.0,10178285.0,18548343.0,25464811.0,25277863.0,27589051.0
Trikon Asset Management Ltd,0.0,0.0,0.0,0.0,0.0,0.0,0.0,0.0,0.0,0.0,0.0,0.0,0.0,9092000.0,1839000.0,0.0,0.0,0.0,0.0,0.0
Trilogy Capital Inc.,0.0,0.0,0.0,0.0,0.0,0.0,0.0,0.0,0.0,0.0,0.0,0.0,0.0,277817.0,254469.0,286732.0,979459.0,6691222.0,7220009.0,8486462.0
"TrimTabs Asset Management, LLC",1770.0,1640.0,3666.0,2548.0,1659.0,2292.0,2494.0,0.0,0.0,0.0,0.0,0.0,0.0,0.0,0.0,0.0,0.0,0.0,0.0,0.0
Trinity Financial Advisors LLC,0.0,0.0,0.0,300.0,360.0,547.0,333.0,534.0,441.0,0.0,222.0,0.0,614518.0,1015387.0,609421.0,1129633.0,1790056.0,2831153.0,1887436.0,3520960.0
"Trinity Legacy Partners, LLC",0.0,0.0,1551.0,1932.0,3149.0,4212.0,4325.0,6209.0,6115.0,3381.0,2791.0,3351228.0,6500549.0,8799929.0,6961419.0,7743077.0,8790402.0,11833441.0,12554473.0,12478808.0
"TrinityPoint Wealth, LLC",773.0,1113.0,1828.0,1098.0,1184.0,1685.0,2551.0,3648.0,9626.0,3111.0,2639.0,2765177.0,4650361.0,6575228.0,6345337.0,28871268.0,13199490.0,16769479.0,16570641.0,18005198.0
Triodos Investment Management BV,0.0,0.0,0.0,0.0,0.0,0.0,0.0,0.0,0.0,23231.0,32454.0,38457.0,59846.0,68043.0,55907960.0,61111138.0,69688872.0,72983726.0,71803829.0,69773055.0
"Triton Wealth Management, PLLC",957.0,1980.0,2722.0,2663.0,2590.0,3739.0,4133.0,1358.0,1358.0,899.0,594.0,718888.0,1567800.0,2366655.0,2437551.0,2553253.0,4689731.0,8324406.0,5703083.0,0.0
Trium Capital LLP,0.0,0.0,0.0,0.0,0.0,0.0,0.0,0.0,0.0,0.0,0.0,0.0,0.0,0.0,0.0,0.0,0.0,0.0,0.0,2686.0
Triumph Capital Management,0.0,0.0,0.0,0.0,0.0,248.0,936.0,1470.0,1771.0,1051.0,1165.0,758028.0,2001950.0,2099489.0,2037322.0,628126.0,1755824.0,3726482.0,3925187.0,3148192.0
"Trivant Custom Portfolio Group, LLC",0.0,0.0,0.0,0.0,0.0,0.0,0.0,0.0,0.0,0.0,0.0,0.0,18888.0,28765.0,42629.0,3806460.0,6820439.0,9244397.0,9138382.0,9916296.0
Trivest Advisors Ltd,97005.0,127270.0,227312.0,68252.0,30434.0,106813.0,116631.0,213524.0,136866.0,6822.0,0.0,0.0,224716.0,506693.0,183505.0,63388.0,400973.0,342514650.0,179209008.0,51030200.0
"Trivium Point Advisory, LLC",0.0,0.0,0.0,0.0,0.0,0.0,0.0,0.0,0.0,0.0,0.0,0.0,0.0,0.0,0.0,0.0,0.0,0.0,26238762.0,28309807.0
Troluce Capital Advisors LLC,0.0,0.0,0.0,0.0,0.0,0.0,0.0,0.0,0.0,0.0,0.0,0.0,0.0,0.0,0.0,0.0,1897476.0,0.0,0.0,0.0
"TruNorth Capital Management, LLC",0.0,0.0,0.0,0.0,0.0,0.0,0.0,0.0,0.0,0.0,0.0,0.0,0.0,0.0,0.0,0.0,34335.0,17296.0,2950992.0,3370679.0
"TruWealth Advisors, LLC",0.0,0.0,0.0,274.0,274.0,407.0,421.0,632.0,553.0,421.0,327.0,376656.0,808727.0,1349795.0,1548975.0,1835789.0,3300430.0,4711244.0,4746528.0,5308499.0
"Truadvice, LLC",0.0,0.0,484.0,629.0,276.0,456.0,0.0,0.0,0.0,0.0,0.0,0.0,0.0,258636.0,347125.0,0.0,0.0,0.0,0.0,0.0
True Capital Management,0.0,0.0,0.0,0.0,0.0,0.0,0.0,0.0,0.0,0.0,0.0,1990281.0,3862947.0,0.0,0.0,0.0,0.0,0.0,0.0,0.0
"True Link Financial Advisors, LLC",0.0,0.0,0.0,0.0,0.0,0.0,0.0,0.0,0.0,0.0,0.0,0.0,0.0,0.0,0.0,0.0,321667.0,315027.0,261339.0,275429.0
"True North Advisors, LLC",0.0,0.0,0.0,203.0,0.0,327.0,363.0,1403.0,692.0,355.0,210.0,216377.0,413560.0,546790.0,551849.0,687426.0,1669261.0,2613837.0,2718607.0,3218066.0
True Vision MN LLC,0.0,0.0,0.0,0.0,0.0,0.0,0.0,0.0,0.0,0.0,0.0,0.0,0.0,0.0,0.0,0.0,406213.0,0.0,0.0,0.0
"True Wealth Design, LLC",0.0,0.0,0.0,0.0,0.0,0.0,0.0,0.0,0.0,0.0,0.0,61672.0,116389.0,77841.0,80045.0,80234.0,140068.0,218070.0,374643.0,449523.0
"TrueMark Investments, LLC",0.0,0.0,0.0,0.0,0.0,0.0,0.0,0.0,0.0,0.0,0.0,0.0,0.0,0.0,0.0,2638532.0,5460213.0,7464040.0,3664088.0,3749377.0
"TrueWealth Advisors, LLC",0.0,0.0,0.0,0.0,0.0,0.0,0.0,0.0,0.0,0.0,0.0,0.0,0.0,0.0,213177.0,217446.0,555779.0,883577.0,1034809.0,890686.0
"Trueblood Wealth Management, LLC",0.0,0.0,0.0,0.0,0.0,0.0,0.0,0.0,0.0,0.0,0.0,0.0,0.0,0.0,0.0,1653540.0,1977893.0,2338489.0,2110020.0,2313414.0
"Truepoint, Inc.",0.0,0.0,0.0,341.0,294.0,440.0,447.0,624.0,578.0,324.0,260.0,298272.0,442765.0,679793.0,2515663.0,5352472.0,1157460.0,1604785.0,2000117.0,2056920.0
Trust Asset Management LLC,0.0,654.0,3376.0,2132.0,2653.0,4460.0,4958.0,7038.0,6793.0,3990.0,3439.0,4140438.0,7889501.0,12015037.0,12355021.0,14065734.0,25649358.0,35069300.0,34473173.0,38120902.0
Trust Co,0.0,0.0,0.0,0.0,0.0,0.0,0.0,0.0,0.0,0.0,0.0,0.0,0.0,0.0,248814.0,579407.0,1154750.0,910613.0,633431.0,1107087.0
Trust Co of Kansas,0.0,0.0,0.0,0.0,0.0,0.0,0.0,0.0,0.0,0.0,0.0,0.0,0.0,0.0,0.0,0.0,0.0,256.0,253.0,241.0
Trust Co of the South,0.0,0.0,0.0,0.0,0.0,0.0,0.0,0.0,0.0,0.0,0.0,0.0,0.0,0.0,0.0,367948.0,601771.0,822776.0,808790.0,894371.0
Trust Investment Advisors,0.0,0.0,0.0,0.0,0.0,0.0,0.0,0.0,0.0,0.0,591.0,703372.0,1318574.0,1923472.0,1628603.0,1843704.0,3319679.0,4580740.0,4173043.0,4380003.0
Truvestments Capital LLC,27.0,221.0,395.0,417.0,553.0,802.0,845.0,1226.0,1238.0,672.0,531.0,638673.0,1219933.0,1906121.0,2072387.0,2295520.0,4214581.0,5788255.0,20958976.0,23435079.0
Truxt Investmentos Ltda.,0.0,0.0,0.0,0.0,147177237.0,76810.0,72371139.0,0.0,30481628.0,17829637.0,0.0,0.0,29971383.0,15022710.0,21219239.0,0.0,0.0,0.0,3259328.0,4569480.0
Trybe Capital Management LP,0.0,0.0,0.0,11624.0,11885.0,23715.0,24561.0,27253.0,25284.0,13691.0,10131.0,30260919.0,52239648.0,79556525.0,77457799.0,88182835.0,251251122.0,96445207.0,155525779.0,171982517.0
Tudor Financial Inc.,0.0,0.0,0.0,0.0,0.0,0.0,0.0,0.0,0.0,0.0,0.0,0.0,0.0,0.0,0.0,0.0,0.0,0.0,1439573.0,2085829.0
Tufton Capital Management,0.0,0.0,0.0,0.0,0.0,0.0,0.0,0.0,0.0,0.0,0.0,0.0,0.0,226315.0,487188.0,277323.0,424673.0,829571.0,1294550.0,1528220.0
"Tull Financial Group, Inc.",0.0,0.0,0.0,0.0,0.0,0.0,0.0,0.0,0.0,0.0,0.0,0.0,0.0,0.0,0.0,0.0,0.0,0.0,781.0,865270.0
Turim 21 Investimentos Ltda.,922.0,0.0,42.0,8.0,10.0,12.0,287.0,276.0,310.0,238.0,102.0,122465.0,1479125.0,0.0,0.0,0.0,0.0,190252.0,187018.0,184908.0
"Turtle Creek Wealth Advisors, LLC",0.0,0.0,0.0,0.0,0.0,0.0,0.0,0.0,0.0,0.0,0.0,0.0,0.0,0.0,0.0,1618379.0,5979760.0,8156605.0,8754002.0,10662089.0
"Tuttle Capital Management, LLC",0.0,0.0,0.0,0.0,0.0,0.0,0.0,0.0,504.0,0.0,0.0,0.0,0.0,0.0,0.0,0.0,311728.0,504312.0,459529.0,684342.0
Tuttle Tactical Management,0.0,2666.0,0.0,1767.0,579.0,0.0,0.0,0.0,0.0,0.0,0.0,0.0,0.0,0.0,0.0,0.0,0.0,0.0,0.0,0.0
"Twele Capital Management, Inc.",0.0,0.0,0.0,0.0,0.0,0.0,0.0,0.0,0.0,0.0,0.0,0.0,0.0,0.0,0.0,0.0,361440.0,329543.0,323942.0,358275.0
Twelve Points Wealth Management LLC,0.0,0.0,0.0,0.0,0.0,0.0,0.0,0.0,0.0,0.0,0.0,0.0,0.0,0.0,0.0,0.0,0.0,512835.0,393728.0,338452.0
"Twin Lakes Capital Management, LLC",0.0,0.0,0.0,0.0,0.0,0.0,148.0,210.0,249.0,138.0,111.0,127595.0,242527.0,369352.0,379808.0,432403.0,788951.0,1078711.0,1060375.0,1125869.0
"Twin Peaks Wealth Advisors, LLC",0.0,0.0,0.0,0.0,0.0,0.0,0.0,0.0,0.0,0.0,0.0,0.0,0.0,0.0,0.0,2331026.0,3745309.0,5087465.0,4683383.0,0.0
"Twin Tree Management, LP",183400.0,182775.0,451166.0,266506.0,112685.0,427594.0,500862.0,552280.0,328761.0,358083.0,531416.0,452302713.0,883003018.0,1174267110.0,363899142.0,694832288.0,284097335.0,377365287.0,299322525.0,286883713.0
Tyche Wealth Partners LLC,0.0,0.0,0.0,0.0,0.0,0.0,0.0,0.0,0.0,0.0,0.0,0.0,0.0,0.0,0.0,5010809.0,7338956.0,8913400.0,8809053.0,9530306.0
Tyler-Stone Wealth Management,0.0,0.0,0.0,0.0,0.0,0.0,0.0,7085.0,6638.0,3385.0,2590.0,3116.0,0.0,8355.0,7611.0,8864231.0,15716704.0,21337664.0,42193167.0,45004689.0
Tyro Capital Management LLC,0.0,0.0,0.0,0.0,0.0,0.0,0.0,0.0,0.0,0.0,0.0,0.0,0.0,0.0,0.0,0.0,0.0,0.0,0.0,67500000.0
"U S WEALTH GROUP, LLC.",0.0,0.0,0.0,0.0,0.0,0.0,0.0,0.0,0.0,0.0,0.0,0.0,0.0,0.0,0.0,0.0,0.0,0.0,0.0,6206358.0
"U.S. Capital Wealth Advisors, LLC",0.0,0.0,0.0,0.0,0.0,0.0,6564.0,8663.0,9608.0,4270.0,3329.0,4466123.0,8387278.0,15048662.0,13809709.0,16565366.0,29805044.0,49913417.0,48219280.0,64823699.0
UBP Investment Advisors SA,0.0,0.0,0.0,506.0,910.0,500.0,0.0,0.0,0.0,0.0,0.0,0.0,0.0,0.0,0.0,0.0,0.0,0.0,0.0,0.0
"UBS AM, a distinct business unit of UBS ASSET MANAGEMENT AMERICAS LLC",0.0,0.0,0.0,0.0,0.0,0.0,0.0,0.0,0.0,0.0,0.0,0.0,0.0,0.0,0.0,0.0,0.0,0.0,9921744667.0,11645393927.0
UBS ASSET MANAGEMENT AMERICAS INC,467009576.0,790595749.0,1095518041.0,2202118326.0,1305704458.0,1786082432.0,1781025783.0,2502267292.0,2428896578.0,1425566760.0,1156514578.0,1325704480.0,2533765997.0,2533765997.0,3543350677.0,4015809300.0,0.0,0.0,0.0,0.0
UBS ASSET MANAGEMENT AMERICAS LLC,0.0,0.0,0.0,0.0,0.0,0.0,0.0,0.0,0.0,0.0,0.0,0.0,0.0,0.0,0.0,0.0,7639400113.0,9691777241.0,0.0,0.0
"UDINE WEALTH MANAGEMENT, INC.",0.0,0.0,0.0,0.0,0.0,0.0,0.0,0.0,4008.0,0.0,1483.0,0.0,0.0,350261.0,0.0,0.0,902656.0,1262579.0,1434328.0,2010456.0
UG Investment Advisers Ltd.,0.0,0.0,0.0,0.0,0.0,0.0,0.0,0.0,0.0,0.0,0.0,11347333.0,0.0,392985.0,57480013.0,16258567.0,14307872.0,10158076.0,8022569.0,8871465.0
"UMA Financial Services, Inc.",0.0,212.0,221.0,344.0,396.0,561.0,637.0,677.0,574.0,533.0,377.0,549845.0,0.0,0.0,0.0,0.0,0.0,0.0,0.0,0.0
UMB BANK N A/MO,1413.0,6609.0,6609.0,10297.0,11564.0,17444.0,18435.0,36260.0,35148.0,0.0,0.0,0.0,0.0,0.0,0.0,0.0,0.0,0.0,0.0,0.0
"UMB Bank, n.a.",0.0,0.0,0.0,0.0,0.0,0.0,0.0,0.0,0.0,18679.0,10777.0,12732.0,23905720.0,32372029.0,41320135.0,71648925.0,137771215.0,179693872.0,172694359.0,187272777.0
"UNICOM Systems, Inc.",0.0,0.0,0.0,0.0,0.0,0.0,0.0,0.0,0.0,0.0,0.0,0.0,0.0,0.0,0.0,0.0,0.0,0.0,0.0,86334772.0
UNION SAVINGS BANK,0.0,0.0,0.0,0.0,0.0,0.0,0.0,0.0,0.0,0.0,0.0,0.0,0.0,402327.0,374516.0,440732.0,839394.0,1145214.0,1903182.0,2077979.0
"UNIONVIEW, LLC",0.0,0.0,0.0,0.0,0.0,0.0,0.0,356.0,0.0,0.0,0.0,0.0,0.0,0.0,0.0,0.0,0.0,0.0,0.0,0.0
"UNIQUE WEALTH, LLC",0.0,0.0,0.0,0.0,0.0,0.0,0.0,0.0,0.0,0.0,0.0,0.0,0.0,0.0,656837.0,943397.0,2232702.0,3663085.0,4153370.0,5053199.0
UNITED BANK,0.0,0.0,0.0,0.0,0.0,40.0,91.0,129.0,120.0,82.0,111.0,78916.0,145829.0,222086.0,228370.0,259991.0,505090.0,972013.0,916023.0,0.0
UNIVERSITY OF TEXAS/TEXAS AM INVESTMENT MANAGEMENT CO,0.0,0.0,0.0,0.0,0.0,0.0,0.0,0.0,0.0,0.0,0.0,0.0,0.0,0.0,710774.0,4082594.0,14872004.0,14714911.0,20704427.0,22664258.0
UNIVERSITY OF TEXAS/TEXAS AM INVESTMENT MANAGMENT CO,0.0,0.0,0.0,0.0,0.0,0.0,0.0,0.0,0.0,0.0,0.0,26.0,0.0,3.0,572.0,74.0,0.0,0.0,0.0,0.0
UNIVEST FINANCIAL Corp,0.0,0.0,0.0,0.0,0.0,0.0,0.0,0.0,0.0,0.0,0.0,0.0,0.0,0.0,0.0,0.0,0.0,212489.0,0.0,0.0
UNTITLED INVESTMENTS LP,0.0,0.0,0.0,0.0,0.0,0.0,0.0,0.0,0.0,0.0,0.0,0.0,0.0,0.0,0.0,0.0,0.0,0.0,5859480.0,0.0
UP STRATEGIC WEALTH INVESTMENT ADVISORS LLC,0.0,0.0,0.0,0.0,0.0,0.0,0.0,0.0,0.0,0.0,0.0,0.0,0.0,0.0,0.0,1417815.0,2550750.0,3430830.0,4025736.0,5296532.0
US Asset Management LLC,0.0,0.0,0.0,0.0,0.0,0.0,1609.0,2283.0,2129.0,1186.0,0.0,1141.0,2160.0,3191.0,0.0,3959.0,6600.0,8720.0,9359.0,8320.0
"US FINANCIAL ADVISORS, LLC",0.0,0.0,0.0,0.0,0.0,0.0,0.0,0.0,0.0,233.0,0.0,0.0,0.0,245351.0,252294.0,302084.0,565628.0,773360.0,739083.0,1212908.0
USA FINANCIAL FORMULAS,0.0,0.0,0.0,0.0,0.0,0.0,0.0,0.0,0.0,0.0,0.0,0.0,5000.0,1007211.0,434120.0,3252110.0,2033010.0,4942.0,3094413.0,0.0
USA Financial Portformulas Corp,3847.0,5047.0,2771.0,2278.0,9.0,1298.0,1965.0,2975.0,8.0,5.0,5.0,0.0,0.0,0.0,0.0,0.0,0.0,0.0,0.0,0.0
"USAdvisors Wealth Management, LLC",0.0,0.0,0.0,0.0,0.0,0.0,0.0,0.0,0.0,0.0,0.0,0.0,0.0,0.0,0.0,0.0,260.0,220.0,314.0,353.0
USCA RIA LLC,10100.0,2656.0,3838.0,3513.0,3758.0,5779.0,0.0,0.0,0.0,0.0,0.0,0.0,0.0,0.0,0.0,0.0,0.0,0.0,0.0,0.0
USS Investment Management Ltd,51163.0,76614.0,109210.0,104426.0,106810.0,160049.0,132371.0,188040.0,348742.0,92668.0,52365.0,64913018.0,125701202.0,189631756.0,196987446.0,215041171.0,395448882.0,547053549.0,528385643.0,590559070.0
"Ulland Investment Advisors, LLC",0.0,0.0,0.0,0.0,0.0,0.0,0.0,10.0,14.0,8.0,6.0,8.0,15.0,637.0,2235.0,4723.0,9786.0,13633.0,13264.0,14096.0
"Ullmann Wealth Partners Group, LLC",0.0,0.0,0.0,0.0,0.0,0.0,0.0,0.0,0.0,0.0,0.0,0.0,267564.0,440063.0,558948.0,865133.0,1954555.0,2848857.0,2530932.0,2855546.0
"Ulrich Consultants & Investment Group, LLC",0.0,0.0,0.0,0.0,0.0,0.0,0.0,0.0,0.0,2053.0,1683.0,0.0,0.0,0.0,0.0,0.0,0.0,0.0,0.0,0.0
Ulysses Management LLC,0.0,0.0,0.0,0.0,0.0,0.0,0.0,0.0,0.0,0.0,0.0,0.0,0.0,0.0,0.0,0.0,0.0,0.0,1821600.0,1342900.0
Umpqua Bank,0.0,0.0,0.0,0.0,0.0,0.0,0.0,0.0,0.0,0.0,0.0,0.0,0.0,0.0,0.0,0.0,9144931.0,12727832.0,9628370.0,10200069.0
Uncommon Cents Investing LLC,0.0,0.0,0.0,0.0,0.0,0.0,0.0,0.0,0.0,0.0,0.0,0.0,0.0,0.0,0.0,0.0,0.0,0.0,94116.0,0.0
"Unconventional Investor, LLC",0.0,0.0,0.0,0.0,0.0,0.0,0.0,505.0,468.0,260.0,208.0,250776.0,476653.0,472090.0,485449.0,553161.0,1013794.0,1436029.0,1363043.0,1507271.0
UniSuper Management Pty Ltd,0.0,0.0,0.0,0.0,0.0,0.0,0.0,0.0,0.0,0.0,0.0,0.0,0.0,560284914.0,243308177.0,278205682.0,547162504.0,853579369.0,879716703.0,1001120670.0
Unified Investment Management,0.0,0.0,0.0,0.0,0.0,0.0,0.0,0.0,0.0,0.0,0.0,0.0,0.0,0.0,0.0,0.0,0.0,0.0,0.0,2004281.0
Unigestion Holding SA,0.0,0.0,0.0,141.0,80.0,0.0,0.0,0.0,0.0,0.0,0.0,0.0,0.0,0.0,0.0,0.0,0.0,0.0,0.0,0.0
Union Bancaire Privee Asset Management LLC,3472.0,5916.0,6715.0,5304.0,4147.0,0.0,0.0,0.0,0.0,0.0,0.0,0.0,0.0,0.0,0.0,0.0,0.0,0.0,0.0,0.0
"Union Heritage Capital, LLC",0.0,0.0,0.0,0.0,0.0,0.0,0.0,0.0,0.0,0.0,0.0,0.0,0.0,0.0,0.0,0.0,1720378.0,3389938.0,5554666.0,0.0
"Unique Wealth Strategies, LLC",0.0,0.0,0.0,0.0,0.0,0.0,0.0,0.0,0.0,0.0,0.0,0.0,0.0,0.0,0.0,580893.0,1504306.0,1504306.0,0.0,0.0
"United Advisor Group, LLC",0.0,0.0,0.0,0.0,0.0,0.0,0.0,0.0,0.0,0.0,0.0,0.0,0.0,0.0,0.0,5893859.0,9734960.0,13167553.0,14970315.0,16321864.0
United American Securities Inc. (d/b/a UAS Asset Management),0.0,0.0,0.0,0.0,0.0,0.0,0.0,0.0,0.0,0.0,0.0,0.0,0.0,3099891.0,0.0,3837955.0,0.0,6293498.0,0.0,0.0
"United Asset Strategies, Inc.",0.0,861.0,1023.0,269.0,205.0,316.0,353.0,500.0,494.0,8284.0,6858.0,7330840.0,28203324.0,11892557.0,12218050.0,14809337.0,26410605.0,38603391.0,35139104.0,39610491.0
United Bank,0.0,0.0,277.0,487.0,571.0,1022.0,1497.0,1761.0,2106.0,1545.0,1428.0,1919695.0,2755478.0,3731036.0,3709595.0,4243540.0,7410999.0,9489849.0,7525880.0,8704544.0
"United Capital Management of KS, Inc.",2466.0,3715.0,3549.0,3627.0,4178.0,5494.0,5902.0,8540.0,7917.0,4468.0,3783.0,4798953.0,9649347.0,13055233.0,12022476.0,13344619.0,18305577.0,24514218.0,20301567.0,21577303.0
United Super Pty Ltd in its capacity as Trustee for the Construction & Building Unions Superannuation Fund,0.0,0.0,0.0,0.0,0.0,0.0,0.0,0.0,0.0,0.0,0.0,0.0,0.0,0.0,0.0,0.0,0.0,43589854.0,48994603.0,94871583.0
"Uniting Wealth Partners, LLC",0.0,0.0,0.0,0.0,0.0,0.0,0.0,0.0,0.0,0.0,0.0,0.0,0.0,0.0,0.0,0.0,0.0,0.0,0.0,6940162.0
"Urban Wealth Management, LLC",0.0,0.0,0.0,0.0,0.0,0.0,0.0,0.0,0.0,584.0,0.0,0.0,0.0,0.0,0.0,0.0,0.0,0.0,0.0,0.0
Utah Retirement Systems,29344.0,85570.0,61383.0,61781.0,60553.0,91250.0,89741.0,127683.0,116548.0,65128.0,52420.0,62508755.0,117088943.0,172582007.0,178261077.0,204198024.0,372740185.0,484175497.0,470419699.0,521391669.0
V Wealth Advisors LLC,1854.0,2403.0,1572.0,2912.0,2904.0,4273.0,8647.0,6427.0,6282.0,3751.0,3047.0,4813912.0,9428054.0,14050264.0,5576251.0,0.0,0.0,0.0,0.0,0.0
V-Square Quantitative Management LLC,0.0,0.0,0.0,0.0,0.0,0.0,0.0,0.0,0.0,0.0,0.0,0.0,5785394.0,8621571.0,9695492.0,19033285.0,44859947.0,56035150.0,59800335.0,67739636.0
V2 Financial group LLC,0.0,0.0,0.0,0.0,0.0,0.0,0.0,0.0,0.0,0.0,0.0,0.0,0.0,0.0,0.0,0.0,0.0,238245.0,3763668.0,2278098.0
VALICENTI ADVISORY SERVICES INC,0.0,0.0,0.0,0.0,0.0,0.0,0.0,0.0,0.0,0.0,0.0,0.0,0.0,0.0,0.0,0.0,0.0,622.0,3182.0,3876.0
VALLEY FORGE INVESTMENT CONSULTANTS INC ADV,0.0,0.0,0.0,0.0,0.0,0.0,0.0,0.0,0.0,0.0,0.0,0.0,0.0,0.0,170951.0,231763.0,422866.0,615229.0,730826.0,1191152.0
VALLEY NATIONAL ADVISERS INC,108.0,194.0,277.0,267.0,273.0,415.0,433.0,706.0,727.0,505.0,366.0,477.0,864.0,1415.0,1559.0,1892.0,4222.0,6074.0,3174.0,3716.0
"VALLEY WEALTH MANAGERS, INC.",0.0,0.0,0.0,0.0,0.0,0.0,0.0,0.0,0.0,0.0,0.0,0.0,0.0,0.0,432542.0,656351.0,1497535.0,2278907.0,3030778.0,3555596.0
VAN ECK ASSOCIATES CORP,143460.0,417014.0,521778.0,312660.0,474428.0,654352.0,722982.0,738153.0,920537.0,556704.0,566529.0,624006.0,1117177.0,1795125.0,1889889.0,2315981.0,3812854.0,4447881.0,5512789.0,5053867.0
VAN LANSCHOT KEMPEN INVESTMENT MANAGEMENT N.V.,0.0,0.0,0.0,0.0,0.0,0.0,0.0,0.0,0.0,0.0,0.0,36243.0,7140356.0,7639741.0,7677574.0,61227515.0,121355337.0,131703894.0,140153661.0,155733561.0
VAN STRUM & TOWNE INC.,0.0,0.0,0.0,0.0,0.0,0.0,0.0,0.0,0.0,0.0,0.0,0.0,0.0,0.0,0.0,0.0,0.0,0.0,0.0,268580.0
"VANCE WEALTH, INC.",0.0,0.0,0.0,0.0,0.0,0.0,0.0,441.0,401.0,238.0,0.0,227694.0,404449.0,608726.0,604201.0,689346.0,1349151.0,1892571.0,0.0,0.0
VANGUARD GROUP INC,12018388.0,17495346.0,24721239.0,23631923.0,24184309.0,36571650.0,38184502.0,54631962.0,51423267.0,28988051.0,23492596.0,28387440132.0,108487345048.0,80885619935.0,168246238672.0,192138521012.0,183122678202.0,251565316870.0,246981483107.0,277732205805.0
VANTAGE WEALTH,0.0,0.0,0.0,0.0,0.0,0.0,0.0,0.0,0.0,0.0,0.0,0.0,0.0,0.0,0.0,0.0,0.0,0.0,0.0,5454188.0
VAUGHAN DAVID INVESTMENTS LLC/IL,0.0,0.0,0.0,0.0,0.0,257.0,307.0,436.0,372.0,207.0,0.0,306.0,637.0,612.0,459.0,500.0,1162.0,1208.0,1195.0,1336.0
VCI Wealth Management LLC,0.0,0.0,0.0,0.0,0.0,0.0,0.0,0.0,0.0,0.0,0.0,0.0,0.0,0.0,0.0,1566010.0,2202699.0,5617986.0,9630400.0,19663888.0
"VELA Investment Management, LLC",0.0,0.0,0.0,0.0,0.0,0.0,0.0,449.0,492.0,461.0,0.0,0.0,0.0,0.0,0.0,1495564.0,1224324.0,821912.0,3722500.0,10170185.0
"VERUS CAPITAL PARTNERS, LLC",330.0,0.0,0.0,0.0,0.0,0.0,0.0,0.0,16326.0,11672.0,4193.0,4473477.0,8767210.0,12752947.0,13157308.0,15116043.0,31296756.0,46706096.0,56091140.0,72777982.0
VESTIA PERSONAL WEALTH ADVISORS,0.0,0.0,0.0,0.0,0.0,0.0,0.0,0.0,0.0,0.0,0.0,0.0,0.0,0.0,0.0,0.0,0.0,332240.0,453132.0,938758.0
"VESTOR CAPITAL, LLC",6771.0,0.0,13198.0,11703.0,12261.0,17709.0,18437.0,26300.0,18896.0,4074.0,3284.0,6339.0,15573.0,29266.0,22454.0,69542.0,73320.0,101477.0,91509.0,79328.0
"VETAMER CAPITAL MANAGEMENT, L.P.",0.0,0.0,0.0,0.0,0.0,0.0,0.0,0.0,0.0,0.0,0.0,0.0,0.0,1767378.0,3671316.0,0.0,0.0,0.0,0.0,0.0
"VIAWEALTH, LLC",0.0,0.0,0.0,0.0,0.0,0.0,0.0,0.0,0.0,0.0,0.0,1787013.0,2573474.0,3691803.0,3643163.0,3992078.0,5941318.0,7556570.0,7570326.0,8018714.0
VICTORY CAPITAL MANAGEMENT INC,571248.0,374806.0,536942.0,488201.0,506551.0,705436.0,717264.0,952324.0,716026.0,471624.0,358384.0,1893608442.0,722802955.0,1105039706.0,976395954.0,1088307109.0,1931671680.0,2513112203.0,2413017779.0,2677022133.0
"VICTORY FINANCIAL GROUP, LLC",0.0,0.0,0.0,0.0,0.0,0.0,0.0,0.0,0.0,0.0,0.0,0.0,0.0,0.0,0.0,378843.0,640624.0,5297889.0,0.0,7534786.0
VICUS CAPITAL,367.0,539.0,675.0,703.0,714.0,0.0,0.0,1123.0,1307.0,760.0,614.0,659527.0,1410543.0,2320348.0,3271523.0,2714485.0,6403594.0,5782394.0,4701893.0,5423481.0
VIKING FUND MANAGEMENT LLC,1054.0,1520.0,2165.0,2089.0,2136.0,3200.0,3315.0,4706.0,4366.0,2425.0,1942.0,2338240.0,3888780.0,4230200.0,3479920.0,3961760.0,6324920.0,8030100.0,7893600.0,8728850.0
VIKING GLOBAL INVESTORS LP,0.0,0.0,0.0,0.0,0.0,0.0,0.0,0.0,0.0,0.0,0.0,0.0,0.0,132151448.0,0.0,0.0,0.0,171046936.0,275100704.0,272875266.0
VILLERE ST DENIS J & CO LLC,0.0,0.0,0.0,0.0,0.0,0.0,0.0,0.0,0.0,0.0,0.0,0.0,0.0,0.0,0.0,0.0,0.0,0.0,257452.0,282009.0
VIRGINIA RETIREMENT SYSTEMS ET AL,34980.0,55505.0,74742.0,68095.0,71226.0,99132.0,88789.0,121791.0,112991.0,0.0,36514112.0,44031982.0,102852398.0,166153373.0,175726825.0,0.0,0.0,0.0,0.0,0.0
"VIRGINIA WEALTH MANAGEMENT GROUP, INC.",0.0,0.0,0.0,0.0,0.0,0.0,0.0,0.0,0.0,478.0,0.0,0.0,0.0,0.0,0.0,0.0,0.0,0.0,0.0,201435.0
"VIRIDIAN RIA, LLC",0.0,1700.0,2393.0,2364.0,2443.0,3625.0,0.0,5046.0,4379.0,0.0,0.0,0.0,0.0,0.0,0.0,0.0,0.0,0.0,0.0,0.0
VISION FINANCIAL MARKETS LLC,0.0,0.0,0.0,0.0,0.0,0.0,0.0,0.0,0.0,0.0,0.0,0.0,0.0,0.0,0.0,0.0,0.0,0.0,0.0,37766.0
"VISTA CAPITAL PARTNERS, INC.",0.0,0.0,0.0,0.0,0.0,0.0,0.0,0.0,0.0,0.0,0.0,0.0,0.0,0.0,0.0,0.0,419253.0,735809.0,1152590.0,2762081.0
"VISTA FINANCE, LLC",0.0,0.0,0.0,0.0,0.0,0.0,0.0,1074.0,579.0,0.0,0.0,0.0,0.0,0.0,0.0,0.0,0.0,0.0,221723.0,219672.0
"VISTA INVESTMENT PARTNERS II, LLC",0.0,0.0,0.0,0.0,0.0,0.0,0.0,0.0,0.0,0.0,0.0,0.0,0.0,0.0,0.0,0.0,0.0,0.0,0.0,5545597.0
VISTA INVESTMENT PARTNERS LLC,0.0,0.0,0.0,0.0,0.0,0.0,0.0,0.0,0.0,0.0,0.0,0.0,0.0,0.0,0.0,1334124.0,2650141.0,3960816.0,3849769.0,5432299.0
"VOISARD ASSET MANAGEMENT GROUP, INC.",0.0,0.0,0.0,0.0,0.0,0.0,0.0,0.0,0.0,0.0,0.0,0.0,0.0,0.0,0.0,283780.0,538556.0,719050.0,755889.0,849438.0
"VOLORIDGE INVESTMENT MANAGEMENT, LLC",27202.0,89395.0,0.0,75795.0,25453.0,29095.0,22842.0,72164.0,7006.0,100669.0,37406.0,0.0,215428135.0,328452187.0,388223790.0,326936816.0,168645860.0,181001543.0,40935481.0,201435000.0
"VSM Wealth Advisory, LLC",0.0,0.0,0.0,0.0,0.0,0.0,0.0,0.0,0.0,0.0,0.0,0.0,0.0,0.0,0.0,0.0,0.0,0.0,0.0,286925.0
Vahanian & Associates Financial Planning Inc.,0.0,0.0,0.0,0.0,0.0,0.0,0.0,711.0,0.0,0.0,0.0,207519.0,416099.0,625224.0,642915.0,653690.0,0.0,0.0,0.0,0.0
"Valeo Financial Advisors, LLC",1717.0,1906.0,2515.0,12626.0,12104.0,3151.0,4048.0,6031.0,8797.0,4456.0,3946.0,5152117.0,11983884.0,15472775.0,18881484.0,23743885.0,91550659.0,68034431.0,66099897.0,73188245.0
"Valiant Capital Management, L.P.",0.0,0.0,0.0,0.0,0.0,0.0,0.0,0.0,0.0,0.0,0.0,0.0,0.0,13071318.0,10265764.0,11687192.0,40660200.0,28607169.0,27252958.0,27048020.0
Valley Brook Capital Group,0.0,0.0,0.0,274.0,280.0,0.0,0.0,0.0,0.0,0.0,0.0,0.0,0.0,0.0,0.0,0.0,0.0,0.0,0.0,0.0
"Valley Brook Capital Group, Inc.",0.0,0.0,0.0,0.0,0.0,588.0,604.0,884.0,932.0,479.0,402.0,484893.0,934140.0,1331667.0,1382398.0,1605504.0,2770317.0,4021978.0,4054405.0,4224927.0
Valliance Asset Management Ltd,0.0,0.0,0.0,0.0,0.0,0.0,0.0,0.0,0.0,0.0,8264.0,0.0,0.0,0.0,3131928.0,990440.0,0.0,3567835.0,0.0,0.0
"Valmark Advisers, Inc.",0.0,0.0,317.0,421.0,631.0,864.0,1359.0,1071.0,1081.0,933.0,651.0,859161.0,2477996.0,4032664.0,4216815.0,5538574.0,10897569.0,15879334.0,15947497.0,16393466.0
Valtinson Bruner Financial Planning LLC,0.0,0.0,0.0,0.0,0.0,0.0,0.0,0.0,0.0,0.0,0.0,0.0,0.0,0.0,0.0,315950.0,417445.0,564948.0,625659.0,539040.0
"Value Aligned Research Advisors, LLC",0.0,0.0,0.0,0.0,0.0,0.0,0.0,0.0,0.0,0.0,0.0,13629601.0,41975491.0,0.0,0.0,0.0,0.0,2197332.0,5762124.0,7633546.0
Value Partners Investments Inc.,0.0,0.0,0.0,0.0,0.0,0.0,0.0,0.0,0.0,303.0,0.0,0.0,208059.0,0.0,0.0,0.0,0.0,0.0,0.0,0.0
Value Star Asset Management (Hong Kong) Ltd,0.0,0.0,0.0,1044.0,0.0,0.0,0.0,1470550.0,9209025.0,6662380.0,8661176.0,8614953.0,21397621.0,27052129.0,21466756.0,16188.0,24296.0,33219906.0,0.0,0.0
"Valued Retirements, Inc.",0.0,0.0,0.0,0.0,0.0,0.0,0.0,0.0,0.0,0.0,0.0,0.0,0.0,0.0,0.0,364659.0,665351.0,909730.0,866335.0,958054.0
Valued Wealth Advisors LLC,0.0,0.0,0.0,0.0,0.0,0.0,0.0,0.0,0.0,0.0,0.0,0.0,0.0,0.0,0.0,45252.0,172610.0,312215.0,335708.0,295204.0
Values Added Financial LLC,0.0,0.0,0.0,0.0,0.0,0.0,0.0,0.0,0.0,0.0,0.0,0.0,0.0,217432.0,355822.0,342692.0,638818.0,1013031.0,1043051.0,863895.0
"Values First Advisors, Inc.",0.0,0.0,0.0,0.0,0.0,0.0,0.0,0.0,0.0,0.0,0.0,0.0,0.0,0.0,0.0,0.0,0.0,343441.0,378963.0,1018175.0
"Van Cleef Asset Management,Inc",0.0,0.0,0.0,0.0,0.0,0.0,0.0,0.0,0.0,0.0,0.0,0.0,0.0,0.0,0.0,247610.0,428288.0,586815.0,576840.0,637878.0
"Van Hulzen Asset Management, LLC",231.0,316.0,6375.0,692.0,2107.0,3150.0,3303.0,4919.0,5388.0,3083.0,1095.0,830.0,1530.0,1906.0,7462.0,10256.0,17440.0,29615.0,26705.0,22221202.0
"Van Leeuwen & Company, LLC",0.0,0.0,0.0,0.0,0.0,0.0,316.0,0.0,1118.0,0.0,0.0,0.0,1212845.0,1768693.0,3172071.0,3643829.0,6389073.0,0.0,0.0,0.0
Vancity Investment Management Ltd,0.0,0.0,0.0,0.0,0.0,0.0,0.0,0.0,0.0,0.0,0.0,0.0,0.0,0.0,0.0,0.0,287.0,513.0,367.0,0.0
VanderPol Investments L.L.C.,0.0,0.0,0.0,0.0,0.0,0.0,0.0,0.0,0.0,0.0,0.0,0.0,0.0,0.0,0.0,223344.0,420155.0,630054.0,624202.0,718720.0
Vanguard Capital Wealth Advisors,0.0,406.0,0.0,582.0,610999.0,879.0,13500.0,1960.0,2231.0,1109.0,679.0,877867.0,1818290.0,5726866.0,2843109.0,3930082.0,7165258.0,10914926.0,7050120.0,7925583.0
"Vanguard Personalized Indexing Management, LLC",0.0,0.0,0.0,0.0,0.0,0.0,0.0,0.0,27814.0,43942.0,16810.0,21387839.0,47545091.0,77534884.0,86783581.0,101728559.0,202492437.0,300966631.0,324335945.0,378341464.0
Vantage Consulting Group Inc,0.0,0.0,0.0,53.0,0.0,0.0,0.0,0.0,0.0,0.0,0.0,0.0,0.0,0.0,0.0,0.0,0.0,0.0,0.0,0.0
"Vantage Financial Partners Ltd., Inc.",0.0,0.0,0.0,0.0,0.0,288.0,269.0,382.0,450219.0,292.0,234.0,281320.0,0.0,0.0,391926.0,337245.0,520451.0,588050.0,0.0,0.0
"Vantage Financial Partners, LLC",0.0,0.0,0.0,0.0,0.0,0.0,0.0,0.0,0.0,0.0,0.0,0.0,0.0,0.0,0.0,0.0,297810.0,1081704.0,1069283.0,1816170.0
"Vantage Investment Partners, LLC",1321.0,5102.0,3773.0,1669.0,2212.0,3811.0,2603.0,3412.0,3538.0,2155.0,1726.0,2078.0,4288.0,6009.0,6691.0,10213.0,12139.0,11077.0,8209.0,8720.0
Vantage Point Financial LLC,0.0,0.0,0.0,0.0,0.0,0.0,0.0,0.0,0.0,0.0,0.0,0.0,0.0,0.0,0.0,0.0,0.0,0.0,0.0,2097639.0
Varenne Capital Partners,0.0,0.0,0.0,0.0,0.0,0.0,0.0,0.0,0.0,0.0,0.0,0.0,0.0,0.0,0.0,41566786.0,18512137.0,74214802.0,18508063.0,14479148.0
"Variant Private Wealth, LLC",0.0,0.0,0.0,0.0,0.0,0.0,0.0,0.0,0.0,0.0,0.0,0.0,0.0,0.0,0.0,0.0,0.0,0.0,0.0,2094173.0
Varma Mutual Pension Insurance Co,0.0,31127.0,45134.0,89714.0,24988.0,45446.0,32566.0,22706.0,57901.0,26862.0,16211.0,97663169.0,37095072.0,108430178.0,141947676.0,85112470.0,417415806.0,610956692.0,632450850.0,458233201.0
"Vawter Financial, Ltd.",0.0,0.0,0.0,0.0,0.0,0.0,0.0,0.0,0.0,0.0,0.0,0.0,0.0,0.0,0.0,0.0,0.0,0.0,0.0,221313.0
"Vectors Research Management, LLC",2241.0,3236.0,3908.0,3915.0,3918.0,5916.0,5021.0,7125.0,4924.0,2710.0,1085.0,1068.0,1311.0,1820.0,1396.0,1600.0,3407.0,4578.0,4309.0,4214408.0
"Veery Capital, LLC",0.0,0.0,0.0,0.0,0.0,0.0,0.0,0.0,0.0,0.0,0.0,0.0,0.0,231392.0,304493.0,343683.0,674056.0,916543.0,916751.0,1025575.0
Venture Visionary Partners LLC,0.0,0.0,0.0,2008.0,2214.0,3358.0,3259.0,4639.0,4613.0,2873560.0,2755.0,2450244.0,5605802.0,7330281.0,7429372.0,18612780.0,15956374.0,23133217.0,24721220.0,28398146.0
"Venturi Wealth Management, LLC",77.0,873.0,2080.0,2018.0,1917.0,2505.0,1024.0,731.0,933.0,471.0,213.0,382741.0,910253.0,2101987.0,3089299.0,3884507.0,6333957.0,9066112.0,20982534.0,28902206.0
"VeraBank, N.A.",0.0,0.0,0.0,0.0,0.0,0.0,0.0,0.0,0.0,0.0,0.0,0.0,0.0,0.0,0.0,0.0,280104.0,382974.0,364320.0,440471.0
Veracity Capital LLC,262.0,0.0,456.0,534.0,616.0,970.0,535.0,780.0,1007.0,516.0,359.0,448259.0,850635.0,3053990.0,3236802.0,3625718.0,3375831.0,4024349.0,4144780.0,4181909.0
"Verdad Advisers, LP",0.0,0.0,0.0,0.0,0.0,0.0,0.0,0.0,0.0,0.0,0.0,0.0,0.0,0.0,0.0,0.0,716523.0,1303594.0,0.0,0.0
Verde Capital Management,0.0,0.0,0.0,0.0,0.0,0.0,0.0,1246.0,2251.0,1685.0,1922.0,2041632.0,3860421.0,5472609.0,3489167.0,3781560.0,6312484.0,6583718.0,6216270.0,7122871.0
Verde Servicos Internacionais S.A.,0.0,0.0,0.0,0.0,0.0,0.0,0.0,0.0,0.0,0.0,0.0,0.0,0.0,12559.0,6047.0,11663.0,16300.0,10369.0,18324.0,0.0
Verdence Capital Advisors LLC,289.0,362.0,558.0,512.0,565.0,796.0,822.0,1399.0,1415.0,756.0,631.0,754384.0,1451136.0,2110569.0,2803238.0,3188488.0,6196831.0,8648483.0,9199406.0,10148660.0
Veridan Wealth LLC,0.0,0.0,0.0,0.0,0.0,0.0,0.0,0.0,0.0,0.0,0.0,0.0,0.0,0.0,0.0,0.0,0.0,0.0,0.0,1172963.0
"Veritable, L.P.",5564.0,7507.0,10762.0,9977.0,10190.0,15360.0,15984.0,22631.0,21528.0,12267.0,8379.0,10365170.0,20112312.0,30207160.0,0.0,0.0,0.0,0.0,0.0,0.0
Veritas Investment Partners (UK) Ltd.,0.0,0.0,0.0,0.0,93.0,120.0,124.0,0.0,0.0,0.0,0.0,153176.0,0.0,0.0,0.0,261474.0,0.0,0.0,0.0,0.0
Veriti Management LLC,0.0,0.0,0.0,3091.0,3369.0,7315.0,7580.0,10960.0,10633.0,6027.0,4686.0,6041872.0,0.0,0.0,0.0,0.0,0.0,0.0,0.0,0.0
Verition Fund Management LLC,1980.0,0.0,2628.0,2486.0,1123.0,81212.0,6201.0,529054.0,78950.0,14216.0,16264.0,4219208.0,7833947.0,39749497.0,54352435.0,537657878.0,636226413.0,1676690686.0,1371838216.0,1484551241.0
"Verity & Verity, LLC",0.0,0.0,0.0,0.0,0.0,0.0,0.0,0.0,0.0,0.0,0.0,0.0,0.0,0.0,0.0,440746.0,804168.0,1503482.0,612058.0,727852.0
"Verity Asset Management, Inc.",250.0,408.0,515.0,564.0,699.0,1097.0,1025.0,1258.0,2493.0,0.0,800567.0,856306.0,1400108.0,1666088.0,1494878.0,1594906.0,2544976.0,2784875.0,2417400.0,1798896.0
"Vermillion & White Wealth Management Group, LLC",0.0,0.0,0.0,0.0,0.0,0.0,0.0,0.0,0.0,0.0,0.0,0.0,0.0,0.0,0.0,148567.0,271070.0,370623.0,86589.0,95751.0
"Vermillion Wealth Management, Inc.",0.0,0.0,0.0,0.0,0.0,0.0,0.0,0.0,0.0,0.0,0.0,0.0,0.0,0.0,0.0,0.0,0.0,0.0,0.0,1774495.0
"Versant Capital Management, Inc",17.0,25.0,36.0,34.0,36.0,54.0,56.0,79.0,70.0,39.0,43.0,52026.0,95831.0,248397.0,225686.0,297554.0,678816.0,2318586.0,2313784.0,3747406.0
Versor Investments LP,0.0,0.0,0.0,0.0,0.0,0.0,0.0,0.0,0.0,0.0,0.0,0.0,0.0,0.0,1611638.0,1416824.0,0.0,0.0,0.0,0.0
"Vertex Planning Partners, LLC",0.0,0.0,0.0,0.0,0.0,0.0,0.0,0.0,0.0,0.0,0.0,12422.0,0.0,0.0,0.0,351606.0,586410.0,882820.0,835632.0,1038347.0
Verum Partners LLC,0.0,0.0,0.0,0.0,0.0,0.0,0.0,0.0,0.0,0.0,0.0,0.0,0.0,227498.0,666261.0,725373.0,1132870.0,1449172.0,1551079.0,1785558.0
"Verus Financial Partners, Inc.",0.0,0.0,817.0,0.0,0.0,0.0,0.0,0.0,0.0,0.0,0.0,0.0,0.0,0.0,0.0,0.0,0.0,217430.0,0.0,308520.0
"Vest Financial, LLC",0.0,0.0,0.0,0.0,0.0,0.0,0.0,0.0,0.0,0.0,0.0,0.0,0.0,0.0,0.0,0.0,0.0,4366151.0,12526658.0,12888214.0
Vestcor Inc,3454.0,5992.0,8713.0,7794.0,7465.0,10255.0,9624.0,11646.0,10791.0,8820.0,7162.0,8632.0,16208.0,31056.0,37492.0,41277.0,59697.0,80331.0,70182.0,71370.0
"Vestmark Advisory Solutions, Inc.",1319.0,1832.0,2944.0,2910.0,3549.0,5462.0,5383.0,8142.0,8123.0,5824.0,4991.0,5379485.0,10443185.0,15717961.0,6009226.0,8278905.0,10714060.0,11898344.0,0.0,0.0
Victrix Investment Advisors,0.0,0.0,0.0,0.0,0.0,0.0,0.0,0.0,0.0,0.0,0.0,0.0,0.0,0.0,0.0,0.0,0.0,0.0,0.0,11284140.0
"Vident Advisory, LLC",0.0,0.0,0.0,0.0,0.0,0.0,0.0,0.0,0.0,0.0,0.0,0.0,0.0,0.0,7309572.0,7093036.0,28475693.0,42186933.0,55400564.0,21536490.0
"Vident Investment Advisory, LLC",1822.0,4774.0,47452.0,27357.0,30905.0,35973.0,31505.0,33252.0,31416.0,18277.0,16929.0,714478.0,1526069.0,2887113.0,0.0,0.0,0.0,0.0,0.0,0.0
Vienna Asset Management LLC,0.0,0.0,0.0,0.0,0.0,0.0,0.0,1085.0,1593.0,0.0,55.0,0.0,0.0,0.0,0.0,1900773.0,5046599.0,6836096.0,7923591.0,8717281.0
Vienna Powszechne Towarzystwo Emerytalne S.A. Vienna Insurance Group,0.0,0.0,5033346.0,4856460.0,8436094.0,12641580.0,13092512.0,8029203.0,4447618.0,0.0,0.0,3068940.0,8055330.0,7402850.0,3871411.0,4407458.0,8041684.0,10995060.0,4128960.0,4565860.0
Viewpoint Capital Management LLC,0.0,0.0,0.0,0.0,0.0,0.0,0.0,2133.0,1966.0,1091.0,873.0,1051331.0,2007999.0,3000904.0,3029270.0,3463569.0,6385459.0,8624822.0,8430024.0,9160601.0
"Vigilant Capital Management, LLC",53.0,82.0,108.0,104.0,109.0,170.0,169.0,151.0,228.0,88.0,103.0,73.0,131.0,195.0,0.0,0.0,0.0,0.0,0.0,0.0
Vigilare Wealth Management,615.0,866.0,972.0,1070.0,1509.0,2158.0,2135.0,2932.0,2295.0,1135.0,887.0,914629.0,1025460.0,1337398.0,945757.0,1074277.0,1033207.0,1446048.0,1205822.0,1309303.0
Vinland Capital Management Gestora de Recursos LTDA.,0.0,0.0,0.0,0.0,0.0,0.0,0.0,0.0,0.0,0.0,0.0,0.0,0.0,0.0,0.0,0.0,15350581.0,2223720.0,0.0,0.0
Vinva Investment Management Ltd,0.0,0.0,0.0,0.0,0.0,0.0,0.0,0.0,0.0,0.0,0.0,0.0,22790049.0,30512812.0,32120695.0,45108104.0,86645983.0,129250648.0,140757837.0,171989403.0
"Virtue Capital Management, LLC",0.0,3907.0,5117.0,3698.0,3235.0,6162.0,6512.0,8305.0,6133.0,544.0,395.0,1263136.0,2704873.0,3684710.0,3684710.0,3445564.0,10080676.0,13281732.0,13141510.0,14020552.0
Virtus Wealth Solutions LLC,0.0,0.0,0.0,0.0,0.0,0.0,0.0,0.0,0.0,0.0,0.0,0.0,0.0,0.0,0.0,0.0,0.0,0.0,0.0,41829392.0
"Vise Technologies, Inc.",0.0,0.0,0.0,0.0,0.0,0.0,0.0,248.0,910.0,785.0,557.0,1198205.0,3197507.0,5782830.0,5926020.0,7512004.0,12151097.0,14549462.0,19567181.0,37579469.0
"Vishria Bird Financial Group, LLC",0.0,0.0,0.0,0.0,0.0,0.0,0.0,0.0,0.0,0.0,0.0,0.0,0.0,0.0,0.0,0.0,271.0,335.0,329.0,364.0
"Vision Capital Management, Inc.",0.0,0.0,0.0,0.0,0.0,0.0,0.0,204.0,0.0,2863.0,2290.0,2378867.0,3295186.0,4976408.0,5103743.0,5765852.0,10397275.0,13826364.0,12469959.0,13758831.0
"VisionPoint Advisory Group, LLC",749.0,394.0,508.0,490.0,434.0,1484.0,1935.0,4976.0,2960.0,3592.0,766.0,1219039.0,1440666.0,1036811.0,1056608.0,1022134.0,1752003.0,3353123.0,3042564.0,2820279.0
"Visionary Horizons, LLC",0.0,0.0,0.0,0.0,0.0,0.0,0.0,0.0,0.0,0.0,0.0,0.0,0.0,0.0,0.0,393205.0,696670.0,1010312.0,1172991.0,1297919.0
Visionary Wealth Advisors,233.0,391.0,592.0,780.0,762.0,1597.0,1704.0,2587.0,2412.0,1367.0,828.0,930.0,1776101.0,2511356.0,3130680.0,3671218.0,5712079.0,10024098.0,10964147.0,12713762.0
Vista Cima Wealth Management LLC,0.0,0.0,0.0,0.0,0.0,0.0,0.0,0.0,0.0,0.0,0.0,0.0,0.0,0.0,0.0,0.0,0.0,0.0,0.0,5811554.0
Vista Private Wealth Partners. LLC,0.0,0.0,0.0,0.0,0.0,0.0,0.0,212.0,0.0,0.0,0.0,257423.0,0.0,0.0,579061.0,549200.0,0.0,0.0,0.0,0.0
"Vista Wealth Management Group, LLC",0.0,0.0,250.0,227.0,277.0,558.0,617.0,869.0,920.0,4256.0,2905.0,3019719.0,5781565.0,0.0,0.0,0.0,0.0,0.0,0.0,0.0
"VitalStone Financial, LLC",0.0,0.0,0.0,0.0,0.0,0.0,0.0,0.0,0.0,0.0,0.0,3443000.0,802.0,1139.0,1375.0,1543.0,2252.0,3466919.0,3689605.0,0.0
Vivaldi Capital Management LP,0.0,0.0,0.0,0.0,0.0,0.0,410.0,596.0,377.0,379.0,273.0,536978.0,930807.0,1277943.0,1466351.0,3177239.0,3472887.0,5267625.0,5269285.0,16534759.0
"Vivaldi Capital Management, LLC",215.0,243.0,265.0,524.0,299.0,399.0,0.0,0.0,0.0,0.0,0.0,0.0,0.0,0.0,0.0,0.0,0.0,0.0,0.0,0.0
"Vivid Wealth Management, LLC",0.0,0.0,0.0,0.0,0.0,0.0,0.0,0.0,0.0,0.0,0.0,0.0,0.0,0.0,0.0,601197.0,1127643.0,2691082.0,2715773.0,2858370.0
"Voit & Company, LLC",2191.0,2853.0,4065.0,0.0,0.0,0.0,0.0,0.0,0.0,0.0,0.0,0.0,0.0,0.0,0.0,0.0,0.0,0.0,0.0,0.0
Voleon Capital Management LP,0.0,0.0,0.0,0.0,0.0,0.0,0.0,23529.0,0.0,0.0,0.0,0.0,0.0,0.0,0.0,0.0,0.0,0.0,0.0,87730314.0
"Von Berge Wealth Management Group, LLC",0.0,0.0,0.0,0.0,0.0,0.0,0.0,250.0,219.0,0.0,0.0,0.0,253363.0,393409.0,403672.0,490749.0,922539.0,1144810.0,1160512.0,993461.0
Vontobel Holding Ltd.,0.0,0.0,0.0,0.0,0.0,0.0,0.0,0.0,0.0,0.0,0.0,0.0,0.0,0.0,0.0,0.0,0.0,2657098.0,980507.0,750681.0
Vontobel Swiss Wealth Advisors AG,374.0,420.0,281.0,308.0,405.0,453.0,0.0,0.0,0.0,0.0,0.0,0.0,0.0,0.0,0.0,0.0,0.0,0.0,0.0,0.0
"Vulcan Value Partners, LLC",311619.0,420705.0,0.0,0.0,755933.0,936452.0,671743.0,1157744.0,571432.0,138322.0,0.0,0.0,0.0,0.0,0.0,0.0,0.0,0.0,0.0,0.0
"W ADVISORS, LLC",0.0,0.0,0.0,0.0,0.0,0.0,0.0,0.0,0.0,0.0,0.0,0.0,0.0,222934.0,556893.0,640951.0,1244468.0,1973090.0,2037674.0,2052049.0
"W.E. Donoghue & Co., LLC",0.0,1446.0,0.0,0.0,0.0,0.0,0.0,0.0,0.0,0.0,0.0,0.0,0.0,0.0,0.0,0.0,0.0,0.0,0.0,0.0
W.G. Shaheen & Associates DBA Whitney & Co,0.0,0.0,0.0,0.0,0.0,0.0,0.0,273.0,595.0,402.0,378.0,411445.0,802872.0,1351727.0,3538826.0,8923290.0,8518240.0,15002846.0,15570005.0,17535794.0
W.H. Cornerstone Investments Inc.,0.0,0.0,0.0,0.0,0.0,0.0,0.0,0.0,0.0,0.0,0.0,0.0,0.0,0.0,0.0,0.0,0.0,299.0,370.0,834834.0
"WA Asset Management, LLC",0.0,0.0,0.0,0.0,0.0,0.0,0.0,0.0,0.0,1043.0,843.0,0.0,0.0,0.0,0.0,0.0,0.0,0.0,0.0,0.0
"WADDELL & ASSOCIATES, LLC",0.0,0.0,0.0,0.0,0.0,0.0,0.0,0.0,208.0,0.0,0.0,0.0,0.0,541470.0,655970.0,742013.0,1416782.0,2897385.0,2893552.0,3239615.0
WADE G W & INC,357.0,552.0,718.0,1241.0,2553.0,3779.0,4127.0,6287.0,6476.0,3716.0,3400.0,4415.0,8993.0,14108.0,14569.0,17181.0,0.0,0.0,0.0,0.0
WAFRA INC.,18644.0,26870.0,19614.0,18925.0,61421.0,89430.0,26950.0,55923.0,17411.0,10703.0,8783.0,10573229.0,77352001.0,117800494.0,131390904.0,69814135.0,101092100.0,0.0,0.0,0.0
"WALLED LAKE PLANNING & WEALTH MANAGEMENT, LLC",0.0,0.0,0.0,0.0,0.0,0.0,0.0,0.0,0.0,0.0,0.0,0.0,0.0,0.0,0.0,0.0,0.0,348580.0,353584.0,411456.0
"WALLER FINANCIAL PLANNING GROUP, INC",0.0,0.0,0.0,0.0,0.0,0.0,0.0,0.0,0.0,0.0,0.0,0.0,0.0,0.0,0.0,0.0,0.0,378156.0,467180.0,540389.0
WALTER & KEENAN FINANCIAL CONSULTING CO /MI/ /ADV,419.0,0.0,0.0,0.0,0.0,240.0,287.0,407.0,0.0,0.0,0.0,0.0,0.0,0.0,0.0,0.0,0.0,0.0,0.0,0.0
WALTER & KEENAN WEALTH MANAGEMENT LLC /IN/ /ADV,0.0,0.0,0.0,0.0,0.0,0.0,0.0,0.0,378.0,210.0,0.0,0.0,424710.0,639606.0,852145.0,969146.0,2761308.0,3743317.0,3693894.0,3610746.0
"WARNER FINANCIAL, INC",0.0,0.0,0.0,0.0,0.0,0.0,0.0,0.0,0.0,0.0,0.0,0.0,0.0,0.0,0.0,0.0,235.0,321.0,345.0,382.0
"WASHBURN CAPITAL MANAGEMENT, INC.",706.0,1485.0,2381.0,2360.0,2269.0,3318.0,3481.0,4541.0,3155.0,1554.0,1174.0,1025242.0,1908692.0,2517155.0,2637974.0,3146356.0,4772109.0,5871183.0,4699066.0,6242829.0
WASHINGTON TRUST Co,10071.0,13946.0,20335.0,19065.0,19126.0,28235.0,29325.0,72182.0,33130.0,14004.0,11012.0,12266825.0,22723454.0,33626283.0,33679536.0,38004668.0,67284499.0,87190826.0,79526563.0,83598479.0
WATER ISLAND CAPITAL LLC,0.0,0.0,0.0,0.0,0.0,0.0,0.0,0.0,0.0,303.0,231.0,303544.0,0.0,0.0,0.0,0.0,0.0,0.0,0.0,0.0
"WATERS PARKERSON & CO., LLC",411.0,593.0,844.0,918.0,921.0,1522.0,1524.0,2310.0,2085.0,1193.0,1076.0,1255.0,2332.0,3305.0,3645.0,3701.0,6373.0,9044.0,8957.0,11294998.0
WATERSHED PRIVATE WEALTH LLC,0.0,0.0,0.0,0.0,0.0,0.0,0.0,0.0,0.0,0.0,0.0,1017865.0,1953279.0,2990751.0,2814385.0,3251120.0,5754774.0,7747193.0,7109098.0,7500499.0
"WAYCROSS PARTNERS, LLC",0.0,0.0,0.0,2483.0,2410.0,4473.0,2388.0,3524.0,3629.0,3525.0,2826.0,6993000.0,13550454.0,22134098.0,21308855.0,20704158.0,35217155.0,47405387.0,51496753.0,57563946.0
WBH ADVISORY INC,0.0,0.0,0.0,0.0,0.0,266.0,0.0,0.0,0.0,0.0,0.0,0.0,225772.0,366251.0,378582.0,414143.0,877622.0,1184155.0,1184549.0,1231669.0
"WBI INVESTMENTS, INC.",1076.0,6377.0,0.0,0.0,0.0,0.0,0.0,0.0,0.0,0.0,0.0,0.0,0.0,0.0,0.0,0.0,0.0,0.0,0.0,0.0
"WBI INVESTMENTS, LLC",0.0,0.0,0.0,0.0,0.0,0.0,0.0,0.0,0.0,0.0,0.0,0.0,0.0,0.0,0.0,2180309.0,0.0,0.0,203744.0,263877.0
"WC Walker & Associates, Inc.",0.0,0.0,0.0,2421.0,2294.0,3702.0,3767.0,4791.0,3967.0,2774.0,2213.0,3602473.0,0.0,0.0,0.0,0.0,0.0,0.0,0.0,0.0
WCG Wealth Advisors LLC,0.0,0.0,0.0,0.0,0.0,0.0,0.0,0.0,0.0,1577.0,1016.0,0.0,3226.0,4475.0,13477.0,15798.0,22325.0,33747.0,32761.0,36068000.0
"WCM INVESTMENT MANAGEMENT, LLC",0.0,0.0,0.0,0.0,0.0,0.0,0.0,0.0,0.0,0.0,0.0,0.0,0.0,306625064.0,338597766.0,389489540.0,718747645.0,766312756.0,742226367.0,1673621224.0
WD RUTHERFORD LLC,0.0,0.0,0.0,5991.0,5762.0,8481.0,7902.0,10316.0,9482.0,5064.0,4007.0,4082567.0,7565344.0,10897418.0,8148233.0,10877310.0,13373592.0,16057729.0,15183886.0,16500884.0
"WEALTH ADVISORS, INC.",2874.0,3953.0,5813.0,4844.0,5548.0,7132.0,7216.0,10712.0,10436.0,5610.0,4513.0,5530908.0,7220074.0,9902399.0,9234274.0,0.0,0.0,0.0,0.0,0.0
WEALTH EFFECTS LLC,0.0,0.0,0.0,0.0,0.0,0.0,0.0,7924.0,7650.0,4189.0,3243.0,3707094.0,7085879.0,10416857.0,10405427.0,12254701.0,19953126.0,27058673.0,24326482.0,26206892.0
"WEALTH ENHANCEMENT ADVISORY SERVICES, LLC",4543.0,7210.0,0.0,0.0,0.0,1369.0,13556.0,11098.0,13159.0,11419.0,12097.0,504228.0,5407570.0,5152149.0,240197704.0,315936675.0,567225839.0,822039783.0,794337391.0,872176484.0
WEALTHCARE CAPITAL MANAGEMENT LLC,28.0,0.0,0.0,0.0,108.0,0.0,0.0,257.0,393.0,0.0,0.0,0.0,286659.0,433596.0,433685.0,501658.0,912596.0,1250225.0,1288721.0,1411522.0
WEALTHGARDEN F.S. LLC,0.0,0.0,0.0,0.0,0.0,0.0,0.0,0.0,0.0,0.0,0.0,0.0,0.0,0.0,0.0,0.0,0.0,2880890.0,33665270.0,3117542.0
"WEALTHSOURCE PARTNERS, LLC",622.0,894.0,1117.0,1081.0,1201.0,2102.0,2129.0,3014.0,4589.0,1882.0,1586.0,1516974.0,2638925.0,3601239.0,3746234.0,3897018.0,0.0,0.0,0.0,0.0
"WEALTHSPAN PARTNERS, LLC",0.0,0.0,0.0,0.0,0.0,0.0,0.0,360.0,311.0,285.0,0.0,0.0,0.0,332729.0,351285.0,352662.0,674177.0,991831.0,997195.0,1063118.0
WEATHERLY ASSET MANAGEMENT L. P.,506.0,900.0,1746.0,1785.0,1940.0,3019.0,3328.0,4510.0,4192.0,2396.0,2053.0,2901537.0,5533040.0,8570174.0,8052753.0,8675017.0,15409765.0,20169814.0,18966991.0,20192711.0
"WEBSTER BANK, N. A.",2948.0,4309.0,6003.0,5841.0,5961.0,8578.0,8550.0,11357.0,10621.0,5807.0,4691.0,5456.0,9813614.0,14233354.0,14136740.0,15836145.0,28312149.0,38255520.0,31821409.0,32318366.0
"WEBSTERROGERS FINANCIAL ADVISORS, LLC",0.0,0.0,0.0,0.0,0.0,0.0,0.0,0.0,0.0,0.0,0.0,0.0,0.0,0.0,0.0,0.0,245768.0,224596.0,235108.0,271400.0
WEDBUSH SECURITIES INC,6222.0,9194.0,11673.0,11575.0,14729.0,22927.0,25212.0,35722.0,33803.0,19056.0,15267.0,16492.0,28702.0,42281.0,44137.0,50479.0,99180.0,134922.0,122835.0,135794.0
WEDGE CAPITAL MANAGEMENT L L P/NC,38594.0,59223.0,75439.0,69475.0,65311.0,65743.0,66505.0,63788.0,59040.0,328.0,218.0,322.0,747479.0,1243679.0,1316280.0,1530725.0,3149810.0,3931537.0,3933806.0,4350056.0
WEDGEWOOD INVESTORS INC /PA/,0.0,0.0,0.0,0.0,220.0,329.0,346.0,491.0,462.0,257.0,206.0,247561.0,514430.0,815160.0,751228.0,855245.0,0.0,2169362.0,2153131.0,2435349.0
WEDGEWOOD PARTNERS INC,19974.0,14537.0,0.0,0.0,0.0,0.0,0.0,0.0,0.0,0.0,0.0,0.0,0.0,0.0,0.0,0.0,0.0,0.0,0.0,0.0
WEIK CAPITAL MANAGEMENT,0.0,0.0,0.0,0.0,0.0,0.0,0.0,0.0,0.0,0.0,0.0,0.0,0.0,0.0,217495.0,247610.0,487922.0,679470.0,667920.0,738595.0
WELCH & FORBES LLC,50302.0,64676.0,90961.0,85780.0,84867.0,125051.0,128375.0,177331.0,158728.0,89375.0,71057.0,84576110.0,155959306.0,230138173.0,223222179.0,254709570.0,402980522.0,549098242.0,503318771.0,535536394.0
WELD CAPITAL MANAGEMENT LLC,0.0,0.0,0.0,0.0,376.0,0.0,0.0,0.0,0.0,0.0,0.0,0.0,0.0,0.0,0.0,0.0,0.0,0.0,0.0,0.0
WESBANCO BANK INC,23.0,23.0,38.0,0.0,0.0,30.0,63.0,104.0,107.0,73.0,1003.0,1200.0,2302.0,148.0,115274.0,216908.0,357810.0,546048.0,10740645.0,15585962.0
"WESPAC Advisors SoCal, LLC",2105.0,2874.0,3305.0,3352.0,3585.0,5483.0,5555.0,13414.0,7632.0,4224.0,2873.0,2968635.0,5632801.0,8514825.0,9038512.0,10548565.0,19717222.0,10009981.0,9462269.0,9513716.0
"WESPAC Advisors, LLC",0.0,255.0,0.0,475.0,356.0,0.0,1599.0,1742.0,1140.0,3077.0,0.0,0.0,0.0,275495.0,305040.0,342325.0,791752.0,1647035.0,1653163.0,1731804.0
"WEST CHESTER CAPITAL ADVISORS, INC",0.0,0.0,0.0,0.0,0.0,0.0,0.0,0.0,619.0,298.0,238.0,0.0,0.0,0.0,0.0,0.0,0.0,0.0,0.0,0.0
"WEST MICHIGAN ADVISORS, LLC",0.0,0.0,0.0,0.0,0.0,0.0,0.0,2143.0,0.0,0.0,0.0,0.0,0.0,2496241.0,2573836.0,2898027.0,5709657.0,8038485.0,7466001.0,8129956.0
WEST PACES ADVISORS INC.,95696.0,106010.0,139094.0,134205.0,147365.0,173622.0,205503.0,252346.0,351171.0,195096.0,156229.0,173322.0,356101.0,451362.0,398451.0,472935.0,913499.0,1450360.0,1473189.0,1612421.0
"WESTBOURNE INVESTMENTS, INC.",0.0,0.0,0.0,0.0,0.0,0.0,0.0,0.0,0.0,0.0,0.0,0.0,0.0,0.0,0.0,0.0,0.0,0.0,0.0,9711181.0
WESTERN FINANCIAL CORPORATION,0.0,0.0,0.0,794.0,988.0,1420.0,1346.0,1700.0,1760.0,0.0,0.0,0.0,0.0,0.0,0.0,0.0,0.0,0.0,0.0,0.0
WESTFIELD CAPITAL MANAGEMENT CO LP,106579.0,83752.0,47663.0,92700.0,132811.0,126532.0,127857.0,163746.0,152196.0,100375.0,67451.0,56271353.0,131608537.0,225829374.0,277945763.0,295068218.0,542105984.0,876757487.0,920244169.0,993724126.0
WETHERBY ASSET MANAGEMENT INC,3206.0,4944.0,15724.0,7941.0,7082.0,12259.0,13086.0,18437.0,17684.0,9399.0,7030.0,10360051.0,20626183.0,31249899.0,32244675.0,0.0,0.0,0.0,0.0,0.0
"WETZEL INVESTMENT ADVISORS, INC.",0.0,0.0,0.0,0.0,0.0,0.0,0.0,0.0,0.0,0.0,0.0,0.0,0.0,0.0,0.0,263.0,486885.0,453085.0,882698.0,947685.0
WEXFORD CAPITAL LP,0.0,0.0,0.0,0.0,0.0,0.0,0.0,0.0,0.0,0.0,0.0,0.0,0.0,0.0,0.0,0.0,334317.0,0.0,0.0,339351.0
WFA Asset Management Corp,0.0,0.0,0.0,0.0,0.0,0.0,0.0,178370.0,160034.0,89667.0,71846.0,86518.0,164469.0,58713.0,125120.0,137504.0,276194.0,327195.0,360494.0,243151.0
"WFA of San Diego, LLC",0.0,1462.0,0.0,0.0,0.0,0.0,0.0,0.0,0.0,18.0,0.0,11691.0,0.0,65992.0,50894.0,0.0,0.0,909502.0,997266.0,0.0
"WHALEROCK POINT PARTNERS, LLC",776.0,1494.0,3219177.0,3503.0,4061080.0,6085573.0,6705.0,9520979.0,8969508.0,5134.0,4186957.0,4841818.0,9065412.0,13926417.0,14602804.0,33239614.0,29795307.0,40085984.0,40305301.0,44564823.0
WHITE PINE CAPITAL LLC,0.0,0.0,0.0,0.0,0.0,0.0,0.0,307.0,320.0,0.0,0.0,0.0,208883.0,383256.0,504153.0,677956.0,1398848.0,2019261.0,2139530.0,2339063.0
WHITEBOX ADVISORS LLC,0.0,0.0,0.0,0.0,0.0,0.0,0.0,0.0,10914.0,0.0,4856.0,5845600.0,13888500.0,0.0,0.0,0.0,0.0,0.0,0.0,0.0
"WHITENER CAPITAL MANAGEMENT, INC.",956.0,1381.0,2038.0,1990.0,2011.0,3363.0,1990.0,4781.0,4666.0,2283.0,1613.0,1483467.0,2861309.0,4245852.0,4780112.0,5746540.0,11487143.0,16026245.0,15702688.0,15768890.0
WHITTIER TRUST CO,22223.0,36440.0,49505.0,54258.0,55424.0,83687.0,86093.0,122071.0,114995.0,63641.0,51868.0,62826304.0,121884265.0,159363945.0,167260200.0,191659640.0,338521774.0,464913827.0,440947124.0,490309925.0
WHITTIER TRUST CO OF NEVADA INC,4788.0,8527.0,12304.0,13802.0,14973.0,22315.0,24052.0,36598.0,38802.0,22810.0,18845.0,21179769.0,43684528.0,63565972.0,64945382.0,74620048.0,131649768.0,177892626.0,171473562.0,198248482.0
WILBANKS SMITH & THOMAS ASSET MANAGEMENT LLC,6375.0,9375.0,9026.0,8846.0,10081.0,15593.0,15954.0,16854.0,3780.0,10161.0,8845.0,11269902.0,12629145.0,16009696.0,16302313.0,19019652.0,34447758.0,0.0,0.0,0.0
"WILEY BROS.-AINTREE CAPITAL, LLC",0.0,0.0,0.0,0.0,0.0,0.0,0.0,205.0,0.0,0.0,0.0,0.0,0.0,291884.0,0.0,0.0,0.0,0.0,0.0,0.0
WILKINS INVESTMENT COUNSEL INC,0.0,0.0,0.0,0.0,0.0,0.0,0.0,0.0,0.0,0.0,0.0,0.0,0.0,0.0,0.0,265438.0,484308.0,662174.0,650918.0,812455.0
"WILLIAM ALLAN, LLC",0.0,0.0,0.0,0.0,0.0,0.0,0.0,12.0,0.0,0.0,0.0,0.0,0.0,0.0,0.0,0.0,0.0,0.0,0.0,0.0
"WILLIAM BLAIR INVESTMENT MANAGEMENT, LLC",0.0,0.0,0.0,0.0,0.0,49035.0,55851.0,151729.0,189966.0,135513.0,6214.0,6740269.0,12397431.0,231514616.0,424038700.0,536984394.0,1107614605.0,1557345291.0,1549499178.0,1783291283.0
"WILLNER & HELLER, LLC",0.0,0.0,0.0,0.0,0.0,0.0,0.0,1221.0,1564.0,888.0,848.0,1091149.0,0.0,0.0,0.0,3158658.0,4702597.0,5970115.0,5640445.0,5624763.0
WILSEY ASSET MANAGEMENT INC,0.0,0.0,0.0,0.0,0.0,0.0,0.0,0.0,0.0,0.0,0.0,0.0,0.0,0.0,0.0,0.0,271068.0,0.0,0.0,212447.0
WIM INVESTMENT MANAGEMENT Ltd,0.0,0.0,0.0,0.0,0.0,0.0,0.0,0.0,0.0,0.0,0.0,0.0,0.0,0.0,0.0,0.0,0.0,0.0,15605040.0,10071750.0
"WIMMER ASSOCIATES 1, LLC",667.0,558.0,1323.0,1346.0,1368.0,2027.0,2120.0,2978.0,2767.0,1559.0,1054.0,1140038.0,2003837.0,2834657.0,2941837.0,3429399.0,6198422.0,8424193.0,8251848.0,9032347.0
"WIN ADVISORS, INC",0.0,0.0,0.0,0.0,0.0,0.0,0.0,0.0,0.0,0.0,0.0,67813.0,0.0,0.0,0.0,236716.0,459008.0,666377.0,0.0,0.0
WINDACRE PARTNERSHIP LLC,0.0,0.0,0.0,0.0,0.0,0.0,0.0,0.0,0.0,0.0,0.0,0.0,0.0,0.0,0.0,0.0,0.0,0.0,0.0,376576018.0
WINDWARD CAPITAL MANAGEMENT CO /CA,0.0,0.0,0.0,0.0,0.0,0.0,0.0,0.0,0.0,0.0,0.0,0.0,0.0,0.0,0.0,0.0,0.0,0.0,1157323.0,1279784.0
WINEBRENNER CAPITAL MANAGEMENT LLC,0.0,0.0,0.0,0.0,0.0,0.0,0.0,0.0,0.0,0.0,0.0,0.0,0.0,0.0,0.0,0.0,0.0,0.0,0.0,4482621.0
WINTON GROUP Ltd,6992.0,2478.0,361.0,0.0,738.0,14175.0,15034.0,0.0,0.0,0.0,0.0,0.0,0.0,2879920.0,2437249.0,0.0,242154.0,17814344.0,15524040.0,1520029.0
WINTRUST INVESTMENTS LLC,0.0,0.0,0.0,0.0,242.0,495.0,0.0,726.0,1121.0,1491.0,1561.0,1728.0,0.0,3614.0,3776.0,4374.0,7303.0,9874.0,943.0,612.0
"WIPFLI FINANCIAL ADVISORS LLC,",0.0,0.0,0.0,0.0,0.0,0.0,0.0,0.0,0.0,0.0,2575.0,0.0,0.0,0.0,0.0,0.0,0.0,0.0,0.0,0.0
WISCONSIN CAPITAL MANAGEMENT LLC,5440.0,9402.0,11670.0,10452.0,11895.0,13535.0,13262.0,16727.0,11936.0,7028.0,4256.0,5335864.0,8583649.0,9774300.0,9475822.0,10679915.0,16616468.0,21251721.0,20835825.0,21595981.0
"WJ Wealth Management, LLC",261.0,738.0,489.0,486.0,444.0,642.0,1335.0,984.0,913.0,1011.0,805.0,971245.0,923031.0,4671006.0,4894554.0,5804014.0,11027102.0,16460542.0,14835664.0,16471558.0
"WMG Financial Advisors, LLC",0.0,0.0,0.0,0.0,0.0,0.0,0.0,1293.0,2926.0,820.0,457.0,507106.0,0.0,0.0,311018.0,533352.0,678574.0,2017779.0,3748124.0,3943829.0
"WMS Partners, LLC",425.0,916.0,813.0,2672.0,1495.0,2074.0,2140.0,2892.0,2741.0,1548.0,1447.0,1413671.0,2540041.0,3713509.0,3591889.0,1461942.0,2667402.0,4037045.0,4288798.0,4840109.0
"WNY Asset Management, LLC",0.0,0.0,0.0,0.0,252.0,394.0,407.0,839.0,579.0,354.0,301.0,330131.0,637204.0,984367.0,951760.0,1134550.0,2889588.0,4164172.0,4265346.0,4647376.0
WOLFF WIESE MAGANA LLC,0.0,0.0,0.0,1740.0,2435.0,3622.0,5696.0,3848.0,3252.0,1898.0,1474.0,1696051.0,2834028.0,3791014.0,3673012.0,3352559.0,5540511.0,7529299.0,6658706.0,6682152.0
WOODARD & CO ASSET MANAGEMENT GROUP INC /ADV,0.0,252.0,359.0,378.0,626.0,943.0,747.0,991.0,1069.0,284.0,227.0,227979.0,431934.0,741134.0,814739.0,2404298.0,4969590.0,6300557.0,6633313.0,7210782.0
WOODLEY FARRA MANION PORTFOLIO MANAGEMENT INC,13.0,18.0,0.0,0.0,322.0,471.0,488.0,676.0,654.0,364.0,291.0,352636.0,663315.0,1092238.0,1628976.0,1873863.0,2946440.0,4285536.0,3136018.0,3504832.0
WOODMONT INVESTMENT COUNSEL LLC,0.0,0.0,0.0,0.0,0.0,0.0,0.0,0.0,0.0,0.0,0.0,0.0,305547.0,380718.0,380181.0,728531.0,1353648.0,2130728.0,2145756.0,2315495.0
WOODSTOCK CORP,8526.0,12275.0,16319.0,16024.0,16119.0,24147.0,24620.0,32508.0,29649.0,16425.0,12929.0,15568002.0,29358067.0,42007578.0,42018729.0,47811015.0,75555687.0,90987828.0,86604086.0,94856279.0
"WOODWARD DIVERSIFIED CAPITAL, LLC",0.0,0.0,0.0,618.0,633.0,960.0,1000.0,1353.0,1300.0,742.0,581.0,648637.0,1258438.0,1916080.0,2355275.0,2669518.0,3858725.0,10055539.0,7896150.0,8181671.0
"WORLD EQUITY GROUP, INC.",0.0,0.0,0.0,0.0,0.0,0.0,0.0,0.0,2031443.0,1515900.0,1313318.0,1724744.0,4479429.0,3089741.0,3199358.0,4022185.0,4110309.0,5302974.0,6097616.0,14195624.0
"WP Advisors, LLC",0.0,216.0,299.0,288.0,778.0,1204.0,1247.0,1751.0,1694.0,2446.0,2199.0,2646603.0,5031166.0,7397434.0,2269514.0,2810790.0,5115929.0,6925750.0,6790982.0,8016176.0
WPWealth LLP,0.0,0.0,0.0,0.0,0.0,0.0,0.0,0.0,0.0,0.0,0.0,0.0,0.0,0.0,0.0,0.0,787001.0,1114657.0,1333368.0,1613240.0
"WR Wealth Planners, LLC",0.0,0.0,0.0,0.0,0.0,0.0,0.0,0.0,1247296.0,736000.0,591037.0,727652.0,1569757.0,2221857.0,2267800.0,2748237.0,3282167.0,4329217.0,3883413.0,2694994.0
WRAPMANAGER INC,0.0,377.0,583.0,568.0,647.0,1083.0,1214.0,1658.0,1417.0,692.0,588.0,737.0,1514680.0,2203511.0,2395490.0,2525622.0,6122523.0,9083896.0,9905739.0,11279554.0
WRIGHT INVESTORS SERVICE INC,1016.0,796.0,3689.0,3338.0,2740.0,4334.0,4919.0,6745.0,5362.0,2745.0,1336.0,953271.0,1703008.0,1305863.0,598546.0,2336448.0,10228299.0,14471723.0,11973620.0,14382996.0
WS MANAGEMENT LLLP,11671.0,14358.0,30845.0,17124.0,16618.0,32903.0,34076.0,18968.0,17597.0,9776.0,7829.0,9424861.0,23469343.0,80032000.0,73205337.0,60214790.0,78241068.0,88043252.0,86546645.0,26923802.0
WT Asset Management Ltd,35319.0,27532.0,0.0,0.0,0.0,36793.0,80936.0,60581.0,0.0,0.0,0.0,0.0,0.0,90949300.0,52140946.0,0.0,104718086.0,76662006.0,49037472.0,138971349.0
WT Wealth Management,0.0,0.0,0.0,0.0,0.0,0.0,0.0,0.0,0.0,0.0,0.0,0.0,0.0,0.0,0.0,0.0,370541.0,4197907.0,6963457.0,7391600.0
"WULFF, HANSEN & CO.",0.0,0.0,0.0,0.0,0.0,0.0,0.0,835.0,32.0,0.0,0.0,0.0,0.0,288500.0,268824.0,280295.0,511415.0,767166.0,759607.0,839984.0
"Wagner Wealth Management, LLC",0.0,0.0,0.0,0.0,146.0,219.0,298.0,348.0,292.0,164.0,51.0,0.0,0.0,0.0,271699.0,328634.0,822806.0,1325771.0,894827.0,1133279.0
Waldron Private Wealth LLC,1181.0,1583.0,1890.0,1820.0,1972.0,2971.0,3538.0,5296.0,5235.0,3006.0,2458.0,2458.0,6261342.0,8665761.0,9028101.0,10527007.0,19763567.0,26971005.0,27065093.0,23191884.0
"Walker Asset Management, LLC",0.0,0.0,0.0,0.0,0.0,0.0,0.0,422.0,393.0,19100.0,229.0,344547.0,1034934.0,1538890.0,1545562.0,1838849.0,3267495.0,4115535.0,3929359.0,4520354.0
"Walker Financial Services, Inc.",0.0,0.0,0.0,0.0,0.0,0.0,0.0,0.0,0.0,0.0,0.0,0.0,0.0,0.0,0.0,0.0,0.0,0.0,0.0,206031.0
Walkner Condon Financial Advisors LLC,0.0,230.0,670.0,342.0,508.0,720.0,746.0,0.0,1390000.0,727.0,587.0,594348.0,1180900.0,1567654.0,1995546.0,2440912.0,4422282.0,10076822.0,3464957.0,3695319.0
"Wall Street Access Asset Management, LLC",0.0,0.0,0.0,0.0,0.0,223.0,541.0,330.0,282.0,0.0,0.0,0.0,0.0,0.0,0.0,0.0,0.0,0.0,0.0,0.0
"Wall Street Financial Group, Inc.",0.0,0.0,0.0,0.0,0.0,0.0,0.0,0.0,0.0,0.0,0.0,0.0,0.0,0.0,0.0,0.0,0.0,2172467.0,2560821.0,2007551.0
"Wallace Advisory Group, LLC",0.0,0.0,0.0,0.0,0.0,0.0,0.0,0.0,0.0,0.0,0.0,95722.0,135274.0,135274.0,180630.0,175736.0,197098.0,387422.0,387422.0,468516.0
Wallace Hart LLC,0.0,0.0,0.0,0.0,0.0,0.0,0.0,0.0,0.0,0.0,0.0,0.0,0.0,0.0,0.0,0.0,253900.0,405458.0,303843.0,349020.0
Walleye Capital LLC,0.0,315.0,2287.0,1149.0,641.0,0.0,1384.0,2862.0,0.0,446.0,8938.0,4150376.0,22626033.0,1117740670.0,3077875707.0,1527893847.0,2444903247.0,2996131983.0,1496380037.0,1633233234.0
Walleye Trading LLC,65742.0,98701.0,139472.0,172374.0,113750.0,212436.0,195189.0,497174.0,521805.0,593303.0,607609.0,692279648.0,1621843476.0,1413790794.0,2674984054.0,1509110648.0,1799891520.0,2039768075.0,2206773920.0,2178552023.0
"Wallington Asset Management, LLC",0.0,0.0,0.0,0.0,0.0,0.0,0.0,0.0,0.0,227.0,0.0,268.0,509.0,720.0,751.0,783.0,1429.0,1954.0,3138.0,3445.0
"Wambolt & Associates, LLC",284.0,413.0,585.0,574.0,593.0,884.0,984.0,1601.0,1937.0,1381.0,1170.0,1421502.0,2709529.0,2432081.0,2914988.0,4264464.0,8878396.0,12540583.0,11814707.0,11801623.0
Waratah Capital Advisors Ltd.,3682.0,30654.0,9586.0,0.0,0.0,0.0,0.0,0.0,0.0,0.0,0.0,0.0,0.0,0.0,869980.0,334422066.0,0.0,0.0,1773024.0,5855044.0
Warberg Asset Management LLC,0.0,0.0,0.0,0.0,0.0,1400.0,0.0,0.0,0.0,0.0,0.0,0.0,0.0,1692080.0,2174950.0,990440.0,0.0,15010010.0,7893600.0,0.0
"Warburton Capital Management, LLC",0.0,0.0,0.0,0.0,0.0,0.0,0.0,0.0,0.0,0.0,0.0,0.0,0.0,0.0,0.0,0.0,0.0,0.0,0.0,1024.0
Warm Springs Advisors Inc.,0.0,0.0,0.0,0.0,0.0,0.0,0.0,0.0,0.0,0.0,0.0,0.0,0.0,0.0,0.0,0.0,0.0,0.0,0.0,15097553.0
"Warren Averett Asset Management, LLC",400.0,659.0,680.0,857.0,883.0,1147.0,1772.0,1558.0,1777.0,0.0,0.0,0.0,0.0,0.0,0.0,0.0,0.0,0.0,0.0,0.0
"Warren Street Wealth Advisors, LLC",0.0,0.0,0.0,0.0,0.0,0.0,0.0,411.0,236.0,227.0,0.0,314347.0,644982.0,1060088.0,1191438.0,1366312.0,2983338.0,4101613.0,4429607.0,5040844.0
"Warther Private Wealth, LLC",0.0,0.0,0.0,0.0,0.0,1519.0,2168.0,3353.0,3376.0,1796.0,1365.0,1564445.0,2899487.0,3775566.0,3609239.0,3569370.0,7227258.0,9446817.0,8247083.0,8662733.0
"Warwick Investment Management, Inc.",0.0,0.0,0.0,0.0,0.0,0.0,0.0,0.0,0.0,0.0,0.0,0.0,0.0,0.0,0.0,303570.0,1218902.0,1830492.0,1822693.0,2132122.0
"Washington Trust Advisors, Inc.",0.0,0.0,0.0,0.0,0.0,0.0,0.0,5000.0,4814.0,3709.0,3456.0,4053631.0,15267906.0,10512894.0,9909073.0,11098871.0,18490452.0,21193287.0,20821739.0,23617985.0
Washington Trust Bank,613.0,719.0,822.0,755.0,744.0,911.0,1133.0,14636.0,14549.0,9359.0,637.0,722.0,1889947.0,1073202.0,16744940.0,18960488.0,29127160.0,32596153.0,28325880.0,27674080.0
"Watchman Group, Inc.",0.0,0.0,0.0,0.0,0.0,0.0,0.0,0.0,0.0,0.0,0.0,0.0,0.0,0.0,0.0,0.0,0.0,0.0,0.0,208016.0
"Waterford Advisors, LLC",0.0,0.0,0.0,0.0,0.0,0.0,0.0,0.0,0.0,0.0,0.0,0.0,0.0,210.0,259266.0,295166.0,538550.0,816641.0,766327.0,708565.0
Waterfront Wealth Inc.,0.0,0.0,0.0,0.0,0.0,0.0,0.0,0.0,0.0,0.0,0.0,0.0,220272.0,356041.0,338162.0,395186.0,683443.0,637466.0,1001012.0,998580.0
"Waterloo Capital, L.P.",0.0,0.0,0.0,0.0,0.0,0.0,0.0,0.0,0.0,0.0,0.0,0.0,902563.0,1182475.0,1152863.0,2307616.0,5846988.0,9551592.0,9542971.0,11759880.0
"Waterway Wealth Management, LLC",0.0,0.0,0.0,0.0,0.0,0.0,0.0,0.0,0.0,0.0,0.0,0.0,0.0,0.0,0.0,1590719.0,2953871.0,3624848.0,3632087.0,4141706.0
"Watts Gwilliam & Co., LLC",0.0,0.0,0.0,0.0,0.0,0.0,0.0,0.0,0.0,0.0,0.0,0.0,0.0,0.0,0.0,0.0,22135669.0,0.0,68116813.0,59988685.0
"Waverly Advisors, LLC",0.0,0.0,0.0,0.0,0.0,0.0,0.0,0.0,0.0,0.0,0.0,1260558.0,2793057.0,4523610.0,5075560.0,6206552.0,16834755.0,33987078.0,33352215.0,95979363.0
Waverton Investment Management Ltd,0.0,0.0,0.0,0.0,0.0,0.0,0.0,0.0,0.0,0.0,0.0,0.0,0.0,0.0,0.0,1815953.0,2957262.0,2875144.0,2728656.0,2719505.0
"Wayfinding Financial, LLC",0.0,0.0,0.0,0.0,0.0,0.0,0.0,1780.0,1547.0,1274.0,982.0,1780.0,2416.0,4099.0,3911.0,4181.0,7964.0,11012.0,10118.0,9937.0
"Waypoint Capital Advisors, LLC",0.0,0.0,0.0,0.0,0.0,0.0,0.0,1548.0,1457.0,812.0,567.0,704947.0,1333400.0,2069572.0,2128025.0,2432744.0,4773173.0,1788077.0,1862363.0,0.0
Waypoint Wealth Partners Inc.,0.0,0.0,0.0,0.0,0.0,0.0,0.0,0.0,268.0,0.0,0.0,0.0,0.0,0.0,0.0,258010.0,276490.0,378033.0,493411.0,492173.0
"We Are One Seven, LLC",1648.0,2529.0,3460.0,3409.0,3885.0,5979.0,7872.0,10061.0,9246.0,0.0,0.0,0.0,0.0,0.0,0.0,0.0,0.0,0.0,0.0,0.0
"Wealth Advisors of Iowa, LLC",0.0,0.0,0.0,0.0,0.0,0.0,0.0,0.0,0.0,0.0,0.0,205356.0,390338.0,397747.0,300281.0,341872.0,623781.0,914674.0,983405.0,1191112.0
"Wealth Advisors of Tampa Bay, LLC",0.0,0.0,0.0,0.0,0.0,0.0,0.0,0.0,0.0,0.0,0.0,0.0,0.0,0.0,0.0,0.0,0.0,0.0,797253.0,899075.0
"Wealth Advisory Solutions, LLC",0.0,0.0,0.0,0.0,227.0,0.0,0.0,0.0,273.0,0.0,0.0,0.0,0.0,0.0,0.0,0.0,0.0,0.0,283805.0,378161.0
Wealth Alliance,0.0,0.0,0.0,47.0,0.0,0.0,141.0,393.0,196.0,664.0,257.0,306644.0,0.0,0.0,0.0,0.0,0.0,0.0,0.0,0.0
"Wealth Alliance Advisory Group, LLC",527.0,764.0,1168.0,1330.0,1232.0,1811.0,1867.0,2545.0,2261.0,1354.0,1414.0,1761407.0,3248770.0,4420099.0,4036673.0,4826874.0,7483222.0,9348194.0,9119460.0,9905318.0
"Wealth Architects, LLC",0.0,205.0,325.0,305.0,309.0,471.0,531.0,783.0,699.0,416.0,338.0,454788.0,887198.0,1347319.0,1430247.0,1709995.0,2937474.0,3891263.0,3855720.0,4038785.0
"Wealth Dimensions Group, Ltd.",0.0,0.0,0.0,0.0,244.0,358.0,423.0,580.0,765.0,461.0,386.0,491082.0,902865.0,1384324.0,1753693.0,2002000.0,3660910.0,4525305.0,5040645.0,6446459.0
"Wealth Enhancement & Preservation of GA, LLC",0.0,2094.0,1529.0,0.0,0.0,0.0,0.0,0.0,0.0,0.0,0.0,0.0,0.0,0.0,0.0,0.0,0.0,0.0,0.0,0.0
Wealth Group Ltd,0.0,0.0,0.0,0.0,0.0,0.0,0.0,0.0,0.0,0.0,0.0,0.0,0.0,0.0,0.0,303592.0,425123.0,659333.0,680307.0,765728.0
"Wealth Group, Ltd.",0.0,0.0,0.0,0.0,0.0,0.0,0.0,0.0,0.0,0.0,0.0,0.0,0.0,0.0,0.0,0.0,3165.0,4499.0,22024.0,4909.0
Wealth High Governance Capital Ltda,0.0,0.0,0.0,0.0,0.0,0.0,0.0,0.0,0.0,0.0,0.0,0.0,0.0,0.0,47848900.0,0.0,4517800.0,0.0,9715200.0,13321568.0
Wealth Management Nebraska,0.0,0.0,0.0,0.0,0.0,0.0,0.0,0.0,0.0,0.0,0.0,0.0,0.0,0.0,0.0,0.0,0.0,0.0,0.0,1003683.0
"Wealth Management Partners, LLC",0.0,0.0,0.0,2897.0,3078.0,4491.0,8875.0,6020.0,5822.0,3510.0,3056.0,3769644.0,6970321.0,9443889.0,9028643.0,10427365.0,17267984.0,22964981.0,22699814.0,24615622.0
"Wealth Management Solutions, LLC",0.0,0.0,0.0,0.0,0.0,0.0,0.0,359.0,349.0,208.0,0.0,0.0,273496.0,290045.0,298280.0,0.0,0.0,0.0,0.0,0.0
"Wealth Management Strategies, Inc.",0.0,0.0,0.0,0.0,0.0,0.0,0.0,0.0,0.0,0.0,0.0,0.0,0.0,0.0,0.0,0.0,0.0,0.0,0.0,3384.0
Wealth Quarterback LLC,91538.0,0.0,0.0,0.0,0.0,175.0,184.0,0.0,0.0,0.0,0.0,0.0,296731.0,399356.0,464194.0,995942.0,1795971.0,2280262.0,2336072.0,2387201.0
"WealthBridge Capital Management, LLC",0.0,263.0,339.0,357.0,338.0,537.0,579.0,815.0,855.0,517.0,517.0,357475.0,698905.0,964117.0,1259810.0,1977023.0,3834011.0,5513418.0,6468648.0,7243981.0
"WealthCare Investment Partners, LLC",0.0,0.0,0.0,0.0,0.0,0.0,0.0,0.0,0.0,0.0,0.0,0.0,0.0,0.0,227599.0,300598.0,496146.0,804057.0,733985.0,897114.0
"WealthCollab, LLC",0.0,0.0,0.0,0.0,0.0,0.0,0.0,0.0,0.0,0.0,0.0,0.0,0.0,0.0,0.0,0.0,0.0,495.0,13116.0,52105.0
"WealthOne, LLC",0.0,0.0,0.0,0.0,0.0,0.0,0.0,0.0,0.0,0.0,0.0,0.0,0.0,0.0,2121755.0,0.0,0.0,0.0,0.0,0.0
"WealthPLAN Partners, LLC",466.0,696.0,794.0,803.0,914.0,1277.0,2297.0,1820.0,1405.0,0.0,0.0,1645561.0,1178248.0,2050770.0,2974043.0,3879170.0,7514306.0,14523207.0,9335671.0,9701997.0
"WealthPlan Investment Management, LLC",0.0,0.0,0.0,0.0,0.0,0.0,0.0,0.0,1405.0,0.0,1156.0,1560815.0,805533.0,1150082.0,4261613.0,1597593.0,2633009.0,5723810.0,10961495.0,10842849.0
"WealthShield Partners, LLC",0.0,0.0,0.0,643.0,604.0,1298.0,1359.0,2119.0,2328.0,789.0,543.0,583934.0,1245769.0,1777106.0,3531731.0,4020126.0,6765784.0,9318786.0,9898168.0,9938597.0
"WealthSpring Partners, LLC",0.0,0.0,0.0,0.0,0.0,0.0,0.0,0.0,0.0,0.0,281752.0,400310.0,788694.0,1230770.0,1227362.0,0.0,0.0,0.0,0.0,0.0
"WealthStone, Inc.",0.0,611656.0,1669.0,1560.0,1624.0,0.0,0.0,0.0,0.0,0.0,0.0,0.0,0.0,0.0,0.0,0.0,0.0,0.0,0.0,0.0
WealthTrak Capital Management LLC,0.0,0.0,0.0,0.0,0.0,0.0,0.0,0.0,0.0,0.0,0.0,0.0,0.0,0.0,0.0,0.0,0.0,0.0,0.0,67145.0
"WealthTrust Asset Management, LLC",0.0,0.0,0.0,0.0,0.0,3416.0,3621.0,5280.0,4671.0,1319.0,606.0,613098.0,1125326.0,1658782.0,1734435.0,1891891.0,3283814.0,4227554.0,2824588.0,3015243.0
WealthTrust Axiom LLC,0.0,0.0,0.0,0.0,0.0,209.0,214.0,266.0,225.0,0.0,0.0,0.0,201283.0,305268.0,279107.0,316267.0,563497.0,944020.0,1100541.0,1237811.0
Wealthcare Advisory Partners LLC,676.0,809.0,1170.0,993.0,4033.0,6320.0,6482.0,9542.0,9160.0,5194.0,4404.0,5356653.0,11069423.0,16434868.0,17118924.0,19648012.0,36936426.0,52512552.0,52425539.0,56472275.0
"Wealthcare Capital Partners, LLC",0.0,0.0,0.0,0.0,0.0,0.0,0.0,0.0,0.0,0.0,0.0,0.0,0.0,0.0,0.0,0.0,0.0,0.0,0.0,1097120.0
Wealthfront Advisers LLC,13543.0,19608.0,28388.0,28085.0,29834.0,51456.0,55649.0,81344.0,79594.0,36736.0,25006.0,47126350.0,95661211.0,149444082.0,154648080.0,175554500.0,330418338.0,467864264.0,463047684.0,1233031.0
"Wealthpoint, LLC",0.0,0.0,0.0,0.0,0.0,889.0,925.0,1355.0,0.0,0.0,640.0,0.0,0.0,0.0,0.0,0.0,0.0,0.0,0.0,0.0
Wealthquest Corp,0.0,376.0,535.0,525.0,531.0,796.0,845.0,1214.0,1214.0,647.0,529.0,644548.0,874697.0,1291903.0,825176.0,936956.0,1762845.0,2176774.0,2110329.0,2366861.0
"Wealthspire Advisors, L.P.",1247.0,1896.0,2944.0,0.0,0.0,0.0,0.0,0.0,0.0,0.0,0.0,0.0,0.0,0.0,0.0,0.0,0.0,0.0,0.0,0.0
"Wealthspire Advisors, LLC",0.0,0.0,0.0,3485.0,3947.0,907.0,2175.0,5137.0,1080.0,695.0,1025.0,1857669.0,1948249.0,3315274.0,4590854.0,6080093.0,9558508.0,15267956.0,16388559.0,23486880.0
"Wealthstar Advisors, LLC",0.0,0.0,0.0,0.0,0.0,0.0,0.0,0.0,0.0,0.0,0.0,0.0,0.0,0.0,494106.0,1230074.0,1744926.0,0.0,0.0,2587518.0
"Wealthstream Advisors, Inc.",0.0,0.0,0.0,0.0,0.0,0.0,0.0,392.0,399.0,0.0,0.0,0.0,393606.0,739793.0,808140.0,919542.0,2003044.0,2859872.0,2955787.0,3393019.0
"Wealthstreet Investment Advisors, LLC",11372.0,16493.0,23420.0,22463.0,21773.0,0.0,0.0,0.0,0.0,0.0,0.0,0.0,0.0,0.0,0.0,0.0,0.0,0.0,0.0,0.0
Weaver Capital Management LLC,0.0,0.0,0.0,0.0,0.0,0.0,0.0,0.0,0.0,0.0,0.0,0.0,0.0,0.0,0.0,3545335.0,5871434.0,8280780.0,8887603.0,10609204.0
Weaver Consulting Group,145.0,185.0,269.0,276.0,271.0,428.0,459.0,713.0,692.0,379.0,298.0,339629.0,689703.0,952218.0,934359.0,1066704.0,1938136.0,2826081.0,2894987.0,3212890.0
Wedmont Private Capital,0.0,0.0,0.0,0.0,0.0,0.0,0.0,1894.0,3458.0,2520.0,1231.0,2896089.0,5575246.0,10195330.0,11487335.0,16085586.0,27080335.0,43710714.0,47997477.0,54492887.0
"Weil Company, Inc.",0.0,0.0,0.0,0.0,0.0,0.0,0.0,0.0,0.0,0.0,0.0,0.0,0.0,415858.0,0.0,0.0,355615.0,545827.0,630972.0,744605.0
"Weinberger Asset Management, Inc",0.0,0.0,0.0,0.0,0.0,0.0,0.0,0.0,0.0,0.0,0.0,217164.0,412766.0,634530.0,682499.0,1000840.0,1603819.0,2017655.0,2044321.0,2079884.0
Weiss Multi-Strategy Advisers LLC,21014.0,7607.0,13565.0,9627.0,7760.0,10361.0,6215.0,12561.0,11714.0,6796.0,1491.0,20898.0,29592.0,52254.0,30667.0,11826.0,0.0,0.0,0.0,0.0
"Weitzel Financial Services, Inc.",0.0,0.0,0.0,0.0,0.0,0.0,0.0,0.0,0.0,0.0,0.0,0.0,0.0,0.0,0.0,0.0,0.0,208202.0,0.0,0.0
"Welch Group, LLC",1201.0,1843.0,2262.0,2118.0,2297.0,3924.0,4381.0,6334.0,6227.0,3827.0,3194.0,4021385.0,7477672.0,10399258.0,10321183.0,11111451.0,18352750.0,24036197.0,23031953.0,25128259.0
"Well Done, LLC",0.0,0.0,0.0,0.0,0.0,0.0,0.0,0.0,158.0,0.0,0.0,0.0,211661.0,0.0,0.0,0.0,203301.0,963415.0,984806.0,984806.0
"Wellington Shields & Co., LLC",461.0,627.0,785.0,757.0,748.0,1143.0,1207.0,1707.0,1576.0,891.0,658.0,984399.0,1781895.0,2586767.0,2625601.0,6010490.0,15392796.0,8093129.0,8160913.0,8921864.0
"Wellington Shields Capital Management, LLC",0.0,0.0,0.0,352.0,681.0,1020.0,1372.0,3223.0,1958.0,573.0,216.0,187063.0,549993.0,1159088.0,1217987.0,1892254.0,3447116.0,5068896.0,8756480.0,9621947.0
"Wellington Wealth Strategies, LLC.",0.0,0.0,0.0,1574749.0,0.0,0.0,0.0,0.0,0.0,0.0,0.0,0.0,0.0,0.0,0.0,1574749.0,2541504.0,0.0,6000278.0,5453147.0
"Wells Trecaso Financial Group, LLC",0.0,0.0,0.0,0.0,0.0,0.0,0.0,0.0,236.0,0.0,0.0,0.0,243604.0,370989.0,394536.0,455107.0,771640.0,1109760.0,1150401.0,1258700.0
"Wellspring Financial Advisors, LLC",0.0,0.0,244.0,228.0,0.0,357.0,389.0,553.0,529.0,295.0,217.0,399518.0,463583.0,705914.0,956921.0,1280145.0,2872097.0,4675615.0,5989087.0,4453435.0
Werba Rubin Papier Wealth Management,0.0,0.0,0.0,0.0,0.0,0.0,0.0,0.0,0.0,0.0,0.0,259490.0,413539.0,628938.0,625065.0,540296.0,2068300.0,3474573.0,4438886.0,4957612.0
"Werlinich Asset Management, LLC",0.0,0.0,0.0,0.0,6033409.0,8849106.0,9011460.0,12793785.0,11656579.0,6156070.0,4895659.0,5540167.0,10214992.0,13384353.0,13378704.0,14274595.0,22820615.0,31352111.0,27707750.0,31342220.0
Wernau Asset Management Inc.,0.0,0.0,0.0,0.0,0.0,0.0,0.0,0.0,0.0,0.0,0.0,0.0,0.0,0.0,0.0,0.0,0.0,0.0,0.0,581841.0
"Wescott Financial Advisory Group, LLC",0.0,0.0,0.0,0.0,0.0,0.0,244.0,0.0,0.0,0.0,0.0,0.0,225827.0,497049.0,521988.0,619025.0,719729.0,364616.0,479452.0,1054755.0
Wesleyan Assurance Society,0.0,0.0,0.0,0.0,0.0,0.0,0.0,0.0,0.0,0.0,1335.0,1608.0,3055.0,4650.0,4784.0,5447.0,9928.0,15648.0,26934.0,36556.0
West Branch Capital LLC,3200.0,4821.0,6963.0,6498.0,6504.0,9789.0,10117.0,13985.0,11664.0,6714.0,5375.0,6466393.0,12621312.0,18547691.0,15650125.0,17314998.0,23157727.0,30964091.0,29736306.0,33241297.0
"West Family Investments, Inc.",0.0,0.0,0.0,0.0,0.0,2958.0,3278.0,4220.0,4523.0,2494.0,1399.0,2280953.0,4023877.0,2660796.0,2736087.0,3149104.0,5923739.0,8158952.0,9365939.0,10148430.0
"West Financial Advisors, LLC",0.0,0.0,0.0,2003.0,0.0,0.0,0.0,0.0,0.0,0.0,0.0,0.0,0.0,0.0,0.0,0.0,0.0,0.0,36432.0,46062.0
"West Oak Capital, LLC",2440.0,3084.0,3362.0,3092.0,3038.0,4319.0,3684.0,4694.0,4001.0,2118.0,4136.0,2355.0,4452653.0,6396062.0,6122.0,5956.0,9389.0,11750515.0,98060.0,211422.0
"West Tower Group, LLC",0.0,0.0,0.0,0.0,0.0,0.0,0.0,0.0,0.0,0.0,0.0,0.0,0.0,62607.0,113967.0,0.0,271068.0,0.0,485760.0,0.0
"West Wealth Group, LLC",0.0,0.0,0.0,0.0,0.0,0.0,0.0,434.0,464.0,273.0,227.0,264313.0,554109.0,882417.0,784778.0,909346.0,1660130.0,2253309.0,2377857.0,3997052.0
"WestEnd Advisors, LLC",0.0,0.0,0.0,0.0,0.0,3200.0,3521.0,4705.0,0.0,15381988.0,14235.0,17652543.0,0.0,27395708.0,18299225.0,20332688.0,36304290.0,28335347.0,27591792.0,22193363.0
"WestHill Financial Advisors, Inc.",0.0,0.0,0.0,0.0,0.0,0.0,0.0,0.0,0.0,0.0,0.0,0.0,0.0,0.0,248405.0,282800.0,949695.0,1236709.0,1152174.0,1256230.0
"Westchester Capital Management, Inc.",0.0,0.0,0.0,10.0,11.0,35.0,36.0,52.0,48.0,27.0,21.0,25721.0,36388.0,65991.0,67858.0,130738.0,283718.0,399652.0,392858.0,1508748.0
"Westend Capital Management, LLC",0.0,0.0,0.0,0.0,0.0,0.0,0.0,0.0,0.0,0.0,0.0,0.0,0.0,0.0,0.0,0.0,30226793.0,41787423.0,41222444.0,45601392.0
Western Financial Corp/CA,0.0,0.0,0.0,0.0,0.0,0.0,0.0,0.0,0.0,0.0,0.0,0.0,1130825.0,2102602.0,2220467.0,2437869.0,3502995.0,3889419.0,2980593.0,2785338.0
"Western Pacific Wealth Management, LP",0.0,0.0,0.0,0.0,0.0,0.0,0.0,799.0,717.0,125.0,99.0,138102.0,493319.0,955602.0,1067500.0,1228715.0,3656855.0,5033871.0,4931058.0,5358736.0
"Western Wealth Management, LLC",1290.0,2640.0,3954.0,4001.0,4382.0,5779.0,0.0,9206.0,18551.0,8505.0,4798.0,3224002.0,7219503.0,11652981.0,12229227.0,14502185.0,21830558.0,30899971.0,36481401.0,6905301.0
"Westfuller Advisors, LLC",0.0,0.0,0.0,0.0,0.0,0.0,0.0,0.0,0.0,0.0,0.0,0.0,0.0,0.0,0.0,0.0,1994906.0,0.0,2894603.0,3160260.0
"Westhampton Capital, LLC",239.0,329.0,438.0,432.0,538.0,815.0,857.0,1220.0,1199.0,1971.0,695.0,804513.0,1540263.0,2244590.0,2211061.0,2302286.0,4024472.0,5273945.0,4960846.0,5557485.0
"Westmount Partners, LLC",0.0,0.0,0.0,0.0,0.0,0.0,0.0,0.0,0.0,0.0,0.0,683068.0,1308973.0,1998530.0,2197971.0,2799581.0,5559973.0,7327404.0,9851549.0,11173513.0
"Westover Capital Advisors, LLC",1032.0,1437.0,1664.0,1592.0,1629.0,2380.0,2450.0,2445.0,2183.0,1235.0,1119.0,1343027.0,2734923.0,3885016.0,4007127.0,4904164.0,9426841.0,14577349.0,15598604.0,18118542.0
"Westshore Wealth, LLC",0.0,0.0,0.0,0.0,941.0,1346.0,1236.0,1754.0,1565.0,877.0,712.0,856590.0,1635360.0,2100913.0,2119929.0,2410004.0,4397215.0,5495759.0,5825800.0,0.0
"Westside Investment Management, Inc.",11.0,16.0,22.0,22.0,27784.0,41638.0,43178.0,43192.0,109030.0,109042.0,225137.0,269219.0,655542.0,936582.0,939594.0,1260850.0,3172616.0,4620463.0,4166232.0,4601449.0
Westwood Wealth Management,0.0,0.0,0.0,0.0,0.0,0.0,0.0,35576.0,37252.0,11319.0,20888.0,11646773.0,23960440.0,34607266.0,53772159.0,37759039.0,68249501.0,99340985.0,95062746.0,104231869.0
Whale Rock Capital Management LLC,116404.0,213240.0,315017.0,158482.0,0.0,478378.0,369924.0,217750.0,94257.0,0.0,0.0,111668351.0,289270789.0,409918225.0,338214730.0,251078521.0,742668492.0,602145202.0,420789721.0,401256909.0
Whalen Wealth Management Inc.,0.0,0.0,0.0,0.0,0.0,0.0,0.0,0.0,0.0,0.0,0.0,0.0,0.0,0.0,0.0,1876395.0,4096762.0,4540272.0,4848908.0,4920902.0
"Wharton Business Group, LLC",0.0,209.0,298.0,287.0,294.0,440.0,456.0,556.0,1072.0,287.0,229.0,276.0,524.0,694.0,713.0,696.0,1270.0,1940.0,1854.0,1900.0
Wheelhouse Advisory Group LLC,0.0,0.0,0.0,0.0,0.0,0.0,0.0,0.0,0.0,0.0,0.0,0.0,0.0,0.0,0.0,0.0,480240.0,776535.0,775549.0,870858.0
Whelan Financial,0.0,0.0,0.0,0.0,0.0,0.0,0.0,0.0,0.0,0.0,0.0,0.0,0.0,214555.0,290670.0,440381.0,1080005.0,1815088.0,1984246.0,3541781.0
"Whipplewood Advisors, LLC",0.0,0.0,0.0,0.0,0.0,0.0,0.0,0.0,0.0,0.0,0.0,0.0,0.0,0.0,0.0,0.0,0.0,0.0,0.0,2823581.0
"Whitaker-Myers Wealth Managers, LTD.",0.0,0.0,0.0,0.0,0.0,0.0,0.0,0.0,0.0,0.0,0.0,0.0,0.0,0.0,219092.0,766975.0,1764479.0,2724466.0,2523677.0,2978014.0
"Whitcomb & Hess, Inc.",0.0,0.0,0.0,0.0,0.0,691.0,716.0,893.0,943.0,263.0,0.0,0.0,0.0,0.0,0.0,0.0,0.0,0.0,0.0,0.0
"White Knight Strategic Wealth Advisors, LLC",0.0,0.0,0.0,0.0,0.0,0.0,0.0,3673.0,3445.0,1951.0,1606.0,1933.0,2753.0,3485685.0,3119748.0,3031737.0,4362388.0,5987984.0,6212750.0,13748882.0
White Lighthouse Investment Management Inc.,0.0,0.0,0.0,0.0,0.0,0.0,0.0,0.0,0.0,0.0,0.0,0.0,0.0,0.0,0.0,0.0,0.0,0.0,0.0,324982.0
White Pine Investment CO,0.0,0.0,0.0,0.0,0.0,0.0,0.0,0.0,0.0,0.0,0.0,0.0,0.0,0.0,0.0,0.0,0.0,0.0,0.0,202.0
White Wing Wealth Management,0.0,0.0,0.0,0.0,0.0,0.0,0.0,0.0,0.0,0.0,0.0,0.0,0.0,0.0,0.0,695283.0,1202152.0,1665254.0,1618489.0,1708565.0
Whitford Management LLC,0.0,0.0,0.0,0.0,0.0,0.0,0.0,0.0,0.0,0.0,0.0,0.0,0.0,0.0,0.0,5626481.0,0.0,0.0,0.0,9699029.0
"Wick Capital Partners, LLC",0.0,0.0,0.0,0.0,0.0,0.0,0.0,0.0,0.0,0.0,0.0,0.0,225.0,635482.0,646855.0,599838.0,1100768.0,1149240.0,1072507.0,2242810.0
"Widmann Financial Services, Inc.",0.0,0.0,0.0,0.0,0.0,0.0,0.0,0.0,0.0,0.0,0.0,0.0,0.0,0.0,0.0,0.0,0.0,249551.0,291213.0,335994.0
"Wilkins Miller Wealth Management, LLC",0.0,0.0,0.0,0.0,0.0,0.0,0.0,0.0,0.0,0.0,0.0,0.0,0.0,0.0,0.0,0.0,0.0,0.0,0.0,252197.0
Wilkinson Global Asset Management LLC,0.0,0.0,0.0,0.0,31450.0,46573.0,46881.0,36839.0,33306.0,17190.0,11335.0,12630880.0,24176545.0,36540468.0,30000825.0,33331277.0,60326183.0,77400281.0,67558894.0,74007622.0
William Allan Corp,0.0,0.0,0.0,0.0,0.0,0.0,0.0,0.0,0.0,0.0,0.0,0.0,0.0,0.0,0.0,0.0,0.0,269000.0,264132.0,328339.0
William Howard & Co Financial Advisors Inc,0.0,0.0,0.0,0.0,0.0,0.0,0.0,0.0,0.0,0.0,0.0,0.0,0.0,0.0,0.0,0.0,0.0,0.0,0.0,285.0
"Williams Financial, LLC",0.0,0.0,0.0,0.0,0.0,0.0,0.0,0.0,0.0,0.0,0.0,0.0,0.0,0.0,0.0,0.0,0.0,1702481.0,0.0,0.0
"Williams Jones Wealth Management, LLC.",8086.0,15292.0,21630.0,21167.0,28585.0,44703.0,46053.0,64867.0,57151.0,30690.0,25814.0,29765074.0,58805688.0,85905269.0,85386436.0,101877244.0,181967957.0,261448230.0,253254388.0,267477121.0
"Williamson Legacy Group, LLC",0.0,0.0,0.0,0.0,0.0,0.0,0.0,0.0,0.0,0.0,0.0,0.0,0.0,0.0,0.0,0.0,3069398.0,4174549.0,4102009.0,3463757.0
Willingdon Wealth Management,4.0,0.0,0.0,0.0,0.0,0.0,0.0,0.0,0.0,0.0,0.0,0.0,0.0,0.0,0.0,0.0,0.0,0.0,0.0,0.0
Willis Investment Counsel,0.0,0.0,0.0,0.0,0.0,0.0,0.0,0.0,0.0,2406.0,1936.0,2372085.0,9518622.0,14512970.0,10713804.0,6106063.0,11184266.0,15307841.0,17996436.0,20198962.0
"Willis Johnson & Associates, Inc.",0.0,0.0,0.0,722.0,521.0,742.0,749.0,997.0,1023.0,561.0,477.0,538520.0,1222880.0,2648461.0,45221131.0,51354725.0,4768780.0,5581890.0,5400183.0,4840585.0
Willow Creek Wealth Management Inc.,0.0,0.0,0.0,0.0,0.0,0.0,0.0,0.0,0.0,0.0,0.0,0.0,0.0,0.0,0.0,0.0,0.0,0.0,0.0,327399.0
"Wills Financial Group, Inc.",0.0,0.0,0.0,0.0,0.0,0.0,0.0,0.0,0.0,0.0,0.0,0.0,214466.0,249623.0,0.0,0.0,332510.0,399899.0,411317.0,455915.0
"Wilmington Savings Fund Society, FSB",0.0,0.0,0.0,0.0,0.0,0.0,0.0,0.0,0.0,0.0,0.0,0.0,0.0,0.0,0.0,0.0,0.0,0.0,6565896.0,7260657.0
"Wilson & Boucher Capital Management, LLC",0.0,0.0,0.0,0.0,0.0,0.0,0.0,0.0,0.0,0.0,0.0,0.0,0.0,0.0,0.0,0.0,0.0,224294.0,187692.0,237788.0
"Winch Advisory Services, LLC",2023.0,2874.0,4107.0,3831.0,4242.0,6670.0,6988.0,9795.0,8524.0,4910.0,3997.0,4582.0,8582.0,11967.0,11846.0,12991505.0,22356934.0,29163700.0,27764144.0,29158928.0
"Windle Wealth, LLC",0.0,0.0,0.0,0.0,0.0,0.0,0.0,0.0,0.0,0.0,0.0,1171316.0,2226665.0,3391021.0,3486976.0,3969792.0,7243455.0,9904473.0,9736111.0,10767998.0
Windmill Hill Asset Management Ltd,0.0,0.0,0.0,0.0,0.0,0.0,0.0,0.0,0.0,0.0,0.0,0.0,0.0,0.0,0.0,340216.0,248479.0,339735.0,0.0,0.0
"Windsor Advisory Group, LLC",0.0,0.0,0.0,0.0,0.0,0.0,0.0,0.0,0.0,0.0,0.0,876402.0,359157.0,546965.0,2454670.0,640343.0,1171961.0,2326665.0,1727277.0,1768650.0
Windsor Group LTD,0.0,0.0,709.0,760.0,794.0,1478.0,1602.0,2454.0,3648.0,239.0,0.0,225.0,375.0,685.0,0.0,0.0,0.0,0.0,0.0,0.0
"Windsor Wealth Management, Inc.",0.0,0.0,0.0,0.0,0.0,0.0,0.0,0.0,0.0,0.0,0.0,0.0,0.0,0.0,613.0,0.0,0.0,0.0,0.0,0.0
"Winfield Associates, Inc.",885.0,1346.0,1892.0,1836.0,1877.0,2695.0,2735.0,4375.0,3995.0,0.0,0.0,0.0,0.0,0.0,0.0,0.0,0.0,0.0,0.0,0.0
"Wingate Wealth Advisors, Inc.",0.0,0.0,0.0,0.0,0.0,0.0,0.0,0.0,0.0,0.0,0.0,0.0,0.0,0.0,0.0,0.0,0.0,0.0,0.0,126368.0
"Winning Points Advisors, LLC",0.0,0.0,230249.0,221935.0,227.0,0.0,0.0,0.0,0.0,0.0,0.0,0.0,0.0,0.0,0.0,0.0,0.0,0.0,0.0,0.0
"Winslow Capital Management, LLC",69467.0,91161.0,113805.0,101402.0,116484.0,143975.0,108147.0,149587.0,165757.0,125716.0,38481.0,57803924.0,160079684.0,234053159.0,166561586.0,188695658.0,335424965.0,411241311.0,0.0,0.0
"Winslow, Evans & Crocker, Inc.",1956.0,2739.0,4452.0,4350.0,0.0,0.0,0.0,0.0,0.0,0.0,0.0,0.0,0.0,0.0,0.0,0.0,0.0,0.0,0.0,0.0
Winthrop Advisory Group LLC,0.0,0.0,0.0,0.0,0.0,257.0,379.0,573.0,669.0,357.0,291.0,347567.0,663145.0,1101581.0,1186275.0,1612033.0,2700025.0,6984332.0,3599951.0,4474121.0
"Winthrop Capital Management, LLC",0.0,0.0,0.0,0.0,0.0,0.0,0.0,0.0,0.0,0.0,0.0,0.0,0.0,0.0,0.0,2686088.0,0.0,4893.0,0.0,5633.0
Wise Wealth Partners,0.0,0.0,0.0,0.0,0.0,0.0,0.0,0.0,0.0,0.0,0.0,0.0,0.0,0.0,0.0,0.0,0.0,0.0,0.0,582113.0
Wiser Advisor Group LLC,0.0,0.0,0.0,0.0,0.0,0.0,0.0,0.0,0.0,0.0,0.0,0.0,0.0,0.0,0.0,66857.0,436440.0,461851.0,707081.0,838121.0
"Wiser Wealth Management, Inc",0.0,0.0,0.0,0.0,0.0,0.0,0.0,0.0,0.0,0.0,0.0,0.0,0.0,0.0,0.0,0.0,0.0,771631.0,866960.0,1215594.0
Wolf Group Capital Advisors,0.0,0.0,232.0,224.0,224.0,335.0,353.0,1546.0,496.0,319.0,256.0,303679.0,564429.0,808126.0,893034.0,854923.0,854923.0,3533877.0,854923.0,854923.0
"Wolf Hill Capital Management, LP",0.0,0.0,0.0,0.0,0.0,0.0,0.0,458.0,0.0,0.0,0.0,0.0,0.0,0.0,0.0,0.0,0.0,0.0,0.0,0.0
Woodline Partners LP,846.0,23537.0,8120.0,30630.0,55771.0,0.0,60722.0,28413.0,0.0,0.0,2528.0,32559992.0,12574926.0,5208222.0,33595148.0,18225086.0,5119571.0,17734538.0,4391635.0,216521273.0
World Asset Management Inc,6163.0,5463.0,7665.0,7172.0,7603.0,9778.0,9163.0,0.0,0.0,0.0,0.0,0.0,0.0,0.0,0.0,0.0,0.0,0.0,0.0,0.0
World Investment Advisors,0.0,0.0,0.0,0.0,0.0,0.0,0.0,0.0,0.0,0.0,0.0,0.0,0.0,0.0,0.0,0.0,0.0,0.0,0.0,34024414.0
"World Investment Advisors, LLC",0.0,0.0,0.0,0.0,0.0,0.0,0.0,0.0,0.0,0.0,0.0,0.0,0.0,0.0,0.0,0.0,0.0,0.0,18049126.0,0.0
"World Investment Advisors, LLC ",0.0,0.0,0.0,0.0,0.0,0.0,0.0,0.0,0.0,0.0,0.0,0.0,0.0,0.0,0.0,0.0,0.0,0.0,18013041.0,0.0
"Worth Asset Management, LLC",0.0,0.0,0.0,0.0,0.0,0.0,0.0,0.0,89.0,100.0,57.0,104344.0,244994.0,180207.0,2077512.0,384291.0,3571772.0,3902011.0,2393218.0,2622684.0
"Worth Financial Advisory Group, LLC",0.0,0.0,0.0,0.0,0.0,0.0,0.0,0.0,0.0,0.0,0.0,356582.0,647204.0,703482.0,755578.0,855741.0,1623698.0,2628068.0,2698763.0,2962443.0
"WorthPointe, LLC",0.0,0.0,0.0,0.0,0.0,0.0,0.0,0.0,0.0,0.0,0.0,0.0,0.0,0.0,257514.0,0.0,374977.0,663780.0,813648.0,969441.0
"Wynn Capital, LLC",0.0,0.0,0.0,0.0,0.0,0.0,0.0,0.0,0.0,0.0,0.0,0.0,0.0,0.0,0.0,0.0,215048.0,269318.0,228308.0,237560.0
"X-Square Capital, LLC",619.0,611.0,1130.0,1351.0,1258.0,1690.0,1777.0,2528.0,1976.0,1058.0,831.0,988.0,1095.0,1361.0,1361.0,1400.0,3780.0,4614.0,3212.0,3534.0
"XML Financial, LLC",0.0,312.0,444.0,428.0,467.0,710.0,756.0,1199.0,1297.0,706.0,585.0,646568.0,1226176.0,1852710.0,2277951.0,2688402.0,4551835.0,6532660.0,7103764.0,7977559.0
XN LP,0.0,0.0,0.0,0.0,0.0,0.0,0.0,0.0,0.0,0.0,0.0,0.0,0.0,0.0,0.0,0.0,46201733.0,62936341.0,63355369.0,69652731.0
"XPONANCE, INC.",0.0,42398.0,58045.0,56462.0,57794.0,88202.0,89126.0,136870.0,128825.0,69779.0,60111.0,79491099.0,151757973.0,237266419.0,246113427.0,281856444.0,521495979.0,716769567.0,701181809.0,786550765.0
XR Securities LLC,0.0,0.0,0.0,2813.0,2232.0,3164.0,2300.0,4105.0,804.0,4110.0,2963.0,0.0,0.0,0.0,0.0,0.0,0.0,0.0,0.0,0.0
XY Capital Ltd,0.0,0.0,0.0,0.0,0.0,0.0,0.0,0.0,0.0,0.0,0.0,0.0,0.0,634530.0,1522465.0,2476100.0,4156376.0,664645.0,6582048.0,3312934.0
"XY Planning Network, Inc.",0.0,0.0,0.0,0.0,0.0,0.0,0.0,0.0,0.0,0.0,0.0,0.0,0.0,0.0,0.0,0.0,0.0,0.0,0.0,1679042.0
Xact Kapitalforvaltning AB,34565.0,0.0,0.0,0.0,0.0,0.0,0.0,0.0,0.0,0.0,0.0,0.0,0.0,0.0,0.0,0.0,0.0,0.0,0.0,0.0
"Xcel Wealth Management, LLC",2287.0,2994.0,3770.0,3788.0,4184.0,6576.0,7270.0,10633.0,10295.0,6399.0,5800.0,6567583.0,12496727.0,11989012.0,4288979.0,4732591.0,8332230.0,11231917.0,10976749.0,12069771.0
Y-Intercept (Hong Kong) Ltd,0.0,0.0,0.0,385.0,0.0,0.0,2059.0,4158.0,0.0,1210.0,0.0,1743304.0,0.0,0.0,7712808.0,10803224.0,0.0,0.0,34628980.0,755247.0
Y.D. More Investments Ltd,0.0,0.0,0.0,0.0,0.0,0.0,0.0,0.0,0.0,0.0,0.0,2154206.0,3027184.0,4560086.0,4858875.0,6135793.0,11032073.0,0.0,0.0,0.0
YANKCOM Partnership,0.0,0.0,0.0,0.0,0.0,0.0,0.0,0.0,0.0,0.0,0.0,0.0,0.0,0.0,0.0,0.0,0.0,0.0,0.0,720600.0
"YARGER WEALTH STRATEGIES, LLC",0.0,0.0,0.0,0.0,0.0,0.0,0.0,425.0,411.0,0.0,0.0,0.0,320265.0,502166.0,526429.0,599362.0,1146025.0,1596802.0,1249665.0,1482866.0
"YHB Investment Advisors, Inc.",0.0,0.0,0.0,0.0,261.0,341.0,391.0,623.0,5683.0,3670.0,2887.0,3114841.0,6412648.0,9982104.0,10286774.0,11122320.0,41110858.0,28147027.0,27904625.0,30213432.0
"YOUNGS ADVISORY GROUP, INC.",0.0,0.0,0.0,0.0,0.0,0.0,0.0,248.0,259.0,0.0,0.0,0.0,300825.0,0.0,0.0,0.0,0.0,0.0,0.0,0.0
"YOUSIF CAPITAL MANAGEMENT, LLC",0.0,0.0,0.0,0.0,0.0,0.0,0.0,108477.0,96256.0,54105.0,42792.0,105857970.0,95668710.0,147790920.0,146948322.0,161579391.0,288378402.0,381056412.0,369871994.0,391603472.0
"Yarbrough Capital, LLC",0.0,0.0,0.0,0.0,0.0,0.0,0.0,99279.0,92686.0,51576.0,41301.0,49721763.0,94506734.0,287851378.0,147998287.0,161718434.0,295065442.0,403430704.0,396865883.0,425705168.0
"Yeomans Consulting Group, Inc.",0.0,0.0,0.0,0.0,0.0,0.0,0.0,0.0,0.0,0.0,0.0,0.0,0.0,0.0,0.0,651710.0,978555.0,1088387.0,1191084.0,1068814.0
"Yoder Wealth Management, Inc.",0.0,0.0,0.0,0.0,0.0,0.0,0.0,0.0,0.0,0.0,0.0,0.0,0.0,223355.0,264474.0,312979.0,606289.0,833895.0,901328.0,1102924.0
Yong Rong (HK) Asset Management Ltd,0.0,0.0,0.0,0.0,0.0,0.0,0.0,0.0,0.0,22031.0,0.0,0.0,19028.0,0.0,5864.0,0.0,50324.0,50059.0,0.0,0.0
"YorkBridge Wealth Partners, LLC",228.0,388.0,633.0,685.0,756.0,621.0,680.0,875.0,833.0,488.0,431.0,487221.0,0.0,0.0,0.0,0.0,0.0,0.0,0.0,0.0
Yorktown Management & Research Co Inc,0.0,0.0,0.0,486.0,256.0,384.0,398.0,565.0,291.0,0.0,0.0,0.0,295825.0,450516.0,0.0,0.0,0.0,0.0,0.0,0.0
"Yost Capital Management, LP",0.0,0.0,0.0,0.0,0.0,0.0,0.0,0.0,0.0,0.0,0.0,0.0,0.0,4441710.0,0.0,1718413.0,1644479.0,0.0,0.0,0.0
"Your Advocates Ltd., LLP",8.0,0.0,42.0,0.0,0.0,0.0,7.0,0.0,0.0,0.0,0.0,0.0,0.0,0.0,30449.0,34665.0,63249.0,113657.0,21859.0,24172.0
ZACKS INVESTMENT MANAGEMENT,11939.0,20346.0,36529.0,35880.0,35272.0,62475.0,67045.0,95013.0,84379.0,49282.0,19459.0,32667558.0,80644225.0,238751557.0,130809942.0,146335680.0,286945646.0,404093420.0,371596992.0,381890522.0
"ZEGA Investments, LLC",0.0,0.0,0.0,0.0,0.0,0.0,0.0,0.0,0.0,0.0,0.0,0.0,0.0,0.0,0.0,0.0,0.0,0.0,0.0,10778838.0
"ZEKE CAPITAL ADVISORS, LLC",0.0,0.0,0.0,0.0,596.0,807.0,1864.0,1243.0,1365.0,834.0,459.0,561031.0,0.0,0.0,0.0,0.0,0.0,0.0,0.0,0.0
ZEVENBERGEN CAPITAL INVESTMENTS LLC,136819.0,179435.0,213532.0,178257.0,164028.0,222581.0,192907.0,258727.0,232699.0,105963.0,70036.0,79530557.0,130807171.0,166996874.0,159539107.0,168593192.0,252682361.0,250010245.0,236837874.0,242915704.0
ZEVIN ASSET MANAGEMENT LLC,0.0,0.0,0.0,0.0,0.0,0.0,0.0,0.0,0.0,0.0,0.0,0.0,0.0,209.0,233.0,323.0,11951.0,17532.0,14723.0,17105.0
ZIMMERMANN INVESTMENT MANAGEMENT & PLANNING LLC,0.0,0.0,0.0,0.0,0.0,0.0,0.0,2843.0,2768.0,1601.0,1320.0,1543849.0,2577479.0,3947277.0,4008516.0,4713599.0,8831570.0,11988708.0,12123478.0,268580.0
"ZRC WEALTH MANAGEMENT, LLC",0.0,0.0,0.0,0.0,0.0,0.0,0.0,0.0,0.0,0.0,0.0,0.0,0.0,0.0,46.0,745196.0,1433167.0,2004200.0,1506875.0,0.0
ZWJ INVESTMENT COUNSEL INC,361.0,20652.0,28430.0,27933.0,26597.0,30805.0,31209.0,38365.0,28046.0,20872.0,19681.0,23584047.0,42851519.0,58634290.0,52692002.0,52919677.0,66847801.0,85946824.0,79407718.0,84331745.0
"Zega Financial, LLC",0.0,0.0,0.0,0.0,0.0,0.0,0.0,0.0,0.0,0.0,0.0,0.0,0.0,0.0,0.0,2493590.0,3782412.0,7320263.0,0.0,0.0
Zenyatta Capital Management LP,0.0,0.0,0.0,0.0,0.0,0.0,0.0,0.0,0.0,0.0,1214.0,10960500.0,0.0,0.0,10874750.0,0.0,0.0,0.0,0.0,0.0
Zhang Financial LLC,0.0,0.0,0.0,0.0,0.0,359.0,404.0,604.0,1207.0,680.0,569.0,772642.0,1461065.0,2675828.0,2810275.0,3286018.0,6582948.0,9443462.0,8920187.0,15756138.0
"Ziegler Capital Management, LLC",0.0,0.0,0.0,0.0,17006.0,24814.0,12525.0,24796.0,23081.0,13881.0,10742.0,12413778.0,28363371.0,37175504.0,37124339.0,45591229.0,70885362.0,0.0,0.0,0.0
"Zions Bancorporation, N.A.",1042.0,1467.0,1968.0,1672.0,2127.0,3350.0,3728.0,5532.0,6467.0,4214.0,3371.0,4427019.0,9904723.0,13788760.0,13693050.0,13624988.0,23231431.0,27682596.0,27253565.0,33148009.0
"Zuckerman Investment Group, LLC",0.0,0.0,0.0,0.0,0.0,0.0,0.0,0.0,0.0,0.0,0.0,0.0,0.0,0.0,0.0,208988.0,407515.0,881101.0,614295.0,762214.0
"Zullo Investment Group, Inc.",0.0,0.0,0.0,0.0,0.0,0.0,0.0,3435.0,3673.0,2123.0,1780.0,2202555.0,4283503.0,5923144.0,6151035.0,6985020.0,11643291.0,16302524.0,16933307.0,18758413.0
Zurcher Kantonalbank (Zurich Cantonalbank),50257.0,68257.0,115054.0,111330.0,106947.0,167356.0,169948.0,294872.0,275554.0,188153.0,150460.0,183828483.0,349557157.0,556990011.0,600954345.0,692873197.0,1234039781.0,1742251017.0,3454818386.0,1957044428.0
Zweig-DiMenna Associates LLC,11587.0,15688.0,25411.0,21301.0,21341.0,31214.0,32230.0,42490.0,17110.0,8444.0,6762.0,8140436.0,22013828.0,13378008.0,18791568.0,27133104.0,44475030.0,54807903.0,56135033.0,63189488.0
ZynergyRetirementPlanningLLC,0.0,0.0,0.0,0.0,0.0,0.0,0.0,0.0,0.0,0.0,0.0,0.0,0.0,0.0,0.0,0.0,0.0,157019.0,154350.0,154350.0
"bLong Financial, LLC",0.0,0.0,0.0,0.0,0.0,0.0,0.0,0.0,0.0,0.0,0.0,0.0,0.0,0.0,0.0,0.0,0.0,0.0,0.0,22655705.0
black-and-white Capital LP,14432.0,8548.0,0.0,0.0,0.0,0.0,0.0,0.0,0.0,0.0,0.0,0.0,0.0,0.0,0.0,0.0,0.0,0.0,0.0,0.0
denkapparat Operations GmbH,0.0,0.0,0.0,0.0,0.0,0.0,0.0,0.0,0.0,0.0,0.0,0.0,0.0,0.0,0.0,0.0,0.0,0.0,0.0,752024.0
iA Global Asset Management Inc.,0.0,0.0,0.0,0.0,0.0,0.0,0.0,0.0,0.0,0.0,0.0,0.0,0.0,92641.0,141760.0,162628.0,319037.0,435613.0,275985.0,336267.0
iSAM Funds (UK) Ltd,0.0,0.0,0.0,0.0,0.0,0.0,0.0,0.0,0.0,0.0,0.0,0.0,221105.0,0.0,0.0,0.0,0.0,0.0,0.0,0.0
jvl associates llc,0.0,0.0,0.0,0.0,0.0,0.0,0.0,0.0,352.0,203.0,0.0,0.0,346657.0,274540.0,292748.0,422918.0,826757.0,1127920.0,1280828.0,1430457.0
"nVerses Capital, LLC",0.0,0.0,0.0,0.0,0.0,0.0,0.0,0.0,0.0,0.0,0.0,0.0,0.0,0.0,0.0,198088.0,180712.0,481806.0,0.0,0.0
"one8zero8, LLC",0.0,0.0,0.0,0.0,0.0,0.0,0.0,0.0,0.0,0.0,0.0,0.0,0.0,0.0,0.0,0.0,0.0,0.0,0.0,3555731.0
qPULA Trading Management LP,0.0,0.0,0.0,0.0,0.0,0.0,0.0,0.0,846.0,986.0,0.0,0.0,0.0,0.0,0.0,0.0,0.0,0.0,0.0,0.0
swisspartners Advisors Ltd,0.0,0.0,0.0,0.0,0.0,0.0,0.0,0.0,0.0,0.0,0.0,0.0,0.0,0.0,0.0,0.0,0.0,0.0,179749.0,213340.0
swisspartners Ltd.,0.0,0.0,0.0,0.0,4005.0,4977.0,4442.0,4549.0,868.0,310.0,265.0,318601.0,0.0,0.0,0.0,0.0,0.0,0.0,0.0,0.0
tru Independence LLC,140.0,45.0,7.0,21.0,0.0,0.0,0.0,0.0,0.0,0.0,0.0,0.0,0.0,0.0,0.0,0.0,0.0,394093.0,540874.0,533789.0
united american securities inc. (d/b/a uas asset management),0.0,0.0,1624.0,0.0,0.0,0.0,0.0,735.0,1364.0,0.0,0.0,0.0,0.0,0.0,0.0,0.0,0.0,0.0,0.0,0.0
waypoint wealth counsel,0.0,0.0,0.0,0.0,0.0,0.0,0.0,0.0,0.0,0.0,0.0,0.0,278953.0,226849.0,248491.0,276460.0,1128778.0,1467479.0,1759736.0,1955354.0
