FILINGMANAGER_NAME,2020Q1,2020Q2,2020Q3,2020Q4,2021Q1,2021Q2,2021Q3,2021Q4,2022Q1,2022Q2,2022Q3,2022Q4,2023Q1,2023Q2,2023Q3,2023Q4,2024Q1,2024Q2,2024Q3,2024Q4
" CALDWELL SUTTER CAPITAL, INC.",,,,,,,,,,,,,,,,,,,,inf
 NEUBERGER BERMAN GROUP LLC,,,,,,,,,,,,,,,,,,,inf,1232.43
&PARTNERS,,,,,,,,,,,,,,,,,,,inf,1723.3
"1620 INVESTMENT ADVISORS, INC.",,,,,,,,,,,,,,,,,,,inf,103.28
1623 Capital LLC,,,,,inf,636.73,-8.86,-100.0,,,,,,,,,,,,
1776 Wealth LLC,,,inf,95.45,492.43,13.7,-8.69,-24.26,-24.18,-33.92,-10.4,-22.05,139559.5,62.46,-5.92,7.31,21.15,10.08,46.86,67.72
"180 WEALTH ADVISORS, LLC",,,,,,,,,,,,,,,,,,inf,50.99,48.03
1832 Asset Management L.P.,,,,inf,368.75,16.57,-9.64,-59.67,-23.32,-38.6,-65.71,-100.0,inf,-100.0,inf,30.56,332667.48,8.12,10.0,-19.33
1834 INVESTMENT ADVISORS CO,,,,,,,,,,,,inf,31.62,-100.0,,,,,,inf
"360 Financial, Inc.",,,,,,,,,,,,,,,,,,,,inf
"55I, LLC",,,,,,inf,-13.73,-100.0,,,,,,,,,,,,
"5T Wealth, LLC",,,,,,,,,,,,,,,,,,,,inf
"ABSOLUTE CAPITAL MANAGEMENT, LLC",,,,,,,,,,,,,,,,,inf,168.76,-100.0,
ACG Wealth,,,,,inf,17.24,-8.53,-24.76,-100.0,inf,-100.0,,,,,,,,,
ACORN FINANCIAL ADVISORY SERVICES INC /ADV,,,,inf,379.9,10.67,-7.61,-51.6,-13.52,-31.74,-10.49,74692.97,28.65,70.75,0.95,2.16,28.77,8.95,47.78,101.82
"ADAGE CAPITAL PARTNERS GP, L.L.C.",,,,,,,,,,,,,,,,,,,inf,109.69
"ADE, LLC",,,,inf,-100.0,,,,,,,,,,,,,,,
ADIRONDACK TRUST CO,,,,,,,,,,,,,,,,inf,-8.26,10.09,46.91,103.31
ADVENT CAPITAL MANAGEMENT /DE/,,,,,,,,,,,,,,,,,,inf,-100.0,
"ADVISOR GROUP HOLDINGS, INC.",,,,,,,,,,,,inf,50.82,-100.0,,,,,,
ADVISORY RESEARCH INC,,,,,,,inf,-100.0,,,,,,,,,,,,
"ADVISORY SERVICES NETWORK, LLC",,,,,,,,,,,,,,inf,-100.0,,,,,
AE Wealth Management LLC,,,,inf,422.89,28.62,-3.67,-23.27,-29.06,-36.09,-7.99,71283.01,40.44,-20.98,86.78,184.11,-53.32,75.85,69.55,97.41
AFFINITY WEALTH MANAGEMENT LLC,,,,,,,,,,,,,,,,,,,inf,105.23
AFG FIDUCIARY SERVICES LIMITED PARTNERSHIP,,,,,,,,,,,,,,,,,inf,-100.0,,inf
"AGP FRANKLIN, LLC",,,,,,,,,,,,,,,,,,,,inf
"AIGEN INVESTMENT MANAGEMENT, LP",,,,,,,,inf,-100.0,,,,,,,,,,,
"AIMZ Investment Advisors, LLC",,,,,,inf,-54.45,-100.0,,,,,,,,,,,inf,103.31
"AJ WEALTH STRATEGIES, LLC",,,,,,,,inf,-24.6,-15.26,-21.74,-20.63,131331.0,81.42,-100.0,,,,,
ALBION FINANCIAL GROUP /UT,,,,,,,,,,,,,,,,,,,,inf
ALGERT GLOBAL LLC,,,,,,,,inf,-100.0,,,,,,,,inf,-26.92,-100.0,
ALLSTATE CORP,,,,,,,,inf,-39.2,-34.34,-33.75,81126.41,-100.0,,,,,,,inf
ALLSTATE INVESTMENT MANAGEMENT CO,,,,,,,,,,,,inf,-100.0,,,,,,,
"ALPINE WOODS CAPITAL INVESTORS, LLC",,,,,,,,,,,,,,,,inf,-100.0,,,
ALTFEST L J & CO INC,,,,,,,,,,,,,,,,,,,inf,203634.58
AM INVESTMENT STRATEGIES LLC,,,,,,,,,,,,,,,,,,,,inf
AMALGAMATED BANK,,,,,,inf,-21.38,123.61,-3.43,-64.78,-8.65,-19.05,35.16,74.93,12.3,3.53,-18.73,15.57,357.0,102.2
"AMERICAN INTERNATIONAL GROUP, INC.",,,,,,inf,69.5,-62.58,-24.56,-40.88,-10.16,78547.83,27.86,130.9,-2.42,6.22,-100.0,,,
"AMERIFLEX GROUP, INC.",,,,,,,,,,,,,,,,,,,,inf
"ANGELES WEALTH MANAGEMENT, LLC",,,,,,,,,,,,,,,,,,,,inf
ANTIPODES PARTNERS Ltd,,,,,,,,,,,,,,inf,-100.0,,,,,
"AO Asset Management, LP",,,inf,-100.0,,,,,,,,,,,,,,,,
ARCADIA INVESTMENT MANAGEMENT CORP/MI,,,inf,140.0,-4.17,13.04,-7.69,-25.0,-22.22,-35.71,-11.11,80150.0,31.62,81.42,-100.0,,,,,
ARDSLEY ADVISORY PARTNERS LP,,,,inf,-100.0,,,,,,,,,,,,,,,
ARK Investment Management LLC,,,,inf,1299.03,86.37,10.7,-28.24,-98.69,-44.09,-61.88,-89.62,-100.0,inf,43.73,24.56,56.16,12.48,24.25,43.81
"ARMSTRONG ADVISORY GROUP, INC",,,,,,,,,,,,inf,31.64,81.41,-100.0,,,inf,220.77,35.8
"ARTHUR M. COHEN & ASSOCIATES, LLC",,,,,,,,,,,,,,,,,,,,inf
"ASAHI LIFE ASSET MANAGEMENT CO., LTD.",,,,,,,inf,-100.0,,,,,,inf,-100.0,,,,,inf
ASHFORD CAPITAL MANAGEMENT INC,,,,,inf,13.24,-8.87,-100.0,,,,,,,,,,,,
"ASHTON THOMAS SECURITIES, LLC",,,,,,,,,,,,,,,,,,,inf,-100.0
ASSET MANAGEMENT CORP /IL/ /ADV,,,,,inf,4.42,-23.06,-28.43,-18.74,-35.98,-6.35,59399.32,-5.21,-100.0,,,,,,
"ASSETMARK, INC",,,,,,,,inf,-100.0,inf,-100.0,,,,,inf,2933.63,120.92,102.62,197.46
ATLAS CAPITAL ADVISORS LLC,,,,,inf,13.18,-8.8,-25.13,-97.35,-33.98,-100.0,,,,,,,,,
"ATTICUS WEALTH MANAGEMENT, LLC",,,,,inf,19500.0,-90.82,-61.11,-28.57,-40.0,0.0,333.33,30.77,82.35,0.0,-100.0,,,inf,133.5
ATWOOD & PALMER INC,,,,,,,,,,,inf,81098.45,35.65,85.28,4.43,7.16,34.19,16.19,46.32,85.76
AVALON CAPITAL MANAGEMENT,,,,,,,,,,,,,,,,,,,inf,183.35
"AVANTAX ADVISORY SERVICES, INC.",,,,,inf,74.37,23.48,-62.84,173.83,-10.27,-14.15,78255.0,191.01,53.64,-5.82,37.74,56.58,59.39,43.17,154.06
"AXQ CAPITAL, LP",,,,,,,,,,,,,,,,,inf,-74.68,-100.0,inf
AXS Investments LLC,,,,,,inf,-100.0,inf,-100.0,,,,,,inf,8.93,40.84,-12.1,15.12,124.8
"AXXCESS WEALTH MANAGEMENT, LLC",,,,,,,,inf,-69.74,-100.0,,,,,inf,14.63,76.83,300.65,140.49,101.51
AZZAD ASSET MANAGEMENT INC /ADV,,,,,,,,,,,,,,,,,,,inf,145.68
Aaron Wealth Advisors LLC,,,,,,,,,inf,-100.0,,,,,,,,,inf,131.67
"Abbrea Capital, LLC",,,,inf,-100.0,,,,,,,,,,,,inf,-100.0,,
Abich Financial Wealth Management LLC,,,,,,,,,,,,,,,,,inf,1228.99,239.96,-100.0
Abound Wealth Management,,,,,,,,,,,inf,-23.21,31.56,185.14,4.27,112.73,154.59,-40.41,177.85,1103.46
Absolute Gestao de Investimentos Ltda.,,,,,,,,,,,,,,,,,,,inf,-100.0
Abundance Wealth Counselors,,,,,inf,-96.88,-100.0,,,,,,,,,,,,,
Accel Wealth Management,,,,,,inf,-13.82,-27.48,-24.21,-34.72,-6.38,75918.18,31.62,-100.0,,,inf,24.3,53.02,116.03
Accredited Investors Inc.,,,,,,,,,,,,,,,,,,,,inf
"Accredited Wealth Management, LLC",,,,,,,,,,,,,,,,,,,,inf
"Accurate Wealth Management, LLC",,,,,,,,,,,,inf,-100.0,,,,,,inf,122.12
Accuvest Global Advisors,,,,,,,,,,,,,inf,-100.0,,,,,inf,-100.0
"Acorn Wealth Advisors, LLC",,,,,,,,,,,,,,,,,,,,inf
Activest Wealth Management,,,,,,inf,-100.0,,,,inf,46424.84,-100.0,,,inf,-17.41,-41.85,113.04,216.47
Adalta Capital Management LLC,,,,,inf,12.78,-32.03,-91.38,-20.0,1325.0,-47.95,-100.0,,,,,,,inf,64.21
Adams Wealth Management,,,,,,,,,,,,,,,,,,,inf,68.49
Addison Advisors LLC,,,,,,,,,,,,,,,inf,7.42,34.0,10.04,46.86,-100.0
Addison Capital Co,,,,,,,,,,,,,,,,,,,,inf
"Adero Partners, LLC",,,,,,,,,,,,,,inf,5.65,8.38,34.01,9.44,51.56,103.18
"Advance Capital Management, Inc.",,,,,,,,,,,,,,,,,,,,inf
Advanced Asset Management Advisors Inc,,,,,,,,,,,,inf,-100.0,,,,,,,
"Advisor OS, LLC",,,,,,,,,,,,,,,,,,,,inf
Advisor Resource Council,,,,,,inf,-58.05,5.52,-45.68,-41.0,-100.0,,,,,inf,-100.0,,,
"AdvisorNet Financial, Inc",,,,,inf,34.4,23.21,-28.5,-45.27,-20.99,-12.5,66966.07,31.73,84.39,184.23,-9.44,34.4,22.87,65.98,91.14
"Advisors Asset Management, Inc.",,,,,inf,143.78,7.76,-4.53,-37.93,-59.03,-39.83,52887.32,-73.34,80.66,-6.4,640.66,151.72,144.22,158.51,214.49
"Advisory Alpha, LLC",,,,,,,,,,,,,,,,,,,,inf
"Advisory Services Network, LLC",,,,inf,182.81,8.1,85.52,-20.39,65.63,-41.23,-7.46,75729.19,-52.47,-100.0,inf,4.22,127.3,37.05,0.0,504.24
Ahrens Investment Partners LLC,,,,,,,,inf,-33.85,-65.12,-100.0,,inf,-100.0,,,,,,
"Aigen Investment Management, LP",,,,,,,,,,,inf,45317.46,39.33,-100.0,,inf,-100.0,,inf,-3.31
"Alan B Lancz & Associates, Inc.",,,,,,,,,,,,,,,,,,,,inf
Alberta Investment Management Corp,,,,,,,,,,,,,inf,497.96,-47.81,7.31,34.01,-64.2,-100.0,
Alight Capital Management LP,,,,,,,,,inf,-100.0,inf,-100.0,,,,,,,,
"Aljian Capital Management, LLC",,,,,,,,,,,,,,,,,,,inf,117.73
"All Season Financial Advisors, Inc.",,,,,,,inf,-100.0,,,,,,inf,-100.0,,,,,
"All Terrain Financial Advisors, LLC",,,,,,,,,,,,,,,,,,,,inf
AllSquare Wealth Management LLC,,,,,,,inf,-40.71,-11.94,-89.83,-66.67,96200.0,31.62,74.08,8.77,7.31,34.01,10.08,46.86,103.31
Allegheny Financial Group LTD,,,,,,,,inf,-100.0,,,,,,,,,,,
Allegiance Financial Group Advisory Services LLC,,,,,,,,,,,,,,,,,,,,inf
"Allen Capital Group, LLC",,,,,,,,,,,,,,,,,,,,inf
Allen Mooney & Barnes Investment Advisors LLC,,,,,,,,,inf,-33.94,-8.05,-27.66,31.62,258.23,27.91,17.21,15.28,-100.0,inf,27.73
"Alliance Wealth Advisors, LLC",,,,,,,,,,,,,,,,,,,,inf
Allie Family Office LLC,,,,,,,,,,inf,-38.12,78885.16,31.62,-100.0,,,,,,
"Allred Capital Management, LLC",,,,inf,101989.56,-99.88,-6.54,-30.03,-100.0,,,,,,,,,,inf,99.44
Allworth Financial LP,,,,inf,88.89,50.0,94.12,-30.3,4.35,-29.17,52.94,60651.28,39.18,52.62,26.7,19.62,183.53,49.98,41.0,190.62
"Almanack Investment Partners, LLC.",,,,,,,inf,-29.25,-45.51,-35.63,-100.0,inf,-100.0,,,,,,inf,141.39
"Alpha Cubed Investments, LLC",,,,,,inf,-100.0,,,,,,,,,,inf,94.66,2106.17,-36.2
Alpha DNA Investment Management LLC,,,,,inf,-100.0,,,,,,,,,,,,,,inf
AlphaCrest Capital Management LLC,,,,,,,,,inf,-38.35,-100.0,,,,,,,,,
"AlphaMark Advisors, LLC",,,,,,,,,,,,,,inf,0.0,0.0,400.0,110.0,604.76,-91.89
AlphaQ Advisors LLC,,,,,,,,,,,,,inf,88.88,-0.53,59.14,36.04,-100.0,,
"AlphaStar Capital Management, LLC",,,,,,,,,,,,inf,-100.0,inf,96.22,-31.16,-100.0,,inf,2.74
"Alphastar Capital Management, LLC",,,,,,,,,,inf,30.21,-100.0,,,,,,,,
"Alpine Global Management, LLC",,,,,inf,-80.1,1123.34,-82.41,-100.0,,,inf,-100.0,,,,,,,
Alta Wealth Advisors LLC,,,,,inf,22.38,-7.67,-24.45,-100.0,,,,,,,,,,,
"AltraVue Capital, LLC",,,inf,120.48,-28.13,13.18,-37.53,11.71,31.55,-16.14,-10.36,78866.06,145.39,47.35,-24.93,7.31,34.01,10.08,-12.69,103.31
"Altus Wealth Management, LLC",,,,,,,,,inf,-34.04,-10.48,-20.72,131287.5,81.42,4.37,0.47,14.36,9.55,-100.0,inf
"Alyeska Investment Group, L.P.",,,inf,-100.0,,,,,,,,,,inf,4.37,-100.0,inf,-100.0,,
Amalgamated Financial Corp.,,,,,,,,,inf,-100.0,,,,,,,,,,
"Ambassador Advisors, LLC",,,,,,,,,,,,,,,inf,-100.0,,,,
Ameliora Wealth Management Ltd.,,,,,,,,,,,inf,85500.0,31.62,-100.0,,,,,,
"America First Investment Advisors, LLC",,,,,,,,,,,,inf,152012.36,82.26,1.24,-14.34,7.66,6.69,6.74,9.68
"American Capital Advisory, LLC",,,,,,,,,,,,,,,,inf,-50.79,103.2,409.14,113.69
"American Institute for Advanced Investment Management, LLP",,,,,,,,,,,,,,,,,,,,inf
American Portfolios Advisors,,,inf,75080.35,-77.71,68.46,4.63,-22.17,-29.57,-40.25,-12.9,-100.0,,,,,,,,
American Trust,,,,,,,,,,,,,,,,,,,,inf
"Americana Partners, LLC",,,,,,,,,,,,,,,,,,inf,68.85,62.18
"Ameritas Advisory Services, LLC",,,,,,,,inf,-20.05,-34.02,-9.38,117795.4,-11.69,154.11,128.24,-74.85,1173.65,21.05,-53.74,59.74
"Ameritas Investment Company, LLC",,,,,inf,-99.88,-100.0,,,,,,,,,,,,,
"Amplius Wealth Advisors, LLC",,,,,,,,inf,-100.0,,,,,,,,,,,
Anatole Investment Management Ltd,,,,,,,,,,,,,,,inf,-88.32,-100.0,inf,-100.0,
"Anchor Investment Management, LLC",,,,,,,,,inf,24.7,-10.36,-21.07,109.81,349.02,5.84,-19.41,34.37,31.78,48.48,83.53
"Anchorage Capital Group, L.L.C.",,,inf,147.89,-100.0,,,,,,,,,,,,,,,
Ancora Advisors LLC,,,,,,,,,,,,,,,,inf,-8.46,189.84,30.15,71.9
"Ancora Advisors, LLC",,,inf,147.37,19.15,12.5,153.17,-12.54,-1.43,-53.82,-13.39,96.36,269537.04,80.63,-62.62,-100.0,,,,
Andar Capital Management HK Ltd,,,,inf,-46.09,31.89,-0.87,-100.0,,,,,,,,,,,,
Andra AP-fonden,,,,,,inf,-29.51,-100.0,,inf,63.71,-4.43,71893.0,149.94,156.47,1.83,-53.49,144.4,-100.0,inf
"Annapolis Financial Services, LLC",,,,,inf,-100.0,,,,inf,-10.45,78930.91,-18.97,43.66,4.37,-100.0,,inf,-100.0,
"Annex Advisory Services, LLC",,,,,,,,,inf,-46.06,-10.95,78892.62,59.88,81.42,4.37,24.97,16.34,18.43,37.0,28.49
"Annis Gardner Whiting Capital Advisors, LLC",,,,,,,,,,,,,,,inf,7.32,34.03,10.12,218.77,210.29
"Anthracite Investment Company, Inc.",,,,,,,,,,,,,,,,,,,,inf
Antonetti Capital Management LLC,,,,,,,inf,-24.78,-56.47,-35.14,-8.33,49509.09,267.77,-38.89,-2.15,-100.0,,,,
Apeiron RIA LLC,,,,,,,,,,,,,,,,,,,,inf
"Apella Capital, LLC",,,,,,,,,inf,-34.0,-10.1,78483.15,-100.0,inf,6.25,2.08,43.06,24.47,34.05,46.32
"Aperture Investors, LLC",,,,,,inf,-100.0,,,,,,,,,,,,,
"Apexium Financial, LP",,,,,,,,,,,,,,,,,,,inf,91.15
"Apollon Wealth Management, LLC",,,,,inf,-25.51,-15.75,0.0,14.63,-57.68,-5.59,77657.99,32.85,151.96,-11.96,17.4,15.55,16.77,58.39,188.66
"Aprio Wealth Management, LLC",,,,,,,,,,,,,,,,,,,,inf
"Aptus Capital Advisors, LLC",,,,,,,,,,,,,inf,119.96,18.94,-100.0,inf,28.35,54.43,621.77
Aquatic Capital Management LLC,,,,,,,,,,,,inf,61.77,-100.0,inf,1674.87,107969.86,-51.17,289.86,-100.0
"Arcadia Wealth Management, LLC",,,,,,,,,,,,,,,,,inf,11.3,50.09,103.31
Archer Investment Corp,,,inf,1518.13,416.39,13.18,-39.65,-24.25,-24.6,-33.94,-10.36,57.92,-34.19,81.43,18.77,7.31,61.28,79.38,46.86,68.3
"Archford Capital Strategies, LLC",,,,,inf,114.8,-6.15,-21.63,-11.65,-32.38,55.08,57776.5,41.2,102.41,-2.49,4.2,31.79,19.17,66.84,16.47
Archon Partners LLC,,,,inf,-15.61,-8.68,-8.81,-62.23,-100.0,,,,,,,,inf,10.08,59.15,64.06
Ardevora Asset Management LLP,,,,,,,,,,,inf,-100.0,,,,,,,,
"Arete Wealth Advisors, LLC",,,,inf,-0.51,-92.11,1030.84,54.71,-18.06,-80.96,290.75,79513935.06,32.61,-100.0,85829.57,10.8,29.72,-99.87,-48.49,89.58
Argent Trust Co,,,,,,,,,,,,,,,,,,,,inf
"Argentarii, LLC",,,,,,,,,,,,,,,,,,,,inf
"Ariadne Wealth Management, LP",,,,,,,,,,,,,,,,,,,inf,-100.0
Arizona State Retirement System,,,,,,inf,164.99,-23.11,-22.81,-33.18,-10.37,79745.53,41.55,82.0,5.17,10.09,35.34,12.23,63.25,106.2
Arkadios Wealth Advisors,,,inf,-98.78,-14.77,227.23,-8.17,-20.26,-31.2,-27.33,7.44,89785.0,43.78,50.6,9.27,36.5,33.56,165.31,88.32,94.38
"Arlington Capital Management, Inc.",,,,,,,,,,,,,,,,inf,-100.0,,,inf
Arlington Trust Co LLC,,,,,,,,,,,,,,,,,,,,inf
"Armstrong, Fleming & Moore, Inc",,,,,,,,,,,,,,inf,4.37,-9.96,15.75,10.08,46.86,103.31
"Artemis Wealth Advisors, LLC",,,,,,,,,,,,,,,,,,,,inf
Arvin Capital Management LP,,,,,,,,,,,,,,,,inf,-100.0,,,
"Ascent Wealth Partners, LLC",,,,,,,,,,,,,,,,,,,,inf
Ashburton (Jersey) Ltd,,,,,,,,inf,-23.5,-34.64,-11.0,-20.22,30.99,81.72,0.0,-100.0,,inf,41.67,109.8
"Ashton Thomas Private Wealth, LLC",,,,,,,,inf,-9.42,-100.0,,,,,,,,inf,95.4,217.58
"Aspect Partners, LLC",,,,,,,,,,,,,,,,,inf,10.08,340.58,636.53
Aspire Capital Advisors LLC,,,,,,,,,,,,,,,,,,,,inf
Assenagon Asset Management S.A.,,,,,,,inf,-100.0,,,,,,,inf,90.13,60.15,-3.47,164.6,137.14
"Asset Dedication, LLC",,,,,inf,25.0,-20.0,-100.0,,,,,,,,,inf,116471.83,11.6,-76.66
"Asset Planning,Inc",,,,,,,,,,,,,,,,,,,,inf
"AssuredPartners Investment Advisors, LLC",,,,,,,,,,,,,,,,,,,,inf
Atala Financial Inc,,,,,,,,,,,,,,,,,,,,inf
Atika Capital Management LLC,,,,inf,-100.0,,,,,,,,,,,,,,,
"Atlantic Edge Private Wealth Management, LLC",,,,,,,,,,,,,,,,,,,,inf
"Atlantic Private Wealth, LLC",,,,,,,,,,,,,,,,,,,,inf
"Atlas Brown,Inc.",,,,,,,,,,,,,,,,,,,,inf
"Atlas Legacy Advisors, LLC",,,,,,,,,,,,,,,,,,,,inf
"Atlas Principals, LLC",,,,,,inf,289.78,-71.42,-60.03,-97.5,-100.0,,,,,,,,,
Atlas Private Wealth Advisors,,,,inf,20.56,141.86,-8.65,-100.0,,,,,,inf,15.85,30.51,-9.95,186.92,90.92,91.21
Atom Investors LP,,,,inf,-5.14,-100.0,,,,,,,,,,,,,,
"Atomi Financial Group, Inc.",,,,,,,,,,,,,inf,56.23,45.31,6.31,32.3,8.43,83.08,74.77
AtonRa Partners,,,,,inf,119.36,-50.54,-29.41,-34.18,78.0,-3.92,68414.74,-22.56,52.4,-27.29,-3.81,-100.0,,,
"Atria Investments, Inc",,,,,,,,,,,,,,,,,,inf,57.87,136.34
Aubrey Capital Management Ltd,,,,,,,,,,,,,,,,,,inf,-100.0,
"Aurora Private Wealth, Inc.",,,,,,,,,,,,,,,,,,,,inf
"Ausdal Financial Partners, Inc.",,,,,,,,,,,inf,-100.0,,,,,inf,80.97,394.4,110.01
"Austin Private Wealth, LLC",,,,,,,,,,,,,,,,,,,,inf
"Authentikos Wealth Advisory, LLC",,,,,,,,,,,,,,,inf,-100.0,,,,
"Avantax Planning Partners, Inc.",,,,,,,,,,,,,,,,,,,,inf
Avanza Fonder AB,,,,,,,,,,,,,,,,,,,,inf
"Aveo Capital Partners, LLC",,,,inf,-100.0,,,,,,,,,,,,,,,
"Avestar Capital, LLC",,,,,inf,158.32,-61.05,-24.27,113.06,-83.81,-10.65,-100.0,,,,,,,inf,289.36
"Aviance Capital Partners, LLC",,,,,,,,,,,,,,,,,inf,-30.33,217.64,-100.0
"Avidian Wealth Enterprises, LLC",,,,,,,,,,,,,,,,,,,inf,183.62
"Avidian Wealth Solutions, LLC",,,,,inf,2.47,-78.7,-100.0,,,,,,,,,,,,
Avion Wealth,,,,,,,,,,,,,,,inf,100.0,150.0,-20.0,350.0,122.22
"Avior Wealth Management, LLC",,,,,,,,,,,,,,,inf,7.03,58852.55,105.58,91.0,83.26
Avitas Wealth Management LLC,,,inf,281.93,-0.55,-22.68,28.9,-38.51,-53.07,-32.69,6.86,-100.0,,,,,,,,
Avondale Wealth Management,,,,,inf,-80.95,-10.0,216.67,-100.0,,inf,118003.77,-35.88,33.68,64.01,7.31,314.22,0.37,46.86,107.77
Aware Super Pty Ltd as trustee of Aware Super,,,,,,,,,,,,,,,,,,,,inf
"Axel Capital Management, LLC",,,,inf,-100.0,inf,-8.85,-100.0,,,,,,,,,,,,
"Axiom Advisory, LLC",,,,,,,,,,,,,,,,,,inf,268.72,-100.0
Axiom Investment Management LLC,,,,inf,558.96,-100.0,,,,,inf,-100.0,,,,,,,,
Azimuth Capital Investment Management LLC,,,,,,,,,,inf,-100.0,,,inf,4.37,7.31,39.07,10.08,50.2,127.7
B & T Capital Management DBA Alpha Capital Management,,,,,,,,,,,,,,,,,inf,27.05,-7.87,47.69
"B. Riley Wealth Advisors, Inc.",,,,,,,,,,,,inf,-34.08,67.91,123.05,33.56,-25.13,-11.09,89.16,101.21
"B. Riley Wealth Management, Inc.",,,,inf,-11.29,-12.72,54.25,-56.89,-22.68,-42.72,-100.0,,,,,,,,,
"BAILARD, INC.",,,,,,,,inf,-24.7,-33.94,-10.42,78995.35,17.13,39.73,4.37,7.31,21.71,10.08,41.07,-53.68
BAILLIE GIFFORD & CO,,,inf,224.83,-100.0,,,,,,,,,,,,,,,
"BAKER TILLY WEALTH MANAGEMENT, LLC",,,,,,,,,,,,,,,inf,7.4,33.91,10.15,47.03,118.18
BALDWIN BROTHERS INC/MA,,,,inf,-1.69,13.79,-100.0,,,,,,,,,,,,,
BALDWIN BROTHERS LLC/MA,,,,,,,inf,-24.17,-24.18,-7.25,-9.38,22934.48,31.62,81.43,-100.0,,inf,10.08,-100.0,
BALDWIN WEALTH PARTNERS LLC/MA,,,,,,,,,,,,,,,,,,,inf,-100.0
BANK OF NOVA SCOTIA,,,,,,,inf,-98.92,-100.0,,,inf,0.91,85.08,18.29,45.4,354.6,-67.05,896.43,50.88
BANQUE PICTET & CIE SA,,,,,,inf,83.19,2722.22,-61.24,-28.04,67694.08,-8.39,0.87,-91.86,142.44,-100.0,,,,
BARCLAYS PLC,,,,,,,,,inf,-41.04,8.52,-1.87,88.29,-4.09,-28.11,586.28,-68.55,-13.68,514.86,21.95
"BARNES PETTEY FINANCIAL ADVISORS, LLC",,,,,,,,,,,,inf,38.32,82.54,-0.29,2.89,-88.61,-100.0,,
"BARRETT & COMPANY, INC.",,,,,,,,,,,inf,0.0,294.91,81.41,4.36,7.32,34.01,10.08,46.85,103.31
BARTLETT & CO. WEALTH MANAGEMENT LLC,,,,,,,inf,-100.0,,,,,,,inf,213.57,227.59,-74.68,46.86,50.27
"BBR PARTNERS, LLC",,,,inf,24.36,13.17,-29.47,-89.97,1005.33,-33.94,-10.37,-100.0,,,,,,,,
BBVA USA,,,,,,inf,-8.78,-100.0,,,,,,,,,,,,
BDF-GESTION,,,,,,,,,,,,,,,,,,inf,-100.0,
"BDO Wealth Advisors, LLC",,,inf,550.0,815.38,5.04,-9.6,-24.78,-24.71,-56.25,92.86,69781.48,-100.0,,,,,,,
"BECK CAPITAL MANAGEMENT, LLC",,,,,,inf,-100.0,,inf,-100.0,,,,,,,,,,inf
BECKER CAPITAL MANAGEMENT INC,,,,,inf,13.09,-8.62,-24.26,-27.4,-13.24,-10.17,73996.23,35.21,54.28,7.1,7.31,34.01,10.08,46.86,75.51
BEL AIR INVESTMENT ADVISORS LLC,,,,,inf,106.86,-100.0,,,,,,,,,,,,,
"BELLEVUE ASSET MANAGEMENT, LLC",,,,inf,-1.4,50.14,-7.59,-25.26,-23.63,-34.53,-11.54,77979.5,34.44,81.42,4.37,7.31,34.01,10.08,46.86,103.32
"BENNINGFIELD FINANCIAL ADVISORS, LLC",,,,,,,,,,,,,,,,,,,,inf
BERKSHIRE CAPITAL HOLDINGS INC,,,,,,,,,,inf,-100.0,inf,32.81,5694003.53,-100.0,7.5,33.72,2723866.09,-99.99,2557088.44
"BFSG, LLC",,,,,,,,,,,,,,,,,,inf,44.78,102.64
BIRINYI ASSOCIATES INC,,,,inf,44.27,-7.79,-55.52,-100.0,,,,,,,,,,,,
BIT Capital GmbH,,,,,inf,13.18,-8.8,-24.25,-24.6,-33.94,-10.36,-21.03,-100.0,,,,,,,
"BKM Wealth Management, LLC",,,,,,,,,,,,,,,,inf,-100.0,,,
BLAIR WILLIAM & CO/IL,,,inf,405.93,49.41,-15.41,-16.1,-21.41,-36.78,-41.34,-11.92,76094.46,15.21,127.06,23.39,14.5,31.51,30.34,47.45,133.57
"BLB&B Advisors, LLC",,,,,,,,,,,,,,,,,,,,inf
"BLUE BELL PRIVATE WEALTH MANAGEMENT, LLC",,,,,,,,inf,-33.33,0.0,-50.0,109000.0,31.71,81.35,4.37,7.32,34.02,10.07,261.12,267.69
"BLUEFIN CAPITAL MANAGEMENT, LLC",,,,inf,142.91,85.17,-28.79,86.69,-52.92,-56.96,-53.94,68017.52,-59.03,168.1,-49.37,-100.0,,,,
BLUESTEIN R H & CO,,,inf,148.21,-1.15,13.25,-8.87,-24.26,-100.0,,,,,,,,,,,
BLUESTEIN R H & CO LLC,,,,,,,,,inf,-33.98,-10.29,-100.0,,,,,,,,
"BNC WEALTH MANAGEMENT, LLC",,,,,,,,,,,,,,,,,,,inf,96.71
BOARDMAN BAY CAPITAL MANAGEMENT LLC,,,,,,,inf,-100.0,,,,,,,,,,,,
BOCHK Asset Management Ltd,,,,,,,,,,,,,,,,,,,inf,1401.34
"BOK Financial Private Wealth, Inc.",,,,,,,,,,,,,inf,-100.0,,,,,inf,-100.0
"BOKF, NA",,,,,,,,,,,,,inf,78.76,-49.27,767.05,-80.5,-9.36,89.39,34.81
"BOS Asset Management, LLC",,,,,,,,,,,,,,,,,,,,inf
BOSTON FAMILY OFFICE LLC,,,,,,,,,,,,,,,,,inf,10.09,117.38,92.37
BOSTON PRIVATE WEALTH LLC,,,,,inf,189.06,-8.31,-100.0,,,,,,,,,,,,
BOURGEON CAPITAL MANAGEMENT LLC,,,,,inf,0.0,-100.0,,,,,inf,31.9,80.39,4.35,7.64,-100.0,,,
BOURNE LENT ASSET MANAGEMENT INC,,,,,,,,,,,,,,inf,4.37,7.31,34.01,10.08,46.86,103.31
BRAVE ASSET MANAGEMENT INC,,,,,,,,,,,,inf,-100.0,,inf,7.31,-100.0,inf,-100.0,
BREWIN DOLPHIN LTD,,,,inf,7482.31,14.62,-8.7,-100.0,-20.0,-33.33,-100.0,,,,,,,,,
"BRIDGEWAY CAPITAL MANAGEMENT, LLC",,,,,,,,,,,,,,inf,-100.0,inf,6.57,-100.0,,inf
"BRIGHT ROCK CAPITAL MANAGEMENT, LLC",,,,,,,,,,inf,-100.0,,,,,,,,,
BRIGHTON JONES LLC,,,,,,inf,19.82,-41.6,20.17,-18.57,-7.89,49685.71,46.56,169.09,17.15,4.8,35.6,2.71,12.21,264.42
BRITISH COLUMBIA INVESTMENT MANAGEMENT Corp,,,,,,inf,31.95,-25.53,-32.44,-49.61,-23.11,71200.6,33.36,96.41,6.04,38.37,40.28,80.28,36.27,134.5
"BROOKS, MOORE & ASSOCIATES, INC.",,,,,,,,,,,,inf,-100.0,,,,,,,
BROWN ADVISORY INC,,,,,inf,13.1,-8.95,-24.28,126.72,-34.34,-69.74,78245.76,31.62,-100.0,,,,,,
BROWN BROTHERS HARRIMAN & CO,,,,,,,,,,,inf,80150.0,372.04,-49.41,356.62,-43.79,34.01,10.08,46.86,141.93
"BROWN, LISLE/CUMMINGS, INC.",,,,,,,,inf,93.41,-31.14,-12.55,-18.4,31.62,94.59,-7.4,23.23,20.66,7.78,28.42,21.65
"BRR OpCo, LLC",,,,,,,,,,inf,-100.0,,,,,,,,,
BRYN MAWR TRUST Co,,,,inf,-100.0,,,,,,,,,,,,inf,10.08,-100.0,
"BUCKINGHAM STRATEGIC WEALTH, LLC",,,,,,inf,-100.0,inf,-100.0,,,,,inf,26.44,18.03,29.61,6.56,-100.0,
BUILDER INVESTMENT GROUP INC /ADV,,,,,,,,,,,,,,,,,,,,inf
BURNEY CO/,,,,,,,,,,,,,,,,,inf,7.84,53.25,140.57
BURNS J W & CO INC/NY,,,,inf,-11.6,-4.13,-8.46,-29.75,-100.0,,,,,,,,,,inf,314.11
"BURR FINANCIAL SERVICES, LLC",,,,,,,,,,,,,,,,,,,,inf
BW Gestao de Investimentos Ltda.,,,,,,,,,,,,,,,,,,,,inf
Baader Bank Aktiengesellschaft,,,,,,,,,,,,,,inf,-100.0,,,,inf,-11.81
"Baker Avenue Asset Management, LP",,,,inf,38.6,13.26,235.6,-3.24,0.04,-46.18,-53.92,56847.67,31.71,-99.55,3369.91,-100.0,,,inf,164.37
Balboa Wealth Partners,,,,,,,,,,,,,,,inf,-100.0,inf,53.0,88.29,64.51
Balentine LLC,,,,,,,,,,,,,,,,inf,352.53,-100.0,,
"Ballentine Partners, LLC",,,,,,,,,,,,,,,,,inf,10.08,385.97,-49.93
Balyasny Asset Management L.P.,,,,,,,,,,,,,,,inf,43.23,1495.04,214.1,-32.37,208.41
Balyasny Asset Management LLC,,,,inf,129.65,-13.88,215.34,-56.88,43.47,-37.49,47.01,42331.49,-100.0,,,,,,,
"Banco Santander, S.A.",,,,,,,,,,,,inf,-100.0,,,inf,34.01,10.08,25.53,-8.32
Bangor Savings Bank,,,,,,,,,,,,,,,,,inf,10.06,-100.0,inf
"Bank Julius Baer & Co. Ltd, Zurich",,,inf,55033.33,-45.04,20.68,-1.79,-10.04,-25.93,-36.27,-9.11,-22.85,36.26,179487.3,-99.89,110390.3,29.71,5.5,47.01,97.47
Bank of Jackson Hole Trust,,,,,,,,,,,,,,,,,,,,inf
Bank of New Hampshire,,,,,,,,,inf,-31.82,-13.33,-23.08,135100.0,81.42,4.37,7.31,34.01,10.08,46.86,156.04
BankPlus Trust Department,,,,,,,,,,,,,,,,,,,,inf
Banque Cantonale Vaudoise,,,,inf,258.54,57.23,-18.82,-1.4,-18.58,-35.27,-15.9,-29.57,72.51,55.71,-1.93,15.45,27.83,34.91,-28.48,-100.0
Bartlett & Co. LLC,,,,,,,inf,-100.0,,,,,,,inf,218.18,-100.0,,,
"Bay Colony Advisory Group, Inc d/b/a Bay Colony Advisors",,,,,inf,20.32,-6.62,-100.0,,,,,,,inf,25.61,-100.0,inf,72.27,90.09
"Bay Harbor Wealth Management, LLC",,,,inf,-100.0,,,,inf,-33.33,0.0,-33.33,145450.0,81.42,4.37,7.31,34.01,10.09,46.86,103.31
Bay Rivers Group,,,,,,,,,,,,,,,,,,,inf,108.88
"BayBridge Capital Group, LLC",,,,,,,,,,,,,,,,inf,19.4,23.56,31.48,22.53
"Bayesian Capital Management, LP",,,,,inf,-81.72,-100.0,inf,472.33,-100.0,,,,,inf,9.61,33.41,-48.4,31.02,-100.0
Bayforest Capital Ltd,,,,,,,,,,,,,,,,,,,,inf
Baystate Wealth Management LLC,,,,,,,,inf,-16.06,-33.91,-10.53,17.65,126650.0,81.42,4.5,-73.07,-100.0,,,
"Beacon Capital Management, LLC",,,,,,,,,inf,0.0,-42.86,65700.0,31.65,81.39,0.0,4.38,431.4,10.08,77.79,68.47
Beacon Financial Advisory LLC,,,,,,,,,,,,,,,,,,,,inf
"Beacon Pointe Advisors, LLC",,,,inf,-100.0,inf,220.94,-11.44,13.66,-38.16,3.42,83220.84,43.03,122.69,140.66,0.56,37.72,-33.92,53.56,209.46
"Beaird Harris Wealth Management, LLC",,,,,,,,inf,7.14,-80.0,33.33,30637.5,8.62,196.18,4.36,7.32,34.02,261.07,2597.12,94.41
"Bear Mountain Capital, Inc.",,,,,,,,,,,,,,,,inf,28.92,31.72,68.61,1507.86
"Beaumont Financial Advisors, LLC",,,,,,,,,,,,inf,-100.0,,,,,,,
"Beaumont Financial Partners, LLC",,,,inf,-0.59,13.5,-9.57,-21.48,-21.01,-28.3,-10.36,-100.0,,,,,,,,
"Beckerman Institutional, LLC",,,,,,,,,,,,,,,,,,,,inf
"Bedel Financial Consulting, Inc.",,,,,,inf,-33.33,-100.0,inf,-100.0,,,,,,,,,,inf
"Beech Hill Advisors, Inc.",,,,,,inf,-11.99,-24.33,46.97,-100.0,,,,,,,,,,
"Beirne Wealth Consulting Services, LLC",,,,inf,-24.63,12.84,-8.97,-100.0,,,,,,,,,,,,
Bell Bank,,,,,,,,,,inf,-10.31,-100.0,,,,,,,inf,103.31
"Bell Investment Advisors, Inc",,,,,,,inf,-77.78,-100.0,inf,0.0,108725.0,40.55,60.62,23.42,56.16,38.26,12.4,44.08,99.74
Bellecapital International Ltd.,,,,,,inf,-100.0,,inf,-56.85,-100.0,inf,-36.85,-100.0,,,,,,
"Belmont Capital, LLC",,,,,,,,,,,,,,inf,4.37,7.31,34.01,10.08,46.86,450.94
Belpointe Asset Management LLC,,,,,inf,39.72,-3.68,-52.08,10.87,-100.0,,inf,35.38,-100.0,,,,inf,-100.0,
Belvedere Trading LLC,,,,,,inf,-100.0,inf,106.49,-67.15,-100.0,inf,-100.0,inf,-55.0,32.47,-42.91,1.89,65.53,260.15
"Benchmark Financial Wealth Advisors, LLC",,,,,,,,,,,,,,,,,,,,inf
Benin Management CORP,,,,,,,,,,,,,,,,,,,,inf
Berbice Capital Management LLC,,,,,,,,,,,,,,,,,,,,inf
"BerganKDV Wealth Management, LLC",,,,,,inf,0.0,-100.0,,,,inf,32.11,-100.0,,,,,,
"Berger Financial Group, Inc",,,,,,,,,,,,,,,,,,,,inf
"Berman Capital Advisors, LLC",,,,,inf,459.81,23.54,-100.0,,,,,,,,,,,,
Bernard Wealth Management Corp.,,,,,,,,,,,,,,,,,,,,inf
Bernardo Wealth Planning LLC,,,,,,,,,inf,-34.21,-8.0,77358.7,31.62,81.42,8.82,6.39,-100.0,,,
"Beverly Hills Private Wealth, LLC",,,,,,,,,,,,,inf,115.38,-12.09,7.64,33.61,10.08,46.86,103.31
BigSur Wealth Management LLC,,,,,inf,-4.78,-8.85,-69.69,-100.0,,,,,,,,,,,
Biltmore Capital Advisors LLC,,,,inf,60.13,47.38,13.98,-6.48,-100.0,,,,,,,,,,,
Birch Hill Investment Advisors LLC,,,,,,,,,,,,,,,,,,,,inf
"Birnam Oak Advisors, LP",,,,,,,,,,,,,,,,,,,,inf
"Bison Wealth, LLC",,,,,,,,,,,,,,inf,5.19,11.44,17.94,0.0,-65.11,181.37
BlackRock Inc.,,,inf,182.17,-72.19,496.16,52.77,-22.23,-22.84,-30.53,-10.09,83151.21,34.26,89.55,6.83,14.48,34.2,16.99,-100.0,
"BlackRock, Inc.",,,,,,,,,,,,,,,,,,,inf,121.91
"Bleakley Financial Group, LLC",,,,,,,,,,,,inf,94.27,104.78,5.42,10.28,32.13,-12.7,62.89,112.96
"Blue Chip Wealth Management, Inc.",,,inf,-100.0,,,,,,,,,,,,,,,,
"Blue Fin Capital, Inc.",,,,,,,,,,,,,,,,,,,,inf
"Blue Ridge Capital, L.L.C.",,,,inf,-100.0,,,,,,,,,,,,,,,
Blue Rock Wealth Management LLC,,,,,,,,,,,,,,,,,,,,inf
"Blue Sky Capital Consultants Group, Inc.",,,,,,,,,,,,,,,,,,,,inf
"Blue Square Asset Management, LLC",,,,,inf,156.18,-6.33,-100.0,,,,,,,,,,,,
"Blue Trust, Inc.",,,,,,,,,,,,,,,,inf,189576.47,0.0,486.12,144.31
"BluePath Capital Management, LLC",,,,,,,,,,,,,,,inf,-35.65,84.36,51.16,53.48,43.61
"BluePointe Capital Management, LLC",,,,,,,,,,,,,,,,inf,34.01,10.53,55.57,84.43
"Blueshift Asset Management, LLC",,,,,,,,,,inf,-100.0,,,,,,,,,
"Blume Capital Management, Inc.",,,,inf,400.0,31.67,2.53,-1.23,153.75,-25.62,-9.27,28274.45,217.58,44.17,4.1,-9.37,-32.99,10.53,46.86,103.31
Board of Trustees of The Leland Stanford Junior University,,,inf,-100.0,,,,,,,,,,,,,,,,
Board of the Pension Protection Fund,,,,,,,,,,,,,,,,,,,,inf
"Bogart Wealth, LLC",,,,,inf,50.0,50.0,-22.22,-14.29,-33.33,50.0,42266.67,-33.52,81.42,4.37,71.69,480.07,11.27,54.1,343.43
"Boomfish Wealth Group, LLC",,,,,,,,,,,,,,,,inf,21.35,-7.03,2.0,-68.85
BostonPremier Wealth LLC,,,,,,,,,,,,,,,,,,,,inf
"Bouvel Investment Partners, LLC",,,,,,inf,-6.21,-23.31,-21.71,-32.96,-8.12,78404.25,31.28,85.98,5.95,8.55,35.29,10.76,147.55,18.0
"Bradley & Co. Private Wealth Management, LLC",,,,,,,,,,,,,,,,inf,57.81,10.2,-100.0,inf
"Bramshill Investments, LLC",,,,,,,,,,,,,,,,,,inf,10.15,-100.0
"Brand Asset Management Group, Inc.",,,inf,140.0,11783.33,13.39,-8.78,179.32,-24.37,-34.08,-10.37,78876.1,31.62,81.42,-16.37,7.31,-39.28,7.4,18.51,28.93
Breakwater Investment Management,,,,,,,,,,,,,,,,,inf,10.08,9325.7,123.81
Brendel Financial Advisors LLC,,,,,,,,,,,,,,,inf,5.2,32.97,3.31,47.2,111.14
"BridgePort Financial Solutions, LLC",,,,,,,,,,,,,,,,,,,,inf
"Bridgefront Capital, LLC",,,,,,,,,,,inf,234554.71,-62.76,-100.0,,,,inf,-100.0,
Bridgewater Advisors Inc.,,,,,,inf,-100.0,,,,,,,,,,,,,
"Bridgewater Associates, LP",,,,,,,,,inf,-79.59,303.11,17770.22,294.78,80.43,-24.76,-49.0,-14.33,-10.47,791.16,-95.12
"Brinker Capital Investments, LLC",,,,,,,,,,inf,-38.68,-100.0,,,,,,,,
"Bristlecone Advisors, LLC",,,,,inf,894.82,-3.28,-21.57,-3.43,-15.86,-2.47,84139.31,37.37,79.39,8.1,-3.03,30.36,8.64,44.32,34.74
"Broadleaf Partners, LLC",,,,,,,,,,,,,,,,,,,,inf
"Brooklyn FI, LLC",,,,,,,,,,,,,,,,,inf,9.96,46.86,8521.74
Brookside Equity Partners LLC,,,,,inf,13.22,-100.0,,,,,,,,,,,,,
Brookstone Capital Management,,,,,,,,,,,,,,,,,inf,65.24,-2.61,98.03
"Bryn Mawr Capital Management, LLC",,,,,,,,,,,,,,,,,inf,10.08,46.86,306.61
"Budros, Ruhlin & Roe, Inc.",,,,,inf,13.13,-32.84,-100.0,,,,,,,,,,,,
"Budros, Ruhlin & Roe, LLC",,,,,,inf,-32.84,-100.0,,,,,,,,,,,,
"Bull Oak Capital, LLC",,,,,,,,,,,,,,,inf,-100.0,,,,
"Bulltick Wealth Management, LLC",,,,,inf,-100.0,,,,,,,,,,,,,,
"Burford Brothers, Inc.",,,,,,,,,,,,,,,,,,,,inf
"Burleson & Company, LLC",,,,,,inf,-72.73,-33.33,0.0,-50.0,0.0,81400.0,-100.0,,,,,,,
"Burns Matteson Capital Management, LLC",,,,,,,,,,inf,-98.56,1.78,30.22,-100.0,,,,,,
Burt Wealth Advisors,,,,,,,,,,inf,-12.57,77505.48,14.84,70.82,-2.11,0.21,29.79,2.92,31.54,67.77
Byrne Asset Management LLC,,,,,,,,inf,-3.96,-47.42,-15.69,63651.16,-99.92,81.82,177400.0,-24.95,21.99,9.61,334.58,-37.35
C M BIDWELL & ASSOCIATES LTD,,,,,inf,-100.0,,,inf,-25.0,-33.33,97150.0,31.62,81.45,4.37,7.32,34.0,10.08,46.87,103.3
"C2P Capital Advisory Group, LLC d.b.a. Prosperity Capital Advisors",,,,,,,,,,,,,,,,,,,inf,123.63
CAAS CAPITAL MANAGEMENT LP,,,,,inf,-100.0,inf,-100.0,,inf,110.04,-100.0,,,,,,,,
CABOT WEALTH MANAGEMENT INC,,,,,,,,,,,,,,,,,,,,inf
CADINHA & CO LLC,,,,,,,,,,,,,,,,,inf,10.08,461.17,342.22
CAISSE DE DEPOT ET PLACEMENT DU QUEBEC,,,,,,,,inf,-23.88,-51.42,-100.0,,,,,inf,-80.27,-100.0,,
"CALIBER WEALTH MANAGEMENT, LLC",,,,,inf,23.69,1.19,-100.0,,,,,,,,,,,,
CALIFORNIA PUBLIC EMPLOYEES RETIREMENT SYSTEM,,,,inf,-57.25,-100.0,inf,-32.33,-30.18,-34.46,12.39,72575.17,10.11,74.17,33.41,-100.0,,,,
CALIFORNIA STATE TEACHERS RETIREMENT SYSTEM,,,,,,inf,-13.72,-20.38,-27.97,-31.76,-10.93,80610.89,30.88,87.0,0.5,10.51,35.65,14.44,53.89,101.06
"CALTON & ASSOCIATES, INC.",,,,,,,,,,,,,,,,,inf,10.68,617.95,-84.46
CAMBRIDGE TRUST CO,,,,,,,,inf,-50.0,0.0,-100.0,,,,,,,,,
CANADA PENSION PLAN INVESTMENT BOARD,,,inf,88.37,1.06,12.77,-57.01,-39.8,-24.28,-33.52,-7.68,4973.52,28.08,192.8,4.2,130.31,39.92,-41.75,165.32,303.3
CAPITAL ADVISORS INC/OK,,,,,,,,,,,inf,85339.1,-17.46,117.38,-1.12,11.85,42.43,15.6,70.18,165.96
CAPITAL FUND MANAGEMENT S.A.,,,,,,,,inf,42.04,-42.54,-23.03,15.43,10.24,300.9,151.35,-22.48,4.58,-14.85,9.25,175.81
CAPITAL PERFORMANCE ADVISORS LLP,,,,,,,,,,,,,,,,,,,inf,190.36
"CAPROCK Group, Inc.",,,inf,622.59,89.89,121.45,-14.3,-28.3,-25.73,-33.54,-19.39,77584.44,-100.0,,,,,,,
"CAPSTONE INVESTMENT ADVISORS, LLC",,,,,,,,,inf,-100.0,,,,inf,-100.0,,inf,-100.0,inf,636.56
"CAPSTONE WEALTH MANAGEMENT GROUP, LLC",,,,,,,,,,,,,,,,,,,,inf
CAPTRUST FINANCIAL ADVISORS,,,inf,258.23,67.84,57.89,48.27,-29.23,-2.8,80.26,-47.57,65824.48,7.61,329.02,38.39,41.56,40.15,59.96,63.77,103.89
"CARDIFF PARK ADVISORS, LLC",,,,,,,,inf,-20.85,-33.53,-15.32,79979.79,31.62,81.42,-0.3,21.88,40.07,7.39,74.04,104.38
CARLSON CAPITAL L P,,,inf,-100.0,,,,,,,,,,,,,,,,
CAROLINAS WEALTH CONSULTING LLC,,,,,inf,-100.0,,inf,-25.0,-33.33,-25.0,89366.67,-100.0,,,,inf,120.15,202.53,-39.2
"CASCADE INVESTMENT GROUP, INC.",,,,,,,,,,,,,,,,,,,inf,74.58
CASTLE WEALTH MANAGEMENT LLC,,,,,,,,,,inf,-16.67,-100.0,,,,,,,,
CATALYST FINANCIAL PARTNERS LLC,,,,,,,,,,,,,,,,,,,,inf
"CATALYST PRIVATE WEALTH, LLC",,,inf,-100.0,inf,11.19,72.36,-82.53,-27.73,-36.31,-11.76,81542.62,14.31,50.86,-16.6,-15.9,9.38,6.59,-11.96,9.91
CAXTON ASSOCIATES LP,,,,,,,,,,,,,,inf,-46.02,-100.0,,,,inf
CAZ INVESTMENTS LP,,,,,,,,,inf,31.88,-10.99,138.27,-34.2,20.47,4.58,7.5,-33.14,10.43,58.27,-81.09
"CBIZ Investment Advisory Services, LLC",,,,,,,,,,,,,,,,,,inf,46.86,141.7
"CCG WEALTH MANAGEMENT, LLC",,,,,,,,,,,,,,,,,,,inf,43.2
"CENTAURUS FINANCIAL, INC.",,,,,inf,16.67,16.81,0.72,-20.0,-100.0,,,inf,173.03,45.27,8.5,7.31,4.62,103.72,-100.0
CENTRAL TRUST Co,,,,inf,169.23,20.71,681.07,-38.03,-75.18,-24.14,183.12,11900.69,144.67,81.42,35.37,10.04,35.0,10.08,-32.69,99.94
"CENTRAL VALLEY ADVISORS, LLC",,,,,,,,,,,,,,,,inf,37.88,-20.97,-100.0,inf
CERITY PARTNERS LLC,,,,,inf,-100.0,,,,,,,,,,,,,,
"CERTIOR FINANCIAL GROUP, LLC",,,,,,,,,,,,,,,,,,,,inf
"CERTUITY, LLC",,,,,,,,,,,,,inf,79.93,7.08,0.37,33.27,18.33,51.46,158.6
"CFO4Life Group, LLC",,,,,,,,,,,,,,,,,,,inf,100.93
"CFS Investment Advisory Services, LLC",,,,,,,,,inf,-100.0,inf,-100.0,,,,,,,,inf
"CGC Financial Services, LLC",,,,,,,,,,,,,,inf,4.58,7.5,33.72,10.0,47.04,103.23
"CHAPIN DAVIS, INC.",,,,,,,,,,,,,inf,153.5,-100.0,inf,-4.01,-100.0,inf,0.0
CHARLES SCHWAB INVESTMENT MANAGEMENT INC,,,,inf,18.52,37.41,188.22,-20.76,-22.4,-32.67,-0.73,81246.77,35.0,88.26,29.32,13.82,36.95,17.72,135.67,114.07
"CHATHAM CAPITAL GROUP, INC.",,,,,,,,,,,,,,,,,,,,inf
CHELSEA COUNSEL CO,,,,,,,,,,,,,,inf,4.37,7.31,34.01,10.08,46.86,41.0
"CHERRYDALE WEALTH MANAGEMENT, LLC",,,,,,,,inf,-22.87,-35.68,-10.16,-100.0,,,,,,,,
"CHILDRESS CAPITAL ADVISORS, LLC",,,,,,,,,,,,,,,,,,,,inf
"CHIRON CAPITAL MANAGEMENT, LLC",,,inf,-100.0,,,,inf,131.75,-22.83,3.55,71400.57,-21.39,-12.87,-100.0,,,,,
"CHOREO, LLC",,,,,,,,,,,,,inf,59.01,-100.0,,inf,369.84,82.72,135.91
CI INVESTMENTS INC.,,,,,,,inf,-20.0,2725.0,126.55,-3.52,94.33,-3.96,-0.43,-26.58,-25.22,38.89,536.29,108.62,949.63
"CI Private Wealth, LLC",,,,,,,,,,,,inf,86.61,-100.0,,,,,,
CIBC Asset Management Inc,,,,,inf,13.59,7.54,-12.71,-24.23,-35.38,-10.26,55263.29,28.5,81.53,8.54,-0.98,34.62,36.41,517.53,368.27
CIBC Private Wealth Group LLC,,,,,,,,,,,,,,,,,,,inf,118.37
"CIBC Private Wealth Group, LLC",,,,,,,,,,,,,,,,,inf,22.4,-100.0,
CIBC WORLD MARKET INC.,,,,,,,,,inf,-19.91,-18.36,-65.08,35.02,23.12,35.53,22.22,150.2,26.03,-32.7,420.75
CIBC WORLD MARKETS CORP,,,,,,,,,,,,,,,,inf,98.75,48.0,292.51,179.73
CIBC World Markets Inc.,,,,inf,84.3,57.24,95.94,-17.42,-100.0,,,,,,,,,,,
"CIM, LLC",,,,,,,,,,,,,,,,,,,inf,-100.0
CITY HOLDING CO,,,,,,,,inf,0.0,-100.0,,,,,,,,,,
CKW FINANCIAL GROUP,,,,,,inf,-100.0,,,,,,,,,,,,,
"CLARIS ADVISORS, LLC / MO /",,,,,,,,,,,,,,,,,,,inf,-100.0
"CLEAR INVESTMENT RESEARCH, LLC",,,,,,,,,,,,,,,,,,,,inf
CLEAR STREET LLC,,,,,,,,,,,inf,-47.41,-100.0,inf,-100.0,,,,,
CLEAR STREET MARKETS LLC,,,,,,,,,,,,inf,-100.0,,inf,-100.0,,,,
"CMG Global Holdings, LLC",,,,,,,,,,,,,,,,,,,,inf
CNB Bank,,,,,,,,,,,,,,,,,,,inf,103.31
COATUE MANAGEMENT LLC,,,,,,,,,,,,,,,inf,-100.0,,,,
COBBLESTONE CAPITAL ADVISORS LLC /NY/,,,,,inf,-29.45,-100.0,,,,,,,,,,,,,
COLDSTREAM CAPITAL MANAGEMENT INC,,,,,,,,,,,,,,,,,inf,-100.0,inf,60.31
COLONY GROUP LLC,,,,,,,,,inf,-34.01,-11.34,-18.6,24.29,80.46,2.55,-100.0,,,,
COMERICA BANK,,,,,,inf,-100.0,inf,133.23,-1.51,-18.92,-14.24,-100.0,,inf,5.13,-7.17,311.73,204.38,235.49
"COMERICA SECURITIES,INC.",,,,,,,,,,,inf,88777.38,50.58,95.65,3.47,-100.0,,,,
COMMERCE BANK,,,,,,,inf,-19.76,-49.85,166.08,-8.79,132665.54,42.3,1035.65,49.23,7.07,31.81,28.28,41.84,106.84
COMMERZBANK AKTIENGESELLSCHAFT /FI,,,,,,,,,,,,,,,,,,,inf,221.48
"COMMONWEALTH EQUITY SERVICES, LLC",,,inf,2629.14,70.36,-1.95,-0.35,-23.74,-20.19,-31.72,-4.06,2.85,9.4,99.49,-24.71,29.04,111.39,24.51,59.55,123.39
COMMONWEALTH OF PENNSYLVANIA PUBLIC SCHOOL EMPLS RETRMT SYS,,,,,,,,,,,,,,,,,,,inf,102.13
COMPASS CAPITAL CORP /MA/ /ADV,,,,,,,,,,,,,,,,,,,,inf
COMPASS FINANCIAL ADVISORS LLC,,,,,,,,inf,-100.0,,,,,,,,,,,
"CONCOURSE FINANCIAL GROUP SECURITIES, INC.",,,,,,inf,-41.3,-44.44,33.33,-45.0,-9.09,85920.0,120.04,10.87,104.78,-6.87,136.41,99.47,89.55,531.03
CONNING INC.,,,,,,,,,,,,,,,,,,,,inf
CONNORS INVESTOR SERVICES INC,,,,,inf,79.25,-29.81,-30.72,-10.62,-33.94,9.53,78864.0,-99.88,81.42,4.37,7.23,129331.64,7.31,42.87,94.79
"CONTINENTAL INVESTORS SERVICES, INC.",,,,,,,,,,,,,,,,,,,,inf
"CONWAY CAPITAL MANAGEMENT, INC.",,,,inf,33.96,-48.35,68.32,-100.0,,,,,,,,,,,,
COOKSON PEIRCE & CO INC,,,,,,,,,,,,,,inf,-0.3,1481.21,-89.93,105040.39,43.08,39.44
"CORNERSTONE ENTERPRISES, LLC",,,,,,,,,,,,,,,,,inf,23.56,304.96,24.67
COUNTRY TRUST BANK,,,,,,,,inf,-100.0,,,,,,,,,,,inf
COURIER CAPITAL LLC,,,,,,,,,,,,,,,,,inf,10.08,46.86,103.5
COZAD ASSET MANAGEMENT INC,,,,,,,,,,,,,,,,,,,,inf
"CPWM, LLC",,,,inf,117.36,109.32,2.12,0.0,-31.07,-70.78,-11.0,-100.0,,,,,,,,
"CRA Financial Services, LLC",,,,,,,,,,,,,,,,,,,inf,126.9
CREATIVE FINANCIAL DESIGNS INC /ADV,,,,,inf,0.0,0.0,0.0,800.0,-33.33,-16.67,118800.0,23.23,635.95,34.05,154.61,46.52,16.25,40.72,99.67
CSS LLC/IL,,,,,,,,,inf,-100.0,,,,inf,95.35,-64.84,188.64,10.24,-58.1,326.94
CTC LLC,,,,,,,,,,,,,,,,,inf,10.22,30.41,355.67
CULLINAN ASSOCIATES INC,,,,,,,,,,,,,,,,,,,,inf
"CURA WEALTH ADVISORS, LLC",,,,,,,,,,,,,,,,,,,,inf
"CURIO WEALTH, LLC",,,,,,,,,,,,,,,,,,,,inf
"CVA Family Office, LLC",,,,,,,,,inf,500.0,-100.0,inf,31.49,242.89,-100.0,inf,65.59,88.7,432.84,720.37
CVFG LLC,,,,,,,,,,,,,,,,,,,,inf
"CWA Asset Management Group, LLC",,,inf,-100.0,inf,4.79,-1.83,2.13,-72.25,-33.82,-10.26,302388.44,-5.61,-10.55,4.68,8.36,295.87,-100.0,inf,-4.79
"CWM, LLC",,0.0,0.91,7.55,85.28,-0.54,-100.0,inf,-17.28,-36.57,-10.0,0.0,50.98,147.19,17.51,2.38,131.44,53.46,72.13,175.67
CX Institutional,,,,,,,,,,inf,-100.0,,,,,,,,,
"Cache Advisors, LLC",,,,,,,,,,,,,,,,,,,,inf
CacheTech Inc.,,,,,,,,,,,,,,,,,,,inf,68.49
"Caerus Investment Advisors, LLC",,,,,,,,inf,1267.9,-1.17,-45.07,-100.0,inf,-100.0,,,,,,
"Caitlin John, LLC",,,,,,,,,,,,,,,,inf,219.68,-16.25,16.58,99.39
"Caitong International Asset Management Co., Ltd",,,,,,,,,,,,,,,,,,,,inf
California Public Employees Retirement System,,,,,,,,,,,,,,,,inf,31.76,7.69,45.14,97.68
"Callan Capital, LLC",,,,,,,,,,,,,,,,,,,,inf
"Callan Family Office, LLC",,,,,,,,,,,,,,,,,,,,inf
"Calton & Associates, Inc.",,,,,inf,12.38,-9.04,-22.67,-100.0,,,,,,,,,,,
"Camarda Financial Advisors, LLC",,,,,,,,,,,,,,,,,,,,inf
"Cambridge Investment Research Advisors, Inc.",,,inf,456.07,-100.0,inf,-5.32,-22.85,-19.67,-38.85,-3.79,-21.13,46.52,106.53,9.77,-8.69,43.2,19.58,53.6,105.35
"Camden Capital, LLC",,,,,inf,53.71,-25.58,44.99,-64.36,-62.74,50.0,-100.0,,,,,,,,
Campbell & CO Investment Adviser LLC,,,,,,,,,,,,,,inf,-100.0,,,,,inf
Canada Post Corp Registered Pension Plan,,,,,,,,,,,,,,,,,,,,inf
"Canal Capital Management, LLC",,,,,,,,,,,,,,,,,,inf,39.09,5.91
Candriam S.C.A.,,,,,,,,,,inf,-10.27,-100.0,,inf,5.37,11.28,52.38,15.13,78.56,-100.0
Cannell & Co.,,,,,,,,,inf,-33.96,-10.19,60563.06,31.62,132.08,4.37,-16.11,-100.0,,,
Cannell & Spears LLC,,,,,,,,,,,,,,,,,inf,17.77,50.69,98.23
"Cannon Global Investment Management, LLC",,,,,inf,-100.0,,,,,,,,,,,inf,-100.0,,
"Canton Hathaway, LLC",,,,,inf,22644.44,9.18,-100.0,,,,,,inf,-22.22,7.14,33.33,13.33,157.35,-50.29
"Canvas Wealth Advisors, LLC",,,,,,,,,inf,-18.08,-51.31,93957.43,51.24,87.21,-4.0,-5.37,33.23,22.49,34.01,89.37
"CapWealth Advisors, LLC",,,,inf,-49.48,12.12,-8.21,-23.76,130.62,-67.34,-6.65,64754.26,30.92,83.86,4.03,5.22,33.94,8.11,51.66,97.2
Capasso Planning Partners LLC,,,,,,,,inf,-100.0,,,,,,,,,,,
"Cape Investment Advisory, Inc.",,,,,,,,,,,,,inf,67.59,-100.0,inf,-100.0,inf,107.54,94.09
"Capital A Wealth Management, LLC",,,,,,,,,,,,,,,,,,,,inf
"Capital Advisors Wealth Management, LLC",,,,,,,,,,,,,,,,,,,inf,556.74
"Capital Advisors, Ltd. LLC",,,,,,,,,,inf,-50.0,-100.0,inf,82.35,3.23,6.25,38.24,10.64,51.92,105.06
Capital Asset Advisory Services LLC,,,,inf,-100.0,,,,,,,,,,,,,,,inf
"Capital CS Group, LLC",,,,,,,,,,,,,,inf,-54.8,-100.0,,,,
"Capital Impact Advisors, LLC",,,,,,,inf,-100.0,,,,,,,,,,,,
"Capital Investment Advisors, LLC",,,,,,,,,,,,,inf,81.19,3.02,7.77,-16.89,28.72,77.86,140.69
"Capital Investment Advisory Services, LLC",,,,,,inf,310.87,-4.31,23.54,-83.5,-26.74,38470.9,20.67,-100.0,,,inf,16.53,31.52,90.97
"Capital Investment Counsel, Inc",,,,,inf,60.63,206.67,-3.42,-18.4,-32.05,-19.99,62286.76,14.51,94.93,14.87,7.89,24.78,13.24,51.62,81.17
"Capital Management Associates, Inc",,,,,,,,,,,,,,,,,,,inf,101.27
Capital Market Strategies LLC,,,,,,,,,,,,,,,inf,67.42,45.67,13.0,44.67,120.1
"Capital Planning Advisors, LLC",,,,,,,,,,,,,,,,,,,,inf
"Capital Wealth Planning, LLC",,,,,,,,,,,,,,,,,,,inf,-100.0
Capitolis Advisors LLC,,,,,,,,inf,-100.0,,,,,,,,,,,
Capricorn Fund Managers Ltd,,,,,,,,,,,,,,,,inf,-100.0,,,
"Caprock Group, LLC",,,,,,,,,,,,,inf,81.46,4.7,-19.32,23.21,-5.05,54.31,109.98
"Capstone Financial Advisors, Inc.",,,,,,,,,,inf,-10.68,76660.87,28.63,105.89,-8.46,12.33,47.22,20.33,85.84,85.09
"Caption Management, LLC",,,,inf,-100.0,inf,-49.35,-29.31,-70.73,-96.5,-100.0,,inf,-100.0,,inf,-33.57,10.08,167.91,9.92
"Carmel Capital Partners, LLC",,,,,,,,inf,-24.6,-33.94,-9.95,46891.55,62.37,72.37,3.93,2.56,12.33,12.37,14.86,29.19
"Carmichael Hill & Associates, Inc.",,,,inf,4.35,33.33,-9.38,-24.14,-31.82,-33.33,-10.0,79655.56,31.62,162.53,4.37,7.32,42.62,10.08,71.34,-100.0
"Carnegie Capital Asset Management, LLC",,,,,inf,24.96,34.95,-54.65,-23.31,165.65,-81.58,79771.43,104.3,133.87,22.6,7.31,47.96,-100.0,,
Carnegie Investment Counsel,,,,,,,,,,,,,,,,,,inf,46.25,138.22
"Carroll Financial Associates, Inc.",,,,,inf,830.77,-62.81,31.11,-100.0,,,,,,,,,,,
"Carroll Investors, Inc",,,,,,,,,,,,,,,,,,inf,129.99,108.06
"CarsonAllaria Wealth Management, Ltd.",,,,,,,,inf,-21.74,-33.33,-12.5,-23.81,159181.25,75.41,-4.97,-8.17,-32.58,14.03,44.63,69.13
"Cascade Financial Partners, LLC",,,,,,,,,,,,,,,,,,,inf,81.86
"Cascades Capital Asset Management, LLC",,,,,,,,,,,,,,,,,,,,inf
Cassaday & Co Wealth Management LLC,,,,,,,,,,,,,,,inf,114.63,-27.64,25.72,47.29,101.75
"Cassady Schiller Wealth Management, LLC",,,,,,,,,,,,,,,,,,,,inf
Castellan Group,,,,,,inf,-54.4,-100.0,,,,,,,,,,,,
"Castellan Group, LLC",,,,,inf,-100.0,,,,,,,,,,,,,,
"Castle Rock Wealth Management, LLC",,,,inf,2.97,-14.77,16.53,-49.91,-9.22,-51.5,-16.28,-100.0,,,,,inf,25.93,51.16,-100.0
"Castleview Partners, LLC",,,,,,,,,,,,,,,,,inf,10.1,2882.97,235.44
"Catalina Capital Group, LLC",,,,,,,,,,,,,,,,,,,inf,98.28
"Catalytic Wealth RIA, LLC",,,,,,,,,,,,,,,,,,inf,-39.46,-100.0
"Cedar Mountain Advisors, LLC",,,,,,,,,,,,,,,inf,7.32,34.01,10.08,46.85,103.31
"Cedar Wealth Management, LLC",,,,,,,,inf,-23.81,-31.25,-9.09,75010.0,31.63,81.41,4.37,7.31,-100.0,,,
"CenterStar Asset Management, LLC",,,,inf,-100.0,,inf,-72.93,-100.0,,,,,,,,,,,inf
"Centerpoint Advisors, LLC",,,,inf,90.57,-4.95,-8.33,-92.05,985.71,-93.42,-20.0,175.0,36.36,80.0,3.7,3.57,10.34,15.62,124.32,148.19
"Centiva Capital, LP",,,inf,24.17,108.5,-100.0,,inf,-3.56,-100.0,,,,inf,-100.0,inf,-34.95,-34.35,496.44,-34.6
Central Asset Investments & Management Holdings (HK) Ltd,,,,,,,,,,,,,,inf,57.01,-100.0,,inf,-100.0,inf
Centric Wealth Management,,,,inf,422.89,-100.0,,,,,,,,,,,,,inf,742.23
Cerity Partners LLC,,,,,inf,5.57,-100.0,,,,,inf,8071.84,-97.34,203.71,-36.87,-100.0,inf,-100.0,
Certified Advisory Corp,,,,,,,,,,,,,,,,,,,,inf
Cetera Advisor Networks LLC,,,,inf,85.29,158.96,15.98,-24.99,3.57,-53.69,-13.12,79222.71,59.98,133.54,75.91,-22.05,113.7,-100.0,,
Cetera Advisors LLC,,,,,inf,2.3,220.27,-53.87,41.31,-17.37,-15.93,44440.22,51.29,219.24,4.21,28.46,102.72,-100.0,,
Cetera Investment Advisers,,,,inf,150.26,27.23,45.29,-24.8,-30.79,-22.73,-10.61,81669.62,38.3,88.62,36.66,35.14,503.21,19.36,78.64,122.59
"Champlain Investment Partners, LLC",,,,,,,,,,inf,6.38,78279.89,29.7,-100.0,,,,,,
"Change Path, LLC",,,,inf,-100.0,,,,,,,,,,,,,,,
"Charles Schwab Investment Advisory, Inc.",,,,,,,,,,,,,,inf,15.85,9.5,-100.0,,,
Charles Winkler,,,,inf,-100.0,,,,,,,,,,,,,,,
"Charter Oak Capital Management, LLC",,,,,,,,,,,,,,,,,,,,
"Checchi Capital Advisers, LLC",,,,,,,,,,,,,,,,,,,,inf
Chemistry Wealth Management LLC,,,,,,,,,,inf,-2.48,-100.0,inf,81.42,4.17,9.18,27.3,0.98,80.73,85.09
"Cherry Creek Investment Advisors, Inc.",,,,,,,,,,,,,,,,inf,102.75,38.55,97.12,77.77
"Chicago Capital, LLC",,,,,inf,13.18,-8.79,-24.14,-24.61,-33.92,-12.31,14345.05,31.62,82.16,4.37,132.05,69.92,31.5,160.77,106.08
Chicago Partners Investment Group LLC,,,,,,,,,,,,,,inf,-14.21,-100.0,,inf,104.06,103.69
"China Universal Asset Management Co., Ltd.",,,,,,,,,,,,,,,,,,,,inf
"Chiron Investment Management, LLC",,,,,,,,,,,,,,,,,,,,inf
Chris Bulman Inc,,,,,,,,,,,,,,,,,,inf,-100.0,
"Christensen, King & Associates Investment Services, Inc.",,,,,,,,,,,,,,,,,,,inf,128.18
"Chung Wu Investment Group, LLC",,,,,,,,,,,,,,,,,,,,inf
Cipher Capital LP,,,,,,,,,,,,,inf,-100.0,,,,,,
"Circle Wealth Management, LLC",,,,,inf,48.07,-8.81,-2.52,-6.01,19.54,-7.64,80324.97,-18.42,81.42,-7.3,20.03,36.55,10.16,21.91,69.23
Citizens Business Bank,,,,,,,,,,,,,,,,,inf,11.35,146.21,19.47
Citizens National Bank Trust Department,,,,,,,,,,,,,,,,,,,,inf
City State Bank,,,,,,,,inf,-41.27,144.59,-4.97,-97.09,40.0,14.29,12.5,0.0,55.56,99514.29,46.71,116.98
"Claraphi Advisory Network, LLC",,,,,inf,25.85,-19.53,-14.17,-31.05,-35.78,-100.0,,,,,,,,,
Clare Market Investments LLC,,,inf,-100.0,inf,44.13,-14.27,-74.21,-100.0,,,,,,,inf,73.46,32.95,98.8,138.8
Claret Asset Management Corp,,,,,,,,,,,,,,,,,,inf,47.5,137.29
ClariVest Asset Management LLC,,,,,,inf,-50.0,0.0,0.0,-100.0,,,,,,,,,,
Clarity Capital Partners LLC,,,,,,,,,,,,,,,,inf,30.79,11.5,40.63,94.7
"Clarity Wealth Advisors, LLC",,,,,,,,,,,,,,,,,,,,inf
"Clarius Group, LLC",,,,,,,,,,,,,,,,,,,,inf
"Clarkston Capital Partners, LLC",,,,,,,,,,,,,,,,,,,,inf
Claro Advisors LLC,,,inf,154.25,-12.43,11.02,-9.54,-13.92,0.0,-55.88,100.0,45412.78,-33.14,80.75,6.64,6.13,58.1,25.65,481.14,-57.0
Clarus Wealth Advisors,,,,,,,,,,,,,,,,,,inf,7.74,23.97
"Clay Northam Wealth Management, LLC",,,,,,,,,,,,,,,,,,,inf,154.57
Clean Yield Group,,,,,,,,,inf,-32.88,-12.24,79776.74,31.62,81.42,16.89,-4.18,34.01,10.08,-39.61,1.65
"Clear Creek Financial Management, LLC",,,,,,inf,-80.03,-22.36,-22.11,-32.03,-11.11,73204.31,31.22,80.73,7.56,9.17,35.47,12.65,-27.56,100.56
"Clear Harbor Asset Management, LLC",,,,,,,,,,,,inf,31.62,99.03,2.52,7.31,34.37,56.56,65.42,89.05
"Clear Perspective Advisors, LLC",,,,,,,inf,-100.0,,,,,,,,,,,,
"Clear Perspectives Financial Planning, LLC",,,,,,inf,-67.57,-25.0,-22.22,-28.57,-20.0,80150.0,31.62,-100.0,,,,,,
Clear Street Derivatives LLC,,,,,,,,,,,,,,,,,,,,inf
"Clearbridge Investments, LLC",,,,,,,,,,,,,,,,,,,inf,2315.25
"Clearstead Advisors, LLC",,,,inf,2590.91,13.18,-8.36,-23.45,-29.79,-30.3,-11.3,78465.69,26.36,20.41,108.74,-39.6,136.29,3761.98,46.61,0.06
"Clearstead Trust, LLC",,,,,,,,,,,,,,,,,,,,inf
"Clearwater Capital Advisors, LLC",,,,,,,,,inf,-31.89,-10.32,-100.0,,,inf,8.85,22.05,2.43,49.32,29.86
"Clientfirst Wealth Management, LLC",,,,,,,,,,,,,,,,,,,,inf
Close Asset Management Ltd,,,,,inf,13.64,-8.0,-23.91,0.0,-42.86,-10.0,-100.0,inf,78.57,38.0,728.99,-20.28,-18.2,4.02,103.61
CloudAlpha Capital Management Limited/Hong Kong,,,,inf,-100.0,,,,,,,,,,inf,-100.0,,,,
"Coastal Bridge Advisors, LLC",,,inf,-100.0,inf,13.18,82.5,-24.11,-62.34,32.13,-55.19,78985.69,31.46,0.0,-100.0,,,,,
"Coastal Capital Group, Inc.",,,,inf,45.45,-100.0,,,,,,,,,,,,,,
"Coastal Investment Advisors, Inc.",,,,inf,7.38,33.94,-9.05,-22.89,-69.25,-26.57,-8.57,84630.21,33.13,79.69,-11.82,-100.0,,,,
Coastline Trust Co,,,,,,,,,,,,,,,,,,,,inf
"Cohen Capital Management, Inc.",,,,,,,,,,,,,,,,,,inf,46.86,103.31
"Collar Capital Management, LLC",,,,,,,,,,,,,,,,,,,,inf
"Colonial River Investments, LLC",,,,,,,,,,,,,,,,,,,inf,112.48
"Colonial River Wealth Management, LLC",,,,,,,inf,-100.0,,,,,,,,,inf,57.17,-100.0,
Colonial Trust Advisors,,,,,,,,,,,,,inf,141.89,30.46,60.97,34.01,79.8,-1.09,482.2
Colonial Trust Co / SC,,,,,,,,,,,,,,,,,inf,10.08,53.09,511.74
"Colony Family Offices, LLC",,,,,inf,-100.0,,,,,,,,,,,,,,
"Colony Group, LLC",,,,,,,,,,,,,,,,inf,719.65,199.51,137404.8,-100.0
Coltrane Asset Management L.P.,,,,,inf,-100.0,,,,,,,,,,,,,,
Columbia Asset Management,,,,,,,,,,,,,,,,,,,,inf
"Column Capital Advisors, LLC",,,,,,inf,0.0,-33.33,0.0,-50.0,0.0,64100.0,-100.0,inf,4.37,-100.0,,,,
"Comprehensive Financial Consultants Institutional, Inc.",,,,,,,,,,,,,,,,,,,,
"Concentric Capital Strategies, LP",,,,,,,,,inf,-100.0,,,inf,-100.0,,,inf,10.7,-100.0,
Concentrum Wealth Management,,,,,,,inf,-100.0,,,,,,,,,,,,
Concord Wealth Partners,,,,,,inf,11.76,171.05,-52.43,-97.96,-100.0,inf,-100.0,,,,inf,10.08,46.87,371.77
"Concorde Asset Management, LLC",,,,,inf,7.87,-12.15,-100.0,,,,,,inf,13.15,2.33,34.65,12.74,55.48,103.15
"Concurrent Investment Advisors, LLC",,,,,,,,,,,,,,,,inf,47.56,27.04,36.28,96.48
"Confluence Wealth Services, Inc.",,,,,,,,inf,-100.0,,,,,,,,,,,
Congress Park Capital LLC,,,,,,inf,-28.83,18.14,-100.0,,,,,inf,1.94,1.75,10.12,10.08,-100.0,
Congress Wealth Management LLC / DE /,,,,,,,,,,,,,,,,,,,,inf
"Connective Portfolio Management, LLC",,,,,,,,,,,,,,,,,inf,-100.0,,inf
"Connectus Wealth, LLC",,,,,,,,,,,,,,,,inf,96.62,-100.0,,
"Connor, Clark & Lunn Investment Management Ltd.",,,,,,,,,,inf,2.27,-100.0,,,,,inf,-100.0,,
Consolidated Portfolio Review Corp,,,,,,,,,,,,,,,,,,,,inf
Constant Guidance Financial LLC,,,,,,,,,,,,,,,,,inf,-100.0,,
"Continuum Advisory, LLC",,,,,,,,,,,,,,,,,inf,24.74,288.69,32.67
"Convergence Investment Partners, LLC",,,,,,,,,,,,,,,,inf,132.83,-100.0,,inf
Cooper Financial Group,,,,,,,,,,,inf,78752.22,31.62,81.49,4.48,7.31,-100.0,,,inf
Coppell Advisory Solutions Corp.,,,,,,,,,,,,inf,-100.0,,,,,,,
Coppell Advisory Solutions LLC,,,,,,,,,,,,inf,-100.0,,inf,17231.25,-100.0,inf,184.05,185.25
Corbenic Partners LLC,,,,inf,270.83,10.11,-9.18,-28.09,-42.19,-67.57,-100.0,,,,,,,,,
Core Alternative Capital,,,,,,,,inf,10900.0,-100.0,,,,,,,,,,
"Core Wealth Advisors, Inc.",,,,inf,0.0,550.0,23.08,-62.5,-100.0,,,inf,32.81,81.18,3.9,7.5,-100.0,,,
"CoreCap Advisors, LLC",,,,,,,,inf,-100.0,inf,-100.0,inf,-100.0,,,,inf,-14.96,479.56,142.84
"Corebridge Financial, Inc.",,,,,,,,,,,,,,,,,,inf,1869.18,159.15
"Corient Capital Partners, LLC",,,,,,inf,-100.0,,inf,-100.0,,,,,,,,,,
Corient Private Wealth LLC,,,,,,,,,,,,,,inf,61.83,6.33,19.22,83.67,152.53,76.05
"Cornerstone Advisory, LLC",,,,,,,,inf,-100.0,,,,,,,,,,inf,219.96
"Cornerstone Capital, Inc.",,,,,,,,,,,,,,,,,,,,inf
Cornerstone Planning Group LLC,,,,,,,,,,,,inf,-100.0,inf,3.9,-100.0,,inf,113.62,191.68
"Cornerstone Select Advisors, LLC",,,,,,,,,,,,,,,,,,,,inf
"Cornerstone Wealth Group, LLC",,,,,,,,,,,,,,,,,,,,inf
"Cornerstone Wealth Management, LLC",,,,,,,,,,,,,,,,,,inf,-99.43,66423.77
"Corps Capital Advisors, LLC",,,,,,,,,,,,,,,,,,,,inf
Corton Capital Inc.,,,,,,,,,inf,-100.0,,,,,,,,,,inf
Corvex Management LP,,,,,,,,,,,,,,,,,,,,inf
"Coston, McIsaac & Partners",,,,,,,,,,,,,,,,,,,inf,142.86
Counterpoint Mutual Funds LLC,,,,,,,,,,,,,,,,,inf,-100.0,inf,-100.0
"Covenant Asset Management, LLC",,,,,,,,,,,,,,,,,,,,inf
"Covenant Partners, LLC",,,,,,,,,,,,,,,,,,,,inf
Covestor Ltd,,,,,,,,inf,14.29,-12.5,-14.29,66.67,-40.0,83.33,-31.82,13.33,64.71,10.71,48.39,73.91
Covington Capital Management,,,inf,293.1,126.32,0.39,-8.88,-26.27,516.09,-89.37,-15.79,-100.0,,,,,,,,
"Cranbrook Wealth Management, LLC",,,,,,,,,,,,,,,,,inf,10.08,349.25,103.3
"Crawford Fund Management, LLC",,,,,,,,,,,,,,,,inf,-41.93,38.31,4.9,202.06
"Crawford Lake Capital Management, LLC",,,,,,,inf,-100.0,,,,,,,,,,,,
Creative Planning,,,inf,2564.44,-100.0,inf,-61.54,-10.71,-9.31,-30.1,-10.54,68495.93,53.88,174.2,56.46,30.2,34.01,18.85,43.17,186.68
"CreativeOne Wealth, LLC",,,,,,,,,inf,-38.8,-20.85,-61.29,33.33,162.5,-100.0,,inf,1.62,274814.85,236.4
"Creegan & Nassoura Financial Group, LLC",,,,,inf,13.28,-8.97,-27.65,-24.61,-34.03,-100.0,,,,,,,inf,46.86,103.31
Creekmur Asset Management LLC,,,,,,,,,,,,,,,,inf,55.49,10.69,114.45,1288.7
"Crescent Capital Consulting, LLC",,,,,inf,-100.0,,,,,,,,,,,,,,
"Cresset Asset Management, LLC",,,,inf,23.53,522.59,-22.08,-17.61,-26.88,-42.32,-10.05,75215.43,24.5,1606.58,-99.65,7.31,77.5,-37.1,50.07,21360.27
"Crestwood Advisors Group, LLC",,,,,,,,,,,,,,,,,,,inf,328.49
"Crestwood Capital Management, L.P.",,,inf,167.48,64.98,28.99,73.27,-59.25,-25.33,-100.0,,,,,,,,,,
Crewe Advisors LLC,,,,inf,675.0,-3.23,-6.67,-25.0,-23.81,175.0,-9.09,70952.5,27.52,81.42,-58.9,-100.0,inf,-34.83,23.6,30.95
Crews Bank & Trust,,,,,,,,,,,,,,,,,,,,inf
Cromwell Holdings LLC,,,,,,,,,,,,,,,,,,,inf,188.33
"Crossmark Global Holdings, Inc.",,,,,,,,,,,,,inf,120.22,0.0,-2.55,2734.55,34.48,55.8,36.52
Crossvault Capital Management LLC,,,,,,inf,11.4,-20.47,-24.75,-100.0,,,,,,,,,,
Csenge Advisory Group,,,,,,inf,24.62,-19.75,-100.0,,,,,inf,12.05,20.73,32.16,43.46,61.53,58.23
Curbstone Financial Management Corp,,,,,,,,,,,,,,,,,,,inf,106.33
"Curi RMB Capital, LLC",,,,,,,,,,,,,,,,,,,inf,103.31
"Curi Wealth Management, LLC",,,,,,,,inf,25.0,-60.0,-100.0,,,,,,,,,
Custom Portfolio Group LLC,,,,,,,,,,,,,,,,inf,34.02,10.09,-100.0,
Cutler Group LLC / CA,,,,,,,,,,,inf,-56.07,144.29,224.37,6.81,51.48,-93.0,-100.0,,
Cutler Group LP,,,inf,125000.0,104.64,-33.61,37.09,-39.48,-50.8,-74.78,-100.0,,,,,,,,,
"Cutter & CO Brokerage, Inc.",,,,inf,-4.0,48.11,-21.48,-15.64,-6.56,-28.93,-22.09,88251.49,31.62,39.4,1.48,15.94,49.83,92.14,42.05,93.68
"Cyndeo Wealth Partners, LLC",,,,,,,,,,,,,,,,,inf,-100.0,inf,101.89
Cypress Capital Management LLC (WY),,,,,inf,7258.33,-8.76,-99.96,-100.0,,,,,,,inf,-100.0,,,
"Cypress Point Wealth Management, LLC",,,,inf,7685.73,18.47,80.18,-65.19,-24.8,-36.72,-10.86,43566.95,34.4,120.37,4.33,6.62,35.32,10.21,46.08,98.97
"Cyrus J. Lawrence, LLC",,,,,,,,,,,,,,,,,inf,93.75,48.39,104.35
Czech National Bank,,,,,,,,,,,,,,,,,,,inf,10.13
D L CARLSON INVESTMENT GROUP INC,,,,,inf,68.36,53.87,-100.0,,,,,,,,,,inf,123.26,29.9
"D'Orazio & Associates, Inc.",,,inf,166.67,27.08,-78.69,-7.69,-100.0,,,,,,,,,,,,inf
D.A. DAVIDSON & CO.,,,,inf,-90.55,57.33,-7.67,-33.53,-10.71,-33.0,-29.85,-100.0,,,inf,6.89,93.24,298.76,11.42,107.44
"D.B. Root & Company, LLC",,,,,,,,,,,,,,,,,,,,inf
"DAGCO, INC.",,,,,,,,,,,,,,,,,inf,88.72,46.86,-100.0
DARK FOREST CAPITAL MANAGEMENT LP,,,,,,,,,inf,-100.0,,,,,,,inf,1367.95,-98.68,-100.0
DAVENPORT & Co LLC,,,,,inf,142.2,-100.0,,inf,-33.72,41.57,44253.18,113.16,71.64,13.08,5.74,60.67,114.98,-20.65,123.77
"DAYMARK WEALTH PARTNERS, LLC",,,,,,,,,,,,,,,,,inf,-100.0,inf,461.47
"DB Wealth Management Group, LLC",,,,inf,0.0,50.0,-33.33,0.0,-100.0,,,inf,31.62,81.42,4.37,7.31,-100.0,,,
"DCM Advisors, LLC",,,,,inf,41.61,-1.73,-100.0,,,,,,,,,,,,
DE BURLO GROUP INC,,,,,,,,,,inf,-100.0,,,,,,,,,
"DEEPWATER ASSET MANAGEMENT, LLC",,,,,,,,,,,,,inf,37.46,-52.75,7.31,-100.0,,,
DELTA ASSET MANAGEMENT LLC/TN,,,,,,inf,142.86,-23.53,-100.0,,,inf,-91.77,12100.59,4.37,7.31,34.01,10.08,46.86,100.28
DENALI ADVISORS LLC,,,,,,,,,,,,,,,,,,,,inf
"DFPG INVESTMENTS, LLC",,,,,inf,40.39,15.98,-85.76,-100.0,inf,1.06,-100.0,,,,,,,,
"DGS Capital Management, LLC",,,,,,,,inf,11.25,-33.95,106698.98,-21.03,28.87,-26.97,3.35,-68.7,10.56,60.63,30.11,30.06
DIMENSION CAPITAL MANAGEMENT LLC,,,,,,,,,,,,,,inf,73.75,-40.56,28.2,27.04,48.22,-42.61
DIMENSIONAL FUND ADVISORS LP,,,,,,,,,,inf,49.66,-14.98,141963.06,101.02,6.53,19.13,36.03,21.63,83.96,100.34
"DISCOVERY CAPITAL MANAGEMENT, LLC / CT",,,inf,147.9,-95.67,-57.56,-100.0,,,,,,,,,,,,,
"DIVERSIFY WEALTH MANAGEMENT, LLC",,,,,,,,,,,,,,,,,,,,inf
"DMC Group, LLC",,,,,,,,,,,,,,,,,,,inf,125.19
DOCK STREET ASSET MANAGEMENT INC,,,,,,,,,,,,,,,,,,inf,81.17,101.23
DRAVO BAY LLC,,,,,,,,,inf,-100.0,,,,,,,,,,
DRIEHAUS CAPITAL MANAGEMENT LLC,,,inf,88.64,-100.0,,,,,,,,,,,,,,,
"DRIVE WEALTH MANAGEMENT, LLC",,,,,,,,,,,,,,,,,,,,inf
DSM Capital Partners LLC,,,,,,,,,,,,,,,,,inf,10.08,79.92,-100.0
"DT Investment Partners, LLC",,,,,,,,,,,,,,,,,,,inf,103.32
"DUALITY ADVISERS, LP",,,,,,,,,,,,inf,680.01,-34.63,3.01,68.71,0.97,-100.0,,
"DUDLEY CAPITAL MANAGEMENT, LLC",,,,,,,,,,,,,,,,,,,inf,476.88
"DUMAC, INC.",,,,inf,-100.0,,,,,,,,,,,,,,,
DUNCKER STREETT & CO INC,,,,inf,-100.0,,,,,,,,,,,,,,,inf
"DZ BANK AG Deutsche Zentral Genossenschafts Bank, Frankfurt am Main",,,,,,,,,inf,7000.0,112.68,51154.3,192.13,375.87,-70.84,358.55,33.53,-18.56,-10.14,125.82
Daiwa Securities Group Inc.,,,,,,inf,163.68,-20.75,-21.19,-32.16,-8.29,-17.94,46.64,95.31,7.81,12.49,40.19,16.61,178.33,241.57
Dakota Wealth Management,,,,,,,,,,,,,,,,,inf,749.64,3.84,91.3
Dale Q Rice Investment Management Ltd,,,,,,,,,,,,,,,,,,,,inf
"Darwin Advisors, LLC",,,,,,inf,-19.76,-25.12,-6.58,-20.42,-100.0,,,,,,,,,
"Darwin Wealth Management, LLC",,,,,,,,,,,inf,87834.15,26.44,-100.0,,,,inf,-94.69,-100.0
"Dauntless Investment Group, LLC",,,,,,,,,,,,,,,,,,,,inf
David Loasby,,,,,inf,-100.0,,,,,,,,,,,,,,
Davis Capital Management,,,,,,,,,,,,,,,,,,inf,43.75,-100.0
"DeDora Capital, Inc.",,,,,,,,,inf,-100.0,,,,,,,,,,
"DecisionMap Wealth Management, LLC",,,,,,,,,,,,,,,,,,,,inf
"DecisionPoint Financial, LLC",,,,,,,,,,,,inf,31.69,81.32,4.36,7.33,31.16,19.41,38.31,103.32
Decker Retirement Planning Inc.,,,,,,,,,,,,,,,,,,,,inf
"Defender Capital, LLC.",,,,,inf,-82.94,659.49,-25.77,94.79,-59.38,-7.43,111974.25,49.93,88.85,11.08,36.42,80.28,41.39,22.7,62.41
Degroof Petercam Asset Management,,,,,,,,,,,,,,,,inf,59.37,-100.0,,
"Del-Sette Capital Management, LLC",,,,,,,,inf,-100.0,,,inf,-100.0,,,,,,,
"Delos Wealth Advisors, LLC",,,,,,inf,33.33,-50.0,-50.0,0.0,0.0,64100.0,31.62,181.42,-37.01,-100.0,,,inf,103.31
Delphia (USA) Inc.,,,,,,,,,inf,-100.0,,,,,,,,,,
"Delta Financial Group, Inc.",,,,,,,,,,,,,,,,,,,,inf
"Delta Investment Management, LLC",,,,,,,,,,,,,,,,,,,,inf
"Denver PWM, LLC",,,,,,,,,,,,,,,,,,inf,0.0,198.48
Derbend Asset Management,,,,,,inf,-18.21,-35.53,0.0,-58.98,-12.77,69651.92,30.35,120.94,-0.14,5.22,30.29,-100.0,,
Desjardins Global Asset Management Inc.,,,,,,,,,,,,,,,inf,8.79,-100.0,,,
Destination Wealth Management,,,inf,22.57,789.66,13.18,-21.74,-28.02,-32.09,-40.33,-19.06,74965.56,-72.4,-18.81,-22.1,-100.0,inf,-34.42,21.47,-85.44
"Destiny Wealth Partners, LLC",,,,,,,,,,,,,,,,,,,,inf
"Deuterium Capital Management, LLC",,,,,,,,inf,-24.61,-33.92,-3.67,78840.89,102.98,135.28,-47.81,-16.79,51.88,-2.87,46.86,52.48
"DiNuzzo Private Wealth, Inc.",,,,,,,,,,,,,,,,inf,-25.79,58.37,74.18,103.34
"Diligent Investors, LLC",,,,,,,,,,,,,,,,,,,inf,102.1
"Disciplined Investments, LLC",,,,,,,,,,,,inf,31.58,1312.0,-100.0,,,,,
Disruptive Technology Advisers LLC,,,,inf,-97.92,-14.87,-87.26,-100.0,,,,,,,,,,,,
"Diversified Investment Strategies, LLC",,,,,,,,,,,,,,,,,,,,inf
Diversified Trust Co,,,,,,,inf,-12.45,-23.39,132.93,23.14,-19.42,142232.12,-32.54,-21.1,21.6,44.81,-62.55,310.19,96.67
"Diversify Advisory Services, LLC",,,,,,,,,,,,,,,,,,inf,186.93,102.16
Dixon Hughes Goodman Wealth Advisors LLC,,,,,,,,inf,40.0,-100.0,,,,,,,,,,
Dogwood Wealth Management LLC,,,,,,,,,,,,,,,,inf,-16.67,-100.0,inf,-100.0
Donoghue Forlines LLC,,,,,,,,inf,46.41,-26.79,-60.34,69939.08,15.29,86.55,-100.0,inf,73.8,10.99,37.82,200.52
"Dorsal Capital Management, LP",,,,,,,,,,,,,,,inf,-100.0,,,inf,1.65
"Douglass Winthrop Advisors, LLC",,,,,inf,45.68,-9.32,-100.0,inf,-33.77,-11.0,-100.0,,,,inf,34.01,-100.0,,
"Draper Asset Management, LLC",,,,inf,17.82,25.9,22.67,-12.61,-2.66,-44.75,-100.0,inf,-6.52,147.96,-13.75,-100.0,,,,
"Duncan Williams Asset Management, LLC",,,,,,,,,,,,,,,,,inf,-100.0,,inf
"Dunhill Financial, LLC",,,,,,,,,,,,,,,,inf,34.01,10.07,46.87,103.31
Dynamic Advisor Solutions LLC,,,,inf,26.7,101.38,-14.67,-0.2,-49.04,-19.17,-1.22,80996.53,32.99,23.49,152.37,-29.94,39.47,22.72,81.74,77.19
"E Fund Management (Hong Kong) Co., Ltd.",,,,,,,,,,,,,,,,,,,,inf
"E Fund Management Co., Ltd.",,,,,,,,,,,,,,,,,,,inf,-100.0
EAGLE ASSET MANAGEMENT INC,,,,,,,,,,,,,,,,,inf,28.67,173.45,-100.0
EARNEST PARTNERS LLC,,,,,,,,inf,-23.53,-38.46,0.0,75100.0,31.62,81.41,4.37,-100.0,,,,
EASTERLY INVESTMENT PARTNERS LLC,,,,,,,,,,,,,,,,,inf,10.08,46.86,-100.0
EATON VANCE MANAGEMENT,,,inf,954.61,5.28,37.53,-9.35,19.84,-100.0,inf,-34.75,-100.0,,,,,,,,
ECLECTIC ASSOCIATES INC /ADV,,,,,,,,,,,,,,,,,inf,10.08,42.03,-61.38
EDGEWOOD MANAGEMENT LLC,,,,,,,,,,,inf,78866.79,31.62,81.42,4.37,-73.17,-100.0,,,
EDMOND DE ROTHSCHILD HOLDING S.A.,,,,,,inf,2093.75,23.93,-28.85,-95.64,18.52,40025.0,1625.54,19.15,-18.18,7.31,-31.8,54.4,46.86,-39.0
EFG Asset Management (Americas) Corp.,,,,,,,,,,,,,,,,,inf,236.97,68.33,89.12
EFG Asset Management (North America) Corp.,,,,,,,,,,,,,,,,,inf,103.42,76.66,224.29
"ELCO Management Co., LLC",,,,,,,,,,,,,,,,,,,,inf
"ELEVATION WEALTH PARTNERS, LLC",,,,,,,,,,,,,,,,,,,,inf
ELEVATUS WELATH MANAGEMENT,,,,,,,,,,,,,,,,inf,3668.75,-97.07,54.57,23.62
ELLERSON GROUP INC /ADV,,,,,,,,,,,,,,,,inf,-75.8,513.2,28.31,99.58
EMC Capital Management,,,,,,inf,-92.67,-29.49,-25.45,-29.27,-72.41,-100.0,,,inf,-46.67,-50.0,132.14,181.54,134.15
"EMERALD ADVISERS, LLC",,,,,,,inf,-25.95,-25.21,-34.29,-100.0,,,,,inf,31.77,-14.11,104.54,-17.01
"EMFO, LLC",,,,,,inf,89.56,-60.58,-16.19,-46.02,-10.53,68442.75,31.62,89.82,4.37,-0.22,38.05,-62.54,-100.0,
"EMG Holdings, L.P.",,,,,,,,inf,526.67,-100.0,,,,,,,,,,
"ENCOMPASS WEALTH ADVISORS, LLC",,,,inf,-100.0,,,,,,,,,,,,,,,
ENGINE NO. 1 LLC,,,,,,,inf,-1.48,-100.0,,,,,,,,,,,
ENVESTNET ASSET MANAGEMENT INC,,,,inf,408.6,19.61,120.77,-40.97,12.41,-7.03,-14.83,82088.95,100.0,92.98,-55.2,-18.48,145.52,2.46,121.14,164.82
ENZI WEALTH,,,,,,,,,,,inf,83396.88,25.36,90.07,2.34,5.6,-8.79,21.98,59.38,71.03
"EP Wealth Advisors, LLC",,,,,,,,,,,inf,72616.33,1696.8,-83.68,1.08,34.27,15.51,32.47,72.07,193.31
EPG Wealth Management LLC,,,,,,,,,,,,,,,,,,,,inf
EQUITABLE TRUST CO,,,,,,,,,,,,,,,,,,,,inf
"EQUITEC PROPRIETARY MARKETS, LLC",,,,inf,-100.0,,,,,,,,,,,,,,,
"ETF MANAGERS GROUP, LLC",,,,,,,,,,inf,-29.57,-100.0,,,,,,,,
"ETF Store, Inc.",,,,,,,,,,,,,,,,,,,,inf
EVERGREEN CAPITAL MANAGEMENT LLC,,,,,inf,-100.0,,,inf,-43.9,-10.51,87791.5,18.39,75.46,4.37,7.31,34.27,9.5,46.86,57.17
EVERMAY WEALTH MANAGEMENT LLC,,,,,,inf,600.0,11.9,-61.7,-11.11,50.0,75950.0,26.3,-99.8,-100.0,inf,34.29,8.51,47.06,102.67
EVERPAR ADVISORS LLC,,,,,,,,,,,,,,,,,,,,inf
"EVOKE WEALTH, LLC",,,,inf,-29.11,-100.0,,,,,,,,,inf,-100.0,,,,inf
EWG Elevate Inc.,,,,,,,,,,,,inf,-100.0,,,,,,,inf
EXANE DERIVATIVES,,,,inf,-45.5,-3.6,7.08,66.77,50.08,-33.95,-100.0,,,,,,,,,
"EXCHANGE TRADED CONCEPTS, LLC",,,,inf,-100.0,inf,-18.18,900.0,-24.44,-39.71,-7.32,80315.79,22.94,4182.03,11.2,-12.04,28.88,-100.0,inf,365.6
"EXENCIAL WEALTH ADVISORS, LLC",,,,inf,24.21,22.32,53.81,-57.81,-23.49,-32.09,-10.27,80154.96,31.27,82.5,0.2,11.69,30.6,12.38,43.74,118.43
Eagle Bay Advisors LLC,,,,,,inf,1766.2,-44.15,-54.19,66019.17,-99.91,9186.36,188.17,62.22,4.37,7.31,-44.67,10.08,46.86,103.31
Eagle Strategies LLC,,,,,,,,,,,,,,,,,inf,-100.0,,
Eaton Vance Management,,,,,,,,,inf,-100.0,,,,,,,,,,
Echo Street Capital Management LLC,,,,,,,,,,,,inf,-100.0,,,,,,,
"Edge Capital Group, LLC",,,,,,,,,,,inf,79156.76,31.62,81.42,4.37,7.31,33.46,20.89,46.86,104.24
Edge Wealth Management LLC,,,inf,213.16,46.22,18.97,-9.66,92.51,-23.33,-34.06,-10.44,52893.87,22.59,70.23,55.57,7.01,8.12,10.47,46.86,60.1
EdgeRock Capital LLC,,,,,,,,,,inf,151.82,-38.42,31.59,181384.13,-7.45,-18.98,-6.61,3.58,14.76,34.81
"Edgestream Partners, L.P.",,,,,,,,,,,,,,,,,,inf,-100.0,
Eisler Capital (UK) Ltd.,,,,,,,,,,,inf,-100.0,,,,,,,,
Eisler Capital (US) LLC,,,,,,,,,,,,,,,,,,,inf,-100.0
"Element Wealth, LLC",,,,,,,,,,,,,,,,,,,,inf
"Elite Wealth Management, Inc.",,,,,,,,,,,,,,inf,35.5,6.35,67.12,-31.77,42.22,91.76
"Ellevest, Inc.",,,,,,,inf,-28.57,180.0,-100.0,inf,-100.0,,,,,,,,inf
"Ellis Investment Partners, LLC",,,,,inf,566.67,-10.0,-33.33,-25.0,-22.22,-14.29,-100.0,,,,,,,,
"Elmwood Wealth Management, Inc.",,,,,inf,22.22,-100.0,inf,-100.0,,,,,,,,,,,
Elo Mutual Pension Insurance Co,,,,,,inf,155.33,-14.05,-17.53,-33.03,-13.82,-17.82,37.35,98.95,7.01,113909.06,41.53,12.85,74.29,94.26
"Elyxium Wealth, LLC",,,,,,,,,,,,,,,,,,,,inf
Embree Financial Group,,,,,,,,,,,,,,,,,,,inf,789.71
"Empirical Capital Management, LLC",,,inf,988.66,99.54,-43.4,-17.84,-24.25,-24.6,-31.97,-10.39,-100.0,,,,inf,34.03,153.93,67.68,43.78
"Empirical Financial Services, LLC d.b.a. Empirical Wealth Management",,,,,inf,-100.0,,,inf,-100.0,,,,,,,,,inf,120.61
"Empower Advisory Group, LLC",,,,,,,,,,,,,,,,inf,20.91,-24.95,91.8,94.97
"Empowered Funds, LLC",,,,,,,,,,inf,-6.52,-100.0,inf,-100.0,,,,,,
Enclave Advisors LLC,,,,,,,,,,,,,,,,,,,,inf
"Endowment Wealth Management, Inc.",,,,,,,,inf,-24.6,-33.93,-10.39,79281.9,31.62,69.88,4.37,-2.09,19.94,10.09,46.87,-91.52
"Endurance Wealth Management, Inc.",,,,,,,,,inf,-33.33,-55.56,-25.0,33.33,87.5,-100.0,,,,,
Engineers Gate Manager LP,,,,,,,,inf,-13.47,-100.0,,,inf,-23.98,-100.0,inf,15.44,-91.2,-100.0,inf
"Enlightenment Research, LLC",,,,inf,-100.0,inf,46.36,-100.0,,,,,,,,,,,,
"Ensign Peak Advisors, Inc",,,,,,,,inf,-72.2,-17.38,-15.84,74198.88,474.69,486.11,14.29,32.05,244.08,8.32,37.51,-0.31
"Entropy Technologies, LP",,,,,,,,,,,,,,,,,inf,-100.0,,
"EntryPoint Capital, LLC",,,,,,,,,,,,,,,,inf,9.32,-100.0,,inf
"Envestnet Portfolio Solutions, Inc.",,,,,,,,,,,,,,,inf,55.36,47.29,-18.63,68.69,138.65
Ergoteles LLC,,,,,,,,inf,-100.0,,,,,,,,,,,
Erste Asset Management GmbH,,,,,,,,,,,,,,,,,,,,
Estabrook Capital Management,,,,,,,,inf,-24.6,-33.94,-100.0,,,,,,,,,
"Estate Counselors, LLC",,,,,,,,,,,,,,,,inf,39.91,10.08,536.26,101.24
Ethic Inc.,,,,,,,,,,,inf,-100.0,inf,77.56,34.19,26.61,39.59,3.15,-3.05,436.82
"Ethos Financial Group, LLC",,,,,,,,,,,,inf,-100.0,,,,,,,inf
"Eudaimonia Partners, LLC",,,,,inf,-100.0,,,,,,,,,inf,17.66,31.47,-100.0,,
Eukles Asset Management,,,,,,,,,,,,,inf,82.35,3.23,6.25,35.29,10.87,45.1,104.05
"EverSource Wealth Advisors, LLC",,,,,,,,,,,inf,160400.0,117.22,110.01,2.18,167.27,4281.44,72.69,21.56,84.51
"Evercore Wealth Management, LLC",,,,,,,inf,-100.0,,,,,,inf,4.49,7.19,44.2,47.23,46.86,103.31
"Everhart Financial Group, Inc.",,,,,,,,,,,inf,-100.0,,inf,7.75,13.88,59.6,16.7,80.73,144.02
"Evoke Wealth, LLC",,,,,,inf,-9.36,-93.48,-25.0,-33.33,0.0,-100.0,,,,,,,,
"Evolution Wealth Advisors, LLC",,,,inf,200.0,-100.0,,,inf,-33.17,-4.88,50882.07,-53.02,82.73,23.13,6.11,90.3,10.63,-1.08,184.67
"Executive Wealth Management, LLC",,,,,,,,,,,,,,,,,,,inf,3.63
"ExodusPoint Capital Management, LP",,,inf,71.23,-100.0,,,,,,,,,,,inf,120.65,-100.0,,
Exos TFP Holdings LLC,,,,,,,,,,,inf,-100.0,,,,,,,,
F/M Investments LLC,,,,,,,,,,,,,inf,-100.0,,,,,,inf
"F3Logic, LLC",,,inf,-100.0,,,,,,,,,,,,,,,,
FACTORY MUTUAL INSURANCE CO,,,,,,,,,,,,,,,inf,7.31,34.01,10.08,70.31,65.5
"FAGAN ASSOCIATES, INC.",,,,,,,,,,,,,,,,,inf,48.48,48.96,99.01
"FAIRFIELD, BUSH & CO.",,,,,,,,,,,,,,,,,,,inf,100.16
FARMERS & MERCHANTS INVESTMENTS INC,,,,inf,150.0,-100.0,,,,,,,,,,,,inf,46.86,375.74
FARMERS & MERCHANTS TRUST Co OF LONG BEACH,,,,,,inf,-4.47,-100.0,,,,,,,,,,,,
FARMERS TRUST CO,,,,,,,,,,,,,,,,,,,inf,74.95
"FAS Wealth Partners, Inc.",,,,,,,,,,,,,,,,inf,34.01,10.08,51.02,608.26
FCF Advisors LLC,,,,,,,,,inf,-100.0,,,,,,,,,,
"FDx Advisors, Inc.",,,,,,inf,-100.0,inf,-100.0,,,,,,inf,1.58,-100.0,,,
FENIMORE ASSET MANAGEMENT INC,,,,,,inf,-100.0,,,,,,,,,,,,,
"FFG Partners, LLC",,,,,,,,,,,,,,,,,,,,inf
"FIDUCIARY FINANCIAL GROUP, LLC",,,,,,,,,,,,,,,,,,,,inf
"FIFTH LANE CAPITAL, LP",,,,,,,,,,,,,,,,,inf,21.09,-100.0,
FINANCIAL COUNSELORS INC,,,,,,,,,,,,,,,,,,,,inf
FINANCIAL PARTNERS CAPITAL MANAGEMENT LLC,,,,inf,0.59,13.46,-7.05,-23.54,-15.0,-23.26,-10.29,-26.99,-100.0,,,,,,,
"FIRETHORN WEALTH PARTNERS, LLC",,,,,,,,,,,inf,300.0,-100.0,,,,,,inf,-100.0
"FIRST BUSINESS FINANCIAL SERVICES, INC.",,,,,,,,inf,-24.87,-33.78,-10.2,-21.59,132295.65,81.42,4.37,-100.0,,inf,35.72,103.31
FIRST CITIZENS BANK & TRUST CO,,,,,,,,,,,,,,,,,inf,-100.0,,
FIRST COMMUNITY TRUST NA,,,,,,,,,,,,inf,84400.0,81.42,4.37,7.31,34.01,-100.0,,
FIRST FOUNDATION ADVISORS,,,,,,,,,,,,,,,,,,,,inf
FIRST MANHATTAN CO,,,,,,,inf,0.0,-100.0,,,,,,,,,,,
FIRST MANHATTAN CO. LLC.,,,,,,,,,,,,,,,,,,,,inf
"FIRST REPUBLIC INVESTMENT MANAGEMENT, INC.",,,inf,1166.53,18.92,300.11,19.56,-32.95,-56.04,-35.57,-6.55,107777.8,29.19,4.78,-100.0,,,,,
FIRST SABREPOINT CAPITAL MANAGEMENT LP,,,,,,,,,,,,,,,inf,-100.0,inf,-21.37,46.86,-100.0
FIRST TRUST ADVISORS LP,,,,inf,-11.79,135.41,-33.93,-7.21,-100.0,,inf,-100.0,inf,556.75,147.94,-4.31,2.28,61.21,34.77,179.01
FIRST UNITED BANK & TRUST,,,,,,,,,,,,,,,,inf,34.01,10.08,46.86,103.31
FISHMAN JAY A LTD/MI,,,,,,,,,,,,,,,,,,,inf,99.87
FJARDE AP-FONDEN /FOURTH SWEDISH NATIONAL PENSION FUND,,,,,,inf,144.29,-24.92,-19.7,52.39,-65.62,41324.79,72.59,-99.77,-0.08,6.8,38.54,-100.0,inf,97.2
"FLAGSHIP HARBOR ADVISORS, LLC",,,,,,,,,inf,-33.8,-10.64,124891.67,-7.17,83.42,-100.0,,,,inf,352.26
"FLAGSHIP WEALTH ADVISORS, LLC",,,,,,,,,,,,,,,,,,,,inf
"FLORIDA FINANCIAL ADVISORS, LLC",,,,,,,,,,,,,,,,,,,,inf
FLOYD FINANCIAL GROUP LLC,,,,,,,,,,,,,,,,,,,,inf
FLPUTNAM INVESTMENT MANAGEMENT CO,,,,,,,,,,,,,,,,,,inf,74.55,92.34
"FNY Investment Advisers, LLC",,,,,inf,-100.0,,,,,,inf,-53.33,-100.0,,inf,1023.81,-100.0,,
FOCUS FINANCIAL NETWORK INC /ADV,,,,,,,,,,,,,,,,inf,-100.0,,,
"FORA Capital, LLC",,,,,,,,,,,,,,,,,,,inf,-3.52
FORMULA GROWTH LTD,,,inf,-58.75,-24.13,13.17,-8.87,-24.27,-100.0,,,,,,,,,,,
FORSTA AP-FONDEN,,,,,,inf,127.47,-18.26,-28.3,-14.78,-3.73,84142.65,238.97,28.17,-23.19,-18.84,31.05,3.8,78.21,112.42
"FORTEM FINANCIAL GROUP, LLC",,,,,,,,,,,,,,inf,25.71,142.02,-31.51,13.09,185.62,2.62
"FORTRESS PRIVATE LEDGER, LLC",,,,,,,,,,,,,,,,,,,,inf
FOUNDERS FINANCIAL SECURITIES LLC,,,,,,inf,44.23,-18.33,-100.0,inf,-8.33,78878.79,53.24,87.82,9.28,12.28,31.6,12.26,38.59,118.2
"FOX RUN MANAGEMENT, L.L.C.",,,,,,,,inf,-37.65,-100.0,,inf,24.51,-100.0,,inf,-43.97,-100.0,,
"FPC INVESTMENT ADVISORY, INC.",,,,,,,,,,,,,,,,,,,,inf
"FRED ALGER MANAGEMENT, LLC",,,inf,-100.0,inf,85.0,-100.0,,,,,,,inf,-100.0,,inf,115.32,272.38,222.11
FRG Family Wealth Advisors LLC,,,,,,,,,,,,,,,,,inf,-100.0,,
FRONTIER CAPITAL MANAGEMENT CO LLC,,,,,,,,,,,,,,inf,-45.99,-38.0,169.13,89.14,30.11,65.6
FSA Wealth Management LLC,,,,,,,,,,,,,,,,inf,119211.11,-100.0,inf,68.45
"FSB PREMIER WEALTH MANAGEMENT, INC.",,,,,,,,inf,-100.0,,,,,,,,,,,
"FSM Wealth Advisors, LLC",,,,,,,,,,,,,,,,,,,,inf
FUKOKU MUTUAL LIFE INSURANCE Co,,,,,,inf,143.48,10.12,-12.97,-33.54,369.16,27241.24,31.62,44.8,-7.47,-9.24,34.01,10.08,83.86,94.26
"FWG Holdings, LLC",,,,,,,,,,,,,,,,,,,,inf
"FWL INVESTMENT MANAGEMENT, LLC",,,,,,,,,,,,,,,,,,inf,431.11,172.27
"Facet Wealth, Inc.",,,,,,,,,,,,,,,,,,,,inf
"Fairbanks Capital Management, Inc.",,,,,,,,,,,inf,78862.57,31.62,81.42,4.37,7.31,-100.0,,,inf
"Fairfield Financial Advisors, LTD",,,,,,,,,inf,-33.94,-10.36,-21.05,-100.0,,,,,,,inf
"Fairman Group, LLC",,,,,,,,,,,,,,,,,inf,-100.0,inf,-100.0
"Fairscale Capital, LLC",,,,,,,,,,,,,,,,,,inf,16.38,101.07
"Fairvoy Private Wealth, LLC",,,,,,,,,,,,,,,,,,,,inf
"Faithward Advisors, LLC",,,,,,,,,,,,,,,,inf,38313.4,10.09,35.36,82.91
Family Management Corp,,,,,,,,,,,,,,,,,,,,inf
Farmers & Merchants Trust Co of Chambersburg PA,,,,,,,,,,,,,,,,,inf,50.0,33.33,100.0
"Farther Finance Advisors, LLC",,,,,,,,,,,,inf,169.54,99.07,-12.29,225.03,41.59,60.86,63.02,263.39
Fedenia Advisers LLC,,,,,,,,,,,,,,,,,,,,inf
"Fernwood Investment Management, LLC",,,,,,,inf,-24.5,-8.44,-33.98,-12.5,70034.45,32.38,81.53,84.28,-43.82,33.5,2.52,46.27,83.11
"Fi3 FINANCIAL ADVISORS, LLC",,,,,,,,,,,,,,,,,,,,inf
"Fidelis Capital Partners, LLC",,,,,,,,,,,,,,,,,inf,-28.05,134.1,358.8
Fiduciary Alliance LLC,,,,,,,,,,,,inf,34.88,81.62,6.6,8.41,47.65,66.51,67.29,181.02
Fiduciary Planning LLC,,,,,,,,,,,,,,,,,,,,inf
Fiduciary Trust Co,,,,,,,,,,,,,,,,,,inf,46.86,2435.24
Fielder Capital Group LLC,,,,,,,,,,,,,,,,inf,-7.26,-0.42,52.22,48.99
"Fieldpoint Private Securities, LLC",,,,,,,inf,-98.96,-62.5,-100.0,,,,,,,,,,
Fifth Third Wealth Advisors LLC,,,,,,,,,,,,,,,,,,inf,291.39,105.97
"FinTrust Capital Advisors, LLC",,,inf,-93.85,0.0,100.0,991.67,-93.89,-25.0,-58.33,-20.0,30075.0,0.0,0.0,-100.0,,,,,
"Financial Advisors Network, Inc.",,,,,,,,,,,,,,,,,,,,inf
Financial Advisory Group,,,,,,,,,inf,-100.0,,,,,,,,,,
Financial Advocates Investment Management,,,,inf,62.5,-21.95,-17.07,-4.93,-1.52,-38.7,61.11,34670.53,108.88,111.73,52.19,22.62,32.88,12.26,44.12,48.33
"Financial Architects, Inc",,,,,inf,13.95,-8.78,-100.0,inf,-100.0,inf,78944.67,31.74,81.42,-100.0,,,,,
"Financial Avengers, Inc.",,,,,,,,,,,,,,,,,,inf,46.85,103.31
"Financial Connections Group, Inc.",,,,,,,,inf,-25.0,-33.33,0.0,-33.33,-25.0,266.67,0.0,9.09,41.67,5.88,44.44,107.69
Financial Engines Advisors L.L.C.,,,inf,177.16,89.38,-45.26,-100.0,,,,,,,,,,,,inf,109.31
"Financial Freedom, LLC",,,,,,,,,,,,inf,31.62,-81.85,4.3,7.37,33.99,10.08,46.8,103.33
"Financial Gravity Asset Management, Inc.",,,,,,,,,,,,,,inf,-100.0,inf,228.25,-100.0,,
"Financial Gravity Companies, Inc.",,,,,,,,,,,,,,,,,,,,inf
"Financial Management Professionals, Inc.",,,,inf,0.0,0.0,0.0,-20.0,-25.0,-33.33,0.0,-50.0,100.0,50.0,0.0,0.0,66.67,20.0,16.67,586571.43
Financial Network Wealth Advisors LLC,,,,,,,,,,,,,,,,,,,inf,396.64
"Financial Perspectives, Inc",,,,inf,-88.5,2807.9,-8.8,-67.57,-24.6,-33.94,-10.36,-21.03,31.62,81.42,4.37,7.31,34.01,10.08,46.86,122.0
"Financial Security Advisor, Inc.",,,,,,,,,,,,,,,,,,,,inf
"Financial Sense Advisors, Inc.",,,,,,,,,,,,,,inf,34.19,30.36,42.18,10.08,140.55,165.37
"Financial Synergies Wealth Advisors, Inc.",,,,,,,,,,inf,-100.0,,,,,,inf,-100.0,,inf
Financially Speaking Inc,,,,,,,,,,,,,,,,,,,,inf
FineMark National Bank & Trust,,,,,inf,16.42,-8.74,-24.81,-26.77,-32.02,-10.47,-100.0,,,,,,inf,67.5,92.27
"First Business Financial Services, Inc.",,,,,,,,,,,,,,,,inf,134.01,-100.0,,
"First Capital Advisors Group, LLC.",,,,,,,,,,,,,,inf,-100.0,,,,,
"First Command Advisory Services, Inc.",,,,,,,,,,,,,,,,,,,,inf
First Dallas Securities Inc.,,,,,,,,,,,,,,,,,,,,inf
"First Horizon Advisors, Inc.",,,,,inf,110.87,307.22,-87.85,-100.0,inf,-60.0,28775.0,470.65,748.25,-16.09,16.46,48.54,17.7,63.45,43.92
First National Trust Co,,,,,inf,86.7,-6.67,25.37,-25.15,-32.28,-17.83,78877.83,6.39,81.42,4.37,-21.45,34.01,10.08,54.09,143.7
First PREMIER Bank,,,,,,,,,,,,,,,,,,,,inf
"First Pacific Advisors, LP",,,,inf,12.62,47.41,-8.77,-24.36,-49.15,-33.33,-12.5,-100.0,,,,,,,,
First Personal Financial Services,,,,,,,,,,,inf,-100.0,,,,inf,-100.0,,inf,-100.0
First Trust Direct Indexing L.P.,,,,,,,,,,,,,,,inf,41.08,92.79,44.88,72.84,-100.0
First Trust Investment Solutions L.P.,,,,,,,,,,,,,,,,inf,-100.0,inf,71.35,-100.0
"Firsthand Capital Management, Inc.",,,,,,,,,,,,,,,inf,-100.0,inf,-6.43,46.86,79.39
"Fisher Asset Management, LLC",,,,,,,,,,,,,,,,inf,-100.0,,,inf
Fjarde AP-fonden (The Fourth Swedish National Pensionfund),,,,,,,,,,,,,,,,,,inf,-100.0,
"Flagship Private Wealth, LLC",,,,inf,-100.0,,,,,,,,,,,,,,,
"Flaharty Asset Management, LLC",,,,,,,,,,,,,,,inf,-100.0,,,inf,-100.0
"Focus Financial Network, Inc.",,,,,,,,,inf,-30.93,-10.36,-100.0,,,,,,,inf,148.18
Focus Partners Wealth,,,,,,,,,,,,,,,,,,,,inf
"Focused Wealth Management, Inc",,,inf,125.0,3322.22,162.66,-6.92,-14.34,-28.99,-3.49,4.98,27800.65,118.18,-42.73,3.63,7.31,51.98,51.89,2.57,102.97
"Forbes Financial Planning, Inc.",,,,,,,,,,,,,,,,,,,,inf
"Formidable Asset Management, LLC",,,,,,inf,-10.14,-19.76,-9.55,61.11,-57.93,-29.51,45.35,-100.0,,,,,,inf
"FormulaFolio Investments, LLC",,,,inf,-100.0,,,,,,,,,,,,,,,
Fort Point Capital Partners LLC,,,,,,,,,,,,,,,,,,,,inf
Fort Sheridan Advisors LLC,,,,,,,,,,,,,,,,,,,inf,11.74
"Fortis Capital Advisors, LLC",,,,,,,,,,,,,,,,,,,inf,-31.42
Fortis Capital Management LLC,,,,,,,,,inf,-33.47,-10.83,86602.14,28.81,61.08,-100.0,inf,22.27,29.2,24.25,181.6
"Fortis Group Advisors, LLC",,,,,,,,,,,,,,,,,inf,10.09,13720.24,107.24
Fortitude Advisory Group L.L.C.,,,,,,,,inf,107.69,-100.0,,,,,,,,,,
"Fortitude Family Office, LLC",,,,,,,,,,,,,,,,inf,41.06,35.34,11.73,103.3
"Forum Financial Management, LP",,,,,,,,,inf,-36.26,-3.97,77954.4,31.62,39.36,216.86,6.08,29.98,34.4,39.18,284.28
"Foster Group, Inc.",,,,inf,297.55,-9.46,-21.95,-24.25,-24.6,-73.88,-10.14,78366.67,31.99,81.78,4.41,0.0,45.21,9.58,48.13,81.47
"Foster Victor Wealth Advisors, LLC",,,,,,,,,,,,,,inf,21.6,1167.39,22.46,51.59,17.25,-97.36
"Foundation Wealth Management, LLC",,,,,,,,,,,,,,,,,,,inf,66.48
"Foundations Investment Advisors, LLC",,,,,,inf,49.84,-9.02,-13.44,-22.63,-14.8,65475.05,21.91,59.12,-49.65,102.88,-0.81,155.2,39.97,125.63
Founders Capital Management,,,,,,,,,,,,,,,,,,,inf,103.31
"Founders Financial Alliance, LLC",,,,,,,,,,,,,,,,,,,,inf
"Founders Fund II Management, LLC",,,,inf,50942.59,-100.0,,,,,,,,,,,,,,
"Founders Fund Ill Management, LLC",,,,,inf,-100.0,,,,,,,,,,,,,,
"Fountainhead AM, LLC",,,,,,,,,,,,,,,,,,,inf,205.81
"FourThought Financial Partners, LLC",,,,,,,,,,,,,,,,,,,,inf
"FourThought Financial, LLC",,,,inf,0.0,0.0,0.0,-100.0,,,,,,,,,,,,
"Fourth Dimension Wealth, LLC",,,,,,,,,,,,,,,,,,,,inf
Fox Hill Wealth Management,,,,,,,,,,,,,,,,,,,inf,98.61
Fragasso Financial Advisors Inc,,,,,,,,,,,,,,,,,,,inf,223.4
Fragasso Group Inc.,,,,inf,6.55,34.25,121.49,-28.99,22.27,-95.86,-28.32,-100.0,,inf,-100.0,,,,,
Franchise Capital Ltd,,,,,,,,,,,,,,,,,,,,inf
"Frank, Rimerman Advisors LLC",,,,,inf,7.13,-8.53,-100.0,,,,,inf,81.42,-100.0,inf,30.48,117.14,181.29,94.12
"Frazier Financial Advisors, LLC",,,,,,,,,,,,,,,,inf,34.02,-100.0,,
"Freedom Investment Management, Inc.",,,,,,,,,,,,,,,inf,4.46,7.12,13.3,8.13,122.21
Friedenthal Financial,,,,,,,,,,,,,,,,,,,inf,-6.28
"Frisch Financial Group, Inc.",,,,,,,inf,-100.0,,,,,,,,,,,,inf
Front Row Advisors LLC,,,,,,,,,,,,,,,,,inf,10.09,46.86,103.31
Frontier Wealth Management LLC,,,,,,,,,inf,64.32,-100.0,,,,,,,,,
Fund Management at Engine No. 1 LLC,,,,,,,,,inf,-19.35,-8.67,90843.8,44.99,98.07,21.76,-100.0,,,,
GABELLI FUNDS LLC,,,,,,,,,,,,,,,,,,,,inf
GABLES CAPITAL MANAGEMENT INC.,,,inf,115.79,-29.27,13.79,883.33,-20.65,-24.47,-26.99,1.76,86536.68,70.43,128.48,32.02,5.98,39.07,10.55,46.77,100.6
GAGNON SECURITIES LLC,,,inf,201.67,-2.9,-100.0,,,,,,,,,,,,,,
"GAMCO INVESTORS, INC. ET AL",,,inf,345.38,0.94,23.18,-8.65,-26.25,60.81,-73.67,73.4,78673.01,130.33,288.76,-33.9,28.3,39.35,8.75,46.46,0.26
GARDA CAPITAL PARTNERS LP,,,,,,,,,,,,,,,,,,inf,870.4,-66.19
"GARRISON POINT ADVISORS, LLC",,,,,,,,,,,,,,inf,4.37,7.31,34.01,10.08,46.86,103.31
GATEWAY INVESTMENT ADVISERS LLC,,,,,,,,,,,,,,,,,,,,inf
"GC Wealth Management RIA, LLC",,,,,,,,,,,,,,,,,,,,inf
GF FUND MANAGEMENT CO. LTD.,,,,,,,,,,,,,,,,,,,,inf
"GFS Advisors, LLC",,,,,inf,-39.7,-1.25,39.66,-7.85,-32.13,204.35,79900.0,29.56,76.88,22.94,17.82,54.99,11.53,44.02,70.08
"GHP Investment Advisors, Inc.",,,,,,,,,inf,-35.71,77.78,40425.0,31.63,82.37,12.65,-1.1,18.75,10.09,50.14,114.2
GILDER GAGNON HOWE & CO LLC,,,,,,,,,,,,,,,,,inf,10.66,-37.6,75.2
GLENMEDE TRUST CO NA,,,inf,2041.18,328.02,15.28,-18.93,-100.0,inf,-100.0,,,,,,inf,21.61,0.43,178.3,201.46
GLOBALT Investments LLC / GA,,,,,,,,,,,,,,,,,,inf,51.6,100.26
GLUSKIN SHEFF & ASSOC INC,,,,,,,inf,-100.0,,,,,,,,,,,,
GLYNN CAPITAL MANAGEMENT LLC,,,,,inf,11.52,-8.8,-24.25,-24.6,-57.7,-10.36,78864.53,-100.0,,,,,,,
"GM Advisory Group, Inc.",,,,,inf,0.0,-8.77,-100.0,,,,,,,,,,,,
"GM Advisory Group, LLC",,,,,,,,,,,,,,,,,,,inf,103.2
GMT CAPITAL CORP,,,,,,,,,,inf,-10.36,-100.0,inf,81.42,4.37,-100.0,,,,
"GODSEY & GIBB, INC",,,,,,,,,,,,,,,,,,,inf,103.33
"GPS Wealth Strategies Group, LLC",,,,,inf,146.0,-7.32,-27.19,110.84,-41.71,-11.76,78188.89,25.81,79.43,4.37,95.18,69.15,10.29,63.2,114.12
GRAND JEAN CAPITAL MANAGEMENT INC,,,,,,,,,,,,,,,,,,,,inf
"GREAT LAKES ADVISORS, LLC",,,,,,,,,,,,,,,,inf,28.31,-14.96,44.65,102.73
"GREAT VALLEY ADVISOR GROUP, INC.",,,,,inf,25.85,-1.27,4.73,-21.44,-34.0,-8.59,82914.31,25.71,88.6,-3.7,16.3,48.9,10.84,28.93,10.46
GREENWOOD CAPITAL ASSOCIATES LLC,,,,,,,,,,,,,,,,,,inf,-92.93,-100.0
GREYLIN INVESTMENT MANGEMENT INC,,,,inf,-32.9,-51.44,-9.27,-27.33,-100.0,,,,,,,,,,,
"GRIFFIN ASSET MANAGEMENT, INC.",,,,,,,,,,,,,,,,,inf,10.12,31.64,-38.16
GROUP ONE TRADING LLC,,,,,,,,,,,,,,,,,,,inf,141.87
"GROUP ONE TRADING, L.P.",,,,inf,21.77,10.05,-1.18,-21.88,-7.79,-60.68,-30.55,77439.06,-30.9,180.54,10.59,6.24,-48.74,12.22,-100.0,
GROUPAMA ASSET MANAGMENT,,,,,,,,,,,,,,,,,,,,inf
GSA CAPITAL PARTNERS LLP,,,,,inf,-100.0,inf,15.76,-8.64,-100.0,,inf,40.52,243.72,-100.0,inf,-100.0,inf,-60.31,-100.0
"GSB Wealth Management, LLC",,,,,inf,-100.0,,,,,,inf,145.91,-17.46,-9.44,7.31,40.2,93.9,10.02,-14.12
GSG Advisors LLC,,,,,,,,,,,,,,,,,,,,inf
GUARDIAN CAPITAL ADVISORS LP,,,,,,,,,,,,,,,,,,inf,94.44,-100.0
"GUARDIAN WEALTH ADVISORS, LLC / NC",,,,,,,,,,,,,,,,,,,,inf
GUYASUTA INVESTMENT ADVISORS INC,,,,,,,,,inf,-100.0,,,,,,,,,inf,102.68
"GW&K Investment Management, LLC",,,,,,,,,,,,,,,,,,,inf,7700.0
GWM Advisors LLC,,,,,inf,215.91,-24.37,-100.0,,,,,,,,,,,,
GWN SECURITIES INC.,,,,,,,,,,,,,,,,,,,,inf
"GYL Financial Synergies, LLC",,,,,,,,,,,,,inf,47.41,-0.5,-2.83,35.56,7.92,-14.78,-100.0
"GYROSCOPE CAPITAL MANAGEMENT GROUP, LLC",,,,,,,,,,,inf,78866.79,31.62,81.42,4.37,-100.0,,,,
Gainplan LLC,,,,,,,,,,,,,,,,,,,,inf
"Gallagher Fiduciary Advisors, LLC",,,,,,,,,,,,,,,,,inf,33.64,49.45,103.46
"Game Plan Financial Advisors, LLC",,,,inf,47.39,20.37,9.51,-27.08,32.92,-25.96,84.88,77848.32,-100.0,,,inf,12.37,16.86,106.28,110.34
"Garde Capital, Inc.",,,inf,215.56,-9.49,13.62,-61.75,48.59,-36.29,-40.4,-10.56,-100.0,inf,219.84,13.4,-5.03,117.28,10.29,46.92,101.96
Garden State Investment Advisory Services LLC,,,,,,,,,,,,inf,45.91,99.18,24.85,28.24,21.84,50.16,1458.14,-86.1
Garner Asset Management Corp,,,,,,,,,,,,,,,,inf,-100.0,,,
"Garrett Wealth Advisory Group, LLC",,,,,,,,,,,,,,,,,,,,inf
Geller Advisors LLC,,,,,,,,,,,,,,,,,,,,inf
Gemmer Asset Management LLC,,,,inf,766.67,15.38,-90.0,66.67,-40.0,-100.0,,,,,,,,,,
Gen-Wealth Partners Inc,,,,,,,,,,,,,,,,,inf,-39.37,200.59,73.94
"GenTrust, LLC",,,,,inf,11.27,-8.86,-100.0,,,,,,,,,,inf,130.42,103.31
Geneos Wealth Management Inc.,,,,inf,8.94,-26.67,28.67,29.62,74.0,37.35,-23.95,80532.06,26.21,49.6,-28.77,-79.41,44.02,25.29,51.31,106.11
Generali Investments Towarzystwo Funduszy Inwestycyjnych,,,,,,,,,inf,-23.37,23.64,2.66,145.52,-36.41,-100.0,,,,,
"Generali Investments, Management Co LLC",,,,,,,,,,,,,,,,,,,,inf
Generali Powszechne Towarzystwo Emerytalne,,,,,,,,,,,,,,,,,inf,63.79,46.86,64.14
Genus Capital Management Inc.,,,,,,,,,,,,,,,,inf,-100.0,,,inf
"GeoWealth Management, LLC",,,,,,,,,,,,,,,,,,,inf,103.31
Gerber Kawasaki Wealth & Investment Management,,,,,inf,-100.0,inf,1925.0,-20.99,21.09,-62.26,84128.21,136.14,-11.38,-15.85,12.74,31.08,14.41,41.85,119.7
Ghisallo Capital Management LLC,,,,,,,inf,-100.0,,,,,,,,,,,inf,-100.0
"Gibraltar Capital Management, Inc.",,,,,,,,,,,,,,,,,,,,inf
Gilliland Jeter Wealth Management LLC,,,,,,,,,,,,,,,,,,inf,46.86,-100.0
Gladstone Institutional Advisory LLC,,,,,inf,162.5,-6.23,-32.81,-26.74,-37.7,-14.65,28962.31,311.4,80.42,-100.0,,,inf,959.14,31.63
Glass Jacobson Investment Advisors llc,,,,,,,,,,,,inf,-100.0,,inf,7.31,34.01,10.08,427.14,96.08
Glassman Wealth Services,,,inf,1766.67,552.38,-34.03,-75.24,-93.85,427.27,-8.62,-11.32,66093.62,-68.66,91.96,319.1,9.22,-100.0,,,
"Glen Eagle Advisors, LLC",,,,,inf,150.19,-2.29,-81.48,-72.58,167.66,-10.37,-21.04,31.6,81.45,1034.79,19.49,-73.49,10.08,46.86,157.79
Glenview Trust co,,,,,,,,,,,,,,,,,,,,inf
"Global Assets Advisory, LLC",,,,,,,,,,,,,,,inf,13.54,-94.14,-100.0,inf,82.22
"Global Financial Private Client, LLC",,,,,inf,386.63,-78.33,-25.15,-24.05,-32.97,-11.11,-22.09,30.53,-100.0,inf,15.49,49.07,20.15,46.86,101.96
"Global Retirement Partners, LLC",,,inf,310.53,60.26,-4.8,0.0,-100.0,inf,61.02,-12.63,74008.43,-1.56,86.32,-11.33,54.37,87.37,52.76,192.96,267.84
"Global Strategic Investment Solutions, LLC",,,,,,,,,,,,,,inf,62.43,20.1,41.15,21.33,50.91,82.9
"Global Trust Asset Management, LLC",,,,,,inf,-8.81,92.44,65.94,-77.5,-9.94,139643.51,31.78,91.96,5.19,7.31,31.39,13.22,74.3,120.77
"Global Wealth Management Investment Advisory, Inc.",,,inf,1183.33,110.39,46.91,-27.73,-22.09,-58.21,-37.5,-100.0,,,inf,-5.09,134.79,-100.0,,,inf
Global Wealth Strategies & Associates,,,,,,,,,,,,inf,31.61,81.42,4.37,7.32,34.0,10.08,46.86,168.92
GoalVest Advisory LLC,,,,,,,,,,,,,,,inf,-100.0,inf,14.35,46.31,103.31
Golden State Equity Partners,,,,,inf,65.45,-100.0,,inf,-100.0,,,inf,89.73,-2.56,12.29,-100.0,inf,60.25,160.5
"Golden State Wealth Management, LLC",,,,,,,,,,,,,,,,,,,,inf
"Good Life Advisors, LLC",,,,,inf,-2.3,0.39,-21.09,-18.81,-100.0,inf,-100.0,,,inf,9.94,30.88,11.2,57.56,167.08
"Goodman Advisory Group, LLC",,,,,,,,inf,-11.58,-100.0,,,,,,,,,,
Goodman Financial Corp,,,,,,,,,,,,,,,,,,,,inf
Gordian Capital Singapore Pte Ltd,,,,,,,,inf,-56.92,0.0,17.86,-57.58,28.57,181733.33,204.8,-61.53,369.79,-71.41,46.86,303.14
"Gotham Asset Management, LLC",,,,inf,-100.0,,inf,-100.0,,,,,inf,441.02,-92.47,1940.91,34.9,-60.56,266.13,49.22
"Gould Capital, LLC",,,,,,,,,,,,,,,,,,,inf,103.32
Gradient Investments LLC,,,inf,0.0,150.0,20.0,-8.33,36.36,-26.67,-36.36,-28.57,20820.0,31.64,84.82,29.51,168.81,393.44,33.61,-100.0,
"Graham Capital Management, L.P.",,,,,inf,-100.0,inf,-24.83,-100.0,,,,,inf,-100.0,inf,-16.31,-76.62,-100.0,
"Grange Capital, LLC",,,,,,,,,,,,,,,,,,,,inf
"Granite Bay Wealth Management, LLC",,,,,,,,,,,,,,,,,,inf,-100.0,
GraniteShares Advisors LLC,,,,,,,,inf,-17.54,-100.0,,,,,,,,inf,18.12,17.25
Grant Private Wealth Management Inc,,,,,,,,,,,,,,,,,,,,inf
Gratus Capital LLC,,,,,,,inf,-100.0,,,,,,,,,,,,
Graypoint LLC,,,,,inf,-24.53,-100.0,,,,,inf,-100.0,,,,,,inf,227.93
"Greater Midwest Financial Group, LLC",,,,,,,,,,,,,,,,inf,48.64,47.36,20.34,14.05
Greenhouse Funds LLLP,,,,,,,,,inf,-100.0,,,,,,,,,,
"Greenline Partners, LLC",,,,,,,,inf,-26.36,-34.8,-10.38,78874.1,19.36,59.68,-9.73,-15.76,-100.0,,,
Greenwich Wealth Management LLC,,,,,,inf,-6.9,-24.78,136.01,-34.97,-10.36,-21.3,32.95,83.73,3.57,8.22,38.7,11.15,45.41,101.82
"Grey Fox Wealth Advisors, LLC",,,,,,,,,,,,inf,8.91,-100.0,,,,,,
Greytown Advisors Inc.,,,,,,inf,-100.0,,,,,,,,,,,,,
"Ground Swell Capital, LLC",,,,,,,,,,,,,,,,,,,,inf
Grove Bank & Trust,,,,,,,,,,,,,,,inf,-100.0,inf,670.58,46.86,52.36
Gryphon Financial Partners LLC,,,,,,,,,,,,,,,,,inf,10.07,-95.23,132.92
"Guardian Asset Advisors, LLC",,,,,,,,,,,,,,,,,,,,inf
Guardian Partners Inc.,,,,,,,,,,,,,,,,,,,,inf
"Guardian Wealth Advisors, LLC",,,,,,,,,,,inf,-100.0,,,,,,,,
Guerra Advisors Inc,,,,,,,,,,,,,,,,,,,,inf
"Guided Capital Wealth Management, LLC",,,,,,,,,,,,,,,,,,,,inf
Gulf International Bank (UK) Ltd,,,,,,inf,190.97,-36.95,-24.62,-32.77,-11.93,-21.04,7.62,50.76,-6.6,-1.31,34.85,9.49,56.66,101.65
Gunderson Capital Management Inc.,,,,,,,,,,,,,,,,,,,inf,439.54
"HAGER INVESTMENT MANAGEMENT SERVICES, LLC",,,,,,,,,,,,,,,,,,,,inf
HALLMARK CAPITAL MANAGEMENT INC,,,,,,,,,,,,,,,,,,,,
HAMILTON LANE ADVISORS LLC,,,,,inf,-26.67,-100.0,,,,,,,,,,,,,
"HANTZ FINANCIAL SERVICES, INC.",,,,,,inf,-100.0,,inf,-33.33,0.0,100.0,25.0,120.0,18.18,7.69,35.71,152.63,100.0,180.21
"HAP Trading, LLC",,,,inf,334.05,12.31,-14.68,-75.55,274.87,-52.79,-14.72,-69.01,-79.75,659007.64,0.24,-17.83,-59.92,216.83,124.27,303.06
"HARBOR CAPITAL ADVISORS, INC.",,,,,,,,,inf,8.28,-55.29,83731.58,116.99,81.42,4.37,15.37,-100.0,,,
"HARBOR INVESTMENT ADVISORY, LLC",,,,inf,16.43,15.18,-10.65,-25.19,-53.39,-87.18,-10.0,79292.59,30.08,56.68,4.37,3.36,56.62,5.0,53.29,319.09
"HARBOUR INVESTMENTS, INC.",,,,,inf,28.42,-7.9,-43.21,-100.0,inf,0.0,71353.73,28.98,43.37,1.2,0.56,50.44,18.84,58.14,158.06
"HARRELL INVESTMENT PARTNERS, LLC",,,,,,,,,,,,,,,,,,,,inf
HARTFORD INVESTMENT MANAGEMENT CO,,,,,,,,,,inf,14.29,-100.0,,,,,,,inf,103.12
HARTLINE INVESTMENT CORP/,,,,,,,,,,,,,,,,,,inf,608.89,170.53
"HAZLETT, BURT & WATSON, INC.",,,,,,,,,,,,,,,,,,,inf,772.73
"HB Wealth Management, LLC",,,,,,,,,,,,inf,-100.0,,inf,-30.58,28.62,54.44,87.24,168.79
"HBC Financial Services, PLLC",,,,,inf,-99.91,0.0,-50.0,111200.0,-8.54,-100.0,,,,,,inf,0.0,100.0,50.0
HBK INVESTMENTS L P,,,,,inf,-100.0,,,,,,,,,,,,,inf,-100.0
HBK Sorce Advisory LLC,,,,,inf,-100.0,,inf,-15.67,-80.15,403.21,47.77,34791.29,45.48,6.94,6.33,40.7,7.56,57.27,120.19
HBW ADVISORY SERVICES LLC,,,,,,,,,,,,,,,,,,inf,52.14,120.53
HC FINANCIAL ADVISORS INC,,,,,,,,,,inf,-100.0,,,,,,,,,
HCR Wealth Advisors,,,,,,,inf,-25.19,-24.75,-34.21,-10.0,78887.78,31.62,81.42,4.37,24.27,31.4,-100.0,,
"HEADINVEST, LLC",,,,,,,,,,,,,,,inf,-100.0,,,,
HEALTHCARE OF ONTARIO PENSION PLAN TRUST FUND,,,,,,,inf,-100.0,inf,-100.0,,inf,29.53,-100.0,,,,,,inf
HERITAGE OAK WEALTH ADVISORS LLC,,,,,,,,,,,,,,,,,,,inf,-100.0
"HERITAGE WEALTH MANAGEMENT, LLC",,,,,,inf,-44.44,-100.0,inf,67950.0,-99.93,192500.0,-100.0,,,,,,,
"HHM Wealth Advisors, LLC",,,,inf,0.0,16.67,0.0,-28.57,-20.0,-25.0,-33.33,88500.0,2020.15,81.26,4.37,31.47,9.39,10.08,54.43,124.72
HIGHBRIDGE CAPITAL MANAGEMENT LLC,,,inf,227677.78,-100.0,,,,,,,,,,,,,,,
"HIGHLAND CAPITAL MANAGEMENT, LLC",,,,,,,,,,,,,,,,inf,-100.0,,inf,5.16
HIGHLINE WEALTH PARTNERS LLC,,,,,,,,,,,,,,,,,inf,36.51,62.85,126.96
HM PAYSON & CO,,,,inf,0.0,0.0,0.0,-100.0,,,,inf,32.5,81.13,4.17,7.5,33.95,10.07,1982.97,103.31
"HMV Wealth Advisors, LLC",,,,,,,,,,,,,,,,,,,,inf
"HOEY INVESTMENTS, INC",,,,inf,-45.02,5.43,-4.72,-33.33,-43.24,111.9,139.33,36671.83,335.45,191.01,-100.0,,inf,319.77,0.0,1747.9
"HOHIMER WEALTH MANAGEMENT, LLC",,,,,inf,68.15,-9.16,-24.44,-18.4,-52.0,-10.61,78838.98,31.62,30.74,-100.0,,,,,inf
HOLDERNESS INVESTMENTS CO,,,,,,,,,,,,,,,,,,,,inf
HOLLENCREST CAPITAL MANAGEMENT,,,,,inf,27.31,-17.35,-22.75,-19.66,-36.16,-10.4,70442.58,31.54,81.42,0.88,70.15,-22.35,16.06,21.32,284.38
HORIZON BANCORP INC /IN/,,,,,,,,,,,,,,,inf,0.0,-100.0,,,
"HOWARD FINANCIAL SERVICES, LTD.",,,,,,inf,-34.4,-26.02,-24.73,-32.85,-11.96,79690.12,31.62,81.42,8.0,7.33,49.54,10.08,77.87,110.32
"HOWARD WEALTH MANAGEMENT, LLC",,,,,,,,,,,,inf,32.25,42.75,4.05,7.64,34.01,10.07,46.86,104.48
HOWE & RUSLING INC,,,inf,200.0,-66.67,-50.0,0.0,0.0,0.0,1400.0,-6.67,-100.0,,,,,,,,inf
HOWLAND CAPITAL MANAGEMENT LLC,,,,,,,,,,,,,,,,,,,,inf
"HOYLECOHEN, LLC",,,,,,,,,,,,,,,,,inf,91.46,-100.0,
HSBC HOLDINGS PLC,,,,inf,-44.34,147.45,103.26,-21.54,-27.12,-52.64,-12.99,175622.72,39.64,74.66,-5.01,-11.5,42.29,12.53,288.78,122.23
HTLF Bank,,,,,,,,,,,,,,,,,,,,inf
"HUB Investment Partners, LLC",,,,,,,,,,,,,,,,,,,,inf
"HUSSMAN STRATEGIC ADVISORS, INC.",,,,,,,,,,,,,,,inf,-46.34,-100.0,,,
"Halpern Financial, Inc.",,,,,,,,inf,-24.6,-100.0,inf,-100.0,,,inf,0.56,103.16,11.59,48.01,-100.0
Handelsbanken Fonder AB,,,,,,,,,,inf,-17.02,-2.69,58.54,182.73,4.63,-100.0,,,,
Harbor Advisors LLC,,,,,,,,,,,,,,inf,-47.81,7.31,34.01,10.08,46.86,103.31
"Harbour Capital Advisors, LLC",,,,,,,,,,,,,,,,inf,36.45,-34.43,203.67,85.07
Harbour Trust & Investment Management Co,,,,,,,,,,,,,,,,,,,,inf
Hartford Financial Management Inc.,,,,,inf,13.79,-9.09,-23.33,-26.09,-35.29,-9.09,80150.0,31.63,81.42,4.37,7.32,34.01,10.08,46.86,103.31
"Harvest Fund Management Co., Ltd",,,,inf,-1.1,-89.39,0.0,-100.0,,,,,inf,309.38,-45.04,209.03,96.18,104825.54,-99.62,429.05
"Harvest Investment Services, LLC",,,,,,,,,,,,,,,,inf,174.48,2.59,11.47,154.35
"Haven Private, LLC",,,,,,,,,,,,,,,,,,,,inf
"Hayden Royal, LLC",,,,,,inf,-100.0,,,,,,,,,,,,,
Headlands Technologies LLC,,,,,,,,,,,,inf,-100.0,,,,,,inf,-84.27
Heard Capital LLC,,,,,,,,,,,,,,,,,,,,inf
Heartland Bank & Trust Co,,,,,,,,,,,,,,,,,,,,inf
"Heck Capital Advisors, LLC",,,,,,,,,,,,,,,,,,,,inf
"Hedeker Wealth, LLC",,,,,,inf,-8.8,-24.25,14.38,-30.72,-11.3,70518.03,38.05,56.67,-2.4,7.43,33.37,10.93,38.23,63.38
Hemington Wealth Management,,,,,,,,,,,,,,,,,,,inf,183.33
Hendershot Investments Inc.,,,,,,,,,,,,,,,,,,,,inf
"Henrickson Nauta Wealth Advisors, Inc.",,,,,,,,,,,,,,,,,,,,
Heritage Wealth Advisors,,,,,inf,12.9,-100.0,,,,,,,,,,,,inf,103.24
"Heritage Wealth Management, Inc.",,,,,,,,,,,,,,,,,,,,inf
"Heritage Wealth Management, Inc. /CA/",,,,,,,,,,,,,,,,,,,inf,104.09
"Herold Advisors, Inc.",,,,,,,inf,-100.0,inf,-100.0,,,,,,,,,,
Hexagon Capital Partners LLC,,,,,inf,-50.0,-8.89,-24.39,280.65,-27.97,-4.71,66874.07,32.98,108.73,8.62,9.83,4.87,12.88,-2.86,175.5
High Net Worth Advisory Group LLC,,,,,,,,inf,-100.0,,,,,,,,inf,-2.29,-100.0,
"High Note Wealth, LLC",,,,,,,,,,,,,,,,inf,57.13,44.86,47.05,-100.0
HighMark Wealth Management LLC,,,,,,,,,,inf,-100.0,,,,,,inf,214.56,-3.26,252.75
HighPoint Advisor Group LLC,,,,inf,11.44,13.42,-31.55,-100.0,,inf,-100.0,,,,,inf,-99.89,23.54,182218.11,230.72
"HighTower Advisors, LLC",,,inf,242.83,23.53,48.76,18.04,-23.48,-17.43,14.46,-24.31,24896.62,25.41,81.87,50.65,35.25,-0.89,-0.52,79.96,104.78
"Highlander Capital Management, LLC",,,,,,inf,-100.0,,,,,,,,inf,176689.29,-84.52,-100.0,,
Hilltop National Bank,,,,,,,,,,,,,,,,,,,inf,-100.0
Hirtle Callaghan & Co LLC,,,,,inf,-100.0,,,,,,,,,,,,,,
"Hobbs Group Advisors, LLC",,,,,,,,,,,,,,,,inf,-100.0,inf,-82.25,-100.0
Hodges Capital Management Inc.,,,,,,,,,,,,,,,,,,,,inf
Holistic Financial Partners,,,,,inf,26.64,-8.74,-24.11,-100.0,,,,,,,,,,,
"Holocene Advisors, LP",,,,inf,-100.0,,,,,,inf,70913.73,-100.0,,,,,,,
Honeycomb Asset Management LP,,,inf,-51.22,-100.0,,,,,,,,,,,,,,,
"Hoover Financial Advisors, Inc.",,,,inf,32200.0,30.34,-100.0,,,,,,,,,,,,,
"Horan Securities, Inc.",,,,,,inf,-100.0,,,,,inf,32.03,81.66,-100.0,,,,,
"Horizon Investments, LLC",,,,,,,,,,,,,,,,,,,inf,168.25
"Householder Group Estate & Retirement Specialist, LLC",,,,,,,,,,,inf,-15.56,50.0,-100.0,inf,-99.88,175446.18,-99.87,49.67,-52.17
"Howard Capital Management Group, LLC",,,,,,,,,,,,,,inf,4.37,114.63,-32.99,10.08,193.72,1.65
Howard Capital Management Inc.,,,,,,,,,,,,,,,,,,,inf,112.16
"Howard Wealth Management, LLC",,,,inf,133.57,13.15,-8.83,-24.41,-25.1,-34.38,-10.37,-100.0,,,,,,,,
"Hubbell Strickland Wealth Management, LLC",,,,,,,,,,,,,,,,,,,,inf
"Hudock, Inc.",,,inf,400.0,2.86,19.44,-8.53,-29.66,-25.3,-33.87,-9.76,-100.0,,,,,,,,
Hudson Bay Capital Management LP,,,,inf,-100.0,,,,,,,,inf,-100.0,,,,,,
"Hudson Value Partners, LLC",,,,,,,,,,,,,,,,,,,,inf
"Hunting Hill Global Capital, LLC",,,,inf,-6.89,-100.0,,,,,,,,,,inf,103.06,10.08,46.86,126.9
"Hurley Capital, LLC",,,,,,,,,,,,,,,,,,,,inf
Hyperion Asset Management Ltd,,,,,,,,,,inf,-9.5,69794.1,20.77,70.0,-19.03,-5.25,23.43,31.59,46.94,28.73
"IAG Wealth Partners, LLC",,,,,,,,,,,,,,,,,,,,inf
IBEX WEALTH ADVISORS,,,,,,,inf,-100.0,,,,,,,,,,inf,-100.0,inf
IBM Retirement Fund,,,,,,inf,-8.6,-55.48,-27.24,-100.0,,,,,,,,,,
"ICA Group Wealth Management, LLC",,,,,,,,,,,,inf,34.95,-80.37,-100.0,inf,80.49,-69.39,-100.0,
ICAPITAL WEALTH LLC,,,,,,,,,inf,-100.0,,,,,,,,,,
ICICI Prudential Asset Management Co Ltd,,,,,,,,,,,,,,,,,,,,inf
"ICONIQ Capital, LLC",,,,,,,,,,,,,,,,,,,,inf
"IEQ CAPITAL, LLC",,,,inf,764.4,-31.11,8.32,-23.33,-22.58,-35.25,-10.31,69910.77,40.51,81.39,19.52,9.47,76.17,12.91,23.27,70.62
"IFG Advisory, LLC",,,,,,inf,-5.66,-4.5,4.71,-49.0,-4.9,-18.56,132673.42,80.42,383.55,24.74,42.89,22.43,35.49,97.63
IFM Investors Pty Ltd,,,,,,inf,163.2,-24.24,80.47,-65.07,-10.37,82821.33,37.92,111.44,10.73,-99.89,138162.11,11.49,62.64,-100.0
"IFP Advisors, Inc",,,inf,525.0,75.56,6.58,222.57,-7.51,73.17,-31.31,3.61,-40.89,68690.71,431.48,-36.03,14.0,53.72,19.43,47.69,43.37
"IHT Wealth Management, LLC",,,inf,138.82,273.23,-7.35,-76.69,-23.63,-10.93,-29.04,-37.55,64655.41,31.65,101.04,17.98,226.99,34.48,18.21,183.81,32.18
"IMC-Chicago, LLC",,,,inf,-29.38,10.8,16.89,0.87,-29.12,-49.97,-6.16,74073.21,-13.1,252.4,5.68,9.08,65.18,2.85,86.4,217.22
"IMG Wealth Management, Inc.",,,,,,,,,,,,,,,,,,,,inf
"INSIGNEO ADVISORY SERVICES, LLC",,,,,,,,,,,,,inf,57.71,17.62,31.24,-32.09,32.13,15.31,267.41
"INSTITUTIONAL & FAMILY ASSET MANAGEMENT, LLC",,,,inf,-96.15,50.0,766.67,-92.31,-50.0,0.0,0.0,64100.0,31.62,81.42,4.37,7.31,62.03,-8.95,-100.0,
INTECH INVESTMENT MANAGEMENT LLC,,,,,,,,,,inf,1113811.76,-72.07,454.11,0.9,-6.44,18.69,1669.41,-87.6,-74.35,1881.25
"INTERNATIONAL ASSETS INVESTMENT MANAGEMENT, LLC",,,,inf,-99.73,-13.12,-2.69,63.83,-16.89,-48.77,75.64,77348.15,-5.0,116.39,131.24,-32.87,37.6,14.77,-96.2,7675.52
INTREPID CAPITAL MANAGEMENT INC,,,,,,,,,,,,,,,,,,inf,50.92,14.26
INVESTMENT COUNSEL CO OF NEVADA,,,,,,,,,,,,,,,,,,,,inf
INVESTMENT HOUSE LLC,,,,,inf,12.81,-8.3,-100.0,,,,,,,,,inf,10.08,77.81,-33.29
"INVESTMENT PARTNERS, LTD.",,,,,,,,,,,,,,,,,,,,inf
"INVICTUS PRIVATE WEALTH, LLC",,,,,,,,,,,,,,,,inf,276.83,3.18,-37.7,-15.97
IPG Investment Advisors LLC,,,,,,,,,,,,,,,,,inf,0.12,-100.0,
IQ EQ FUND MANAGEMENT (IRELAND) Ltd,,,,,,,,,,,,,,,,,,inf,139.96,224.06
IRON Financial LLC,,,,,,,,,,,,,,,,,,,,inf
"ISLAY CAPITAL MANAGEMENT, LLC",,,,,,,,,,,,,inf,81.42,-2.28,48.5,-12.72,4.15,193.72,-29.76
ITHAKA GROUP LLC,,,,,,,,,,,,,,,,,,,inf,54.29
IVC Wealth Advisors LLC,,,,,,,,,,,,,,,,,,,,inf
"IVY LANE CAPITAL MANAGEMENT, LLC",,,,,,,,,,,inf,-100.0,,,,,,,,
"Icon Wealth Advisors, LLC",,,,,,,,,,,,,,,,,,,,inf
"Icon Wealth Partners, LLC",,,,,inf,-11.46,-4.55,-30.04,-24.61,-100.0,,,,inf,-5.1,-100.0,,,,
"Ignite Planners, LLC",,,,,,,,,,,,,,,,,,,inf,256.96
Illinois Municipal Retirement Fund,,,,,,,,,,,,,,,,inf,34.04,525648.28,55.78,41.61
Ilmarinen Mutual Pension Insurance Co,,,,,,,,,inf,-33.94,-10.36,-21.03,-100.0,,,,,inf,46.86,103.31
Impact Capital Partners LLC,,,,,,,,,,,,,,,,,,,,inf
"Impact Partnership Wealth, LLC",,,,,,,,,,,,,,,inf,-100.0,,,inf,153.4
InTrack Investment Management Inc,,,,,,,,,,,,,,,inf,402.71,86.48,34.94,28.16,53.75
Independence Bank of Kentucky,,,,,,,,,,,,,,inf,53.81,7.31,32.82,11.07,45.55,94.15
Independent Advisor Alliance,,,,inf,166.41,166.91,-54.64,-29.47,-56.04,-3.82,-19.84,-49.01,221402.91,1088.63,-78.63,340.0,-68.17,-15.78,61.35,287.72
"Independent Solutions Wealth Management, LLC",,,,inf,27.1,27.01,-7.16,-21.03,-24.17,-82.71,-10.99,-35.1,42.81,1669.21,6.98,8.93,22.05,11.35,40.87,97.05
Independent Wealth Network Inc.,,,,,,,inf,-20.74,-19.39,-33.91,-13.16,79572.73,40.94,82.65,6.16,60.37,12.95,14.69,10.32,64.15
Indiana Trust & Investment Management CO,,,,,,,,,,,,,,,inf,7.31,34.01,10.08,-100.0,
Indiana Trust & Investment Management Co,,,,,,,,,,,,,,,,,,,inf,127.03
"Inman Jager Wealth Management, LLC",,,,,,,,,,,,,,,,,,,,inf
"Inscription Capital, LLC",,,,,,,,,,,,,,,,,inf,10.79,35.61,-100.0
"Insight Advisors, LLC/ PA",,,,inf,-21.88,-100.0,,,,,,,,,,,inf,-100.0,inf,83.84
"Insight Wealth Strategies, LLC",,,,,,,,,,,,,,,inf,16.11,26.53,12.37,28.9,77.84
"Inspire Advisors, LLC",,,,inf,-100.0,,,inf,-100.0,,,inf,31.61,90.41,-2.66,-100.0,,inf,111.7,-17.01
"Inspire Investing, LLC",,,,,,,,inf,-100.0,,,,,,,,,,,
"Institute for Wealth Management, LLC.",,,,,,,,,,,,,,,,inf,30.26,36.67,50.42,91.53
Integrated Advisors Network LLC,,,,,inf,59.32,-1.57,-20.58,-38.87,-16.72,-29.75,77948.98,19.0,118.3,-2.47,9.01,64.25,13.79,43.05,119.57
"Integrated Investment Consultants, LLC",,,,,,,,,,inf,5.32,54385.86,34.44,81.42,4.37,-100.0,,,inf,3.01
Integrated Wealth Concepts LLC,,,,,inf,-100.0,,inf,-30.9,-100.0,,,,,,,,,,
Integrity Wealth Solutions LLC,,,,,,,,,,,,,,,,,,,,inf
"Intellectus Partners, LLC",,,,inf,-100.0,,,,,inf,4.29,107303.42,166.04,105.76,3.12,22.83,38.88,38.01,44.41,87.6
"Intelligence Driven Advisers, LLC",,,,,,,,,,,,,,,,,,,inf,85.64
Intellus Advisors LLC,,,,,,,,,,,,,,,,,,,,inf
"InterOcean Capital Group, LLC",,,,,,inf,-8.79,-24.22,-25.44,-33.9,-10.65,-100.0,,,,,,,,
"Interchange Capital Partners, LLC",,,,,,,,inf,-100.0,,,,,,inf,5.63,79.58,31.42,45.25,42.3
Intersect Capital LLC,,,,,,inf,78.03,-100.0,,,,,,,,,,,,
Intrepid Financial Planning Group LLC,,,,,,,,,,,,,,,,,inf,15.99,65.95,161.12
Investment Management Corp of Ontario,,,,,,,,,,,,,,,,inf,-6.45,55.51,132.66,212.67
"Investor's Fiduciary Advisor Network, LLC",,,,,,,,,,,,,,,,,,,,inf
"Investors Financial Group, LLC",,,,,inf,54.23,-16.77,-26.74,-100.0,,,,,,,,,,,
Investors Research Corp,,,,,,,inf,-25.0,-22.22,-28.57,-20.0,81125.0,31.61,81.41,4.37,7.31,72.16,10.08,-66.11,103.32
Iowa State Bank,,,,,,,,,,,,,,,,,,,,inf
Iron Gate Global Advisors LLC,,,,,,,,,,,,,,,,,,,,inf
"Iron Horse Wealth Management, LLC",,,,,,,,,,,,,,,,,,,,
"IronBridge Private Wealth, LLC",,,,,,,,inf,-100.0,,,,,,,,,,,
"Ironwood Financial, llc",,,,,,inf,0.0,-100.0,,,,,,,,,,,,
"Ironwood Investment Counsel, LLC",,,,,,,,,,,,,,,,,,,,inf
"Islet Management, LP",,,,inf,-100.0,inf,-54.4,-100.0,,,,,,,,,,,,
J. Goldman & Co LP,,,,inf,-100.0,,,,,,,,,,,,,,inf,-5.65
J.P. Morgan Private Wealth Advisors LLC,,,,,,,,,,,,,,,inf,-100.0,,,,
"J.W. COLE ADVISORS, INC.",,,,,inf,104.31,15.61,-37.23,147.09,-39.88,-17.22,59391.96,5.06,-34.73,127.51,37.41,39.84,91.51,52.22,106.8
JACOBS & CO/CA,,,,,inf,69.52,-8.77,-24.27,2.65,-33.99,-10.38,-21.05,31.62,-7.38,4.37,7.34,1.81,10.14,0.62,99.75
"JACOBS LEVY EQUITY MANAGEMENT, INC",,,,,,,,,,,inf,-100.0,,,,,,,inf,347.67
"JAG CAPITAL MANAGEMENT, LLC",,,,,,,,,,,,,,,,inf,-100.0,,,
"JAMISON PRIVATE WEALTH MANAGEMENT, INC.",,,,,,,,,,,,,,,,inf,570.0,18.89,46.86,1254.93
"JANICZEK WEALTH MANAGEMENT, LLC",,,,,,,,,,,,,inf,74.0,97.06,4.42,33.6,-39.55,-100.0,
JAT Capital Mgmt LP,,,,,,,,,,,,,,,inf,18.99,-100.0,,,
JB Capital LLC,,,,,,,,,,,,,,,,,,,,inf
JDM Financial Group LLC,,,,,,,,,,,,,,,,,,,inf,103.26
"JFG Wealth Management, LLC",,,,,,,,,,,,,,,,inf,-48.39,-100.0,,inf
"JFS WEALTH ADVISORS, LLC",,,,,,,,,,,inf,8900.0,2397.78,116.19,34.32,21.52,1609.29,14.79,44.71,127.25
"JGP Wealth Management, LLC",,,,,,,,,,,,,,,,,,,inf,131.58
JJJ Advisors Inc.,,,,,,inf,1000.0,-95.45,-100.0,,,,,,,,,,,
JNBA Financial Advisors,,,,,,,,inf,-28.57,-20.0,-25.0,82933.33,31.63,-100.0,,,,,,inf
JOHN G ULLMAN & ASSOCIATES INC,,,,,,,,,inf,-100.0,,,,,,,,,,
JOHNSON INVESTMENT COUNSEL INC,,,,,,,,,,,,,,,,,,,inf,106.01
JONES FINANCIAL COMPANIES LLLP,,,,,,,,,,,,inf,-100.0,,,,inf,3040.46,256.73,246.05
"JOSH ARNOLD INVESTMENT CONSULTANT, LLC",,,,,,,,,,,,,,,,,,,,inf
JOURNEY STRATEGIC WEALTH LLC,,,,,,,,,,,,,,,,,,,,inf
"JPL Wealth Management, LLC",,,,,,,,,,,,,,,,,,,,inf
JPMORGAN CHASE & CO,,,,,,,,,,,,inf,300700.0,-1.63,11.39,301563.71,30.61,309.41,-92.11,-100.0
JS Capital Management LLC,,,,,inf,-100.0,,,,,,,,,,,,,,
"JSF Financial, LLC",,,,,inf,44.93,-5.17,-100.0,inf,-40.86,-100.0,,,,,,,,,inf
JT Stratford LLC,,,,,,,,,,,,,,inf,-29.0,79.15,362.81,5.5,33.31,67.56
JTC Employer Solutions Trustee Ltd,,,,,,,,,,,,,,,,,,inf,47.37,570.54
JTC Employer Solutions Trusteee Ltd,,,,,,inf,-100.0,,,,,,,,,,,,,
JUPITER ASSET MANAGEMENT LTD,,,,inf,-100.0,,,,,,,,,inf,-100.0,inf,-100.0,,,
"Jackson Wealth Management, LLC",,,,,,,,,,,,,,,,,,,,inf
"Jacksonville Wealth Management, LLC",,,,,,,,,,,,,,,,,,,,inf
Jacobi Capital Management LLC,,,inf,150.0,-5.71,4.55,-8.7,-100.0,,,,,,,,,,,inf,140.6
"Jaffetilchin Investment Partners, LLC",,,,,inf,18.99,27.51,-41.48,-72.1,23.36,-21.89,78686.36,31.62,83.21,0.16,18.74,43.59,84.46,54.62,116.58
Janney Montgomery Scott LLC,,,,inf,82.94,8.1,37.68,-45.1,-26.55,-18.48,-9.53,-13.75,39.85,83.09,120.33,11.48,72.02,41.95,34.36,88.28
"Jasper Ridge Partners, L.P.",,,,,,,,,,,,,,,,inf,-100.0,,,
Jericho Capital Asset Management L.P.,,,,,,,,,inf,-100.0,,,,inf,-100.0,,,,inf,-100.0
"Jessup Wealth Management, Inc",,,,,,,,,,,,,,,,,,,,inf
"Joel Isaacson & Co., LLC",,,,inf,163.76,6.46,-8.86,-25.26,-30.82,-26.07,-10.27,79096.02,32.87,81.42,4.37,114.62,-30.52,10.63,45.56,103.97
"John W. Brooker & Co., CPAs",,,,,inf,0.0,0.0,-50.0,100.0,-100.0,,,,,,,,,,
"Johnson & White Wealth Management, LLC",,,,,,,,,,,,,,,,,,,,inf
"Joseph P. Lucia & Associates, LLC",,,,,inf,10.0,-9.09,-100.0,,,,,,,,,,,,
"Joule Financial, LLC",,,,,,,,,,,,,inf,19.5,49.47,-18.16,123.04,-14.33,-42.51,-35.09
"Jump Financial, LLC",,,,,,,inf,-100.0,inf,-96.08,4269.86,17207.84,107.01,-78.96,3686.07,-51.68,-76.15,327.92,-100.0,
JustInvest LLC,,,,,,inf,-0.19,-46.21,-100.0,,,,,,,,,,,
"K2 PRINCIPAL FUND, L.P.",,,,,,,,,,,,,,,,inf,-100.0,,,inf
KADENSA CAPITAL Ltd,,,,,,,,,,,,,,,,,,,,inf
KAYNE ANDERSON RUDNICK INVESTMENT MANAGEMENT LLC,,,,,,,inf,-24.27,-79.56,-32.43,-100.0,,inf,79.41,4.92,7.81,-100.0,inf,45.84,320.01
"KCL Capital, L.P.",,,inf,-100.0,,,,,,,,,,,,,,,,
"KDT Advisors, LLC",,,,,,,,,,,,,,,,,,,,inf
"KESTRA PRIVATE WEALTH SERVICES, LLC",,,,inf,143.38,7.73,-21.97,-51.29,-21.55,-99.94,48.56,75410.86,37.09,98.01,27.76,16.24,44.42,66.02,76.24,124.94
KEYWISE CAPITAL MANAGEMENT (HK) Ltd,,,,,inf,-100.0,,,,,,,,inf,332.82,6.51,68.17,34.57,46.95,36.77
"KG&L Capital Management,LLC",,,,,inf,39.39,55.58,-40.34,-0.96,-100.0,,,inf,46.3,4.39,7.31,127.35,87.97,-42.58,-100.0
KIECKHEFER GROUP LLC,,,,,,,,,,,,,,,,,,,,inf
"KILEY JUERGENS WEALTH MANAGEMENT, LLC",,,,,,inf,65.62,1.9,20.37,-59.47,-19.92,-100.0,inf,87.65,-2.36,12.67,43.53,8.57,40.31,91.67
KING LUTHER CAPITAL MANAGEMENT CORP,,,,,,,,,,,inf,78673.01,31.62,81.42,4.37,7.31,34.01,10.08,46.86,184.12
KINGS POINT CAPITAL MANAGEMENT,,,,,inf,13.16,-100.0,,,,,,,,,,,,,
"KINGSWOOD WEALTH ADVISORS, LLC",,,,,,,,,,,,,,,inf,-50.86,-8.09,197.07,2.51,192.96
"KIRTLAND HILLS CAPITAL MANAGEMENT, LLC",,,,,,,,,,,,,,,,,inf,36.51,235.15,138.18
"KLCM Advisors, Inc.",,,,,,,,,,,,,,,,,,,,inf
KLINGENSTEIN FIELDS & CO LP,,,,,,inf,12.54,-40.43,6.69,-29.79,-10.3,37507.25,-91.76,2.95,4.31,6.96,30.85,-9.86,45.95,103.04
KLP KAPITALFORVALTNING AS,,,,,,,,,,,,,,,,,,,,inf
"KRAEMATON INVESTMENT ADVISORS, INC",,,,,,,,,,,,inf,-100.0,,,,inf,-3.61,94.5,21.13
"KRS CAPITAL MANAGEMENT, LLC",,,,,,,,inf,-100.0,,,,,,,,,,,
"KRS Capital Management, LLC",,,,,,,,,,,,,,,,,,,inf,137.05
Kaizen Financial Strategies,,,,,,,,,,,,,,,,,,inf,45.03,67.03
Kapitalo Investimentos Ltda,,,,,,,,,,,,,,,inf,120.44,-100.0,,,
Kapstone Financial Advisors LLC,,,,,,,,,,,,inf,-4.56,168.12,-19.96,64.81,68.08,17.37,65.99,134.68
Karani Asset Management LLC,,,,,,,,,,,inf,252005.2,31.61,21.19,-100.0,,,,,
Kathleen S. Wright Associates Inc.,,,,,,,,,,,,,,,,,,,,inf
"Kathmere Capital Management, LLC",,,inf,525.0,-100.0,,,,,,,,,,,,,,inf,409.92
Kaye Capital Management,,,,,,,,,,,,,,,,,,,,inf
"Keebeck Wealth Management, LLC",,,,,,,,,,,,,,,inf,-100.0,,,,
"Keel Point, LLC",,,,,,,,,,,,,,,,,,inf,22.95,115.09
"Kellett Wealth Advisors, LLC",,,,,,,,,,,,,,,,,,,,inf
Kelly Financial Services LLC,,,,inf,-1.1,-95.71,1919.4,11.82,-75.68,-33.94,-88.37,-100.0,,,,,,,,
Kennebec Savings Bank,,,,,,,,,,,,,,,,,,,inf,126.2
Kentucky Retirement Systems,,,,,,,,,,,,,,,,,,,inf,100.54
Kentucky Retirement Systems Insurance Trust Fund,,,,,,,,,,,,,,,,,,,inf,-100.0
"Kercheville Advisors, LLC",,,,,,,,,,,,,,,,,,,,inf
Kerntke Otto McGlone Wealth Management Group,,,,,inf,12.94,-100.0,,,,,,,,,,,,,
"Kesler, Norman & Wride, LLC",,,,,,,,,,,,,,,,,,,,inf
"Kessler Investment Group, LLC",,,,,,,,inf,-25.0,-33.33,0.0,-100.0,,,,,,,,inf
"Kestra Advisory Services, LLC",,,,inf,67.21,13.5,-8.0,-27.78,-39.31,-99.94,113404.7,-62.23,2.23,112.2,39.14,48.68,62.42,67.18,34.55,170.63
"Kestra Investment Management, LLC",,,,,,,,,,,,,,,,,,,,inf
Keudell/Morrison Wealth Management,,,,,,,,,,,,,,,,,,,inf,105.27
"Key Client Fiduciary Advisors, LLC",,,,,,,,,,,,,,,,,,,inf,102.21
Key Financial Inc,,,,,inf,-6.36,10.7,-24.23,-24.49,-32.44,-12.3,99726.24,3.94,81.75,4.75,7.12,134.01,-36.96,47.01,60.23
Key Square Capital Management LLC,,,,,,,,,,,,,,,,inf,-100.0,,,
Keystone Financial Group,,,,,,inf,21.43,12.94,31.77,11.26,-0.18,87309.07,-100.0,inf,27.68,129.93,-25.31,33.74,378.39,-27.34
"Keystone Wealth Services, LLC",,,,,,,,,,,,,,,,,,,,inf
"Kiker Wealth Management, LLC",,,,,,,,,,,,,,,,,,,,inf
King Wealth Management Group,,,,,,,,,,,,,,,,,,,,inf
Kings Path Partners LLC,,,,,,,,,,,,,,,,,,,,inf
"Kingsview Wealth Management, LLC",,,,,inf,-100.0,,,,,,,inf,273.2,-100.0,inf,-14.91,4.03,18.6,198.59
"Kistler-Tiffany Companies, LLC",,,,,,inf,0.0,-100.0,,,,inf,31.62,-87.91,-100.0,,,,,
"Knollwood Investment Advisory, LLC",,,,,,,,,,,,inf,31.62,-100.0,,,,inf,46.86,103.31
Knuff & Co LLC,,,,,,inf,-7.69,-25.0,-100.0,,,inf,-100.0,,,,,,,
"Kohmann Bosshard Financial Services, LLC",,,,,,,,,,,,,,,,,,,,inf
Korea Investment CORP,,,,,,inf,9.67,-100.0,,,inf,33450.36,3.34,-33.39,159.26,105.32,324.41,-11.67,79.34,152.95
"Koshinski Asset Management, Inc.",,,,,inf,-1.8,8722.02,-22.74,-38.09,-100.0,,,,,,,,,,
"Koss-Olinger Consulting, LLC",,,,,inf,-35.29,-100.0,,,,inf,119440.23,32.69,78.26,10.57,7.72,-100.0,inf,46.12,-99.79
"Kovack Advisors, Inc.",,,,,inf,14.9,-8.98,-18.9,-14.53,-100.0,inf,163446.35,25.84,110.33,11.46,27.71,31.79,-1.79,3.15,46.76
"Kovitz Investment Group Partners, LLC",,,,,,,,,,,,,,,,,inf,52.74,62.65,389.49
"Kowal Investment Group, LLC",,,,,,,,,,,,,,,,,,,inf,-100.0
"Kozak & Associates, Inc.",,,,,,,,,,,,,,,,,inf,19.4,62.21,138.17
Krane Funds Advisors LLC,,,,,,,,,,,,,,,,,,,,inf
Krilogy Financial LLC,,,,,,,,,,inf,-25.78,79534.74,22.35,-100.0,,,,,,
L.M. KOHN & COMPANY,,,,,,,,,,,,,,,,,,,,inf
"L2 Asset Management, LLC",,,,,,,,,,,,,,,,,,,inf,119.83
LA FINANCIERE DE L'ECHIQUIER,,,inf,2069.11,15.57,12.91,1.75,-22.51,-34.63,-35.55,-32.0,-4.59,129541.04,33.67,-3.2,-7.97,17.2,21.34,-100.0,
"LAFFER TENGLER INVESTMENTS, INC.",,,,,,,,,,,,,,,,,,inf,42.96,-75.97
"LAKE STREET ADVISORS GROUP, LLC",,,,,,,,,,,,,,,,,,inf,55.18,163.03
"LAKE STREET PRIVATE WEALTH, LLC",,,,,,,,,,,,,,,,,,,,inf
"LANDSCAPE CAPITAL MANAGEMENT, L.L.C.",,,,,,,,,,,,,,,,inf,-66.65,-100.0,,
LAZARD ASSET MANAGEMENT LLC,,,,,inf,189.56,176.09,-52.58,1.74,-97.86,-100.0,,,,inf,401.59,524.59,-61.53,-29.28,91.09
"LAZARI CAPITAL MANAGEMENT, INC.",,,,,,,,,,,,,,,,,,,,inf
"LBMC INVESTMENT ADVISORS, LLC",,,,,,,,inf,-24.57,-100.0,,,,,,,,,,
LBP AM SA,,,,,,,,,,,,,,inf,4.37,-100.0,,,inf,149.18
LCM Capital Management Inc,,,,inf,317.97,5.18,-8.81,-28.62,-28.82,-33.94,-10.27,81816.41,31.62,82.49,3.76,9.4,26.25,10.25,48.23,96.01
"LEAVELL INVESTMENT MANAGEMENT, INC.",,,,,,,,inf,-100.0,,,,,inf,230.06,13.75,37.75,14.95,200273.27,126.55
LECAP ASSET MANAGEMENT LTD,,,,,,,,,,,,,,,,,inf,-85.74,-100.0,
LEE DANNER & BASS INC,,,,,,,,,,,,,,,,,,,,inf
"LEGACY FINANCIAL GROUP, INC.",,,,,,,,,,,,inf,19.66,-100.0,,,,,,inf
"LEVEL FOUR ADVISORY SERVICES, LLC",,,,,inf,25.89,-100.0,,,,,,inf,237.28,2.85,16.02,0.0,134.4,56.53,5.5
"LIBERTY ONE INVESTMENT MANAGEMENT, LLC",,,,inf,114.08,48.68,-12.39,-9.6,-5.03,32.94,-53.1,80440.57,35.99,27.84,-3.93,1.95,30.04,-99.91,138029.14,98.27
LIBERTY SQUARE WEALTH PARTNERS LLC,,,,,,,,,,,,,,,,,,,,inf
LIBERTY WEALTH MANAGEMENT LLC,,,,,,,inf,-100.0,,,,,,,,,,,,inf
LINCOLN CAPITAL CORP,,,,,,,,,,,,,,inf,-100.0,,,,,
LINCOLN NATIONAL CORP,,,,,inf,26.95,-0.65,-31.96,-18.18,-33.16,-10.33,73748.03,40.37,38.79,112.32,-39.8,132.82,-100.0,,
LITTLE HOUSE CAPITAL LLC,,,,inf,-100.0,inf,-22.03,-100.0,,,,,,,,,,,,
"LJI Wealth Management, LLC",,,,,,,,,,,,inf,45.41,74.37,4.3,4.76,-100.0,inf,50.35,93.45
LM Advisors LLC,,,,,,,,,,,,,,,,inf,-99.87,10.08,46.82,178.8
LMR Partners LLP,,,,,inf,-100.0,,,inf,-100.0,,,,,,,,,,inf
"LORD, ABBETT & CO. LLC",,,,,,,inf,-96.49,-100.0,,,,,,,inf,-77.66,9.7,1431.98,-31.47
LOS ANGELES CAPITAL MANAGEMENT LLC,,,,,,inf,113.24,-80.38,-6.98,-32.08,-60.76,35665.05,440.85,248.62,-78.47,3773.24,104.49,-51.18,0.48,435.95
LPL Financial LLC,,,inf,1645.47,85.37,42.7,14.73,-22.77,-37.93,-37.33,-1.47,84830.73,52.76,126.63,13.36,19.11,64.67,28.39,80.35,136.08
"LRI Investments, LLC",,,,,,,,,,,,,,,,,inf,-42.37,133.64,41.02
"LVW Advisors, LLC",,,,,,,,,,,,,,,,,,inf,56.25,239.46
LaFleur & Godfrey LLC,,,,,,,,,,,,,inf,100.26,1.64,9.66,5.73,17.78,36.93,183.39
"Lafayette Investments, Inc.",,,,,,,,,,,,,,,,,,,,inf
Laffer Tengler Investments,,,,,,,inf,-24.25,-24.59,-34.06,-10.22,-100.0,inf,-100.0,,,,,,
Laidlaw Wealth Management LLC,,,,,inf,214.53,18.72,-23.55,-25.72,-32.82,-10.74,79061.95,13.02,20.38,7.8,43.85,131.05,46.42,61.03,240.07
"Laird Norton Wetherby Trust Company, LLC",,,,,,,,,,,,,,,,inf,34.01,-4.85,46.86,103.31
"Laird Norton Wetherby Wealth Management, LLC",,,,,,,,,,,,,,,,inf,53.73,15.08,53.04,128.99
Lake Point Wealth Management,,,,,,inf,0.0,0.0,0.0,-100.0,,,,,,,,,,
"Lakeview Capital Partners, LLC",,,,,inf,-100.0,,,,,,,,,,,,,,
Lakewood Asset Management LLC,,,,,,,,,,,,inf,-100.0,,,,,,,
Lane Generational LLC,,,,,,,,,,,,inf,30.96,6.7,-16.33,-4.28,27.15,7.04,41.14,69.76
Lansing Street Advisors,,,,,,,,,inf,-50.0,0.0,82700.0,31.64,81.47,-100.0,,,,,
Larson Financial Group LLC,,,inf,130.0,143.48,-33.93,-62.16,335.71,-22.95,429.79,-34.14,78670.12,-76.52,125.09,4.56,23.69,32.11,37.14,150.14,2582.37
"Latash Investments, LLC",,,,,,inf,-100.0,,,,,,,,,,,,,
"Latitude Advisors, LLC",,,,,,,,,,,,,,,,,,,,inf
"Lattice Capital Management, LLC",,,,,,,,,,,,,,,inf,7.31,34.01,10.08,46.86,103.31
"Lauer Wealth, LLC",,,,,,,,,,,,,inf,-100.0,,,,inf,47.66,56.28
Laurel Wealth Advisors LLC,,,,,inf,14.29,-12.5,-100.0,,,,,,,,,,inf,46.86,115.51
Laurion Capital Management LP,,,,,,,,inf,-100.0,,,,,,,,,,,
Lee Financial Co,,,,,,,,inf,-100.0,,,inf,32.81,81.18,3.9,10738.75,-100.0,,,inf
"Leeward Financial Partners, LLC",,,,,,,,,,,,,inf,86.81,4.79,7.31,34.01,10.08,46.86,103.31
"Left Brain Wealth Management, LLC",,,,,,,,,,,,,,,,,,,inf,135.19
"Legacy Advisors, LLC",,,,,,,,,,,,,,,,,,,,inf
"Legacy Bridge, LLC",,,,,,,,,,,,,,,,,inf,10.25,47.82,103.66
"Legacy Capital Group California, Inc.",,,,,,,,,,,,,,,,inf,-100.0,,,
"Legacy Capital Wealth Partners, LLC",,,,,,,,,,,,,,,,,,,,inf
"Legacy Financial Advisors, Inc.",,,,,,,,,,,,,,,,,,inf,47.76,121.27
"Legacy Financial Strategies, LLC",,,,,,,,,,,,,,,,,,,,inf
"Legacy Investment Solutions, LLC",,,,,,,,,,,,,,,,,,,inf,170.64
Legacy Trust,,,,,,,,,,,,,,,inf,8.0,-100.0,,,inf
"Legacy Wealth Managment, LLC/ID",,,,,,,,,,,,,,,,,,,inf,170.64
"Legal Advantage Investments, Inc.",,,,,,,,,,,,,,,,,,inf,86.26,98.61
"Lenox Wealth Advisors, LLC",,,,inf,85.71,15.38,313.33,-22.58,-31.25,-100.0,,,,,,,,,,
"Leo Wealth, LLC",,,,,,,,,,,,,,,,,,,,inf
"Level Financial Advisors, Inc.",,,,,,,,,,,,,,,,,,,,
Leverage Partners Absolute Return Fund SPC,,,,,inf,-100.0,,inf,-100.0,,,,,,,inf,-38.75,-65.82,-100.0,
"Lewis Asset Management, LLC",,,,,,,,,,,,,,,,,,,inf,48.2
"Liberty Street Advisors, Inc.",,,,inf,-78.96,-100.0,,,,,,,,,,,,,,
"Lido Advisors, LLC",,,,inf,-51.14,-17.58,329.06,-62.79,189.98,-28.1,2.27,4625.28,-32.2,24.25,30.22,-0.86,330.34,-22.28,4359.43,-9.22
"Life Planning Partners, Inc",,,,,,,,,,,,,,,,,,,,inf
"LifeSteps Financial, Inc.",,,,,,,,,,,,,,,,,inf,-100.0,,
"Lindbrook Capital, LLC",,,,inf,25500.0,-2.34,-64.8,38.64,-14.75,-33.65,-7.25,70420.31,-13.0,85.95,4.63,55.11,42.79,25.31,60.02,140.31
"Linden Thomas Advisory Services, LLC",,,,,,,,,,,,,,,inf,19.43,42.04,-8.43,53.15,118.72
"Lion Street Advisors, LLC",,,,,,,,,,,,,,,,,,inf,58.43,91.49
"Lionshead Wealth Management, LLC",,,,,,,,,,,,,,,,,,,,inf
Liontrust Investment Partners LLP,,,,,,,,,,,,,,inf,39.17,275.58,68.47,2.58,0.0,-58.52
"Livforsakringsbolaget Skandia, Omsesidigt",,,,,,inf,110.96,-24.24,-24.86,-67.3,-82.56,81093.33,31.83,81.3,4.37,119.72,34.09,10.04,486.13,103.31
"Lloyd Advisory Services, LLC.",,,,,,,,,,,,,,,,,,,,inf
"Lloyd Park, LLC",,,,,,,,inf,-100.0,,,,,,,,,,,
Lodestone Wealth Management LLC,,,,,,,,,,,,,,,,,inf,13.65,35.44,89.54
Lokken Investment Group LLC,,,,,,,,,,,,,,,,,,,,inf
LongView Wealth Management,,,,,,,,,,,,,,,,,,,,inf
Longbow Finance SA,,,,,,,,,,,,,,,,,,,,inf
Longitude (Cayman) Ltd.,,,,,inf,-5.43,-100.0,,,inf,208.82,97219.05,220.44,229.09,-5.03,-3.23,-6.16,14.85,-16.6,-34.86
Louisiana State Employees Retirement System,,,,,,,,,,,,,,,,,,,inf,383.17
"Loup Funds, LLC",,,,,,,,,,,,inf,-100.0,,,,,,,
Lumina Fund Management LLC,,,inf,145.83,-1.69,13.79,-9.09,-24.17,-24.18,-34.78,-8.89,-21.95,31.25,-100.0,,,,,,
Luminist Capital LLC,,,,,,,,,,,,,,,,,,,,inf
Lynwood Capital Management Inc.,,,,,,,,,,,,,inf,-100.0,,,,,,
Lynx Investment Advisory,,,,,,,,,,,,,,,,,,inf,-100.0,inf
"M Holdings Securities, Inc.",,,,,inf,-100.0,,,inf,-100.0,,,,,,,inf,106.35,27.85,2499.28
M&R CAPITAL MANAGEMENT INC,,,,,,,,,,,,,,,inf,41.5,-68.99,10.08,46.86,-100.0
M&T Bank Corp,,,,,,,,,,,,,,inf,4.35,7.4,33.95,10.07,-100.0,
MACKENZIE FINANCIAL CORP,,,,,,inf,46.41,-24.34,-10.36,-31.31,-12.58,92598.83,30.36,87.25,21.0,20.0,31.24,-10.82,164.35,422.23
MACQUARIE GROUP LTD,,,inf,-100.0,,inf,250.0,14.9,-19.89,27.72,-56.25,-100.0,inf,93.74,-49.96,180.58,68.64,14.13,31.58,139.78
MACROVIEW INVESTMENT MANAGEMENT LLC,,,,,,inf,0.0,-100.0,,,,,,,,,inf,10.06,51.71,-100.0
MADDEN SECURITIES Corp,,,,,,,,,,,,inf,-100.0,,,,,,,
MAGNOLIA CAPITAL ADVISORS LLC,,,,,,,,,,,,,,,,,,inf,2906.53,103.31
MAI Capital Management,,,,,inf,18.42,9.87,-16.59,16.42,-2.19,-13.94,69975.79,32.1,86.93,-3.45,9.15,29.41,2.87,11.54,121.93
"MAINSAIL ASSET MANAGEMENT, LLC",,,,,,,,,,,,,,,,,,inf,46.86,113.13
MAINSTAY CAPITAL MANAGEMENT LLC /ADV,,,,,,inf,-100.0,inf,-24.89,-33.73,-10.0,78489.9,31.62,289.87,-12.18,22.48,36.38,10.51,46.86,77.01
MANCHESTER FINANCIAL INC,,,inf,144.19,-30.5,13.89,-9.84,-23.07,-18.69,-33.65,3.62,74978.88,26.6,80.56,0.68,4.22,29.66,7.39,45.8,102.28
MARIETTA INVESTMENT PARTNERS LLC,,,,,,,,,,,,,,inf,2.05,0.11,30.09,8.17,56.95,273.7
"MARK SHEPTOFF FINANCIAL PLANNING, LLC",,,,,,inf,625.0,-100.0,,,,,,inf,-94.04,2244.78,336.84,16.73,46.96,101.96
"MARSHALL WACE, LLP",,,,inf,-100.0,,inf,-100.0,,,,,,,,,,,,
MARSICO CAPITAL MANAGEMENT LLC,,,,,,,,,,,,,,,,inf,58.44,10.08,-9.12,103.31
MARYLAND CAPITAL ADVISORS INC.,,,,,,,,,,,,,,,,,,,,
MASON CAPITAL MANAGEMENT LLC,,,inf,-100.0,,,,,,,,,,,,,,,,
MASSACHUSETTS FINANCIAL SERVICES CO /MA/,,,,,,,,,,,,,,,,,,,inf,13.31
MASSMUTUAL TRUST CO FSB/ADV,,,,,,,,inf,0.0,-100.0,,,,inf,18.53,10.69,175.16,64.43,100.95,-100.0
MASTERS CAPITAL MANAGEMENT LLC,,,inf,-100.0,,,,,,,,,,,,,,inf,-100.0,
MASTRAPASQUA ASSET MANAGEMENT INC,,,,,,,,,,,,,,inf,3.71,-100.0,,,,
"MATHER GROUP, LLC.",,,,,,,,,,,,,,inf,-100.0,,inf,528.95,-54.55,309.55
MATRIX PRIVATE CAPITAL GROUP LLC,,,,,inf,12.59,-35.3,-30.86,-21.79,-26.94,-10.62,71732.17,31.62,65.55,4.37,7.31,-100.0,,,
"MATTERN CAPITAL MANAGEMENT, LLC",,,,,,,,,,,,,,,,,,,,inf
MBB PUBLIC MARKETS I LLC,,,,,,,,inf,-100.0,,,,,,,,,inf,-90.4,-100.0
MCDONALD PARTNERS LLC,,,,,,,,,,,,,,,,,,,,inf
MCF Advisors LLC,,,,,inf,18300.0,-4.35,-100.0,inf,-33.92,54.55,68398.62,31.62,81.42,4.37,7.31,34.63,10.08,46.87,5.02
MCRAE CAPITAL MANAGEMENT INC,,,,,,inf,-8.44,-100.0,,,,,,,,,,,inf,103.31
"MEANS INVESTMENT CO., INC.",,,,inf,100.78,39.0,18.06,-22.59,-18.95,-29.62,-5.68,44284.93,119.97,119.39,5.63,13.66,40.68,12.93,65.73,101.84
MEEDER ASSET MANAGEMENT INC,,,,,,,,,,,,,,,,inf,26.37,10.75,47.88,231.88
MERCER GLOBAL ADVISORS INC /ADV,,,,inf,513.4,-22.67,-12.74,-39.31,-11.56,-27.49,-12.77,-14.53,40.11,109.29,133.88,-39.54,17.65,128630.98,50.6,78.59
MERIDIAN INVESTMENT COUNSEL INC.,,,,inf,-1.12,11.04,0.88,59.71,-8.53,-31.85,-10.33,-26.79,133760.31,76.34,2.49,11.76,30.99,5.96,44.44,78.19
"MFA WEALTH ADVISORS, LLC",,,,,,,,,,,,,,,,,,inf,68.6,-100.0
"MGB Wealth Management, LLC",,,,,,,,,,,,,,,,,,,,inf
MGO ONE SEVEN LLC,,,,,,,,,,,,,inf,74.82,31.5,6.9,47.92,16.31,140.48,86.0
MID ATLANTIC FINANCIAL MANAGEMENT INC/ADV,,,,,inf,14.25,-8.63,-100.0,,,,,,,,,,,,
"MIG Capital, LLC",,,,,,,,,,,,,,,,,,,,inf
"MILESTONE ASSET MANAGEMENT, LLC",,,,,,,,,,,,,,,,,inf,207.55,56.4,16.51
MILLENNIUM MANAGEMENT LLC,,,inf,-61.28,1291.73,-97.09,236.39,951.74,-48.08,-37.38,-82.86,-14.38,724.37,57947.93,161.44,586.14,50.02,-55.75,-42.76,-19.88
"MILLER WEALTH ADVISORS, LLC",,,,,,,,inf,0.0,-40.0,0.0,-33.33,1900.0,21362.5,14.62,1196.34,-88.73,155.92,30.32,7691.64
MIRABELLA FINANCIAL SERVICES LLP,,,,inf,-100.0,,,,,,,,,,,,,,,inf
"MISSION CREEK CAPITAL PARTNERS, INC",,,inf,-100.0,,,,,,,,,,,,,,,,
"MISSION WEALTH MANAGEMENT, LP",,,,,,,,,,,,,,,,,,inf,47.89,131.21
MITCHELL MCLEOD PUGH & WILLIAMS INC,,,,,,,,,,,,,,,,,,,,inf
MJP ASSOCIATES INC /ADV,,,,,,,,,,,,,,,,,,,,inf
"MN Wealth Advisors, LLC",,,,,,,,,,,,,,,,,,inf,-33.28,38.91
"MONECO Advisors, LLC",,,,,,,,,,inf,-5.49,79940.7,25.79,-100.0,,,,inf,74.62,75.41
MONETA GROUP INVESTMENT ADVISORS LLC,,,,,,,,,,,,,inf,92.39,8.54,14.75,84.85,-9.1,68.36,115.66
MONETARY MANAGEMENT GROUP INC,,,,,,,,,,,,,,,,,,,,inf
MONETTA FINANCIAL SERVICES INC,,,,,inf,61.72,-100.0,,,,,,,,,inf,34.01,10.08,46.86,103.31
MONEY CONCEPTS CAPITAL CORP,,,,,,,,,inf,-85.8,412.0,162370.31,-39.86,53.03,28.4,27.74,66.57,38.77,174.51,79.2
MONTAG A & ASSOCIATES INC,,,,,inf,207.14,9.3,-72.34,-23.08,-30.0,-14.29,76616.67,31.63,81.42,4.37,7.31,667.26,11.42,41.7,100.77
"MONTCHANIN ASSET MANAGEMENT, LLC",,,,,,,,,,,,,,,,,inf,57.06,50.48,51.84
MORGENS WATERFALL VINTIADIS & CO INC,,,,,,,,,,,,,,inf,4.37,-22.87,4.88,10.08,-26.57,80.72
MOSELEY INVESTMENT MANAGEMENT INC,,,,,inf,18.72,-6.66,-33.11,-21.7,-62.56,-25.11,79012.72,31.6,102.45,4.3,10.02,45.51,8.09,45.02,102.97
MOTCO,,,,,,,,,,,,,,inf,-21.31,8.33,-100.0,inf,-100.0,
"MPWM ADVISORY SOLUTIONS, LLC",,,,,,,,,,,,,,,,,,,,inf
MQS Management LLC,,,,,,,,,,,inf,35878.7,-100.0,,,,,,,
MRA Advisory Group,,,,,,,,,,,,,,,,,,,,inf
"MRP Capital Investments, LLC",,,,,,,,,,,,inf,-100.0,,,,inf,71.4,54.68,72.69
MUFG SECURITIES AMERICAS INC.,,,,,,,,,,,,,,,,,,,,inf
MURPHY CAPITAL MANAGEMENT INC,,,,,inf,13.13,-8.77,-40.6,-24.6,-33.84,-100.0,,,,,,,,,
MUTUAL OF AMERICA CAPITAL MANAGEMENT LLC,,,,,,,,,,,,,,,,,,,inf,101.57
"MV CAPITAL MANAGEMENT, INC.",,,,,,,,,,,,,,,,inf,653.68,163.15,231.15,191.01
"Mach-1 Financial Group, LLC",,,,,,,,,,,,,,,,,,,,inf
Machina Capital S.A.S.,,,,,,,,,,,,,inf,-100.0,inf,-21.55,20.05,-100.0,,inf
Magnetar Financial LLC,,,inf,-100.0,inf,-100.0,inf,-62.09,-100.0,,,,,,,inf,4.95,-100.0,,
Magnus Financial Group LLC,,,,,,,,,,inf,-9.31,78504.56,32.0,80.86,1.79,-18.52,35.05,19.7,52.15,110.18
Maia Wealth LLC,,,,,,,,,,,,,,,,,,,,inf
"Main Street Financial Solutions, LLC",,,,,,,,,,,,,,,inf,-15.35,87.96,51.59,83.96,39.91
"Main Street Group, LTD",,,,,,,,,,,,,,,,inf,-100.0,,,
Main Street Research LLC,,,,,,,,,,inf,-10.21,69634.6,-100.0,,,,,,inf,104.43
Mainstream Capital Management LLC,,,,,,,,,,,,,,,,,,,,inf
"Malaga Cove Capital, LLC",,,,,,,inf,226.22,-24.11,-100.0,,,,,,,,,,
"Manatuck Hill Partners, LLC",,,,,,,,,inf,-100.0,,,,,,,,,,
Manchester Capital Management LLC,,,,,,,inf,-100.0,,,,,inf,83.63,4.37,7.31,34.29,10.02,56.72,105.03
Mandatum Life Insurance Co Ltd,,,,inf,44.98,65.9,8.81,-22.02,1.09,-21.26,-6.18,-11.95,134704.43,117.63,-5.95,7.5,26.19,13.56,46.01,34.37
Marathon Trading Investment Management LLC,,,inf,-100.0,inf,-100.0,,,,,,,,,,,,inf,-100.0,
"Marcum Wealth, LLC",,,,,,,,,,,,,,,,,,,,inf
Maridea Wealth Management LLC,,,,,,,,,,,,,,,,,,,,inf
"Mariner, LLC",,,,inf,84.62,195.0,-29.38,-3.67,27.61,-29.88,-7.66,34.76,16.22,148809.47,35.25,-16.36,44.87,35.29,87.43,186.97
Marshall & Sterling Wealth Advisors Inc.,,,,,,,,,,,,,,,,,,,,inf
"Martin Investment Management, LLC",,,,,,,,,,,,,,,,,,,,inf
Maryland State Retirement & Pension System,,,,,,inf,-0.73,-22.73,-24.58,-27.79,-100.0,inf,37.54,78.33,4.37,11.2,26.08,23.77,7.83,91.08
Mason & Associates Inc,,,,,,,,,,,,,,,,,inf,10.08,120.97,142.44
"MassMutual Private Wealth & Trust, FSB",,,,,,,,,,,,,,,,,,,,inf
Masso Torrence Wealth Management Inc.,,,,,,,,inf,-100.0,,,,,inf,-100.0,,,,,inf
Maxi Investments CY Ltd,,,,,,,,,,,,,inf,81.92,165.84,-57.83,-100.0,inf,46.75,-100.0
"Mayfair Advisory Group, LLC",,,,,,,,,,,,,,,,,,inf,41.69,184.64
"Mayflower Financial Advisors, LLC",,,,,inf,73.73,-4.06,-18.35,-36.02,-100.0,,,,,,,inf,153.71,48.89,115.28
"Maytus Capital Management, LLC",,,,,,,,,,,,,,,,,inf,-100.0,,
"McAdam, LLC",,,,,,,,,,,,,,,,,,inf,-18.48,131.15
"McBroom & Associates, LLC",,,,,,,,,,,,,,,,,,,inf,107.99
"McCarthy Asset Management, Inc.",,,,,inf,23.36,-100.0,,inf,-100.0,,,,,,,,,,
"McClarren Financial Advisors, Inc.",,,,,,,,,,,,,,,,,,,,
"McDonough Capital Management, Inc",,,,,,,,,,,,,,,,,,,,inf
"McGlone Suttner Wealth Management, Inc.",,,,,,,,,,,,inf,31.62,-100.0,,inf,-100.0,,,inf
"McGowan Group Asset Management, Inc.",,,,,,,,,,,,,,,,,,,inf,370.04
"McGuire Investment Group, LLC",,,,,,,inf,-18.87,50.7,-66.98,-10.28,78243.75,30.33,95.51,4.37,7.31,1143.89,14.52,91.52,174.77
"McIlrath & Eck, LLC",,,,,,,,,,,,,,,,,inf,15.03,-93.69,103.31
McMill Wealth Management,,,,,,,,,,,,,,,,,,,,inf
"Measured Risk Portfolios, Inc.",,,,,,,,,,,,,,,,,,,,inf
Mediolanum International Funds Ltd,,,,,,,,,,,,,,,,,inf,793.47,37.37,247.26
"Meeder Advisory Services, Inc.",,,,,,,,,,,,,inf,102.49,-2.99,23.82,40.83,76.58,70.48,294.48
Meiji Yasuda Life Insurance Co,,,,,,,,,,,inf,0.0,-100.0,,,,,,,inf
Menard Financial Group LLC,,,,,,,,,,,,,,,,,,inf,46.44,127.68
"Mendota Financial Group, LLC",,,,,,,,,,,,,,,,,,,inf,-100.0
"Meridian Wealth Management, LLC",,,,,inf,66.05,-8.12,-100.0,,inf,-10.78,-100.0,,,inf,5.53,-100.0,inf,81.73,88.85
"Meridian Wealth Partners, LLC",,,,,,,,,,,,,,,,,,,,
"Meristem Family Wealth, LLC",,,,,,,inf,-24.34,-24.26,-100.0,,,,,,,,,,
"Merit Financial Group, LLC",,,,,,,inf,-100.0,inf,-33.94,2.77,78826.72,32.64,142.42,2.56,9.41,42.6,-10.61,42.92,171.66
"Meritas Wealth Management, LLC",,,,,,,,,,,,,,,,,,,,inf
"Meriwether Wealth & Planning, LLC",,,,,,,,,,,,,,,,,,,,inf
"Mesirow Financial Investment Management, Inc.",,,,,,,,,,,,,,,,,,inf,46.86,111.43
"Metis Global Partners, LLC",,,,,,,,,,,,,inf,79.22,16.44,-10.01,26.99,8.79,313.49,143.15
"Mezzasalma Advisors, LLC",,,,,,,,,,,,,,,,,,,,inf
"Midwest Professional Planners, LTD.",,,,,,,,,,,,,,inf,20.12,16.83,42.48,14.13,60.7,90.7
"Mill Creek Capital Advisors, LLC",,,,,,,,,,,,inf,-100.0,,,,,,,
"Millstone Evans Group, LLC",,,,,,,,,,,,,,,,,,,,inf
"Mine & Arao Wealth Creation & Management, LLC.",,,,,,,,inf,-33.33,-100.0,,,,,,,,,,
"MinichMacGregor Wealth Management, LLC",,,,,,,,,,,,inf,-100.0,,,,,,,
Minot DeBlois Advisors LLC,,,,,,,,,,,,,,,,,,,,inf
Minot Wealth Management LLC,,,,,,,,,,inf,-100.0,,,,,,,,,
"Miracle Mile Advisors, LLC",,,,,inf,-100.0,inf,-100.0,inf,-52.02,45.15,67961.34,31.62,81.64,-69.96,7.31,73.29,21.58,59.56,96.65
Mirador Capital Partners LP,,,,,inf,240.16,-8.56,-71.39,-46.31,-100.0,,,,,,,,,,inf
"Mirae Asset Global Investments Co., Ltd.",,,,,,inf,246.43,-24.23,290.48,57.84,-100.0,,inf,93.42,-3.17,171.68,26.14,-52.16,3336.54,742.23
"Mission Creek Capital Partners, Inc.",,,,,inf,-77.17,-100.0,,,,,,,,,,,,,
Mitsubishi UFJ Trust & Banking Corp,,,,,,inf,160.98,-26.74,-29.9,-22.8,-8.17,83126.54,34.71,94.35,1.71,6.36,25.87,4.15,54.41,98.32
"Modera Wealth Management, LLC",,,,,,,,,,,,,,,,,,,,inf
"Modern Wealth Management, LLC",,,,,,,,,,,,,,,,,,,,inf
"Modus Advisors, LLC",,,,,,,,,,,,,,,,,,,inf,103.6
"Moisand Fitzgerald Tamayo, LLC",,,,,inf,25.0,20.0,-33.33,-100.0,inf,0.0,73750.0,31.62,81.38,15.71,331.37,-80.39,10.08,46.84,106.02
"Moloney Securities Asset Management, LLC",,,,,inf,37.31,-0.56,-23.38,-39.71,-34.76,-11.21,79271.58,31.62,146.53,-100.0,,,inf,78.56,84.15
Monaco Asset Management SAM,,,,,,,,,,,,,,,,,,,,inf
Monashee Investment Management LLC,,,,,,,,,,,,,,,,,,,inf,-100.0
Monument Capital Management,,,,,,,,,,,,,,,,,,,inf,103.31
"Moors & Cabot, Inc.",,,,inf,5.09,43.61,23.77,-53.16,2.12,-32.38,3.45,202977.04,-46.02,265.43,56.85,14.28,20.57,57.11,28.09,74.51
Morningstar Investment Services LLC,,,,,,,,,,,,,,,,,,,inf,-100.0
"Morse Asset Management, Inc",,,,inf,293.47,-100.0,inf,-100.0,,,,,,,,,,inf,93615.77,-1.93
Mosley Wealth Management,,,,,,,,,,,,,,,,,,,inf,85.62
Moss Adams Wealth Advisors LLC,,,,,,,,,,,,,,,,,,,,inf
Murphy & Mullick Capital Management Corp,,,,,,,,,,,,,,,,,,,,inf
"Murphy, Middleton, Hinkle & Parker, Inc.",,,,,,,,,,,,,,,,,,,,inf
"Mutual Advisors, LLC",,,,inf,98.98,49.36,-12.13,45.25,-42.48,-56.86,-1.9,56614.68,23.65,110.89,10.46,-4.67,39.5,27.39,124.09,95.17
Myriad Asset Management Ltd.,,,inf,120.35,-100.0,,,,,,,,,,,,,,,
N.E.W. Advisory Services LLC,,,,,,,,,,,,,,,,,,inf,59.14,146.11
NAPA WEALTH MANAGEMENT,,,,,,,,,,,,,,,,,,,,inf
"NAPLES GLOBAL ADVISORS, LLC",,,,,,,,,,,,,,,inf,7.31,20.61,22.31,76.23,112.62
"NATIONS FINANCIAL GROUP INC, /IA/ /ADV",,,,,,,,,inf,-42.05,-0.98,79037.62,24.22,447.96,-84.89,277.97,133.31,-80.37,147.1,135.44
NATIXIS,,,,,inf,8.02,27.55,-24.53,-35.49,-68.13,150.38,42979.96,-100.0,,,inf,-100.0,,inf,191.49
NAVELLIER & ASSOCIATES INC,,,,,,,,,,,,,,,inf,46.03,50.48,7.29,13.56,166.18
"NBC SECURITIES, INC.",,,,,,,,,,,,,,,inf,-16.67,190.0,43.1,39.76,188.79
NBT BANK N A /NY,,,,,,,,,,,,,,,,,,,,inf
"NEIRG Wealth Management, LLC",,,,,,,,,,,inf,-100.0,,,,,,,,
NEOS Investment Management LLC,,,,,,,,,,,,,,,,,,,,inf
NEW MEXICO EDUCATIONAL RETIREMENT BOARD,,,,,,,,,,,,,,,,,,,inf,99.34
NEW THINKING (HONG KONG) INVESTMENT MANAGEMENT CO. Ltd,,,,,,,,,,,,,,inf,-100.0,,,,,
NEW WAVE WEALTH ADVISORS LLC,,,,,,,,,,,,,,,,,,,inf,176.41
NEW YORK LIFE INVESTMENT MANAGEMENT LLC,,,,,,,,,,,,,,,,,,,inf,362.55
NEW YORK STATE COMMON RETIREMENT FUND,,,,,,inf,8.08,-22.28,51.24,-65.53,-14.08,-19.47,158.43,-11.94,-12.62,-6.49,26.17,16.65,21.58,92.12
NEW YORK STATE TEACHERS RETIREMENT SYSTEM,,,,,,,,,,,,,,,,,,,inf,109.85
"NEXT Financial Group, Inc",,,inf,825.93,21.0,42.64,-7.53,-34.59,-100.0,,,,,,,,,,,
"NFP Retirement, Inc.",,,,,,,,,,,,,,,,,,,,inf
"NICOLET ADVISORY SERVICES, LLC",,,,,,,,,,,,,,,,,,inf,84.14,122.74
"NISA INVESTMENT ADVISORS, LLC",,,,,,inf,-95.4,1331.77,-91.27,492.5,-6.68,-82.67,77.39,1120718.38,-6.69,7.31,20.29,10.08,54.17,238.11
NISSAY ASSET MANAGEMENT CORP /JAPAN/ /ADV,,,,,,inf,161.32,-18.8,-21.47,-34.46,-6.18,78905.83,27.85,87.75,8.76,14.58,37.51,14.75,55.88,305.75
NKCFO LLC,,,,,,inf,18.6,-100.0,,,,,,,,,,,,
NOESIS CAPITAL MANGEMENT CORP,,,,inf,0.85,-100.0,,,,,,,,,,,,,,
NOMURA ASSET MANAGEMENT CO LTD,,,,,,inf,178.82,-21.01,-18.98,-29.76,-9.29,69.18,40.91,-3.66,3.58,14.88,36.81,26.3,70.19,129.93
NOMURA HOLDINGS INC,,,,inf,-100.0,,,,,,,,,,,,,,,
NORDEA INVESTMENT MANAGEMENT AB,,,,,,inf,717.8,-74.37,1141.8,-34.57,-16.56,77363.78,20.56,46.99,21.52,-9.03,30.84,22.27,56.27,99.97
NORDEN GROUP LLC,,,,,,,,,,,,,,,,,,,,inf
NORGES BANK,,,,,,,inf,-23.82,77443.2,-79.38,-4.34,-4.31,-88.79,171.42,199.91,29.52,-100.0,inf,-100.0,inf
NORTH AMERICAN MANAGEMENT CORP,,,,,inf,-100.0,,,,,,,,,,,,,,
NORTH STAR ASSET MANAGEMENT INC,,,,,,,,,,,,,,,,,,,inf,171.5
NORTHEAST INVESTMENT MANAGEMENT,,,,,,,,,,,,,,,,,,,,inf
NORTHERN OAK WEALTH MANAGEMENT INC,,,,,inf,1069.23,-19.08,-23.98,-24.6,-34.04,-12.9,-100.0,,,,,,,,
"NORTHWEST INVESTMENT COUNSELORS, LLC",,,,,,,,,,,inf,64100.0,-100.0,,,,,,inf,-100.0
"NORTHWEST WEALTH MANAGEMENT, LLC",,,,,,,,,,,,,,,,,,,,inf
NOVARE CAPITAL MANAGEMENT LLC,,,,inf,235.75,-52.66,-22.49,-100.0,,,inf,79186.67,49.38,59.85,-100.0,,,inf,39.06,65.92
NTV Asset Management LLC,,,,,,,,,,,,,,,,,,inf,46.12,97.36
"NVWM, LLC",,,,inf,0.0,50.0,-33.33,0.0,-50.0,0.0,-100.0,,,,,,,inf,103.13,-30.61
NWAM LLC,,,,,inf,44.57,-4.05,-11.04,-42.44,-17.65,-23.33,81226.71,15.71,108.62,27.02,10.85,50.75,16.58,63.72,70.66
"NWK Group, Inc.",,,,inf,80.0,-100.0,inf,-100.0,,,,,,,,,inf,-100.0,,
"Nadler Financial Group, Inc.",,,,,,,,,,,,,,,,,,,,inf
Naples Money Management LLC,,,,,,,,,,,,,,,,inf,-87.83,-100.0,inf,-100.0
National Pension Service,,,,,,,,inf,-4.34,-33.94,92046.65,-100.0,,inf,-7.95,22.99,37.84,5.73,80.01,235.06
"National Wealth Management Group, LLC",,,,,,,,,,,,,,inf,-100.0,,,,,inf
"Nearwater Capital Markets, Ltd",,,,,,,,,,,,,,,,,,,,inf
Nebula Research & Development LLC,,,,,,,,,,,,,,,inf,-67.46,416.99,-100.0,,
"Nelson, Van Denburg & Campbell Wealth Management Group, LLC",,,,,,,,,,,inf,104850.0,64.22,14.74,-100.0,,,,,
Nemes Rush Group LLC,,,,,,,,,,,,,,inf,1694.13,34.63,50.07,41.25,-29.21,339.46
Neo Ivy Capital Management,,,,,,,,inf,-12.44,-100.0,inf,18.46,-100.0,inf,163.04,-61.19,-100.0,inf,-100.0,inf
New England Capital Financial Advisors LLC,,,,,,,,,,,,inf,20.44,81.41,4.36,7.32,168.02,10.08,-26.57,103.32
"New England Research & Management, Inc.",,,,,inf,-100.0,,,,,,,,,,,,,,
New Insight Wealth Advisors,,,,,,,,,,,,,,,,,,,,inf
New Millennium Group LLC,,,,,,,,,,,,,,,,,,inf,-100.0,
"NewEdge Advisors, LLC",,,,,,,,inf,-37.28,-22.51,8.17,16236.5,439.57,103.94,101.83,18.43,113.32,109.33,63.39,103.89
"NewEdge Wealth, LLC",,,,,,,,inf,-100.0,,,,,inf,-100.0,,inf,52.8,59.87,174.0
NewSquare Capital LLC,,,,inf,-100.0,,,,,,,,,,,,,,inf,81.61
"Newbridge Financial Services Group, Inc.",,,inf,6100.0,23.09,54.83,2.9,-9.87,-12.1,-40.38,-17.97,74532.63,18.91,99.54,-0.13,12.95,33.96,-18.44,61.76,93.12
"Newman Dignan & Sheerar, Inc.",,,,,,inf,-100.0,,,,,,,,,,,,inf,36.8
Next Level Private LLC,,,,,,,,,,inf,-100.0,,,,,,,,,
"Next Level Wealth Planning, LLC",,,,,,,,,,,,,,,,,,,,inf
"Nikko Asset Management Americas, Inc.",,,,,inf,93.97,64.94,-25.98,-97.33,-69.72,-12.64,-100.0,,inf,26.84,19.66,59.78,12.75,48.48,36.08
"Nilsine Partners, LLC",,,,,,,,,,,,,,,,,,,,inf
NinePointTwo Capital LLC,,,,,,,,,,,,,inf,8.54,-4.12,7.42,-100.0,,,
"Nishkama Capital, LLC",,,,,,,,,,,inf,-100.0,,,,,,,,
"Nixon Capital, LLC",,,,,,,,,,,inf,-100.0,,,,,,,,
"North Fourth Asset Management, LP",,,,inf,-100.0,inf,-100.0,,,,,,,,,,,,,
North Star Investment Management Corp.,,,,,inf,21.28,-8.77,-23.08,-25.0,-33.33,-10.0,77477.78,25.87,81.42,54.55,7.31,34.01,42.25,107.01,133.02
"NorthRock Partners, LLC",,,,,inf,-100.0,,,,,,,,,,,,,,inf
"Northstar Advisory Group, LLC",,,,,,,,,,,,,,,,,,,,inf
Northwest & Ethical Investments L.P.,,,,,,,,,,,,,,,,,,,,inf
Northwest Capital Management Inc,,,,,,,,,,,,,,,,,,,,inf
Northwest Financial Advisors,,,,,,,,,,,,,,,,inf,34.0,10.09,46.86,-100.0
"NovaPoint Capital, LLC",,,,,,,,,,,,,,,,,,,inf,165.0
Numerai GP LLC,,,,,,,,,,,,,,,,,,,inf,42.66
"O'Dell Group, LLC",,,,,inf,76.0,-12.12,-25.0,-24.43,23.95,-91.72,-100.0,,inf,-100.0,inf,-100.0,,,inf
"O'Neil Global Advisors, Inc.",,,,,,inf,-21.42,-100.0,,,,,,,,,,,inf,96.43
"O'SHAUGHNESSY ASSET MANAGEMENT, LLC",,,,,,,inf,-100.0,,,,,,inf,120.53,134.9,73.49,24.43,119.62,139.86
OAK RIDGE INVESTMENTS LLC,,,,,,,,,,,,,,,,,,,inf,130.1
"OARSMAN CAPITAL, INC.",,,,,,,,,,,,,,,,,,,inf,76.24
OCCUDO QUANTITATIVE STRATEGIES LP,,,,,,,,,,,,inf,-100.0,inf,-13.43,-89.19,545.31,89.99,-50.69,-52.57
ODDO BHF ASSET MANAGEMENT SAS,,,,,,,,,,,,,,,,,,,inf,148.76
OFI INVEST ASSET MANAGEMENT,,,,,,,,,,,,,,,,,inf,2178.21,-100.0,inf
OIKOS HOLDINGS LLC,,,,inf,-100.0,,,,,,,,,,,,,,,
OLD NATIONAL BANCORP /IN/,,,,,,,,,,,,,,,,,,,,inf
OLD POINT TRUST & FINANCIAL SERVICES N A,,,,,,inf,9.58,-14.9,-5.78,-31.98,6.83,90279.43,29.55,77.13,2.03,-3.53,29.9,4.84,45.44,81.81
OLD SECOND NATIONAL BANK OF AURORA,,,,,,,,,,,,,,,,,,,,inf
OLIVER LAGORE VANVALIN INVESTMENT GROUP,,,,,,,,,,,,,,,,,,,inf,-100.0
OMERS ADMINISTRATION Corp,,,,,,,,,,,,,,,,,,inf,73.08,46.6
"ONEFUND, LLC",,,,,,,,,,,,,,,,,,,,inf
ONTARIO TEACHERS PENSION PLAN BOARD,,,,,,,,,,,,,,,,,inf,-100.0,,
OPPENHEIMER & CO INC,,,,inf,99.26,41.61,-50.69,-48.16,13.9,-36.25,-18.57,62038.64,34.69,183.33,16.64,19.71,82.31,49.47,74.99,100.09
OPSEU Pension Plan Trust Fund,,,,,,,,,,inf,-8.62,-100.0,,,,,,,,
OPTIMUM INVESTMENT ADVISORS,,,,inf,32.99,65.12,40.38,-76.92,-24.64,-32.69,-11.43,79922.58,-2.44,835.22,40.69,12.7,36.58,10.6,46.86,75.76
"OPTIONS SOLUTIONS, LLC",,,,,,,,,,,,,,inf,-100.0,,,,,
ORACLE INVESTMENT MANAGEMENT INC,,,,,,,,,,,,,,inf,-100.0,,inf,208.23,-0.34,21.98
OREGON PUBLIC EMPLOYEES RETIREMENT FUND,,,,,,inf,-1.29,4.05,-22.16,-100.0,,,,,,inf,-100.0,,inf,107.38
ORG Partners LLC,,,,,,,,,,,,,,inf,358.37,39.38,-96.43,6857.83,59.81,87.55
"ORG Wealth Partners, LLC",,,,,,,,,,,,,,,,,,,inf,111.69
"OSAIC HOLDINGS, INC.",,,,,,,,,,,,,,inf,-44.32,1.56,33.19,9.88,38.64,-100.0
OSTERWEIS CAPITAL MANAGEMENT INC,,,,,inf,83.88,-100.0,inf,-24.57,-33.91,-10.46,78903.6,31.62,81.42,4.37,-23.57,-16.16,10.08,17.49,-99.87
OVERSEA-CHINESE BANKING Corp Ltd,,,,,,,,,,,,,,,,inf,-100.0,inf,-100.0,inf
OXFORD ASSET MANAGEMENT LLP,,,,,,,,,,,,,,,,inf,-100.0,,,
Oak Harvest Investment Services,,,,,,,,,,,,,,,,,inf,470.21,-29.45,25.19
Oak Thistle LLC,,,,,,,,,,,,inf,150.86,36.89,-100.0,inf,-61.2,-100.0,inf,18.91
"Oakwell Private Wealth Management, LLC",,,,,,,,,,,,,,,,,,,,inf
"Oakworth Capital, Inc.",,,inf,153.85,0.0,12.12,-8.11,-26.47,-24.0,-31.58,-15.38,81609.09,31.62,81.42,4.37,7.31,34.01,10.08,46.86,103.31
"Ocean Capital Management, LLC",,,,,inf,59.72,-34.81,-22.07,-39.86,-48.84,-9.66,74581.76,-100.0,,,,,,,
"Octavia Wealth Advisors, LLC",,,,,,,,,inf,-100.0,inf,79630.0,34.27,125.48,-12.08,-100.0,,inf,78.11,101.02
"Oder Investment Management, LLC",,,,,,,,,,,,,,,inf,-6.49,47.08,16.45,45.84,90.57
"Old North State Wealth Management, LLC",,,,,,,,,,,,,,,,,,,,inf
"Olistico Wealth, LLC",,,,,,,,,,,,,,,,,,inf,46.86,103.31
Olympiad Research LP,,,,,,,,,,,,,inf,278.7,-64.52,169.97,-7.28,-100.0,,inf
"Omega Financial Group, LLC",,,,,,,,,,,,,,,,,,,,inf
"One Capital Management, LLC",,,,,,,,,,,,,,,,,,,,inf
"One Charles Private Wealth Services, LLC",,,,,,,,,,,,,,,,,,,inf,-100.0
"One River Asset Management, LLC",,,,,,,,,,,,,,,,,,inf,-94.24,98.59
"One Wealth Advisors, LLC",,,,,,,,,,,,inf,-100.0,,,,,,,
"One Wealth Management Investment & Advisory Services, LLC",,,,,,,,,,,,,,,,,,,,inf
OneAscent Financial Services LLC,,,,,,,,,,,,,,,,,inf,72.46,-6.14,89.01
OneAscent Wealth Management LLC,,,,,,,,,,,,,,,,,inf,66.67,13.43,26.2
OneDigital Investment Advisors LLC,,,,,,,,,,,,,,inf,2.32,20.64,88.52,42.4,51.28,114.87
Onyx Bridge Wealth Group LLC,,,,,inf,-100.0,,,,,,,,inf,27.55,-2.38,45.93,27.82,45.9,91.58
"Opal Wealth Advisors, LLC",,,,,,,,,,,,,,,,,,inf,-100.0,
Operose Advisors LLC,,,,,,,,,,,,,,,,,,,,inf
"Optas, LLC",,,,,,,,,,,,,,,,,,,inf,101.43
Oriental Harbor Investment Fund,,,,,,,,,,,,,,,,,,,,inf
Orion Capital Management LLC,,,,inf,0.0,13.11,14.49,436.71,-24.53,-34.06,-10.43,79022.22,31.62,79.08,-7.43,7.31,40.63,10.08,47.55,102.36
Orion Investment Co,,,,,,,,,,,,,,,,,,inf,64.06,104.3
"Orion Portfolio Solutions, LLC",,,,,,,,,,,,,inf,199.08,12.24,19.07,47.91,9.16,54.55,167.21
"Outlook Wealth Advisors, LLC",,,,,,,,,,,,,,,,,,,,inf
"Owen LaRue, LLC",,,,,,,,,,,,,,inf,129.73,9.83,40.2,8.82,81.39,105.61
"Owl Creek Asset Management, L.P.",,,,,,,,,,,,,,,,,,,,inf
"Oxford Wealth Group, LLC",,,,,,,,,,,,,,,,,,inf,-18.82,83.47
Oxinas Partners Wealth Management LLC,,,,,,inf,34.66,-48.79,-100.0,,,,,,,,,,,inf
"P-STS SPV GP I, LLC",,,,inf,-100.0,,,,,,,,,,,,,,,
"P-STS SPV GP IA, LLC",,,,inf,-100.0,,,,,,,,,,,,,,,
"PACIFIC CAPITAL WEALTH ADVISORS, INC",,,,,,,,,,,,,,,,,,inf,-100.0,
PACIFIC HEIGHTS ASSET MANAGEMENT LLC,,,,inf,133.76,13.18,-8.8,36.93,3.48,-31.38,-10.37,-100.0,,,inf,-100.0,,,inf,-100.0
"PALO ALTO WEALTH ADVISORS, LLC",,,,,,,,,,,,inf,-27.49,-66.45,-100.0,,,,,
PANAGORA ASSET MANAGEMENT INC,,,,,,inf,47.16,-24.58,-25.43,1.14,-8.37,61929.88,-9.67,81.42,4.37,206.46,867.61,-76.47,2032.87,95.51
PARADIGM ASSET MANAGEMENT CO LLC,,,,,,,,,,,,,,,,,,,,inf
PARK AVENUE SECURITIES LLC,,,,,inf,90.94,-26.68,64320.49,-99.89,8.96,87913.7,-20.23,-99.82,107.76,10.53,55.01,73.62,19.86,78.38,166.73
PARK CIRCLE Co,,,inf,460.0,0.0,14.29,-9.38,-31.03,-50.0,-40.0,0.0,74800.0,31.62,81.42,4.37,7.31,34.01,10.08,46.86,306.61
PARUS FINANCE (UK) Ltd,,,,,,,,,,,,,,,,,inf,216.19,-85.94,-57.47
"PATHSTONE FAMILY OFFICE, LLC",,,,inf,830.36,116.31,-53.55,-36.29,-31.83,69478.15,-26.3,899.75,-90.04,241.0,-32.81,-100.0,,,,
"PATRIOT INVESTMENT MANAGEMENT GROUP, INC.",,,,,,,,,,,,inf,13.07,81.42,4.74,-15.21,37.55,10.08,46.86,-33.23
"PATRON PARTNERS, LLC",,,,,,,,,,,,,,,inf,6.33,43.62,20.22,-4.57,54.56
"PATTON FUND MANAGEMENT, INC.",,,,,,,,,,,,,,,,,,,,inf
"PAX Financial Group, LLC",,,,,,,,,,,,,,,,,,,,inf
PCA Investment Advisory Services Inc.,,,,,,,,,,,,,,inf,-100.0,,,,,inf
"PDS Planning, Inc",,,,,,,,,,,,,,,,,,,,inf
"PDT Partners, LLC",,,,,,,,,,inf,-100.0,,,,,,,inf,46.86,103.31
PEAPACK GLADSTONE FINANCIAL CORP,,,,,,,,,,,inf,-21.03,18.34,115.0,4.42,7.35,29.67,10.08,-24.42,99.23
"PEDDOCK CAPITAL ADVISORS, LLC",,,,inf,-100.0,,,,,,,,,,,,,,,
"PERSONAL CFO SOLUTIONS, LLC",,,,inf,-100.0,,,,,,,,,,,,,,,
PFG Advisors,,,,,,,,inf,-8.57,-31.25,-2.27,82131.01,44.44,89.08,5.65,18.2,60.25,25.32,57.41,21.84
"PFG Investments, LLC",,,,,,,,,,,,,inf,102.45,49.92,13.57,190.6,48.42,69.16,137.91
"PFS Partners, LLC",,,,,,,,,,,,,,,,,,,,inf
PGGM Investments,,,,,,,,,,,,,,,,,inf,-100.0,inf,1695.64
PHILADELPHIA TRUST CO,,,,,,,inf,30.01,-100.0,,,,,,,,inf,15.96,46.96,150.14
"PHYSICIANS FINANCIAL SERVICES, INC.",,,,,,,,,,,,,,,,,,,,inf
PICTET ASSET MANAGEMENT Holding SA,,,,,,,,,,,,,,,,,inf,-100.0,,
PICTET ASSET MANAGEMENT SA,,,,,,,,,,,,,,inf,-100.0,,,,,
PICTON MAHONEY ASSET MANAGEMENT,,,,,,,,,,,,,,,,,,,,inf
PIN OAK INVESTMENT ADVISORS INC,,,,,,,,inf,-24.67,-34.06,-9.93,-21.32,30.84,81.43,-8.27,-39.48,34.75,11.58,46.23,0.32
"PINEBRIDGE INVESTMENTS, L.P.",,,,,,,,,,,,,,inf,137.55,96.03,55.86,-6.12,25.84,215.76
PINNACLE ASSOCIATES LTD,,,,inf,1.0,54.68,19.32,-16.46,-26.94,-33.67,-9.45,169008.74,-28.73,72.65,4.83,3.39,75.34,8.8,-47.58,367.23
PINNBROOK CAPITAL MANAGEMENT LP,,,,,,,,,,,,,,,,,,,,inf
"PINNEY & SCOFIELD, INC.",,,,,,,,,,,,,,,,,,,,inf
PITTENGER & ANDERSON INC,,,,,inf,12.77,-9.43,-100.0,,,,,,,inf,47.55,52.29,5.68,46.86,162.6
"PKS Advisory Services, LLC",,,,,,,,,,,,,,,,,,,,inf
PLUSTICK MANAGEMENT LLC,,,,,,,,inf,-73.05,-100.0,,,,inf,8.31,7.31,34.01,4.08,35.56,-100.0
PRAKASH INVESTMENT ADVISORS LLC,,,,,,,,,,,,,,,,,,,,inf
"PRELUDE CAPITAL MANAGEMENT, LLC",,,,,,inf,-9.88,-100.0,,,,,,,,,,,,
PRICE MICHAEL F,,,inf,147.87,-20.42,13.14,-8.74,-24.25,-24.7,-100.0,,,,,,,,,,
PRICE T ROWE ASSOCIATES INC /MD/,,,inf,-98.18,37.71,102.57,152.24,-21.85,-18.5,-30.24,-100.0,,,,inf,5524500.0,-5.89,-3.24,125.73,88.5
"PRIMORIS WEALTH ADVISORS, LLC",,,,,,,,,,,,,,,,,,inf,45.37,94.13
"PRINCIPAL SECURITIES, INC.",,,,,,,,,,,,,,,,inf,113.92,50.39,33.46,99.05
PRIVATE ASSET MANAGEMENT INC,,,,,inf,336.95,20.5,-1.98,-12.22,-69.5,-8.72,-72.61,-100.0,,,,,,,
"PROEQUITIES, INC.",,,inf,-67.74,210.0,-100.0,,,,,,,,,,,,,,
PROFFITT & GOODSON INC,,,,,,,,,inf,20.0,-8.33,76354.55,31.63,81.42,9.63,2.17,34.02,10.08,-100.0,
PROFUND ADVISORS LLC,,,,,,,inf,-20.39,-43.51,-41.61,-10.64,76572.62,-100.0,,,,,,inf,878.92
"PROMETHIUM ADVISORS,LLC",,,,,,,,,,,,,,,,,,,inf,72.66
"PROSPERA PRIVATE WEALTH, LLC",,,,,,,,,,,,,,,,,,,inf,-100.0
PROVENCE WEALTH MANAGEMENT GROUP,,,,,,,,,,,,,,,inf,7.31,-100.0,,,
"PSI Advisors, LLC",,,,,,,inf,-60.0,-25.0,-33.33,0.0,64100.0,31.62,81.42,4.37,7.31,141.23,21.7,46.86,306.09
PUBLIC EMPLOYEES RETIREMENT ASSOCIATION OF COLORADO,,,,,,inf,142.41,-24.0,-24.85,-34.04,-10.27,-21.07,0.58,81.39,108.74,-46.34,30.17,7.52,102.81,107.54
PUBLIC EMPLOYEES RETIREMENT SYSTEM OF OHIO,,,,,,inf,-10.17,-25.2,-27.89,-31.04,-9.65,82005.87,27.73,68.26,-5.99,12.09,23.77,14.55,49.4,94.91
PUBLIC SECTOR PENSION INVESTMENT BOARD,,,,,,,,,,,,inf,-100.0,,,,,,,
PURSUE WEALTH PARTNERS LLC,,,,,,,,,,,,,,,,inf,37.34,-0.21,-100.0,
"Pacer Advisors, Inc.",,,,,,inf,-67.19,50.79,-40.0,-31.58,-33.33,66396.15,31.62,110.86,4.37,-9.9,6631.35,-53.28,552.09,387.43
"Pacific Capital Wealth Advisors, Inc.",,,,,,,,,,,,,,,,,,,inf,103.32
Pacific Heights Asset Management LLC,,,,,,,,,,,,inf,63.46,81.42,-100.0,inf,34.01,10.08,-100.0,inf
Pacitti Group Inc.,,,inf,200.0,44.44,7.69,307.14,-100.0,,,,,,,,,,,,
"Palacios Wealth Management, LLC",,,,,,,,,,,,,,,,,,,,inf
Pallas Capital Advisors LLC,,,,,,,,,,,,,,,,,,,inf,161.29
Palumbo Wealth Management LLC,,,,,,,,,,,,,,,,,,,inf,130.86
"Pantheon Investment Group, LLC",,,,inf,4.74,15.08,-16.55,-8.78,-100.0,,,,,,,,,,,
Paragon Capital Management Ltd,,,,,,,,inf,-100.0,,,,,,,,,,,
"Parallax Volatility Advisers, L.P.",,,,inf,200.73,2.54,-42.22,-7.79,114.13,-68.4,-9.84,73467.81,-61.35,301.72,-23.97,16.35,-59.38,123.56,149.49,42.55
"Parallel Advisors, LLC",,,,inf,597.9,16.14,92.16,-63.96,-25.28,-34.6,59.86,78690.57,145.4,41.3,1.15,-48.42,27.32,10.38,44.05,72.21
Parametric Portfolio Associates LLC,,,,inf,-43.56,3186.49,-17.07,-52.92,73.21,-100.0,,,,,,,,,,
Parcion Private Wealth LLC,,,,,,,,,,,,,,,,,,,inf,100.68
Parisi Gray Wealth Management,,,inf,159.0,3.09,13.11,-7.62,235.84,-42.9,-34.21,-10.23,78876.11,31.62,0.0,106.18,9.97,52.68,15.81,79.35,80.47
Park Place Capital Corp,,,,,,,,,,,,inf,133700.0,152.82,4.38,7.32,-19.23,10.09,46.86,71.21
"Park Square Financial Group, LLC",,,,,,,,,,,,,,,,,,,,inf
"Parker Investment Management, LLC",,,,,inf,-75.09,394.54,-54.33,3.31,-42.49,25.05,25.86,87593.74,78.39,39.46,105.47,76.87,-62.33,50.07,83.09
Parkside Financial Bank & Trust,,,,,,,inf,700.0,-62.5,-33.33,0.0,64100.0,31.62,81.42,27.85,13.9,75.74,166.32,138.53,628.87
Parkwood LLC,,,,,,,,,,,,,,,,,,inf,-100.0,
"Parkworth Wealth Management, Inc.",,,,,,,,,,,,,,,,,,,,inf
"Pathstone Holdings, LLC",,,,,,,,,,,,,,,,inf,39.46,25.32,56.74,117.61
"Pathway Financial Advisers, LLC",,,,,,,,,,,,,,,,,,inf,193.49,-66.11
"Patriot Financial Group Insurance Agency, LLC",,,,,inf,33.33,8375.0,-27.43,-46.34,-41.67,-100.0,,inf,-100.0,,,inf,48.28,53.16,125.53
Patriot Investment Management Inc.,,,,,,inf,-100.0,,inf,-2.0,-4.76,-100.0,,,,,,,,
Paulson Wealth Management Inc.,,,,inf,294.5,13.37,-8.83,-24.4,-52.8,-83.85,-56.38,-100.0,,,,,,,,
"Peachtree Investment Partners, LLC",,,,,,,,,,,,,,,,,,,,inf
"Peak Financial Management, Inc.",,,,,,,,,,,,,,,,,,,,inf
"Pearl River Capital, LLC",,,,,,,,,,,,,inf,424.82,-100.0,inf,-44.02,-100.0,,
"Pekin Hardy Strauss, Inc.",,,,inf,10.73,10.08,57.39,-100.0,,,,,,,,,,,inf,79.63
"Peninsula Wealth, LLC",,,,,,,,,,,,,,,,,,,inf,118.91
Pensionfund DSM Netherlands,,,,,,,inf,-24.19,-100.0,,,,,,,,,,,
Pentwater Capital Management LP,,,,,,,,,,,,,,,,,,,inf,-100.0
"Per Stirling Capital Management, LLC.",,,,,,,,,,,,,,,,,,,,inf
"Perennial Investment Advisors, LLC",,,,inf,-100.0,inf,-40.96,-21.73,-23.08,-27.39,-8.98,71934.87,286.68,-33.25,-16.98,-25.87,135.1,34.49,91.34,170.78
"Perfromance Wealth Partners, LLC",,,,,,,,,,,,,,,,,,inf,140.25,185.36
"Perigon Wealth Management, LLC",,,,inf,1557.09,-3.24,-11.59,-22.51,-25.78,-33.32,-9.02,159333.77,-42.05,254.98,-51.87,7.13,46.4,12.72,74.82,25.99
Perpetual Ltd,,,,,,,,,,,,,,inf,-100.0,,,,inf,164.16
Peterson Wealth Services,,,,,,,,,,,,,,,,,,,inf,765882.34
"Pflug Koory, LLC",,,,,,,,inf,0.0,-100.0,,,,,,,,,,
"PharVision Advisers, LLC",,,,,,,,,,,,,,,,,,,,inf
"Philip James Wealth Mangement, LLC",,,,,,,,,,,,,,,,,,,,inf
Phoenix Wealth Advisors,,,,,,inf,32.28,-34.67,-100.0,,,,,,,,,,,
"Physician Wealth Advisors, Inc.",,,,,,,,,,,,,,,,,,,,inf
Pictet Asset Management Holding SA,,,,,,,,,,,,,,,inf,7.69,-100.0,inf,76.95,102.22
Pictet North America Advisors SA,,,,,,inf,83.19,-100.0,,,,,,,,,,,,
Pilgrim Partners Asia Pte Ltd,,,,,,,,,,,,,,,,,,,,inf
Pine Valley Investments Ltd Liability Co,,,,,,,,,,,,,,,inf,237.62,-36.71,15.72,49.06,100.0
Pineridge Advisors LLC,,,,,,,,,,,,,,,,,,,,inf
Pingora Partners LLC,,,,,,,,,,,,,,,,inf,34.01,10.08,46.85,103.31
"Pinion Investment Advisors, LLC",,,,,,,,,,,,,,,,,,,,inf
"Pinkerton Retirement Specialists, LLC",,,,,,,,,,,,,,,,inf,-100.0,,,inf
"Pinnacle Bancorp, Inc.",,,,,inf,13.89,68.29,-24.64,-100.0,,,,,,,,inf,94.56,46.86,101.38
"Pinnacle Family Advisors, LLC",,,,inf,-100.0,,,,,,,,,,,,,,,
"Pinnacle Holdings, LLC",,,,inf,-20.88,13.18,-8.8,-100.0,,inf,89.64,-50.23,31.62,81.42,4.37,7.31,34.01,422.89,174.4,109.39
"Pinnacle Wealth Management, LLC",,,,,,,,,,,,,,,,,,,inf,104.49
"Pinnacle Wealth Planning Services, Inc.",,,,inf,-100.0,,,,,,,,,,,,,,,inf
"Pinz Capital Management, LP",,,,,,,inf,-100.0,,,,,,,,,,,,
"Plancorp, LLC",,,,,,,,,,,,,,,,,,,,inf
Planning Capital Management Corp,,,,,,,,,,,,,,,,,,inf,4187.5,-100.0
"Plante Moran Financial Advisors, LLC",,,,,inf,-100.0,,inf,-100.0,,inf,131200.0,-100.0,,inf,7.29,34.03,413.76,46.86,106.21
Platform Technology Partners,,,,,,inf,-8.75,-34.54,-22.24,-30.82,-11.86,77766.55,31.62,95.18,1.01,10.24,-100.0,inf,-47.28,95.21
Plato Investment Management Ltd,,,,,,,,,,,,,,,,inf,6182.01,-54.81,46.71,87.51
"Poehling Capital Management, INC.",,,,,,,,,,,,,,,,,,,,inf
PointState Capital LP,,,,inf,-100.0,,,,,,,,,,,,,,,
Polymer Capital Management (HK) LTD,,,,,,,,,,,,,,,,,inf,-100.0,,inf
"Portolan Capital Management, LLC",,,,,,,,,,,,,inf,-100.0,,,,,,
"Portside Wealth Group, LLC",,,,,,,,,,,,,,,,,,,inf,66.48
Post Resch Tallon Group Inc.,,,,,,,,,,,,,,,,,,,,inf
"Prairie Wealth Advisors, Inc.",,,,,,,,,,,,,,,,,inf,12.84,43.61,95.15
"PrairieView Partners, LLC",,,,,,,,,,,,,,,inf,0.0,100.0,-50.0,100.0,100.0
"Prasad Wealth Partners, LLC",,,,,,,,,,,,,,,,,,,,inf
"Premier Path Wealth Partners, LLC",,,,,,,,,,,,,,,,inf,54.86,18.67,62.4,109.92
Prestige Wealth Management Group LLC,,,,,inf,0.0,0.0,0.0,-100.0,inf,-50.0,55800.0,163.33,81.25,4.35,7.33,-33.0,10.09,1143.97,55.03
Price Jennifer C.,,,,,,,,,,inf,-35.32,-100.0,,,,,,,,
Primavera Capital Management Ltd,,,inf,-98.57,68577.18,13.18,-8.8,-24.25,-24.6,-33.94,-10.36,78867.28,31.62,-7.46,4.37,7.31,34.01,10.08,-100.0,
"Prime Capital Investment Advisors, LLC",,,,,,inf,-100.0,,,,inf,181906.98,-16.92,364.99,15.67,30.23,296.73,77.29,78.51,111.63
Princeton Global Asset Management LLC,,,,,inf,19.57,157.09,-79.81,-21.15,-40.0,-3.25,-21.01,131144.68,81.42,-2.78,24.67,36.56,16.92,61.03,7.78
Principle Wealth Partners LLC,,,,,,,,,,,,,,,,inf,180.92,-0.18,65.34,16.75
"Private Advisor Group, LLC",,,inf,68.55,1104.29,4.9,40.88,-34.9,81.66,-71.49,-27.21,7102.09,1146.87,113.94,-4.4,12.13,55.2,23.5,35.2,119.62
Private Advisory Group LLC,,,,,,,,,,,,,,,,,,,,inf
"Private Capital Advisors, Inc.",,,,,,,,,,,,,,,,,,inf,-100.0,
"Private Capital Group, LLC",,,inf,140.0,-4.17,21.74,78.57,-78.0,100.0,18.18,-100.0,,,,,,,,,
"Private Ocean, LLC",,,,,,,inf,55.56,-25.0,-35.71,-7.41,40372.0,31.62,81.42,4.37,7.31,34.01,10.08,-100.0,
Private Portfolio Partners LLC,,,,,,,,,,,,,,,,,,inf,51.86,92.07
"Private Wealth Management Group, LLC",,,,,,,,,,,,,,,,inf,7.53,10.61,37.87,91.68
"Private Wealth Partners, LLC",,,,,,,inf,-16.6,-100.0,,,,,,,,,,,
"Private Wealth Strategies, L.L.C.",,,,,,,inf,-100.0,,,,,,,,,,,,
Privium Fund Management (UK) Ltd,,,,,,,,inf,-100.0,,,,,,,,,,,
Privium Fund Management B.V.,,,,,,,,inf,-11.54,-29.7,-97.76,-100.0,,inf,73.68,169.93,-28.16,12.33,53.08,58.93
ProShare Advisors LLC,,,,,inf,24.02,211.34,6.32,-42.58,-54.02,-19.64,72054.48,-100.0,inf,4.37,-100.0,inf,26.52,4063.11,1490.99
Proactive Wealth Strategies LLC,,,,,,,,,,,,,,,,,,,,inf
"Probity Advisors, Inc.",,,,,,inf,16.29,-100.0,,,inf,93718.29,-100.0,inf,12.91,13.23,34.82,18.0,37.16,-100.0
"Procyon Advisors, LLC",,,,,,,,,inf,-61.04,-100.0,,,,inf,101.79,31.37,15.18,66.38,6.75
"Procyon Private Wealth Partners, LLC",,,,,inf,39.48,-6.7,-53.68,-100.0,,,,,,,,,,,
Proficio Capital Partners LLC,,,,,,,,,,,,,inf,-100.0,,,,,,inf
Prospect Financial Services LLC,,,,,,,,,,,,,,,,inf,89.81,21.3,103.29,100.63
Prospera Financial Services Inc,,,,,,,,,inf,-34.0,-100.0,inf,75.59,85.77,38.83,32.16,30.81,20.98,40.34,527.96
"Prosperity Consulting Group, LLC",,,,,,,,,,,,,,,,,inf,-100.0,,inf
"Prosperity Financial Group, Inc.",,,,,,,,,,,,,,,,inf,34.79,13.8,53.73,72.61
"Prosperity Wealth Management, Inc.",,,,,,,,,,,,inf,-55.63,270.7,12.12,-3.28,18.45,18.48,27.94,6.71
"Providence Capital Advisors, LLC",,,,,inf,10.42,-9.43,-24.17,-24.73,-33.58,-10.99,-100.0,,,,,inf,62.21,46.83,-100.0
Public Sector Pension Investment Board,,,inf,-100.0,,,,,,,,,inf,98.91,-100.0,,,,inf,603.15
"Pure Financial Advisors, LLC",,,,,,,,,,,,,,,,,,,inf,34.05
"Purus Wealth Management, LLC",,,,,,,,,,,,,,,,,,,inf,131.53
"QCM Cayman, Ltd.",,,,,,,,,inf,-100.0,,inf,44.03,11.93,-100.0,,,,,
"QRG CAPITAL MANAGEMENT, INC.",,,,,,,,,,,,,,,inf,22.77,10.93,8.57,53.37,77.94
QUADRANT CAPITAL GROUP LLC,,,,,,inf,355.56,-52.44,17.95,-6.52,-69.77,13038.46,378.45,83.28,4.37,46.31,35.32,39.96,75.29,424.45
QUATTRO FINANCIAL ADVISORS LLC,,,,,,,,,,,,,,,,,,,inf,94.7
"Qsemble Capital Management, LP",,,,,,,,,,,,,,,inf,-100.0,inf,126.19,-81.94,-100.0
Qtron Investments LLC,,,,,,,,,,,,,,,,,,,inf,26.1
"Quadcap Wealth Management, LLC",,,,,,,,,,,,,,,,,,,inf,44.61
"Quadrant Private Wealth Management, LLC",,,,,,,,,,,,,,,,,,,inf,215.97
Quadrature Capital Ltd,,,,inf,8.3,606.03,-57.13,-75.65,15.48,70.08,61.71,34245.61,131.78,-100.0,inf,-38.28,139.18,-12.93,-100.0,
Quantamental Technologies LLC,,,,,,,,,,,,,,inf,-100.0,,,,,
Quantbot Technologies LP,,,,inf,-100.0,,inf,-94.84,-100.0,,inf,-100.0,,,,inf,-100.0,,inf,-100.0
Quantinno Capital Management LP,,,,,,,,,inf,-36.96,-16.23,-100.0,inf,204.39,-30.55,4.15,52.99,75.46,538.78,217.71
"Quantum Private Wealth, LLC",,,,,,,,,,,,,,,,,,inf,48.46,103.31
"Quartz Partners, LLC",,,,,,,,,,,,,,,,,,,inf,111.22
Qube Research & Technologies Ltd,,,,inf,48.08,-100.0,,inf,-100.0,inf,-100.0,,inf,-100.0,,inf,99.24,-96.09,-20.3,695.84
"Quent Capital, LLC",,,,,,,,,,inf,-10.0,78300.0,92.57,81.41,5.02,39.81,49.27,-34.83,399.54,97.33
Quest Partners LLC,,,,,,,,,,,,,,,,inf,-35.17,-100.0,,
Quinn Opportunity Partners LLC,,,,,,,,,inf,-70.03,79049.57,-21.11,31.62,-100.0,,,,,,
Quintet Private Bank (Europe) S.A.,,,,,,,,,,inf,-100.0,,inf,-85.8,937.09,-48.96,228.87,204.91,1.68,-37.69
"Quotient Wealth Partners, LLC",,,,,,,,,,,,,,,,,,inf,78.54,117.61
R Squared Ltd,,,,,,,,,,,,,,,,,,,,inf
R.P. Boggs & Co.,,inf,-100.0,,inf,19.95,-4.79,-28.04,-100.0,,,,,,,,,,,
R.P. Boggs & Co. Wealth Mangement,,,,inf,-100.0,,,,,,,,,,,,,,,
RAYMOND JAMES & ASSOCIATES,,,inf,606.34,79.49,19.91,10.79,-47.65,-16.92,-55.23,27.07,89167.05,92.5,138.26,24.0,23.25,15.0,38.5,59.44,-100.0
RAYMOND JAMES TRUST N.A.,,,,,,,,,,,inf,-100.0,,,,,,inf,299.64,-100.0
"RB Capital Management, LLC",,,,,,,,,,,,,,,,,,,,inf
RDA Financial Network,,,,,,,,,,,,,,,,,,,,inf
READYSTATE ASSET MANAGEMENT LP,,,,,,,,,,,,,,,inf,-100.0,,,inf,-100.0
"REAP Financial Group, LLC",,,,,,,,,,,,,,,,,,,,inf
REGENTATLANTIC CAPITAL LLC,,,,,inf,26.5,-5.74,-30.29,-12.6,-35.0,-12.67,-100.0,,,,,,,,
REGENTS OF THE UNIVERSITY OF CALIFORNIA,,,,,inf,-100.0,,,,,,,,,,,,,,
REGIONS FINANCIAL CORP,,,,,inf,-100.0,,,,,,,,,,,,inf,66.35,-100.0
"REILLY FINANCIAL ADVISORS, LLC",,,,inf,7.69,17.86,-9.09,-23.33,-100.0,,,,,,,,,,,
RENAISSANCE TECHNOLOGIES LLC,,,,,,inf,1376.6,-14.34,-35.62,48.88,5.29,2.49,24.32,77.78,14.35,7.28,45.58,91757.78,42.79,20.6
"RFG Advisory, LLC",,,,,,,,,,,,,,,,,,,inf,196.55
"RFG Holdings, Inc.",,,,,,,,,,,,,,,,,,,inf,227.96
RFP Financial Group LLC,,,,,,,,,,,,,,inf,-47.81,25.37,-21.11,-5.59,-100.0,
"RHS Financial, LLC",,,,,,inf,-8.8,-100.0,,,,,,,,,,,,
RHUMBLINE ADVISERS,,,,inf,-1.18,15599.6,-9.48,-20.02,-28.58,-22.13,-1.77,-16.38,42.5,212919.56,5.62,8.39,33.21,14.28,117.67,102.75
RIA Advisory Group LLC,,,,,,,,,,,,,,,,,inf,-100.0,inf,-40.86
"RICHARDS, MERRILL & PETERSON, INC.",,,,,,,,,,,,,,,,,,,,inf
"RIK SAYLOR FINANCIAL, INC.",,,,,,,,,,,,,,,,,,,,inf
RITHOLTZ WEALTH MANAGEMENT,,,,,,,,,,,,,,,,,,,,inf
"RIVERSEDGE ADVISORS, LLC",,,,,,,,,,,,,,,,,,inf,169.64,103.84
RKL Wealth Management LLC,,,,,,,,,,,,,,,,,,,inf,108.81
RMR Wealth Builders,,,,inf,1353.33,-100.0,,,inf,-100.0,,,,,,,,,inf,316.27
"ROGCO, LP",,,,,,,,,,,,,,,,,inf,10.08,46.86,15.89
ROMAN BUTLER FULLERTON & CO,,,,,,,,,,,,,,,,,,,,inf
ROMANO BROTHERS AND COMPANY,,,,,,,,,,,,inf,-100.0,,,,,,,
ROTHSCHILD INVESTMENT LLC,,,,,,,,,,,,,,,,inf,23.29,183.01,70.9,149.78
ROWLANDMILLER & PARTNERS.ADV,,,,,,,,,,,,,,,,,,,,inf
ROYAL BANK OF CANADA,,,,,,inf,793.95,-23.92,-26.77,10.49,43.7,-100.0,,,,,,,,
ROYAL LONDON ASSET MANAGEMENT LTD,,,,,,,inf,-23.96,-48.49,-30.36,-55.07,79706.16,37.67,99.18,7.04,119.09,-31.47,17.66,51.72,105.98
"RPG Investment Advisory, LLC",,,,,,,,,,,,,,,,,inf,50.86,11.78,102.04
"RPg Family Wealth Advisory, LLC",,,,,,,,,,,,,,,,,,,inf,-100.0
"RVW Wealth, LLC",,,,,inf,-100.0,,,,,,,,,inf,-100.0,,,,
"RWA WEALTH PARTNERS, LLC",,,,,,,,,,,,,,,,,,,,inf
"Rafferty Asset Management, LLC",,,,,,,inf,27.39,-100.0,,,,,,,,,inf,9767.03,177.09
Raleigh Capital Management Inc.,,,,,,,,,,,,,,,,,,inf,357.86,354.27
Range Financial Group LLC,,,,,,,,,,,,,,,,,,,,inf
Rathbone Brothers plc,,,,inf,199.65,21.22,-8.82,-100.0,,,,,,,,,,,,
Rathbones Group PLC,,,,,,,,inf,14.09,-20.13,-100.0,,inf,68.68,26.53,-8.46,-100.0,inf,48.16,52.4
Rathbones Group Plc,,,,,,,,,,,inf,39381.33,-100.0,,,,inf,-100.0,,
"Raymond James Financial Services Advisors, Inc.",,,inf,1093.76,27.94,51.16,-5.38,-32.5,3.51,-47.53,-2.74,87712.84,31.4,86.13,21.73,18.85,49.37,16.96,94.79,-100.0
Realta Investment Advisors,,,,,,,,,,,,,,,,inf,30.27,19.08,14.31,160.52
Red Wave Investments LLC,,,,,inf,12.66,-8.24,33.47,-57.49,-33.81,-10.87,80768.29,31.62,-100.0,,,,,,
"Redhawk Wealth Advisors, Inc.",,,,,,inf,-100.0,,,,,,,,,,inf,-100.0,,inf
Redpoint Investment Management Pty Ltd,,,,,,,inf,-100.0,inf,-4.31,-10.59,-100.0,,,,,,,,
"Redwood Investment Management, LLC",,,,inf,-100.0,inf,-100.0,inf,-79.34,59.48,-25.23,-21.03,-100.0,,,,,,,
Redwood Park Advisors LLC,,,,,,,,,,,,,,,,,,,,inf
"Redwood Wealth Management Group, LLC",,,,,,,,,,,,inf,37.6,85.14,-1.86,3.53,34.37,-100.0,inf,45.9
Regal Investment Advisors LLC,,,,,,inf,-6.97,-26.18,-15.05,-36.4,-13.82,-100.0,inf,82.49,228.63,10.51,53.64,33.45,-31.09,-28.54
Regal Partners Ltd,,,,,,,,,,inf,39495.8,97.85,-32.85,-100.0,,,,,,
"Regal Wealth Group, Inc.",,,,,,,,,,,,,,,,,,,,
Regency Capital Management Inc.\DE,,,,,inf,-100.0,,,,,,,,,,,,,,
Regent Peak Wealth Advisors LLC,,,,,,,,,,inf,-9.62,78568.51,-100.0,,,,,,,inf
Register Financial Advisors LLC,,,,,,,,,,,,inf,31.62,81.42,4.37,-100.0,inf,10.08,-100.0,
Rehmann Capital Advisory Group,,,,inf,281.4,23.76,21.58,-100.0,,inf,-100.0,inf,-100.0,,,,,,inf,132.45
"Relative Value Partners Group, LLC",,,,,,,,,,,,,,,,inf,-6.31,-100.0,,
Relyea Zuckerberg Hanson LLC,,,,,,,,,,,,,,,,,,,,inf
Renaissance Capital LLC,,,,inf,-64.21,483.55,-62.11,-34.15,-41.98,3.76,-24.49,77771.25,18.69,115.28,36.11,-100.0,,,,
"Requisite Capital Management, LLC",,,,,,,,,,,,,,,,,,,,inf
Resolute Advisors LLC,,,,inf,363.97,126.31,-54.34,-24.23,-24.7,-33.87,-10.57,-100.0,,,,,,,,inf
Resolute Partners Group,,,,inf,367.41,-100.0,,,,,,,,,,,,,,
"Resonant Capital Advisors, LLC",,,,,,,,,,,,,,,,,,,,inf
"Resources Investment Advisors, LLC.",,,,,,inf,-100.0,,,inf,-6.09,73367.59,69.48,-100.0,,,,,,
Resurgent Financial Advisors LLC,,,,,,,,,,,,inf,-100.0,,,,,,,
"Retirement Group, LLC",,,,inf,9.56,-99.38,16.67,-28.57,-40.0,-33.33,-100.0,,,inf,4.37,-46.34,34.01,-100.0,,
"Retirement Income Solutions, Inc",,,,,,,,,,,,,,,,,,,,inf
"Retirement Planning Co of New England, Inc.",,,,,,,,inf,-100.0,,,,,,,,,,,
"Retirement Planning Group, LLC",,,,,,,,,,,,,,,,,inf,12.12,60.48,104.91
Retirement Systems of Alabama,,,,,,,,,,,,,,,,,,,inf,105.01
"Revolve Wealth Partners, LLC",,,,,,,,,,,,,,,,,,,,inf
"Rialto Wealth Management, LLC",,,,,,,,,,,,,,,,,,,,inf
"Richard W. Paul & Associates, LLC",,,,,,,,,,,,,,,inf,-100.0,,inf,46.85,103.31
Ridgewood Investments LLC,,,,,,,,,,,,,inf,226.35,-100.0,,,,,
Riggs Asset Managment Co. Inc.,,,,inf,60.0,-50.0,0.0,-100.0,,,,inf,31.62,118505.33,6.98,8.02,31.05,13.83,46.41,102.91
"Ring Mountain Capital, LLC",,,,,,,,,,,,,,,,,,,,inf
Rinkey Investments,,,,,,,,inf,-100.0,,,,,,,,,,inf,28.44
"Rise Advisors, LLC",,,,,,,,inf,-99.93,-50.0,0.0,102600.0,31.65,81.43,4.36,40.86,197.37,15.98,-30.91,26.74
Ritter Daniher Financial Advisory LLC / DE,,,,,,,,,,,,,,,,,inf,10.08,116.62,84.36
"Riverview Capital Advisers, LLC",,,,,,,,,,,,,,,,,,,,inf
Riverview Trust Co,,,,,,,,,inf,-17.65,-100.0,inf,128125.0,81.43,4.37,-100.0,inf,10.08,50.01,103.31
"Roble, Belko & Company, Inc",,,,,,,,,,,,,,,,inf,-100.0,,,inf
"Rockbridge Investment Management, LCC",,,inf,410.0,0.0,13.73,-8.62,-24.53,75447.5,149.24,-100.0,,,,,inf,-100.0,inf,47.75,108.51
"Rockline Wealth Management, LLC",,,,,,,,,,,,,,,,inf,56.34,16.01,73.51,153.99
"Roger Wittlin Investment Advisory, LLC",,,,,,,,inf,-88.09,-34.1,-100.0,,inf,81.42,4.37,7.31,34.01,10.08,46.86,74.49
Rokos Capital Management LLP,,,inf,-100.0,,,,,,,,,,,,,,,,
"Ronald Blue Trust, Inc.",,,,,,,,,,,inf,-66.67,100.0,-100.0,inf,-100.0,,,,
"Root Financial Partners, LLC",,,,,,,,,,,,,,,,,,,,inf
Rosenberg Matthew Hamilton,,,,,,,,,,,inf,52680.0,31.6,-100.0,,,,,inf,172.06
Rossmore Private Capital,,,,,,,,,,,,,,,,,,,,inf
"Round Rock Advisors, LLC",,,,,,,,,inf,-40.13,-100.0,inf,-100.0,,,,,,,
RoundAngle Advisors LLC,,,,,,,,,,,,,,,,,,,,inf
Roundview Capital LLC,,,,,,,,,,,,,,,,,,,inf,103.51
Rovida Advisors Inc.,,,,,inf,13.14,-8.77,51.5,-100.0,,,,,,,,,,,
Roxbury Financial LLC,,,,,,,,,,,,,,,,,,,,inf
Royal Bank of Canada,,,,,,,,,,,,inf,-70.24,1214.92,-44.11,162.98,184.9,57.88,56.51,96.15
"Royal Capital Wealth Management, LLC",,,,,,,,,,,,,,,,,,,,inf
"Royal Fund Management, LLC",,,,,,,,,,,,,,,,inf,3096.61,-87.2,1397.94,-100.0
"Runnymede Capital Advisors, Inc.",,,,,,,,,,,,,,,,,,,,inf
"Russell Investments Group, Ltd.",,,,,,,,,inf,-37.5,-20.0,285425.0,31.62,1738.13,9.94,24.34,31.95,8.14,10.47,-100.0
S.A. Mason LLC,,,inf,183.33,270.59,14.29,143.06,20.0,0.95,-33.96,-21.43,68740.0,32.18,0.0,169.28,-38.56,112.59,62.61,43.61,103.31
"SAGE ADVISORS, LLC",,,,,,,,,,,,,,,,,,,,inf
SAGE RHINO CAPITAL LLC,,,,,inf,18.12,-16.23,-24.04,-36.06,-36.53,-21.49,73404.73,31.76,47.48,4.44,7.31,34.52,10.08,46.98,18.52
"SAGESPRING WEALTH PARTNERS, LLC",,,,,,,,,,,,,,,,,,,,inf
SALEM INVESTMENT COUNSELORS INC,,,,,inf,2777.78,-12.36,-16.3,-100.0,inf,58.08,81158.9,63.11,97.39,5.94,10.79,39.66,10.67,44.52,34.21
SAN FRANCISCO SENTRY INVESTMENT GROUP (CA),,,inf,-17.54,-100.0,,,,,,,,,,,,,,,
SANDERS MORRIS HARRIS LLC,,,,,inf,8.21,12.93,-27.63,-10.13,41.08,1.5,-100.0,inf,108.82,-32.93,-100.0,,,,inf
SANDLER CAPITAL MANAGEMENT,,,,,,,,,,,,,,,,,,,inf,-33.19
SAPIENT CAPITAL LLC,,,,,,,,,,,,,,,,,,,inf,129.71
"SARD WEALTH MANAGEMENT GROUP, LLC",,,,,,,,,,,,,,,,,,,,inf
"SAX WEALTH ADVISORS, LLC",,,,,,,,,inf,-100.0,,,,,,,,,,inf
SCHAPER BENZ & WISE INVESTMENT COUNSEL INC/WI,,,,,,,,,,,,,,,,,inf,9.81,1557.85,120.65
SCHMIDT P J INVESTMENT MANAGEMENT INC,,,,,inf,-6.45,16.81,-100.0,,,,,,,,,,,,
SCHNIEDERS CAPITAL MANAGEMENT LLC,,,,,,,,,,,,,,,,,,,,inf
SCHRODER INVESTMENT MANAGEMENT GROUP,,,,inf,2984.43,-44.24,-13.38,-72.06,-48.22,63.14,-11.54,17765.87,38.68,66.69,6.19,293.2,116.89,57.72,97.75,48.28
SCHULHOFF & CO INC,,,,,,,,,,,,,,,,,,,,inf
SCHWARZ DYGOS WHEELER INVESTMENT ADVISORS LLC,,,,,,,,inf,-4.28,-34.08,-13.56,67278.43,44.86,133.93,7.77,8.13,50.54,10.08,48.14,341.01
"SCOUT INVESTMENTS, INC.",,,,,,,,,,,,,,inf,-8.93,-10.08,-10.52,-47.58,-63.64,-100.0
"SECURIAN ASSET MANAGEMENT, INC",,,,,,,,,,,,,,,,,,,inf,101.1
"SEGALL BRYANT & HAMILL, LLC",,,,,,,,,,,,,inf,210486.32,-100.0,,,,,
SEI INVESTMENTS CO,,,,,,,,,inf,1110.38,12.63,73272.32,65.81,-9.75,-27.98,87.45,60.96,-0.44,80.61,117.67
SENTINEL TRUST CO LBA,,,inf,142.91,-31.14,126.36,-54.36,-24.25,-24.68,-33.94,-10.29,-21.05,31.53,146.62,1.05,7.32,35.13,9.62,46.87,94.47
SENTRY INVESTMENT MANAGEMENT LLC,,,,,,,,,,,,,,inf,-100.0,inf,34.06,-8.71,100.2,11.72
"SEVEN EIGHT CAPITAL, LP",,,,,,,inf,-40.0,70.33,-87.88,97.85,33030.36,106.81,339.06,24.39,-100.0,,inf,2121.64,-100.0
"SEVEN GRAND MANAGERS, LLC",,,,,,,,,,,,,,,,,,,inf,-100.0
"SFMG, LLC",,,,inf,35.94,48.77,-9.38,-32.76,3.8,-32.29,-6.96,41672.58,31.76,88.89,142.49,-3.08,50.26,-2.04,46.93,52.72
"SG Americas Securities, LLC",,,,inf,1.0,586.2,26.1,107.3,28.29,-91.4,6.29,-35.01,-81.45,1496.47,-29.5,-69.86,279.69,-31.11,336.96,104.67
"SG3 Management, LLC",,,inf,47825.0,50.35,-46.54,-80.5,-24.21,-100.0,,,,,,,,,,,
SHARPEPOINT LLC,,,,,,,,,,,,,,,,,,,,inf
SHEETS SMITH WEALTH MANAGEMENT,,,,,,,inf,-24.14,-100.0,,,,,,,,inf,-100.0,inf,188.69
SHELL ASSET MANAGEMENT CO,,,,,,inf,-100.0,inf,-24.68,-33.91,-10.43,-100.0,,,,,,,,inf
SHELTON CAPITAL MANAGEMENT,,,,,,inf,8.95,-8.69,-24.6,-33.93,-10.37,78861.74,31.62,105.12,3.14,-32.74,25.83,2.55,-10.82,684.33
SHEPHERD WEALTH MANAGEMENT Ltd LIABILITY Co,,,,,,,,,,,,,,,,,,,,inf
SHERBROOKE PARK ADVISERS LLC,,,,,,,,,,,,,,,inf,28.29,-13.67,-100.0,,
SHIKIAR ASSET MANAGEMENT INC,,,,,,inf,2.37,-100.0,,,,,,,,,inf,-76.4,102.63,96.47
"SIERRA OCEAN, LLC",,,,,,,,,,,,,,,,,,,,inf
"SIG BROKERAGE, LP",,,,,,,,,,,,,,,,,,,,inf
SIGNATURE ESTATE & INVESTMENT ADVISORS LLC,,,,,,,,,,,,,,,,,,,,inf
"SIGNATUREFD, LLC",,,,inf,65.81,13.92,63.35,-33.8,-0.42,-5.46,89.78,39364.87,46.96,87.97,17.39,15.83,45.41,26.1,50.15,136.19
"SIGNET FINANCIAL MANAGEMENT, LLC",,,,,,,,,,,,,,,,,,,,
"SILVER OAK SECURITIES, INCORPORATED",,,,,,,,,,,,,,,,,,,inf,69.55
"SILVER OAK SECURITIES, Inc",,,,,,,,,,,,,,,,,,inf,-100.0,
SILVERCREST ASSET MANAGEMENT GROUP LLC,,,,,,,,,,,,,,,inf,21.55,54.6,87.32,-49.05,103.31
SILVERLAKE WEALTH MANAGEMENT LLC,,,,,,,,,,,,,,,,,,,inf,115.8
"SIMON QUICK ADVISORS, LLC",,,,,,,,,,,,,,,,,,,inf,160.95
"SIMPLEX TRADING, LLC",,,,inf,-100.0,inf,-4.97,127.2,-48.41,-58.02,-27.43,-26.53,10.46,241.27,-0.39,29.32,26.87,-8.54,74.06,129.04
"SITTNER & NELSON, LLC",,,,,,,inf,-25.0,-16.67,-40.0,0.0,74800.0,31.64,81.41,4.36,7.32,72.3,83.47,46.86,103.31
SJS Investment Consulting Inc.,,,,,,,,inf,-98.04,-100.0,inf,78200.0,31.67,81.47,4.33,1628.48,87.75,-29.54,354.33,182.52
SLT Holdings LLC,,,,,,,,,,,,,,,,,,,,inf
"SMITH, MOORE & CO.",,,,,,,,,,,,,,,,,,,,inf
"SOA Wealth Advisors, LLC.",,,,inf,-23.08,10.0,-9.09,-60.0,-25.0,-33.33,-50.0,157800.0,31.67,81.39,-21.08,114.65,-33.0,10.07,444.85,312.51
"SONORA INVESTMENT MANAGEMENT, LLC",,,,inf,0.0,14.29,137.5,-100.0,,,,,,,,,,,,
SOROS FUND MANAGEMENT LLC,,,inf,147.9,-100.0,,,,,,,,,,,,,,,
SP Asset Management,,,,inf,27.33,5.12,15.55,-43.37,-3.19,-56.41,-30.25,-100.0,,,,,,,,
SP Asset Management LLC,,,,,,,,,,,,inf,31.62,-100.0,,,,,inf,-19.47
"SPC Financial, Inc.",,,,,,,,,,,,,,,,,,,,inf
"SPIREPOINT PRIVATE CLIENT, LLC",,,,,,,,,,,,,,,,,inf,26.49,57.92,93.58
"SRS Capital Advisors, Inc.",,,,inf,-100.0,inf,10.71,-24.73,-25.71,-34.62,-8.82,312.9,32.03,-100.0,,,,inf,417.94,374.04
ST GERMAIN D J CO INC,,,,,,,,,,,,,,inf,4.37,7.31,85.99,10.08,46.86,112.18
"STANSBERRY ASSET MANAGEMENT, LLC",,,,,,,inf,89.36,-20.47,-100.0,,,,,,,,,,
STATE BOARD OF ADMINISTRATION OF FLORIDA RETIREMENT SYSTEM,,,,,,inf,3.1,-21.13,-26.24,-33.83,-10.46,78816.59,32.36,80.75,4.52,8.67,-51.34,216.42,48.17,92.91
STATE OF MICHIGAN RETIREMENT SYSTEM,,,,,inf,-41.11,-8.8,-24.25,-24.61,-33.93,-10.36,78860.92,31.62,81.42,4.37,7.31,34.01,10.08,203.86,87.01
STATE OF WISCONSIN INVESTMENT BOARD,,,,,,inf,75.04,1.66,-9.89,-36.97,-26.83,71702.49,38.17,90.47,7.5,6.0,46.09,8.37,90.78,76.94
STEVENS CAPITAL MANAGEMENT LP,,,,,,,,,,,,,,,,,,,,inf
STF Management LP,,,,,,,,,,,,,,,,,,,,inf
STOCK YARDS BANK & TRUST CO,,,,,,,,,,inf,-20.51,-100.0,,,,,,,,inf
STRAIGHTLINE GROUP LLC,,,,,,,,,,,,,,,,,,,,inf
"STRATEGIC PLANNING GROUP, LLC",,,,,,,,,,,,,,,,inf,81.78,-100.0,,inf
STRATEGY ASSET MANAGERS LLC,,,,,,inf,-0.37,-100.0,,,,,,,,,inf,-100.0,inf,84.31
STRS OHIO,,,,,,,inf,-100.0,,,,,,,inf,-54.1,5.68,112227.66,626.87,-100.0
STUDIO INVESTMENT MANAGEMENT LLC,,,,,,,,,,,,,,,inf,7.31,34.01,450.41,-70.63,103.31
SUMITOMO LIFE INSURANCE CO,,,,,,,,,,,,,,,,,,,,inf
"SUMMIT PARTNERS PUBLIC ASSET MANAGEMENT, LLC",,,,,inf,-100.0,,,,,,,,inf,-100.0,,,,,
SUMMIT SECURITIES GROUP LLC,,,,,,,,,,,,,,,,,,inf,-100.0,inf
"SUMMIT WEALTH & RETIREMENT PLANNING, INC.",,,,,,,,,inf,-33.58,-10.99,79238.27,-100.0,,,,,,,
SURIENCE PRIVATE WEALTH LLC,,,,,,,,,,,,,,,,,inf,-100.0,inf,-22.55
SVB WEALTH LLC,,,,,,,,,inf,-36.71,-11.08,90230.62,31.69,82.68,4.43,-99.18,2583.26,10.14,-100.0,inf
SWAN Capital LLC,,,,,,,,,,,,,,,,,,inf,46.86,127.7
"SWEENEY & MICHEL, LLC",,,,,,,,,,,,,,,,,,inf,58.69,-100.0
SYMMETRY PEAK MANAGEMENT LLC,,,,,,,,,,,,,inf,-41.69,-100.0,inf,-14.57,-89.21,2249.78,-100.0
SYON CAPITAL LLC,,,,,,,,,,,,,,,,inf,-100.0,,,inf
SYSTM Wealth Solutions LLC,,,,,,,,,,,,,,,,inf,49.94,-99.25,-100.0,
"Saba Capital Management, L.P.",,,,,,,,,,inf,134.33,82467.31,18.46,-100.0,,,,,,
"Sabadell Asset Management, S.A S.G.I.I.C",,,,,,inf,-8.8,-33.4,-19.8,-30.69,-5.39,-100.0,,,,,,,,
"Sachetta, LLC",,,,,,,,,,,,,,,,inf,0.0,73.4,24.95,103.83
"Safeguard Financial, LLC",,,,,,,,,,,,,,inf,-100.0,,,,,
"Safeguard Investment Advisory Group, LLC",,,,,,,,,,,,,,,,,,,,inf
"Sage Capital Advisors,llc",,,,,,,,,,,,,,,,,inf,10.08,49.46,732.57
"Sage Capital Management, LLC",,,,,,,,,,,,,,,,,,,inf,103.31
Sage Investment Advisers LLC,,,,,,,,,,,,,,inf,4.37,7.31,34.01,10.08,46.86,-100.0
Sage Mountain Advisors LLC,,,,,,,,,,,,,,,,,,,,inf
"SageView Advisory Group, LLC",,,,,,,,,,,,,,,,,,,,inf
"Salomon & Ludwin, LLC",,,,,,,,,,,,,,,,,,,,inf
"Samalin Investment Counsel, LLC",,,inf,197.47,-100.0,inf,-33.58,-28.02,28.69,-100.0,,,,,,,,,,
San Luis Wealth Advisors LLC,,,,,,,,,inf,-100.0,,,,,,,,,,
"Sanctuary Advisors, LLC",,,,,,,,,,,,,,,,,,inf,518.74,54.58
"Sanctuary Wealth Management, L.L.C.",,,,,,,,,,,,,,,,,,,,inf
"Sand Hill Global Advisors, LLC",,,,,inf,-33.24,-11.74,-100.0,,,inf,78474.71,-100.0,,,,,inf,60.7,103.31
"Sandy Cove Advisors, LLC",,,,,,,,inf,-24.56,-33.96,-10.28,78728.85,31.62,81.42,1.4,7.31,34.06,10.08,27.4,112.09
Sandy Spring Bank,,,,inf,-58.62,183.33,-5.88,-50.0,56.25,-36.0,-62.5,119850.0,31.62,105.69,-7.95,-40.55,36.18,36.24,45.92,33.36
Sargent Bickham Lagudis LLC,,,,inf,0.0,1100.0,-50.0,-100.0,,,,inf,-100.0,,,,,,,
"Sargent Investment Group, LLC",,,,inf,5.61,32.12,7.17,-29.27,-16.18,-10.35,1.19,75214.64,43.91,86.47,3.53,2.05,19.58,8.26,43.16,65.83
Sassicaia Capital Advisers LLC,,,,,inf,-100.0,,,,,,,,,,,,,,
Sava Infond d.o.o.,,,,,,,,,,,,,,,,,,,,inf
"Savant Capital, LLC",,,,,,,,,,,,,,,,,inf,-100.0,inf,280.1
Savior LLC,,,,inf,50.0,33.33,-100.0,,,,,,,,,,,,,
"Savvy Advisors, Inc.",,,,,,,,,,,,,,,,,,,inf,261.12
"Sawtooth Solutions, LLC",,,,inf,-100.0,,,inf,-67.45,-29.71,-100.0,,,,,,,,,
"Sawyer & Company, Inc",,,,,,,,,,,,,,,,,,inf,33.33,-100.0
"Saxony Capital Management, LLC",,,,,,,,,,,,,,,,,,,,inf
"Scarborough Advisors, LLC",,,,,,,,,,,,,,,,inf,-60.94,11.83,-100.0,
Schonfeld Strategic Advisors LLC,,,inf,-13.31,-46.45,1795.66,-66.66,-47.46,-75.11,257.73,284.52,34587.73,-85.6,249.04,-100.0,inf,108.83,-35.97,-100.0,inf
Schrum Private Wealth Management LLC,,,,,,,,,,,,,,,,,,,inf,25.52
Schubert & Co,,,,,,,,,,,,,,,,,,,,
Sciencast Management LP,,,,,,inf,-30.81,-100.0,,,,,,,inf,-100.0,,,,
Scientech Research LLC,,,,,,,,,,,,,,,,,,inf,89.98,-100.0
"Scissortail Wealth Management, LLC",,,,,,,,,,,,,inf,-100.0,,,,,,
Sculptor Capital LP,,,,inf,-15.47,-100.0,,,,,,,,,,,,,inf,-100.0
"SeaCrest Wealth Management, LLC",,,,inf,33.56,50.0,1.38,-22.66,-61.23,-59.66,-100.0,,,,inf,32.82,147.59,25.99,58.83,305.32
"Seaport Global Advisors, LLC",,,,,,,,inf,-100.0,,,,,,,,,,,
"Sebold Capital Management, Inc.",,,,,,,,,,,,,,,,,inf,10.54,42.44,78.48
"Secure Asset Management, LLC",,,,,,,,,,,,,,,,,,,,inf
"Seed Wealth Management, Inc.",,,,,,,,,,,,inf,31.62,70.19,0.66,0.9,37.88,10.8,42.89,90.88
"Segment Wealth Management, LLC",,,,,,,,,,,,,,inf,-100.0,,,,,
"Selective Wealth Management, Inc.",,,,,,,,,,,,,,,,,,,,
Selway Asset Management,,,,,,,,,,,inf,-100.0,,,inf,-100.0,,,,
"Sender Co & Partners, Inc.",,,,,,,,,,,,,,,,,,,,inf
"Sepio Capital, LP",,,,,inf,112.01,-54.03,-26.3,-26.37,-33.62,-9.21,68975.36,43.44,69.39,-11.09,-100.0,,inf,-13.58,361.57
"Sequoia Financial Advisors, LLC",,,,,,,,,,,,,,inf,9.71,868.9,53.51,38.94,45.72,97.37
Serengeti Asset Management LP,,,,,,,,,,,inf,-100.0,,,,,,,,
"SevenBridge Financial Group, LLC",,,,,,,,,,,,,,,,,,inf,127.38,69.78
SevenOneSeven Capital Management,,,,,,,,,,,,,,,inf,-100.0,,,,
"Sharp Financial Services, LLC",,,,,,,,,,,,,,,,,,,inf,103.31
Shay Capital LLC,,,,inf,175.83,-46.07,-100.0,,,,,,,,,,inf,-100.0,inf,42.31
"Sheaff Brock Investment Advisors, LLC",,,,,inf,26.33,59.4,-57.97,-30.4,-32.3,-61.83,86756.0,14.11,96.96,4.37,49.45,40.44,-14.2,46.86,107.31
Sheets Smith Investment Management,,,,,,,,,,,,,,,,,,,,inf
Sicart Associates LLC,,,,,,inf,-10.25,-100.0,,,,,,,,,,,,
Siemens Fonds Invest GmbH,,,,,,,,,,,,,,,,,,inf,247.96,-100.0
Sigma Planning Corp,,,,,inf,52.3,-21.18,-46.01,-71.51,-46.12,3.79,84559.85,120.52,122.03,44.07,-46.18,180.08,24.55,63.17,158.48
"Signal Advisors Wealth, LLC",,,,,,,,,,,,,,,,,,,inf,17.3
Silver Coast Investments LLC,,,,,,,,,,,,,,,,,,,,inf
"Silverleafe Capital Partners, LLC",,,,,,,,,,,,,,,,,,,,inf
"Simplicity Solutions, LLC",,,,,,,,,,,,inf,701.85,36.59,5.51,10.28,-100.0,,,
"Simplicity Wealth,LLC",,,,,,,,,,,,,,,,,inf,-12.73,-100.0,
Simplify Asset Management Inc.,,,,,,,inf,32.53,-100.0,,,,inf,-100.0,,,,,,
"Sivia Capital Partners, LLC",,,,,,,,,,,,,,,,inf,-25.65,0.69,19.91,71.81
"SkyOak Wealth, LLC",,,,,,,,,,,,,,,,,,,inf,74.04
"SlateStone Wealth, LLC",,,,,,,inf,31.94,-28.65,-39.67,-10.33,78371.82,-99.91,54.82,4.53,-32.25,404.8,109.9,51.45,104.84
"Slow Capital, Inc.",,,,,inf,-60.44,-100.0,,,,,,,,,,,,,
"Sloy Dahl & Holst, LLC",,,,,,,,,,,,,,,,,,,inf,895.32
Smartleaf Asset Management LLC,,,,,,,,,,,,,,,,inf,699.81,865.15,159.31,370.69
"Smith Anglin Financial, LLC",,,,,,,,,,,,,,,,,,,inf,96.13
Smith Thornton Advisors LLC,,,,,,,,,,,,,,,,,,,,inf
Smithfield Trust Co,,,,,,,,,inf,-33.33,0.0,-33.33,50.0,66.67,0.0,10.0,36.36,0.0,53.33,95.65
Snowden Capital Advisors LLC,,,,inf,21.13,13.37,-7.01,-99.91,-19.74,-15.31,-11.99,79467.33,26.54,80.61,-14.84,16.3,76.92,26.72,-4.42,76.17
"Solstein Capital, LLC",,,,,inf,883.33,-8.47,-90.74,-40.0,-33.33,0.0,80150.0,31.65,81.4,4.36,7.33,34.01,10.08,46.85,103.31
Soltis Investment Advisors LLC,,,,,,,,,,,,,,,,,,inf,139.23,25.02
"Sonora Investment Management Group, LLC",,,,,,,,,,,,,,,,,,,inf,168.99
"Sound Income Strategies, LLC",,,inf,300.0,58125.0,-99.87,66.67,-20.0,-25.0,0.0,-33.33,107100.0,15.49,81.42,11.49,7.31,943.45,29.55,78.26,122.05
South Street Advisors LLC,,,,,,,,,,,,,inf,81.42,4.37,-100.0,,,,
Southland Equity Partners LLC,,,,inf,-100.0,,,,,,,,,,,,,,inf,221.68
"Sovereign Financial Group, Inc.",,,,,,,,,,,,,,,,,,,,inf
"Soviero Asset Management, LP",,,,,,,,,,,,,,,,,,inf,-100.0,
"Sovran Advisors, LLC",,,,,,,,,,,,,,,,,,,,inf
Sowell Financial Services LLC,,,,,inf,-100.0,,inf,-100.0,,,,,inf,70.02,28.36,-47.26,3.28,51.5,392.26
"Sozo Ventures GP I, L.P.",,,,,,,,inf,-24.6,-33.94,-10.36,-100.0,,,,,,,,
Spahn Wealth & Retirement LLC,,,,,,,,,,,,,,,,,,,,inf
Spectrum Planning & Advisory Services Inc.,,,,,,,,,,,,,,,,,,,,inf
Spence Asset Management,,,,,,,,,inf,-34.56,-11.04,-100.0,,,,inf,-100.0,,,
"SpiderRock Advisors, LLC",,,,,inf,27.62,13.74,-16.26,-52.61,-74.15,0.0,0.0,-60.05,0.0,0.0,0.0,2208249.67,81.27,114.27,-100.0
Spire Wealth Management,,,,,inf,-34.55,-22.02,66.67,-59.56,-52.92,-56.42,-6.32,202586.52,291.7,41.69,40.33,-7.06,69.63,55.4,113.95
"Spotlight Asset Group, Inc.",,,,inf,-34.05,-100.0,,,,,inf,-100.0,inf,185282.47,-47.81,0.0,43.81,10.08,-100.0,
"St. Johns Investment Management Company, LLC",,,,,inf,0.0,0.0,0.0,0.0,-100.0,,inf,37.68,81.58,4.35,7.36,33.89,10.14,46.84,26.52
"Stablepoint Partners, LLC",,,,,,,,,,,,,,,,,,inf,67.56,103.31
Standard Family Office LLC,,,,,,,,inf,-100.0,,,,,,,,,,,
"Stanley-Laman Group, Ltd.",,,,,,,,inf,-29.42,-34.25,-100.0,inf,18.82,73.41,1.44,-100.0,,,,
"Starfox Financial Services, LLC",,,,,,,,,,,,,inf,78.67,23.22,-9.11,27.55,-100.0,,
"State of Alaska, Department of Revenue",,,,,,,inf,-70.32,-32.07,414.4,-22.78,-25.48,35.0,415.32,7.56,17.01,1.23,16.5,80.42,28.2
State of New Jersey Common Pension Fund D,,,,,,inf,158.94,-22.02,-22.56,-33.94,-8.31,81011.53,31.62,95.29,-0.08,9.33,35.02,-27.31,55.45,104.04
"State of Tennessee, Department of Treasury",,,,,,,,,,,,,,,,,,,inf,230.94
State of Wyoming,,,,,,,,inf,25.42,-100.0,,,,,inf,-100.0,,,,
Steel Peak Wealth Management LLC,,,,inf,271.75,18.86,11.98,5.12,-18.98,-41.22,-1.18,84208.09,30.89,79.17,-100.0,,,,,
"SteelPeak Wealth, LLC",,,,,,,,,,,,,,,inf,-29.59,106.49,73.49,15.55,299.87
"Steele Capital Management, Inc.",,,,,,,,,,,,,,,,,,,,inf
"Steigerwald, Gordon & Koch Inc.",,,,,inf,49.95,-10.88,-24.41,-38.46,-34.05,-19.08,78923.42,31.62,47.35,-3.67,-1.65,9.88,10.08,14.23,48.7
"Stephens Consulting, LLC",,,,,,,,inf,-65.51,-33.94,-10.36,-21.03,31.62,81.42,181.8,7.31,34.01,10.08,-45.61,-54.46
Sterling Capital Management LLC,,,,,,,,,,,,,,,,,,,inf,52.09
"Sterling Financial Planning, Inc.",,,,,inf,26.09,-10.34,-100.0,,,,,,,,,,,,
"Sterling Investment Advisors, Ltd.",,,,,inf,-82.61,0.0,-25.0,-33.33,-100.0,,,,,,,,,inf,103.31
"Sterneck Capital Management, LLC",,,,,,,,,,,,,,,,,,inf,-6.54,95.89
"Stevard, LLC",,,,,,,,,,,,,,,,,,,,inf
Steward Financial Group LLC,,,,,,,,,,,,,,,inf,-100.0,,,,
"Steward Partners Investment Advisory, LLC",,,inf,1079.66,639511.78,-99.95,36.61,-20.2,-50.31,-61.53,24.54,82196.47,39.64,28.11,23.14,37.53,85.02,53.5,33.93,200.08
Stiles Financial Services Inc,,,,,,,,,,,,,,,,,,,inf,48.06
"Stone House Investment Management, LLC",,,,,,,,,,,,,,inf,4.36,130.33,68.22,-12.3,46.86,-100.0
"StoneCrest Wealth Management, Inc.",,,,,,,,,,,,,,,,,,,,inf
Stonebridge Capital Advisors LLC,,,,,inf,170.79,-39.42,-46.58,105.13,-69.38,-16.33,64100.0,27.61,143.49,108.45,8.47,34.01,29.25,-17.83,80.32
"Stonebridge Financial Group, LLC",,,,,,,,,,,,,,,,,,,,inf
Stonehage Fleming Financial Services Holdings Ltd,,,,,,,,,,,,,,,,inf,-100.0,,,
"Stonekeep Investments, LLC",,,,,,,,,,,,,,,,,,,,inf
Straight Path Wealth Management,,,,,,,,inf,15.18,-34.09,-10.34,83853.85,31.62,97.43,32.58,19.19,45.57,17.85,67.44,86.67
Strait & Sound Wealth Management LLC,,,,,,,,,,,,,,,,,,,inf,696.03
Strategic Advisors LLC,,,,,,,inf,55.31,-100.0,,,,,,,,,,,
Strategic Advocates LLC,,,,,,,,,,,,,,,,,,inf,512.27,65.62
"Strategic Blueprint, LLC",,,,,,inf,-100.0,,,,,,,,,,,,inf,364.82
"Strategic Financial Concepts, LLC",,,,,,,,,,,,,,,,,,inf,-100.0,inf
"Strategic Investment Solutions, Inc. /IL",,,,,,,,,,,,,inf,-17.43,5192.43,-98.7,-100.0,inf,-42.17,-35.46
"Strategic Wealth Advisors Group, LLC",,,,inf,-43.89,35.26,-49.44,-18.55,-14.96,-34.92,-25.27,-100.0,,,,,,,,
"Strategic Wealth Partners, Ltd.",,,,,,,,inf,-100.0,,,,,,,inf,158.13,5.56,52.89,241.16
"Strategies Wealth Advisors, LLC",,,,,,,,,,,,,,,,,,,,inf
"Strathmore Capital Advisors, Inc.",,,,,,,,,,,,,,,,,,,,inf
"Stratos Wealth Advisors, LLC",,,,inf,-31.05,-7.28,-9.29,-100.0,,,,,,,inf,14.68,33.68,92.26,19.47,-6.72
"Stratos Wealth Partners, LTD.",,,inf,397.63,132.7,40.67,-28.55,-37.62,-21.03,-37.98,-11.98,66989.6,33.67,136.34,49.84,5.24,66.38,27.39,69.24,121.62
"Strengthening Families & Communities, LLC",,,,,,,,inf,0.0,0.0,-100.0,inf,0.0,0.0,100.0,82300.0,-99.88,0.0,178450.0,-99.8
Strong Tower Advisory Services,,,,,,,,,,,,inf,59.79,82.73,0.95,10.82,36.52,18.53,49.36,100.44
"StrongBox Wealth, LLC",,,,,,,,inf,-100.0,,,,,,,,,,inf,94.13
Successful Portfolios LLC,,,,,,,,,,,,,,,,,,,,inf
"Sugar Maple Asset Management, LLC",,,,,,,,,,,,,,,,,,,,inf
"Sugarloaf Wealth Management, LLC",,,,,inf,100.0,-100.0,,,,,,,,,,,,,
"Sumitomo Mitsui DS Asset Management Company, Ltd",,,,,,inf,175.83,-24.43,-25.03,-21.13,-9.43,78851.6,69.63,82.07,3.85,21.34,33.97,23.77,89.27,129.79
Summit Global Investments,,,,,,,,,,,,,,,,,,,,inf
"Summit Trail Advisors, LLC",,,inf,2.76,1087.81,11.61,-38.44,-28.8,13.94,-30.71,-10.49,78102.4,54.49,82.19,-4.75,-3.57,31.04,-11.38,31.28,88.48
"Summit X, LLC",,,,inf,-100.0,,,,,inf,-100.0,inf,6.57,-100.0,,,,,,inf
"Sunbelt Securities, Inc.",,,,,,,,,,,,,inf,-12.79,4.37,-11.63,-94.26,499.61,1074.86,6563.59
Suncoast Equity Management,,,,,,,,,,,,,,,,,,,,inf
"Sunflower Bank, N.A.",,,,,inf,13.32,-8.87,-24.33,-24.44,-100.0,,,,,,,,,,
"Surevest, LLC",,,,,,,,inf,-83.33,-100.0,,,,,,,,,,
Sutton Wealth Advisors Inc.,,,,inf,-100.0,inf,774.24,-13.21,-30.1,-33.29,126.34,-21.05,175.91,141.35,4.37,-100.0,,,,
Swedbank AB,,,,,,,,,,,,,,inf,3.71,-100.0,,,,inf
Swiss National Bank,,,,,,inf,158.17,-24.73,-12.21,-33.06,-9.63,74605.09,29.53,76.44,-6.3,6.24,29.52,11.1,56.81,94.46
"Symmetry Partners, LLC",,,,,,,,,,,,inf,31.17,81.19,4.37,9.95,30.95,-100.0,,
"Symphony Financial, Ltd. Co.",,,,,,,,,,,,,,,,,,,,inf
"Synergy Asset Management, LLC",,,,,,,,,,,,,,,,,,,,inf
Syverson Strege & Co,,,,,,,inf,-100.0,,,,,,,,,,,,
"TAP Consulting, LLC",,,,,,,,inf,-100.0,,,,,,,,,,,
"TBH Global Asset Management, LLC",,,inf,320.59,-13.29,24.42,-16.94,-25.42,-41.41,-30.87,-100.0,,,,,,,,inf,127.62
"TCFG WEALTH MANAGEMENT, LLC",,,,,,,,,,,,,,,,,,,inf,166.42
"TCG Advisory Services, LLC",,,,,,,,,,,,,,,,,,,inf,-100.0
"TCI Wealth Advisors, Inc.",,,,,inf,163.29,62.5,-90.53,21.88,-7.69,-19.44,35831.03,36.49,-100.0,,,,,,
TCWP LLC,,,,,,,,,inf,-100.0,,,,,,,,,,
TD ASSET MANAGEMENT INC,,,,,,inf,51.58,-24.76,-29.66,-34.93,-12.25,-100.0,,,,,,,,inf
TD Asset Management Inc,,,,,,,,,,,,inf,28.87,89.9,10.58,22.68,37.5,17.89,168.29,-100.0
TEACHER RETIREMENT SYSTEM OF TEXAS,,,,,,inf,228.72,-3.6,-19.08,-50.35,-14.11,-38.83,33.08,131.82,-38.69,-35.16,-25.19,-14.04,-46.21,7716.67
"TELEMUS CAPITAL, LLC",,,,,,,,,,,,,,,inf,25.16,-100.0,,,
TFB Advisors LLC,,,,,,,,,,,,,,,,,,,,inf
"TFC Financial Management, Inc.",,,,,,,,,,,,,,inf,4.35,7.55,84.02,-20.0,12430.59,-72.4
"TFO Wealth Partners, LLC",,,,,,,,,,,,,,,inf,123.7,-100.0,,,
"TFO-TDC, LLC",,,,,inf,-100.0,,,,,,,,,,,,,,
THOMAS STORY & SON LLC,,,,,,inf,-5.98,-25.76,-100.0,,,,,,,,,,,
"THOMPSON DAVIS & CO., INC.",,,,,,,,,,,,,,inf,-100.0,,,,,
"THOROUGHBRED FINANCIAL SERVICES, LLC",,,,,inf,72.07,-5.33,-38.87,-66.81,-37.42,-100.0,,,,,,,inf,27.59,85.68
"THURSTON, SPRINGER, MILLER, HERD & TITAK, INC.",,,,,,,,,,,,,,,,,,inf,115.4,64.95
"TILIA FIDUCIARY PARTNERS, INC.",,,,,,,,inf,-22.22,-28.57,-20.0,206475.0,-51.12,81.43,-100.0,,,,,
"TITLEIST ASSET MANAGEMENT, LLC",,,,,,,,,,,,,inf,65.36,15.54,-10.62,236.96,49.54,48.02,-42.41
"TITLEIST ASSET MANAGEMENT, LTD.",,,,,,,,inf,-43.95,54.55,382.35,82736.2,-100.0,,,,,,,
TOCQUEVILLE ASSET MANAGEMENT L.P.,,,,,,,,,,inf,-28.78,98700.0,14.04,62.18,-4.47,14.27,28.19,1000.83,58.36,114.56
TOMPKINS FINANCIAL CORP,,,,,,,,,,,,,,,,,inf,10.08,46.86,103.31
TORONTO DOMINION BANK,,,,,,inf,-11.93,77.51,-56.61,-19.85,62.5,-4.44,17.9,165.94,49641.34,-61.41,0.63,1.3,1591.81,119.58
TOTH FINANCIAL ADVISORY CORP,,,,,inf,19.23,-9.68,-32.14,-31.58,-38.46,0.0,58075.0,31.65,81.41,4.36,4883.9,-95.54,27.17,46.86,168.46
TOWNSEND ASSET MANAGEMENT CORP /NC/ /ADV,,,,,,,,,,,,,,,,,,,,inf
TOWNSQUARE CAPITAL LLC,,,,,,,,,,,,,,,inf,-100.0,inf,21.68,177.51,-94.73
TRAPHAGEN INVESTMENT ADVISORS LLC,,,,,,,,,,,,,,,,,,,inf,-100.0
TREMBLANT CAPITAL GROUP,,,,inf,-100.0,,,,,,,,,,,,,,,
"TRH Financial, LLC",,,,,,inf,-100.0,,,,,,,,,,,,,
"TRITONPOINT WEALTH, LLC",,,,,,,,,,,,,,,,,,,inf,109.18
"TRU INDEPENDENCE ASSET MANAGEMENT 2, LLC",,,,inf,-100.0,,,,,,,,,,,,,,,
TRUE Private Wealth Advisors,,,inf,-100.0,,,,,,,,,,,,,,,,inf
TRUST CO OF VERMONT,,,,,,,,,,,,,,,,,,,inf,1133.34
TRUST POINT INC.,,,,,,,,,,,,,,,,,,,,inf
"TRUSTCORE FINANCIAL SERVICES, LLC",,,inf,390.0,12.24,18.18,-7.69,-48.33,9.68,-32.35,-13.04,79570.0,-100.0,,,,,,,
TRUSTMARK NATIONAL BANK TRUST DEPARTMENT,,,,,,,,,,,,,,,,,,,inf,104.07
"TSFG, LLC",,,inf,80.0,-5.56,94.12,-9.09,-33.33,-25.0,6.67,-12.5,-21.43,36.36,80.0,3.7,-14.29,41.67,2.94,68.57,254.24
TT International Asset Management LTD,,,,,,,,,,,,,,,,,inf,104.47,-100.0,inf
TUCKER ASSET MANAGEMENT LLC,,,,,inf,53.74,-14.76,-55.22,-98.56,-34.55,-2.78,777.14,659.61,212.91,-27.2,-90.3,33.98,1577.68,120.77,1266.94
TWIN CAPITAL MANAGEMENT INC,,,,,,,,,,,,,,,,,,,,inf
"TWIN PEAKS WEALTH ADVISORS, LLC",,,,,,,,,,,,,,,,,,,,inf
TWINBEECH CAPITAL LP,,,,,,,,inf,-10.77,-100.0,,,inf,-25.22,-100.0,inf,22.9,-98.59,-100.0,
"TWO SIGMA ADVISERS, LP",,,,,,,,,,,inf,148411.6,-43.16,2645.26,188.74,-98.42,2767.12,-100.0,,inf
"TWO SIGMA INVESTMENTS, LP",,,,,,inf,-51.29,79.4,-100.0,inf,25578.33,58214.94,0.53,199.4,43.72,-99.31,3974.19,-99.22,46.86,372.52
"TWO SIGMA SECURITIES, LLC",,,,inf,-65.75,1407.5,87.23,-43.28,52.87,38.55,95.46,27960.48,-12.24,646.56,50.81,-20.37,33.89,-11.45,-15.47,-78.25
Tacita Capital Inc,,,,inf,-50.0,14.29,-12.5,-28.57,-20.0,-25.0,-33.33,0.0,50.0,66.67,95900.0,7.31,34.01,10.08,46.86,-100.0
Tallon Kerry Patrick,,,,,,,,,,,,,,,,,,,,inf
"Talon Private Wealth, LLC",,,,,,,,,,,,,,,,,,,,inf
"Tamar Securities, LLC",,,,,,,,,,,,,,,,,,,inf,103.76
Tanager Wealth Management LLP,,,,,,,,inf,-24.62,-33.89,-10.41,147684.8,-34.07,77.84,-22.06,7.31,-4.3,10.08,-25.76,-100.0
"Tanglewood Legacy Advisors, LLC",,,,,,,,,,,,,,,,,inf,10.08,46.86,103.31
Tao Capital Management LP,,,inf,-100.0,,,,,,,,,,,,,,,,
"Tarbox Family Office, Inc.",,,,,,inf,0.0,-50.0,100.0,-100.0,,,,,,,,,,
"Tatro Capital, LLC",,,,,,inf,-100.0,inf,-100.0,,,,,,,,,,,
"Taylor Financial Group, Inc.",,,,,,,,,,,,,,,,,,,inf,103.31
"Teamwork Financial Advisors, LLC",,,,inf,287.9,-17.16,-100.0,inf,-100.0,,,,,,,,,,,inf
"Telos Capital Management, Inc.",,,,,,,,,,,,,,,,,,,,inf
"Ten Capital Wealth Advisors, LLC",,,,inf,-8.33,18.18,-7.69,-25.0,-100.0,,,,,,,,,,,
Tennessee Valley Asset Management Partners,,,,,,,,,,,,,,,,inf,-100.0,,inf,-100.0
"Terril Brothers, Inc.",,,,,,,,,,,,,,,,,,,inf,103.31
Tevis Investment Management,,,,,,,,,inf,7.14,13.33,-100.0,,,,,,,,
Texas Capital Bank Wealth Management Services Inc,,,,,,,,,,,,,,,,,,inf,98.32,50.9
Teza Capital Management LLC,,,,,,,,,,,,,inf,-76.71,415.55,-100.0,inf,-31.76,-100.0,inf
Third Point LLC,,,inf,154.49,-100.0,,,,,,,,,,,,,,,
Thomasville National Bank,,,,,,,,,,,,,,,,,,,inf,59.38
ThornTree Capital Partners LP,,,inf,-100.0,inf,-100.0,inf,-100.0,inf,-2.28,-100.0,,,,,,,,,
"Three Bridge Wealth Advisors, LLC",,,,,,,,,inf,-33.9,-10.46,78953.85,31.62,81.42,4.37,7.31,34.01,10.08,46.86,56.27
"Thrive Wealth Management, LLC",,,,,,,,,,,,,,,,,,,,inf
Thrivent Financial for Lutherans,,,,,inf,-100.0,inf,-100.0,inf,-33.33,-11.61,-32.32,-100.0,,,inf,14.09,33.07,155.16,102.41
Tibra Equities Europe Ltd,,,,inf,-100.0,,,,,,,,,,,,,,,
Tidal Investments LLC,,,,,,,,,,,,,,,,inf,28.95,17.1,190.77,3.8
"Tidemark, LLC",,,,,,,,,,,,,,,,inf,203.47,10.09,95.99,135.0
"TigerOak Management, L.L.C.",,,,,,,,,,,,,,,,,,,,inf
"TimeScale Financial, Inc.",,,,,,inf,9.62,-12.28,-24.0,-34.21,-12.0,101268.18,3.93,81.42,-100.0,,,,,
Timelo Investment Management Inc.,,,,,,,,,,,,,,,,,,,,inf
"TimesSquare Capital Management, LLC",,,inf,-100.0,,,,,,,,,,,,,,,,
"Toroso Investments, LLC",,,,,inf,181.78,-9.3,-11.93,-28.49,-30.14,-5.79,-20.88,166.08,159.25,102906.88,-100.0,,,,
"Tortoise Investment Management, LLC",,,,,,,,,inf,0.0,-100.0,,,,,inf,-31.68,74.7,47.42,113.77
"Total Clarity Wealth Management, Inc.",,,,,inf,-100.0,inf,-24.6,-100.0,inf,-100.0,,,,,,,,,inf
"Total Wealth Planning & Management, Inc.",,,,,,,,,,,,,,,,,,,,inf
TownSquare Capital LLC,,,,,,,inf,-14.83,-100.0,inf,-11.11,-100.0,,,,,,,,
"Trace Wealth Advisors, LLC",,,,,,,,,,,,,,,,,,,,inf
"Tradewinds Capital Management, LLC",,,,inf,500.0,8.33,0.0,-23.08,-20.0,-62.5,66.67,69880.0,-43.24,94.56,4.35,-53.15,436.0,11.33,164.35,126.91
"Tradition Wealth Management, LLC",,,,inf,77.63,6.67,-15.28,-30.33,-36.47,-16.67,-8.89,-24.39,358.06,84.51,6.11,19.78,195450.45,14.24,114.18,154.11
"Transamerica Financial Advisors, Inc.",,,,,,,,,,,,inf,-100.0,,,,,,,
"Transce3nd, LLC",,,,,,,,,,,,,,,,,,,,inf
Transcendent Capital Group LLC,,,,,,,,,,,,,,,,,inf,12.0,107.58,192.15
"Traynor Capital Management, Inc.",,,,,inf,259.84,-44.03,-20.88,-84.83,-23.97,-11.41,198046.01,-35.16,62.54,20.37,28.83,12.54,29.2,66.16,89.19
Treasurer of the State of North Carolina,,,,,,inf,-5.61,-22.09,-23.39,-17.36,-8.2,-17.04,32.48,84.35,5.0,120.32,-31.81,11.01,46.36,113.06
Tredje AP-fonden,,,,,,,,inf,-100.0,,,,inf,62.3,-3.79,5.54,37.98,8.39,46.86,-100.0
"Trek Financial, LLC",,,,,,,,,,,,,,,,,,inf,-100.0,inf
Trellis Wealth Advisors LLC,,,,,,,,,,,,,,,,,,,,inf
"Trellus Management Company, LLC",,,inf,-100.0,,,,,,,,,,,,,,,,
Trexquant Investment LP,,,,,,inf,-100.0,inf,-100.0,,,inf,-85.55,-100.0,inf,287.69,3.67,-89.8,1.55,1519.3
Tri Ri Asset Management Corp,,,,,,,,,,,,,,,,,,,inf,-100.0
TriaGen Wealth Management LLC,,,,,,,,,,,,,,inf,4.55,42.59,32.19,10.4,48.49,59.67
"Triad Wealth Partners, LLC",,,,,,,,,,,,,,,,,,inf,-100.0,
"Trifecta Capital Advisors, LLC",,,,,,,,,,,,,,,,,,inf,95.64,102.81
Trilogy Capital Inc.,,,,,,,,,,,,,,,,,,,,inf
"TrinityPoint Wealth, LLC",,,,,,,,,,,,,,,,,,inf,-87.85,62.54
Triumph Capital Management,,,,,,inf,19.61,-57.23,55.24,-96.32,1933.33,42515.37,137.81,91.8,-10.91,-100.0,inf,75.6,53.35,-20.44
"Trivant Custom Portfolio Group, LLC",,,,,,,,,,,,,,,,,,,inf,740.34
"Trivium Point Advisory, LLC",,,,,,,,,,,,,,,,,,,inf,15.61
True Capital Management,,,,,,,,,,,,inf,27.87,-100.0,,,,,,
"True Wealth Design, LLC",,,,,,,,,,,,inf,50.0,755.56,45.45,53.57,154.65,62.1,1938.17,163.01
"TrueWealth Advisors, LLC",,,,,,,,,,,,,,,,,,,,inf
Trust Asset Management LLC,,,,,,,,,,,,,,,,,,,inf,103.31
Trust Co,,,,,,,,,,,,,,,,,,,inf,103.29
Trust Investment Advisors,,,,,,,,,,,,,,,,,,,inf,79.36
Truvestments Capital LLC,,,,inf,-11.11,12.5,-11.11,-25.0,-100.0,inf,-14.63,42694.29,-47.25,81.42,82.5,-37.45,1276.41,33.59,50.46,105.68
Trybe Capital Management LP,,,,,inf,51.35,-8.8,-100.0,,,,,,,,,,,,
"Turtle Creek Wealth Advisors, LLC",,,,,,,,,,,,,,,,inf,-100.0,,,
"Twin Lakes Capital Management, LLC",,,,,,inf,-8.47,-24.07,42.68,-34.19,-10.39,47798.55,31.62,81.42,4.37,7.31,34.01,10.08,46.86,103.31
"Twin Peaks Wealth Advisors, LLC",,,,,,,,,,,,,,,,,,,inf,-100.0
"Twin Tree Management, LP",,,,,,,,inf,-65.23,-100.0,,,,inf,3032.11,145.36,-6.41,28.02,31.12,-8.02
Tyler-Stone Wealth Management,,,,,,,,inf,-6.67,810.0,4.55,-21.32,-100.0,inf,13.62,107863.03,35.87,10.66,190.61,88.47
"U.S. Capital Wealth Advisors, LLC",,,,,,,inf,-32.88,-7.95,-55.89,-6.15,74571.32,32.5,-26.09,-18.82,0.93,49.95,110.65,42.14,424.55
UBP Investment Advisors SA,,,,inf,-100.0,,,,,,,,,,,,,,,
"UBS AM, a distinct business unit of UBS ASSET MANAGEMENT AMERICAS LLC",,,,,,,,,,,,,,,,,,,inf,115.79
UBS ASSET MANAGEMENT AMERICAS INC,,,,,,inf,159.19,-20.22,-21.78,-36.28,-9.26,-21.45,42.23,0.0,102.09,7.03,-100.0,,,
UBS ASSET MANAGEMENT AMERICAS LLC,,,,,,,,,,,,,,,,,inf,12.44,-100.0,
"UDINE WEALTH MANAGEMENT, INC.",,,,,,,,,,,,,,inf,-100.0,inf,47.55,-17.38,46.92,7.19
UMB BANK N A/MO,,,,,,,,inf,0.0,-100.0,,,,,,,,,,
"UMB Bank, n.a.",,,,,,,,,,inf,-75.0,50.0,111733.33,81.4,4.37,-32.41,68203.73,125.05,55.49,39.14
"UNICOM Systems, Inc.",,,,,,,,,,,,,,,,,,,,inf
"UNIQUE WEALTH, LLC",,,,,,,,,,,,inf,31.62,81.42,4.37,7.31,34.01,10.31,49.79,28.96
UNITED MARITIME CAPITAL LLC,,,,inf,790.62,13.33,-26.32,-100.0,,,,,,,,,,,,
UNIVERSITY OF TEXAS/TEXAS AM INVESTMENT MANAGEMENT CO,,,,,,,,,,,,,,,,,,inf,46.86,143.59
USCA RIA LLC,,,inf,327.66,827.03,25.38,-100.0,,,,,,,,,,,,,
USS Investment Management Ltd,,,,,,,inf,-24.26,301.61,-66.97,-15.48,78746.58,52.75,87.72,-8.3,10.0,47.0,13.47,42.52,86.87
"Ulland Investment Advisors, LLC",,,,,,,,,,,,,,,inf,-100.0,,,,
UniSuper Management Pty Ltd,,,,,,,,,,,,,,inf,-47.81,14.07,162.07,79.72,285.04,123.73
"Union Square Park Capital Management, LLC",,,,,,,,,,,,,,,,,inf,-49.19,-100.0,inf
"Unique Wealth Strategies, LLC",,,,,,,,,,,,,,,,,inf,0.0,-100.0,
"United Advisor Group, LLC",,,,,,,,,,,,,,,,,inf,21.31,72.51,96.91
"United Asset Strategies, Inc.",,,,,,,,,,,,,,,,,,,inf,-100.0
United Bank,,,,,,,,,,,,,,,,,,,,inf
"United Capital Management of KS, Inc.",,,,inf,7.38,22.64,-4.13,-15.78,-16.85,-31.09,-3.82,89684.2,40.2,101.68,4.55,7.15,40.27,16.63,3.58,121.61
"Uniting Wealth Partners, LLC",,,,,,,,,,,,,,,,,,,,inf
"University of Massachusetts Foundation, Inc.",,,,,inf,-100.0,,,,,,,,,,,,,,
"Urban Wealth Management, LLC",,,,,,,,,,inf,-100.0,,,,,,,,,
Utah Retirement Systems,,,,,,inf,-7.96,-22.0,-24.62,-28.49,-9.11,81429.05,32.69,84.33,118.54,36.99,65.52,9.19,47.39,103.92
V Wealth Advisors LLC,,,,,,inf,95.93,-100.0,,,,,,,,,,,,
V-Square Quantitative Management LLC,,,,,,,,,,,,,,,,,,,inf,157.03
V2 Financial group LLC,,,,,,inf,-100.0,inf,-25.99,-100.0,,,,,,,,,inf,109.14
VALLEY NATIONAL ADVISERS INC,,,,,inf,18.92,-6.82,-24.39,-25.81,-26.09,-17.65,-7.14,-7.69,83.33,18.18,26.92,33.33,9.09,-87.5,533.33
VAN ECK ASSOCIATES CORP,,,,,,inf,-27.38,-23.08,-26.43,-48.57,-5.02,-31.74,66.01,-0.06,0.17,-3.65,11.66,-0.63,-14.5,12.54
VANGUARD GROUP INC,,,inf,6852.84,21.82,340.32,8.3,-18.85,-7.28,-32.58,-11.51,80912.96,167.73,-6.97,132.41,11.0,-31.97,12.61,75.34,83.55
VCI Wealth Management LLC,,,,,,,,,,,,,,,,,,,,inf
"VERUS CAPITAL PARTNERS, LLC",,,,,,,,,inf,-26.89,-58.33,63217.07,49.87,99.35,10.97,20.28,102.74,0.01,79.62,159.32
"VESTOR CAPITAL, LLC",,,,inf,59.57,12.0,-8.33,-20.78,-24.59,-100.0,,,,,,,inf,-100.0,inf,112.09
"VETAMER CAPITAL MANAGEMENT, L.P.",,,,,,,,,,,,,,,inf,-100.0,,,,
VGI Partners Ltd,,,,inf,-71.45,172.74,-47.46,-26.9,80.01,-100.0,,,,,,,,,,
VICTORY CAPITAL MANAGEMENT INC,,,,inf,165.57,82.21,-14.11,-47.86,-42.39,-12.35,377.75,335722.06,-68.88,79.45,8.45,-23.68,53.31,30.38,51.91,407.83
VICUS CAPITAL,,,,,,,,,,,,,,,,,,,,inf
VIRGINIA RETIREMENT SYSTEMS ET AL,,,,,,,,inf,-100.0,,,,,,,,,,,
VISION FINANCIAL MARKETS LLC,,,,,,,,,,,,,,,,,,,,inf
VISTA INVESTMENT PARTNERS LLC,,,,,,,,,,,,,,,,inf,25.9,-100.0,inf,112.76
"VOISARD ASSET MANAGEMENT GROUP, INC.",,,,,,,,,,,,,,,,inf,34.01,-44.96,65.97,-100.0
"VOLORIDGE INVESTMENT MANAGEMENT, LLC",,,,,,inf,-100.0,,,,inf,138127.12,37.77,2.4,59.12,-100.0,inf,-58.22,81.1,-100.0
"VSM Wealth Advisory, LLC",,,,,,,,,,,,,,,,,,,,inf
Vahanian & Associates Financial Planning Inc.,,,,,,,,,,,,,,,inf,-29.15,-100.0,,,
"Valeo Financial Advisors, LLC",,,,inf,112.39,42.45,6.36,-15.01,-15.47,-47.13,-39.16,87495.98,58.23,48.75,36.9,9.67,195.26,-42.38,49.61,154.69
Valley Brook Capital Group,,,,,inf,-100.0,,,,,,,,,,,,,,
"Valmark Advisers, Inc.",,,,,,,,,,,,,,,,,,,inf,113.54
Valued Wealth Advisors LLC,,,,,,,,,,,,,,,,,,,inf,103.25
"Van Cleef Asset Management,Inc",,,,inf,2380.1,87.84,-7.62,-24.39,-21.73,-32.9,4.51,67291.95,31.85,231.73,5.16,7.18,34.34,10.02,47.12,101.98
"Van Hulzen Asset Management, LLC",,,,,,,,,,,,,,,,,,,,inf
"Van Leeuwen & Company, LLC",,,,,,,,,,,,,,,,,inf,-100.0,,
Vanderbilt University,,,inf,-100.0,,,,,,,,,,,,,,,,
Vanguard Capital Wealth Advisors,,,,inf,70548.94,-99.83,-100.0,,,,,,,,,,,,,
"Vanguard Personalized Indexing Management, LLC",,,,,,,,,inf,330.5,-56.19,80901.13,-22.8,96.71,10.69,43.41,43.09,28.17,73.48,148.88
"Vantage Financial Partners, LLC",,,,,,,,inf,52.17,-33.57,-11.29,78729.7,31.62,169.5,73.4,158.08,-36.78,129.5,-62.68,-100.0
Vantage Point Financial LLC,,,,,,,,,,,,,,,,,,,,inf
Varma Mutual Pension Insurance Co,,,,,,,,,,,,,,,,inf,554.86,-100.0,,inf
Venator Capital Management Ltd.,,,,,,,,,,,,,,,inf,-100.0,,,,
Venture Visionary Partners LLC,,,,,,inf,67.23,-23.12,-11.11,68034.93,-99.91,71483.13,31.14,159.45,132.98,230.22,52.24,33.99,25.62,-16.14
"Venturi Wealth Management, LLC",,,,,,,,,,,,,inf,45.79,-100.0,,inf,26.01,48.46,166.08
Verde Servicos Internacionais S.A.,,,,,inf,-100.0,,,,,,,,,,,,,,
Verdence Capital Advisors LLC,,,,,,,,,,,,,,,,,inf,9.14,69.4,204.29
"Veritable, L.P.",,,,,,,,,inf,-100.0,inf,-100.0,,,,,,,,
Verition Fund Management LLC,,,,inf,165.45,-59.59,-100.0,,inf,-100.0,inf,46007.83,-18.59,187.33,-47.51,761.24,136.03,-62.37,12.14,191.78
"Verity Asset Management, Inc.",,,,,,,,,,,,,,,,,,inf,3.29,-100.0
"Versant Capital Management, Inc",,,,,,,,,,,,,inf,1059.83,191.02,13.06,31.92,29.68,190.95,210.22
Versor Investments LP,,,,,,,,,inf,6.74,267.37,-100.0,,,,inf,-100.0,,,
"Vest Financial, LLC",,,,,,,,,,,,,,,,,,,,inf
Vestcor Inc,,,,,,inf,134.48,-34.56,-1.12,-1.7,-8.38,-19.87,31.5,80.84,4.47,5.86,15.12,10.01,72.22,94.65
"Vestmark Advisory Solutions, Inc.",,,,,,,,,,,,,,,,inf,76.78,-13.41,30.46,35.83
Victrix Investment Advisors,,,,,,,,,,,,,,,,,,,,inf
"Vident Advisory, LLC",,,,,,,,,,,,,,,,,,inf,741.71,-42.75
"Vident Investment Advisory, LLC",,,,,,,,,inf,-32.24,-41.09,-100.0,,,,,,,,
Vienna Asset Management LLC,,,,,,,,inf,-100.0,,inf,-100.0,,,,inf,-100.0,inf,-47.25,11.21
Vigilare Wealth Management,,,,,inf,57.92,59.25,-4.33,-100.0,,,,,,,,,,,
Vinva Investment Management Ltd,,,,,,,,,,,,,,inf,-29.93,6.11,10.21,-23.6,-67.12,878.94
"Virtue Capital Management, LLC",,,,,,,,,,,,,,,,,,,,inf
Virtus Wealth Solutions LLC,,,,,,,,,,,,,,,,,,,,inf
"Vise Technologies, Inc.",,,,,,,,,,,,,,,,,inf,74.98,57.14,188.3
"VisionPoint Advisory Group, LLC",,,,,,,,,,,,,,,inf,7.31,34.01,10.08,-100.0,
"Visionary Horizons, LLC",,,,,,,,,,,,,,,,,,inf,46.86,103.31
Visionary Wealth Advisors,,,,,,inf,13.82,-23.89,-100.0,inf,-1.9,-100.0,,,inf,40.0,96.69,10.88,52.1,113.81
"Vista Wealth Management Group, LLC",,,,,inf,22.7,-8.66,-24.44,-24.04,-45.94,-10.88,77690.12,31.62,-100.0,,,,,,
"VitalStone Financial, LLC",,,,,,,,,,,,inf,-97.7,-91.3,50.0,-16.67,20.0,899533.33,47.27,-100.0
Voleon Capital Management LP,,,,,,,,,,,,,,,,,,,,inf
"WADDELL & ASSOCIATES, LLC",,,,,,,,,,,,,,,,,,,inf,-100.0
WADE G W & INC,,,,inf,-1.21,13.31,-8.81,-24.24,-24.61,-33.53,-10.71,-100.0,,,inf,7.38,-100.0,,,
"WALLED LAKE PLANNING & WEALTH MANAGEMENT, LLC",,,,,inf,12.5,-7.41,-100.0,,,,,,,,,,,inf,64.95
WALTER & KEENAN FINANCIAL CONSULTING CO /MI/ /ADV,,,,,inf,29.43,-8.44,-22.16,-100.0,,,,,,,,,,,
WALTER & KEENAN WEALTH MANAGEMENT LLC /IN/ /ADV,,,,,,,,,inf,-15.75,-8.47,53667.71,9.68,77.22,-22.88,5.45,-6.86,8.06,48.64,100.81
"WASHBURN CAPITAL MANAGEMENT, INC.",,,,,,,,,,,,,,,,,,,,inf
WASHINGTON CAPITAL MANAGEMENT INC,,,,,,,,,inf,44.96,-100.0,,,,,,,,,
"WASHINGTON CAPITAL MANAGEMENT, INC",,,,,,,,,inf,45.1,-100.0,,,,,,,,,
WASHINGTON GROWTH STRATEGIES LLC,,,,,,,,,,,,,,,,,,,inf,-100.0
WASHINGTON TRUST Co,,,,inf,-2.38,14.63,-59.57,57.89,-63.33,-36.36,0.0,73342.86,31.63,81.23,4.37,7.31,84.27,10.08,46.86,319.92
"WAYCROSS PARTNERS, LLC",,,,,,,inf,3.12,44.11,69.86,-40.44,-100.0,,,,,,,,
WBH ADVISORY INC,,,,,inf,-2.53,8.75,-24.24,-39.89,-12.65,-15.03,-100.0,inf,82.52,4.8,6.23,34.12,10.12,-4.52,47.97
WCG Wealth Advisors LLC,,,,,,,,,,inf,-100.0,,,,,,,,,
"WEALTH ADVISORS, INC.",,,,,inf,-100.0,,,,,,,,,,,,,,
WEALTH EFFECTS LLC,,,,,,,,,,,,,,,,,,,,inf
"WEALTH ENHANCEMENT ADVISORY SERVICES, LLC",,,,,,,,,,,,,,,inf,-8.96,74.01,183.21,14.92,1.31
WEALTHGARDEN F.S. LLC,,,,,,,,,,,,,,,,,,,inf,-100.0
WEATHERLY ASSET MANAGEMENT L. P.,,,,,,,,,,,,,,,,,,,,inf
"WEBSTER BANK, N. A.",,,,,,inf,115.38,8.93,8.2,-51.52,-12.5,-89.29,140733.33,81.42,4.37,7.31,-100.0,,,inf
WEDBUSH SECURITIES INC,,,inf,656.52,68.49,41.73,-4.01,-33.89,-45.01,-42.87,-10.87,-37.92,45.09,96.99,93.13,22.66,129.75,24.85,19.45,109.33
WEDGE CAPITAL MANAGEMENT L L P/NC,,,,,,,,,,,,,,,,,,,,inf
WELD CAPITAL MANAGEMENT LLC,,,,inf,-100.0,,,,,,,,,,,,,,,
WESBANCO BANK INC,,,,,,,,,inf,-33.33,-100.0,,,,,,,,,inf
"WESPAC Advisors SoCal, LLC",,,,,,,,,,,,,,,,,,,inf,463.32
"WESPAC Advisors, LLC",,,,inf,-1.22,-45.45,89.39,-100.0,,,,,,,,,,,,inf
"WEST MICHIGAN ADVISORS, LLC",,,,,,,,,,,,,,,,,,inf,2.43,151.49
WEST PACES ADVISORS INC.,,,inf,172.69,-46.06,385.17,-5.61,-21.41,-20.51,-36.21,-65.57,8.22,31.61,81.42,4.37,-18.79,182.39,60.74,29.56,114.01
"WESTBOURNE INVESTMENTS, INC.",,,,,,,,,,,,,,,,,,,,inf
WESTERN FINANCIAL CORPORATION,,,,,,inf,-7.85,-100.0,,,,,,,,,,,,
WESTFIELD CAPITAL MANAGEMENT CO LP,,,,,,,,,,,,,,,,,,inf,1.58,32.96
WETHERBY ASSET MANAGEMENT INC,,,,,,,inf,-100.0,,,,,,inf,-100.0,,,,,
"WETZEL INVESTMENT ADVISORS, INC.",,,,,,,,,,,,,,,,inf,122454.0,8.9,-100.0,inf
WEXFORD CAPITAL LP,,,,,,,,,,,,inf,-100.0,inf,-100.0,,,,,
WFA Asset Management Corp,,,,,,,,,,,,,,,,,,,,inf
"WFA of San Diego, LLC",,,,,,,,,,,,,,inf,4.3,-100.0,,inf,46.8,-100.0
WHITTIER TRUST CO,,,,,,,,,inf,-11.59,3.37,104771.01,31.33,82.01,4.37,34.4,37.57,7.95,48.47,88.1
WHITTIER TRUST CO OF NEVADA INC,,,,,inf,-100.0,inf,-24.14,-15.15,-100.0,,,,,,,,,inf,53.03
WILBANKS SMITH & THOMAS ASSET MANAGEMENT LLC,,,,,,,inf,-42.62,18.67,-100.0,,,,,,,inf,-100.0,,
"WILLNER & HELLER, LLC",,,,,,,,,,,,,,,,,,,inf,96.79
WINTON GROUP Ltd,,,,,,,,,,,,,,,inf,249.09,-100.0,inf,90.83,172.85
WINTRUST INVESTMENTS LLC,,,,,,,,,,,,,,,,,inf,160.17,-76.87,45.37
"WIPFLI FINANCIAL ADVISORS LLC,",,,,,,,,,,,inf,-100.0,,,,,,,,
"WMG Financial Advisors, LLC",,,,,,,,,,,,,,,,,,,,inf
"WMS Partners, LLC",,,,,,,inf,8.09,-2.23,-33.88,-9.36,-100.0,,,,,,,,
WOLFF WIESE MAGANA LLC,,,,inf,-92.86,-100.0,inf,0.0,-50.0,-100.0,,,,,,inf,34.0,41.71,-62.3,571.81
WOODARD & CO ASSET MANAGEMENT GROUP INC /ADV,,,,,,,,,,,,,,,,,,inf,-100.0,
WOODMONT INVESTMENT COUNSEL LLC,,,,,,,,,,,,,,inf,-17.74,4.75,33.39,10.08,0.63,88.05
"WORLD EQUITY GROUP, INC.",,,,,,,,,inf,-33.94,-27.14,-19.75,11.83,119.12,22.35,10.71,23.34,18.43,64.76,212.08
"WR Wealth Planners, LLC",,,,,,,,,inf,-33.93,-100.0,,inf,81.42,4.37,-100.0,inf,13.31,81.83,41.08
WT Asset Management Ltd,,,,,,,,,,,,,,,,,inf,-100.0,inf,-100.0
WT Wealth Management,,,,,,,,,,,,,,,,,,,,inf
"WULFF, HANSEN & CO.",,,,,,,,,,,,,,,,inf,-28.25,51.58,41.28,-100.0
"Wagner Wealth Management, LLC",,,,,inf,143.84,-71.91,-30.0,-100.0,inf,-12.5,-100.0,,,,,,,,
Waldron Private Wealth LLC,,,,,,,,,,,,,,,,,,,inf,69.45
Walkner Condon Financial Advisors LLC,,,,,,,,,,,inf,-100.0,,,,,,,,inf
"Wall Street Financial Group, Inc.",,,,,,,,,,,,,,,,,,inf,44.18,-9.01
Walleye Capital LLC,,,,,,,,,inf,-100.0,inf,67927.64,-15.98,301.22,655.32,33.86,52.8,39.28,10.08,68.68
Walleye Trading LLC,,,,inf,162.67,123.6,13.5,-28.08,-49.1,-70.19,-16.72,120547.91,13.62,79.29,77.77,-37.1,24.9,108.62,9.46,37.48
"Wambolt & Associates, LLC",,,,,,,,,,,,,,,,,,,,inf
Warberg Asset Management LLC,,,,,,,,,,,,,,,,,,,,inf
"Warburton Capital Management, LLC",,,,,,,,,,,,,,,,,,,,inf
"Warren Street Wealth Advisors, LLC",,,,,,,,,,,,,,,,,,,,inf
"Washington Trust Advisors, Inc.",,,,,,,,,inf,-35.71,-11.11,160400.0,163.24,-9.29,4.37,7.31,34.01,10.08,46.86,82.98
"Waterloo Capital, L.P.",,,,,,,,,,,,,,,,,,inf,86.76,91.07
"Watts Gwilliam & Co., LLC",,,,,,,,,,,,,,,,,,,,inf
"Waverly Advisors, LLC",,,,,,,,,,,,,,,,inf,45.28,58.5,9.01,101.29
"We Are One Seven, LLC",,,,,,inf,12.0,-100.0,,,,,,,,,,,,
Wealth Alliance,,,,inf,-4.72,102.62,-29.64,-50.31,-21.81,-100.0,,,,,,,,inf,41.98,-100.0
"Wealth Alliance Advisory Group, LLC",,,,,,,,,,,,,,,,,,,,inf
"Wealth Architects, LLC",,,,,inf,-4.65,-7.96,-24.43,-23.18,-34.82,-10.57,78950.16,30.01,84.43,4.42,55.16,34.15,10.17,-16.86,100.41
Wealth High Governance Capital Ltda,,,,,,,,,,,,,,,,,,,,inf
"Wealth Management Partners, LLC",,,,,,,,,,,,,,,,,,,inf,111.56
Wealth Quarterback LLC,,,,,,inf,-8.57,-100.0,,,,,,,,,,,,
"WealthCollab, LLC",,,,,,,,,,,,,,,,,,,,inf
"WealthPLAN Partners, LLC",,,,,,,,,,,,,inf,35.75,-100.0,,,inf,28.52,204.57
"WealthPlan Investment Management, LLC",,,,,,,,,,,,,,,,,,,inf,481.47
"WealthShield Partners, LLC",,,,,inf,6.25,-100.0,,,,,,,,,,,,,inf
Wealthcare Advisory Partners LLC,,,,,inf,15.45,-10.63,-100.0,,,,inf,-100.0,inf,14.37,11.39,43.04,94.57,6.33,75.34
"Wealthcare Capital Partners, LLC",,,,,,,,,,,,,,,,,,,,inf
Wealthfront Advisers LLC,,,,,,,,inf,-44.43,-59.14,-55.46,70341.67,366.19,139.31,311.48,-8.97,38.25,16.83,51.26,-100.0
"Wealthgate Family Office, LLC",,,,,inf,-100.0,,,,,,,,,,,,,,
"Wealthspire Advisors, L.P.",,,inf,-100.0,,,,,,,,,,,,,,,,
"Wealthspire Advisors, LLC",,,,,inf,12.51,-30.26,-25.08,-5.01,-33.86,-9.92,78756.34,34.16,81.13,-9.16,-10.69,34.13,11.38,-2.77,121.89
"Wealthstar Advisors, LLC",,,,,,,,,,,,,,,,,,inf,-100.0,
Wedmont Private Capital,,,,,,,,inf,-34.86,-100.0,,inf,30.46,142.28,34.76,-4.42,32.34,34.85,53.96,54.33
"Weil Company, Inc.",,,,,,,,,,,inf,139135.37,-100.0,,,,,,,
Weiss Multi-Strategy Advisers LLC,,,,,,,,,,,,,,inf,-100.0,,,,,
"Welch Group, LLC",,,,,,,,,,,,,,,,,,,,inf
"Wellington Shields & Co., LLC",,,,,,,,,,,,,,,,,inf,-59.77,52.49,352.79
"Wellington Shields Capital Management, LLC",,,,,,,,,,,,,,,,,inf,-45.48,46.86,357.44
"Wellington Wealth Strategies, LLC.",,,,,,,,,,,,,,,,,,,,inf
Werba Rubin Papier Wealth Management,,,,,,,,,,,,,,,,,,,,inf
West Branch Capital LLC,,,,,,,,,,,,,,,,,,,inf,103.07
"West Family Investments, Inc.",,,,,,,,,,,,,,,,,,,,inf
"West Oak Capital, LLC",,,,,,inf,0.0,-100.0,,,,,,,,,,,,
"West Tower Group, LLC",,,,,,,,,,,,,,,,,,inf,-100.0,
"WestEnd Advisors, LLC",,,,,,,,,,,,,,,,,,,inf,164.25
"Westend Capital Management, LLC",,,,,,,,,,,,,,,,,inf,12.46,44.76,102.64
Western Financial Corp/CA,,,,,,,,,,,,,,inf,-5.55,-1.04,33.64,8.61,26.49,85.25
"Western Pacific Wealth Management, LP",,,,,,,,,,,,,inf,262.84,898.15,7.69,78.94,32.17,52.29,57.41
"Western Wealth Management, LLC",,,,,,inf,-100.0,,inf,-35.98,4.25,50869.59,71.91,-100.0,inf,34.55,130.75,13.01,9.1,-70.88
"Westover Capital Advisors, LLC",,,,,,,,,,,,,,,,,,,inf,106.98
"Westside Investment Management, Inc.",,,,inf,259088.89,13.19,-7.67,-0.12,-14.97,1.87,-30.6,-8.08,56.1,-7.86,3.34,7.32,33.31,10.66,5.86,81.18
Westwind Capital,,,,,,,,,,,,,,,,,inf,0.0,100.0,-100.0
Westwood Wealth Management,,,,,,,,,,,,,,,,,,,,inf
"Whipplewood Advisors, LLC",,,,,,,,,,,,,,,,,,,,inf
"Whitaker-Myers Wealth Managers, LTD.",,,,,,,,,,,,,,,,,,,,inf
"White Knight Strategic Wealth Advisors, LLC",,,,,,,,,inf,-32.89,-6.86,-16.84,31.65,-100.0,,,,,inf,290.36
"Williams Jones Wealth Management, LLC.",,,,,,,,,,,,,,,,,,,,inf
"Williamson Legacy Group, LLC",,,,,,,,,,,,,,,,,,,,inf
"Willis Johnson & Associates, Inc.",,,,,,,,,,,,,,,,,,,,inf
"Wilmington Savings Fund Society, FSB",,,,,,,,,,,,,,,,,,,inf,-100.0
"Winch Advisory Services, LLC",,,,inf,15.38,13.33,-17.65,-100.0,,,,,,,,,,,,inf
Windmill Hill Asset Management Ltd,,,,,,,,,,,,,,,,inf,34.01,10.08,-100.0,
"Winfield Associates, Inc.",,,,inf,0.61,13.71,-8.16,-26.06,-22.98,-100.0,,,,,,,,,,
Winthrop Advisory Group LLC,,,,inf,-6.2,15.32,-17.97,-18.1,-24.81,-34.02,-3.91,80209.76,31.62,128.4,4.37,7.31,34.01,106.01,-45.06,-100.0
Wise Wealth Partners,,,,,,,,,,,,,,,,,,,,inf
Woodline Partners LP,,,,,,,,,,inf,-100.0,,,,,,,,,inf
World Asset Management Inc,,,,,,inf,-17.82,-100.0,,,,,,,,,,,,
World Investment Advisors,,,,,,,,,,,,,,,,,,,,inf
"World Investment Advisors, LLC",,,,,,,,,,,,,,,,,,,inf,-100.0
"World Investment Advisors, LLC ",,,,,,,,,,,,,,,,,,,inf,-100.0
"X-Square Capital, LLC",,,,,,,,,,,,,,,,,,inf,122.63,103.23
"XML Financial, LLC",,,,,,,,,,,,,,,,,,,inf,118.72
"XPONANCE, INC.",,,,,,inf,-11.26,-22.18,-23.42,-27.05,-8.98,91620.2,32.9,90.44,5.81,-0.49,80.48,15.58,87.31,109.87
XR Securities LLC,,,,,inf,-6.04,-51.2,-4.75,-26.1,-40.78,-42.98,50326.92,42.55,176.91,-31.85,-100.0,,inf,-100.0,
"Xcel Wealth Management, LLC",,,,,,,,,,,,,,,,,,,inf,353.54
Y-Intercept (Hong Kong) Ltd,,,,inf,-25.32,-100.0,,,,,inf,-100.0,inf,-100.0,,inf,153.14,-100.0,,
Y.D. More Investments Ltd,,,,,,,,,,,,inf,-100.0,,,,,,,
"YHB Investment Advisors, Inc.",,,,,,,,,,,,,,,,,inf,-100.0,,inf
"YOUSIF CAPITAL MANAGEMENT, LLC",,,,,,,,inf,-22.91,-47.68,-18.34,164047.83,-32.4,74.96,8.85,13.02,50.74,27.3,1489.56,77.52
"Yarbrough Capital, LLC",,,,,,,,inf,-100.0,,,inf,21951.56,262.84,-47.81,7.31,34.01,10.08,46.86,103.31
"Yeomans Consulting Group, Inc.",,,,,,,,,,,,,,,,inf,-100.0,,inf,39.59
"Yoder Wealth Management, Inc.",,,,,,,,,,,,,,,,,,,inf,103.31
Yong Rong (HK) Asset Management Ltd,,,,,,,,,,,,,,inf,1.71,-100.0,inf,-100.0,,
Yorktown Management & Research Co Inc,,,,,,inf,-100.0,,inf,-100.0,,,,,,,,,,
"Your Advocates Ltd., LLP",,,,,,,,,,,,,,,,,,inf,-100.0,
ZACKS INVESTMENT MANAGEMENT,,,,,,,,,,,,,,,,,,,inf,258.58
"ZEGA Investments, LLC",,,,,,,,,,,,,,,,,,,,inf
"ZEKE CAPITAL ADVISORS, LLC",,,,,,,inf,-68.4,-19.78,-37.67,-10.99,79159.26,-100.0,,,,,,,
ZIMMERMANN INVESTMENT MANAGEMENT & PLANNING LLC,,,,,,,,,,,,,,,,,,,inf,-100.0
"ZRC WEALTH MANAGEMENT, LLC",,,,,,,,,,,,,inf,81.42,4.37,1.67,43.83,10.07,49.75,-100.0
"Zions Bancorporation, N.A.",,,,,,inf,200.0,-77.78,200.0,-66.67,250.0,42457.14,42.4,169.97,10.09,17.39,51.58,-38.24,-39.33,1352.86
"Zuckerman Investment Group, LLC",,,inf,107.17,40.73,13.17,-8.82,-24.26,-24.63,-33.91,-10.41,465203.32,-77.64,81.42,40.01,27.53,430.65,11.41,34.55,99.18
"Zullo Investment Group, Inc.",,,,,,,,,,,,inf,-100.0,,,,inf,23.48,10.63,122.41
Zurcher Kantonalbank (Zurich Cantonalbank),,,,inf,-58.61,236.74,131.91,-4.59,-15.13,-34.14,-10.45,64955.91,23.07,102.39,-4.01,12.13,22.94,16.73,206.42,1.16
Zweig-DiMenna Associates LLC,,,inf,-100.0,,,inf,-100.0,,,,,,,,,,,,
"apricus wealth, LLC",,,,,,,,,,,,inf,31.62,105.92,-0.23,-89.9,34.01,10.08,46.86,103.31
iA Global Asset Management Inc.,,,,,,,,,,,,,,,,,,,,inf
"one8zero8, LLC",,,,,,,,,,,,,,,,,,,,inf
tru Independence LLC,,,,inf,-100.0,,,,,,,,,,,,,,,
