FILINGMANAGER_NAME,2020Q1,2020Q2,2020Q3,2020Q4,2021Q1,2021Q2,2021Q3,2021Q4,2022Q1,2022Q2,2022Q3,2022Q4,2023Q1,2023Q2,2023Q3,2023Q4,2024Q1,2024Q2,2024Q3,2024Q4
" CALDWELL SUTTER CAPITAL, INC.",,,,,,,,,,,,,,,,,,inf,-14.48,-2.29
 NEUBERGER BERMAN GROUP LLC,,,,,,,,,,,,,,,,inf,13.82,142.06,-46.58,5.8
&PARTNERS,,,,,,,,,,,,,,,,,inf,403.82,125.38,68.63
"1248 Management, LLC",,,,,,,,,,,,,,,,,,,,inf
"1620 INVESTMENT ADVISORS, INC.",,,,,,,,inf,0.0,-35.94,-0.6,87421.98,78.85,24.96,-54.18,5.88,2.33,17.84,-20.92,11.34
"17 CAPITAL PARTNERS, LLC",,,,,,inf,4.52,1.73,-5.57,-20.64,-0.21,-100.0,,,,inf,-37.72,-20.46,0.95,6.47
1776 WEALTH LLC,,-41.38,-100.0,,,,,,,,,,,,,,,,,
1776 Wealth LLC,,,,,,,,,,,,,,inf,-8.25,25.78,-4.77,18.9,-4.5,6.47
"180 WEALTH ADVISORS, LLC",,,,,,,,,,,,inf,25.54,18.31,-8.43,18.48,-37.44,16.95,3.25,42.43
1832 Asset Management L.P.,,,inf,721703.45,-100.0,inf,798.58,17.47,19.89,-37.91,-11.25,43223.3,106.99,24.27,-74.16,105.97,-100.0,493042.99,-100.0,inf
1834 INVESTMENT ADVISORS CO,,,,,,,,,,,,,inf,4.5,-20.5,-42.08,-4.83,6.88,-19.3,4.41
"1858 WEALTH MANAGEMENT, LLC",,,,,,,,,,,,,,,,inf,0.0,16.1,-7.62,6.39
1900 WEALTH MANAGEMENT LLC,,,,,,,inf,18.92,12.12,-20.61,-6.38,-100.0,,inf,32.1,8.81,-22.64,19.76,84.32,-41.76
1ST SOURCE BANK,,57.69,4.88,45.25,-1.42,16.38,29.31,11.78,8.3,-21.96,-3.04,88865.57,42.85,27.12,-8.44,25.47,10.73,20.03,-1.01,5.36
25 LLC,,,,,,,,,,,,,inf,34.39,-100.0,,,,,
"49 WEALTH MANAGEMENT, LLC",,,,,,,,,,,,,,,,,,,inf,6.97
"5T Wealth, LLC",,,,,,,,,,,,,,,,,,,,inf
"9258 Wealth Management, LLC",,,,,,,,,,,,,,inf,-9.35,281.93,-60.26,38.18,39.04,-100.0
"A.R.T. Advisors, LLC",,,,,inf,-100.0,,,,,,,,,,,,,,
AAFMAA Wealth Management & Trust LLC,,,,,,,,,,,,,,,,inf,3.93,0.47,11.08,-7.84
ABEILLE ASSET MANAGEMENT SA,,,,,,,,,,,,inf,-100.0,,,,,,,
"ABSOLUTE CAPITAL MANAGEMENT, LLC",,,,,,,,,,,,inf,43.28,379.35,-8.23,15.72,-100.0,,,
ABSOLUTE INVESTMENT ADVISERS LLC,,,,,,,inf,13.13,89.62,-19.2,-0.25,86384.26,-100.0,,,,,,,
ACG Wealth,,39.93,-0.45,45.84,-9.98,15.79,27.58,-11.19,-34.57,-22.74,-2.84,-100.0,,,,,,,,
ACORN FINANCIAL ADVISORY SERVICES INC /ADV,,39.81,12.86,53.95,-5.73,17.38,38.0,-21.33,9.04,-21.78,1.73,85566.48,44.22,62.78,-12.81,13.19,-51.89,16.49,-1.91,2.13
"ADAGE CAPITAL PARTNERS GP, L.L.C.",,,,,,,,,,,,,,,inf,-7.63,4.82,30.33,-9.06,6.76
"ADAMS DIVERSIFIED EQUITY FUND, INC.",,,,,,,inf,9.21,11.81,-34.06,-0.52,85097.09,-100.0,,,,,,,inf
ADELL HARRIMAN & CARPENTER INC,,41.62,5.62,38.53,-12.62,19.17,20.97,16.45,7.55,-16.53,3.52,-18.34,43.79,24.76,-7.8,26.52,-2.23,17.62,0.14,8.05
ADIRONDACK TRUST CO,,100.0,0.0,25.0,0.0,20.0,33.33,0.0,12.5,188.89,0.0,83619.23,-11.91,25.14,294.71,65.58,-8.51,19.32,0.82,-46.76
"ADVANCED RESEARCH INVESTMENT SOLUTIONS, LLC",,,,,,,,,inf,-20.0,0.0,-100.0,,,,,,,,
ADVENT CAPITAL MANAGEMENT /DE/,,-28.92,-32.04,-4.78,-40.52,280.5,-13.94,-26.06,-25.3,1.46,116.4,45383.27,-3.99,-40.05,-11.77,-22.18,-36.07,-28.35,-100.0,
"ADVISOR GROUP HOLDINGS, INC.",,,,,,,,,,,,inf,42.67,-100.0,,,,,,
ADVISOR PARTNERS LLC,,,,,,,inf,16.26,24.83,-21.85,-100.0,,,,,,,,,
ADVISORS MANAGEMENT GROUP INC /ADV,,,,,,,,,,,,,,,,,inf,17.4,0.9,11.38
ADVISORY RESEARCH INC,,,,,,,,,,,,,,inf,-0.43,-100.0,,,,
"ADVISORY SERVICES NETWORK, LLC",,,,,,,,,,,,,,inf,-100.0,,,,,
AE Wealth Management LLC,,55.43,248.49,-12.78,-49.72,15.93,147.07,-15.73,37.19,-7.79,36.47,92529.75,2.84,44.7,5.29,172.99,-96.47,1393.99,-59.32,14.97
"AFT, FORSYTH & COMPANY, INC.",,,,,inf,15.2,48.24,15.81,-45.53,-7.18,11.14,85055.66,42.73,41.78,-1.99,49.6,-0.33,18.28,0.01,6.4
AFTON CAPITAL MANAGEMENT LLC,,,,,,,,,,inf,-33.68,-100.0,,,,,,,,
AGF INVESTMENTS INC.,,77.38,-66.33,32.56,-11.53,623.23,2166.39,73.49,81.13,-20.45,2.21,-100.0,,,,,,,,
AGF MANAGEMENT LTD,,,,,,,,,,,,inf,53.77,109.8,-5.82,25.55,-98.67,-29.18,42.51,2.96
"AGP FRANKLIN, LLC",,,,,,,,,,,,,,,,,,,,inf
"AIGEN INVESTMENT MANAGEMENT, LP",,inf,-100.0,inf,88.43,-100.0,inf,-78.22,-100.0,,,,,,,,,,,
"AIRE ADVISORS, LLC",,,,,,,,,,,,,,,,,,inf,54.76,8.62
"AJ WEALTH STRATEGIES, LLC",,,,,,,,inf,11.76,-100.0,,,inf,30.37,-100.0,,,,,
"AJO, LP",,inf,-35.12,-100.0,,,,,,,,,,,,,,,,
"AJOVista, LLC",,,,,,,,,,,,,,,,inf,-100.0,,,
ALBION FINANCIAL GROUP /UT,,,,,,,,,,,,,,inf,98.7,-100.0,inf,19.33,0.82,6.46
ALERUS FINANCIAL  NA,,,,,,,,,,,,,,,,,,inf,-100.0,
ALERUS FINANCIAL NA,,,,,,,,,,,,,,,,,,,inf,1.32
ALGERT GLOBAL LLC,,,,,,,,,,,inf,3.23,-100.0,,,,,,,
ALLSTATE CORP,,inf,11.08,45.14,0.34,16.1,29.06,406.06,-34.51,-36.69,-1.09,86313.38,-84.66,27.92,-8.25,21.29,-4.56,18.28,-100.0,inf
ALLSTATE INVESTMENT MANAGEMENT CO,,,,,,,,,,,,inf,-100.0,,,,,,,
"ALPINE WOODS CAPITAL INVESTORS, LLC",,36.59,6.47,45.28,-9.38,15.13,29.18,51.93,11.84,-20.67,-23.91,36.74,43.21,17.75,9.42,224823.96,-10.45,8.53,10.02,16.48
ALTFEST L J & CO INC,,137.61,6.15,45.26,-8.94,47.48,-100.0,,,,,,,,,,inf,-100.0,,
AM INVESTMENT STRATEGIES LLC,,,,,,,,,,,,,,,,,inf,31.41,-100.0,
AM Squared Ltd,,,,,,,,,,,,inf,-46.32,-100.0,,,inf,-100.0,,
AMALGAMATED BANK,,-49.62,1.32,40.93,-12.81,80.92,12.79,208.05,43.16,-56.72,-4.61,-15.94,49.99,196.07,-10.53,22.52,-17.03,22.14,-0.13,7.67
AMERICAN INTERNATIONAL GROUP INC,,73.94,-1.3,-100.0,,,,,,,,,,,,,,,,
"AMERICAN INTERNATIONAL GROUP, INC.",,,,inf,-17.45,9.04,139.84,153.46,7.19,-38.31,-0.07,75353.74,43.53,665.53,4.41,29.4,-100.0,,,
AMERICAN NATIONAL BANK,,,,,,,,,,,inf,0.0,838800.0,27.92,0.49,110.54,-51.61,19.31,-100.0,
AMERICAN NATIONAL BANK & TRUST,,,,,,,,,,,,,,,,,,,inf,-2.71
AMERICAN NATIONAL INSURANCE CO,,-100.0,inf,45.21,-9.45,15.01,28.94,-81.98,-100.0,,,,,,,,,,,
AMERICAN NATIONAL INSURANCE CO /TX/,,inf,-100.0,,,,,,,,,,,,,,,,,
"AMERIFLEX GROUP, INC.",,,,,,,,,,,,,,,,,,,,inf
AMF Pensionsforsakring AB,,,,,,,inf,-100.0,,,,,,,,,,,,
AMF Tjanstepension AB,,,,,,,,inf,412.01,-86.08,5.34,596800.96,26.44,52.8,-83.43,207.53,-2.93,-100.0,,
AMG National Trust Bank,,,,,,,,,,,,,,inf,5.54,27.78,-3.65,22.95,3.71,6.12
AMI ASSET MANAGEMENT CORP,,,inf,45.2,-15.98,10.18,25.18,14.98,-16.25,-22.04,-4.73,-15.51,141963.37,26.37,-40.18,25.75,-1.03,17.44,-1.75,-18.68
AMJ Financial Wealth Management,,,,,,,,,,,,,,,,,,,inf,39.16
"AMUNDI ASSET MANAGEMENT US, INC.",,,,,inf,-100.0,,,,,,,,,,,,,,
AMUNDI PIONEER ASSET MANAGEMENT INC,,-18.8,930.79,174.97,-100.0,,,,,,,,,,,,,,,
ANDERSON FISHER LLC,,inf,8.33,46.15,-100.0,,,,,,,,,,,,,,,
ANDERSON HOAGLAND & CO,,,,,,,,,,,,,,,,,inf,19.63,1.84,3.46
"ANGELES WEALTH MANAGEMENT, LLC",,,,,,,,,,,,,inf,28.26,3.15,23.16,-37.18,59.62,6.02,9.13
"ANGELO GORDON & CO., L.P.",,inf,-77.12,25.13,18.41,-100.0,,,,,,,,,,,,,,
"AO Asset Management, LP",,40.11,30.79,45.22,-25.22,16.55,-31.52,-67.27,-2.41,-43.31,-100.0,,,,,,,,,
APPLETON PARTNERS INC/MA,,32.79,5.16,45.71,-12.0,9.36,32.81,12.05,9.79,-20.83,-2.21,-18.4,35.63,19.06,-19.22,20.27,-16.74,10.95,-5.46,-7.15
"ARBOR TRUST WEALTH ADVISORS, LLC",,,,,,,,,,,,,,,,inf,12.04,36.46,0.0,40.09
ARCADIA INVESTMENT MANAGEMENT CORP/MI,,48.03,6.21,37.14,-14.99,10.8,28.49,13.99,8.3,-20.74,-6.05,80294.31,41.71,25.73,-8.26,24.9,-7.37,17.9,-5.97,8.01
ARDSLEY ADVISORY PARTNERS LP,,,inf,89.41,-9.38,-3.98,44.59,-50.19,142.28,-45.06,32.97,42857.17,41.57,-100.0,,,inf,502.54,4.82,-74.65
ARGENT CAPITAL MANAGEMENT LLC,,,,inf,-100.0,inf,28.7,16.38,11.98,-20.86,-0.34,85043.05,43.14,27.92,-8.25,25.78,-3.65,19.32,1.5,6.47
"ARGONAUTICA PRIVATE WEALTH MANAGEMENT, INC",,,,,,,,,,,,,,,inf,28.65,31.19,22.64,1.58,8.99
ARISTEIA CAPITAL LLC,,101.35,86.88,-93.32,-100.0,,,,,,,,,,,,,,,
"ARMISTICE CAPITAL, LLC",,,,,,,,inf,-100.0,inf,112.23,-100.0,,,,,,,,
"ARMSTRONG ADVISORY GROUP, INC",,,,,,,,,,,,inf,165.85,-4.88,-8.25,25.78,0.0,4.06,70.92,9.46
"ARS Investment Partners, LLC",,,,,,,,inf,-100.0,,inf,-100.0,,,,,,,,
"ARTHUR M. COHEN & ASSOCIATES, LLC",,,,,,,,,inf,-20.52,-0.65,85138.82,43.14,57.54,-8.25,52.18,43.37,42.07,20.0,14.35
ARVEST TRUST CO N A,,,,,,,,,,,,,,inf,-100.0,inf,-23.5,-33.28,-100.0,
"ASAHI LIFE ASSET MANAGEMENT CO., LTD.",,inf,2.82,-100.0,,,,,,,,,,,,inf,-3.65,-100.0,,
"ASB Consultores, LLC",,,,,,,,,,,,,,,,,,inf,-0.01,-100.0
"ASHTON THOMAS SECURITIES, LLC",,,,,,,,,,,,,,,,,,,inf,59.57
"ASPIRIANT, LLC",,,,,,,inf,21.82,38.06,-37.84,-2.17,-100.0,inf,4.58,-7.98,26.14,-2.74,-1.33,1.05,23.78
"ASSETMARK, INC",,20.0,-16.67,73.33,-11.54,17.39,92.59,25.0,5098.46,-3.46,5.09,-100.0,,,inf,13.49,7.93,38.8,9.43,0.76
"ATALANTA SOSNOFF CAPITAL, LLC",,38.8,10.38,45.01,16.74,23.81,28.97,15.53,-4.18,-41.67,55.45,70334.85,-67.29,25.22,-42.75,39.03,2.12,44.31,0.34,-8.19
ATLAS CAPITAL ADVISORS INC.,,,,,,,,,,,,,,,,,,,,inf
ATLAS CAPITAL ADVISORS LLC,,,,,,,,,,,,,,,,,inf,-41.25,104.76,-100.0
ATRIA INVESTMENTS LLC,,inf,26.25,44.86,-5.36,18.62,32.54,44.69,25.15,-15.7,-1.46,-100.0,,,,,,,,
"ATTICUS WEALTH MANAGEMENT, LLC",,,,,,,,,,,,,,,inf,101.25,25.26,27.55,6.02,8.87
ATWOOD & PALMER INC,,41.67,5.88,50.0,-11.11,16.67,157.14,-41.67,11.9,-21.28,0.0,84754.05,43.15,55.21,-8.25,25.78,-3.65,19.31,0.82,6.47
"AUA CAPITAL MANAGEMENT, LLC",,,inf,44.19,91.13,-45.15,29.23,16.07,11.79,-20.64,-0.58,85084.3,43.14,-100.0,,,,,,
"AVANTAX ADVISORY SERVICES, INC.",,-59.08,131.72,-53.46,-10.03,54.62,65.17,71.08,12.59,-21.27,-4.17,80601.87,83.28,37.61,-5.01,43.67,9.38,143.42,-2.16,13.72
AVISO WEALTH MANAGEMENT,,,,,,,,,,,,,,,,inf,73.62,50.8,-4.9,2.97
AXIOM INVESTORS LLC /DE,,,,,,,,,,,,,,inf,54.15,477.75,-63.36,-66.02,-100.0,
"AXQ CAPITAL, LP",,,,,,,,,,,,,inf,-100.0,,,,,inf,-100.0
AXS Investments LLC,,,,,inf,-14.97,-100.0,inf,-52.4,-6.89,-8.24,83026.12,29.12,19.81,-9.73,27.93,19.96,-21.85,-17.01,4.72
"AXXCESS WEALTH MANAGEMENT, LLC",,,,,,,,inf,5.72,-40.82,-36.59,291477.97,-18.49,-13.41,28.5,46.67,-3.07,-54.04,1.36,150.49
AZZAD ASSET MANAGEMENT INC /ADV,,40.04,6.55,49.28,-9.36,-100.0,,,,inf,-0.0,-100.0,,,,,inf,20.19,0.38,-100.0
Aaron Wealth Advisors LLC,,,,,,,,,inf,-100.0,,,,,,inf,7.23,84.56,25.09,19.29
Abacus FCF Advisors LLC,,,,,,,,,,,,,,,,,,,,inf
"Abbot Financial Management, Inc.",,40.28,0.5,45.11,-9.33,15.05,29.14,16.28,11.8,-20.61,0.99,85391.88,43.14,27.92,-8.25,25.78,-3.51,19.32,0.82,6.47
"Abbrea Capital, LLC",,,,,,,,,,,,,,,,inf,2.14,33.05,-100.0,
Abich Financial Wealth Management LLC,,,,,,,,,,,,,,,,inf,-100.0,inf,-66.4,-100.0
Able Wealth Management LLC,,,,,,,,,,,,,,,,inf,-100.0,,,
Abound Wealth Management,,,,,,,,,,,,,,inf,-26.15,109.63,24.37,22.68,2.2,4.99
Abundance Wealth Counselors,,,,,inf,-100.0,,,,,,,,,,,,,,
Accordant Advisory Group Inc,,,,,,,,,,,,,,,,,inf,-100.0,,
Accredited Investors Inc.,,,,,,,,,,,,,,,,,,inf,250.98,-62.33
"Accurate Wealth Management, LLC",,,,,,,,,,,,inf,-100.0,,inf,62.58,-3.31,37.48,16.11,-19.77
Activest Wealth Management,,,,,inf,100.0,-30.0,14.29,12.5,55.56,-100.0,,inf,-42.48,104.06,25.79,1143.42,142.59,-53.45,5.18
Addison Advisors LLC,,,,,,,,,,,,,,,inf,25.76,-100.0,,,
"Adero Partners, LLC",,,,,,,,,,,,,,,,inf,-2.45,26.76,2.68,-10.14
Advanced Asset Management Advisors Inc,,,,,,,,,,,,inf,-100.0,,,,,,,
"Advanced Portfolio Management, LLC",,,,,,,,,,,,,,,inf,-100.0,,,,
Advantage Trust Co,,,,,,,,,,,,,,,,inf,-3.65,19.32,0.82,6.47
Adviser Investments LLC,,40.11,2.76,45.22,-9.38,15.21,13.97,16.3,2.03,-20.1,-10.52,84293.35,28.24,-96.9,3546.68,-100.0,,,,
"Advisor OS, LLC",,,,,,,,,,,,,,inf,283.66,42.65,-10.42,-43.56,-1.31,-6.66
Advisor Resource Council,,,,,,inf,-100.0,inf,-29.89,85.98,-85.44,74445.83,323.07,-56.24,-9.91,626.66,-68.1,-100.0,inf,-100.0
"AdvisorNet Financial, Inc",,77.78,6.25,47.06,-12.0,100.0,-25.0,0.0,33.33,15.91,0.0,41488.24,197.59,-4.06,-17.15,52.23,-5.51,16.5,34.57,49.57
AdvisorShares Investments LLC,,,,,,,,,inf,-100.0,,,,,,,,,,
"Advisors Asset Management, Inc.",,47.48,9.85,47.2,-13.01,3.86,20.04,5.95,0.59,-26.92,-11.79,74385.5,34.92,26.79,-8.21,29.53,-11.93,13.12,-10.72,5.01
"Advisors Capital Management, LLC",,1075.87,8.34,18.98,-13.0,16.62,31.68,12.19,5.18,-29.87,0.23,-16.49,40.58,22.82,-8.64,22.34,-8.57,15.81,0.83,105093.59
"Advisory Alpha, LLC",,-100.0,inf,-100.0,,,,,,,,,,,,,,,inf,41.05
Advisory Resource Group,,,,inf,-100.0,,,,,,,,inf,26.02,-10.18,5.07,-7.42,53.19,-4.77,6.91
"Advisory Services Network, LLC",,114.29,6.27,68.13,-6.64,19.26,35.66,20.5,30.14,9.07,-4.13,74643.63,73.92,-100.0,inf,49.42,-4.3,31.93,0.0,-7.6
Aequim Alternative Investments LP,,,,inf,109.39,19.57,157.09,22.31,19.61,-23.97,-1.03,82747.55,41.74,-100.0,,,,,,
"Aevitas Wealth Management, Inc.",,inf,506.96,53.13,-8.44,16.03,32.15,17.85,27.45,-21.44,-1.01,84020.95,-100.0,,,,,,,
"Aft, Forsyth & Company, Inc.",,-100.0,,,,,,,,,,,,,,,,,,
"Aft, Forsyth & Sober, LLC",,,,,,,,,,,,,,,,inf,-4.05,19.32,0.82,6.47
Ahrens Investment Partners LLC,,,,,,,,inf,-100.0,,,,inf,-100.0,,,,,,
"Aigen Investment Management, LP",,,,,,,,,,inf,-81.33,635360.94,27.47,-60.59,-100.0,,,,inf,44.01
Alaethes Wealth LLC,,,,,inf,27.89,30.77,12.92,14.93,-26.5,3.12,88159.93,44.96,26.84,-10.73,23.83,-4.21,20.86,-10.66,4.74
"Alamar Capital Management, LLC",,,,,inf,146.7,39.84,19.96,-26.85,-59.42,-11.19,84307.29,212.19,32.58,-0.46,31.78,-100.0,inf,-0.62,-100.0
Alaska Permanent Fund Corp,,,,,,,,,,,,,,,,inf,385.14,3.97,5.26,6.47
Alberta Investment Management Corp,,inf,17.35,-60.04,866.14,13.01,42.52,1.06,55.08,12.17,13.21,86286.64,21.42,130.6,-62.07,25.78,-3.57,16.02,0.86,8.13
"Alcosta Capital Management, Inc.",,,,,,,,,inf,-20.51,-3.21,-100.0,,inf,-7.95,25.02,-100.0,,,
"Alera Investment Advisors, LLC",,,,,,,,,,,,,,,,,,inf,10.46,-100.0
"Alexandria Capital, LLC",,38.26,3.24,64.21,-100.0,inf,25.0,-100.0,,,,,,,,,,,,
Alight Capital Management LP,,,,,,,,,,,,,,,inf,-100.0,,inf,-100.0,
"Aljian Capital Management, LLC",,,,,,,,,,,,,,,,,,inf,119.86,16.38
Alken Asset Management Ltd,,,,,,,,,,,,,,inf,97.19,-40.67,-4.14,19.67,1.17,-51.51
Alken Asset Management Ltd.,,,,,,,,,,,,inf,98.05,-100.0,,,,,,
AllSquare Wealth Management LLC,,,,,,,,,,,,inf,157.66,6.38,-1.92,25.78,-3.65,19.32,0.82,6.47
"Allen Capital Group, LLC",,,,,,,,,,,,,,,,,inf,50.62,10.48,45.33
"Allred Capital Management, LLC",,-100.0,,,inf,-100.0,,,,,,,,,,,,,,
Allworth Financial LP,,,,,,inf,28300.0,2.11,166.9,-22.74,7.36,41196.88,60.47,29.3,-7.27,36.82,48.7,19.14,6.89,14.32
"Almanack Investment Partners, LLC.",,,,,,,,,inf,39.81,-100.0,inf,43.31,94.86,-70.04,25.05,-100.0,,inf,3.38
"Alpha Cubed Investments, LLC",,20.2,12.98,39.26,-7.48,20.11,26.9,22.51,5.8,-30.01,2.57,125706.79,40.75,30.83,16.95,38.29,-13.03,48.2,17.36,7.47
Alpha DNA Investment Management LLC,,,,inf,-92.28,-100.0,,,,,,,,,,,,,,inf
"Alpha Paradigm Partners, LLC",,,,,,inf,-45.35,93.62,-0.66,-53.98,-99.95,955900.0,-100.0,,,,,,,
Alpha Square Group S LLC,,,,,,,,,,,,,,,,inf,-3.65,-28.41,0.82,-100.0
"Alpha Square Group S, LLC",,,,,,,,,,,,,,,inf,-100.0,,,,
AlphaCrest Capital Management LLC,,-45.37,103.33,-24.71,256.83,20.97,-60.48,74.27,-35.41,37.79,-5.99,-100.0,,,,,,,,
"AlphaMark Advisors, LLC",,,,,,,,,,,,,,,inf,0.0,600.0,42.86,-85.0,-33.33
AlphaQuest LLC,,,,,,,,,,,,,,,,,,,,inf
Alphadyne Asset Management LP,,,,,,,,,,,,,,,inf,-100.0,,,,
Alpine Bank Wealth Management,,,,,,,,,,,,,,,,,,,inf,-100.0
"Alpine Global Management, LLC",,,,,,,,,,,,,inf,-100.0,,,,,,
Alta Advisers Ltd,,,,,,,,,,,inf,-14.29,-100.0,,,,,,,
"Alta Park Capital, LP",,inf,-57.45,410.27,182.84,-67.12,90.33,12.8,-32.79,-64.35,34.64,94699.69,39.42,-10.95,-9.22,-0.04,-46.54,19.32,-20.43,6.47
Alta Wealth Advisors LLC,,,,,,,,inf,2.01,-21.1,0.89,85645.58,61.87,26.49,-13.51,28.49,-4.57,19.25,0.09,15.15
Alteri Wealth LLC,,,,,,,,,,,,,,,,,,,,inf
"Alterity Financial Group, LLC",,,,,inf,-100.0,,,,inf,13.42,84490.83,46.22,1.95,-8.25,15.6,-100.0,,,
Altus Wealth Group LLC,,,,inf,-100.0,,,,,,,,,,,inf,-100.0,,,inf
"Alyeska Investment Group, L.P.",,-83.87,655.14,45.94,-55.07,122.76,41.23,-59.5,72.02,-45.7,-97.12,1782171.6,162.58,-100.0,,,inf,-100.0,,
Amalgamated Financial Corp.,,,,,,,,,inf,-100.0,,,,,,,,,,
"Ambassador Advisors, LLC",,8.47,-56.19,-100.0,inf,15.15,16.32,0.23,19.41,0.19,99.62,42395.09,36.83,6.29,17.29,-100.0,,,,
Ameliora Wealth Management Ltd.,,,,,,,,,,,inf,128706.15,831.38,-29.75,-54.25,63.67,3.28,49.48,7.08,96.9
"American Capital Advisory, LLC",,,,,,,,,,,,,,,,,,,,inf
"American Money Management, LLC",,37.81,-12.26,45.24,-9.4,12.06,29.49,17.29,7.37,-20.66,1.33,84872.74,43.37,28.47,-7.91,29.98,-28.69,-29.12,0.08,-0.69
American Portfolios Advisors,,59.9,32.41,97.36,13.24,28.01,48.24,31.44,36.68,-26.37,-32.18,-100.0,,,,,,,,
American Research & Management Co.,,37.93,7.5,44.19,-9.68,16.07,29.23,15.48,12.37,-21.1,0.0,-100.0,,,,,,,,
American Trust,,,,,,,,,,,,,,,,inf,-100.0,,,
"Americana Partners, LLC",,,,,,,,,,,,,,,,,inf,2.83,33.73,930.81
"Ameritas Advisory Services, LLC",,,,,,,,inf,6.44,-15.66,2.11,93772.31,132.55,-39.94,45.13,72.98,25.04,23.64,-33.34,8.08
"Ameritas Investment Company, LLC",,-100.0,,inf,120490.98,-99.89,30.56,-100.0,,,,,,,,,,,,
"Ameritas Investment Partners, Inc.",,,,,,,,,,,,,,,,inf,-3.65,19.32,0.82,6.47
Anatole Investment Management Ltd,,,,,,,,,,,,,,,,,,,inf,6.47
"Anchor Investment Management, LLC",,,,,,,,,,,,,,,,,inf,19.32,0.82,6.47
Ancora Advisors LLC,,,,,,,,,,,,,,,,inf,121.47,24.33,1.03,20.07
"Ancora Advisors, LLC",,33.33,12.5,33.33,-8.33,18.18,-34.62,11.76,73.68,-36.36,0.0,-9.52,315278.95,30.62,-8.25,-100.0,,,,
Andra AP-fonden,,-29.97,83.73,27.79,10.53,25.23,47.54,-15.15,-100.0,inf,-48.07,38.94,124146.65,122.47,-100.0,,inf,143.97,0.82,-71.11
"Andrew Hill Investment Advisors, Inc.",,,,,,,,,,inf,-100.0,,,,,inf,-44.71,-100.0,,
"Annapolis Financial Services, LLC",,,,inf,0.0,0.0,33.33,25.0,20.0,-33.33,0.0,-100.0,,,inf,-100.0,,,inf,-100.0
"Annex Advisory Services, LLC",,,,,,,,,,,,,,,,inf,-100.0,,,inf
"Annis Gardner Whiting Capital Advisors, LLC",,,,,,,,,,,,,,,inf,42.1,24.44,32.47,-33.6,-0.84
"Anomaly Capital Management, LP",,,,inf,45.52,90.05,16.01,4.44,12.86,-3.73,21.28,95516.76,-37.56,5.79,-10.39,-1.46,-78.7,-100.0,,
"Anthracite Investment Company, Inc.",,,,,,,,,,,,,,,,,inf,-100.0,,
Antonetti Capital Management LLC,,,,,,,,,inf,-50.0,-66.67,-100.0,,,,,,,,
"Aperio Group, LLC",,71.17,14.16,37.25,-100.0,,,,,,,,,,,,,,,
"Aperture Investors, LLC",,,inf,-100.0,,,,,,,,,,,,,,,,
"Apexium Financial, LP",,,,,,,,,,,,,,,,,inf,39.55,5.9,9.64
"Apollon Wealth Management, LLC",,inf,-100.0,inf,-100.0,,,,inf,13.68,95.85,99115.25,49.88,110.41,5.1,45.85,24.91,-3.3,10.07,92.76
Apriem Advisors,,inf,0.41,53.04,8.2,18.58,22.27,-0.17,5.41,-33.65,4.11,79674.25,54.18,29.13,0.86,50.77,7.27,24.17,-10.42,3.42
"Aprio Wealth Management, LLC",,,,,,,,,,,,,,,,,,inf,33.77,35.69
"Aptus Capital Advisors, LLC",,,,,,,,,,,inf,28319.15,-47.92,-6.5,74.2,-17.62,37.61,25.87,28.75,34.16
Aquatic Capital Management LLC,,,,,,,,,,inf,1187.57,138.95,-100.0,,,,inf,-100.0,inf,-91.88
Aquila Investment Management LLC,,,,,,,,inf,-24.97,-20.68,-0.5,-100.0,,,,,,,,
Arabesque Asset Management Ltd,,,,,,,,,,inf,29.96,101475.16,-100.0,,,,,,,
Archer Investment Corp,,,,,,,,,,inf,71.84,70.39,-28.43,703.45,-8.25,-79.97,224.57,77.73,25.85,25.56
"Archford Capital Strategies, LLC",,,inf,98.22,16.14,-100.0,,,,,,,,,,,,,,
Archon Partners LLC,,,,,,,,,,,,,,,,,inf,19.32,0.82,6.47
Arden Trust Co,,52.16,3.22,46.97,-9.99,5.69,21.52,11.34,5.53,-25.0,9.07,72438.99,-99.91,-68.32,-100.0,,,,,
Ardevora Asset Management LLP,,,,,,,,inf,-16.46,-18.94,-54.19,-98.37,-100.0,,,,,,,
"Arete Wealth Advisors, LLC",,,,,,,inf,-26.44,22.27,-10.22,-9.96,87474382.21,73.38,-100.0,111169.47,75.04,-100.0,inf,-5.74,26.43
"Argent Financial Group, Inc.",,,,,,,,,,,,,,,,,,,inf,-100.0
Argent Trust Co,,47.1,2.93,46.71,-4.41,27.5,30.74,17.17,12.0,-24.86,-0.3,82009.35,46.29,54.96,-14.44,19.34,-4.15,26.0,-7.4,8.2
"Argentarii, LLC",,,,,,,,,,,,,,,,,,,,inf
"Ariadne Wealth Management, LP",,,,,,,,,,,,,,,,,,inf,37.89,-100.0
"Aristotle Atlantic Partners, LLC",,inf,6.32,45.35,-9.46,15.25,29.17,16.13,-100.0,,,,,,,,,,,
Arizona State Retirement System,,44.32,34.68,36.85,-10.07,15.35,28.38,13.44,13.49,-20.81,-0.28,85297.48,45.1,34.03,-8.17,35.49,-6.51,23.52,-0.07,7.97
Arkadios Wealth Advisors,,209.21,-30.36,-97.02,-11.08,28.11,-17.78,1.69,-100.0,,,inf,51.45,31.08,-5.54,-59.61,44.68,43.11,45.21,43.07
Arlington Partners LLC,,,,,,,,,,,,,,inf,-100.0,,,,,
Arlington Trust Co LLC,,,,,,,,,,,,,,,,inf,-3.65,-1.55,0.82,6.47
Arrow Capital Pty Ltd,,,,,,,,,,,,,,,,,,,,inf
Arrow Financial Corp,,,,,,,,,,,,,,,,inf,23.21,40.73,2.47,6.47
ArrowMark Colorado Holdings LLC,,,inf,45.18,-9.37,-100.0,,,,,,,,,,,,,,
Artemis Investment Management LLP,,-50.0,-100.0,,,,,inf,-100.0,,,,,,,,,,,
Artisan Partners Limited Partnership,,,,,,,,inf,-100.0,inf,-100.0,,,,,,,,,
"Ascent Group, LLC",,,,,,,,inf,39.09,-9.47,4.9,83145.79,23.03,-14.9,20.17,60.19,-22.3,18.1,-15.77,-96.63
"Ascent Wealth Partners, LLC",,43.28,7.88,38.7,-9.83,11.36,28.94,18.29,12.48,-19.82,0.3,86981.92,45.25,30.59,-7.73,28.64,-2.28,23.06,1.28,6.09
"Ashfield Capital Partners, LLC",,98.5,24.64,-59.26,-10.4,16.58,96.2,16.8,75.53,1.0,-1.52,-100.0,,,,,,,,
"Ashton Thomas Private Wealth, LLC",,112.09,5.99,47.97,-0.27,22.41,34.96,13.8,20.34,-17.34,2.04,-11.41,44.58,40.29,-2.2,44.65,-11.64,19.75,-4.28,22.04
"Asio Capital, LLC",,-19.43,19.06,42.73,-7.98,19.03,31.15,16.57,-27.56,-20.21,2.12,85549.47,43.88,28.29,-4.86,26.5,1.28,19.63,1.71,5.53
"Aspect Partners, LLC",,,,,,,,,,,,,,,,inf,-3.65,19.32,0.82,6.47
"Aspen Grove Capital, LLC",,,,,,,,,,,,,,,,,,,,inf
Aspen Investment Management Inc,,,,,,,,,,,,,,,inf,-100.0,,,,inf
Assenagon Asset Management S.A.,,678.69,-60.93,-37.86,-7.53,7.44,28.41,-42.56,497.64,-97.49,431.26,76.68,137727.27,-91.26,2094.3,-22.09,-91.38,109.17,1173.39,-94.79
"Asset Allocation & Management Company, LLC",,,,,,,,,,,,,,,,,,,,inf
"Asset Dedication, LLC",,,,inf,-100.0,inf,28.33,20.78,10.75,-100.0,inf,-32.93,43.64,39.24,-12.73,20.83,7.76,135776.0,96.41,67.29
"Asset Planning,Inc",,,,,,,,,,,,,,,,,,,,inf
Aster Capital Management (DIFC) Ltd,,,,,,,,,,,,,,,,,,,inf,-2.11
Astoria Portfolio Advisors LLC.,,,,,,,,,,,,,,,,inf,-100.0,inf,10.88,17.01
Astrantus Ltd,,,,,,,,inf,-100.0,,,,,,,,,,,
Atala Financial Inc,,,,,,,,,,,,,,,,,,,,inf
"Atalan Capital Partners, LP",,,,,,inf,31.94,-6.4,15.88,-49.38,8.44,47777.85,43.14,16.63,-55.6,-100.0,,,,
"Athanor Capital, LP",,,inf,2387.07,-90.09,205.75,-100.0,,,,,,,,,,,,,
Atika Capital Management LLC,,,,,,inf,-100.0,inf,290.96,-51.44,-24.75,-100.0,,,,,,,,
"Atlanta Consulting Group Advisors, LLC",,,,,,,,,,,,,,,,,inf,-40.34,1.51,5.75
"Atlantic Edge Private Wealth Management, LLC",,,,,,,,,,,,,,,,,inf,90.89,0.82,94.32
"Atlantic Private Wealth, LLC",,,,,,,,,,,,,,,,,,,inf,6.47
Atlantic Union Bankshares Corp,,39.08,6.09,41.9,-9.13,16.54,28.03,-15.7,17.68,-34.56,-15.92,72341.4,32.98,22.51,-9.63,22.89,-6.52,18.09,0.65,6.54
"Atlas Brown,Inc.",,,,,,,,,,,,,,,,,,inf,-100.0,
Atlas Private Wealth Advisors,,inf,0.0,100.0,0.0,0.0,50.0,-100.0,,,,,,,,,,,,
Atom Investors LP,,,,,,inf,-65.32,-100.0,,inf,51.61,190516.71,-23.75,-100.0,,,,inf,-100.0,
"Atomi Financial Group, Inc.",,,,,,,,,,,,,,,inf,74.22,-29.89,45.7,100.72,33.69
AtonRa Partners,,,,inf,-1.8,119.62,-33.47,-0.84,-23.34,-37.49,-5.45,71426.16,-58.28,17.25,-30.47,9.18,-100.0,,,
"Atria Investments, Inc",,,,,,,,,,,,inf,68.34,18.58,-10.77,31.04,-20.7,18.94,10.29,5.68
"Aureus Asset Management, LLC",,,,,,,,,,,,,inf,6.74,-18.83,12.34,-14.83,66.14,12.48,6.47
Aurora Investment Counsel,,26.52,-100.0,,,,,,,,,,,,,,,,,
"Ausdal Financial Partners, Inc.",,,,inf,-100.0,,,,,,,,,,inf,136.57,-9.22,23.84,18.65,27.31
"Austin Private Wealth, LLC",,,,,,,,inf,6.87,-19.29,2.79,80389.92,67.75,32.98,-11.98,29.92,27.52,159.87,-46.12,2.26
AustralianSuper Pty Ltd,,,,,,,,,,,,,inf,27.92,-8.25,25.78,-100.0,,,
"Authentikos Wealth Advisory, LLC",,,,,,,,,,,,,,,inf,-100.0,,,,
"Autumn Glory Partners, LLC",,,,,,,,,,,,,,,,,,,inf,-46.76
Avala Global LP,,,,,,,,,,,,inf,256.01,3.39,-29.17,-100.0,,,,
Avalon Global Asset Management LLC,,191.05,-53.74,45.21,-9.38,15.21,29.09,-7.76,0.49,-35.88,-4.4,-12.02,28.65,16.98,-1.89,19.43,54.83,8.39,-30.61,6.47
Avalon Trust Co,,,,,,,,,,,,,inf,27.92,-8.25,5197.81,-0.22,19.23,0.2,7.84
"Avantax Planning Partners, Inc.",,,,,,,,,,,,,,,,inf,-100.0,,,
Avanza Fonder AB,,,,,,,,,,,,,,,,,,,,inf
"Aveo Capital Partners, LLC",,,,,,,,,,,,,,,,inf,-47.12,8.86,4.74,16.65
"Avestar Capital, LLC",,,,,,,inf,15.96,51.43,-45.64,-0.85,84531.93,45.55,131.48,-4.5,-29.51,-3.71,28.36,25.99,10.0
"Aviance Capital Partners, LLC",,,inf,-100.0,,,,,,,,,,,,,inf,-71.95,-0.37,-100.0
Avid Wealth Partners LLC,,,,,,,,,,,,,,,,inf,-100.0,,,
"Avidian Wealth Enterprises, LLC",,,,,,,,,,,,,,,,,,,inf,13.92
"Avidian Wealth Solutions, LLC",,,,,,,,inf,18.76,-67.8,37.89,83624.1,41.53,27.92,10.91,35.66,-52.33,37.64,-100.0,
Avion Wealth,,,,,,,,,,,,,,inf,0.0,75.0,200.0,23.81,11.54,10.34
"Avior Wealth Management, LLC",,,,,,,,,,,,,,,inf,22.33,147.68,-19.26,118.38,-30.15
Avitas Wealth Management LLC,,,,,,,,,,,inf,86117.99,119.06,27.39,-10.01,27.32,-4.99,18.28,-0.03,5.38
Avondale Wealth Management,,,,,,,,,,inf,0.0,83624.0,43.14,-100.0,,,,,,
Aware Super Pty Ltd as trustee of Aware Super,,,,,,,,,,,,,,,,,,,,inf
"Axecap Investments, LLC",,,,,,,,,,,,,,,,,,,inf,23.28
Axiom Investment Management LLC,,,,,,,inf,-100.0,inf,-100.0,inf,-100.0,,,,,,,,
Azimuth Capital Investment Management LLC,,,,,,,,,,inf,-1.14,82665.58,22.62,7.72,-8.64,18.02,-33.59,-30.18,0.06,8.89
Azimuth Capital Management LLC,,183.35,7.35,67.49,0.25,17.47,10.95,3.16,-5.04,-100.0,,,,,,,,,,
B & T Capital Management DBA Alpha Capital Management,,42.84,8.87,44.96,-9.22,14.36,32.97,16.32,7.17,-21.42,-4.27,84345.41,0.0,0.0,29.64,5.94,-9.2,16.86,-1.88,3.41
"B&D White Capital Company, LLC",,,,,,,,,,,,inf,-100.0,,,,,,,
B. Metzler seel. Sohn & Co. AG,,,,,,,,inf,105.42,-19.68,3.13,70965.46,53.84,29.47,-9.32,6.56,-0.9,16.9,0.28,7.62
B. Metzler seel. Sohn & Co. Holding AG,,,,,,,,,,,,,,,,,,,inf,-100.0
"B. Riley Wealth Advisors, Inc.",,,,,,,,,,,,inf,-30.99,29.69,5.39,26.77,-21.12,45.19,-14.57,-10.84
"B. Riley Wealth Management, Inc.",,-8.95,-100.0,,,,inf,45.7,66.92,-45.3,-100.0,,,,,,,,,
"B.O.S.S. Retirement Advisors, LLC",,,,,,,,,,,,,,,,,,inf,-100.0,
BADGLEY PHELPS & BELL INC,,41.61,6.53,45.27,-13.87,20.35,-100.0,,,,,,,,,,,,,
BAHL & GAYNOR INC,,,,,,,,,,,,,,,,,,,,inf
"BAILARD, INC.",,,,,,,,,inf,680.86,59.56,82155.72,44.14,53.04,2.83,26.45,11.17,46.53,20.95,5.1
"BAKER TILLY FINANCIAL, LLC",,,,inf,-100.0,,,,,,,,,,,,,,,
"BAKER TILLY WEALTH MANAGEMENT, LLC",,,,,inf,48.6,150.94,18.92,-19.28,2.09,0.77,81764.59,42.46,1.84,-35.17,20.73,-11.83,-48.77,-100.0,
BALDWIN BROTHERS INC/MA,,33.33,0.0,50.0,0.0,16.67,-100.0,,,,,,,,,,,,,
BALDWIN BROTHERS LLC/MA,,,,,,,inf,11.11,-40.0,-33.33,4200.0,125243.02,46.2,27.92,-67.55,25.78,-3.65,19.96,-100.0,
BALDWIN WEALTH PARTNERS LLC/MA,,,,,,,,,,,,,,,,,,,inf,5.1
BALLAST ADVISORS LLC,,-100.0,,,,,,,,,,,,,,,,,,
BANK OF NOVA SCOTIA,,220.79,-94.36,-100.0,,,,inf,8086.88,-94.12,-72.01,49227.91,-14.04,683.64,4.13,447.88,-70.35,474.98,-57.84,-32.51
BANK OF STOCKTON,,,,,,,,,,,,,,,,inf,5.23,64.17,20.99,7.07
BANK OF THE WEST,,,,,,,,inf,11.87,-20.58,40.49,85192.22,-100.0,,,,,,,
BANK PICTET & CIE (ASIA) LTD,,,,inf,-9.69,22.93,157.94,-27.85,11.94,-49.14,99278.28,-14.81,-100.0,,,,,inf,-100.0,
BANQUE PICTET & CIE SA,,inf,77.74,94.03,9.33,13.9,183.73,937.49,-45.05,-25.41,101330.72,-18.89,23.44,-13.07,78.86,-47.85,51.61,-5.56,-44.86,-2.99
BARCLAYS PLC,,58.65,66.46,98.98,-2.59,1.61,117.17,166.66,-98.59,3431.08,-68.11,64.54,-3.32,83.01,-54.56,118.91,-41.98,14.12,89.43,-51.81
BARINGS LLC,,,inf,-100.0,,,,,,,,,,,,,,,,
BAROMETER CAPITAL MANAGEMENT INC.,,,,,,,inf,1877.14,-42.97,-100.0,,,inf,327.17,-100.0,inf,-100.0,,,
"BARON SILVER STEVENS FINANCIAL ADVISORS, LLC",,,,,,,,,,,,inf,43.14,27.92,-8.25,-100.0,,,,
"BARRETT & COMPANY, INC.",,,,,,,,,,,,,inf,27.92,-7.79,48.96,-13.86,-38.69,0.82,7.62
BARTLETT & CO. WEALTH MANAGEMENT LLC,,,,,,,,,,inf,-100.0,,,inf,136.09,149.01,-14.94,165.16,-2.78,6.47
"BASSO CAPITAL MANAGEMENT, L.P.",,,,,,,inf,-100.0,,,,,,,,,,,,
"BAYSHORE ASSET MANAGEMENT, LLC",,,,,,,,inf,11.74,-20.62,-0.49,85067.49,43.14,22.07,-3.85,25.78,-3.65,19.32,0.82,6.47
"BBR PARTNERS, LLC",,,,,,,,,,inf,-0.47,71225.94,-100.0,,,inf,98.62,-46.19,0.82,57.2
BBVA USA,,,,,,inf,17.44,-100.0,,,,,,,,,,,,
BDL CAPITAL MANAGEMENT,,,,,,,,,,,,,,,,inf,-100.0,,,
"BDO Wealth Advisors, LLC",,,,,inf,42.86,115.0,27.91,10.91,-21.31,100.0,85368.75,-0.92,42.06,-100.0,,,,,
BEACON FINANCIAL GROUP,,,,,,,,,,,,,,,,,,inf,23.61,5.97
BEACON INVESTMENT ADVISORS LLC,,,,,,,,,,,,,,inf,-100.0,inf,-3.46,19.32,0.82,6.37
"BEACON INVESTMENT ADVISORY SERVICES, INC.",,,,,,inf,29.41,17.61,11.84,-20.73,0.0,204951.5,64.72,28.48,-18.27,18.49,794.84,22.52,1.8,10.1
"BEARING POINT CAPITAL, LLC",,,,,,,,,,,,,,,,,,,,inf
"BECK CAPITAL MANAGEMENT, LLC",,inf,18.45,46.93,-6.83,14.97,47.79,134.01,11.56,-22.17,-0.39,79668.39,45.35,20.43,-5.44,24.96,21.01,19.51,27.11,6.3
BECKER CAPITAL MANAGEMENT INC,,,,,,,,,,,,,inf,108.36,-2.37,24.12,-3.65,32.42,3.98,7.18
"BEESE FULMER INVESTMENT MANAGEMENT, INC.",,,,,,,,,,,,,,,,,,inf,-100.0,
BEL AIR INVESTMENT ADVISORS LLC,,,,,inf,15.2,-100.0,,,,,,,,,,,,,
"BELLEVUE ASSET MANAGEMENT, LLC",,16.67,14.29,46.88,-10.64,14.29,29.17,16.13,13.89,-100.0,,,,,,,,,,
BENDER ROBERT & ASSOCIATES,,,,,,,,,,,inf,100600.4,122.32,44.21,2.63,43.26,5.77,17.13,1.8,11.68
BERKSHIRE CAPITAL HOLDINGS INC,,,,,,inf,572300.0,53.63,-35.78,-99.98,0.0,83620.0,43.14,27.92,26846.07,-99.86,-3.66,19.32,0.83,6.47
"BFSG, LLC",,,,,,,,,,,,,,,,,inf,76.17,18.6,10.66
"BFT FINANCIAL GROUP, LLC",,,,inf,-17.69,13.6,32.82,-100.0,,,,,,,,,,,,
"BIP Wealth, LLC",,,,,,,,,,,,,,,,inf,83.55,16.9,1.79,7.46
BIRINYI ASSOCIATES INC,,-100.0,,,inf,-100.0,,inf,-100.0,inf,24.66,15.45,-100.0,,,,,,,
BIT Capital GmbH,,,,,,inf,46.24,-33.77,-55.35,72.96,-85.2,284.41,20.08,28.06,-100.0,,,,inf,36.17
"BIVIN & ASSOCIATES, INC.",,,,,,,,inf,0.0,-33.33,-100.0,,,,,,,,,
"BKA Wealth Consulting, Inc.",,,,,,,,,,,,,inf,-100.0,,,,,,
"BKM Wealth Management, LLC",,,,,,,,,,,,,,,,inf,-100.0,,,
BLACK POINT WEALTH MANAGEMENT,,,,,,,,,,,,,,,,,,,,inf
BLAIR WILLIAM & CO/IL,,32.7,17.48,48.98,-0.54,17.55,30.68,23.86,48.08,-23.45,1.66,113501.22,44.18,20.66,4.45,25.39,-3.53,19.95,3.98,7.39
"BLB&B Advisors, LLC",,,,,,,,,,,,,,,,,,inf,9.28,9.19
"BLODGETT WEALTH ADVISORS, LLC",,,,,,,,,,,,,,inf,32.53,86.74,39.29,-5.92,-3.76,25.48
"BLUEFIN CAPITAL MANAGEMENT, LLC",,,,,,,,,,,,,,,,,inf,-100.0,,
BLUESTEIN R H & CO,,40.24,6.67,83.7,-18.93,585.4,1101.7,19.27,-100.0,,,,,,,,,,,
BLUESTEIN R H & CO LLC,,,,,,,,,inf,-99.04,0.18,-100.0,,,,,,,,
"BNC WEALTH MANAGEMENT, LLC",,,,,,,,,,,,,,,,,inf,29.38,5.9,16.54
"BNP PARIBAS ARBITRAGE, SA",,57.58,-100.0,,,,,,,,,,,,,,,,,
BNP PARIBAS FINANCIAL MARKETS,,,,,,,,,,,,,,,,,,,inf,-100.0
BOARDMAN BAY CAPITAL MANAGEMENT LLC,,,inf,332.89,-94.37,466.0,0.71,-100.0,,,,,,,,,,,,
BOCHK Asset Management Ltd,,,,,,,,,,,,,,,,inf,416.11,-100.0,inf,161.06
"BOK Financial Private Wealth, Inc.",,,inf,39.88,-7.72,17.9,37.03,15.34,14.55,-19.65,-1.2,85088.29,43.41,12.56,-31.29,6.04,-8.61,18.59,-8.39,-1.77
"BOKF, NA",,69.76,12.86,54.46,-5.25,-100.0,inf,24.86,-6.67,-22.24,-8.69,68901.15,-67.52,25.23,3.92,23.88,-8.21,44.12,-1.76,0.09
BOSTON FAMILY OFFICE LLC,,,,,,,inf,141.29,47.95,15.21,4.58,-7.47,41.53,25.24,1.75,20.1,31.31,50.59,12.79,4.36
BOSTON FINANCIAL MANGEMENT LLC,,,,,,,,,,,inf,98164.05,43.34,39.71,-11.11,29.63,-4.46,18.76,-19.68,-1.13
BOSTON PRIVATE WEALTH LLC,,20.06,35.9,55.36,-14.7,11.12,22.08,13.43,-100.0,,,,,,,,,,,
BOULDER HILL CAPITAL MANAGEMENT LP,,,,,,,,,,inf,-100.0,,inf,-100.0,,,,,,
BOURGEON CAPITAL MANAGEMENT LLC,,-83.33,33.33,25.0,0.0,20.0,16.67,14.29,12.5,-11.11,100.0,70543.75,-9.87,27.93,-8.25,25.78,-100.0,,,
BOWEN HANES & CO INC,,,,,,,inf,52.82,18.9,-2.91,15.6,92326.08,39.61,26.68,-10.91,23.38,-99.9,119839.29,0.64,6.69
BRADLEY FOSTER & SARGENT INC/CT,,-100.0,inf,45.18,9.89,15.18,30.93,19.27,21.02,-18.71,1.28,81056.72,43.03,28.73,0.0,16.2,-40.66,-28.55,7.2,6.99
"BRANDYWINE MANAGERS, LLC",,inf,6.32,45.35,214.07,-62.7,29.26,16.22,11.77,-20.68,-0.49,85072.32,43.14,27.92,-8.25,25.78,5.98,-100.0,,
"BRASS TAX WEALTH MANAGEMENT, INC",,,,,,,,,,,,,,,,,,inf,-5.96,-100.0
BRAUN STACEY ASSOCIATES INC,,,,,,,,,,,,,,,,,,,,inf
BREAKLINE CAPITAL LLC,,,inf,-100.0,,,inf,64.38,-5.56,50.64,-56.15,233323.95,-100.0,,,,,,,
BREWIN DOLPHIN LTD,,40.08,6.57,36.04,-9.38,15.21,29.09,-99.85,8.72,-20.63,-100.0,,,,,,,,,
BREWIN DOLPHIN WEALTH MANAGEMENT LTD,,,inf,45.19,-9.38,15.21,868.18,-99.88,-85.33,-18.18,-100.0,,,,,,,,,
BRIDGES INVESTMENT MANAGEMENT INC,,40.26,4.5,43.67,-8.01,19.28,30.6,16.98,13.04,-23.97,-0.39,81152.52,48.45,22.96,-12.0,10.84,6.56,88.55,18.67,6.15
"BRIDGEWAY CAPITAL MANAGEMENT, LLC",,,,,inf,14.72,29.1,16.23,14.57,-20.66,-18.45,85089.64,-11.85,28.33,-8.54,48.41,-23.52,-100.0,,
"BRIGGS ADVISORY GROUP, INC.",,,,,,,,,,,,inf,43.14,27.92,-8.25,-100.0,,,,
BRIGHTON JONES LLC,,,,,,,,inf,19.37,29.81,-10.76,83960.59,63.53,54.04,-7.94,-4.16,19.01,29.22,5.79,31.84
BRITISH COLUMBIA INVESTMENT MANAGEMENT Corp,,108.82,11.61,41.51,-12.89,164.26,-35.2,10.24,-0.46,-40.39,-14.24,76071.5,46.2,29.13,73.29,44.7,114.91,-7.82,-24.24,-13.52
BROWN BROTHERS HARRIMAN & CO,,66.67,0.0,1680.0,-16.85,66.22,56.1,97.4,15.04,-12.16,4.18,85897.24,55.25,13.24,-7.74,89.52,-40.25,66.76,70.72,20.39
"BROWN, LISLE/CUMMINGS, INC.",,,,,,,,inf,13.5,-19.0,-0.52,-16.4,44.99,61.79,-11.09,25.78,-5.34,19.32,-3.28,14.34
BSW Wealth Partners,,,,inf,-10.03,58.99,43.89,25.94,1.12,-11.73,-6.29,-4.18,140682.4,-100.0,,,,,inf,35.84
BTG Pactual Asset Management US LLC,,,,,,,,,,,,,,,,,,inf,-16.67,-13.01
BTG Pactual Global Asset Management Ltd,,-100.0,,,,,,,,,,,,,,,inf,-100.0,,
"BUCKINGHAM STRATEGIC WEALTH, LLC",,,inf,51.5,-9.49,15.28,30.11,11.79,15.49,-17.14,0.27,86192.94,0.0,80.79,-7.24,84.89,-2.83,17.12,-100.0,
"BURLING WEALTH PARTNERS, LLC",,,,,,,,,,,,,,,,,,,,inf
BURNEY CO/,,inf,117.16,55.13,-25.05,45.82,7.78,17.16,47.18,-34.66,25.46,64062.5,-30.93,24.67,-12.8,56.84,-16.46,19.84,259.61,31.15
BURNS J W & CO INC/NY,,,,,,,,,,,,,inf,149.76,477178.54,23.91,3.26,40.23,4.71,22.17
"BURR FINANCIAL SERVICES, LLC",,,,,,,,,,,,,,,,inf,-3.6,5.72,-0.3,11.0
BW Gestao de Investimentos Ltda.,,,,,,,,,,,,inf,192392.7,-100.0,,,,,,
Baader Bank Aktiengesellschaft,,,,,,,,,,,,,inf,36.25,-19.87,56.56,-0.1,-64.6,-62.87,-5.14
"Badgley Phelps Wealth Managers, LLC",,,,,,,inf,17.78,10.8,-21.34,0.42,85381.66,47.05,26.78,-30.47,46.13,-5.55,13.63,-1.26,-2.52
"Baker Avenue Asset Management, LP",,40.82,6.38,145.23,-46.22,14.88,29.86,16.76,23.72,59.64,-0.78,41964.71,43.4,27.74,-8.14,151.3,-51.66,22.08,73.25,11.05
Balboa Wealth Partners,,,,,,,,,,,inf,11008.52,1132.3,-87.15,-7.53,13.43,-8.87,3438.97,-46.58,-10.26
"Baldwin Investment Management, LLC",,,,,,,,,inf,-11.49,-100.0,,inf,33.39,-11.56,30.87,6.8,12.68,1.88,6.85
Balentine LLC,,inf,-100.0,,,,,,,inf,-100.0,,,inf,-5.19,70.44,15.38,-100.0,,
"Ballentine Partners, LLC",,-30.47,-100.0,,,,,inf,235.71,-21.28,0.0,411920.27,-67.7,16.76,16.22,0.84,-3.65,-98.17,1470.0,320.03
"Baltimore-Washington Financial Advisors, Inc.",,,,,,,,inf,-100.0,,,,,,,,,,,
Balyasny Asset Management L.P.,,,,,,,,,,,,,inf,-7.89,-8.09,-25.66,-78.75,169.44,82.51,-61.9
Balyasny Asset Management LLC,,429.94,-30.4,732.13,-63.78,31.77,402.04,-37.82,13.6,-20.01,5.08,63748.92,-100.0,,,,,,,
Banco BTG Pactual S.A.,,,,,,,,,,,,,,inf,-100.0,inf,-100.0,,,inf
"Banco Santander, S.A.",,-100.0,,,,,,,,,,,,,,,inf,193.38,59.99,-61.86
Bangor Savings Bank,,47.13,10.74,122.93,-57.12,-2.77,20.87,6.75,8.09,-20.68,35.33,-16.6,142146.5,27.92,-7.56,24.02,-3.71,19.26,1.02,6.47
"Bank Julius Baer & Co. Ltd, Zurich",,136.41,-37.68,218.11,-43.74,33.03,-99.85,128845.45,14.86,-34.82,-58.47,-6.17,33.33,94471.65,-99.91,112650.79,-11.12,7.92,-7.53,6.36
Bank Pictet & Cie (Europe) AG,,,,,,,,,,,,,,inf,-0.49,45.29,-9.45,17.98,6.63,14.79
Bank of Jackson Hole Trust,,,,,,,,,,,,,,,,,,,,inf
Bank of Marin,,40.0,-100.0,,,inf,29.21,14.67,-9.86,-9.25,-2.67,63556.79,31.41,-22.33,-58.42,9.15,102.46,19.32,-18.66,3.33
Bank of New Hampshire,,,,,,,,,inf,-21.25,-34.92,-14.63,142000.0,27.92,-8.25,25.78,-3.65,19.32,0.82,-100.0
BankPlus Trust Department,,,,,,,,,,,,,,,,,,,,inf
BankPlus Wealth Management LLC,,,,,,,,,,,,,,,,,,,,inf
Banque Cantonale Vaudoise,,25.6,-48.79,18.04,53.58,54.23,-2.86,132.88,-31.0,35.08,-28.8,-25.22,29.67,20.61,-2.8,28.21,37.49,-8.24,-18.76,-100.0
"Bard Financial Services, Inc.",,,,inf,-11.62,18.16,27.56,16.27,11.79,-19.98,0.8,-27.68,147105.66,27.92,-7.39,28.56,-5.9,19.68,62.39,-36.33
"Barden Capital Management, Inc.",,,,,,,,inf,24.35,4.03,-46.13,86831.48,45.18,21.46,-4.97,18.13,3.87,19.21,-48.94,7.6
"Bare Financial Services, Inc",,,,,,,,,,,,,,,,,inf,11.65,5.25,-100.0
"Baron Silver Stevens Financial Advisors, LLC",,,,inf,-100.0,,,,inf,-4.67,-100.0,,,,,,,,,
Baron Wealth Management LLC,,,,,,,,,,,,,,,,,,inf,-100.0,inf
"Barrett Asset Management, LLC",,50.0,33.33,125.0,-44.44,20.0,16.67,2528.57,-100.0,,,,,,,,,,,
Bartlett & Co. LLC,,,,,,,,,,inf,-100.0,,,inf,134.09,149.51,-100.0,,,
"Bay Colony Advisory Group, Inc d/b/a Bay Colony Advisors",,,,,,,,,,,,,,inf,-100.0,inf,378.81,26.37,-1.47,32.48
"Bay Harbor Wealth Management, LLC",,,,,,,,,,,,,,,,,inf,19.32,0.82,6.47
Bay Rivers Group,,-100.0,,,,,,,,,,,,,,,inf,19.06,0.82,13.88
"BayBridge Capital Group, LLC",,,,,,,,,,,,,,,,,,,,inf
"Bayesian Capital Management, LP",,,,,,,,inf,80.05,-15.78,122.8,-100.0,,inf,53.42,-100.0,,,inf,-100.0
Bayforest Capital Ltd,,,,,,,,,,,,,,,,,,,,inf
Baystate Wealth Management LLC,,inf,9.09,41.67,-11.76,13.33,35.29,13.04,11.54,-20.69,0.0,-13.04,140715.0,27.92,-8.25,28.46,-100.0,,,
"Beacon Capital Management, LLC",,,,,,,,,,,,,,inf,0.0,-8.22,218.07,962.43,10.53,-12.41
"Beacon Pointe Advisors, LLC",,,,,,inf,182.92,-4.79,42.71,-29.09,-7.45,89760.38,16.87,31.96,183.06,65.26,-6.25,15.74,-2.37,4.76
"Beaird Harris Wealth Management, LLC",,,,,,,,inf,9.09,-16.67,0.0,131070.0,-8.63,27.92,-54.12,201.85,-3.65,19.31,0.82,161.74
"Beck Bode, LLC",,,,,,,,,,inf,19.61,24847.31,-100.0,,,,,,,
"Bedel Financial Consulting, Inc.",,66.67,120.0,45.45,-12.5,214.29,29.55,-100.0,inf,-100.0,,,,,,,,,,
"Bedell Frazier Investment Counselling, LLC",,,,,,,,,,,,,,,,inf,10.01,27.77,1.89,6.58
"Bell Investment Advisors, Inc",,,,,,,inf,27.78,-100.0,inf,2.5,85326.83,45.42,26.42,-8.98,27.79,0.15,22.93,1.56,6.86
Bellecapital International Ltd.,,,,,,,,,,,,,,,,,,,inf,63.76
"Bellwether Advisors, LLC",,,,,,,inf,-100.0,inf,-100.0,,inf,-100.0,,,,,,,
Belpointe Asset Management LLC,,58.88,70.59,474.14,-27.39,33.33,21.96,23.8,23.58,-1.2,-8.41,66383.98,14.32,-56.66,-16.95,-100.0,inf,132.91,-63.06,34.52
Benchmark Investment Advisors LLC,,,,,,,,inf,10.18,-43.77,2.2,83405.1,29.89,67.11,-2.74,42.18,-8.4,19.76,1.9,8.52
"Bensler, LLC",,,,,,,,,,,,,,,inf,62.01,16.04,36.81,14.18,21.2
"Benson Investment Management Company, Inc.",,,,,,,,,,,,inf,43.14,33.38,17.43,26.0,-29.77,-100.0,,
Berbice Capital Management LLC,,,,,,,,,,,,,,,,,,,,inf
"BerganKDV Wealth Management, LLC",,inf,0.0,100.0,0.0,0.0,0.0,50.0,33.33,-25.0,0.0,102233.33,303.39,34.12,-100.0,,,,,
"Berger Financial Group, Inc",,,,,,,,,,,,,,inf,2.19,26.68,0.13,51.7,14.27,144.01
"Berkeley Capital Partners, LLC",,,,,,,,,,,,,inf,41.74,16.15,33.43,22.86,29.91,3.66,10.39
Berkshire Bank,,,,inf,-100.0,inf,23.3,16.14,-13.56,-20.39,-0.99,-100.0,inf,27.92,-8.25,25.78,-3.65,19.31,0.82,10.49
"Berman Capital Advisors, LLC",,,,inf,-54.52,14.91,1.08,-100.0,,,,,,,,,,,,
Bernard Wealth Management Corp.,,,,,,,,,,,,,,,,,,,,inf
"Bestgate Wealth Advisors, LLC",,,,,,,,,,,,,,,,,,,,inf
Bey-Douglas LLC,,,,,,,,,,,,,,,,,,,,inf
"Bienville Capital Management, LLC",,,,,,,,,,inf,-100.0,,,,,,,,,
BigSur Wealth Management LLC,,-21.06,53.37,45.12,-9.35,85.32,-19.76,27.08,11.85,-20.7,-21.77,100532.82,87.15,58.75,-10.42,30.66,102.56,21.17,0.54,6.94
"Bigelow Investment Advisors, LLC",,,,,,,,,,,,,,,,,,inf,-43.54,9.92
"Bill Few Associates, Inc.",,,,,,,,,,,,,,,,,,inf,0.82,14.97
"Bison Wealth, LLC",,,,,,,,,,,,,,inf,-4.9,27.01,39.59,0.0,-13.64,43.2
"Black Swift Group, LLC",,,,,,,,,,,,,,,,inf,-100.0,,,
BlackRock Inc.,,48.92,2.91,43.53,-5.45,10.89,28.14,14.38,17.97,-27.5,3.7,84545.42,43.46,63.19,-3.19,31.61,-5.83,23.72,-100.0,
"BlackRock, Inc.",,,,,,,,,,,,,,,,,,,inf,10.86
Blackhawk Capital Partners LLC.,,,,inf,172.86,-13.48,32.99,-5.7,-35.95,-28.4,21.84,86879.34,-100.0,,,,,,,
"Blake Schutter Theil Wealth Advisors, LLC",,,,,,,,,,,,,,,,,,,inf,-100.0
"Bleakley Financial Group, LLC",,,,,,,,,,,,inf,55.76,39.3,-15.06,25.64,5.1,26.1,5.18,11.25
"Blue Fin Capital, Inc.",,,,,,,,,,,,,,,,,,inf,8.08,6.47
"Blue Trust, Inc.",,,,,,,,,,,,,,,,inf,486985.71,0.0,985.75,222.47
BlueChip Wealth Advisors LLC,,,,,,,,,,,,,,,,,,,inf,-17.76
"BluePointe Capital Management, LLC",,,,,,,,,,,,,,,,,inf,19.57,8.61,4.49
"BlueSky Wealth Advisors, LLC",,,,,,,,,,,,,,,,,,inf,0.82,6.47
"Blueshift Asset Management, LLC",,,inf,-44.39,-100.0,,inf,-100.0,inf,-13.19,-100.0,inf,-100.0,,,,inf,-100.0,inf,-76.25
"Bluesphere Advisors, LLC",,,,,,,,,,,inf,85075.59,43.14,21.27,-8.25,42.06,-0.5,19.76,-13.01,12.46
"Blume Capital Management, Inc.",,,,,,,inf,15.97,11.98,-20.86,-8.78,85174.81,142.91,27.92,-8.25,25.78,-51.82,19.32,1.69,1.8
Board of the Pension Protection Fund,,,,,,,,,,,,,,,,,,,,inf
"Bogart Wealth, LLC",,75.08,26.49,79.2,16.45,35.02,49.04,62.99,17.81,-15.03,-17.28,95617.64,46.6,30.07,19.24,9.09,-8.99,44.32,1.75,7.72
Boltwood Capital Management,,,,,,,,,,inf,10.39,88439.61,42.52,29.51,-6.56,28.43,-2.34,18.97,2.29,24.53
"Bond & Devick Financial Network, Inc.",,,,,,inf,29.03,16.43,11.66,-20.6,-0.69,85228.57,43.14,27.92,-8.25,26.0,-3.65,22.5,-0.41,0.0
"Boomfish Wealth Group, LLC",,,,,,,,,,,,,,,,inf,-11.07,15.22,-1.8,3.54
Bordeaux Wealth Advisors LLC,,,,,,,,,,,,,,,,inf,-56.72,-9.03,20.04,0.0
Bouchey Financial Group Ltd,,,,,,,,,,,,,,inf,-16.25,37.09,5.99,41.18,2.46,6.64
"Boulder Wealth Advisors, LLC",,,,,,,,,,,,,,,,,,,inf,4.43
Boussard & Gavaudan Investment Management LLP,,,,,,,inf,23.69,-43.56,-4.56,3.01,130799.62,-67.15,-100.0,,,,,,
"Bouvel Investment Partners, LLC",,,,inf,-52.25,19.31,30.91,17.19,16.0,-37.78,1.97,84879.68,42.18,5.25,-7.49,29.43,-4.26,18.97,73.54,-54.14
"Bradyco, Inc.",,,,,,,,,,,,,,,,,,,,inf
"Bragg Financial Advisors, Inc",,,,,,,,,,,,,,,,,,,inf,6.47
Bray Capital Advisors,,40.78,12.07,51.01,-9.86,21.0,27.69,14.93,10.02,-20.94,-1.05,84668.31,40.91,19.59,-8.52,24.93,-6.95,18.55,-2.44,-26.69
Breed's Hill Capital LLC,,,,,,,,,,,,,,,,,,,,inf
Bremer Bank National Association,,,inf,48.89,-8.18,16.03,28.15,-14.62,-78.0,-34.24,-9.17,-22.48,127549.16,21.11,-12.64,54.59,-12.28,15.58,-0.06,5.6
Brewin Dolphin Wealth Management Ltd,,inf,-100.0,,,,,,,,,,,,,,,,,
"Brick & Kyle, Associates",,,,,,,,,,,,,,,inf,25.06,14.82,25.52,6.33,7.51
"Bridgecreek Investment Management, LLC",,40.0,6.62,45.18,-9.4,15.22,29.11,16.24,11.82,-20.66,-0.53,85089.26,46.72,27.92,-9.49,25.78,-100.0,,,
"Bridgefront Capital, LLC",,,,inf,64.47,-76.07,-100.0,,,inf,-43.11,151159.38,-100.0,inf,73.25,-100.0,inf,-2.8,28.15,105.35
"Bridgewater Associates, LP",,inf,340.99,112.48,-80.45,-100.0,,,,,inf,91460.63,29.39,27.92,-8.25,25.78,-83.51,-100.0,,inf
"Bridgewealth Advisory Group, LLC",,,,,,,,,,,,,,,,inf,-100.0,,,inf
"Bright Futures Wealth Management, LLC.",,,,,,,,,,,,,,,,,,,inf,-100.0
"Brinker Capital Investments, LLC",,,,,,,,inf,50.71,-20.58,5.8,66341.74,-100.0,,,,,,,
"Bristlecone Advisors, LLC",,,,,,,,,,,,,,,,,,,inf,6.47
"Broadway Wealth Solutions, Inc.",,,,,,,,,,,,,,,,,,,,inf
Brookstone Capital Management,,inf,-100.0,,,,inf,-100.0,inf,-100.0,,,inf,27.98,1194.76,33.28,42.99,34.02,10.35,15.29
Brown Financial Advisors,,,,,,,,,,,,,,,,,,inf,-30.61,1.41
Brown Shipley& Co Ltd,,,,,,,,,,,,,inf,47.53,-16.12,9.72,67.4,-38.58,0.82,85.84
Brown University,,,,,,,,,inf,-20.65,-100.0,,,,,,,,,
"Bryce Point Capital, LLC",,,,,,,,,,,,,,,,,,,,inf
"Buckingham Asset Management, LLC",,-100.0,,,,,,,,,,,,,,,,,,
"Burleson & Company, LLC",,,,,,,,,,,inf,209200.0,-100.0,,,,,,,
"Burns Matteson Capital Management, LLC",,,,,,,,,,,,,,,,,,inf,155.96,10.55
Burt Wealth Advisors,,inf,0.0,50.0,-100.0,,,,,,,,,,,,,,,
Byrne Asset Management LLC,,,,,,,,inf,0.0,-14.29,0.0,83616.67,-99.86,28.57,355455.56,17.14,-4.5,19.95,227.91,-58.91
C M BIDWELL & ASSOCIATES LTD,,,inf,0.0,0.0,16.67,28.57,11.11,10.0,2136.36,-0.41,84364.49,36.19,8.43,-95.86,25.78,-3.65,19.32,0.82,6.47
"C2C Wealth Management, LLC",,,,,,,,,,,,,inf,15.13,-6.07,-100.0,,,,
"C2P Capital Advisory Group, LLC d.b.a. Prosperity Capital Advisors",,,,,,,,,,,,,,,,,,,,inf
CAAS CAPITAL MANAGEMENT LP,,,inf,45.18,-9.37,-100.0,,,,inf,1.24,30360.84,271.31,45.53,30.73,-100.0,inf,-100.0,inf,-82.26
"CADIAN CAPITAL MANAGEMENT, LP",,-100.0,inf,-100.0,inf,15.83,-0.07,-36.07,96.34,-20.39,-9.19,60877.57,68.64,-4.81,16.21,-71.73,-79.0,-100.0,,
"CAHABA WEALTH MANAGEMENT, INC.",,,,,,,,,,,,,,,inf,25.78,-3.65,19.76,-0.48,6.47
CAHILL FINANCIAL ADVISORS INC,,,,,,,inf,-100.0,,,,,,,,,,,,
CAISSE DE DEPOT ET PLACEMENT DU QUEBEC,,27.83,-0.28,24.79,-26.19,-100.0,inf,3720.5,17.94,-80.19,43.13,940243.33,58.41,-12.59,-46.2,-3.37,12.52,99.17,162.1,-41.88
CALAMOS ADVISORS LLC,,11.83,4.23,26.58,-3.93,68.54,48.14,14.94,20.57,1.29,-1.38,-100.0,,,,,,,,
CALAMOS WEALTH MANAGEMENT LLC,,20.86,2.49,33.68,-4.42,5.3,69.42,15.08,-3.51,-20.78,-4.33,-100.0,,,,,,,,
"CALDWELL SUTTER CAPITAL, INC.",,,,,,,,,,,,,inf,136.91,-16.91,26.79,14.5,-100.0,,
"CALIBER WEALTH MANAGEMENT, LLC",,,,,,,,inf,71.0,37.04,2.13,72565.74,82.73,24.37,-2.53,25.19,-6.18,-100.0,,
CALIFORNIA PUBLIC EMPLOYEES RETIREMENT SYSTEM,,45.16,2.35,48.2,-9.75,12.78,30.01,12.04,7.68,-27.83,9.07,81274.07,22.13,20.33,-5.05,-100.0,,,,
CALIFORNIA STATE TEACHERS RETIREMENT SYSTEM,,46.18,5.72,45.1,-6.92,10.56,26.83,18.21,7.0,-19.21,0.32,85458.81,43.36,25.52,-11.47,28.97,-1.33,22.22,0.35,4.02
"CALTON & ASSOCIATES, INC.",,,,,,,,,,,,,,,inf,-100.0,,inf,277.58,-100.0
CAMBRIDGE TRUST CO,,51.33,-7.06,43.38,-10.15,15.9,159.1,-41.46,-16.56,-22.81,-3.16,-17.6,137941.2,25.46,-7.82,1.06,-2.08,-100.0,,
CAMDEN ASSET MANAGEMENT L P /CA,,10.75,-38.07,-100.0,,inf,21.41,14.74,-100.0,,,,,,,,,,,
CANADA LIFE ASSURANCE Co,,,,,,,,,,,,,,,,,inf,28.12,-0.87,4.98
CANADA PENSION PLAN INVESTMENT BOARD,,71.13,21.07,44.99,56.02,-20.83,-49.78,9.76,-12.28,-20.45,-0.7,87810.45,42.86,27.66,-10.43,22.31,-4.75,25.78,-55.67,-96.75
CANANDAIGUA NATIONAL BANK & TRUST CO,,,,,,,,,,,,,inf,124475.57,1.76,56.57,-49.67,31.98,20.47,6.34
"CANTOR FITZGERALD, L. P.",,,,,,,,,,,,,inf,32.31,-15.47,-100.0,,,,
CAPE ANN SAVINGS BANK,,,,,,,,,,,,,,,,,,inf,60.69,11.65
"CAPITAL & PLANNING, LLC",,,,,,,,,,,,,,,,,,,,inf
CAPITAL ADVISORS INC/OK,,,,,,,,,,,,,,inf,3.25,13.87,-1.04,47.24,9216.5,10.97
CAPITAL CITY TRUST CO/FL,,,,,,,,,,,,,inf,-100.0,,,,,,
CAPITAL FUND MANAGEMENT S.A.,,inf,-100.0,,inf,448.99,64.84,72.25,-67.21,-0.05,39.22,-38.04,4.49,338.96,0.64,148.01,-36.79,139.69,-5.69,11.64
"CAPITAL INSIGHT PARTNERS, LLC",,,,,,,,,inf,-31.06,-9.73,88873.16,40.94,38.21,0.37,36.1,29.36,22.14,4.33,13.45
CAPITAL MANAGEMENT ASSOCIATES /NY/,,,,,,,,,,inf,265.2,38625.25,138.57,27.92,-99.91,125702.05,-3.65,19.32,0.82,6.47
CAPITAL PERFORMANCE ADVISORS LLP,,,,,,,,,,,,,,,,,,,inf,114.55
"CAPROCK Group, Inc.",,,inf,56.96,-8.6,18.53,17.62,-4.01,10.55,29.62,6.9,35155.38,-100.0,,,,,,,
"CAPSTONE INVESTMENT ADVISORS, LLC",,,,,,inf,-46.92,49.76,35.46,27.71,10.17,105948.98,38.36,-50.44,-67.26,99.48,3.45,60.58,-8.35,39.46
"CAPSTONE WEALTH MANAGEMENT GROUP, LLC",,,,,,,,,,,,,,,,inf,323.83,28.16,17.89,35.25
CAPTRUST FINANCIAL ADVISORS,,52.02,9.75,39.83,4.35,8.5,37.56,50.79,15.02,86.51,32.42,271127.49,70.36,16.54,-5.45,21.66,-15.89,20.42,4.82,11.49
CARDEROCK CAPITAL MANAGEMENT INC,,,,,,,inf,-100.0,,,,,inf,-100.0,,,,,,
"CARDIFF PARK ADVISORS, LLC",,,,,,,,,,inf,-100.0,,,inf,-100.0,inf,-100.0,,,
CARLSON CAPITAL L P,,49.48,1.19,-100.0,,,,,,,,,,,inf,-100.0,,,,
CAROLINAS WEALTH CONSULTING LLC,,,,inf,-9.52,-2.11,29.03,15.83,71.22,-15.13,-8.42,104290.81,45.42,4.87,-21.94,34.17,-16.09,19.48,1.6,5.7
CARY STREET PARTNERS ASSET MANAGEMENT LLC,,,,,,,,,,,inf,-100.0,,,,,,,,
CARY STREET PARTNERS INVESTMENT ADVISORY LLC,,,inf,-100.0,,,,,,inf,21.21,-100.0,,,,,,,,
"CASCADE INVESTMENT GROUP, INC.",,,,,,,,,,,,,,,inf,51.81,-3.65,22.74,2.37,-2.98
CASTLEARK MANAGEMENT LLC,,,,,,inf,59.25,-21.06,11.72,-20.54,-100.0,,,,,,,,,
CATALYST FINANCIAL PARTNERS LLC,,,,,,,,,,,,,,,,,,inf,6.77,22.89
"CATALYST PRIVATE WEALTH, LLC",,,,,,,,,,,,,inf,23.95,-8.8,26.67,68.45,4.66,0.17,6.47
CAXTON ASSOCIATES LP,,inf,-100.0,inf,-100.0,inf,4.67,4.93,-3.36,-100.0,,,,inf,-100.0,,inf,44.08,-100.0,
"CBIZ Investment Advisory Services, LLC",,,,,,,,,,,,,,,,,,,,inf
"CCG WEALTH MANAGEMENT, LLC",,,,,,,inf,16.39,11.27,-17.09,20.99,82743.53,-100.0,,,,,,,
"CEERA INVESTMENTS, LLC",,,,,,,,,,,,,inf,27.79,-8.25,25.78,-100.0,inf,0.82,6.47
"CENTAURUS FINANCIAL, INC.",,,,,,,,,inf,-100.0,inf,-20.81,24.91,12.43,42.04,-41.57,346.12,-7.81,-14.74,-100.0
CENTRAL BANK & TRUST CO,,,,,,,,,,,,,inf,-14.71,-8.26,291.4,82.38,-36.97,4318.34,8.6
CENTRAL TRUST Co,,-59.14,2.63,46.15,-15.79,14.58,32.73,-2.74,112.68,-27.15,663.64,130536.07,37.44,92.01,-4.3,28.5,1.0,24.38,-22.61,7.91
CERCANO MANAGEMENT LLC,,,,,,,,,,,,,,,,,inf,-100.0,,
CERITY PARTNERS LLC,,,,,inf,-100.0,,,,inf,-100.0,,,,,,,,,
"CERTUITY, LLC",,,,,,,,,,,,,inf,18.44,-5.91,22.37,-7.48,25.57,760.07,-6.82
CFC Planning Co LLC,,,,,,,,,,,,,,,,,,,,inf
CFM WEALTH PARTNERS LLC,,39.77,6.56,37.57,-9.36,15.2,29.15,11.85,14.39,-20.79,-0.61,84735.78,42.84,27.92,-8.75,25.19,14.1,20.57,87.79,-39.78
"CHAPIN DAVIS, INC.",,,,,,,,,,,,,,,,inf,-41.69,32.69,-23.38,0.0
"CHAPMAN FINANCIAL GROUP, LLC",,,,,,,,,,,,,,,,,,,,inf
CHARLES SCHWAB INVESTMENT MANAGEMENT INC,,185.04,-44.28,47.19,-6.28,18.69,32.69,23.39,9.45,-22.81,1.8,87954.08,46.59,105.05,-6.17,32.15,3.16,25.9,2.44,11.59
"CHARTWELL INVESTMENT PARTNERS, LLC",,55.82,6.63,49.72,-100.0,,inf,17.2,11.01,-18.18,2737.37,-14.95,43.37,125625.84,-99.94,24.79,-100.0,,inf,-100.0
CHICAGO TRUST Co NA,,,,,,,inf,16.32,-89.0,74.71,7.89,-15.24,201651.08,23.09,21.84,31.39,0.72,8.17,-53.05,-26.74
"CHILDRESS CAPITAL ADVISORS, LLC",,,,inf,-100.0,,,,,,,,,,,,,inf,3.62,7.69
CHILTON CAPITAL MANAGEMENT LLC,,,,,,,,,,,inf,94665.12,48.83,33.02,-0.95,-92.58,-48.41,-26.15,-14.29,5.24
"CHIRON CAPITAL MANAGEMENT, LLC",,,inf,-100.0,,,,,,,,,,,,,,,,
"CHOREO, LLC",,,,,,,,,,,,,inf,5.78,-2.02,64.6,-6.33,624.16,10.55,5.5
CHURCHILL MANAGEMENT Corp,,,,,,,,,,,,,,inf,-16.58,57.45,-40.66,18.03,-1.86,1.73
CI INVESTMENTS INC.,,,,,,inf,36.73,15.18,9.27,92.45,-57.8,-14.8,209.21,21.57,-10.08,27.94,-51.37,-96.76,3046.11,-7.73
"CI Private Wealth, LLC",,,,,,,,,,,,inf,330.87,-100.0,,,,,,
CIBC Asset Management Inc,,15.7,7.47,44.49,-9.38,15.86,40.39,261.6,30.51,-30.11,-5.08,181736.57,61.94,47.7,-6.14,20.24,-1.45,19.27,0.8,13.55
CIBC Private Wealth Group LLC,,,,,,,,,,,,,,,,,,,inf,-27.85
"CIBC Private Wealth Group, LLC",,,,,,,,,,,,,,,,,inf,23.01,-100.0,
CIBC WORLD MARKET INC.,,,,,,,,,inf,-16.84,19.52,-3.69,95.93,55.93,1.97,32.24,-11.8,8.18,-0.78,25.81
CIBC WORLD MARKETS CORP,,,,,inf,-100.0,,inf,47.67,54.7,-100.0,inf,5674.69,-46.14,-21.77,105.8,-40.19,46.87,-20.91,22.69
CIBC World Markets Inc.,,39.56,5.59,50.84,-7.41,28.58,43.26,12.29,-100.0,,,,,,,,,,,
"CIC Wealth, LLC",,,,,,,,,,,,inf,42.56,28.05,2.76,14.39,2.61,26.44,20.86,-100.0
CIM INVESTMENT MANAGEMENT INC,,,,,,inf,-100.0,,,,,,,,,,,inf,-3.36,4.61
CIM INVESTMENT MANGEMENT INC,,-100.0,,,inf,-100.0,,,,,,,,,,,,,,
CITY HOLDING CO,,,,,,,,,,,,,,,inf,25.78,-100.0,,,inf
CLARET ASSET MANAGEMENT Corp,,,,,,,,inf,12.27,-100.0,,,,,,,,,,
"CLARIS ADVISORS, LLC / MO /",,,,,,,,,,,,,,,,,,,inf,-100.0
"CLEAR INVESTMENT RESEARCH, LLC",,,,,,,,,,,inf,-100.0,,inf,-8.22,57.14,-3.6,19.28,0.83,1109.36
CLEAR STREET MARKETS LLC,,103.11,6.54,0.14,-9.37,15.21,29.08,23.22,-95.71,-100.0,inf,-100.0,,inf,-68.0,-12.5,-100.0,,,
CM WEALTH ADVISORS LLC,,,,,,,,,,,,,inf,-100.0,,,,,,
CMH Wealth Management LLC,,41.68,11.38,44.94,-41.93,18.43,160.23,-41.68,-40.7,-17.78,1.96,86806.84,196.6,30.87,-26.17,17.6,-43.77,17.51,2.57,7.01
CNB Bank,,27.78,-26.09,47.06,-12.0,-15.91,29.73,16.67,300.0,100.0,-37.5,89654.29,49.66,31.52,-1.75,21.84,28.79,32.34,-4.02,2.53
COBBLESTONE CAPITAL ADVISORS LLC /NY/,,,,,,,,,,,,,,,,,,inf,-10.43,12.19
"COHEN & STEERS, INC.",,,,,,,,,,,,inf,190.0,27.59,-8.11,20.59,-21.95,9.38,-51.43,11.76
COHEN LAWRENCE B,,,,,,,inf,18.36,17.11,-19.99,119.62,35535.28,43.9,21.02,-9.39,-100.0,,,,
COLDSTREAM CAPITAL MANAGEMENT INC,,,,,,,,,,,,,inf,47.62,45.91,142.31,22.72,25.1,204.57,-48.79
COLONY GROUP LLC,,,,inf,-1.22,14.81,33.33,20.7,10.91,-11.65,8.18,92.02,-16.74,25.76,1.99,-100.0,,,,
COLUMBUS CIRCLE INVESTORS,,,inf,-100.0,,,,,,,,,,,,,,,,
COMERICA BANK,,42.66,-6.29,86.02,3.86,5.44,5.97,-6.35,31.06,-24.51,-5.0,47.02,-100.0,,inf,23.29,-9.89,7.69,1.45,108.44
"COMERICA SECURITIES,INC.",,46.09,6.51,77.31,-15.86,16.21,31.66,8.63,9.1,-22.75,2.21,77046.44,25.82,23.28,-23.75,-100.0,,,,
COMMERCE BANK,,63.19,9.23,28.05,-14.2,5.39,13.11,2.37,-2.95,-30.72,-4.51,58168.92,44.46,6.22,-8.56,-4.6,1.86,15.97,6.46,-3.7
COMMERZBANK AKTIENGESELLSCHAFT /FI,,-100.0,,,,,,,,,,inf,-5.25,101.62,-7.0,17.13,-46.07,18.58,5.67,-25.36
"COMMONS CAPITAL, LLC",,,,,,,,,,inf,-1.34,173836.79,35.47,19.62,91.47,27.5,0.6,22.75,-0.02,5.85
"COMMONWEALTH EQUITY SERVICES, LLC",,39.67,4.0,50.65,4.99,19.04,66.18,16.84,29.48,-31.83,14.36,-13.41,69.47,48.28,-4.26,31.45,10.39,30.23,0.64,9.46
COMMONWEALTH OF PENNSYLVANIA PUBLIC SCHOOL EMPLS RETRMT SYS,,,,,,,,,,,,,,inf,6.92,39.21,-2.01,22.33,0.14,5.11
COMMUNITY TRUST & INVESTMENT CO,,,,,,,,,,,inf,247780.76,78.27,26.43,-6.39,-9.74,-3.99,17.01,0.65,7.87
COMPASS CAPITAL CORP /MA/ /ADV,,,,,,,,,,,,,,,,,,,,inf
"CONCENTRIC WEALTH MANAGEMENT, LLC",,,,,,,,,,,,,,,,,inf,19.32,0.82,-100.0
"CONCOURSE FINANCIAL GROUP SECURITIES, INC.",,,,,,inf,52.02,15.38,-32.18,-18.31,-16.18,232351.49,5.67,7.89,83.51,-44.49,92.6,-24.88,10.48,10.8
CONGRESS ASSET MANAGEMENT CO,,,,,,,,,,,,,,,,,,,inf,7.31
CONNABLE OFFICE INC,,,,inf,636.09,15.83,-100.0,,inf,-20.65,-1.14,-14.83,144090.01,27.92,-8.35,25.19,-5.59,18.97,-0.13,-10.54
CONNING INC.,,,,,,,,,,,,,,,,inf,-7.27,56.43,-2.32,3.12
CONNORS INVESTOR SERVICES INC,,-60.97,1297.5,62.52,5.02,-3.15,-21.15,11.69,32.57,-22.63,0.56,83530.81,-99.86,20.04,-8.06,8.31,90991.14,25.9,-0.21,4.37
"CONTRAVISORY INVESTMENT MANAGEMENT, INC.",,,,,,,,,,,,,,,,inf,-3.66,19.32,0.83,13421.88
COOPER CREEK PARTNERS MANAGEMENT LLC,,,,,,,,,,,,,,inf,-100.0,,,,,
"CORBETT ROAD CAPITAL MANAGEMENT, LLC",,,,,,,,,inf,-100.0,,,,,,,,,,
CORNERCAP INVESTMENT COUNSEL INC,,,,,,,,,,,,inf,184.83,14.83,-7.5,19.54,-3.5,-98.18,-100.0,
"CORNERSTONE ENTERPRISES, LLC",,,,,,,,,,,,,,,,,inf,23.82,18.37,-30.82
"CORSAIR CAPITAL MANAGEMENT, L.P.",,,,,inf,-100.0,,,,,,,,,,,,,,
COUNTRY TRUST BANK,,,,,,,inf,50.0,0.0,-33.33,0.0,83600.0,-100.0,,,,,inf,0.88,6.43
COURIER CAPITAL LLC,,,,,,,,,,,inf,-100.0,,,,,,,,
COWBIRD CAPITAL LP,,,,,,,,,,,inf,29007.81,286.61,0.59,-100.0,,,,,
COZAD ASSET MANAGEMENT INC,,,,,,,,,,,,,inf,76.03,196.0,36.51,-5.37,30.77,-8.16,14.82
"CRA Financial Services, LLC",,,,,,,,,,,,,inf,37.4,-3.31,21.48,-0.76,23.63,11.62,9.59
CREATIVE FINANCIAL DESIGNS INC /ADV,,331.25,5.8,46.58,-9.35,14.43,30.63,16.55,11.83,-20.63,15.33,85317.92,49.9,102.9,-5.12,-1.81,3.41,19.32,0.82,12.27
CROSSLINK CAPITAL INC,,28.31,35.26,64.27,-15.95,14.53,23.58,-16.65,-7.0,-28.36,-3.19,92679.91,41.25,15.49,-15.42,17.07,-24.6,-0.33,-16.07,-2.58
CSS LLC/IL,,inf,-100.0,,,,inf,-54.6,-100.0,,,,,,,,,,,
"CTC Capital Management, LLC",,,,,,,,,,inf,-50.29,-100.0,inf,-100.0,,,,,,
CULLINAN ASSOCIATES INC,,,,,,,,,,inf,-0.4,-100.0,,inf,-8.25,16.8,-100.0,,inf,-29.84
"CURA WEALTH ADVISORS, LLC",,,,,,,,,,,,,,,,,,,,inf
"CUSHING ASSET MANAGEMENT, LP dba NXG INVESTMENT MANAGEMENT",,,,,,,,,,,,,,,,,,,,inf
"CUSTOM INDEX SYSTEMS, LLC",,,,,,,,,,,,,,,,,inf,-47.26,-7.33,7.91
CV Advisors LLC,,,,,,,,,,,,,,,,,,,,inf
"CVA Family Office, LLC",,,,,,inf,-100.0,inf,0.0,-25.0,0.0,120833.33,186.27,207.52,-100.0,inf,1.42,23.29,13.83,66.55
"CWA Asset Management Group, LLC",,,,,,,,,,,,,,,,inf,-32.91,-100.0,inf,81.62
"CWM Advisors, LLC",,241.24,-14.61,57.82,37.4,-100.0,,,,,,,,,,,,,,
"CWM, LLC",,-0.18,0.27,25.52,45.05,9.38,-100.0,inf,-6.35,-57.09,-2.64,-26.88,47.7,-83.46,0.92,45.45,48.93,9.28,10.96,34.7
CX Institutional,,67.21,14.22,-89.7,-66.67,-75.0,50.0,-100.0,,inf,-100.0,,,,,,,inf,-24.69,12.75
CYPRESS ASSET MANAGEMENT INC/TX,,33.24,7.51,45.17,-10.61,15.19,29.12,14.63,-2.18,-20.68,-0.48,85041.23,42.86,27.71,-8.25,25.53,9.46,20.77,-100.0,inf
CYPRESS GROWTH FUND III LP,,,,inf,-15.86,15.24,29.08,-100.0,,,,,,,,,,,,
"Cable Hill Partners, LLC",,,,,,,,,,,,,inf,-100.0,,,,,,inf
"Cache Advisors, LLC",,,,,,,,,,,,,,,,,,,,inf
Cadence Bank,,,,,,,,,,,,,,,,inf,-39.39,19.31,0.82,6.47
"Cadent Capital Advisors, LLC",,,,,,,,,,,,,,,,,,inf,25.98,12.31
"Cadian Capital Management, LP",,,,inf,-100.0,,,,,,,,,,,,,,,
"Caitlin John, LLC",,,,,,,,,,,,,,,,inf,-3.65,19.32,18.69,-9.55
"Caitong International Asset Management Co., Ltd",,,,,,,,,,,,,,,,,,,,inf
Calamos Advisors LLC,,,,,,,,,,,,inf,47.08,-33.28,5.93,19.11,-11.57,19.03,-4.49,8.77
Calamos Wealth Management LLC,,,,,,,,,,,,inf,53.24,-10.67,-62.04,20.34,-37.36,87.81,-43.98,-10.86
California Public Employees Retirement System,,,,,,,,,,,,,,,,inf,-4.96,20.29,-0.84,4.79
"Callan Capital, LLC",,,,,,,,inf,12.15,-100.0,,,inf,-35.54,12.99,7.88,130.37,22.5,-46.36,7.57
"Callan Family Office, LLC",,,,,,,,,,,,,,,,,,,inf,956.04
"Camarda Financial Advisors, LLC",,,,,,,,inf,135.72,-100.0,,,,,,,,,,inf
Cambridge Advisors Inc.,,,,,,,,,,,,,,,,inf,17.42,17.03,1.56,6.47
"Cambridge Investment Research Advisors, Inc.",,41.3,-2.86,18.52,11.99,20.3,26.72,14.82,88.99,-27.91,27.87,-8.99,63.28,27.13,30.84,7.42,6.62,8.9,3.62,12.28
"Camden Capital, LLC",,,,inf,-13.45,19.9,62.75,16.42,-43.16,17.67,-28.12,-100.0,,,,,,,,
Campbell & CO Investment Adviser LLC,,inf,-100.0,,inf,-100.0,inf,-100.0,,,inf,-100.0,inf,-100.0,,,,inf,-100.0,inf
Campbell Wealth Management,,inf,-100.0,,,,,,,,,,,,,,,,,inf
Canada Post Corp Registered Pension Plan,,,,,,,,,,,,,,,,,,,,inf
"Canal Capital Management, LLC",,inf,375.44,55.39,-0.96,21.16,32.48,15.45,6.12,-16.67,3.89,80990.34,52.81,28.9,-10.45,33.29,-5.86,19.24,1.14,5.01
Candriam Luxembourg S.C.A.,,-38.83,64.68,45.97,-3.95,8.4,21.92,12.48,7.15,-100.0,,,,,,,,,,
Candriam S.C.A.,,,,,,,,,,inf,6.5,59138.76,62.6,37.58,-3.67,15.08,-30.19,25.87,16.68,15.02
"Canopy Partners, LLC",,,,,,,,,,,,,,,,inf,-1.59,21.13,1.68,-18.44
"Canvas Wealth Advisors, LLC",,,,,,,,,inf,74.42,213.17,85975.68,-14.58,22.51,39.3,20.92,8.45,12.03,6.65,0.58
Capasso Planning Partners LLC,,,,,,,,,,,,,,,,,,,inf,-6.3
"Cape Investment Advisory, Inc.",,,,,,,,,,,,,inf,27.92,-100.0,inf,-100.0,inf,1457.19,57.79
"Capital A Wealth Management, LLC",,,,,,,,,,,,,,,,,,,,inf
"Capital Advisors Wealth Management, LLC",,,,,,,,inf,10.57,-100.0,,,,inf,-4.85,25.91,277.34,36.21,3.64,22.99
"Capital Advisors, Ltd. LLC",,,,,inf,-100.0,,inf,0.0,100.0,100.0,50.0,-50.0,-100.0,,,inf,500.0,116.67,7.69
"Capital Advisory Group Advisory Services, LLC",,37.5,9.09,41.67,-11.76,13.33,35.29,-100.0,inf,-100.0,,,,,,,,,,
Capital Asset Advisory Services LLC,,,,inf,10.79,31.12,-26.09,-26.23,-20.93,-100.0,,,,,,,,,,
"Capital CS Group, LLC",,,,,,,,,inf,-100.0,,,inf,16.07,-100.0,,,inf,-100.0,
"Capital Impact Advisors, LLC",,,,,,,,,inf,-31.76,-15.51,88366.02,-100.0,,,,,,,
"Capital Investment Advisors, LLC",,,,,,,,inf,15.02,16.73,-13.29,-17.74,136682.84,31.68,4.32,166.87,1.44,30.02,6.4,13.62
"Capital Investment Advisory Services, LLC",,,,,,,,,,,,,,,,,inf,22.38,-2.84,10.3
"Capital Investment Counsel, Inc",,,,,,,,,,,,,,,,,,inf,-100.0,
Capital Market Strategies LLC,,,,,,,,,,,,,,,,,,,inf,9.34
"Capital Planning Advisors, LLC",,,,,,,,,,,,inf,3.06,239.85,-8.25,25.78,-6.53,11.19,-2.02,6.44
"Capital Wealth Alliance, LLC",,,,,,,,,,,,,,,,,inf,244.76,-66.41,-100.0
Capitolis Advisors LLC,,,,inf,-71.35,542.35,-89.06,-100.0,,,,,,,,,,,,
"Caprock Group, LLC",,,,,,,,,,,,,inf,18.87,46.07,126.92,10.73,69.53,4.92,1.36
"Capstone Financial Advisors, Inc.",,,,,,,,,,,,,,,,inf,-100.0,inf,1.27,7.25
"Caption Management, LLC",,,,,,inf,63.52,331.52,21.57,-9.86,1.25,57550.03,-0.06,25.13,-29.92,35.83,-80.56,41.89,-15.11,5.94
"Carlson Capital, L.P.",,,,,,,,,,,,,,,,,,inf,-100.0,
"Carmel Capital Partners, LLC",,,,,,,,inf,11.9,-100.0,,,inf,27.92,4.72,10.78,-4.9,19.52,0.82,-13.25
"Carmichael Hill & Associates, Inc.",,,,,,,,,inf,-100.0,,inf,5286.87,137.73,-8.25,145.57,19.86,19.32,0.82,-100.0
Carmignac Gestion,,,,,,,inf,131.21,-5.2,-30.51,-9.08,61717.32,68.67,-43.76,-94.51,-14.41,-40.27,31.1,1.15,6.94
Carnegie Investment Counsel,,,,,,,,,,,,,,,,,,,inf,6.47
"Carolina Wealth Advisors, LLC",,,,,,,,,,inf,0.0,-20.0,149700.0,27.92,-8.25,25.78,-3.65,19.32,0.83,-100.0
Carr Financial Group Corp,,,,,,,,,,,,,,,,,,inf,5.24,18.53
"Carroll Financial Associates, Inc.",,38.46,25.0,24.44,-8.93,13.73,31.03,44.74,-100.0,,,,,,,,,,,
"Carroll Investors, Inc",,,,,,,,,,,inf,1148061.8,72.26,31.7,-1.77,29.63,-4.2,22.1,6.93,6.77
"CarsonAllaria Wealth Management, Ltd.",,,,,,,,,,,,inf,133066.67,27.91,-8.24,25.78,-3.65,19.3,0.83,6.47
"Cascade Financial Partners, LLC",,,,,,,,,,,,,,,,,inf,21.09,11.92,-5.09
"Cascade Wealth Advisors, Inc",,,,,,,,,,,,,,,,,,inf,-100.0,inf
"Cascades Capital Asset Management, LLC",,,,,,,,,,,,,,,,,,,inf,6.47
Cassaday & Co Wealth Management LLC,,,,,,,,,,,,,,inf,-6.93,202.75,-51.17,31.65,3.54,73.61
"Cassady Schiller Wealth Management, LLC",,,,,,,,,,,,inf,-100.0,,,,,,,inf
"Castle Creek Arbitrage, LLC",,,,inf,-6.48,205.8,40.79,31.86,74.14,-44.9,8.08,87241.58,-100.0,,,,,,,
"Castle Financial & Retirement Planning Associates, Inc.",,,,,,,,inf,-100.0,,,,,,,,,,,
"Castle Rock Wealth Management, LLC",,93.11,-2.72,76.79,1.48,11.09,38.44,-54.02,0.0,-68.5,-9.61,382301.93,29.74,40.42,45.93,67.61,27.35,21.4,2.87,-100.0
"CastleArk Alternatives, LLC",,,,,,,inf,-100.0,,,,,,,,,,,,
CastleKnight Management LP,,,,,,,,,inf,-20.66,-32.15,-100.0,,,,,,,,
"Castleview Partners, LLC",,,,,,,,,inf,44485.84,-99.9,85298.0,43.14,99.41,-41.14,25.78,4.23,-59.63,55.81,-0.94
"Catalina Capital Group, LLC",,,,,,,,,,,,,,,,inf,54.4,30.21,11.1,9.85
"Catalytic Wealth RIA, LLC",,,,,,,,,,,,,,,,inf,-8.57,-1.28,-5.46,-100.0
"Cavalry Management Group, LLC",,,,inf,-58.09,5.55,55.06,-100.0,inf,-17.71,-37.15,-100.0,inf,-100.0,,,,,,
Caxton Associates LP,,,,,,,,,,,,,inf,-100.0,,,,,,
"Cedar Brook Financial Partners, LLC",,,,,,,,,,,,,,,,inf,-100.0,,,
"Cedar Mountain Advisors, LLC",,,,,,,,,,inf,0.0,83711.11,42.99,27.93,-8.25,135.25,-3.65,19.32,0.82,-9.34
"Cedar Wealth Management, LLC",,,,,,inf,30.77,11.76,105.26,-20.51,-100.0,,,,,,,,,
"Ceeto Capital Group, LLC",,,,,,,,,,,,,,,,,inf,-100.0,,
"Center for Financial Planning, Inc.",,-100.0,,,,,,,,inf,0.0,85366.67,43.15,27.92,-8.25,25.78,-3.64,19.31,0.82,9.01
CenterBook Partners LP,,,,,,,,,inf,170.65,70.68,-100.0,,,,,inf,-100.0,,
"CenterStar Asset Management, LLC",,-100.0,,inf,257.32,-100.0,,,inf,-100.0,inf,-100.0,,,,,inf,272.86,219.12,-100.0
"Centerpoint Advisors, LLC",,,,,,,,,,,,,inf,0.0,0.0,-100.0,,,,inf
"Centiva Capital, LP",,,,inf,171.29,33.81,708.98,-6.73,0.88,25.9,-67.82,117982.84,-48.78,-7.91,7.82,-3.4,-55.17,6.13,55.79,-83.77
Central Asset Investments & Management Holdings (HK) Ltd,,12.06,4.82,-57.88,125.63,-100.0,inf,-53.81,-50.61,-0.62,29.99,113720.41,48.27,7.73,-6.58,-15.41,-89.49,-100.0,inf,-26.91
"Centricity Wealth Management, LLC",,,,,,,,,,,,,,,,,,,,inf
Centurion Wealth Management LLC,,,,,,,,,,,,,,,,,,,inf,6.47
Cercano Management LLC,,,,,,,,,,,,,,,,,,,,inf
"Cerebellum GP, LLC",,inf,-100.0,,,,,,,,,,,,,,,,,
Cerity Partners LLC,,,inf,31.26,-14.23,92.34,40.04,18.01,68.51,-100.0,inf,613523.96,154.97,-100.0,inf,83.27,-100.0,inf,7.99,-100.0
Cerro Pacific Wealth Advisors LLC,,,,,,,,,,,,,,,,,,inf,0.0,1.83
Certified Advisory Corp,,40.0,-100.0,,inf,22.39,30.21,16.21,12.52,-9.81,2.14,77948.92,174.93,-36.86,-17.54,22.07,-1.81,20.76,-0.16,7.99
Cetera Advisor Networks LLC,,52.02,7.69,33.42,-8.17,62.41,32.35,-10.88,15.65,1.45,-0.93,137819.3,70.96,36.77,15.62,72.37,19.69,-100.0,,
Cetera Advisors LLC,,-16.39,49.6,48.93,8.08,11.63,37.5,3.57,-0.63,11.99,5.92,123147.96,53.77,26.3,44.47,56.37,103.6,-100.0,,
Cetera Investment Advisers,,,,inf,-17.3,39.25,85.28,79.36,-12.41,-19.01,-27.08,176204.88,67.08,66.13,-14.37,51.84,306.31,10.32,11.05,10.44
"Cetera Trust Company, N.A",,,,,,,,,,,,,,,,inf,-3.64,19.31,0.82,6.47
"Champlain Investment Partners, LLC",,35.45,7.37,9.08,4.02,15.44,24.31,0.66,-4.16,-34.19,-2.82,84554.56,41.35,-24.34,-23.0,20.71,-25.84,19.61,-12.15,-2.65
"Change Path, LLC",,,,,,,inf,12.24,-100.0,,,,,,,,,,,
"Checchi Capital Advisers, LLC",,,,,,,,,inf,-100.0,,,,inf,-22.97,55.94,-7.93,36.28,7.1,10.27
"Cherry Creek Investment Advisors, Inc.",,,,,,,,,,,,,,,inf,127.85,-45.93,-15.02,0.82,6.93
"Cherry Tree Wealth Management, LLC",,,,,,,,,,,,,,inf,-8.24,25.77,-3.66,19.33,0.82,6.46
Chesley Taft & Associates LLC,,,,,,,,,,,inf,87596.44,112.34,352.2,9.32,26.45,12.46,22.56,1.02,6.7
Cheyne Capital Management (UK) LLP,,12.04,-13.08,78.26,-27.31,10.41,-68.4,-100.0,,,,,,,,,,,,
"Chicago Capital, LLC",,,,,,,,,,,,,,,,,,,,inf
Chicago Partners Investment Group LLC,,,,,,,,,,,,,inf,65.68,30.85,33.77,-13.07,17.92,19.06,7.32
"China Universal Asset Management Co., Ltd.",,,,,,,,,,inf,76.55,92916.35,95.56,29.24,-14.17,44.63,-8.21,2.29,-12.28,22.9
"Chiron Investment Management, LLC",,,,,,inf,-100.0,,inf,-52.72,-99.51,10450158.7,-98.83,-100.0,,,,,,inf
Choate Investment Advisors,,,,inf,-18.5,14.62,11.41,12.95,-41.33,-100.0,,inf,37.87,118.18,2.86,72.99,-5.65,10.98,10.52,61.63
Chris Bulman Inc,,,,,,,,,,,,,,,,,,inf,-100.0,
"Christopher J. Hasenberg, Inc",,,,,,,,,,,,,,,,,,,inf,2.48
Cinctive Capital Management LP,,,,,inf,-100.0,,,inf,-100.0,,,,,,,,,,
Cipher Capital LP,,,,,,,,,,,,inf,-21.57,-100.0,,,,,,
"Circle Wealth Management, LLC",,19.33,7.34,45.2,-100.0,,,inf,11.74,-19.8,0.5,85967.17,43.14,30.21,15.2,6.3,-3.97,55.03,64.86,5.17
Citizens Business Bank,,38.15,8.43,38.0,-15.47,6.35,26.71,16.75,23.62,-21.55,-1.09,84421.5,35.65,24.18,-10.61,17.34,-4.03,16.99,100.22,-44.09
Citizens National Bank Trust Department,,,,,,,,inf,0.53,-12.23,0.0,-15.15,143285.0,27.92,-8.25,12.64,-3.65,6.06,0.82,6.47
City State Bank,,,,,,,,inf,-25.0,-33.33,0.0,0.0,0.0,50.0,0.0,33.33,-25.0,135633.33,0.74,112.92
"Cladis Investment Advisory, LLC",,,,,,,,,,,,,,,,,inf,46.99,-48.31,-0.66
"Claraphi Advisory Network, LLC",,,,,,,,,inf,-100.0,,,,,,,,,,
Clare Market Investments LLC,,,inf,45.2,28.56,15.21,17.98,16.23,42.9,-28.17,14.9,-27.54,1.35,33.96,-11.83,16.68,120.47,33.8,-13.89,10.44
Clarendon Private LLC,,,,,,,,,,,,,,,,,,,,inf
Claret Asset Management Corp,,,,,,,,,,,,,,,,inf,-8.75,30.59,1.4,7.24
ClariVest Asset Management LLC,,inf,0.0,100.0,100.0,0.0,-25.0,0.0,33.33,169550.0,-3.43,-100.0,,,,,,,,
Clarity Capital Partners LLC,,,,,,,,,,,,,,,,inf,-5.9,51.23,-100.0,inf
Clarity Financial LLC,,,,,,,,,,,,,,,,,inf,229.45,-5.15,5.55
"Clarity Wealth Advisors, LLC",,,,,,,,,,,,,,,,,inf,19.31,9.61,6.38
"Clarius Group, LLC",,,,,,,,,,,,,inf,29.26,23.46,530.57,-20.6,18.95,2.51,6.49
"Clark Capital Management Group, Inc.",,,,,,,,,,,,,,,,,,,,inf
Claro Advisors LLC,,,,,,,,,,,,,,inf,40.82,66.02,77.25,43.72,88.15,-25.73
Clarus Wealth Advisors,,inf,6.01,47.77,-4.11,-100.0,,,,,,,inf,-100.0,,inf,198.24,18.84,-4.92,5.1
Clean Yield Group,,40.0,7.14,44.44,-100.0,inf,31.03,15.79,29.55,-21.05,0.0,80833.33,43.14,27.92,1.45,13.76,-3.65,19.32,3.14,6.47
"Clear Creek Financial Management, LLC",,,,,,,inf,-100.0,,,,,,,,,,,,
"Clearbridge Investments, LLC",,,inf,56.99,-9.77,14.7,25.34,11.92,8.7,-28.89,-6.01,60247.79,22.12,19.25,-20.62,27.0,-15.29,130.73,-51.69,-0.51
"Clearstead Advisors, LLC",,875.76,6.52,45.48,-5.41,15.25,36.03,35.27,29.77,10.08,9.51,84461.62,35.66,40.67,82.51,-36.71,21.69,370.06,4.22,11.26
"Clearstead Trust, LLC",,,,,,,,,,,,inf,-100.0,,,,,inf,3.84,5.37
Close Asset Management Ltd,,,,,inf,15.38,26.67,15.79,0.0,-36.36,-64.29,-100.0,inf,913.8,267.91,78.05,-27.48,31.14,-4.79,-46.75
CloudAlpha Capital Management Limited/Hong Kong,,,,,,,,,,,,,,inf,-100.0,inf,-97.12,-100.0,,
"Coastal Bridge Advisors, LLC",,39.15,3.94,44.07,-9.93,14.79,156.49,64.74,-66.08,56.08,-50.53,85235.86,43.14,112.74,-51.89,25.41,-3.65,18.83,1.02,5.12
"Coastal Investment Advisors, Inc.",,,,,,,,,,,,,inf,46.33,0.0,-100.0,,,,
Coastline Trust Co,,,,,,,,,,,,,,,,,,,inf,9.46
"Cohen Capital Management, Inc.",,,,,,,,,,,,,,,,,,,inf,12.23
Cohen Klingenstein LLC,,40.08,6.56,89.72,-54.69,15.21,3.43,-13.88,11.81,-20.66,-0.51,85090.86,43.14,27.92,-8.25,25.78,-3.65,19.32,0.82,-37.25
Collier Financial,,,,,,,,,,,,,,,,,,,,inf
Colonial Trust Advisors,,99.3,18.64,53.54,-8.65,18.29,30.08,14.19,9.52,-41.73,2.5,85651.73,44.45,26.44,-8.95,25.88,-3.38,20.66,1.78,4.71
Colonial Trust Co / SC,,,,,,,,,,,inf,88825.09,40.46,26.57,-9.07,27.27,0.7,24.51,3.25,9.91
"Colony Group, LLC",,,,,,,,,,,,,,,,inf,669.66,423.05,105446.18,-100.0
Columbia Trust Co 01012016,,,,inf,-2.56,98.81,34.21,0.0,39.53,-22.12,2.72,142357.53,-27.02,18.08,-8.97,39.06,-100.0,,,
"Column Capital Advisors, LLC",,38.46,5.56,47.37,-10.71,4.0,30.77,17.65,10.0,-20.45,-14.29,85020.0,36.1,27.92,-8.25,-100.0,,,,
"Commonwealth Financial Services, LLC",,,,,,,,,,,,,,,,,,,inf,31.94
"Community Bank & Trust, Waco, Texas",,,,,,,,,,,,,,,,,,inf,0.89,6.19
"Community Bank, N.A.",,40.0,3.57,48.28,-9.3,15.38,26.67,17.54,-7.46,-20.97,0.0,-100.0,,,,,inf,56.07,6.35,8.3
"Community Financial Services Group, LLC",,,,,,,,,,,,,,,inf,-100.0,inf,27.92,2.87,10.6
Compass Wealth Management LLC,,,,,,,,,,,,inf,43.19,127.89,-48.51,-100.0,,,,
Comprehensive Financial Management LLC,,,,,inf,15.2,29.06,-47.84,11.83,-20.68,53.23,85091.88,43.14,27.92,-8.25,25.78,-3.65,19.32,0.82,6.47
"Comprehensive Financial Planning, Inc./PA",,,,,,,,,,,,,,,,,,,,inf
"Concentric Capital Strategies, LP",,,,,,,,,inf,115.14,179.85,56040.27,170.2,-17.45,-100.0,,,inf,223.16,-100.0
Concentrum Wealth Management,,,,,,,,,,,,,,,,inf,-28.96,16.05,0.91,7.62
"Concord Asset Management, LLC/VA",,,,,,,,,,,,,,,inf,95.13,10.54,37.17,10.63,14.82
Concord Wealth Partners,,,,inf,94.0,47.42,-74.13,564.86,19.51,-72.79,-100.0,inf,-100.0,inf,434.6,77.34,-45.66,35.37,6.47,17.97
"Concurrent Investment Advisors, LLC",,,,,,,,,,,,,,,,inf,11.91,129.78,31.98,15.3
"Confluence Wealth Services, Inc.",,,,,,,,inf,-100.0,,,,,,,,,,inf,13.82
Congress Park Capital LLC,,,,,,,,,,,,,inf,2.4,-8.25,19.51,43.52,33.58,3.99,6.47
Congress Wealth Management LLC / DE /,,,,,,,,,,,inf,-100.0,inf,-100.0,,,,inf,-100.0,
"Connective Portfolio Management, LLC",,,,,,,,,,,,inf,-100.0,,,,,,,
"Connectus Wealth, LLC",,,,,,,,,,,inf,84478.37,28.52,217.68,888.78,54.45,9.61,-100.0,,
Connolly Sarah T.,,,,,,,inf,145.99,14.58,-20.7,0.24,85522.7,42.5,27.71,-10.32,-100.0,,,,
"Connor, Clark & Lunn Investment Management Ltd.",,inf,-100.0,,inf,-77.35,6803.83,33.97,4.73,-12.79,-47.51,63627.32,-100.0,,inf,346.97,88.6,-100.0,inf,-100.0
"Conservest Capital Advisors, Inc.",,,,,,,,,inf,-100.0,,,inf,15.23,-8.25,17.64,3.42,0.0,0.0,17.11
"Consilium Wealth Advisory, LLC",,,,,,,,,,,,,,,,,,inf,0.82,6.47
Consolidated Investment Group LLC,,1.06,6.56,45.21,-9.37,15.21,29.09,16.22,11.82,-29.08,-0.52,-32.04,43.15,27.93,-8.25,25.79,-3.65,19.32,0.83,6.48
Consolidated Portfolio Review Corp,,,,,,,,,,,,,inf,33.29,-3.44,216.33,-93.26,27.83,-0.22,6.84
Constitution Capital LLC,,,,,,,,,,,,,,,,,,,,inf
"Context Capital Management, LLC",,-100.0,inf,25.34,-100.0,,,,,,,,,,,,,,,
"Context Partners Fund, L.P.",,,inf,-100.0,,,,,,,,,,,,,,,,
"Continuum Advisory, LLC",,,,,,,,,,,,,,,,inf,1.57,14.66,19.9,-4.7
"Convergence Financial, LLC",,,,,,,,,,,,,,,,,,inf,5.14,22.45
Cooper Financial Group,,,,,,,,,,,,,,,,,,,,inf
Coppell Advisory Solutions Corp.,,,,,,,,,,,,inf,-100.0,,,,,,,
Coppell Advisory Solutions LLC,,,,,,,,,,,,inf,-100.0,inf,-56.03,146.92,-100.0,inf,48.26,39.98
"Copperwynd Financial, LLC",,,,,,,,inf,965.77,-13.4,-100.0,,inf,-100.0,,,,,,
Corbenic Partners LLC,,,,,,,,inf,-100.0,,,,,,,,,,,
Cordasco Financial Network,,,,,,,,,,inf,-100.0,,,,,,,,,
Core Alternative Capital,,,,,,,,inf,0.0,262.5,10.34,43068.75,17426.05,24.17,4.38,30.56,-4.3,21.74,-1.63,-18.59
"Core Wealth Advisors, Inc.",,,,,,,,,,,,,,,,inf,-3.65,-100.0,,
"Core Wealth Management, Inc.",,,,,,,,,,,,,,,,,,inf,0.0,7.35
"CoreCap Advisors, LLC",,,,,,,,inf,-100.0,inf,-100.0,inf,-100.0,inf,-100.0,inf,-33.96,-100.0,inf,8.75
"Corebridge Financial, Inc.",,,,,,,,,,,,,,,,,,inf,-1.96,8.51
"Corient Capital Partners, LLC",,inf,5.26,115.0,-39.53,15.38,-100.0,,inf,-100.0,,,,,,,,,,
Corient Private Wealth LLC,,,,,,,,,,,,,,inf,-2.51,73.16,20.56,23.07,7.28,9.98
"Cornell Pochily Investment Advisors, Inc.",,inf,18.25,65.74,-15.83,30.09,34.69,13.76,161.49,-55.01,1.42,84623.44,45.93,30.27,-3.24,25.23,-16.36,144.66,-47.69,6.46
"Cornerstone Advisors, Inc.",,137.5,5.26,-100.0,,,,,,,,,,,,,,,,
"Cornerstone Advisors, LLC",,,,,,,,,,,,,,,inf,25.78,-3.65,19.32,0.82,-100.0
"Cornerstone Advisory, LLC",,,,,,,,inf,-100.0,,,,,inf,-100.0,inf,215.76,47.91,-1.99,3.64
Cornerstone Planning Group LLC,,,,,,,,,,,,inf,-100.0,inf,-12.46,42.21,-21.53,-14.98,15.74,-4.22
"Cornerstone Select Advisors, LLC",,,,,,,,,,,,,,,,,,,,inf
"Cornerstone Wealth Group, LLC",,,,,,,,,inf,-10.42,6.71,-100.0,,,inf,161.62,-44.62,26.73,5.65,8.83
"Cornerstone Wealth Management, LLC",,,,,,,,,,,,,inf,-100.0,inf,-100.0,,inf,13.1,12.92
Corton Capital Inc.,,,,,,,,,,,,,,,,,,inf,6.48,-46.99
"Costello Asset Management, INC",,,,,,,,,,,,,,,,,inf,-91.48,25.03,6.47
"Coston, McIsaac & Partners",,,,,,,,,,inf,-12.5,-14.29,50.0,33.33,-8.33,27.27,-7.14,23.08,0.0,6.25
"Counterweight Ventures, LLC",,,,,,,,,,,,,,,,inf,-18.16,21.32,7.96,7.34
Covea Finance,,,,,,,,,,,inf,-14.82,42.02,-27.19,66172.79,25.78,-100.0,,,
"Covenant Asset Management, LLC",,31.68,6.6,45.13,-9.3,13.45,118.96,-41.88,11.87,-20.71,1180.97,83028.58,-39.82,71.36,-29.0,26.98,-2.3,18.33,0.76,5.29
"Covenant Multifamily Offices, LLC",,,inf,44.83,-100.0,,,,,,,,,,,,,,,
"Covenant Partners, LLC",,17.41,2.02,56.83,-27.25,15.06,29.19,16.23,11.73,-13.5,-8.67,85054.68,20.34,155.84,-54.12,25.78,-22.81,19.32,0.82,6.47
Covestor Ltd,,,,,,,,inf,84.21,-31.43,12.5,240.74,21.74,18.75,8.27,46.53,18.48,-30.4,-5.75,123.17
Covington Capital Management,,40.82,95.65,650.37,149.06,41.02,39.77,38.65,62.92,-19.15,1.26,-100.0,,,,,,,,
Coyle Financial Counsel LLC,,,,,,,,,,,,,,,,,,,inf,25.95
"Crawford Lake Capital Management, LLC",,,,,,,inf,-100.0,,,,,,,,,,,,
Creative Capital Management Investments LLC,,,,,,,,,,,,,inf,27.92,-8.26,-37.1,-3.65,19.32,0.83,-100.0
Creative Planning,,45.19,14.25,91.23,-100.0,inf,37.95,33.65,0.29,-12.01,-2.83,78235.76,48.94,20.19,11.29,46.5,69.66,26.04,0.91,-7.14
"CreativeOne Wealth, LLC",,,,,,,,,inf,-33.26,-1.4,-8.19,218.6,134.79,-55.7,41.64,120.56,18.57,57510.61,66.87
Creekmur Asset Management LLC,,,,,,,,,,,,,,,,,,inf,-100.0,
"Crescent Capital Consulting, LLC",,,,inf,-10.28,15.62,29.73,15.97,-100.0,,,,,,,,,,,
"Crescent Grove Advisors, LLC",,,,,,,,,,,,,inf,15.94,24.66,30.45,-27.38,-3.9,-41.06,0.49
"Crescent Sterling, Ltd.",,,,,,,,,,,,,,,,,,inf,0.82,7.6
"Cresset Asset Management, LLC",,-100.0,inf,56.11,-0.41,28.3,44.27,26.33,-16.37,-18.91,15.39,63282.67,100.22,215.88,-100.0,,,inf,2.83,457.87
"Crestline Management, LP",,,,,inf,10.15,-35.48,-100.0,,inf,-100.0,inf,55.75,62.1,-100.0,,,,inf,-39.51
Crestwood Advisors Group LLC,,inf,-100.0,,,,inf,525.53,23.27,-20.25,3.74,94738.83,26.58,24.47,180.62,24.87,-100.0,,,
"Crestwood Advisors Group, LLC",,,,,,,,,,,,,,,,inf,10.84,21.85,2.11,8.55
"Crew Capital Management, Ltd.",,,,,,,,,,,,,,,,inf,-100.0,,inf,-52.16
Crewe Advisors LLC,,,inf,-100.0,,,,,,inf,58.82,18503.7,-24.43,27.9,-100.0,,inf,14.63,-28.89,6.37
Crews Bank & Trust,,,,,,,,,,,,,,,,,,,,inf
"Cribstone Capital Management, LLC",,0.0,0.0,0.0,0.0,0.0,100.0,0.0,50.0,-33.33,0.0,83600.0,-100.0,,,,,,,
Cromwell Holdings LLC,,,,,,,,,,,,,,,,,,inf,3.81,6.47
Cross Staff Investments Inc,,,,,,,,,,,,,,,,inf,-3.65,19.32,-100.0,
"Crossmark Global Holdings, Inc.",,inf,6.02,36.28,-8.33,5.05,0.72,19.57,26.55,-21.45,-7.23,-11.69,27.94,873.75,13.89,10.68,-28.83,19.21,68.43,21.49
"Crown Wealth Group, LLC",,,,,,,,,,,,,,,,,,inf,13.74,7.3
Csenge Advisory Group,,,,,,,,,,,,,,inf,-100.0,,,inf,11.42,8.03
Curi Capital,,,,inf,-100.0,,,,,,,,,,,,,,,
"Curi RMB Capital, LLC",,,,,,,,,,,,,,,,,inf,18.2,0.37,2.11
"Curi Wealth Management, LLC",,,,,,,,inf,15.71,-75.31,-100.0,,,,,,,,,
Custom Portfolio Group LLC,,,,,,,,,,,,,,,,inf,-3.65,19.32,-100.0,
Cutler Group LLC / CA,,,,,,,,,,,inf,-32.44,-43.12,64.15,78.04,-43.33,-77.95,-100.0,,
Cutler Group LP,,-69.49,-100.0,,,,inf,232.09,-65.41,-56.72,-100.0,,,,,,,,,
"Cutter & CO Brokerage, Inc.",,,,,,,,,,,,,,,,,inf,3.89,0.82,6.82
"Cyndeo Wealth Partners, LLC",,,,,,,,,,,,,inf,-38.28,-0.24,-16.29,-16.75,24.5,-34.63,8.35
"Cynosure Group, LLC",,,,,,,,,,,,,,,,,inf,25.38,-4.05,-29.4
Cypress Capital Management LLC (WY),,-100.0,,,,,,,,,,,,,,,,,,
"Cyrus J. Lawrence, LLC",,,,,,,,,inf,-21.86,-0.99,-17.14,42.22,27.32,-8.22,-100.0,inf,19.2,-10.64,6.46
Czech National Bank,,,,,,,,,,,,,,inf,36.96,28.11,-1.82,32.42,116.03,-42.73
D L CARLSON INVESTMENT GROUP INC,,,inf,38.61,-100.0,,,,,,,,,,,,,,,
"D'Orazio & Associates, Inc.",,,,,,,inf,-100.0,,,,,,,,,,inf,82.29,-38.47
D.A. DAVIDSON & CO.,,-21.73,19.94,51.48,115.69,22.96,32.0,20.97,46.59,-29.13,-11.77,92263.54,45.4,20.43,-11.72,36.78,-10.92,39.6,-7.56,12.15
"DAGCO, INC.",,,,,,,,,,,,,,,,,,inf,0.83,-100.0
DARK FOREST CAPITAL MANAGEMENT LP,,,,,,inf,-100.0,inf,-100.0,,inf,2553500.0,15595.42,-100.0,,,,,inf,-100.0
DARRELL & KING LLC,,31.85,0.56,39.21,-100.0,,,,,,,,,,,,,,,
DAVENPORT & Co LLC,,inf,14.92,-100.0,inf,131.9,-100.0,,inf,-21.37,-11.83,129525.67,51.63,40.06,356.33,24.27,32.54,20.63,0.11,6.52
DAVIDSON KEMPNER CAPITAL MANAGEMENT LP,,,,,,,,,,,,,inf,50.31,-100.0,,,,,
DAVIDSON KEMPNER PARTNERS,,,,,,,,,,,,,inf,-100.0,,,,,,
DAVIS R M INC,,75.14,23.08,63.66,-5.3,21.01,31.58,15.26,10.76,-21.7,-1.97,-13.99,39.37,23.8,-11.11,120669.32,-6.84,17.24,-2.56,3.65
"DAYMARK WEALTH PARTNERS, LLC",,,,,,,,,,,,,inf,33.41,-20.58,26.28,4.49,24.26,10.33,71.2
"DC Investments Management, LLC",,40.08,6.57,-27.37,-100.0,,,,,,,,,,,,,,,
"DCF Advisers, LLC",,,,,,,,,,,,,,inf,-100.0,,inf,19.32,0.82,-100.0
DE BURLO GROUP INC,,,,,,,,,,,inf,-15.59,70.02,35.11,-58.83,0.0,-77.67,1.38,0.66,-2.26
"DEEPWATER ASSET MANAGEMENT, LLC",,,,,,,,,,,,,,,inf,2045.21,-100.0,,,
DELTA ASSET MANAGEMENT LLC/TN,,-50.0,0.0,100.0,-25.0,33.33,25.0,20.0,-100.0,,,inf,3384.11,27.92,-8.25,27.5,-3.65,19.31,-0.54,6.47
DELTEC ASSET MANAGEMENT LLC,,,,,,,,,,,,,,,inf,-100.0,,,,
DENALI ADVISORS LLC,,,,,,,,,,,,,,,,,,,inf,5.87
DEROY & DEVEREAUX PRIVATE INVESTMENT COUNSEL INC,,,inf,45.21,-100.0,,,,,inf,-0.51,-14.83,30.93,27.98,-25.09,25.84,-3.61,19.33,0.83,6.89
DEUTSCHE BANK AG\,,,,,,,,,,,,,,,inf,-48.61,45.04,-13.33,-8.0,6.35
"DFPG INVESTMENTS, LLC",,,,,,,,,,,,inf,234.51,30.7,16.61,63.22,-100.0,,,
"DHJJ Financial Advisors, Ltd.",,,,,,,,,,,,,,,inf,25.71,-3.62,19.34,0.79,6.43
DIMENSION CAPITAL MANAGEMENT LLC,,,inf,-100.0,,,,,,,,,,,,,,,,
DIMENSIONAL FUND ADVISORS LP,,,,,,,,,,inf,0.99,-15.46,158382.2,99.52,-2.98,34.26,-1.04,32.35,0.46,5.19
"DISCOVERY CAPITAL MANAGEMENT, LLC / CT",,,,,,,inf,-100.0,inf,-38.14,-100.0,,,,,,,,,
"DIVERSIFY WEALTH MANAGEMENT, LLC",,,,,,,,,,,,,,,,,,inf,16.91,53.65
DJE Kapital AG,,,,,,,,,,,,,,,,,,,,inf
"DLD Asset Management, LP",,,,inf,650.27,-15.36,16.02,53.8,-100.0,inf,-0.92,87368.64,109.26,-13.42,-13.71,-79.26,-3.77,19.37,0.82,-100.0
"DLK Investment Management, LLC",,,,,,,,,,,,,,,,,,inf,0.36,6.35
"DOHJ, LLC",,,,,,,,,,,,,,,,inf,-14.82,36.92,1.67,11.51
"DONALDSON CAPITAL MANAGEMENT, LLC",,,,,,,,,,inf,15.52,82160.65,-100.0,,,,,,,
DORCHESTER WEALTH MANAGEMENT Co,,,,,,,,,,,,,,,,,,inf,-100.0,
"DOVER ADVISORS, LLC",,,,,,,,,,,,inf,64.25,29.24,-6.94,2.11,24.12,8.65,-0.28,-2.99
DRIEHAUS CAPITAL MANAGEMENT LLC,,,,,,,,,,,,,inf,-100.0,,,,,,
"DRIVE WEALTH MANAGEMENT, LLC",,,,,,,,,,,,,,,,inf,4.11,25.52,-90.94,1209.3
DSM Capital Partners LLC,,,,,,,,,,,,,,,,inf,-3.65,19.32,0.82,-100.0
"DT Investment Partners, LLC",,,,,,,,,,,,,,,,,,,inf,6.48
"DUALITY ADVISERS, LP",,,,,,,,,,inf,-6.95,107611.38,-36.59,-100.0,inf,-100.0,,,,
DUBUQUE BANK & TRUST CO,,-100.0,,,,,inf,0.84,22.38,-25.06,-29.82,-100.0,inf,32.24,-100.0,,,,,
"DUDLEY CAPITAL MANAGEMENT, LLC",,,,,,,,,,,,,,,,,,inf,0.82,6.47
DUNCKER STREETT & CO INC,,,,,,,,,,,,inf,43.13,509.15,-8.25,210.05,2430.62,42.15,3.82,14.4
DUPONT CAPITAL MANAGEMENT CORP,,,,,,,,,,inf,-100.0,,,,,,,,,
"DZ BANK AG Deutsche Zentral Genossenschafts Bank, Frankfurt am Main",,,,,,,,,,,,inf,-51.17,-52.36,-85.1,123.87,723.42,-58.62,-13.06,147.98
Daiwa Securities Group Inc.,,0.0,56.24,45.18,59.9,-14.12,19.81,98.12,13.27,-22.94,0.16,-14.38,50.89,51.96,5.27,61.53,19.92,32.32,-12.97,14.66
Dakota Community Bank & Trust NA,,,,,,,,,,,inf,-100.0,,,,,,,,
Dakota Wealth Management,,,,,,,inf,192.58,80.04,-91.85,126.35,48258.7,411.31,437.97,-65.9,-100.0,,,,
Dale Q Rice Investment Management Ltd,,,,,,,,,,,,,,,,,,,,inf
"Dana Investment Advisors, Inc.",,,,,,,,,,,,inf,109.76,32.53,-13.55,7.6,-85.96,93.33,-52.01,5.78
Darden Wealth Group Inc,,,,,,,,,,,,,,,,inf,59.62,25.53,1.53,6.32
"Darwin Advisors, LLC",,,,,,,,,inf,-15.0,-100.0,,,,,,,,,
"Darwin Wealth Management, LLC",,,,,,,,,,,inf,85854.36,17.23,45.5,-4.28,-100.0,,,inf,-100.0
David J Yvars Group,,,,,,,,,,,,,,,,,inf,24.05,10.2,10.18
Davide Leone & Partners Investment Co Ltd.,,,,,,inf,158.1,-100.0,,,,,,,,,,,,
Davidson Capital Management Inc.,,,,,,,,,,,,,,,,,,,,inf
Davidson Kempner Capital Management LP,,-100.0,,inf,59.65,146.7,39.41,15.7,-42.56,-24.45,-87.53,-100.0,,inf,-60.96,-100.0,,,,
Davis Capital Management,,,,,,,,,,,,,,,,,,inf,-100.0,
Davy Global Fund Management Ltd,,inf,124.78,91.5,43.2,-36.32,38.02,-9.04,39.92,-100.0,,,,,,,,,,
"DeDora Capital, Inc.",,,,,,,,,inf,-100.0,,,,,,,,,,
"Deane Retirement Strategies, Inc.",,,,,,,,,,,,,,,,,inf,19.07,0.93,-98.03
"DecisionPoint Financial, LLC",,,,,,,,,,,,inf,43.13,27.92,-8.24,-45.49,-1.17,11.43,5.26,-100.0
DeepCurrents Investment Group LLC,,-100.0,,,,,,,,,,,,,,,,,,
Degroof Petercam Asset Management,,,,,,,,,,,,,,,,inf,1382.09,-100.0,,
DekaBank Deutsche Girozentrale,,,,inf,-100.0,,,,,,,,,,,,,,,
"Del-Sette Capital Management, LLC",,,,,,,,,,,,,inf,118.72,-7.85,28.4,-26.19,-100.0,,
"Delos Wealth Advisors, LLC",,,,,,,,,,,,,,,,,inf,19.35,0.77,6.5
"Delta Accumulation, LLC",,,,,,,,inf,113.47,-20.65,-0.48,44498.79,43.14,279.89,-8.25,45.13,11.2,119.32,-45.15,49.81
"Delta Financial Group, Inc.",,,,,,,,,,,,,,,inf,42.42,-6.52,-100.0,,inf
"Delta Investment Management, LLC",,,,,,,,inf,-100.0,,,,,,,,,,inf,16.55
"Denver PWM, LLC",,,,,,,,,,,,,,,,,,inf,66.01,-54.38
Desjardins Global Asset Management Inc.,,,,,,,,inf,5.32,2181.31,-38.54,41.68,742.51,38747.72,-36.91,13.07,-100.0,,,
"Destiny Wealth Partners, LLC",,,,,,,,,,inf,-100.0,inf,-100.0,,,,,,,
"DiNuzzo Private Wealth, Inc.",,,,,,,,,,,,,,,,inf,-51.82,41.01,0.82,6.46
"Diligent Investors, LLC",,,,,,,,inf,11.85,-20.87,-0.39,85113.04,57.04,24.15,-7.13,25.78,-1.04,19.66,0.82,6.47
Disciplina Capital Management LLC,,,,,,,,,,,,,,,,,,,inf,6.47
"Disciplined Investments, LLC",,,,,inf,33.33,25.0,20.0,166.67,-62.5,-83.33,83600.0,43.13,49.33,-100.0,,,,,
"Disciplined Investors, L.L.C.",,,,,,,,,,,,,,,,,,,,inf
Diversified Trust Co,,108.37,16.61,19.55,-3.58,12.44,40.23,-2.87,6.91,-30.69,6.62,-2.74,146216.06,3.06,-20.2,23.07,-30.53,-15.53,22.88,91.11
"Diversify Advisory Services, LLC",,,,,,,,,,,,,,,,,inf,20.05,3.46,-12.6
Dixon Hughes Goodman Wealth Advisors LLC,,,,,,,,,inf,-100.0,,,,,,,,,,
Dixon Mitchell Investment Counsel Inc.,,,,,,,,,,,,,,,,,,,,inf
Dogwood Wealth Management LLC,,,,,,,,,,,,,,,,inf,-4.62,-100.0,inf,-100.0
Donoghue Forlines LLC,,,,inf,-24.55,17.8,19.15,-12.12,-31.8,40.97,-64.82,77594.84,22.18,84.17,-21.11,8.76,29.35,259.04,-11.14,-100.0
"Donor Advised Charitable Giving, Inc.",,,,,,,,,,,,,,,,,,,inf,6.47
Dorsey Wright & Associates,,,,,,,,,,,,,,,,inf,184.66,-18.69,1.48,6.8
"Douglass Winthrop Advisors, LLC",,,,,,,,,,,,,,,,,,,,inf
"Draper Asset Management, LLC",,,,inf,-14.49,-35.49,-100.0,,,,,,,inf,-100.0,,,,,
Driehaus Capital Management LLC,,,,,,,,,,,,,,inf,-100.0,inf,-100.0,,,
Dubuque Bank & Trust,,,,inf,-100.0,,,,,,,,,,,,,,,
Dubuque Bank & Trust Co,,,,,,inf,-100.0,,,,,,,,inf,-100.0,,,,
"Dunhill Financial, LLC",,,,,,,,,,,,,,,,,,inf,599.28,6.47
Dynamic Advisor Solutions LLC,,,,,,,inf,18.27,-6.78,-13.08,7.36,83841.43,89.69,9.48,31.68,23.83,235.06,46.56,14.41,6.21
Dynamic Technology Lab Private Ltd,,-100.0,,inf,-11.84,-31.38,-100.0,inf,0.95,-8.43,112.07,261.14,-100.0,,,inf,-100.0,inf,123776.4,15.31
"E Fund Management (Hong Kong) Co., Ltd.",,,,,,,,,,,,,,,,,,inf,0.0,2100.0
"E Fund Management Co., Ltd.",,,,,,,,inf,11.82,-18.54,4.26,-18.16,34.16,150.0,-1.26,117985.24,-3.95,-100.0,,
"E&G Advisors, LP",,,,,,,,,,,,,,,,,,,inf,44.25
E. Ohman J:or Asset Management AB,,67.57,15.43,19.69,-23.75,12.57,29.09,-20.84,-100.0,,,,inf,27.92,-4.87,6.16,1382.56,20.14,0.41,-6.41
EA Series Trust,,,,,,,,,,,,,,inf,-100.0,,,,,
EAGLE ASSET MANAGEMENT INC,,,,,,,,,inf,-18.93,0.24,84275.24,44.88,25.83,-24.5,70.1,-42.6,-100.0,,
EAGLE GLOBAL ADVISORS LLC,,inf,8.24,41.88,-9.78,17.99,30.79,14.89,-38.83,-21.6,-1.05,82671.86,43.26,27.68,-8.34,21.91,-3.68,20.37,1.08,6.89
EARNEST PARTNERS LLC,,33.33,12.5,44.44,-7.69,16.67,28.57,16.67,9.52,-21.74,0.0,85950.0,43.14,27.92,-8.25,-100.0,,,,
EASTERN BANK,,,,,,,,,,,,,,inf,-8.09,28.38,-2.09,2.19,135.88,5.84
EATON VANCE MANAGEMENT,,167.39,-15.68,195.04,-54.32,15.03,28.85,112.94,-100.0,inf,-0.84,-100.0,,,,,,,,
EDENTREE ASSET MANAGEMENT Ltd,,,,,,,,,,,,,,inf,-7.25,11.12,6.17,28.76,0.83,6.48
EDMOND DE ROTHSCHILD HOLDING S.A.,,-8.76,-15.15,-2.49,-8.28,120.12,-37.25,-0.63,-65.33,87.94,-34.84,197862.55,43.19,28.97,-40.07,10.69,99.63,14.38,-56.5,-2.7
EFG Asset Management (Americas) Corp.,,,inf,15.0,-13.42,21.26,21.34,17.67,5.67,-30.7,6.14,73729.27,27.71,-20.64,-40.39,18.03,-51.35,-100.0,,
EFG Asset Management (North America) Corp.,,,,,,,,inf,1.63,-30.91,-3.7,72602.88,25.47,-22.6,-40.36,-7.39,24.19,-14.22,13.42,67.52
EFG CAPITAL INTERNATIONAL CORP.,,,,,,,,,,,,,,inf,-100.0,,,,,
ELEMENT CAPITAL MANAGEMENT LLC,,,,,,,,,inf,19.01,-0.53,-100.0,,,,,inf,61.33,-100.0,
"ELEMENT POINTE ADVISORS, LLC",,,,,,inf,-99.89,169.33,-100.0,,,,,,,,,,,
ELEQUIN CAPITAL LP,,,,,,,,,inf,-15.42,-100.0,,,,,,,,,
"ELEVATION WEALTH PARTNERS, LLC",,,,,,,,,,,,,,,,,,,,inf
ELEVATUS WELATH MANAGEMENT,,,,,,,,,,,,,,,,,,inf,-100.0,
ELLINGTON MANAGEMENT GROUP LLC,,-100.0,,,,,,,,,,,,,,,,,,
"EMERALD ADVISERS, LLC",,,,,,inf,32.21,15.4,32.7,32.6,12.0,83374.85,42.39,17.22,-20.95,-13.98,-16.45,7.3,-20.41,4.27
EMERALD MUTUAL FUND ADVISERS TRUST,,,,,,,,,,inf,33.55,70838.42,-100.0,inf,-10.15,46.46,-16.73,16.36,0.82,1.61
"EMFO, LLC",,,,,,inf,152.63,-41.67,10.71,-19.35,0.0,83624.0,43.14,27.92,-8.25,25.78,-3.64,19.31,-100.0,
"EMINENCE CAPITAL, LP",,42.21,-15.24,57.7,-23.28,10.81,8.11,-20.41,-100.0,,,,,,,,,,,
EMS Capital LP,,,,,,,inf,-22.49,-100.0,,,,,,,,,,,
ENGINE NO. 1 LLC,,,,,,,inf,46.67,-100.0,,,,,,,,,,,
ENTERPRISE FINANCIAL SERVICES CORP,,38.0,-63.77,44.0,-100.0,,,,,,,,,,,,,,,
ENVESTNET ASSET MANAGEMENT INC,,23.74,8.64,63.12,-4.15,17.82,37.79,15.99,11.57,-14.14,2.52,91629.28,49.57,31.83,16.76,36.05,-4.59,26.06,11.41,3.44
"EP Wealth Advisors, LLC",,,,,,,,,,,,inf,-14.64,304.12,15.58,69.64,-30.93,-17.91,975.23,11.17
EPG Wealth Management LLC,,,,,,,,inf,11.97,-20.69,-7.83,-100.0,inf,27.92,366.86,59.56,-22.01,32.54,-7.96,-1.07
EQUITABLE TRUST CO,,,,,,,,,inf,-22.14,-0.98,-100.0,,,,,inf,28.06,4.03,6.47
"ESL Trust Services, LLC",,,,,,,,,,,,,,,,,,inf,0.82,6.48
"ETF MANAGERS GROUP, LLC",,31.1,8.97,26.7,-14.36,14.53,19.15,0.11,46.61,-26.47,-11.67,81523.24,27.25,-100.0,,,,,,
EUBEL BRADY & SUTTMAN ASSET MANAGEMENT INC,,232.33,5.46,25.1,24.98,-50.0,-31.28,-100.0,,,,,,,,,,,,
"EVENTIDE ASSET MANAGEMENT, LLC",,40.08,9.17,65.64,-5.08,24.83,30.0,9.01,42.81,-22.15,4.12,86131.31,73.84,5.78,-31.19,97.55,-75.22,19.14,-53.28,-31.66
EVERENCE CAPITAL MANAGEMENT INC,,,,,,,,,,,,,,,,inf,-44.25,-100.0,,inf
EVERGREEN CAPITAL MANAGEMENT LLC,,inf,4.26,49.8,-7.63,1298.53,35.94,21.63,19.67,-18.57,-4.07,85297.79,41.86,20.71,-9.46,25.89,-26.41,18.29,0.73,5.97
EVERMAY WEALTH MANAGEMENT LLC,,,,,,,,,,,,,inf,27.92,56.75,2272.85,5.82,20.72,42.88,3.54
EVERPAR ADVISORS LLC,,,,,,,,,,,,,,,,inf,-50.27,25.76,-0.61,5.3
"EVOKE WEALTH, LLC",,,,,inf,-100.0,,,,,,inf,35.15,40.04,-6.2,57.62,-6.7,-100.0,inf,16.21
"EWA, LLC",,,,,,,,,,,,,,,,inf,-11.87,18.54,19.97,-12.48
EWG Elevate Inc.,,,,,,,,,,,,inf,-100.0,,,,,,,
EXANE DERIVATIVES,,49.45,2404.16,-44.77,-94.3,20.46,1052.29,16.23,120.95,-16.84,-100.0,,,,,,,,,
"EXCHANGE TRADED CONCEPTS, LLC",,-85.54,170.21,825.2,8.34,11.39,17.56,-58.19,181.49,-54.84,-62.08,931512.5,-1.24,-63.21,49.04,74.53,46.64,-13.84,-0.48,9.7
"EXENCIAL WEALTH ADVISORS, LLC",,,,,,,inf,52.97,-8.09,-15.49,-100.0,inf,147.27,23.67,8.03,21.54,41.46,19.21,-6.23,-16.76
Eagle Bay Advisors LLC,,,,,,,,,,,,,,,,,inf,19.3,59.64,6.47
Eagle Strategies LLC,,,,,,,,,,,,,,inf,-5.44,25.03,-100.0,inf,-62.51,10.18
"EagleClaw Capital Managment, LLC",,40.64,8.92,47.49,-7.29,16.2,154.84,-42.32,8.78,-22.07,-6.38,207368.43,-43.34,25.17,-5.99,26.62,-6.67,19.15,4.33,7.49
Eaton Vance Management,,,,,,,,,inf,-100.0,,,,,,,,,,
Echo Street Capital Management LLC,,,,,inf,15.68,-100.0,,inf,79.2,-8.71,343564.06,-100.0,,,,,,,
"Edge Capital Group, LLC",,,,,,,,,,inf,48.05,132628.76,62.99,27.92,-8.25,26.39,-31.79,20.3,2.02,7.54
Edge Wealth Management LLC,,37.5,9.09,50.0,-11.11,18.75,52.63,127.59,-100.0,,,,,,,,,,,
"Edgestream Partners, L.P.",,,,,,,,,,,,,,inf,26.9,170.9,-85.11,1764.61,-86.3,615.67
"Edmonds Duncan Registered Investment Advisors, LLC",,,,,,,,inf,-100.0,inf,-0.48,-100.0,inf,27.92,28.36,2.88,-10.79,9.75,5.3,-100.0
Eisler Capital (UK) Ltd.,,,,,,inf,-59.47,-100.0,,,,,,,,inf,127.64,-100.0,inf,-100.0
Eisler Capital (US) LLC,,,,,,,,,,,,,inf,107.87,307.73,-9.56,-62.17,27.76,-1.84,-100.0
"Elequin Capital, LP",,,,,,,,,,,,,,,,inf,-100.0,inf,-90.1,-99.59
"Elevated Capital Advisors, LLC",,,,,,,,,,,,,,,,,,,,inf
"Elite Wealth Management, Inc.",,,,,,,,,,,,,,inf,1.75,20.69,-23.3,-94.62,-14.13,6.63
"Elk River Wealth Management, LLC",,,,,,,,,,,,inf,-25.92,23.95,-6.81,26.38,-11.37,19.77,2.14,6.58
"Ellevest, Inc.",,66.67,50.0,120.0,-6.06,27.42,29.11,10.78,49.56,-14.79,-32.64,60462.89,51.98,-100.0,,,,,,
"Ellsworth Advisors, LLC",,,,,,,,,,,,,,inf,-0.93,16.49,-10.38,21.48,0.82,6.47
"Elm3 Financial Group, LLC",,,,,,,,,,,,,,,,,,,,inf
"Elmwood Wealth Management, Inc.",,-99.89,0.0,-100.0,inf,45.65,-100.0,inf,-100.0,,,,,,,inf,19.76,16.57,60.25,8.44
Elo Mutual Pension Insurance Co,,,,,,,,,,,inf,-12.31,49.4,32.01,-5.7,132377.92,2.99,22.92,4.48,2.85
"Empire Financial Management Company, LLC",,,,,,,,,,,,,,,,,inf,42.61,3.1,8.12
"Empirical Asset Management, LLC",,,,,,,,,,,,,,,,inf,-100.0,,,inf
"Empirical Finance, LLC",,,,,,,,,,,,,,,inf,50.65,8.11,9.71,11.62,9.63
"Empirical Financial Services, LLC d.b.a. Empirical Wealth Management",,,,,,,,inf,-20.96,-29.88,3.91,73859.1,46.45,33.35,101.56,-31.63,-4.93,27.99,8.0,23.08
Employees Retirement System of Texas,,69.66,4.5,68.17,-10.92,41.21,12.64,12.46,13.68,-19.34,-20.6,73.28,43.14,27.92,-29.15,44.78,-15.93,56.11,-29.83,112.94
"Empower Advisory Group, LLC",,,,,,,,,,,,,inf,35.4,-5.61,22.65,12.7,0.51,71.37,1297.89
"Empowered Funds, LLC",,,,,,,,,,inf,-100.0,,inf,44.77,12.3,1173.3,-74.54,-45.74,-8.26,267.34
"Empyrean Capital Partners, LP",,9.95,64.55,29.19,-52.7,10.23,-100.0,,,,,,,,,,,,,
"Endurance Wealth Management, Inc.",,-23.83,6.54,45.22,3.8,24.13,27.12,12.56,27.63,-21.42,7.73,-18.21,44.81,28.72,-100.0,,,,,
Engineers Gate Manager LP,,1062.66,-53.16,47.75,177.97,-12.8,-71.11,-100.0,inf,200.46,-64.74,1548152.44,-100.0,,inf,-92.69,-100.0,,inf,-3.37
Engrave Wealth Partners LLC,,100.0,-100.0,,,,,,,,,,,,,,,,,
"Enlightenment Research, LLC",,,,inf,-100.0,,,,,,inf,-100.0,,,,,,,,
"Ensign Peak Advisors, Inc",,-85.82,34.39,-26.32,19.23,15.74,53.38,841.12,-38.77,-22.58,30.0,204000.22,217.18,30.23,-23.66,11.17,-26.83,9.26,11.18,-15.98
Enterprise Bank & Trust Co,,,,,,inf,26.9,15.61,-2.43,-29.24,-1.14,85459.53,31.93,18.23,-12.65,12.03,-27.46,22.34,0.81,5.1
Enterprise Financial Services Corp,,,,,inf,-100.0,,,,,,,,,,,,,,
Enterprise Trust & Investment Co,,,,,,,,,,inf,-100.0,,,,,,,,,
"Entropy Technologies, LP",,,,,,,,,,,,,,,,,,,,inf
"EntryPoint Capital, LLC",,,,,,,,,,,,,,,,inf,-63.03,-100.0,,
"Envestnet Portfolio Solutions, Inc.",,,,,,,,,,,,,,,inf,34.41,14.01,32.93,13.01,-5.74
"Eos Focused Equity Management, L.P.",,inf,-100.0,,,,,,,,,,,,,,,,,
"Epic Trust Investment Advisors, LLC",,,,,,,,,,,,,,inf,-100.0,inf,17.89,-12.18,-100.0,
"Eqis Capital Management, Inc.",,,,,inf,13.37,22.52,16.91,-18.47,37960.24,-6.04,1.77,64.07,28.06,-100.0,,,,,
Ergoteles LLC,,,,,,,,,inf,-96.93,1615.23,4375.54,474.64,772.2,-100.0,,,,,
Erste Asset Management GmbH,,-18.15,-100.0,,,,,,,,inf,-24.4,38.07,24.6,-7.16,13.46,107.37,20.03,1.91,22.38
"Essex Financial Services, Inc.",,,,,,,,,,,,,inf,25.77,-3.68,20.37,-19.02,44.9,-100.0,
Essex LLC,,,,,,,,,,,,,,,,inf,-26.91,19.32,3.29,3.67
Essex Savings Bank,,,,inf,0.91,1.35,31.11,30.17,117.45,-23.59,-0.47,86194.8,43.14,-16.41,-8.25,28.57,0.0,15.8,4.18,6.47
Ethic Inc.,,,,,inf,100.37,46.24,98.12,19.0,-10.91,6.51,69192.6,92.71,35.52,37.11,59.71,1.38,26.18,-20.75,46.02
"Eudaimonia Partners, LLC",,16.28,124.0,-30.36,-16.67,-100.0,,,,,,,,,,,,,,
"Evanson Asset Management, LLC",,,inf,-100.0,,,,,,,,,,,,,inf,-100.0,,
"EverSource Wealth Advisors, LLC",,,,,,,,inf,-93.75,0.0,37400.0,146379.73,53.41,32.42,-2.3,37.77,100.87,-38.85,4.43,7.98
"Evercore Wealth Management, LLC",,,,inf,-100.0,,inf,15.97,-1.09,-20.88,-0.46,-100.0,inf,27.92,-8.25,26.89,-3.23,18.54,0.82,35.92
Evergreen Private Wealth LLC,,,,,,,,,,,,,,,,inf,-3.65,19.32,824.2,6.92
"Everhart Financial Group, Inc.",,,,,,,,,,,inf,-100.0,,inf,12.68,104.29,7.64,34.13,26.11,8.17
"Evernest Financial Advisors, LLC",,,,,,,,,,,,,,,,,,,inf,6.47
"Evoke Wealth, LLC",,,,,,inf,21.05,87.37,-6.96,-39.67,-6.3,-100.0,,,,,,,,
"Evolutionary Tree Capital Management, LLC",,,,,,,,,,,,,,inf,11.31,-3.73,16.62,-30.95,-0.66,-0.61
"Executive Wealth Management, LLC",,,,,,,,,,,,,,,inf,49.55,7.88,-100.0,inf,5.25
"ExodusPoint Capital Management, LP",,,,,,,inf,-97.54,7194.44,-100.0,,,inf,-100.0,,inf,575.69,-62.71,113.32,-100.0
F/M Investments LLC,,,,,,,,,,,,inf,50.92,24.4,-27.58,-4.33,-4.7,2225.56,-0.1,-14.6
"FAIRFIELD, BUSH & CO.",,40.0,6.06,45.31,-9.41,15.19,28.94,-100.0,inf,-50.0,-100.0,,inf,54.91,-71.07,18.37,0.69,31.16,2.64,-4.04
FARMERS & MERCHANTS INVESTMENTS INC,,40.54,5.77,45.45,-5.0,14.47,-63.22,15.62,-13.51,-6.25,-3.33,-100.0,inf,1329.53,1.9,22.2,11177.31,73.67,15.98,8.29
FARMERS & MERCHANTS TRUST Co OF LONG BEACH,,,,inf,-9.64,15.56,28.85,16.42,11.79,-20.64,-0.58,85084.3,43.14,27.92,-6.5,25.78,-2.47,19.32,0.82,6.47
FARR MILLER & WASHINGTON LLC/DC,,inf,6.52,44.9,-9.3,15.22,29.11,-100.0,,,,,,,,,,,,
"FAS Wealth Partners, Inc.",,,,,,,,,,,,,,,,inf,3.05,20.9,51.1,6.49
FCF Advisors LLC,,,,,,,,inf,23.21,-44.18,-5.38,83280.15,64.46,27.09,-10.68,133.72,4.45,-11.47,0.82,-100.0
"FDx Advisors, Inc.",,-92.03,-100.0,inf,350.44,-71.72,-100.0,inf,0.41,2.43,-14.81,-23.75,0.0,127.36,-43.32,-6.13,-100.0,,,
"FERGUSON WELLMAN CAPITAL MANAGEMENT, INC",,,,,,inf,29.21,16.09,18.81,-20.56,5993.01,-16.0,205201.82,30.79,-7.35,31.07,0.58,14.84,93.7,-42.02
"FFG Partners, LLC",,,,,,,,,,,,,,,,inf,-53.08,4.81,2.0,22.18
FFT WEALTH MANAGEMENT LLC,,,,,,,,,,,,,,inf,-8.53,32.62,4.6,15.69,-15.2,-9.16
"FIDUCIARY FAMILY OFFICE, LLC",,,,,,,,,,,,,,,,inf,-0.22,-100.0,,
FIDUCIARY TRUST CO,,,,,,,inf,53.5,28.68,-29.15,0.52,96710.36,55.78,17.91,-100.0,,,,,
FIDUCIENT ADVISORS LLC,,,,,,,,,,,,,,,inf,23.14,16.1,-78.66,0.35,8.16
FIERA CAPITAL CORP,,45.22,7.89,40.24,-59.13,2484.4,-94.65,20.0,20.94,-22.97,-17.43,-100.0,,,,,,,,
FINANCIAL COUNSELORS INC,,inf,50.91,31.93,-7.99,15.14,-22.2,-100.0,inf,31.79,8.92,-28.6,43.6,46.38,92291.75,17.16,1.6,57.64,7.64,-3.35
FINANCIAL MANAGEMENT NETWORK INC,,,,inf,-5.86,7.18,25.89,11.35,50.0,-19.11,2.89,83271.43,37.79,29.55,-6.7,30.06,-2.52,28.99,0.23,2.78
FIR TREE CAPITAL MANAGEMENT LP,,,,,,inf,-13.69,4.11,-100.0,,,,,,,,,,,
FIRST AMERICAN BANK,,,,inf,-9.58,575.12,187.44,19.12,114722.89,-12.97,2.34,-13.38,41.96,40.39,-11.45,18.02,-1.74,19.81,-3.67,7.09
"FIRST AMERICAN TRUST, FSB",,,,,,,,,inf,-100.0,,,,,,inf,4.64,21.86,68.33,8.47
FIRST CITIZENS BANK & TRUST CO,,,,,,,,,,inf,-2.21,-13.09,132552.6,35.4,-13.32,26.73,11.08,21.7,-3.46,1.59
FIRST COMMUNITY TRUST NA,,,,,,,,,,,,,,,,,inf,19.32,0.82,6.47
FIRST FINANCIAL CORP /IN/,,22.6,2.77,-100.0,,inf,24.75,-3.44,18.13,-18.19,1.95,88534.57,44.22,-9.23,-8.96,15.15,-18.65,9.88,-0.51,8.65
FIRST FINANCIAL CORP/IN/,,,,,inf,-100.0,,,,,,,,,,,,,,
FIRST FINANCIALCORP /IN/,,,,inf,-100.0,,,,,,,,,,,,,,,
FIRST FOUNDATION ADVISORS,,,,,,,,,,,,,,inf,-10.47,-82.18,32.75,19.32,-100.0,
FIRST HAWAIIAN BANK,,,,,,,,,,inf,0.0,-11.11,142212.5,-100.0,,,,,,
FIRST INTERSTATE BANK,,,inf,43.1,-4.42,16.41,33.31,16.95,9.18,-22.36,2.16,-12.6,145151.59,26.47,-17.52,20.85,-7.22,17.25,-0.02,5.06
FIRST MANHATTAN CO,,38.78,7.35,45.21,-9.43,15.62,28.83,16.78,11.38,1.08,-0.53,101607.49,-100.0,,,,,,,
FIRST MANHATTAN CO. LLC.,,,,,,,,,,,,,inf,-92.28,117.39,115.8,55.57,-25.66,-49.34,9.3
FIRST MERCHANTS CORP,,,,,,,inf,16.19,11.85,-20.87,4.72,85197.37,36.01,29.49,-6.43,25.78,-0.81,36.76,-14.87,10.56
FIRST NATIONAL BANK OF OMAHA,,,,inf,-19.08,0.0,17.89,-27.93,-100.0,,,,,,,,,,,
"FIRST REPUBLIC INVESTMENT MANAGEMENT, INC.",,61.79,16.84,-6.07,-16.1,43.43,39.59,24.08,32.15,8.31,1.37,67563.77,41.82,-100.0,,,,,,
FIRST TRUST ADVISORS LP,,7.98,48.16,44.49,-1.9,118.95,1.91,37.54,-2.35,-21.85,-10.07,83936.63,23.17,27.54,-8.09,8.03,15.33,32.95,-7.0,7.14
FIRST UNITED BANK & TRUST,,,,,,,,,,,,,,,,inf,-3.65,19.32,746.75,69.65
FJARDE AP-FONDEN /FOURTH SWEDISH NATIONAL PENSION FUND,,41.64,3.63,48.5,-7.63,-4.48,22.75,10.25,31.88,68.85,-59.22,81943.99,36.5,-99.91,-13.53,14.62,-0.82,-100.0,inf,13.2
"FLAGSHIP HARBOR ADVISORS, LLC",,36.84,13.46,-100.0,inf,39.21,0.0,272.19,-45.5,-18.28,-2.15,83317.36,45.8,23.49,-7.68,23.4,-0.33,-100.0,inf,5.59
"FLAGSHIP WEALTH ADVISORS, LLC",,,,,,,,,,,,,,,,,,,,inf
FLC Capital Advisors,,inf,-28.5,48.34,2.74,15.25,34.24,3.13,11.68,-20.65,-29.28,126094.19,43.14,27.92,-8.25,34.87,-3.65,19.32,1.58,6.47
FLOSSBACH VON STORCH AG,,36.5,10.4,-13.86,-89.05,-100.0,,,,,,,,,,,,,,
FLOW TRADERS U.S. LLC,,,,,,,,,,,,,,,,,,,,inf
FLPUTNAM INVESTMENT MANAGEMENT CO,,,,,,,,,inf,-16.66,36.29,67887.68,-79.27,32.99,-24.74,503.0,5.09,150.52,0.15,139.02
FMA ADVISORY INC,,47.72,9.67,45.88,-10.51,20.46,26.85,-100.0,,,,,,,,,,,,
"FNY Investment Advisers, LLC",,,,,,,inf,-100.0,,,,,,,,,,,,
FOCUS FINANCIAL NETWORK INC /ADV,,,,,,,,,,,,,,,,inf,-100.0,,,
"FORA Capital, LLC",,inf,-56.2,-100.0,inf,-17.07,-99.9,-100.0,,,inf,-100.0,inf,-100.0,inf,-100.0,inf,-100.0,inf,426.22
FORBES J M & CO LLP,,,,,,,,,,,,,,,,,inf,19.84,1.23,7.07
FORMULA GROWTH LTD,,40.02,6.58,45.22,-9.4,15.23,29.07,0.7,11.81,-20.65,-13.56,56850.67,43.14,27.92,-34.25,25.78,-21.15,19.32,-3.74,2.26
FORSTA AP-FONDEN,,44.71,21.91,79.71,-6.82,132.95,-31.58,12.05,2.89,-0.93,-0.52,91270.17,25.43,46.62,6.61,43.77,6.13,9.27,8.26,6.05
FORT WASHINGTON INVESTMENT ADVISORS INC /OH/,,,,,,,,,,,,,,,,inf,94.0,21.6,16.79,-2.3
FORTE CAPITAL LLC /ADV,,,,,,,,,,,,,inf,29.38,50.85,43.32,9.93,19.44,-5.5,1.99
"FOSTER DYKEMA CABOT & PARTNERS, LLC",,,,,,,,,,,,,,,,,,,inf,6.47
FOUNDERS FINANCIAL SECURITIES LLC,,,,inf,15.38,16.81,40.45,21.02,15.77,-22.95,-3.76,74131.46,44.65,34.68,-9.43,33.09,-9.83,13.34,4.02,10.16
"FOURPATH CAPITAL MANAGEMENT, LLC",,,,,,,,,,,,,,,,,,,,inf
"FOX RUN MANAGEMENT, L.L.C.",,,,,,,,,,,,inf,-100.0,,,,,,inf,-100.0
"FPC INVESTMENT ADVISORY, INC.",,,,,,,,,,,,,,,,,,,,inf
"FRED ALGER MANAGEMENT, LLC",,inf,-92.97,11.95,-83.35,13.4,1464.55,-35.71,176.55,281.35,69.86,67359.6,3.72,-71.16,-49.57,-91.96,73.01,-100.0,,inf
"FREEDOM WEALTH ALLIANCE, LLC",,,,,,,,,,,,inf,-100.0,,,,,,,
FRG Family Wealth Advisors LLC,,,,,,,,,inf,-20.72,-0.41,-100.0,,,,inf,-1.35,3.8,13.21,6.03
FRONTIER CAPITAL MANAGEMENT CO LLC,,,,inf,4.55,2.11,120.26,9.18,-3.41,-32.76,-16.85,82275.76,26.88,0.21,-57.72,-12.08,-56.44,13.94,-1.64,-100.0
FSA Wealth Management LLC,,40.0,-100.0,,,,,,,,,,,,,inf,96306.94,-100.0,inf,-22.17
"FSC Wealth Advisors, LLC",,,,,,,,,,,,,,,,,inf,-100.0,,
"FSM Wealth Advisors, LLC",,,,,,,,,,,,,,,,,,,,inf
FUKOKU MUTUAL LIFE INSURANCE Co,,40.0,6.62,33.66,-17.36,15.38,447.69,3.32,-77.34,14.0,85.61,45560.4,43.14,27.92,-18.13,25.78,-53.62,75.48,-25.59,43.41
"FWG Holdings, LLC",,,,,,,,,,,,,,,,,,,inf,1.43
"FWL INVESTMENT MANAGEMENT, LLC",,,,,,,,,,,,inf,-100.0,,inf,25.78,-83.48,19.32,0.82,6.47
"Facet Wealth, Inc.",,,,,,,,,,,,,,,,inf,-27.75,11.21,36.03,-100.0
"Fairfield Financial Advisors, LTD",,,,,,,,,,inf,586.59,-6.06,53.11,37.9,7.53,40.16,-100.0,inf,8.41,21.41
"Fairscale Capital, LLC",,,,,,,,,,,,,,,,,,inf,0.97,6.47
"Faithward Advisors, LLC",,,,,,,,,,,,,,,,inf,-2.26,20.25,210.94,9.88
Family CFO Inc,,,,,,,,,,,,,,,,,,,,inf
"Family Firm, Inc.",,,,,,,,,,,,,,,,,,inf,-100.0,
Family Management Corp,,,,,,inf,-100.0,,,,,,,,,,,inf,15.59,-0.76
Farmers & Merchants Trust Co of Chambersburg PA,,,,,inf,280.95,28.75,16.5,-66.67,-20.0,0.0,-15.62,62.96,13.64,-8.0,26.09,-41.38,20.59,0.0,7.32
"Farringdon Capital, Ltd.",,,,,,,,,,,,,,,,,,,,inf
"Farther Finance Advisors, LLC",,,,,,,,,,,,inf,1216.96,161.41,-49.34,517.23,83.19,118.25,-4.5,-9.18
"Fernwood Investment Management, LLC",,,,,,,,,,,,,,,,,inf,-100.0,,
"Fi3 FINANCIAL ADVISORS, LLC",,,,,,,,,,,,,,,,,,,,inf
"Fidelis Capital Partners, LLC",,,,,,,,,,,,inf,107.31,42.73,-10.51,63.88,138.38,-46.35,22.0,9.37
Fiduciary Alliance LLC,,,,,,,,,,,,inf,-100.0,inf,-100.0,,,,inf,4.62
Fiduciary Group LLC,,inf,346.76,87.32,15.26,24.5,17.3,15.97,-18.8,6.96,-5.53,84172.65,185.75,-36.4,83.81,-40.08,-3.87,-100.0,,
"Fiduciary Group, LLC",,,,,,,,,,,,,,,,,,inf,-0.74,5.12
Fiduciary Trust Co,,,,,,,,,,,,,,,inf,37.91,25.22,230.18,43.97,6.39
Field & Main Bank,,inf,12.25,40.36,-6.71,21.0,25.0,18.72,13.6,-18.24,-1.98,86632.68,48.0,26.81,-13.43,27.17,-4.88,20.7,0.52,7.88
"Fieldpoint Private Securities, LLC",,,,,,,,inf,14.29,50.0,-100.0,,,,,,,,,
"Fieldview Capital Management, LLC",,,,,,,,,,,,,,,,,,,,inf
Fiera Capital Corp,,,,,,,,,,,,inf,-100.0,,,,,,,
Fifth Third Wealth Advisors LLC,,,,,,,,,,,,,,,inf,25.78,14.97,315.72,139.79,9.79
"FinTrust Capital Advisors, LLC",,-100.0,,,,inf,29.11,-17.12,-81.11,-17.33,1.61,19169.84,1645.3,26.32,-10.31,-100.0,,,,
"Financial Advisors Network, Inc.",,,,,,,,,,,,,,,,,,,,inf
Financial Advocates Investment Management,,,,,,,,inf,126.58,-1.86,7.4,159015.02,37.73,191.77,-2.11,29.28,-67.98,15.01,8.71,37.6
"Financial Architects, Inc",,45.0,-100.0,,,,inf,14.86,-13.76,-100.0,inf,89802.41,44.15,46.39,-100.0,,,,,
"Financial Connections Group, Inc.",,,,,,,,inf,12.07,-21.54,0.0,-15.69,44.19,29.03,-100.0,inf,-100.0,inf,0.94,6.54
Financial Enhancement Group LLC,,,,,inf,-25.0,33.33,12.5,22.22,-100.0,,,,,,,,,,
"Financial Freedom, LLC",,,,,,,,,,,,inf,-100.0,,,,,,,
"Financial Gravity Asset Management, Inc.",,,,,,,inf,-98.12,111.11,-47.37,0.0,61430.0,-99.8,80266.67,-90.15,133.47,413.26,-96.93,-100.0,
"Financial Gravity Companies, Inc.",,,,,,,,,,,,,,,,,,,inf,59.65
Financial Life Planners,,,,,,,,,,,,,,,,,,,,inf
"Financial Management Professionals, Inc.",,,,,,,,,,inf,0.0,-25.0,66.67,1020.0,-5.36,24.53,-4.55,255.56,5.8,106465.4
Financial Network Wealth Advisors LLC,,,,,,,,,,,,,,,,,,inf,3504.5,-100.0
"Financial Partners Group, LLC",,,,,,,,,,,,inf,43.47,27.92,-8.25,25.78,-43.15,35.88,-0.02,3.4
"Financial Perspectives, Inc",,40.07,6.57,190.41,-99.72,37004.92,29.09,16.23,11.81,-20.65,-0.52,-14.8,43.14,27.92,-8.25,26.12,-3.91,19.31,0.82,6.47
"Financial Synergies Wealth Advisors, Inc.",,,,,,,,,,inf,-0.4,-14.84,43.2,27.83,-8.21,-40.48,6613.37,-100.0,,
FineMark National Bank & Trust,,,,inf,-13.82,20.75,39.06,16.29,7.25,-16.44,-18.06,144075.99,57.77,45.62,113.34,-26.64,9.57,457.74,10.9,7.13
Firestone Capital Management,,40.0,-100.0,,,,,,,,,,,,,,,,,
First Affirmative Financial Network,,,,,,,inf,32.6,19.27,-13.93,19.42,102104.61,29.8,26.85,-5.38,28.26,-26.21,13.7,-0.91,2.45
"First Allied Advisory Services, Inc.",,-34.91,9.82,-100.0,,,,,,,,,,,,,,,,
"First Bancorp, Inc /ME/",,,,,,,,,,inf,-0.49,-100.0,inf,9.88,-6.29,25.78,-3.65,19.31,0.82,6.58
First Bank & Trust,,,,,,,,inf,0.0,0.0,-100.0,,,,,,inf,15.67,0.82,6.47
"First City Capital Management, Inc.",,,,,,,,,inf,-100.0,,,,,,,,,,
"First Command Advisory Services, Inc.",,,,,,,,,,,,,,,inf,25.78,-3.65,10.3,0.82,6.47
First Command Bank,,,,,,,,,inf,0.0,-100.0,,,,,,,,,
"First Command Financial Services, Inc.",,,,,,,,,inf,0.0,-100.0,,,,,,,,,
First County Bank /CT/,,,,,,,,,,,,inf,48.07,27.92,-9.31,27.26,-5.25,15.16,-5.96,9.57
First Dallas Securities Inc.,,,,,,,,,,,,,,,inf,18.39,60.45,125238.2,2.26,6.45
"First Heartland Consultants, Inc.",,,,,,,,,,,,,,,,,,,,inf
"First Horizon Advisors, Inc.",,,,,inf,14.29,111.25,-31.36,-100.0,inf,-6.25,86413.33,-10.73,-49.27,-8.24,25.78,11.01,91.36,-24.08,38.08
First National Trust Co,,,,,inf,46.16,35.27,27.09,20.1,-53.12,-57.55,52396.65,-5.88,-13.58,-10.85,576.78,10.76,15.24,0.99,8.83
First PREMIER Bank,,,,,,,,,,,,,,,,,inf,22.22,45.45,9.38
"First Pacific Advisors, LP",,,,,,,inf,16.46,-100.0,,,,,,,,,,,
First Pacific Financial,,,,,,,,,,,,,,inf,378.7,38.36,0.0,3.64,0.82,6.47
First Personal Financial Services,,,,,,,,,,,inf,61918.52,-8.15,3.0,-44.51,25.78,-3.64,19.31,2.17,-100.0
First Trust Direct Indexing L.P.,,,,,,,,,,,,,inf,69.78,42.45,64.37,12.95,67.24,27.43,-100.0
First Trust Investment Solutions L.P.,,,,,,,,,,,,,,,,inf,-100.0,inf,25.98,-100.0
"Firsthand Capital Management, Inc.",,40.06,6.57,45.18,-9.37,15.21,29.08,16.24,-44.09,-20.66,-0.53,85089.26,43.14,27.92,-8.25,-58.07,-3.65,19.32,0.82,6.47
"Fisher Asset Management, LLC",,,,inf,-6.89,-6.43,29.9,23.02,13.76,-19.47,2.11,79.77,30988.87,71.88,-5.45,176.42,-28.2,-17.21,36.48,-5.66
Fjarde AP-fonden (The Fourth Swedish National Pensionfund),,,,,,,,,,,,,,,,,,inf,-100.0,
"Flaharty Asset Management, LLC",,,,,,,,,,,,,,inf,15.65,32.73,-35.94,19.32,0.82,41.57
"Flight Deck Capital, LP",,,,,,,,,,inf,-0.53,95833.75,62.83,-56.75,-100.0,,,,,
Flossbach von Storch AG Zurich,,-59.46,-100.0,,,,,,,,,,,,,,,,,
"Focus Financial Network, Inc.",,inf,6.57,45.21,-46.33,1.53,29.09,46.44,-8.16,16.29,29.62,-21.02,39.76,46.92,-1.43,-100.0,inf,20.93,-10.16,-1.91
Focus Partners Wealth,,,,,,,,,,,,,,,,,,,,inf
"Focused Wealth Management, Inc",,,,,,,inf,100.0,-50.0,250.0,0.0,73771.43,66.1,27.92,121.73,-47.95,-100.0,,inf,-100.0
Fonville Wealth Management LLC,,,,,,,,,,,,,,,,inf,-24.37,24.56,2.68,7.19
Force Hill Capital Management LP,,,,inf,-100.0,,,,,,inf,80631.88,-12.4,-100.0,,,,,,
"Fore Capital, LLC",,,,,,,,inf,11.14,-100.0,,inf,36.45,-100.0,,,,,,
"Forefront Analytics, LLC",,-100.0,,,,,,,,,,,,,,,,,,
Forge First Asset Management Inc.,,,,,,,,,,,,,,,,,inf,465.46,-100.0,
"Formidable Asset Management, LLC",,,,,,,,,,,,,,inf,-100.0,inf,179.21,26.13,0.86,6.47
Fort Baker Capital Management LP,,,,,inf,-27.05,-100.0,,,,,,,,,,,,,
Fort Point Capital Partners LLC,,,,,,,,,,,,,,,,,,,inf,12.85
Fort Sheridan Advisors LLC,,,,,,,inf,16.31,21.28,8.5,36.97,89221.27,51.99,32.79,3.42,25.02,4.38,36.55,0.85,6.68
"Fortis Capital Advisors, LLC",,,,,,,,,,,,,,,,inf,-100.0,,,
Fortis Capital Management LLC,,,,,,,,,,,,,,,,,,,,inf
"Fortis Group Advisors, LLC",,,,,,,,,,,,,,,,,inf,12.48,-36.81,7.31
Fortitude Advisory Group L.L.C.,,,,,,,,inf,69.77,-100.0,,,,,inf,-100.0,,,,
"Fortitude Family Office, LLC",,,,,,,,,,,,,,,,,,inf,213.09,6.47
"Fortress Wealth Group, LLC",,,,,,inf,33.11,37.82,-20.81,-39.77,-3.86,-100.0,inf,2.36,48.86,21.93,2.99,28.81,-100.0,
"Fortune Financial Advisors, LLC",,,,,,,,,,,,,,,,inf,204.72,221.14,-100.0,
"Forum Financial Management, LP",,,,,,,,inf,12.0,-20.71,-0.3,-100.0,inf,21.67,-8.25,34.4,-1.79,31.17,-2.18,116.96
"Forvis Mazars Wealth Advisors, LLC",,,,,,,,,,,,,,,,,,,inf,6.47
"Foundations Investment Advisors, LLC",,,,,,inf,56.65,27.88,11.37,-16.31,35.93,77986.78,122.46,121.82,-26.81,109.06,7.29,59.6,10.62,26.27
"Founders Financial Alliance, LLC",,,inf,-100.0,,,,inf,-100.0,,inf,-100.0,inf,31.68,-15.38,33.06,-100.0,inf,0.82,6.47
"Founders Fund V Management, LLC",,,,inf,-100.0,,,,,,,,,,,,,,,
"Foundry Partners, LLC",,inf,6.58,45.0,-9.33,15.21,4.47,-30.86,21.77,-20.75,-100.0,,,,,,,,,
"FourThought Financial Partners, LLC",,,,,,,,,,,,,,,,,,,,inf
"FourThought Financial, LLC",,,,inf,-12.69,15.38,17.78,12.58,15.08,-89.81,52.38,-100.0,,,,,,,,
"Fourth Dimension Wealth, LLC",,,,,,,,,,,,,,,,,,,,inf
Fox Hill Wealth Management,,,,,,,,,,,,,,,,inf,26.03,14.34,-11.62,4.03
"Frank, Rimerman Advisors LLC",,,,,,,,,,,,,,,,inf,119.53,1871.39,17.99,22.06
"Frazier Financial Advisors, LLC",,,,,,,,,,,,,,,,inf,-0.98,-23.89,-92.08,49.23
"Freedom Investment Management, Inc.",,,,,,,,,,,,,,,inf,7.57,9.64,-7.81,-14.02,-26.88
"Frisch Financial Group, Inc.",,,,,,,,,,,,,,,,inf,-12.66,19.0,0.84,14.17
Frontier Wealth Management LLC,,40.13,7.27,45.21,-11.79,27.65,36.47,23.54,29.95,114.69,-100.0,,,,,,,,,
Fulcrum Asset Management LLP,,inf,-100.0,inf,-25.06,540.12,-44.54,0.0,27.83,-100.0,,,,,,,,,,
Fullerton Fund Management Co Ltd.,,,,,,,,,,,,,,,,,inf,-100.0,,
"Fulton Bank, N.A.",,,,inf,0.69,31.16,31.33,8.95,12.04,-26.71,11.33,-11.18,148515.51,26.38,-9.26,138.81,-50.8,21.64,10.88,19.48
Fund Management at Engine No. 1 LLC,,,,,,,,,inf,-5.58,-4.07,97874.31,58.77,37.37,1.89,-100.0,,,,
Future Fund LLC,,,,,,,,inf,45.28,-24.68,-3.88,-100.0,inf,45.37,-14.46,-100.0,inf,390.5,13.9,34.57
G&S Capital LLC,,,,,,,,,inf,-100.0,,,,,,,,inf,0.46,70.96
GABELLI FUNDS LLC,,inf,-4.35,5.0,25.54,15.17,0.3,-17.01,-100.0,,,,,inf,-4.52,41.79,-97.93,56.15,-14.9,2.85
GABLES CAPITAL MANAGEMENT INC.,,,,,,,,,,,,,,,,,inf,19.32,0.82,6.47
GAM Holding AG,,39.72,7.66,42.02,5.82,15.13,29.13,131.35,-57.49,-40.86,-100.0,,,,,,,,,
"GAMCO INVESTORS, INC. ET AL",,,,,,,,,inf,-31.92,599.44,87422.46,-28.98,616.13,-54.43,25.11,-60.6,21.68,-0.31,6.75
GARDA CAPITAL PARTNERS LP,,,,,,,,,,,,,,inf,9.74,-100.0,,,inf,-79.51
GARDNER LEWIS ASSET MANAGEMENT L P,,,,,,,,,,,,,inf,-100.0,,,,,,
"GARRISON POINT ADVISORS, LLC",,,,,,,,,,,,,inf,27.92,-8.25,25.78,-27.67,19.31,0.82,6.47
GATEWAY INVESTMENT ADVISERS LLC,,40.33,101.71,8.3,-35.46,15.15,30.41,15.59,-21.25,-4.43,-2.64,70690.0,25.6,30.97,70.25,-22.45,7.29,-84.92,472.74,36.8
"GC Wealth Management RIA, LLC",,,,,,,,,,,,,,,,,,,,inf
GENERATION INVESTMENT MANAGEMENT LLP,,87.2,0.41,25.1,-25.37,-6.12,14.57,-29.67,-71.91,137.07,-1.06,84471.08,70.78,26.48,-52.34,-57.57,-100.0,,,
GF FUND MANAGEMENT CO. LTD.,,,,,,,,,,,,,,,,,,,,inf
"GFG Capital, LLC",,,,,,,,,,,,,,,inf,-18.46,45.39,43.61,-39.06,46.46
"GFS Advisors, LLC",,,,,,,,,,,,,,,,,,inf,0.87,5.5
"GHP Investment Advisors, Inc.",,,,,,,,,inf,-81.33,100.0,41760.71,43.15,22.11,38.0,-1.97,151.13,-17.21,79.11,-44.65
GILDER GAGNON HOWE & CO LLC,,,,,,,,,,,,,,,inf,35.34,-18.76,-100.0,,
"GKV Capital Management Co., Inc.",,,,,,,,,,,,,,,,,,,,inf
GLENMEDE TRUST CO NA,,32.69,450.72,57.37,71.4,15.12,-37.88,16.78,5.96,-76.96,-0.96,128384.54,20.76,0.0,89.71,184.91,-37.2,4.08,14.62,1668.09
GLOBALT Investments LLC / GA,,,,,,,,,,,,,,,,inf,-34.38,19.1,1.18,5.86
"GM Advisory Group, LLC",,,,,,,,,,,,,,,,inf,-1.51,21.23,53.9,47.82
GODSEY & GIBB ASSOCIATES,,,,,,inf,28.57,-100.0,,,,,,,,,,,,
"GODSEY & GIBB, INC",,,,,,,,,,,,inf,-100.0,inf,-8.24,25.79,-3.65,19.31,-100.0,
GOFEN & GLOSSBERG LLC /IL/,,,,,,,inf,134.77,464.27,142.15,24.66,-11.66,-100.0,,,,,,,
"GPS Wealth Strategies Group, LLC",,,,,inf,16.07,543.08,138.52,182.75,-11.49,28.82,89068.42,34.75,41.26,12.61,40.14,23.78,13.21,-2.44,4.5
"GREAT LAKES ADVISORS, LLC",,39.44,-11.3,-56.63,-85.17,15.54,27.93,16.17,11.14,12.32,-0.19,57535.01,44.24,319.65,113.88,152.33,12.21,-11.28,-22.4,-5.92
"GREAT VALLEY ADVISOR GROUP, INC.",,,,,,,,,inf,146.41,5.63,86030.15,31.21,25.46,392.79,18.07,7.97,24.08,3.44,1.63
GREAT WEST LIFE ASSURANCE CO /CAN/,,,,,,,,,inf,-26.15,-6.29,-11.34,43.13,52.76,-14.34,35.55,-100.0,,,
GREENUP STREET WEALTH MANAGEMENT LLC,,,,,,,,,,,,,,,,,,inf,14.63,-100.0
GREENWOOD CAPITAL ASSOCIATES LLC,,2.94,-100.0,,,,,,,,,,,,,,inf,83.26,29.62,4.09
GREENWOOD GEARHART INC,,,,,,,,,,,,inf,38.26,-4.89,-8.25,23.37,-3.65,19.32,1.17,26.58
GRIES FINANCIAL LLC,,,,,,,,,,,,,,,,inf,94.33,-38.02,1.5,30.08
"GRIFFIN ASSET MANAGEMENT, INC.",,inf,-100.0,,,,,,,,,,,,,,,,,
"GRIMES & COMPANY, INC.",,,,,,,,,,,,,inf,-100.0,,,,,inf,0.78
GROESBECK INVESTMENT MANAGEMENT CORP /NJ/,,,,,,,,,,,,,,,inf,74.31,11.79,21.3,-11.2,30.51
GROUP ONE TRADING LLC,,,,,,,,,,,,,,,,,,,inf,-26.71
"GROUP ONE TRADING, L.P.",,163.38,15.36,522.12,83.42,105.19,144.89,74.35,110.11,-36.1,-12.25,95282.32,6.14,28.34,-13.29,32.75,-74.13,27.27,-100.0,
GROUPAMA ASSET MANAGMENT,,,,,,,,,,,,,,,,inf,-0.18,21.5,-13.57,62.28
"GS Investments, Inc.",,,,,,,,,,,,,inf,28.41,-8.02,24.2,92.34,18.33,1.0,4.76
GSA CAPITAL PARTNERS LLP,,,,inf,-1.22,-100.0,,inf,-100.0,inf,6.64,-100.0,inf,-100.0,inf,-100.0,,,inf,29.0
"GSB Wealth Management, LLC",,,,,inf,-100.0,,,,,,,,,,,,inf,0.82,7.28
GSG Advisors LLC,,,,,,,,,,,,,,,inf,23.41,-5.95,50.95,-2.87,10.66
GUARDIAN CAPITAL ADVISORS LP,,,,inf,14.1,3.34,6.95,-2.72,-21.58,-100.0,,inf,173.75,-5.36,36.35,-3.63,6.58,20.09,-14.08,-100.0
"GUIDANCE CAPITAL, INC",,,,,,,,,,,,,,,,,,,,inf
GUYASUTA INVESTMENT ADVISORS INC,,,,,,inf,16.4,25.77,15.85,-22.64,3.66,88384.71,47.79,33.21,-18.06,14.42,0.0,0.0,0.03,-3.82
GVO Asset Management Ltd,,,,,inf,14.78,-100.0,,,,,,,,,,,,,
"GW&K Investment Management, LLC",,,,,,,,,,,,,,inf,5.0,38.1,3.45,43.33,37.21,8.47
GWM Advisors LLC,,,,inf,-100.0,inf,56.38,-100.0,,,,,,,,,,,,
GWN SECURITIES INC.,,,,,,,,,,,,,,,,,,,,inf
"GYL Financial Synergies, LLC",,,,,,,,inf,18.67,-22.47,4.35,-100.0,inf,52.07,-4.43,-9.78,34.96,26.35,10.16,-100.0
"GYROSCOPE CAPITAL MANAGEMENT GROUP, LLC",,,,,,,,,,,,,inf,-100.0,inf,-100.0,,,,
Gallacher Capital Management LLC,,,,,,,,,,,,,,,,,inf,-100.0,,
"Galvin, Gaustad & Stein, LLC",,,,,,,,,,,,,inf,58.12,2.27,83.11,-16.08,22.15,-7.16,5.37
"Game Plan Financial Advisors, LLC",,,,,,,,,,,,,,,,inf,-2.36,21.41,3.11,3.74
"Garde Capital, Inc.",,,,,,,inf,20.18,12.21,-25.17,22.73,-25.93,34.0,27.61,-6.43,47.5,-13.14,20.98,0.81,17.6
Garden State Investment Advisory Services LLC,,,,,,,,,,,,,,,,,inf,51.89,116.36,-54.4
Garner Asset Management Corp,,41.92,7.26,48.62,-12.11,14.84,29.74,16.28,11.83,-16.78,-5.19,-15.1,42.38,10.83,-8.22,131630.26,-99.92,18.75,1.18,-1.91
"Garrison Asset Management, LLC",,,,,inf,18.58,30.57,16.89,11.61,-20.89,-0.79,84859.78,42.02,28.65,-8.44,24.42,-4.42,19.53,-0.15,-100.0
"Gateway Advisory, LLC",,,,,,,,,,,inf,-100.0,,,,,,,,
"Gateway Wealth Partners, LLC",,,,,,,,,,,,,,,inf,-100.0,,,,inf
Geller Advisors LLC,,,,,,,,,,,,,,,,,,,inf,20.83
Gemmer Asset Management LLC,,-100.0,,inf,-9.35,15.28,29.09,333.89,72.95,-20.66,-25.75,-100.0,,,,,,inf,-100.0,
"GenTrust, LLC",,,,,,inf,39.29,1086.25,13.19,-19.88,-0.17,65956.61,-100.0,,,,,,,
Geneos Wealth Management Inc.,,33.63,-17.22,80.4,83.81,-36.79,136.83,31.75,12.72,-37.28,-8.91,72810.64,35.99,25.33,23.95,50.56,159.38,33.51,0.45,17.58
Generali Asset Management SPA SGR,,,,,,,,,,,,,,,,,,,,inf
Generali Investments Towarzystwo Funduszy Inwestycyjnych,,,,,,,,,inf,-20.65,-15.92,-10.01,64.14,27.92,-0.7,0.0,10.68,24.93,-18.44,0.56
"Generali Investments, Management Co LLC",,,,,,,,,,,,,,,,,,,,inf
"Geneva Partners, LLC",,,,,,,,,,,,,inf,238.19,-48.1,25.31,-9.46,9.28,1.1,6.3
Genus Capital Management Inc.,,,,,,,,,,,,,,,,inf,4.06,-100.0,,
Geo Capital Gestora de Recursos Ltd,,,,inf,73.74,426.4,23.55,-100.0,,,inf,-7.64,183.25,-43.22,221.76,-50.75,-73.87,75.15,-62.82,-91.03
Gerber Kawasaki Wealth & Investment Management,,41.87,7.01,45.44,-8.19,15.16,-98.45,7508.33,12.49,-19.77,1.33,84676.77,187.92,-39.55,19.34,22.57,5.45,29.48,3.93,8.9
"Gilbert & Cook, Inc.",,,,,,,,inf,61.4,-12.68,0.74,68956.93,43.09,-13.93,-100.0,,,,,
Gilliland Jeter Wealth Management LLC,,,,,,,,,,,,,,,,inf,-3.65,19.32,84.63,-41.86
"Gilman Hill Asset Management, LLC",,57.91,2.71,54.62,-30.01,19.51,30.84,9.92,1.5,-31.96,-2.11,99416.85,16.49,6.34,-9.59,21.99,-100.0,,,
"Gitterman Wealth Management, LLC",,,,,,,,,,,,,,,,inf,-100.0,,,
Gladstone Institutional Advisory LLC,,,,,inf,33.47,117.91,-7.4,28.4,-31.45,-2.52,35386.47,36.69,50.16,241.13,135.55,-4.61,24.87,-62.63,72.11
Glass Jacobson Investment Advisors llc,,,,,,,,,,,,inf,-100.0,inf,-8.25,5.98,-100.0,,,
Glassman Wealth Services,,60.87,8.11,127.5,-16.48,15.79,31.82,3.45,128.33,-64.6,-1.03,73304.17,51.08,23.84,-21.58,15.8,-100.0,,,
"Gleason Group, Inc.",,39.39,6.52,44.9,-9.15,14.73,77.7,16.35,11.76,-20.47,-0.74,85174.44,43.14,27.92,-8.25,25.78,-3.65,19.32,0.82,-49.28
"Glen Eagle Advisors, LLC",,,,,,,,,,,,,inf,27.92,-8.25,25.78,-3.64,194.12,0.82,6.47
Glenview Trust Co,,,,,,,,,inf,13.89,142.07,84889.17,-100.0,inf,-100.0,,inf,-100.0,,
Glenview Trust co,,,,,,,,,,,,,inf,-100.0,inf,18.01,-100.0,inf,17.62,9.43
"Global Assets Advisory, LLC",,,,,,,,,,,,,,,,,inf,575642.37,-47.6,-100.0
"Global Financial Private Client, LLC",,39.97,4.21,-70.94,-18.55,12.98,31.24,14.45,9.75,-16.82,0.16,6075.29,37.83,7.07,-7.17,33.92,14.28,23.64,-8.74,6.42
"Global Retirement Partners, LLC",,43.86,6.1,50.57,-33.59,79.31,50.64,-100.0,inf,1.89,29.63,71065.36,73.77,45.81,7.43,48.03,33.55,30.16,-7.9,3.9
"Global Trust Asset Management, LLC",,525.0,8.8,44.49,-9.92,14.41,28.64,38.58,141.27,-47.13,-1.09,93649.07,61.08,21.9,-8.01,27.73,-33.97,13.97,-1.46,7.49
"Global Wealth Management Investment Advisory, Inc.",,37.45,13.62,62.24,-16.19,20.08,42.5,19.41,19.38,-27.31,103.07,47121.1,41.0,27.8,-3.05,26.95,-7.12,27.17,1.82,10.05
Global Wealth Strategies & Associates,,,,,,,,,,,,inf,43.14,27.94,120.19,25.78,127.5,19.32,11.5,6.47
"Global X Japan Co., Ltd.",,,,,,,,,,,,,,,,inf,667.6,-100.0,inf,16.39
GoalVest Advisory LLC,,,,,,,,,inf,-18.77,-23.69,89873.03,-74.3,130.15,-71.31,33.15,3.11,16.43,0.82,-28.14
"Goelzer Investment Management, Inc.",,38.66,5.57,42.37,-14.88,11.54,25.11,11.58,22.93,-19.42,-4.74,106311.24,38.0,23.43,-8.38,22.81,-12.38,19.1,1.58,9.24
Goepper Burkhardt LLC,,,,,,,,,,,,,,,,inf,-27.45,-26.28,0.82,6.47
"Golden Green, Inc.",,,,,,,,,,inf,20.82,94698.64,-100.0,,inf,-100.0,,,,
Golden State Equity Partners,,,,,,,,,inf,-100.0,,,,inf,-7.15,40.9,-100.0,inf,6.57,-4.38
"Golden State Wealth Management, LLC",,-100.0,,inf,-100.0,,inf,117.06,-26.64,-100.0,,,,,,,,,,inf
"Goldstein Advisors, LLC",,,,,,,,,,,,inf,15.34,10.08,-14.23,868.99,-87.81,16.5,6.49,5.25
Goldstream Capital Management Ltd,,,,,,,,,,,,,,inf,4.92,38.88,-100.0,inf,13067.6,17.14
"Good Life Advisors, LLC",,,,,,,,,,,,,,,,,,,inf,-15.93
"Goodman Advisory Group, LLC",,,,,,,,inf,-11.56,-100.0,,,,,,,,,,inf
Gordian Capital Singapore Pte Ltd,,,,,,,,inf,0.0,9800.0,-93.94,-83.33,1000.0,6872.73,9161.41,129.56,-1.9,324.49,0.82,-32.58
"Gotham Asset Management, LLC",,34.46,51.06,2.55,-46.14,115.47,109.75,-60.86,1.57,-20.82,-33.28,239087.1,231.55,165.23,18.98,-18.66,-1.26,-19.65,47.67,-17.42
Gouws Capital LLC,,,,,,,,,,,,,,,,,,,inf,61.14
Governors Lane LP,,,,,,,,,,,,,,,,inf,-100.0,,,
Grace Capital,,,inf,3.92,-100.0,,,,,,,,,,,,,,,
"Gradient Capital Advisors, LLC",,,,,,,,,,,,,,,,,,inf,13.75,5.41
Gradient Investments LLC,,30.0,7.69,0.0,74964.29,21.71,22.88,16.35,7.98,-35.75,-15.39,90156.33,58.17,18.13,-2.43,27.41,-7.6,31.64,-19.41,3.53
"Graham Capital Management, L.P.",,,,,,,,,,inf,2.08,175520.07,-43.75,-100.0,inf,-28.5,-38.64,-6.32,64.46,-32.8
Grandview Asset Management LLC,,,,,inf,-100.0,,inf,11.8,-28.23,-24.26,-100.0,,,inf,4.1,-1.08,-100.0,,inf
"Graney & King, LLC",,,,,,,,,,,,,,,,,,,,inf
"Grange Capital, LLC",,,,,,,,,,,,,,,,,,,,inf
"Granite Bay Wealth Management, LLC",,,,,,,,,,,,,,,inf,2027.64,-94.65,-4.26,-100.0,inf
"Granite Investment Partners, LLC",,inf,6.28,45.57,-9.57,-29.17,28.96,16.14,11.78,-20.54,-1.36,85211.72,54.04,27.92,-8.25,25.78,-3.65,19.32,0.82,6.47
GraniteShares Advisors LLC,,,,,,,,inf,5.34,-26.45,-100.0,,,inf,372.66,-0.84,2.39,34.09,-12.47,-7.54
Grant Private Wealth Management Inc,,,,,,,,,,,,,,,,,,,,inf
Grassi Investment Management,,,,,,,,,,,,,,,,,,inf,6.15,177.8
Gratus Capital LLC,,-24.98,-100.0,,inf,28.08,33.15,21.56,17.45,-14.42,-24.21,89735.63,41.2,-100.0,,,,,,
"Gratus Capital, LLC",,,,,,,,,,,,,,,,,,inf,-100.0,
"Graves-Light Private Wealth Management, Inc.",,,,inf,-33.33,20.0,25.0,13.33,-100.0,,,,,,,,,,,
Graypoint LLC,,,,,inf,15.44,21.97,16.19,20.9,-18.22,19.77,71364.52,67.91,35.6,1.98,50.5,-7.99,23.49,2.9,8.13
"Great Diamond Partners, LLC",,,,inf,-4.61,13.38,26.89,18.6,-14.81,-18.41,-17.87,82505.73,41.02,20.72,-15.31,10.38,-7.94,9.91,-26.05,0.33
"Great Lakes Retirement, Inc.",,,,,,,,,,,,inf,86.68,28.86,-6.15,30.06,-0.55,19.9,13.56,9.12
"Greater Midwest Financial Group, LLC",,,,,,,,,,,,,,,,inf,6.32,29.84,1.92,14.78
"Green Alpha Advisors, LLC",,,,inf,2.85,-9.63,32.88,15.61,13.58,45.55,-67.77,89650.69,42.72,38.48,-24.32,2.11,-3.96,2.69,-3.03,-6.81
"Green Square Asset Management, LLC",,-100.0,,,,,,,,,,,,,,,,,,
Greenland Capital Management LP,,,,,,,,,,,,,inf,-82.7,-100.0,inf,19.65,-100.0,,
Greenvale Capital LLP,,,,,,inf,-27.39,3.32,-100.0,,,,,,,,,,,
Greenwich Wealth Management LLC,,-100.0,,inf,-100.0,,,,,,,,,,,,,,,
"Grey Fox Wealth Advisors, LLC",,,,,,,,,,,,inf,56.44,-100.0,,,,,,
"Grey Street Capital, LLC",,,,,,,,,,,,,,,,,inf,-100.0,,
"Greystone Financial Group, LLC",,,,,,,,,,,,,,,,inf,34.64,53.05,-1.75,5.48
"Ground Swell Capital, LLC",,,,,,,,,,,,,,,inf,-100.0,,,inf,-100.0
Grove Bank & Trust,,,,,,inf,29.19,16.3,13.69,-21.57,-0.36,-49.82,48979.29,22.71,37.35,25.78,-3.65,-48.8,19.37,8.59
Gryphon Financial Partners LLC,,,,,,,,,,,,,,,,inf,-27.82,46.75,21.06,25.99
Guardian Partners Inc.,,,,,,,,,,,,,,,,,,,,inf
"Guardian Wealth Advisors, LLC",,,,,,,,,,,inf,-100.0,,,,,,,,
"Guidance Point Advisors, LLC",,,,,,,inf,-100.0,,,,,,,,,,,,
"Guild Investment Management, Inc.",,50.86,13.59,45.94,-13.45,-100.0,,,,,,,,,,,,,,
Gunderson Capital Management Inc.,,,,,,,,,,,,,inf,26.1,-9.16,23.82,-100.0,,,
GuoLine Advisory Pte Ltd,,,,,,,,,,,,,,inf,-8.25,25.78,14.89,-15.04,0.82,-29.71
HALL LAURIE J TRUSTEE,,,inf,45.45,-9.38,15.52,28.36,16.28,12.0,-20.54,-1.12,-14.77,44.0,27.78,-7.97,7.09,-3.68,19.08,0.64,6.37
HANCOCK WHITNEY CORP,,33.64,1.5,40.1,-14.05,13.99,29.08,187.5,55.35,-23.22,36.02,77723.17,48.64,21.7,-32.46,25.89,2.39,51.13,0.66,7.8
HANSEATIC MANAGEMENT SERVICES INC,,,,,inf,11.11,-100.0,,inf,-18.99,-1.21,-100.0,inf,-93.29,93104.88,27.32,-3.65,-100.0,,
"HANTZ FINANCIAL SERVICES, INC.",,65.04,9.24,64.98,-7.83,21.02,59.71,23.63,22.67,-18.98,0.94,-13.09,33.09,27.15,2.65,23.3,-3.36,17.28,32.43,9.38
"HAP Trading, LLC",,-71.4,38.93,84.61,-74.5,417.17,-11.36,69.51,14.49,14.53,-16.31,48.19,-76.82,29565.94,-72.96,1955.27,-14.63,30.07,-2.45,6.07
"HARBERT FUND ADVISORS, INC.",,,,,,,,,,inf,312.15,68478.89,55.2,-100.0,,,inf,-33.09,101.65,44.18
"HARBOR CAPITAL ADVISORS, INC.",,,,,,,,,,,,inf,314.68,35.55,-14.44,21.09,-99.93,31.85,-4.07,-7.98
"HARBOR FINANCIAL SERVICES, LLC",,,,inf,-100.0,,,,,,,,,,,,,,,
"HARBOR INVESTMENT ADVISORY, LLC",,55.45,13.23,52.39,-57.96,3.87,30.32,16.33,13.51,-19.94,17.37,77610.86,67.53,63.14,-21.61,-22.5,7.22,23.49,-5.69,8.96
"HARBOUR INVESTMENTS, INC.",,,,,inf,15.45,30.28,-84.32,-100.0,inf,0.0,242819.35,29.61,29.4,-3.11,21.14,15.06,29.6,2.51,23.55
HARDING LOEVNER LP,,,,inf,-56.41,11.76,31.58,16.0,-17.24,8.33,0.0,-100.0,,,,,,,,
HARMONY ASSET MANAGEMENT LLC,,,,,,,,,,,,,,,,inf,9.09,-34.12,0.78,12.51
HARTFORD INVESTMENT MANAGEMENT CO,,38.41,6.46,32.58,-9.32,15.14,29.06,-6.42,11.83,-44.71,-11.74,-16.01,143232.55,1152.97,-11.66,14.16,-6.27,21.23,-0.71,5.67
HARTLINE INVESTMENT CORP/,,inf,1.97,46.72,-9.47,15.41,28.97,16.21,-33.28,-4.28,-100.0,inf,43.14,27.92,-8.25,25.78,2.12,1147.63,1.21,-28.5
HARVARD MANAGEMENT CO INC,,-59.4,125.88,-66.57,84.76,-16.88,-100.0,,,,,,,,,,,,,
"HARVEST GROUP WEALTH MANAGEMENT, LLC",,,inf,-100.0,,,,,,,,,,,,,,,,
HARVEST VOLATILITY MANAGEMENT LLC,,,,,,,,inf,12.39,-28.72,-3.04,67535.28,18.64,16.05,-100.0,,,,,
"HAZLETT, BURT & WATSON, INC.",,,,,,,,,inf,21.88,0.0,-15.38,113.64,34.04,-4.76,30.56,-0.43,25.21,15.7,2.65
"HB Wealth Management, LLC",,,,,,,,inf,42.67,128.04,3.42,92840.69,52.82,49.67,9.85,20.93,8.06,157.12,-2.26,10.89
HBK INVESTMENTS L P,,,inf,91.55,-100.0,,,,,,inf,157281.69,17.03,-4.24,-7.52,-97.46,-100.0,,,
HBK Sorce Advisory LLC,,inf,16.33,-13.47,42.05,23.31,24.95,14.52,-27.74,-51.55,26.42,77.91,67187.92,23.92,-3.95,12.31,13.56,20.82,2.72,12.31
HBW ADVISORY SERVICES LLC,,,,,,,,,,,,,,,inf,29.12,0.0,91342.14,6.26,23.09
HBW Advisory Services LLC,,,,,,,,,,,,,inf,44.55,-100.0,,,,,
HCR Wealth Advisors,,28.93,6.69,45.17,-9.3,15.47,75.58,62.4,12.34,-20.65,-0.52,85094.68,43.14,35.97,-8.25,26.61,-3.67,19.32,0.92,6.43
"HEADINVEST, LLC",,,inf,240.79,-28.09,31.01,30.53,16.95,14.83,-20.16,0.15,85021.42,36.93,7.44,8.34,17.2,-3.53,18.51,4.53,7.47
HEALTHCARE OF ONTARIO PENSION PLAN TRUST FUND,,6.69,-100.0,inf,-54.8,170.23,-13.77,8.44,30.26,-14.95,-85.44,13977.34,-100.0,,,,inf,-80.26,6732.96,363.23
HELIOS CAPITAL MANAGEMENT PTE. LTD,,,,,,,,inf,-100.0,,,,,,,,,,,
HELLMAN JORDAN MANAGEMENT CO INC /MA/,,,,,inf,65.41,86.76,25.07,13.61,-20.84,-14.82,0.18,-100.0,,,,,,,
"HERBST GROUP, LLC",,,,,,,,,,,,,,,inf,386.88,-0.5,20.16,1.15,3.81
HERITAGE INVESTORS MANAGEMENT CORP,,39.81,13.6,50.78,-8.81,16.58,27.02,14.74,11.91,-20.47,-1.83,-13.08,39.5,23.14,-9.57,21.88,-3.29,19.57,-0.73,5.25
HERITAGE OAK WEALTH ADVISORS LLC,,,,,,,,,,,,,,,,,,,inf,-100.0
"HERITAGE WEALTH MANAGEMENT, LLC",,,,,,inf,25.0,-100.0,inf,78930.0,-99.9,169467.09,-100.0,,,,,,,
"HF Advisory Group, LLC",,,,,,,,,,,,,,,,,,inf,1.48,4.93
"HHM Wealth Advisors, LLC",,,,,,,,,,,,inf,43.19,-100.0,,,,inf,2.97,8.92
HIGHBRIDGE CAPITAL MANAGEMENT LLC,,inf,-100.0,,,,,,,,,,,,,,,,,
"HIGHLAND CAPITAL MANAGEMENT, LLC",,,,,,,,,inf,-100.0,,,,inf,-8.82,25.78,-100.0,,,
HIGHLINE WEALTH PARTNERS LLC,,,,,,,,,,,inf,-14.81,43.14,27.92,-4.8,25.78,-2.8,19.32,0.34,6.57
HILL ISLAND FINANCIAL LLC,,,,,,,,,,,,,,,,inf,-100.0,inf,0.82,7.71
HILLS BANK & TRUST CO,,357.25,-100.0,,,,,,,,,,,,,,,,,
HIMENSION CAPITAL (SINGAPORE) PTE. LTD.,,,,,,,,,,,,,,,inf,-100.0,,,,
HM PAYSON & CO,,40.1,7.69,44.43,-21.24,15.7,0.4,9.62,-18.64,-20.94,3.72,84837.39,9.27,54.58,6.85,25.78,-4.13,24.24,-12.44,6.87
"HOEY INVESTMENTS, INC",,,,,,,,inf,1983.33,684.0,157.96,61809.85,180.36,110.15,-11.7,-20.56,42.61,6.29,0.0,-97.96
"HOGE FINANCIAL SERVICES, LLC",,,,,,,,,,,,,,,,,inf,-100.0,,
"HOHIMER WEALTH MANAGEMENT, LLC",,33.63,7.12,182.23,-48.96,46.03,30.42,-20.79,11.81,-45.17,-1.74,74315.82,70.97,24.79,-7.58,25.47,-42.69,51.18,0.97,18.64
HOLDERNESS INVESTMENTS CO,,,,,,inf,42.31,16.22,8.53,-20.71,-0.3,82909.64,-100.0,,,,,,,
HOLLENCREST CAPITAL MANAGEMENT,,,,,,,,,inf,-100.0,,inf,49.07,854.2,-12.94,372.77,-2.0,30.27,-6.64,8.29
"HOWARD FINANCIAL SERVICES, LTD.",,,,,,,,,,,,,,,inf,30.07,-2.83,16.08,-0.05,12.87
HOWE & RUSLING INC,,200.0,-100.0,,,,,,,inf,0.0,-100.0,inf,28.55,-7.97,31.15,-4.23,-38.12,-40.65,16.15
HOWLAND CAPITAL MANAGEMENT LLC,,,,,,,,,,,,,,,,,,,,inf
"HOYLECOHEN, LLC",,34.46,-3.36,45.76,-5.15,15.64,28.14,22.39,13.35,-19.35,3.41,83451.26,42.48,28.04,-12.34,25.33,32.36,18.75,-100.0,
HSBC HOLDINGS PLC,,,inf,154.43,-45.89,29.84,57.57,178.2,33.82,-16.88,2.69,87430.54,41.47,73.0,-7.06,34.17,8.95,50.36,-12.74,10.54
HTLF Bank,,,,,,,,,,,,,,,,inf,-2.05,16.74,-0.52,6.47
"HUB Investment Partners, LLC",,,,,,,,,,,,,,,,,,,,inf
HUNTER ASSOCIATES INVESTMENT MANAGEMENT LLC,,,,inf,-100.0,,,,inf,218.35,15.27,-29.87,115.51,36.64,-0.42,26.2,-100.0,,,
HWG Holdings LP,,,,,,,,,,,inf,-100.0,,inf,-89.33,602.99,-100.0,,,
"Halpern Financial, Inc.",,inf,-100.0,,,,,,,inf,-100.0,,,inf,-100.0,,,,,
"Hamilton Wealth, LLC",,-1.9,-50.16,39.15,-100.0,,,,,,inf,78639.11,-77.9,22.36,881.73,23.83,43.26,20.4,5.0,-100.0
Handelsbanken Fonder AB,,inf,-46.72,47.21,-8.15,23.79,29.1,-1.4,1.62,-13.19,1.86,-9.77,61.78,34.3,-6.29,57.75,38.27,56.45,4.7,-0.29
Handelsinvest Investeringsforvaltning,,,,,,,,,,,,,,,,inf,-18.15,-100.0,,
"Hanlon Investment Management, Inc.",,,,,,,,,,,,,,,,,inf,23.1,-4.03,17.02
Hanson & Doremus Investment Management,,,,,,,,inf,86.9,-52.87,-1.35,-15.07,43.55,28.09,-7.89,119.05,-37.39,19.44,-4.65,3.66
Hara Capital LLC,,,,,,,,,,,,,,,,,,,inf,6.47
Harbor Advisors LLC,,,,,,,,,,,,,,,inf,57.23,20.44,19.32,0.82,6.47
"Harbour Capital Advisors, LLC",,,,,,,,,,,,,,inf,63.55,89.36,-1.7,30.02,7.18,5.39
Harbour Trust & Investment Management Co,,,,,,,,,,,,,,,,,inf,78.53,8.14,14.66
Hardy Reed LLC,,,,,,,,,,,,,,,,,,inf,0.94,6.47
Hartford Financial Management Inc.,,44.44,7.69,42.86,-10.0,16.67,28.57,270.37,11.0,-19.82,-1.12,85527.27,48.44,27.92,-8.25,25.78,-3.65,19.1,-58.7,6.47
Hartford Funds Management Co LLC,,,,,,,,,,,,,,inf,-2.17,-100.0,,,,
"Harvest Fund Management Co., Ltd",,,,inf,24.39,-50.98,400.0,344.0,-10.63,-58.06,-34.13,-50.36,277.94,230.74,19.41,60.59,96.87,150912.78,-99.86,43.15
"Harvest Investment Services, LLC",,inf,-100.0,,inf,-100.0,,,,,,,,,,inf,-100.0,,,
Harvest Portfolios Group Inc.,,,,,,,,,,,,,,,,,,,inf,2.42
"Hayden Royal, LLC",,,,inf,2.27,17.78,36.48,15.9,-100.0,,,,,,,,,,,
Headlands Technologies LLC,,,,,,,,,,,,inf,183849.39,-100.0,inf,-100.0,,,,
Heartland Bank & Trust Co,,,,,,,,,,,,,,,,,inf,-29.32,-2.34,4.89
Heartwood Wealth Advisors LLC,,,,,,,,,,,,,,,,,,inf,-4.05,10.78
"Heck Capital Advisors, LLC",,,,,,,,,,,,,,,,,,,,inf
Hemington Wealth Management,,,,,,,,,,,,,,,,,,,inf,11.67
"Hennion & Walsh Asset Management, Inc.",,,,,,,,,,,inf,-3.4,61.56,27.99,126890.7,38.0,20.95,56.26,11.47,19.85
Heritage Trust Co,,,,,,,,,,,inf,69680.0,43.14,27.91,-8.25,25.78,3079.69,42.89,-100.0,inf
Heritage Wealth Advisors,,,,,,,,,,,,,,,,inf,-100.0,,,
"Heritage Wealth Partners, LLC",,,,,,,,,,,,,,,,,,,,inf
Hexagon Capital Partners LLC,,,inf,75.0,-14.29,33.33,25.0,20.0,8.33,-23.08,130.0,73308.7,56.16,27.92,-11.03,25.78,220.68,18.76,12.24,32.19
High Net Worth Advisory Group LLC,,,,,,,,,inf,-60.56,75.0,-100.0,,,,,,inf,0.82,6.47
HighMark Wealth Management LLC,,,,,inf,0.0,0.0,50.0,0.0,0.0,0.0,106866.67,43.16,27.93,-8.25,25.78,63.39,-32.7,64.99,7.95
HighPoint Advisor Group LLC,,-100.0,,inf,-7.05,-7.58,44.14,-100.0,,inf,-100.0,,,,,inf,-99.89,134.11,73336.74,18.96
"HighTower Advisors, LLC",,34.6,16.73,43.74,-8.6,17.24,57.22,71.49,12.51,-20.53,6.6,82157.96,45.05,20.22,-10.91,20.65,17.39,31.1,2.03,4.51
HighVista Strategies LLC,,,,,,,,,,,,,,inf,-22.56,-100.0,inf,-100.0,,
"Highlander Capital Management, LLC",,,,,,,,,,,,,,,inf,128108.7,-100.0,,,
Highview Capital Management LLC/DE/,,,,,,,,inf,-34.36,-18.02,17.62,70257.32,48.09,54.01,-11.03,27.14,-59.47,18.07,4.6,116.65
Hills Bank & Trust Co,,,inf,46.27,-7.82,17.42,32.22,17.39,125.33,-60.15,2.4,-16.11,143973.52,26.89,-16.57,24.91,-1.77,14.51,-1.81,5.88
Hillsdale Investment Management Inc.,,,,,,,,,,inf,-3.41,82484.97,28.78,11.43,8.27,-100.0,,,,
Hilltop National Bank,,,,,,,,,,,,,,,,,inf,19.65,21.94,2.44
"Hobbs Group Advisors, LLC",,,,,,,,,,,,,,,,inf,-100.0,inf,0.82,-100.0
Hodges Capital Management Inc.,,,,,inf,51.54,-19.4,16.94,12.42,-18.41,-15.75,-4.31,26.67,47.05,-56.63,84.65,-17.77,119971.72,-3.29,5.08
Holistic Financial Partners,,,,,,,,,,,,,,inf,-100.0,inf,-58.94,20.16,-100.0,inf
Hollow Brook Wealth Management LLC,,,,,,,,,inf,-20.67,-0.51,85120.95,43.14,31.08,-8.25,-37.52,-3.65,-12.79,0.82,6.47
"Holloway Wealth Management, LLC",,45.45,6.25,47.06,-8.0,-100.0,,,,,,,,,,,,,,
"Holocene Advisors, LP",,-22.87,-100.0,inf,-99.73,-37.34,69046.8,19.8,-45.88,-100.0,inf,-100.0,inf,-53.32,-100.0,,,,,
"Holt Capital Advisors, L.L.C. dba Holt Capital Partners, L.P.",,39.95,6.57,45.29,-9.39,15.17,29.12,16.25,4.49,-20.68,-0.52,81668.51,43.14,27.92,-5.27,23.17,-3.77,19.32,0.91,6.38
Homrich & Berg,,,,,,,inf,-100.0,,,,,,,,,,,,
Honeycomb Asset Management LP,,,,,,,inf,519.92,-37.11,-100.0,inf,-100.0,,,,,,,,
Hongkou Capital LP,,,,,,,,inf,-100.0,,,,,,,,,,,
"Horan Capital Advisors, LLC.",,,,,,,,,,,,,,,,,inf,18.43,0.2,6.34
"Horan Securities, Inc.",,,,,,,,inf,0.0,-100.0,,inf,45.84,21.94,-100.0,,,inf,0.04,20.64
"Horizon Family Wealth, Inc.",,,,,,,,,,,,,inf,33.37,-1.79,27.23,-69.6,19.32,1.99,5.79
"Horizon Investments, LLC",,,inf,115.88,-41.97,132.56,-29.86,21.02,13.58,-22.75,-3.49,-26.72,137368.24,34.44,117.39,41.44,-1.06,53.99,-23.13,8.77
"Horrell Capital Management, Inc.",,,,,,,,,,,,,,,,,inf,0.0,0.0,-100.0
"Hotaling Investment Management, LLC",,,,,,,,,inf,28.21,-1.29,-100.0,,,,,,,,
"Householder Group Estate & Retirement Specialist, LLC",,,,,,,,,,,inf,-100.0,,,inf,-99.87,123580.88,-99.85,44.09,-46.99
"Howard Capital Management Group, LLC",,,,,,,,,,,,,,,,,inf,98.94,104.77,-46.2
Howard Capital Management Inc.,,,,,,,,,,,,,,,,,inf,18.36,592.47,4.46
"Hudock, Inc.",,inf,-40.91,200.0,33.33,86.54,78.35,-17.34,109.79,-18.33,27.76,66504.79,43.14,-0.76,-8.25,25.78,27.95,19.32,-10.97,0.6
Hudson Bay Capital Management LP,,-100.0,,,,,,,,inf,-1.12,85187.31,146.45,-100.0,,,,,,inf
Hudson Canyon Capital Management,,,,,,,,,,,,,,,,,,,,inf
Human Investing LLC,,,,,inf,-100.0,,,,,,,,inf,-100.0,,,,,inf
"Hunting Hill Global Capital, LLC",,,,,,,,,,,,,,inf,-8.25,25.78,-51.14,19.32,-100.0,
"Hurley Capital, LLC",,,,,,,,,,,,,,,,,,,,inf
"Hutchens & Kramer Investment Management Group, LLC",,,,,,,,,,,,,,,,,,,,inf
"IAG Wealth Partners, LLC",,,,,,,,,,,,,inf,-100.0,,,,,,
"IAM Advisory, LLC",,,,,,,,,,inf,3.65,80860.84,39.72,28.05,-8.5,20.96,-4.56,17.32,3.8,6.27
IBEX WEALTH ADVISORS,,,,,,,,,inf,-20.23,-2.49,-17.5,48.38,-100.0,inf,27.55,-54.71,290457.39,-100.0,inf
IBM Retirement Fund,,42.08,35.34,34.78,-17.6,-2.54,29.63,-31.74,8.71,-100.0,,,,,,,,,,
"ICA Group Wealth Management, LLC",,,,,,,,,,,,inf,43.14,134.55,-100.0,inf,253.31,-100.0,,
ICAPITAL WEALTH LLC,,,,,,,,inf,110439.46,-99.81,68.28,85095.21,43.14,-100.0,,,,,,
ICICI Prudential Asset Management Co Ltd,,,,,,,,inf,28.89,-16.09,23.29,117578.89,82.65,37.3,20.09,41.45,1.27,31.97,19.81,7.62
ICON ADVISERS INC/CO,,,,,,,,,,,,,,,,,,,,inf
"ICONIQ Capital, LLC",,,,,,,,,,,,,,,,,,,inf,110.44
"IEQ CAPITAL, LLC",,,inf,-100.0,inf,339.6,1.25,18.13,-84.32,14.29,-13.03,237416.82,54.29,49.24,-9.47,22.7,5.14,157.73,29.4,1.37
"IFG Advisors, LLC",,,,,,,,,,,,,,,,,,,,inf
"IFG Advisory, LLC",,inf,6.51,45.41,11.71,-100.0,,,,,,,,,inf,33.64,-100.0,inf,-100.0,inf
IFM Investors Pty Ltd,,0.12,16.06,71.35,0.36,38.22,29.47,15.43,181.56,-58.6,5.87,91166.26,49.76,34.42,-6.74,-99.87,98988.12,23.96,1.0,-100.0
"IFP Advisors, Inc",,34.94,13.69,19.9,-11.57,-5.68,21.2,5.4,14.55,-17.71,143.91,-40.55,59740.33,220.06,-37.06,63.08,26.34,-0.57,79.59,30.12
"IHT Wealth Management, LLC",,,inf,12.5,-0.72,16.3,-14.23,20.98,31.85,-9.63,38.41,104606.23,47.34,26.24,-4.67,27.35,53.32,36.2,19.95,-14.29
III Capital Management,,inf,4.82,-26.95,-100.0,,inf,41.75,-100.0,inf,315.64,13670.51,877.58,-36.61,17.32,-100.0,,,,
"IMA Wealth, Inc.",,,,,,,,,,,,,,,inf,-100.0,,,,
"IMC-Chicago, LLC",,67.09,142.62,80.9,-76.41,82.95,224.49,47.37,64.85,-19.61,-13.38,92672.04,27.27,44.27,-5.84,111.03,12.94,24.93,-2.5,5.48
INCEPTIONR LLC,,,,,,,,,,,,inf,-100.0,inf,-100.0,,,inf,-40.12,-35.37
INNOVIS ASSET MANAGEMENT LLC,,,,,,,,,,,,inf,13.4,27.57,-25.14,-100.0,,,,
"INSIGNEO ADVISORY SERVICES, LLC",,,,,,,,,,,,inf,40.46,48.86,8.1,185.69,37.52,2.49,6.0,13.06
"INSTITUTIONAL & FAMILY ASSET MANAGEMENT, LLC",,55.56,3.57,62.07,-10.64,14.29,29.17,16.13,8.33,-23.08,-1.67,66832.2,19.87,19.29,-17.38,24.51,-3.64,11.44,-100.0,
INTACT INVESTMENT MANAGEMENT INC.,,,,,,,,,,,,,,,,,inf,-100.0,,
INTECH INVESTMENT MANAGEMENT LLC,,,,,,,,,,inf,105093.28,74.07,8.18,-14.21,-94.71,25.78,251.72,-47.07,23.7,894.27
"INTEGRAL INVESTMENT ADVISORS, INC.",,,,,,,,inf,5.57,-24.81,-13.55,82153.13,37.92,14.32,-7.73,20.69,15.35,62.19,0.76,10.91
"INTERNATIONAL ASSETS INVESTMENT MANAGEMENT, LLC",,,,inf,-99.74,-22.59,29.86,125.44,19.47,-50.26,144.99,143487.9,-45.1,11.92,96.76,-36.86,30.3,19.31,-99.7,34495.55
INVESTMENT ADVISORY SERVICES INC /TX /ADV,,,,,,,,,,,,,,,,,,inf,3.29,-15.25
INVESTMENT HOUSE LLC,,,,,,,,,,,,,,,,,inf,34.95,47.56,17.09
INVESTMENT MANAGEMENT OF VIRGINIA LLC,,,,,,,,,,,,inf,43.14,-100.0,,,,,,
"INVICTUS PRIVATE WEALTH, LLC",,,,,,,,,,,,,inf,27.92,-8.33,24.08,-5.49,17.32,-1.37,6.27
IPG Investment Advisors LLC,,40.08,6.57,45.2,-8.98,-100.0,,inf,11.75,-20.67,105235.66,-26.4,44.52,27.59,-9.16,29.6,5.61,56.84,21.33,-34.46
IQ EQ FUND MANAGEMENT (IRELAND) Ltd,,,,,,,,,,inf,13.13,121052.14,58.75,-0.29,-13.58,26.21,-4.82,2.1,-6.41,-3.28
"ISTHMUS PARTNERS, LLC",,,,,,inf,-100.0,,,,,,,,,,,,,
ITHAKA GROUP LLC,,,,,,,,,,,,inf,29.96,85.75,-11.7,24.93,-10.98,20.54,0.06,5.26
"Icon Wealth Advisors, LLC",,,,,,,,,,,,,,,,,inf,108.39,105.14,-46.71
"Icon Wealth Partners, LLC",,,,,,,,,,,,,,inf,-58.49,-100.0,,,,
"Ignite Planners, LLC",,,,,,,,,,,,,,inf,98.19,38.85,5.86,62.77,3.44,10.07
Illinois Municipal Retirement Fund,,,inf,173.91,-9.41,15.22,29.14,46.75,-9.39,35.69,-0.54,-14.8,43.15,27.92,-8.25,25.77,-3.64,102970.14,0.82,-14.74
Ilmarinen Mutual Pension Insurance Co,,,,,,,,,,,,,,inf,-19.72,7.81,12.42,70.45,-29.43,52.1
Impact Capital Partners LLC,,,,,,,,,,,,,,,,,,,,inf
"Impact Partnership Wealth, LLC",,,,,,,,,,,,,,inf,16933.59,33.22,-11.47,-100.0,,
Imprint Wealth LLC,,,,,,,,,,,,,,inf,-100.0,,inf,-100.0,,
InTrack Investment Management Inc,,,,inf,-15.77,15.32,11.79,66.53,-47.71,-27.23,-9.76,74402.33,-6.73,45.78,32.36,71.21,-8.62,20.4,-8.41,-2.82
Independence Bank of Kentucky,,29.62,-2.64,9.89,-27.54,3.65,24.79,8.95,10.54,-24.08,4.02,-10.99,145094.77,29.49,-8.52,33.28,-7.71,24.36,2.4,0.73
Independent Advisor Alliance,,57.55,22.37,49.25,-24.12,380.23,27.92,23.84,46.47,-35.47,-23.62,6058.61,1950.73,29.14,-2.39,26.66,-7.02,20.48,0.7,3.92
"Independent Solutions Wealth Management, LLC",,,,,,,,,,inf,-13.95,191.15,49.68,40.87,-7.78,19.84,-10.64,22.14,0.17,8.84
Independent Wealth Network Inc.,,,,,,,,,,,,,,,,,,inf,2.98,8.4
Indiana Trust & Investment Management CO,,,,,,,,,,,,,,,inf,50.47,7.5,10.96,-100.0,
Indiana Trust & Investment Management Co,,,,,,,,,,,,,,,,,,,inf,476.01
Industrial Alliance Investment Management Inc.,,,,,,,,inf,-72.42,-24.05,-5.81,-9.34,18.49,-100.0,inf,3.87,-100.0,,,
"Inscription Capital, LLC",,,,,,,,,,,,,,,,,,inf,2.15,-100.0
"Insight Advisors, LLC/ PA",,,,inf,-0.61,18.04,42.49,13.82,127.16,-57.52,1.66,80241.53,-5.21,30.05,-8.71,69.39,32.98,22.05,4.97,11.44
Insight Inv LLC,,,,,,,,,,,,,,,,,,,,inf
"Inspire Advisors, LLC",,,,inf,-100.0,,,,,,,,,,,,,,,
"Inspire Investing, LLC",,,,,,,,,,,,,,,,,inf,-40.91,8.5,-9.36
"Institute for Wealth Management, LLC.",,37.81,6.9,43.76,-10.15,14.77,33.77,15.91,7.75,-20.72,1.29,79516.01,42.57,27.95,-8.53,22.62,0.48,15.46,0.77,4.39
"Institutional Venture Management XV, LLC",,,,inf,-89.26,15.21,29.08,16.26,11.8,-20.66,-99.57,-100.0,,,,,,,,
Integrated Advisors Network LLC,,31.15,11.16,67.41,4.87,25.49,35.22,22.03,11.14,-4.12,-17.49,82516.4,53.03,37.14,-3.21,-1.05,58.73,-10.16,1.71,-5.89
"Integrated Investment Consultants, LLC",,inf,-100.0,inf,-9.38,3.45,29.05,-14.76,-100.0,,,,,,,,,,inf,0.0
"Intellectus Partners, LLC",,,,,,,,,,,,,,inf,-8.25,11.8,264.34,0.11,0.82,5.42
Intellus Advisors LLC,,,,,,,,,,,,,,,,,,,,inf
"InterOcean Capital Group, LLC",,,,,,,,,,,,,,inf,3.5,62.38,3.16,-100.0,,
"Interchange Capital Partners, LLC",,,,inf,-100.0,,,,,,,,inf,-30.78,-11.26,15.62,-1.24,137.23,0.53,4.51
International Private Wealth Advisors LLC,,,,,,,,,,,,,,,,,,,,inf
Intersect Capital LLC,,,,,,,inf,-35.02,25.65,-47.03,-100.0,,,,,,,,,
"Interval Partners, LP",,,,,,,,,,inf,2614.61,-100.0,,inf,-100.0,,,,,
Intrinsic Edge Capital Management LLC,,-100.0,inf,113.89,-100.0,,,,,,,,,,,,,,,
Invesco Ltd.,,,,,,,,,,,,,,,inf,-100.0,,,,
Investment Management Corp of Ontario,,,,,,,,,,,,,,inf,-100.0,inf,-31.62,65.8,51.71,-100.0
"Investment Partners Asset Management, Inc.",,,,,,,,,,,,,,,,,inf,37.05,0.82,7.07
"Investment Research & Advisory Group, Inc.",,38.2,8.13,45.11,-9.33,15.43,29.21,16.09,11.88,-20.65,-0.74,85191.76,43.14,45.95,-8.25,25.78,-5.61,26.12,0.82,6.47
Investors Research Corp,,,,,,,,,inf,-20.0,0.0,83625.0,43.15,27.91,-100.0,,,,,
Ion Asset Management Ltd.,,,,,,,inf,263.61,14.9,-24.84,-59.56,7.65,-12.52,34.9,47357.49,25.78,-100.0,,,
Iowa State Bank,,,,,,,,,,,,,,,,,inf,81.52,-1.26,6.87
"Ipswich Investment Management Co., Inc.",,inf,23.36,45.45,-8.85,69.71,238.55,15.96,104.97,-56.92,-1.85,85018.7,41.07,27.61,-3.14,24.26,2.45,26.99,4.68,9.12
"Iron Financial, LLC",,0.25,-20.4,18.35,-100.0,,,,,,,,,,,,,,,
"Iron Horse Wealth Management, LLC",,,,,,,,,,,,,inf,27.62,-8.24,25.37,-3.81,-100.0,,
"Ironsides Asset Advisors, LLC",,,,,,,,,,,,,,,,,,inf,0.82,6.47
Isomer Partners LP,,inf,574.92,45.21,-28.46,-34.71,-31.66,16.23,11.31,-38.01,-0.52,85099.16,43.14,-2.54,-19.72,25.78,-0.07,-5.5,-7.94,61.67
Israel Discount Bank of New York,,inf,5.17,-6.15,0.66,-100.0,inf,12.1,17.79,-28.96,-6.89,-29.61,112460.4,2.89,-10.24,-39.58,6.78,-100.0,,
J.P. Morgan Private Wealth Advisors LLC,,,,,,,,,,,,,,,inf,-100.0,,,,
J.Safra Asset Management Corp,,,,,,,,,,,,,,,,,,inf,-0.96,90.82
"J.W. COLE ADVISORS, INC.",,,inf,-100.0,,,,inf,-13.37,2.89,-33.75,-100.0,inf,-14.52,28.87,28.81,306.73,41.13,-8.46,3.7
J2 Capital Management Inc,,,,,,,,,inf,-100.0,,,inf,29.08,-11.02,-100.0,,,,inf
"JACKSON SQUARE CAPITAL, LLC",,,,,,,,inf,-5.4,-23.95,43.5,-100.0,inf,-50.2,-100.0,inf,14.96,-6.3,-7.74,1446.19
JACOBS & CO/CA,,,,,,,,,,,,,inf,28.6,-100.0,,,inf,4.22,-100.0
"JACOBS LEVY EQUITY MANAGEMENT, INC",,103.0,9.21,48.77,-79.69,-74.59,-48.04,-100.0,,,inf,115152.72,-89.98,-97.74,-100.0,,,inf,4506.34,307.68
"JAG CAPITAL MANAGEMENT, LLC",,,,,,,,,,,,inf,43.14,226.42,-54.12,-100.0,,,,
"JAMISON PRIVATE WEALTH MANAGEMENT, INC.",,,,,,,,,,,,,,,inf,25.3,-3.26,20.3,2.94,6.59
"JANICZEK WEALTH MANAGEMENT, LLC",,,,,,,,,,inf,0.0,5757.14,143.41,28.06,688.81,34.56,-7.84,19.32,-100.0,
JCIC Asset Management Inc.,,,,,,,,,,,,,inf,102.52,-8.24,25.77,-3.64,19.31,0.82,6.48
JD CAPITAL MANAGEMENT LLC,,,,inf,-100.0,,,,,,,,,,,,,,,
JDM Financial Group LLC,,,,,,,,,,,,inf,52.41,35.82,-8.25,25.8,-3.71,19.4,2.77,14.71
"JEPPSON WEALTH MANAGEMENT, LLC",,,inf,47.24,-10.83,15.14,27.6,14.29,11.61,-20.8,-4.75,87589.71,44.13,25.76,-8.07,24.97,-1.67,20.94,0.52,5.22
"JFG Wealth Management, LLC",,,,,,,,,,,,,,,,,,,,inf
"JFS WEALTH ADVISORS, LLC",,,,,,,,inf,250.0,-42.86,0.0,83625.0,43.15,81.23,-8.25,33.18,148.92,-53.81,619.73,-39.1
"JGP Wealth Management, LLC",,,,,,,,,,,,,,,,,,inf,1.6,8.75
JJJ Advisors Inc.,,,,,,,,inf,800.0,-100.0,,,,,,,,,,
JMAC ENTERPRISES LLC,,,,,,,,,,,,,,inf,12.99,38.4,2.37,24.54,10.73,11.34
JNB Advisors LLC,,,inf,45.41,-100.0,,,,,,,,,,,,,,,
JNBA Financial Advisors,,,,,,,,inf,933.33,-19.35,0.0,-100.0,,,,,,,,
JOHN G ULLMAN & ASSOCIATES INC,,,,,,,,,inf,-100.0,,,inf,127901.93,-8.25,30.75,-3.65,19.32,0.82,-3.4
JOHNSON INVESTMENT COUNSEL INC,,25.08,1.08,42.76,-9.39,34.82,30.13,21.5,14.78,-17.79,-4.79,85096.43,41.77,19.21,-7.15,23.02,-5.16,17.82,1.76,6.29
JONES FINANCIAL COMPANIES LLLP,,,,,,,,,,inf,-1.11,85293.26,29.31,24.28,-8.25,43.41,535.05,209.32,89.95,79.1
JOURNEY STRATEGIC WEALTH LLC,,,,,,,,,,,,,,,,,,inf,27.3,-10.58
JPMORGAN CHASE & CO,,,,,,,,,,,,inf,435700.0,118.0,11.72,254778.2,-26.29,-20.79,-78.45,-83.31
JS Capital Management LLC,,,,,,,,,,,,,inf,142.8,-100.0,,,,,
"JSF Financial, LLC",,,,,,,,,,,,,,,,,inf,26.56,3.71,6.47
JT Stratford LLC,,,,,,,,inf,14.91,55.47,178.07,106891.64,83.92,19.18,-54.19,13.11,-10.33,12.69,1.69,6.49
"JUMP TRADING, LLC",,inf,-100.0,,,,,,,,,,,,,,,,,
JUPITER ASSET MANAGEMENT LTD,,52.38,8.14,-25.94,-25.67,-18.98,179.91,-7.25,7.17,-20.59,-25.16,14677.52,11.47,267.06,-100.0,,,,,
Jackson Creek Investment Advisors LLC,,,,,,,,,,inf,-3.34,-100.0,inf,198.71,-18.53,13.4,-37.01,13.09,-1.53,2.22
"Jackson Hole Capital Partners, LLC",,,,,,,,,,,,,inf,-100.0,,,,,,
"Jackson Wealth Management, LLC",,,,,,,,,,inf,179.63,43693.96,76.15,30.31,-9.6,27.15,2.5,-41.33,96.32,6.59
"Jackson, Grant Investment Advisers, Inc.",,,,inf,-8.99,14.81,29.03,15.83,12.23,-73.72,0.0,84643.9,43.14,-93.84,-8.25,25.81,-3.65,19.3,0.84,6.46
Jacobi Capital Management LLC,,166.67,-50.0,50.0,0.0,333.33,30.77,-100.0,,,,,,,,,,inf,47.77,12.1
Jacobsen Capital Management,,,,,,,,,,,,,,,,,,,inf,7.62
"Jaffetilchin Investment Partners, LLC",,inf,-33.69,51.47,-6.95,145.98,-36.15,6.12,-34.23,-2.53,-10.66,74428.24,63.9,40.69,-16.07,24.58,0.04,23.37,0.32,9.02
James Hambro & Partners,,,,,,,,,,,,inf,-100.0,,,,,,,
Janney Capital Management LLC,,,,,,,,,,,,,,,,,,inf,-0.44,6.15
Janney Montgomery Scott LLC,,57.83,13.05,58.58,1.06,18.25,41.86,19.22,-94.8,2374.24,11.14,-10.04,76.63,39.61,-5.19,55.3,-9.82,21.46,-1.09,50.81
"Jasper Ridge Partners, L.P.",,39.62,6.76,65.82,407.44,-47.03,-13.95,16.25,11.85,-60.34,8.64,77921.13,43.14,27.92,-8.25,25.78,-3.65,19.32,0.82,6.47
Jericho Capital Asset Management L.P.,,,,,,,inf,-43.72,-41.15,-50.52,-7.61,-100.0,,,,,,,,
"Jessup Wealth Management, Inc",,,,,,,,,,,,,,,inf,25.78,15.24,19.32,0.82,6.47
"Johanson Financial Advisors, Inc.",,,,inf,-7.38,7.57,35.56,19.4,-100.0,,,,,,,,,,,
"Johnson Midwest Financial, LLC",,,,,,,,,,,,inf,136871.43,27.91,-8.24,-100.0,,,,
Jordan Park Group LLC,,,,,,,,,,,,,,,,,,,inf,6.47
"Joseph P. Lucia & Associates, LLC",,,,,inf,-100.0,,,,,,,,,,,,,,
"Jump Financial, LLC",,,inf,729.85,-100.0,,inf,122.71,-92.63,1838.01,41.87,104902.4,95.67,-27.77,-37.2,124.76,-72.98,67.39,-100.0,
Junson Asset Management (Hong Kong) Ltd,,,,,,,,,inf,-100.0,,,,,,,,,,
Junto Capital Management LP,,,,,,,,,,,,inf,-100.0,,,,,,,
Jupiter Wealth Management LLC,,,,,,,,,,,,,,,,,inf,-100.0,,
JustInvest LLC,,,,inf,-3.43,245.27,4.46,53.81,-100.0,,,,,,,,,,,
K.J. Harrison & Partners Inc,,,,,,,,,,,,,,,,inf,-100.0,,,
"K2 PRINCIPAL FUND, L.P.",,,inf,161.48,15.43,43.64,7.61,-86.93,-100.0,,,,,,,,,,,
KADENSA CAPITAL Ltd,,,,,,,,,,inf,56.89,-100.0,inf,-100.0,,,,,,inf
"KANE INVESTMENT MANAGEMENT, INC.",,,,,,,,,,,,,,,,,,,,inf
KAYNE ANDERSON RUDNICK INVESTMENT MANAGEMENT LLC,,,,inf,-14.29,16.67,42.86,10.0,9.09,-16.67,220.0,16906.25,46.82,63.09,-8.25,687.31,-2.44,7.87,13.59,187.86
"KB FINANCIAL PARTNERS, LLC",,,,,inf,-6.02,-100.0,inf,114.04,-45.49,-24.06,-5.94,26.32,-94.17,-100.0,,,,,
"KC Investment Advisors, LLC",,,,,,,,inf,36.45,-25.34,-0.92,-100.0,,,,,,,,
"KCL Capital, L.P.",,,,,,,inf,61.44,-100.0,,inf,275152.68,-100.0,,,,,,,
KCM INVESTMENT ADVISORS LLC,,,,,,,,,inf,-100.0,,,,,,,,inf,66.61,-37.21
KELLEHER FINANCIAL ADVISORS,,,,,,,,,,,,inf,186.28,150.27,-38.83,7.59,-51.82,-5.03,-9.54,4.66
KELLY LAWRENCE W & ASSOCIATES INC/CA,,inf,8.0,44.44,-10.26,17.14,29.27,15.09,11.48,-100.0,,,,,,,,,,
"KESTRA PRIVATE WEALTH SERVICES, LLC",,,inf,-20.88,-60.74,12.37,29.4,18.42,17.08,-99.91,21.59,87457.82,47.52,60.44,14.01,52.09,74.09,27.41,-42.21,104.16
"KETTLE HILL CAPITAL MANAGEMENT, LLC",,,,,,,,,,,,,,,inf,-100.0,,,,
KEYSTONE INVESTORS PTE LTD,,,,,,,,,,,,,,,inf,17.4,-100.0,,,inf
"KG&L Capital Management,LLC",,,,,,,inf,0.3,25.0,-100.0,inf,306217.31,23.23,22.55,6.37,-12.59,155.75,1.52,-29.81,12.69
KING LUTHER CAPITAL MANAGEMENT CORP,,,,,,,,,,inf,15.36,89899.75,43.81,31.64,-2.44,25.78,497.86,169.83,75.57,84.86
KINGS POINT CAPITAL MANAGEMENT,,38.1,6.9,-100.0,inf,16.0,39.66,17.28,11.58,-100.0,,,,,,,,,,
"KINGSWOOD WEALTH ADVISORS, LLC",,,,,,,,,,,,,,inf,3.15,-42.48,-29.45,25.04,5.5,-13.84
KKM Financial LLC,,,,,,,,,,,,,,,,inf,-29.22,18.11,7.61,10.11
KLINGENSTEIN FIELDS & CO LLC,,44.87,-100.0,,,,,,,,,,,,,,,,,
KLINGENSTEIN FIELDS & CO LP,,,inf,44.33,-12.98,14.83,26.79,12.05,8.38,-20.82,-1.9,80596.94,39.36,23.1,-10.64,22.28,-13.61,16.01,0.49,4.11
KLK CAPITAL MANAGEMENT LLC,,,,,,inf,-32.23,13.32,10.82,-100.0,inf,86281.34,45.41,20.81,-11.46,-100.0,,,,
KLP KAPITALFORVALTNING AS,,,,,,,,,,,,,,,,,,,,inf
"KMG FIDUCIARY PARTNERS, LLC",,,,,,inf,688.35,18.29,-40.19,-61.62,-2.49,89270.47,209.46,15.03,-1.85,30.55,29.41,120.99,5.51,11.31
KORNITZER CAPITAL MANAGEMENT INC /KS,,399.13,-15.89,110.13,-10.0,15.21,9.55,-8.82,-3.57,-34.06,-15.84,84108.92,44.34,-13.31,-88.87,26.62,-21.04,31.49,0.82,12.55
KPP Advisory Services LLC,,,,,,,,,,,,,,,,,,inf,313.96,18.01
"KRS CAPITAL MANAGEMENT, LLC",,,,,,,,inf,15.98,-20.66,-0.48,-100.0,,,,,,,,
"KRS Capital Management, LLC",,,,,,,,,,,,inf,47.21,27.92,-4.41,26.79,0.54,17.42,-0.2,6.34
KWB Wealth,,,,inf,3.35,0.0,48.92,16.18,0.0,-31.19,-13.9,-100.0,,inf,-23.62,-100.0,,,,
Kaizen Financial Strategies,,,,,,,,,,,,,,,,,inf,10.37,7.65,46.4
Kapitalo Investimentos Ltda,,,,,,,,,,,,,,,,inf,-100.0,,,
Karp Capital Management Corp,,,,,,,,,,,inf,-100.0,,,,,,,,
Kathleen S. Wright Associates Inc.,,,,,,,,,,,,,,,,,,,inf,6.47
"Kathmere Capital Management, LLC",,,,,,,,,,,,,,,,inf,-1.66,248.36,-63.92,51.64
"Keebeck Alpha, LP",,,,,,inf,-100.0,,,,,,,,,,,,,
"Keebeck Wealth Management, LLC",,inf,-100.0,,,,,,inf,-20.64,-100.0,,,,,,,,,
"Keel Point, LLC",,,,,,,,,,,,,,inf,-10.14,41.1,-0.93,11.68,4.87,6.75
Kelly Financial Services LLC,,40.08,6.57,24.11,7.84,-99.72,47800.0,9.65,11.81,-20.65,-0.52,-14.81,49.82,29.14,-1.88,25.78,-3.93,21.08,-100.0,
Kemnay Advisory Services Inc.,,,,,inf,-100.0,,,,,,,,,,,,,,
"Kensington Investment Counsel, LLC",,,,,,,,,,,,,,inf,-3.32,28.5,6.12,36.1,4.02,-24.4
Kentucky Retirement Systems,,,,,,,,,,,,,,inf,92929.35,26.8,-7.23,21.32,-6.59,5.02
Kentucky Retirement Systems Insurance Trust Fund,,,,,,,,,,,,,,inf,92915.92,26.45,-9.46,19.5,-7.25,-100.0
"Kera Capital Partners, Inc.",,,,,,,,,,,,,,,,,,,,inf
"Kerrisdale Advisers, LLC",,-100.0,,,,,,,,,,,,,,,,,,
"Kesler, Norman & Wride, LLC",,,,,,,,,,,,,,,,,,,inf,6.41
"Kestra Advisory Services, LLC",,,inf,20.05,-11.51,22.0,38.36,4.91,9.95,-99.89,100865.37,-24.33,21.12,27.8,22.99,32.64,34.35,5.82,6.17,13.29
"Kestra Investment Management, LLC",,,,,,,,,,,,,,,,,,,,inf
Keudell/Morrison Wealth Management,,,,,,,inf,-56.62,-100.0,,,,,,,inf,-3.41,18.24,-6.37,4.76
Key Financial Inc,,,,,,,,inf,2200.0,-95.65,-33.33,122750.0,21.94,27.94,65.14,25.78,42.83,-64.23,51.23,6.49
Keystone Financial Group,,,,,,,,,,,,,,inf,-3.79,139.61,-45.82,27.38,190.77,50.96
"Kiely Wealth Advisory Group, Inc.",,,,,,,,,,,,,,,,,,inf,26.21,-1.35
"Kimelman & Baird, LLC",,,,,,,,,,,,,,,,,,inf,0.82,6.47
Kingfisher Capital LLC,,,,,,,,,inf,-15.09,12.86,-15.05,143525.29,-99.88,-8.04,21.5,-4.29,18.57,97860.52,-100.0
Kings Path Partners LLC,,,,,,,,,,,,,,,,,,inf,0.82,6.47
Kingsbury Capital Investment Advisors LLC,,,,,,,,,inf,-20.82,-0.47,-100.0,,,,,,,,
"Kingstone Capital Partners Texas, LLC",,,,,,,,,,,,,,,,,,,,inf
"Kingsview Wealth Management, LLC",,,inf,1.84,0.23,87.36,27.71,71.7,96457.47,-99.92,-8.09,85984.1,102.59,-4.16,6.97,31.94,33.58,5.79,-18.31,6.08
"Kistler-Tiffany Companies, LLC",,16.09,11.99,51.17,3.76,19.19,2.5,32.29,39.84,-17.17,1.71,84420.94,56.82,19.29,-100.0,,,,,
Kiwi Wealth Investments Limited Partnership,,,,,,,inf,27.01,-48.35,185222.25,0.0,-100.0,,,,,,,,
"Klingman & Associates, LLC",,,,,,,,,,,,,,,,,,inf,5.02,24.36
Knights of Columbus Asset Advisors LLC,,,,,,,,,,,,,,inf,-6.26,27.62,-4.18,20.57,-2.87,10.81
"Knollwood Investment Advisory, LLC",,,,,,,,,,,,inf,43.14,27.92,-8.25,70.9,-3.65,86.99,0.82,6.47
"Knowledge Leaders Capital, LLC",,inf,7.2,-100.0,,,,,,,,,,,,,,,,
Kodai Capital Management LP,,,,,,,,,,,,,,,,,inf,-100.0,,
"Koesten, Hirschmann & Crabtree, INC.",,,,,,,,,,,,,,,,,inf,0.0,20.3,6.47
"Kohmann Bosshard Financial Services, LLC",,,,,,,,,,,,,,,,,,,,inf
"Kolinsky Wealth Management, LLC",,,,,,,,,,,,,inf,-100.0,,inf,-100.0,inf,-9.65,6.56
Kore Private Wealth LLC,,-100.0,,,,,,inf,-45.82,58.65,-100.0,,,,,,,,,
Korea Investment CORP,,-98.28,-100.0,,inf,299.54,32.06,101.98,29.22,-2.82,33.1,115652.7,34.71,2.35,-2.18,6.11,-49.32,-4.73,-4.88,33.2
"Koshinski Asset Management, Inc.",,,,,inf,-5.74,180812.37,17.48,11.39,-99.92,-1.2,84483.61,42.26,-5.65,-6.86,61.15,-14.3,5.63,0.62,-0.36
"Koss-Olinger Consulting, LLC",,,,,,,,,,,,,,,,,,,inf,-100.0
"Kovack Advisors, Inc.",,50.23,1.66,39.48,-6.64,22.92,29.75,16.9,20.62,-22.86,-1.25,84763.68,46.02,72.55,0.06,36.5,21.65,-16.02,-1.77,5.49
"Kovitz Investment Group Partners, LLC",,,,,,inf,9.13,-100.0,,,,,,,,inf,2.4,437.03,1.1,356.81
"Kowal Investment Group, LLC",,,,,,,inf,-100.0,,,,,,,,,,,inf,-100.0
"Kozak & Associates, Inc.",,,,,,,,,,,,,,,,,,,,inf
"Kraft, Davis & Associates, LLC",,,,,,,,,,,,inf,-100.0,inf,4.87,43.89,34.85,-14.8,-10.64,8.73
Krane Funds Advisors LLC,,,,,,,,,,,,,,,,,,,,inf
Krilogy Financial LLC,,,,,,,,inf,11.96,-13.25,25.62,95827.06,42.33,-100.0,,,,,,
"Kula Investments, LLC",,,,,,,,,,,,inf,-100.0,,,,,,,
L & S Advisors Inc,,348.01,-8.08,48.85,-89.96,1019.78,12.87,-47.45,103.37,-22.39,-23.22,42433.62,325.6,28.0,-66.39,187.49,-60.68,136.73,-1.04,0.27
L.M. KOHN & COMPANY,,,,,,,,,,,,,,,,,inf,32.98,-4.86,12.24
L1 Capital Pty Ltd,,,,inf,20.32,-24.69,-100.0,,,,,,,,,,,,,
"L2 Asset Management, LLC",,,,,,,,,,,,,,,inf,44.4,3.2,38.43,4.37,5.63
LA FINANCIERE DE L'ECHIQUIER,,127.13,-100.0,,,,,,,inf,19.72,-6.37,162456.15,20.88,-4.11,10.99,-6.03,7.05,-100.0,
"LAFFER TENGLER INVESTMENTS, INC.",,,,,,,,,,,,,,,,,inf,58.77,7.98,23.2
"LAIRD NORTON TRUST COMPANY, LLC",,,,,,,,,inf,-100.0,,,,,,,,,,
"LAKE STREET ADVISORS GROUP, LLC",,,inf,45.19,-100.0,,inf,24.0,12.9,-20.0,-100.0,,,,,inf,-71.67,29.6,19.9,9.32
LAKE STREET FINANCIAL LLC,,22.76,5.17,51.19,-8.97,14.41,23.47,67.74,74.69,-50.82,3.57,98205.14,43.47,22.49,-9.25,23.66,-100.0,,,
"LAKE STREET PRIVATE WEALTH, LLC",,,,,,,,,,,,,,,,,inf,11.01,-46.29,-8.51
"LANDSCAPE CAPITAL MANAGEMENT, L.L.C.",,,,,,,,,,,,,,,,inf,-100.0,inf,-100.0,
LANNEBO FONDER AB,,,,,,,,,,,inf,0.55,35.86,27.3,-6.56,24.63,-100.0,,,
"LATEEF INVESTMENT MANAGEMENT, L.P.",,64.93,59.23,49.41,-100.0,,,,,,,,,,,,,,,
LATHROP INVESTMENT MANAGEMENT CO,,,,,,,,,,,,,,,,,,,,inf
LATHROP INVESTMENT MANAGEMENT CORP,,,,,,,,,,,,inf,46.08,26.71,-8.74,25.38,-3.7,19.32,-2.32,-100.0
LAZARD ASSET MANAGEMENT LLC,,17.35,14.73,40.71,-24.67,-9.61,29.8,15.59,1.11,-36.9,-97.36,560.89,158.36,-42.52,-42.86,-72.03,68.31,32.69,-48.56,70.94
"LAZARI CAPITAL MANAGEMENT, INC.",,,,,,,,,,,,,,,,inf,-100.0,,,
LBP AM SA,,,,,,,,,,,,,,inf,13.91,16.17,-92.22,-7.28,4.88,149.11
"LEAVELL INVESTMENT MANAGEMENT, INC.",,,,,,,,,,,,,,,,,inf,34.85,97023.85,20.36
LECAP ASSET MANAGEMENT LTD,,,,,,,,,,,,,,,,,inf,-100.0,inf,-100.0
LEE DANNER & BASS INC,,,,,,,,,,,,,,,,inf,-100.0,inf,42.18,204231.85
"LEIGH BALDWIN & CO., LLC",,,,,,,,,,,,,,,,,,,,inf
"LEO BROKERAGE, LLC",,,,,,,,,inf,-39.61,-100.0,,inf,29.54,-100.0,,,,,
"LEVEL FOUR ADVISORY SERVICES, LLC",,37.8,0.69,30.95,-4.34,21.82,28.53,2.42,17.85,-25.56,0.34,96054.02,16.92,31.71,-7.48,22.92,4.24,16.14,3.65,1.72
LGT Financial Advisors LLC,,,,,,,,,,,,,,,inf,25.78,-3.65,19.32,-100.0,
LIBERTY WEALTH MANAGEMENT LLC,,,,inf,0.0,300.0,27.27,-100.0,,,,,,,,,,,,
"LIGHT STREET CAPITAL MANAGEMENT, LLC",,,,,,,,,,,,,,inf,-100.0,,,,,
LINCOLN NATIONAL CORP,,,,,inf,36.34,20.04,37.66,15.35,-21.36,4.84,72604.61,31.33,42.55,63.48,-8.58,77.22,-100.0,,
LITTLE HOUSE CAPITAL LLC,,,,,,,,,,,,,,,,inf,-5.05,16.99,0.82,6.47
LM Advisors LLC,,,,,,,,,,,,,,,,inf,-88.62,11770.29,-99.86,5.22
"LMCG INVESTMENTS, LLC",,,,,,,,,inf,-24.13,-1.13,46011.33,18.45,26.49,-8.25,25.44,8.95,7.72,-21.47,-8.57
LMR Partners LLP,,,,,,,inf,30.76,-37.88,-36.52,-100.0,,inf,-100.0,inf,-100.0,,,,inf
LODESTAR PRIVATE ASSET MANAGEMENT LLC,,,,,,,,,,,,,inf,30.54,-7.17,24.33,0.38,19.32,0.82,6.47
LOGAN CAPITAL MANAGEMENT INC,,,,,,,,,,,,,,,,,,,,inf
"LORD, ABBETT & CO. LLC",,104.24,5.66,19.74,-1.38,14.95,219.73,129.57,123.55,-20.86,-19.66,-37.59,170.08,16.25,0.22,14.43,-86.08,3.71,-9.25,-47.01
LORING WOLCOTT & COOLIDGE FIDUCIARY ADVISORS LLP/MA,,39.34,7.06,43.96,56.49,15.61,29.11,17.97,30.75,-26.69,-1.73,83960.0,42.99,28.8,-2.02,34.88,-16.79,13.15,9.04,3.18
LOS ANGELES CAPITAL MANAGEMENT & EQUITY RESEARCH INC,,inf,-93.68,-100.0,,,,,,,,,,,,,,,,
LOS ANGELES CAPITAL MANAGEMENT LLC,,,,inf,-16.31,-35.26,1278.61,10.42,-73.05,0.52,1269.02,57779.39,95.17,148.02,-10.22,-6.25,-55.03,-34.99,-80.02,-75.87
LPL Financial LLC,,44.88,11.77,69.61,-3.85,23.66,30.1,31.61,41.16,-27.56,3.79,89323.01,63.18,35.89,-1.23,37.97,17.81,26.3,15.09,21.97
"LRI Investments, LLC",,,,,,,,,,,,,,,,,inf,6.6,-44.4,-34.25
"LUTS & GREENLEIGH GROUP, INC",,,,,,,,,,,,,,,,,,inf,-1.02,6.31
LVM CAPITAL MANAGEMENT LTD/MI,,,,,,,,,,,,,,,,,,inf,0.0,32.19
"LYELL WEALTH MANAGEMENT, LP",,43.33,-33.12,45.03,-7.4,20.74,33.08,16.66,10.36,-28.56,-1.46,85428.08,42.77,20.59,-7.22,34.38,1.14,24.15,0.82,6.76
La Banque Postale Asset Management SA,,,,,,,,,,,,inf,40.81,-100.0,,,,,,
"Lafayette Investments, Inc.",,,,,,,,,,,,,,,,,inf,19.32,101.65,-18.37
Laffer Investments,,-100.0,,,,,,,,,,,,,,,,,,
Laffer Tengler Investments,,inf,20.74,-100.0,inf,-100.0,inf,8.95,6.53,-21.98,-10.28,-15.63,46.19,-100.0,,,,,,
"Laffer Tengler Investments, Inc.",,,,,,,,,,,,,,inf,-9.51,29.86,-100.0,,,
Laidlaw Wealth Management LLC,,,,inf,3.03,17.28,30.25,33.21,13.19,-30.09,14.73,88164.28,34.38,43.25,-1.16,24.23,-49.48,16.11,-6.32,2.9
"Laird Norton Wetherby Wealth Management, LLC",,,,,,,,,,,,,,,,inf,-12.01,13.73,-4.34,1.95
"Landsberg, Bennett, & Dubbaneh LLC",,inf,194.98,48.8,3.9,24.39,8.78,-100.0,,,,,,,,,,,,
Lannebo Fonder AB,,inf,103.44,45.2,-18.01,15.21,29.09,-7.01,-16.88,-20.65,-100.0,,,,,,,,,
Lansing Street Advisors,,,,,,,,,,,,inf,-100.0,,,,,,,
Larson Financial Group LLC,,,inf,55.56,85.71,-46.15,28.57,16.67,123.81,-19.15,-2.63,109645.95,12.15,27.92,-19.11,-55.57,776.82,172.59,-42.08,72.77
"Latitude Advisors, LLC",,,,,,,inf,19.48,65.45,-100.0,,,,,,,,inf,2.03,7.02
"Laurel Wealth Advisors, Inc.",,,,inf,-22.93,18.54,18.11,31.36,51.72,5.59,10.6,-9.13,-100.0,,,,,,,
Laurion Capital Management LP,,,,inf,-58.92,-100.0,,inf,276.74,-7.61,-83.99,-100.0,inf,-100.0,,,inf,7.13,-100.0,
"Lauterbach Financial Advisors, LLC",,,,,,,,,,,,,,,,,inf,7.56,11.85,6.47
Lavaca Capital LLC,,,,,,,,,,,,,,,,,,,,inf
Lee Capital Holdings LLC,,,,,,,,,inf,-4.76,-100.0,inf,-100.0,,,,,,,
Lee Financial Co,,,,,,,,,,,,,inf,-100.0,,,,,,
"Leelyn Smith, LLC",,inf,0.0,48300.0,-4.34,-23.11,39.33,19.56,10.29,-30.05,-36.5,131226.16,40.55,28.95,-9.6,21.75,-4.3,19.36,-0.71,4.67
"Left Brain Wealth Management, LLC",,,,,,,,,,,,inf,38.4,41.31,-8.68,25.89,-100.0,,,
"Legacy Advisors, LLC",,,,,,,,,,,,,,,,,inf,173.29,1.75,17.73
"Legacy Bridge, LLC",,-32.81,6.59,64.55,-26.41,22.07,37.39,16.2,11.86,-21.56,-0.53,85101.94,16.57,34.05,-8.25,25.78,-1.16,19.32,0.82,6.58
"Legacy Capital Group California, Inc.",,,,,,,,,,,,,,,,,,,,inf
"Legacy Capital Wealth Partners, LLC",,,,,,,,,,,,,,,,inf,-100.0,inf,-1.96,11.51
"Legacy Financial Advisors, Inc.",,,,,,,,,,,,,,,,,inf,20.14,40.29,10.05
Legacy Financial Group LLC,,,,,,,,,,,,,,,inf,-100.0,,,,
"Legacy Financial Strategies, LLC",,,,,,,,,,,,,,,,,,inf,59.47,75.97
"Legacy Investment Solutions, LLC",,,,,,,,,,,,,,,,,,,,inf
Legacy Private Trust Co.,,,,,,,,,,,,,,,,,,,inf,35.53
Legacy Trust,,,,,,,,,,,,inf,42.07,27.26,-9.37,18.57,-5.23,23.41,-0.22,4.97
"Legacy Wealth Management, LLC / MS",,41.84,5.95,37.01,-8.18,14.81,29.98,16.7,12.16,-20.65,-2.41,-14.81,43.14,27.19,-8.59,25.04,42.54,19.27,1.56,0.03
"Legacy Wealth Managment, LLC/ID",,,,,,,,,,,,,,,,,,,,inf
"Legacy Wealth Planning, LLC",,,,,,,,,inf,-100.0,,,,,,,,,,
"Legal Advantage Investments, Inc.",,,,,,,,,inf,301.15,26.74,89964.81,94.11,27.92,-5.09,24.84,4.43,23.93,5.33,6.24
Leisure Capital Management,,,,,,inf,29.47,16.04,11.9,-20.69,0.0,85140.58,42.38,27.92,-7.1,25.78,-1.6,19.32,0.82,6.47
"Lenox Wealth Advisors, LLC",,-100.0,,,,,,inf,-100.0,,,,,,,,,,,
"Leo Wealth, LLC",,,,,,,,,,,,,,,,inf,2.27,20.44,3.5,10.05
Leverage Partners Absolute Return Fund SPC,,,,,,,,,inf,-100.0,,,,,,inf,97.38,-32.47,-100.0,
"Lewis Asset Management, LLC",,,,,,,,,,,,,,,,,,inf,10.98,6.57
"Liberty Capital Management, Inc.",,,,,,,,,,,,,,,inf,306.26,26.58,46.35,6.18,7.01
Liberty Wealth Management LLC,,66.67,-8.0,-100.0,,,,,,,,,,,,,,,,
"Lido Advisors, LLC",,,,,,,,,,,inf,223066.18,1669.55,54.83,0.45,82.17,16.5,-17.07,9.0,13.01
"Life Planning Partners, Inc",,,,,,,,,,,,,,,,inf,-100.0,,,
"LifePlan Financial, LLC",,,,,,,,,,,,,,,,inf,-10.05,13.01,46.16,4.43
LifePro Asset Management,,,,,,,,,inf,-100.0,,,,,,,,,,
"LifeSteps Financial, Inc.",,,,,,,,,,,,,,,,,inf,-100.0,,
"Lifestyle Asset Management, Inc.",,,,,,,,,,,,,,,,inf,-100.0,,,inf
"Lifeworks Advisors, LLC",,,,,,,,,,,,,,inf,-8.25,-100.0,,,,
"Lindbrook Capital, LLC",,-14.29,116.67,-15.38,18.18,-15.38,54.55,111.76,-38.89,345.45,47.96,75925.52,39.15,593.57,-29.18,37.13,-3.26,27.35,3.02,7.5
Linden Advisors LP,,,,inf,-100.0,inf,81.2,33.41,67.89,-39.17,-7.2,74861.84,-37.28,24.62,-100.0,,,,,
"Linden Thomas Advisory Services, LLC",,,,,,,,,,,,inf,46.55,29.29,-30.17,33.36,1.27,15.2,5.1,11.76
"Linscomb & Williams, Inc.",,-70.43,457.35,64.56,-0.64,20.71,40.02,15.6,12.69,-24.04,2.12,87038.9,40.44,26.26,-8.95,23.86,-100.0,,,
"Linscomb Wealth, Inc.",,,,,,,,,,,,,,,,,inf,19.41,-0.74,5.81
Liontrust Investment Partners LLP,,,,inf,-100.0,,inf,25.64,13.13,-23.49,-5.53,-36.33,24.56,23.71,-42.42,-8.6,-15.62,-1.76,0.0,3.44
Lipe & Dalton,,,,,,,,,,,,,inf,27.57,-0.85,26.07,-3.73,19.37,0.88,6.43
Litman Gregory Asset Management LLC,,,,inf,-10.26,-100.0,,,,,,,,,,,,,,
"Livforsakringsbolaget Skandia, Omsesidigt",,40.24,6.52,103.27,-9.44,89.14,6.68,-32.75,11.93,-42.34,-75.19,63671.43,43.18,27.92,-8.25,119.44,168.77,8.46,123.29,-34.77
Livingston Group Asset Management CO (operating as Southport Capital Management),,,,,,,,inf,-100.0,,,,,,,,,,,
"Long Island Wealth Management, Inc.",,,,,,,,,,,,,,,,inf,-100.0,,,
"Long Run Wealth Advisors, LLC",,,,,,,,inf,11.43,-21.86,1.25,88916.88,38.58,8.4,-6.11,33.89,-0.7,25.55,-8.42,-8.61
Longbow Finance SA,,,,,,,,,,,,,,,,inf,-12.17,13.4,0.82,11.76
Louisiana State Employees Retirement System,,,,,,,,inf,14.65,-17.99,-3.12,-20.63,144002.91,220.23,4.86,27.82,-4.08,20.13,-1.7,3.12
"Lowe Wealth Advisors, LLC",,,,,,,,,,,,,,,,,inf,-100.0,,
"Luken Investment Analytics, LLC",,,,,,,,,,,,,,,,,,,,inf
"Lumature Wealth Partners, LLC",,,,,,,,,,,inf,-100.0,,,,,,,,
Lumina Fund Management LLC,,-100.0,,,,,,,,,,,,,,,,,,
Lunia Capital LP,,,,inf,-100.0,inf,22.03,-100.0,,,,,,,,,,,,
"Lynch Asset Management, Inc.",,,,,,,,inf,10.95,297.42,8.32,154673.98,43.14,33.67,-8.25,22.64,-1.39,19.32,0.82,6.47
Lynx Investment Advisory,,,,,,,,,,,,,,,,,,inf,-100.0,
"Lyon Street Capital, LLC",,,,,,,,inf,-9.3,-100.0,,,,,,,,,,
M&G INVESTMENT MANAGEMENT LTD,,12.32,-1.67,10.52,-29.42,3.94,1.07,-15.01,-25.66,-22.19,-2.6,57512.38,75.74,-72.3,-9.89,-55.19,-100.0,,,
M&G Investments (USA) Inc.,,,,,,,,,,,,,,,,inf,-100.0,,,
M&G PLC,,,,,,,,,,,,,,,,,,,inf,6.93
M&G Plc,,,,,,,,,,,,,,,,,inf,19.37,-100.0,
M&T Bank Corp,,,,,,,,,,,,inf,-28.42,367.35,-80.68,25.78,-100.0,,,
"M.D. Sass, Inc.",,,,,,,,,,,,,,,inf,18.71,-100.0,,,
"M.D. Sass, LLC",,,,,,,,,,,,,,,,,inf,-65.47,-11.28,37.25
"M.E. ALLISON & CO., INC.",,,,,,,,,,,,,,,,,,,,inf
"M3 Advisory Group, LLC",,,,,,,,,,,,,,,,,,inf,2.34,7.2
MACKAY SHIELDS LLC,,10.44,5.44,-61.86,-6.34,72.28,136.13,-48.96,11.46,-19.87,1.41,85914.25,-1.58,-58.71,-100.0,inf,-0.84,10.84,-44.23,6.44
MACKENZIE FINANCIAL CORP,,33.84,136.88,-33.51,9.2,26.5,719.69,9.47,246.64,-21.12,-30.48,87745.11,11.04,-30.76,-21.24,20.93,-7.89,22.56,-11.85,112.26
MACQUARIE GROUP LTD,,49.42,25.08,56.07,-16.73,12.89,16.96,-1.04,30.9,129.52,-47.64,75216.48,86.82,34.95,-82.14,1.56,-66.55,145.63,25.05,-8.08
MACROVIEW INVESTMENT MANAGEMENT LLC,,,inf,-100.0,,,inf,-100.0,,inf,-100.0,,,,inf,-100.0,,,,
MADDEN SECURITIES Corp,,,,,,,,,,,,inf,-100.0,,inf,14.29,45.93,26.28,-0.87,1.19
MAGNOLIA CAPITAL ADVISORS LLC,,,,,,,,,,,,,,,,,,inf,617.32,6.47
MAI Capital Management,,-69.37,81.57,123.46,10.54,326.47,73.77,18.15,33.86,-32.53,-10.74,66702.3,40.43,29.01,-23.33,27.33,-1.96,17.24,-4.32,22.85
MAIRS & POWER INC,,,,,,,,,,,,,inf,24.54,-3.46,80.04,8.97,20.44,-8.79,0.59
MAKENA CAPITAL MANAGEMENT LLC,,-100.0,,,inf,23.81,29.09,-35.08,-100.0,,,,,,,,,,,
MANCHESTER FINANCIAL INC,,,,inf,0.0,-100.0,,,,,,,,,,,,,,
"MANGROVE PARTNERS IM, LLC",,,,,,,,,,,,,,,,,,,,inf
"MAPLELANE CAPITAL, LLC",,,,,,,inf,-100.0,inf,-49.53,39.43,-100.0,,,,,,,,
MARCO INVESTMENT MANAGEMENT LLC,,32.65,30.35,42.54,-9.37,42.87,112.9,16.24,45.65,-20.44,9.01,87591.26,43.75,33.87,-4.99,25.98,18.15,22.27,3.75,4.82
"MARINO, STRAM & ASSOCIATES LLC",,,,,inf,-100.0,inf,15.98,12.67,-20.51,-0.74,85193.75,43.14,27.92,-8.43,26.61,-3.96,18.78,-100.0,
"MARK SHEPTOFF FINANCIAL PLANNING, LLC",,60.0,0.0,487.5,-8.51,13.95,30.61,15.62,12.16,-10.84,-66.22,83624.0,43.14,27.92,-8.25,25.78,-3.64,19.31,0.82,6.47
"MARSHALL INVESTMENT MANAGEMENT, LLC",,,,,,,,,,,,,,,,,,,,inf
"MARSHALL WACE, LLP",,inf,-82.42,384.3,231.86,28.32,128.43,-100.0,,,,,,,inf,-40.51,-100.0,,,
MARSICO CAPITAL MANAGEMENT LLC,,,,,,,,,,,,inf,43.14,27.92,-7.56,25.78,-100.0,,,
MARTINGALE ASSET MANAGEMENT L P,,,,,,,,,,,,,,,,,,,,inf
MARVIN & PALMER ASSOCIATES INC,,,,,,,,inf,31.6,-24.33,-5.77,-100.0,,,,inf,-100.0,,,
MAS Advisors LLC,,,,,,,,,,,,,,,,inf,-100.0,,,
MASSACHUSETTS FINANCIAL SERVICES CO /MA/,,,,,,,,,,,inf,201852.54,55.23,80.2,-5.71,22.25,-18.44,-100.0,,
MASSMUTUAL TRUST CO FSB/ADV,,,,inf,14.29,475.0,26.09,17.24,-39.71,0.0,29.27,-16.98,119743.18,91.88,-1.76,82.14,-1.13,2128.54,6.02,-100.0
MASTRAPASQUA ASSET MANAGEMENT INC,,42.27,3.0,40.14,2.26,15.54,27.31,14.1,6.96,-21.53,0.86,85039.82,40.82,27.06,-9.96,-100.0,,,,
"MATHER GROUP, LLC.",,,,,,,,inf,11.89,-100.0,,,inf,68.55,-4.27,31.78,0.17,31.77,15.88,20.84
MAVERICK CAPITAL LTD,,343.7,-100.0,,inf,59.55,-100.0,,inf,81.52,-36.32,-100.0,,,inf,99.47,20.74,8.94,-100.0,
MBA Advisors LLC,,,,,,,,,,,,,,,,,,,,inf
MBB PUBLIC MARKETS I LLC,,,,,,,,inf,-100.0,,,,,,,,inf,1332.59,-96.04,-100.0
"MBE Wealth Management, LLC",,,,,,,,,,,,,,,,,,,,
MCDANIEL TERRY & CO,,,,,,,,,inf,-20.58,-0.36,-100.0,inf,-100.0,,,inf,15.9,-14.63,6.43
MCF Advisors LLC,,,,,,,,,,,,,,,inf,59.31,6.5,87.5,25.26,-7.81
MCKINLEY CAPITAL MANAGEMENT LLC,,,,,,,,,,,,,inf,-38.69,-12.41,24.26,-19.3,3.89,-100.0,
MCKINLEY CAPITAL MANAGEMENT LLC /DELAWARE,,,,,,,,,inf,71.66,-0.6,81333.91,-100.0,,,,,,,
MCMILLION CAPITAL MANAGEMENT INC,,,,inf,-100.0,,,,,,,,,,,,,,,
"MEAG MUNICH ERGO, Kapitalanlagegesellschaft mbH",,,,,,,,,,,,,,,,,,inf,39.63,7.78
"MEANS INVESTMENT CO., INC.",,,,,,,,,,,,,,inf,-1.9,21.77,169.33,43.97,-4.51,10.73
MEEDER ASSET MANAGEMENT INC,,,,,,,,,,,,,,,,,inf,37.42,46.16,-24.28
MERCER GLOBAL ADVISORS INC /ADV,,,inf,43.81,205.96,-69.86,36.56,38.38,-27.37,-3.69,-4.36,121.38,56.02,25.96,62.1,-39.71,9.34,118526.35,13.41,-24.73
MERIDIAN MANAGEMENT CO,,5.83,5.41,44.69,-7.89,-28.22,28.36,15.26,-95.83,-100.0,,,,,,,,,,
MEYER HANDELMAN CO,,,,inf,-9.55,15.56,28.85,-100.0,,,,,,,,,,,,
"MFA WEALTH ADVISORS, LLC",,,,,,,,,,,,,,,,,,inf,0.82,-100.0
MFA Wealth Services,,,,,,,,,,,,,,,,,,,,inf
"MFG WEALTH MANAGEMENT, INC.",,,,,,,,,,,,,,,,,,,,inf
MGO ONE SEVEN LLC,,,,,,,,,,inf,196.36,60385.53,172.82,-39.69,-7.48,288.61,-1.36,16.61,6.57,14.88
MID ATLANTIC FINANCIAL MANAGEMENT INC/ADV,,inf,1.9,41.86,-7.54,15.6,31.29,-100.0,,,,,,,,,,,,
MIDDLETON & CO INC/MA,,,,,,,,,inf,-21.24,-15.74,97032.09,57.53,40.46,-6.59,30.62,16.85,18.53,1.28,7.22
MIDLAND WEALTH ADVISORS LLC,,,,,,,,,,,,,,,,inf,-6.87,10.68,-2.7,-2.58
"MIG Capital, LLC",,,,,,,,,,,,,,,,,,,,inf
"MINDSET WEALTH MANAGEMENT, LLC",,,,,,,,,,,,,,,,,,,inf,31.38
MIRABELLA FINANCIAL SERVICES LLP,,,,,inf,-100.0,,,,,,,inf,-100.0,,,,inf,-100.0,inf
"MISSION CREEK CAPITAL PARTNERS, INC",,40.2,5.81,-100.0,,,,,,,,,,,,,,,,
"MISSION WEALTH MANAGEMENT, LP",,,,,,,inf,25.96,18.32,-21.29,-0.82,152356.2,35.63,38.8,-5.47,33.72,149.43,46.8,33.07,27.65
MJP ASSOCIATES INC /ADV,,,,,,,,,,,,,,inf,70.81,26.01,3.9,-24.4,-5.16,-0.8
MMBG INVESTMENT ADVISORS CO.,,,,,,,,,,,,,,,,,inf,65.93,61.61,19.68
MOGY JOEL R INVESTMENT COUNSEL INC,,37.72,5.36,47.23,0.28,35.14,35.73,136.12,-43.61,-19.66,0.52,86447.87,44.78,30.87,-7.33,24.64,-2.67,21.85,2.15,6.8
"MONECO Advisors, LLC",,,,,,,,,,,,,,,,,,inf,16.09,83.53
MONETA GROUP INVESTMENT ADVISORS LLC,,,,,,,,inf,-1.32,-8.0,-100.0,inf,-36.34,32.72,31.26,27.08,53.65,52.39,15.57,20.72
MONETARY MANAGEMENT GROUP INC,,-100.0,,,,,,,inf,77.72,-0.59,128631.58,6.01,-11.12,20.07,0.85,12.59,19.32,-16.38,-2.4
MONEY CONCEPTS CAPITAL CORP,,,,,,,,,inf,204.5,5.03,146634.93,-39.95,37.08,25.87,51.24,17.87,32.64,4.25,15.62
"MONTAG & CALDWELL, LLC",,,,,,,,,,,,,inf,32.03,71.01,-18.94,-59.09,-6.89,-3.29,-4.24
MONTAG A & ASSOCIATES INC,,38.63,-21.8,-30.17,-9.05,15.84,42.97,16.39,11.74,-54.62,381.94,31172.53,69.16,47.08,-1.33,23.73,-45.54,19.32,0.46,6.4
"MOODY LYNN & LIEBERSON, LLC",,1007.9,6.25,-81.21,-9.12,366.39,55.94,16.75,16.45,-21.31,14.75,-34.62,126926.86,25.5,-13.96,30.07,-42.49,18.71,1.26,5.28
MOODY NATIONAL BANK TRUST DIVISION,,-29.93,24.65,45.2,-9.34,77.97,-35.45,16.19,3.22,-11.63,-0.59,-15.37,142507.68,30.7,13.55,8.64,-4.3,17.34,6.46,4.51
"MOORE CAPITAL MANAGEMENT, LP",,,inf,-68.51,-100.0,,inf,284.7,269.68,15.57,101.75,-100.0,inf,80.21,1525.11,16.58,-100.0,inf,-11.77,-100.0
MORGENS WATERFALL VINTIADIS & CO INC,,,,,,,,,inf,-44.96,-0.5,-100.0,,,,,inf,-100.0,,
MOTCO,,,,,,,,,inf,-20.05,-0.68,86176.26,41.05,17.74,-15.59,19.56,-11.05,17.58,-7.45,4.18
"MPWM ADVISORY SOLUTIONS, LLC",,,,,,,,,,,,,,,,,,,,inf
MQS Management LLC,,,,,,,,,,,,inf,-100.0,,,,,,inf,-100.0
MRA Advisory Group,,,,,,,,,,,,,,,,inf,-100.0,inf,-17.17,8.37
"MRP Capital Investments, LLC",,,,,,,,,,,,inf,54.16,15.2,434.53,-76.51,-1.54,4.09,2.31,5.24
MUFG SECURITIES AMERICAS INC.,,,,,,,,,,,,,,,,,,,,inf
MUFG Securities EMEA plc,,inf,-100.0,inf,-54.11,-100.0,,,,,inf,-17.65,42.86,475150.0,-74.84,25.78,-3.65,19.32,0.82,-100.0
MUTUAL OF AMERICA CAPITAL MANAGEMENT LLC,,40.0,6.59,37.8,-12.22,39.77,29.07,16.22,11.79,-20.61,-0.46,81184.2,43.14,1496.59,-11.37,21.71,-5.22,17.75,-1.39,4.31
"MV CAPITAL MANAGEMENT, INC.",,,,,,,,,,,,,,inf,377.09,72.54,7.16,58.42,22.52,10.91
MWA Asset Management,,,,,,,,,,,,,,,inf,42.32,6.98,18.44,-2.41,6.09
"Mach-1 Financial Group, Inc.",,,,inf,-100.0,,,,,,,,,,,,,,,
"Mach-1 Financial Group, LLC",,,,,,,,,,inf,-100.0,,,,,,,,,
Magnetar Financial LLC,,-8.86,354.45,-100.0,inf,127.44,179.39,-42.37,12.07,-100.0,inf,-100.0,inf,-35.81,-100.0,,,,,
Magnus Financial Group LLC,,,,,,,,,inf,-6.67,4.89,86273.16,46.99,31.2,-5.11,28.05,-0.22,23.3,4.24,8.33
Maia Wealth LLC,,,,,,,,,,,,,,,,inf,-100.0,inf,-3.06,10.64
"Main Street Financial Solutions, LLC",,,,inf,-5.16,16.34,30.21,-3.92,13.95,1.19,-2.51,82199.55,21.02,21.71,-8.33,8.8,78.77,34.32,-60.08,12.96
"Main Street Group, LTD",,,,,,,,,,,,,,,,inf,-5.2,21.99,-100.0,
Main Street Research LLC,,,,,,,,,,,inf,85091.93,-83.95,35.82,4863.93,26.55,-0.12,-91.52,-2.7,13.88
MainStreet Investment Advisors LLC,,,,,,,,,,,,,,,,,,inf,-22.98,4.92
Mainstream Capital Management LLC,,,,,,,,,,,,,,,,,,,inf,7.02
"Malaga Cove Capital, LLC",,,,inf,23.57,-100.0,,,,,,,,,,,,,,
Man Group plc,,,,,,,,,,,inf,-100.0,,,,,,,,
Manchester Capital Management LLC,,,,inf,-100.0,,,,,inf,285.71,74322.22,43.14,33.25,6.46,47.46,136.61,31.7,55.52,6.47
"Mango Five Family, Inc.",,,,,,,,,,,,,,,,inf,-3.65,-100.0,,
"Manhattan West Asset Management, LLC",,,,,,,,,,,,,,,,,,inf,1.35,8.05
Marathon Capital Management,,,,,,,inf,-100.0,,,,,,,,,,,,
Marathon Trading Investment Management LLC,,,inf,39.31,-87.06,-100.0,,,,,,,,,inf,-100.0,,,,
Marcho Partners LLP,,-100.0,,,,,,,,,,,,,,,,,,
"Marcum Wealth, LLC",,,,,,,,,,,,,,,,inf,6.72,16.04,18.23,9.68
"Marietta Wealth Management, LLC",,,,,,,,,,,,inf,156.12,18.96,-7.69,23.38,-9.63,18.8,5.14,5.37
"Mariner, LLC",,,,,,,,,,inf,10.49,-9.96,59.87,130950.72,-10.08,39.13,3.16,29.78,2.18,12.19
Marion Wealth Management,,,,,,,,,,,,,,,,,,,inf,6.99
Mark Stevens,,,,,inf,-100.0,,,,,,,,,,,,,,
"Marquette Asset Management, LLC",,,,,,,,,,,,,,,,,,,,
Marshall & Sterling Wealth Advisors Inc.,,,,,,,,,,,,,,,,,,,,inf
"Marshall Financial Group, LLC",,,,,,,,,,,,,,,,,,,,inf
Marshall Wace North America L.P.,,,,,inf,-100.0,inf,-100.0,,,,,,,,,,,,
Maryland Capital Management,,,,,,,,,inf,-100.0,,,,,,,,,,
Maryland State Retirement & Pension System,,,,inf,346.86,21.65,21.79,16.66,14.82,-20.66,-100.0,inf,45.65,23.82,-6.5,27.14,-4.39,22.83,-25.29,4.25
Mascoma Wealth Management LLC,,,,,inf,-100.0,inf,10.0,9.09,-16.67,0.0,83720.0,30.61,-65.23,10.85,25.78,-3.65,19.32,0.82,172.11
Mason & Associates Inc,,,,,,,,,,,,,,,,,inf,19.32,-0.58,6.47
"MassMutual Private Wealth & Trust, FSB",,,,,,,,,,,,,,,,,,,,inf
Masso Torrence Wealth Management Inc.,,,,,,,,inf,-100.0,,,,,,,,,,,
Mattern Wealth Management LLC,,,,,,,,,,,,,,,,,inf,17.82,8.93,3.72
"Mattson Financial Services, LLC",,,,,,,,,,,,,,,,,,inf,-0.74,-100.0
Maxi Investments CY Ltd,,,,,,,,,,,,,,,,,inf,709.63,-100.0,
"May Hill Capital, LLC",,,,,,,,,,,,,,,,,,,,inf
"MayTech Global Investments, LLC",,,,,,,inf,3140.5,-38.15,7.28,-2.58,82699.2,56.23,54.78,53.27,-36.75,13.17,21.76,15.4,10.0
"Mayflower Financial Advisors, LLC",,,,inf,-100.0,inf,38.36,8.91,21.52,-23.94,-3.28,93415.59,46.83,27.86,-4.99,26.74,-31.34,21.77,-0.95,7.07
"Maytus Capital Management, LLC",,,,,inf,-100.0,inf,142.42,22.53,-33.55,-64.37,-100.0,inf,6.6,-100.0,,inf,131.17,-100.0,
"McAlister, Sweet & Associates, Inc.",,,,,,,,,,,,,,,,,,inf,-100.0,
"McCarthy Asset Management, Inc.",,,,,,,,inf,0.0,-100.0,,,,,,,,,,
"McClarren Financial Advisors, Inc.",,,,,inf,-100.0,,inf,-50.0,-100.0,,,inf,-100.0,,,,inf,25.0,-100.0
"McDonough Capital Management, Inc",,,,,,,,,,,,,,,,,,,,inf
"McGlone Suttner Wealth Management, Inc.",,,,,,,,,,,,,,,,inf,14.75,-12.86,16.77,15.11
"McGowan Group Asset Management, Inc.",,,,,,,,,,,,,,,,,,,,inf
"McHugh Group, LLC",,,,,,,,,,,,,,,,,,,,inf
"McIlrath & Eck, LLC",,,,,,,,,,,,,,,,,,,inf,6.47
"McNamara Financial Services, Inc.",,,,,,,,,,,,,,inf,-6.31,19.03,-3.65,19.32,0.82,6.47
MeadowBrook Investment Advisors LLC,,,,,,,,,,,,,,,,inf,-3.06,6.43,-0.28,5.84
Mechanics Bank Trust Department,,,,,,,,,,,,,,inf,15.47,13.72,10.85,29.81,1.16,-0.93
Mechanics Financial Corp,,,,,,,,,,,,,,,,,,inf,47.96,-100.0
Mediolanum International Funds Ltd,,,,,,,,,,,,,,,,,inf,-12.69,2.27,11.74
"Meeder Advisory Services, Inc.",,,,,,,,,,,,inf,206.2,46.47,-22.48,34.5,0.86,68.23,1.73,11.16
Meiji Yasuda Life Insurance Co,,40.25,-9.52,92.56,-21.6,-13.29,49.81,30.69,-23.11,-30.79,-1.42,-10.35,46.04,22.98,116857.17,-11.91,-23.84,17.05,48.02,5.11
Melqart Asset Management (UK) Ltd,,,,inf,1628.86,-26.91,-100.0,,inf,-39.44,-19.66,-100.0,,,,,,,,
Menard Financial Group LLC,,inf,22.84,73.33,-14.57,20.62,46.56,19.3,12.7,-24.73,-51.26,85102.72,43.14,41.87,0.33,32.7,32.28,41.72,-14.23,23.91
Mendel Money Management,,,inf,47.55,-3.85,13.45,75.59,17.4,11.89,-19.85,-2.2,84588.63,35.41,14.61,83.81,24.08,-55.53,18.95,-1.85,-1.11
"Mendota Financial Group, LLC",,,,,,,,,,,,,,,,,,,inf,-100.0
"Meridian Wealth Advisors, LLC",,,,,,,,,,inf,-0.38,85056.65,43.14,27.92,-8.25,25.78,5.36,24.07,-0.28,22.87
"Meridian Wealth Management, LLC",,,,,inf,-20.54,29.98,46.27,32.29,-12.13,1.71,49875.8,44.61,58.0,499.33,-35.71,-6.55,-100.0,inf,4.69
"Meridian Wealth Partners, LLC",,,,,,,,,,,,,,,,,,,,
Meridiem Investment Management Ltd.,,,,,,,,,,,,,,,,,,,inf,-21.35
"Meristem Family Wealth, LLC",,,,,,inf,33.5,16.19,5.85,-100.0,,,,,,,,,,
"Merit Financial Group, LLC",,,,,,,inf,-100.0,,,,,inf,-54.02,-6.57,105.58,-56.7,33.4,-49.88,1191.24
"Merriman Wealth Management, LLC",,,,,,,,inf,123.76,-60.25,-100.0,,,,,,,,,
"Merrion Investment Management Co, LLC",,,,,,,,,,,,,,,,,inf,19.32,0.82,6.47
"Mesirow Financial Investment Management, Inc.",,,,,,,,,,,,,,,,inf,21.17,-8.5,16.72,-2.93
Metatron Capital SICAV plc,,,,,,,,inf,-100.0,,,,,,,,,,,
"Metis Global Partners, LLC",,,,,,,,,inf,-14.88,0.0,141381.88,181.99,116.17,17.57,16.92,-3.43,23.79,2.88,10.93
Michael & Susan Dell Foundation,,,,,,,,,,,,,,,,inf,-3.65,-100.0,,
Michael B. Yongue,,,inf,47.35,-26.38,-100.0,,,,,,,,,,,,,,
Middleton & Co Inc/MA,,39.38,6.6,44.61,87.66,-36.23,28.56,18.21,-100.0,,,,,,,,,,,
"Midwest Capital Advisors, LLC",,,,,,,,,,,,,,,,,,,,inf
"Mill Creek Capital Advisors, LLC",,,,,,,,,,,,inf,-100.0,,,,,,,
Miller Financial Services LLC,,,,,,,,,,,,,,,,,,,,inf
"Millstone Evans Group, LLC",,,,,,,,,,,,,,,,,,,,inf
"Mine & Arao Wealth Creation & Management, LLC.",,,,,,,,,,,,,,,,,inf,-100.0,,
"MinichMacGregor Wealth Management, LLC",,,,,,,,,,,,,,,,,,,inf,8.97
Minot Wealth Management LLC,,,,inf,-14.68,-100.0,inf,10.2,11.73,-12.15,-100.0,,,,,,,,,
Mint Tower Capital Management B.V.,,,inf,230.34,68.54,-83.08,1192.05,93.53,128.61,1.31,99.95,-56.87,265.9,-60.5,-76.79,-100.0,,,,
Mirabaud & Cie SA,,,,,,,,,,,,,,,,,,inf,0.82,46.4
"Miracle Mile Advisors, LLC",,-10.82,-40.95,60.79,-23.75,11.17,37.69,14.87,-100.0,,inf,91932.63,44.56,45.94,-21.88,47.66,6.33,20.78,9.8,13.02
Mirador Capital Partners LP,,,,inf,-1.98,34.01,33.53,80.32,22.33,-16.0,-0.85,89157.51,43.22,28.96,-2.22,29.99,171.82,28.58,3.06,7.69
"Mirae Asset Global Investments Co., Ltd.",,,inf,56.72,-2.86,43.14,3760.96,145.29,2210.05,-28.98,-94.6,95056.75,27.49,20.92,2.9,36.0,-16.58,9.78,17.13,24.09
"Mission Creek Capital Partners, Inc.",,,,inf,-9.38,14.32,21.23,7.46,11.84,-21.1,-4.14,85753.79,42.53,14.45,-12.83,24.36,8.96,49.67,-5.53,8.3
Missouri Trust & Investment Co,,,,,,,,inf,21.46,-18.96,-2.22,0.5,135285.58,6.98,-2.33,20.89,16.35,17.47,3.96,4.58
Mitsubishi UFJ Trust & Banking Corp,,163.3,-50.24,44.92,-30.45,11.56,24.08,2.64,7.92,-15.81,2.17,88417.07,48.63,32.93,-8.96,25.62,-7.81,36.82,-0.92,6.45
Mn Services Vermogensbeheer B.V.,,,,,,,,,,inf,-5.73,-26.97,49.03,26.53,-6.29,21.8,-14.57,16.79,-1.6,9.01
"Modern Wealth Management, LLC",,,,,,,,,,,,,,,,,inf,19.01,3.72,18.88
"Modus Advisors, LLC",,inf,247.22,57.28,-2.44,13.45,30.38,4.79,17.59,-20.02,0.39,86397.9,41.5,29.25,-7.51,27.92,-2.07,21.78,1.53,6.73
"Mohican Financial Management, LLC",,-100.0,,,,inf,-100.0,,,,,,,,,,,,,
"Moisand Fitzgerald Tamayo, LLC",,40.0,3.57,48.28,-9.3,15.38,26.67,17.54,-100.0,inf,0.0,85042.37,202.19,27.92,-8.25,25.78,-3.01,19.31,-12.49,5.19
"Moloney Securities Asset Management, LLC",,,,inf,-100.0,inf,36.44,10.98,291.44,-56.01,52.02,81956.38,59.88,-76.05,22.16,208.53,22.6,34.15,-1.47,10.25
Monaco Asset Management SAM,,,,,,,,,,,,,,,,inf,-100.0,,,
"Mondrian Capital Management, LLC",,,inf,-100.0,,,,,,,,,,,,,,,,
Montecito Bank & Trust,,inf,14.66,45.17,-9.39,15.12,31.14,33.05,91.08,-20.65,-7.16,-34.91,112968.78,25.4,-7.76,19.3,-3.65,9.44,0.24,6.21
Montz Harcus Wealth Management LLC,,,,,,,,,,,,,,inf,-8.25,26.65,-1.65,17.03,-5.89,6.47
Moody Aldrich Partners LLC,,,,,,,,,,,,,,,inf,21.57,-100.0,,,
"Moors & Cabot, Inc.",,-100.0,inf,45.03,-51.83,28.91,117.28,51.61,21.88,-20.79,5.2,192278.57,-31.44,52.81,-21.67,30.09,13.31,21.0,0.91,11.1
"Moran Wealth Management, LLC",,,,,,,,,,,,,,,,inf,35.39,-100.0,,
Moreno Evelyn V,,,,,,,inf,284.37,11.9,-29.11,-53.03,175100.23,209.77,-37.07,-9.81,-55.81,-100.0,,,
Morningstar Investment Services LLC,,,,,,,,,,,,,,inf,-3.01,177.24,-100.0,inf,86.02,-100.0
"Morse Asset Management, Inc",,,,,,,,inf,53.5,-19.14,2.68,-23.43,38.36,31.66,-6.82,10.31,3.99,19.42,100167.12,8.71
Mosley Wealth Management,,,,,,,,,,,,,,,,inf,-0.8,81.69,33.6,5.96
Moss Adams Wealth Advisors LLC,,,,,,,,,,,,,,,,,,,inf,61.58
Motley Fool Asset Management LLC,,30.93,37.27,51.63,-3.66,18.59,27.59,22.49,7.56,-21.08,-6.24,82138.24,-100.0,inf,1.05,36.28,124.97,-21.62,2.01,25.39
"Motley Fool Wealth Management, LLC",,35.95,7.21,46.57,-10.35,13.42,25.47,13.5,7.42,-22.27,-2.87,82497.72,135.65,25.41,-9.37,20.17,-27.43,15.99,-46.82,-0.99
"Mount Yale Investment Advisors, LLC",,,,,,,,,,,inf,-100.0,inf,-100.0,,,,,inf,83.08
"Mowery & Schoenfeld Wealth Management, LLC",,,,,,,,,,,,,,,,inf,-3.64,19.31,706.56,-81.1
Murphy & Mullick Capital Management Corp,,,,,,,,,,,,,,,,,,,,inf
"Mutual Advisors, LLC",,inf,19.36,5.75,-9.32,21.63,29.75,20.76,6.52,-14.03,-46.63,85067.59,60.07,29.64,6.7,34.3,125.7,1.08,10.66,-5.29
Myriad Asset Management Ltd.,,129.24,13.97,-100.0,,,,,,,,,,,,,,,,
Myriad Asset Management US LP,,,,,,,,,,,,,,,,,,,,inf
NAPATREE CAPITAL LLC,,,,,,,,,,,,,,,,,,,inf,9.52
"NATIONS FINANCIAL GROUP INC, /IA/ /ADV",,,,,,,,inf,25.78,-1.93,-71.13,204688.8,36.12,10.76,-7.88,111.5,40.9,19.76,5.48,9.1
NATIXIS,,3.92,10.56,203.81,-52.28,212.38,372.0,8.28,-68.74,82.33,53.22,64895.47,-98.14,-100.0,,,,,,
"NATURAL INVESTMENTS, LLC",,,,,,,,,,,,,,,,,,,,inf
NAVELLIER & ASSOCIATES INC,,,,,,,,,,,,,,,,inf,-3.65,19.32,0.82,6.47
"NBC SECURITIES, INC.",,,,,,,,,,,,,,,inf,37.06,-31.52,24.51,7.28,7.73
NBT BANK N A /NY,,,,inf,-100.0,,inf,118.68,16.83,-6.45,98.62,47253.12,109.2,40.25,-10.88,39.59,3.87,42.64,6.32,20.88
NBW CAPITAL LLC,,,,,,inf,29.41,14.87,-13.7,-20.23,2.33,85690.69,13.16,25.84,8.65,23.67,-12.39,19.69,1.98,3.03
"NCM Capital Management, LLC",,,,,,,,,,,,,,,,,inf,19.32,0.82,6.47
NCP Inc.,,,,,,,,,,,,,,,,,inf,-20.46,0.83,6.48
NEOS Investment Management LLC,,,,,,,,,,,,,,,inf,141.92,94.66,141.15,37.89,70.31
NEUBERGER BERMAN GROUP LLC,,,,,,,,,,,,,inf,46.81,-23.78,26.74,13.82,-100.0,,
NEVILLE RODIE & SHAW INC,,,,,,,,inf,8.97,22.87,6.25,-54.31,37.02,34.27,-8.21,52.73,10.97,17.22,0.82,5.67
NEW MEXICO EDUCATIONAL RETIREMENT BOARD,,,,,,,,,,,,,,inf,-2.0,25.78,-3.65,19.3,1.47,3.78
NEW WAVE WEALTH ADVISORS LLC,,,,,,,,,,,,,,,,,,inf,-18.1,4.06
NEW YORK LIFE INVESTMENT MANAGEMENT LLC,,,,,,,,,,inf,-4.21,83771.05,-61.26,990.84,-7.83,28.3,-5.36,21.44,-0.39,8.06
NEW YORK STATE COMMON RETIREMENT FUND,,43.83,-6.65,28.95,-24.12,1.59,23.46,-9.42,54.98,-30.56,-4.1,-17.4,185.99,-37.27,-23.0,3.25,-11.14,18.54,-3.22,11.86
NEW YORK STATE TEACHERS RETIREMENT SYSTEM,,,,,,,,,,,inf,5381.25,103.76,3841.07,-5.84,27.93,-2.81,24.48,-0.13,0.27
NEXT CENTURY GROWTH INVESTORS LLC,,,,,,,,,,,,,,inf,-56.48,386.98,-2.34,-2.61,-41.15,6.51
"NEXT Financial Group, Inc",,-100.0,inf,51.89,-4.97,8.5,19.58,26.45,-100.0,,,,,,,,,,,
"NFP Retirement, Inc.",,,,,,,,,inf,-100.0,,,inf,27.92,-2.42,29.27,6.44,19.32,0.82,6.47
"NIA IMPACT ADVISORS, LLC",,,,inf,-19.26,18.81,61.88,1.91,-14.52,-10.77,19.82,93394.61,43.79,4.96,-100.0,,inf,13.39,-3.03,-1.86
"NICHOLAS COMPANY, INC.",,38.76,5.96,41.02,-26.42,299.97,28.97,16.23,105638.21,-27.02,-11.48,70.19,40.01,45.01,-41.97,-43.67,-22.25,19.28,0.07,-8.56
"NICOLET ADVISORY SERVICES, LLC",,,,,,,,,,,,,inf,41.19,32.89,5.7,-9.52,60.04,-2.14,20.11
NICOLET BANKSHARES INC,,,,,inf,15.18,161.76,23.3,37.07,-19.98,-1.61,49433.83,28.99,87.13,-12.0,22.58,-3.47,20.85,-2.6,8.94
"NICOLET BANKSHARES, INC.",,,inf,45.1,-100.0,,,,,,,,,,,,,,,
NINE MASTS CAPITAL Ltd,,,,,,,,,,,,,,,,,,,,inf
"NISA INVESTMENT ADVISORS, LLC",,36.68,6.57,52.31,258.58,-55.86,26.45,7.89,21.22,-2.34,-5.04,-11.05,24.99,127009.66,61.9,36.48,-10.57,27.5,15.16,2.49
NISSAY ASSET MANAGEMENT CORP /JAPAN/ /ADV,,38.9,-16.93,45.69,-12.7,33.96,28.12,19.37,15.38,-21.54,3.84,82074.85,40.26,28.94,-0.03,41.35,26.9,37.56,9.78,14.96
NIXON PEABODY TRUST CO,,,,,,,inf,153.05,-0.75,-26.51,56582.47,-15.76,54.12,-1.3,-9.9,718.74,0.43,18.39,0.36,6.35
NKCFO LLC,,40.12,-100.0,,,,,,,,,inf,43.65,175.0,-42.66,25.85,-100.0,,,
NOMURA ASSET MANAGEMENT CO LTD,,-58.67,-16.11,152557.17,-27.91,49.11,-36.78,215.52,9.38,-27.78,0.33,50.48,77.92,-42.36,20.02,34.51,-3.93,24.44,7.07,12.73
NOMURA HOLDINGS INC,,inf,3788.46,2515.58,-80.14,-98.0,-4.29,100.0,-40.05,-100.0,inf,-7.69,-100.0,,,,,,,
NORDEA INVESTMENT MANAGEMENT AB,,178.63,-46.83,-73.56,-12.61,15.27,508.36,-55.09,12.24,268.83,34.74,118373.67,57.03,84.41,4.44,36.04,-0.14,36.84,7.76,60.52
NORDEN GROUP LLC,,,,,,,,,,,,,,,,inf,2145.4,-90.39,113.22,8.93
NORGES BANK,,44.41,5.73,42.71,-13.5,10.51,33.33,14.21,116865.53,15.19,15.39,-7.48,43.14,16.9,-11.71,40.81,-100.0,inf,-100.0,inf
NORTH STAR ASSET MANAGEMENT INC,,,,,,inf,53.37,20.38,10.94,-21.83,-0.3,83119.58,44.23,27.28,-7.92,25.34,6.45,19.04,0.87,6.47
NORTHEAST INVESTMENT MANAGEMENT,,,,,,,,,,,,,,,,,inf,108.4,45.24,38.57
NORTHERN OAK WEALTH MANAGEMENT INC,,,,,inf,-100.0,,,,,,,,,,,,,,
NORTHSTAR ASSET MANAGEMENT Co LLC,,,,,,,,,,,,,,,,,inf,19.32,0.82,6.47
NORTHSTAR ASSET MANAGEMENT LLC,,,,,,,,inf,11.66,-100.0,,,inf,27.92,-8.25,25.78,-100.0,,,
"NORTHWEST INVESTMENT COUNSELORS, LLC",,,inf,-100.0,inf,-100.0,inf,15.98,11.81,-20.42,-0.44,84926.22,43.14,9.26,-8.25,27.28,-3.65,19.32,0.82,-100.0
"NORTHWEST WEALTH MANAGEMENT, LLC",,,,,,,,,,,,,,,,inf,-1.04,19.81,0.82,44.27
NOVARE CAPITAL MANAGEMENT LLC,,,,,,,,,,,,inf,43.14,48.82,5.16,-100.0,,inf,3.28,16.2
NOVEM GROUP,,,,,,,,,,,,,,,,,,,,inf
NTV Asset Management LLC,,inf,6.28,45.45,-9.38,15.17,29.04,16.24,11.78,-20.54,-0.67,85139.37,53.74,59.9,-22.17,98.39,-2.14,18.71,0.82,15.49
"NVWM, LLC",,,,,,,,inf,228.16,-20.73,-0.61,66202.82,40.93,80.33,-5.85,22.14,86.89,20.05,0.46,4.86
NWAM LLC,,,,,,,,,inf,-17.42,28.3,14572.23,33.45,-44.44,-6.66,6.18,20.92,3.11,63.06,9.97
NWI MANAGEMENT LP,,40.08,-54.33,45.21,-9.38,15.21,29.09,-22.51,6.22,58.69,-50.26,-47.69,43.14,-8.63,-8.24,25.78,-3.65,19.32,0.82,6.47
"NWK Group, Inc.",,,,,,,,inf,34.0,-19.68,-4.15,85557.59,3.22,27.98,-6.55,28.12,-100.0,,,
"NZS Capital, LLC",,,,,,,,,,,,,,,,inf,-100.0,,,
"Nachman Norwood & Parrott, Inc",,,inf,-100.0,,,,,,,,,,,,,,,,
"Nadler Financial Group, Inc.",,,,,,,,,,,,,,,,,,,inf,5.38
"Nan Shan Life Insurance Co., Ltd.",,,,,inf,72.35,98.98,-92.09,-100.0,,,,,,,,,,,
National Pension Service,,42.48,7.08,36.84,-3.04,15.64,31.27,11.2,10.36,-16.26,102642.34,-11.62,87.11,26.24,-8.4,33.33,-2.37,25.25,-100.0,inf
"National Wealth Management Group, LLC",,,,,,,,,,,,,,,,,,inf,-100.0,
"Navalign, LLC",,,,,inf,19.51,24.7,-9.6,2.03,-15.61,3.81,75343.52,53.83,24.78,-13.44,26.44,-11.1,20.69,-0.33,-8.65
"Navigoe, LLC",,,,,,,,,,,,,,,,,,,,inf
"Naviter Wealth, LLC",,,,,,,,,,,,,,,,,,,,inf
Nebula Research & Development LLC,,,,,,,,,,,,,,inf,-40.64,30.52,-31.9,-100.0,,
"Nelson Capital Management, LLC",,,,,,,,,,,,,,inf,-100.0,inf,5.0,12.43,-6.41,6.47
"Nelson, Van Denburg & Campbell Wealth Management Group, LLC",,,,,,,,,,,,,inf,355.54,-100.0,,,,,
Nemes Rush Group LLC,,,,,,,,,,,,,,inf,-8.25,40.09,-3.65,20.13,-16.76,30.03
Neo Ivy Capital Management,,inf,-100.0,inf,-53.68,90.48,-100.0,,,inf,42.67,-40.19,-100.0,,,inf,-100.0,,,
Neuberger Berman Group LLC,,-20.41,17.31,76.5,-17.96,51.7,29.85,66.86,308.15,-57.47,-7.01,56867.28,-100.0,,,,,,,
"New Age Alpha Advisors, LLC",,,,,,,,,,,,,,,,,,inf,0.83,167078.7
"New Century Advisors, LLC",,,,,,,,inf,-10.47,-20.63,23.76,-100.0,,,,,,,,
"New Century Financial Group, LLC",,,,,,,,,,,,,,,,,,inf,0.71,-4.8
New England Capital Financial Advisors LLC,,,,,,,,,,,,inf,36.72,-87.41,-8.25,25.76,799.21,19.32,0.82,-41.06
"New England Research & Management, Inc.",,,,,,,,,,,,,,,,,inf,127.15,-67.62,3.74
New Hampshire Trust,,,,,,,,,,,,inf,40.81,27.92,-9.42,25.78,-4.34,27.77,0.82,-58.49
New Millennium Group LLC,,,,,,,,,,,,,inf,27.94,-8.26,25.81,-100.0,inf,-100.0,inf
"NewEdge Advisors, LLC",,,,,,,,inf,-100.0,inf,13.99,42634.43,107.44,130.76,29.21,134.13,2.38,47.38,0.07,2.33
"NewEdge Wealth, LLC",,,,,,,,,inf,20.29,9.16,74475.28,222.59,226.34,-19.51,17.59,15.46,14.3,129.41,17.75
NewSquare Capital LLC,,,,,,,,,,,,inf,369.15,-21.95,-77.06,-100.0,,,,inf
"Newbridge Financial Services Group, Inc.",,,inf,45.28,-10.82,12.62,28.88,19.4,4.2,-19.62,3.01,90148.05,43.14,22.66,32.68,32.98,50.87,-6.65,-100.0,inf
"Newman Dignan & Sheerar, Inc.",,37.47,-0.82,45.2,-9.35,15.09,29.18,16.24,0.66,-19.16,-0.54,87940.74,43.14,27.92,-10.65,29.26,-3.12,19.25,9.38,-1.86
"Nicholas Hoffman & Company, LLC.",,inf,-9.46,45.27,-9.59,15.53,28.85,16.28,11.82,-20.55,-0.74,85182.13,39.31,27.92,-6.83,30.43,-8.3,20.21,5.2,5.21
"Nicholas Investment Partners, LP",,-54.11,139.31,59.17,-35.67,20.75,24.69,15.35,-41.57,-11.06,-0.32,85125.55,30.28,-88.34,-14.47,164.05,19.28,-40.26,0.82,6.47
"Nicollet Investment Management, Inc.",,44.56,5.47,51.16,-8.8,14.77,29.68,14.65,8.11,-19.68,0.18,-15.46,37.65,30.76,-9.82,27.9,-2.91,16.18,1.15,5.92
"Nikulski Financial, Inc.",,56.84,7.3,143.82,-48.03,12.9,22.22,17.28,14.29,-20.68,-0.89,85673.11,44.09,27.6,7.4,30.46,20.87,19.55,0.09,3.97
"Nilsine Partners, LLC",,,,,,,,,,,,,,,inf,-100.0,inf,-26.95,1.08,8.26
Ninety One SA (PTY) Ltd,,,,,,,inf,-100.0,,,,,,,,,,,,
Ninety One UK Ltd,,,,,,,,inf,2.27,-100.0,,,,inf,-100.0,,,,,
"Nishkama Capital, LLC",,-100.0,,,,,,,,,,,,,,inf,-100.0,,,
"North Fourth Asset Management, LP",,,,,,,,,,inf,-35.89,17526.11,305.57,-100.0,,,,,,
North Star Investment Management Corp.,,,,,,inf,-100.0,inf,-100.0,,,,inf,27.92,-8.25,25.78,19.67,24.57,16.37,13.59
"NorthCrest Asset Manangement, LLC",,,,,,,,inf,14.84,-11.46,117.76,49489.0,42.94,27.26,-9.34,29.67,-3.85,22.65,1.52,0.0
"NorthLanding Financial Partners, LLC",,,,,,,,,,,inf,-16.35,133936.09,-3.25,-8.25,25.78,-3.65,19.32,0.82,6.47
"NorthRock Partners, LLC",,,,,,,,inf,-39.41,-8.13,18.14,-100.0,inf,4.86,15.02,49.43,5.06,31.53,19.27,174.31
NorthStar Asset Management LLC /NJ/,,,,,,,,,,,,,,,,inf,3.19,47.95,0.61,6.47
Northwest & Ethical Investments L.P.,,,,,,,,,,,,,,,,,,inf,1230.88,-44.12
Northwest Bank & Trust Co,,,,,,,,,,,,,,inf,-100.0,inf,-5.25,24.66,0.99,12.89
Northwest Capital Management Inc,,,,,,,,,,,,,,inf,-8.25,25.78,14.01,19.33,101.64,-91.75
Northwest Financial Advisors,,,,,,,,,,,,,,,,,inf,47.15,-31.87,-100.0
Norway Savings Bank,,45.04,7.67,45.04,-4.33,15.2,31.85,12.96,9.65,-20.71,-1.21,86474.59,39.96,20.11,-8.87,20.3,-3.95,19.61,-0.44,3.76
"NovaPoint Capital, LLC",,,,,,,,,,,,,,,,,,,inf,10.22
"NuWave Investment Management, LLC",,inf,109.09,-100.0,inf,-98.42,-100.0,,,,,,,,,,,,,
Numerai GP LLC,,,,,,,,,,,,,,,,,,,,inf
NumerixS Investment Technologies Inc,,inf,-100.0,,,,,,,,,,,,,,,,,
"O'Dell Group, LLC",,,,,,,,,,,,,,,,,inf,0.0,22.41,6.47
"O'Neil Global Advisors, Inc.",,,,,,,,,inf,-100.0,inf,-100.0,inf,-37.88,-61.52,-89.34,-100.0,,inf,-100.0
"O'SHAUGHNESSY ASSET MANAGEMENT, LLC",,inf,33.33,145.0,1787.76,30.81,57.93,-100.0,inf,-20.38,12.33,59408.65,75.68,28.25,63.39,58.53,8.0,34.64,34.59,9.71
OAK ASSOCIATES LTD /OH/,,40.07,6.58,-100.0,,inf,29.09,-5.97,11.83,-100.0,,,,,,,,,,
"OAK ASSOCIATES, LTD/OH/",,,,inf,-9.27,-100.0,,,,,,,,,,,,,,
"OARSMAN CAPITAL, INC.",,,,,,,,,,,,,,,,,,,inf,6.47
"OBERMEYER WOOD INVESTMENT COUNSEL, LLLP",,,,,,,,inf,11.66,-100.0,inf,-100.0,inf,27.92,-8.25,26.83,-2.63,36.39,8.97,-100.0
OCCUDO QUANTITATIVE STRATEGIES LP,,,,,inf,-78.23,1.84,-39.68,1051.83,65.3,-92.72,-100.0,,,,,,,inf,482.51
ODDO BHF ASSET MANAGEMENT SAS,,,,,,,,,,,,,,,,,,,inf,-86.88
OFI INVEST ASSET MANAGEMENT,,,,,,,,,,,,,inf,13586.43,-84.68,37.5,317.43,189.22,-100.0,inf
OLD NATIONAL BANCORP /IN/,,174.09,-100.0,inf,-19.39,9.41,28.2,12.61,5.1,-18.21,94.17,-60.04,141829.95,-61.17,-34.86,-16.99,-21.57,2.11,-10.97,4.66
OLD NATIONAL BANCORP/IN/,,,inf,-100.0,,,,,,,,,,,,,,,,
OLD POINT TRUST & FINANCIAL SERVICES N A,,,,,,,,,,,,,,,,,inf,19.32,0.82,-100.0
OLIVER LAGORE VANVALIN INVESTMENT GROUP,,,,,,,,,,inf,-59.46,127346.67,519.58,286.57,46.08,84.2,13.47,29.28,-1.29,-100.0
OMERS ADMINISTRATION Corp,,,,,,,,,,,,,,,,,,inf,0.82,28.89
"ONEFUND, LLC",,,,,,,,,,,,,,,,inf,-6.51,23.12,4.13,7.29
ONTARIO TEACHERS PENSION PLAN BOARD,,,,inf,79.68,72.53,32710.48,-99.27,12.1,-20.44,20.7,85113.03,39.57,-83.69,-7.35,25.62,-4.55,20.85,-1.5,8.12
"OPINICUS CAPITAL, INC.",,,,,,,,,,,,,,,,inf,7.7,44.73,2.31,0.5
OPPENHEIMER & CO INC,,110.75,-14.33,46.92,-7.19,47.58,35.89,36.65,14.15,-27.2,7.08,87976.05,52.33,32.85,-5.36,43.95,18.72,6.42,0.15,17.59
OPTIMAS CAPITAL Ltd,,,,,,,,,,,,,,,,inf,-54.49,-100.0,,inf
OPTIMUM INVESTMENT ADVISORS,,40.82,6.52,44.9,-9.39,15.54,128.7,-34.51,11.98,-20.86,-0.34,56662.03,51.49,20.87,-8.25,23.16,-2.01,19.32,0.82,6.47
OREGON PUBLIC EMPLOYEES RETIREMENT FUND,,,,,,inf,40.02,29.48,15.42,-48.52,-9.45,-100.0,,inf,-8.25,115.32,-35.67,22.74,0.86,7.56
ORG Partners LLC,,,,,,,,,,,,,,inf,-31.25,17.06,-51.3,266.23,-29.66,6.37
"ORG Wealth Partners, LLC",,,,,,,,,,,,,,,,,,,inf,-86.93
ORRSTOWN FINANCIAL SERVICES INC,,,,,,,,,,,,,,,,,,inf,36.22,9.78
"ORSER CAPITAL MANAGEMENT, LLC",,,,,,,,,,,,,,,inf,5.43,14.81,13.58,0.82,4.64
"OSAIC HOLDINGS, INC.",,,,,,,,,,,,,,inf,-27.23,138.52,22.85,4.16,-1.94,-100.0
"OSBORNE PARTNERS CAPITAL MANAGEMENT, LLC",,31.96,2.64,61.05,50.39,-42.42,36.06,17.05,-20.1,-8.96,0.05,88270.09,44.41,-1.16,-7.78,24.06,-27.35,19.95,-0.85,6.39
OV Management LLC,,,,,,,,,,,,,,,,inf,-3.65,20.45,109.51,-43.6
OVERSEA-CHINESE BANKING Corp Ltd,,,,,,,,,,,,inf,-100.0,,inf,21.61,93.6,-41.15,192.79,-100.0
OXFORD FINANCIAL GROUP LTD,,,,,,,,,,,,,,inf,-100.0,,,,,
Oak Harvest Investment Services,,,,,,,,,,,,,,inf,56.65,25.58,-100.0,,,
Oak Thistle LLC,,,,,,,,,,,,inf,-100.0,,inf,360.9,-100.0,,inf,-47.21
"Oakworth Capital, Inc.",,0.0,0.0,50.0,-16.67,20.0,183.33,17.65,10.0,-18.18,0.0,113855.56,43.15,61.86,14.94,25.78,-3.65,19.32,9.05,5.63
Obermeyer Wealth Partners,,,,,,,,,,,,,,,,,,,,inf
"Objective Capital Management, LLC",,,,,,,,,,,,,,,,,,,inf,-100.0
"Ocean Capital Management, LLC",,,,,,,,,,,,,,inf,69.96,113.88,-23.11,-100.0,,
"Octavia Wealth Advisors, LLC",,,,,,,,,,,,,,inf,-13.05,75.33,-22.14,10.95,-8.63,0.65
"Oder Investment Management, LLC",,,,inf,-100.0,,,,,,,,,,,inf,-8.54,-100.0,,
"Old North State Trust, LLC",,,,inf,-100.0,,,,,,,inf,100.0,-100.0,,,,,,
Old Port Advisors,,,,,,,,,,,,,,,,,,inf,-2.93,4.93
Olympiad Research LP,,,,,,,,,,,,,inf,-100.0,,,,,,
"OmniStar Financial Group, Inc.",,-100.0,,,,,,,,,,,,,,,,,,
"One Capital Management, LLC",,,,,,,,inf,-13.78,-19.37,-1.2,68185.41,28.92,23.07,-16.01,25.78,39.36,124.68,-23.64,-36.78
"One River Asset Management, LLC",,,,,,,,,,,,inf,353.1,-64.99,991.17,17.56,-70.33,-89.27,38.61,5047.2
"One Wealth Advisors, LLC",,,,,,,,,,,,inf,-100.0,,,,,,,
"One Wealth Management Investment & Advisory Services, LLC",,,,,,,,,,,,,,,,inf,-43.23,19.94,-3.84,6.96
"One01 Capital, LP",,,,,,,,,inf,6.31,-7.1,68881.8,-41.77,-1.13,9.25,-100.0,,,,
OneAscent Financial Services LLC,,-26.25,19.6,25.75,-100.0,,,inf,12.35,-8.69,-14.56,-14.09,62.96,-100.0,inf,33.93,-42.07,-100.0,inf,16.72
OneAscent Wealth Management LLC,,,,inf,5.6,-100.0,,,inf,-7.22,-19.8,-18.57,57.51,-100.0,inf,-8.25,-100.0,,,
OneDigital Investment Advisors LLC,,,,,,,,,,,,,,inf,-6.21,37.06,-81.11,35.39,4.67,8.5
Onyx Bridge Wealth Group LLC,,,,,,,,,,,,,,,inf,-23.71,-100.0,,,inf
"Opal Wealth Advisors, LLC",,,,,,,inf,12.99,-100.0,,,,,,inf,26.81,-19.02,4.71,-3.13,15.85
"Optas, LLC",,,,,,,,,,,,,,,,,,,,inf
"Optimal Asset Management, Inc.",,-48.84,-27.9,44.97,-100.0,,,,,,,,,,,,,,,
Optimist Retirement Group LLC,,,,,,,,,,,,,,,,,inf,22.94,-14.04,4.32
"Oribel Capital Management, LP",,,,,,,,,,,inf,870.94,-100.0,inf,-100.0,,,,inf,-100.0
Orion Capital Management LLC,,,,,,,inf,11.11,10.0,-18.18,0.0,393711.11,43.14,-100.0,inf,25.78,-3.65,42.8,-63.63,150.32
Orion Investment Co,,,,,,,,,,,,,,,,,,inf,0.88,11.14
"Orion Portfolio Solutions, LLC",,114.29,-100.0,,,,,,,,,,inf,115.61,-56.4,34.17,-1.87,29.4,11.52,-1.16
"Outlook Wealth Advisors, LLC",,,,,,,,,,,,,,,,inf,-100.0,inf,1.55,197.15
Ovata Capital Management Ltd,,,,,inf,2.72,314.71,28313.02,-99.68,-59.21,-1.18,-12.84,136458.19,-100.0,,,,,,
Oversea-Chinese Banking CORP Ltd,,,,,,,,,,,,inf,-100.0,,,,,,,
"Oxford Wealth Group, LLC",,,,,,,,,,,,,,,,,inf,75.02,-30.9,4.2
Oxler Private Wealth LLC,,,,inf,-9.39,93.66,29.15,16.23,11.78,82812.49,-0.52,-16.13,43.14,27.92,-8.25,-78.21,456.23,19.32,0.82,6.47
"PACES FERRY WEALTH ADVISORS, LLC",,,inf,-100.0,,,,,,,,,,,,,,,,
"PACIFIC CAPITAL WEALTH ADVISORS, INC",,,,,,,,,,,,,,,,,,inf,-100.0,
PALISADE CAPITAL MANAGEMENT LLC/NJ,,18.01,7.42,50.22,8.9,27.13,16.79,66.65,-48.61,-19.78,19.67,78084.02,-100.0,,,,,,,
"PALISADE CAPITAL MANAGEMENT, LP",,,,,,,,,,,,inf,-3.85,-27.89,-23.69,-26.84,-14.69,12.74,-16.46,-37.7
PANAGORA ASSET MANAGEMENT INC,,40.97,-0.12,69.67,-51.53,44.68,851.71,-50.68,-36.23,189.55,2.96,398503.55,70.43,28.64,-16.76,42.01,-94.59,-7.14,-5.39,-45.85
PARADIGM ASSET MANAGEMENT CO LLC,,inf,6.57,-100.0,,,,,,,,,,,,,,,,inf
PARAGON CAPITAL MANAGEMENT INC,,,,,,,,,inf,-15.82,-43.86,-15.09,46.52,104.01,-11.3,-47.69,-100.0,,,
PARK AVENUE SECURITIES LLC,,,,inf,58.84,154.09,22.54,118002.19,-99.88,-16.96,93734.3,-6.98,-99.83,59.41,1.4,49.99,4.72,23.85,-5.8,27.5
PARK NATIONAL CORP /OH/,,,,,,,,,,,,,,,,,,inf,36.28,-4.4
"PARNASSUS INVESTMENTS, LLC",,,,,,,,,,,,,,,inf,28.3,-28.69,-100.0,,
PARSONS CAPITAL MANAGEMENT INC/RI,,,,,,,,,,,,,,inf,35.69,29.55,14.73,24.68,19.94,10.82
"PARTNERS CAPITAL INVESTMENT GROUP, LLP",,,,,,,,,,,,,,,,inf,-100.0,,,
"PATHSTONE FAMILY OFFICE, LLC",,-94.92,6.5,58.89,227.21,135.41,-34.18,23.18,-3.48,69081.39,18.27,120.48,-39.48,160.07,-47.66,-100.0,,,,
PATTEN & PATTEN INC/TN,,,,,,,,,,,,,,,,,,,inf,29.55
"PATTON FUND MANAGEMENT, INC.",,,,,,,,,,,,,,,inf,135.63,-13.11,-100.0,,
PBMares Wealth Management LLC,,,,,,,,,,,,,,,,inf,-1.56,19.32,3.5,11.77
PCA Investment Advisory Services Inc.,,,,,,,,,,,,,inf,27.92,-8.25,30.98,1.01,22.48,2.68,6.47
"PDS Planning, Inc",,,,,,,,,,,,,,,,inf,7.85,60.62,5.1,7.97
"PDT Partners, LLC",,,,,,,,inf,752.34,3.76,-44.15,126465.23,-100.0,,,inf,-100.0,,,
PEAPACK GLADSTONE FINANCIAL CORP,,,,,,,,,inf,-20.9,0.0,-100.0,inf,27.69,-7.23,23.38,82.37,172.01,11.25,85.31
PENNSYLVANIA CAPITAL MANAGEMENT INC /ADV,,,,,,,,,,,,,,,,,,,,inf
PEREGRINE CAPITAL MANAGEMENT LLC,,-98.71,6.06,45.71,-9.48,15.16,29.15,-7.28,-4.45,-100.0,,,,,,,,,,
PERSONAL CAPITAL ADVISORS CORP,,,,,,,inf,19.31,7.19,-17.11,8.1,80488.39,-100.0,,,,,,,
PETERSON WEALTH MANAGEMENT,,,,,,,,,,,,,,,,,inf,21.15,-3.81,8.51
"PFC CAPITAL GROUP, INC.",,,,,,,,,,,,,,,,inf,19.07,27.3,6.35,13.53
PFG Advisors,,,,inf,-100.0,inf,28.99,16.1,20.32,-38.61,27.07,135603.78,48.0,28.45,-6.72,25.06,11.6,19.63,-15.81,0.21
"PFG Investments, LLC",,,,,,,,,,,,,inf,34.08,-20.96,31.85,26.83,8.83,-5.57,9.23
"PFG Private Wealth Management, LLC",,,,,,,,,,inf,-13.0,-12.89,138417.75,-0.35,-74.57,-100.0,,,,
PFS INVESTMENTS INC.,,,,,,,inf,93.1,146.74,-6.09,3.23,46.83,-20.19,118.23,-100.0,,,,,
"PFS Partners, LLC",,,,,,,,inf,11.81,-20.65,-0.52,-14.81,43.14,27.92,-8.25,25.78,-3.64,19.31,0.82,6.47
PGGM Investments,,,,,,,,,,,inf,-48.3,53.06,33.26,-20.84,13.48,-12.2,-100.0,inf,-100.0
PGIM Custom Harvest LLC,,,,,,,,,,,,,,,,,,inf,-2.08,6.84
PHILADELPHIA TRUST CO,,798.41,-83.39,764.79,-2.41,12.05,25.12,12.0,-84.65,-20.64,-0.56,-14.81,43.19,27.91,7.05,372.0,26.31,33.39,0.52,4.3
PICTET ASSET MANAGEMENT Holding SA,,,,,,,,,,,,,,,,,inf,-100.0,,
PICTET ASSET MANAGEMENT SA,,,,,,,,,,,,,,inf,-100.0,,,,,
PICTON MAHONEY ASSET MANAGEMENT,,,,,,,,inf,24.03,1.69,-1.49,157.4,-64.55,25.93,6.81,-2.72,-99.98,-100.0,,
PIER 88 INVESTMENT PARTNERS LLC,,,,,,,inf,-100.0,inf,-35.26,114.64,4183.29,-100.0,inf,-100.0,,,,,
PILLAR PACIFIC CAPITAL MANAGEMENT LLC,,39.45,3.03,45.21,-10.47,-100.0,,,,,,,,,,,,,,
PIN OAK INVESTMENT ADVISORS INC,,45.45,112.5,23.53,-45.24,13.04,-100.0,,,,,,,inf,-28.57,75.0,-100.0,inf,0.0,0.0
"PINEBRIDGE INVESTMENTS, L.P.",,inf,10.31,45.45,17.94,49.36,12.28,29.45,-32.05,-24.02,51.69,82476.17,32.03,299.51,-13.12,75.0,17.87,-4.86,1.94,-26.91
PINNACLE ASSOCIATES LTD,,30.14,-1.06,38.31,-26.41,14.68,26.98,0.25,3.05,-23.92,-2.19,191712.19,-35.24,42.0,-9.51,25.53,-2.03,5.07,-2.85,8.32
PINNBROOK CAPITAL MANAGEMENT LP,,,,,,,,inf,-51.79,-34.88,6.65,12767.3,-100.0,,,,,,,
PIPER SANDLER & CO.,,,,,,,,,,,,,,,,,inf,-97.13,-97.38,-100.0
PITTENGER & ANDERSON INC,,6600.0,47.76,45.45,-9.72,15.38,36.0,16.18,52.32,-44.6,-0.5,105080.9,90.86,29.2,5.83,189.35,3.2,9.53,370.29,119.31
PLANNING DIRECTIONS INC,,,,,,,inf,20.62,11.94,-20.75,-0.36,-14.96,35.19,27.94,-19.85,125703.41,-15.88,36.18,0.82,6.47
PLIMOTH TRUST CO LLC,,,,,,,,,,,,,,,,,,,inf,14.27
POSTROCK PARTNERS LLC,,,,,,,,,,,,,,,,,,,,inf
PRAKASH INVESTMENT ADVISORS LLC,,,,,,,,,,,,,,,,,,,,inf
"PRELUDE CAPITAL MANAGEMENT, LLC",,,,,,inf,41.14,-100.0,,,,,,,,,,,,
PREMIER ASSET MANAGEMENT LLC,,-100.0,,,,,inf,-11.92,-39.51,-63.0,-28.2,64905.08,-100.0,,,,,,,
PRENTISS SMITH & CO INC,,-100.0,,,,,,,,,,,,,,,,,,
"PRESCOTT GROUP CAPITAL MANAGEMENT, L.L.C.",,,,,,,,,,,,,,inf,-100.0,,,,,
"PREVAIL INNOVATIVE WEALTH ADVISORS, LLC",,,,,,,,,,,,,,inf,-100.0,,inf,-85.52,0.82,-22.38
PRICE T ROWE ASSOCIATES INC /MD/,,-51.9,5.46,42.92,-14.08,42.43,10.1,10.28,21.21,-25.31,-60.24,-24.85,15.43,-60.42,581.24,326.12,-65.28,38.29,11.79,8.44
PRIMECAP MANAGEMENT CO/CA/,,39.12,6.44,7.02,-9.07,14.72,29.07,14.6,7.62,-23.7,-1.23,82962.13,41.61,26.14,-8.7,25.15,-3.14,20.59,0.1,3.96
PRINCETON CAPITAL MANAGEMENT LLC,,,,,,,,,,,,,,,,,,,inf,16.18
"PRINCIPAL SECURITIES, INC.",,,,,,,,,,,,,,,,inf,64.04,15.27,2.27,15.37
"PRIVATE CLIENT SERVICES, LLC",,,,,,,,,,,,,,,,inf,-100.0,,,
"PROEQUITIES, INC.",,-54.67,9.92,46.53,1.9,-100.0,,,,,,,,,,,,,,
PROFFITT & GOODSON INC,,,,,,,,,,,,,,,,,,,inf,6.5
PROFUND ADVISORS LLC,,inf,-12.84,39.29,-7.05,-3.45,58.57,1065.54,-19.71,-34.1,-6.98,81405.18,20.79,97.26,15.99,56.77,-5.52,20.52,-5.09,15.63
"PROMETHIUM ADVISORS,LLC",,,,,,,,,,,,,,,,,,,inf,6.47
PROSPECTOR PARTNERS LLC,,-9.42,-6.24,-21.84,-6.24,10.29,24.69,-7.7,11.56,-20.51,-0.27,85075.2,-29.1,-100.0,,,,,,
"PROSPERA PRIVATE WEALTH, LLC",,,,,,,,,,,,,,,,,inf,9.84,-0.47,-100.0
PROVENCE WEALTH MANAGEMENT GROUP,,,,,,,,,,,,,,,inf,25.78,-100.0,,,
"PRUDENT INVESTORS NETWORK, INC.",,,,,,,,,,,,inf,39.88,28.63,-8.04,-100.0,inf,19.32,0.82,6.47
PUBLIC EMPLOYEES RETIREMENT ASSOCIATION OF COLORADO,,-29.98,6.59,34.45,-9.37,15.2,29.11,51.31,6.07,-21.04,8.55,-14.99,36.39,24.64,76.66,-38.86,-4.56,18.07,0.89,4.03
PUBLIC EMPLOYEES RETIREMENT SYSTEM OF OHIO,,38.73,6.46,82.51,0.45,23.7,26.4,12.14,18.95,-11.8,-0.38,81373.65,41.27,19.7,-14.08,26.12,-8.9,14.85,0.01,6.58
PUBLIC SECTOR PENSION INVESTMENT BOARD,,,,,,,,,,,,inf,-100.0,,,,,,,
PURSUE WEALTH PARTNERS LLC,,,,,,,,,,,,,,inf,-21.03,36.83,8.06,11.62,-1.92,5.63
PVG ASSET MANAGEMENT CORP,,,,,,,,,,,,,inf,-100.0,,,,,,
"Pacer Advisors, Inc.",,,,,,,,inf,-100.0,inf,2.06,84073.81,183.1,125.81,3.79,79.6,-5.97,32.62,1.15,42.16
"Pacific Capital Wealth Advisors, Inc.",,,,,,,,,,,,,,,,,,,inf,-9.02
Pacific Center for Financial Services,,,,,,,,,,,,,,,,,,inf,3420.0,-98.58
"Pacific Sage Partners, LLC",,,,,,,,,,,,inf,43.14,27.92,-8.25,25.78,-3.65,19.32,0.87,6.47
Pacitti Group Inc.,,inf,-100.0,,,,,,,,,,,,,,,,,
Page Arthur B,,,,,,,,,,,,,inf,27.92,-8.25,25.78,-3.65,-100.0,,
"Palacios Wealth Management, LLC",,,,,,,,,,,,,,,,,,,,inf
"Paladin Wealth, LLC",,,,,,,,,,,,,,,,,,,inf,6.01
"Palisade Asset Management, LLC",,,,,,,,,,,,,,,,,inf,-100.0,,
Pallas Capital Advisors LLC,,,,,,inf,177.94,-2.14,59.41,-15.29,-9.33,96816.31,25.96,-0.3,0.03,27.85,-41.76,18.96,34.73,1.12
"Palogic Value Management, L.P.",,,,,,,,,,,,inf,43.14,27.92,-8.25,25.78,-3.65,19.32,0.82,112.94
Palumbo Wealth Management LLC,,,,,,,,,,,,,,,inf,-100.0,,,,
"Pantheon Investment Group, LLC",,inf,10.98,20.77,10.2,15.61,20.63,14.58,-100.0,,,,,,,,,,,
"Paradigm Financial Partners, LLC",,,,,,inf,46.85,773.1,-84.62,-10.11,19.72,76766.72,51.33,22.13,-9.31,27.83,0.33,26.35,-100.0,
Paragon Capital Management Ltd,,,,,,,,inf,-100.0,,,,,,,,,,,
"Paragon Private Wealth Management, LLC",,,,,,,,,,,,,,,,inf,38.04,43.89,13.82,23.97
"Parallax Volatility Advisers, L.P.",,-33.33,75.68,32.09,17.72,18.34,52.55,66.01,-3.96,797.98,-82.64,92999.46,-60.65,11.45,23.06,-16.24,-17.35,-7.92,-2.53,3.37
"Parallel Advisors, LLC",,47.88,6.33,47.59,-2.78,32.18,143.76,-33.92,97.13,-2.14,4.93,83165.05,179.65,28.36,-10.04,-36.15,-6.29,25.12,2.33,6.63
Parametric Portfolio Associates LLC,,57.97,-11.73,58.24,-11.44,144.8,-30.95,27.81,19.22,-100.0,,,,,,,,,,
Parametrica Management Ltd,,,,inf,-37.29,-100.0,,,inf,8.26,-100.0,,,,,,,,,
Parcion Private Wealth LLC,,inf,3.9,44.84,-6.32,15.22,36.79,-44.02,24.71,-17.92,-3.83,85130.88,43.14,27.92,-17.55,32.35,2.74,25.18,9.43,7.71
Parisi Gray Wealth Management,,,,,,,,,,,,,,,inf,28.57,1.56,28.56,15.14,10.36
Park Place Capital Corp,,,,,,,,,,,,inf,130542.76,24.33,-11.31,23.39,-20.31,1.22,-14.0,145.79
"Park Square Financial Group, LLC",,,,,,,,,,,,,,,,,,,,inf
Parkside Financial Bank & Trust,,,inf,50.0,0.0,0.0,33.33,650.0,66.67,56.0,-34.62,106060.78,53.84,24.85,-4.64,114.69,4.36,48.76,85.2,-10.65
"Parkside Investments, LLC",,,,,,,,,inf,-100.0,,,,,,,inf,61.08,-43.99,77.45
Parkwood LLC,,,,,,inf,44.82,-100.0,,,,,,,inf,29.47,-100.0,,,
"Parkworth Wealth Management, Inc.",,,,,,,,,,,,,,,,,,,,inf
"Pathstone Holdings, LLC",,,,,,,,,,,,,,,,inf,-18.18,27.01,0.22,1.7
"Pathway Financial Advisers, LLC",,,,,,,,,,,,inf,43.15,-100.0,inf,25.79,58.81,31.39,101.63,-51.65
"Patriot Financial Group Insurance Agency, LLC",,37.5,7.58,42.25,-77.23,-78.26,120.0,145.45,-48.15,64.29,-100.0,,,,,,inf,6.04,-100.0,inf
"Patten Group, Inc.",,,,,,,inf,27.04,7.87,-17.03,31.6,69670.05,53.7,29.1,-10.34,22.31,26.65,25.64,7.51,25.93
"Peak Asset Management, LLC",,,,,,,,,,,,,,,,,,inf,0.82,6.47
"Peak Retirement Planning, Inc.",,,,,,,,,,,,,,,,,,,,inf
"Pearl River Capital, LLC",,inf,280.28,-100.0,inf,467.27,-83.54,428.52,-0.58,-56.62,169.15,106925.94,-100.0,,,inf,-100.0,inf,-100.0,
Pegasus Partners Ltd.,,,,,,,inf,41.95,-12.71,-16.93,-100.0,,,,,,,inf,28.22,-100.0
Peloton Wealth Strategists,,33.05,7.04,41.88,-12.97,10.39,16.81,5.06,-100.0,,,,,,,,,,,
"Penobscot Investment Management Company, Inc.",,,,,,,,,,,,,,,inf,113.09,45.97,98.08,6.68,18.85
Pensionfund DSM Netherlands,,,,,,,inf,16.1,-100.0,,,,,,,,,,,
"Pensionmark Financial Group, LLC",,,,,,,,,,,,,,,,,inf,820.84,-100.0,
"Per Stirling Capital Management, LLC.",,,,,,,,,,,,inf,26.1,28.18,-8.25,25.78,-48.64,18.99,2.14,4.17
"Peregrine Asset Advisers, Inc.",,,,,,,inf,2.89,150.31,-15.23,8.54,91178.43,35.57,-100.0,,,inf,-100.0,,
"Perennial Advisors, LLC",,,,,,,,,,,,,,,,inf,-100.0,inf,-100.0,
"Perennial Investment Advisors, LLC",,,,,,inf,56.94,18.82,9.16,-23.95,0.69,97323.52,50.63,35.36,-4.64,36.8,24.44,29.42,-6.54,8.9
"Perfromance Wealth Partners, LLC",,,,,,,,inf,12.92,-14.99,-1.6,73260.91,39.15,29.11,3.48,17.12,-1.91,22.13,2.39,6.47
"Perigon Wealth Management, LLC",,inf,-16.51,7.97,-40.97,24.14,20.83,22.7,130.21,-26.25,-12.28,171166.04,-24.78,248.77,-70.33,70.08,24.12,33.4,7.5,9.85
Periscope Capital Inc.,,,,,,,,inf,11.04,25.8,-33.16,39328.67,-9.79,27.46,-8.38,25.76,-100.0,,,
Perkins Coie Trust Co,,,,,,,,,,,,,,,inf,-100.0,inf,19.62,1.74,6.34
Perpetual Investment Management Limited,,,,inf,-100.0,,,,,,,,,,,,,,,
Perpetual Investment Management Ltd,,,,,,inf,40.03,16.23,-19.19,-42.53,-34.65,85103.73,-100.0,,,,,,,
Perpetual Ltd,,,inf,-100.0,,,,,,,,,inf,27.92,-15.8,25.78,31.84,-35.65,-13.42,-41.95
"Persium Advisors, LLC",,,,,,,,,,,,,,,,,,,,inf
"Petros Family Wealth, LLC",,,,,,,,,,,,,,,,,,,,inf
"Petrus Trust Company, LTA",,inf,-3.8,-100.0,,,,,,,,inf,-34.89,-35.97,-100.0,,,,,
Phocas Financial Corp.,,,,,,,,,,,inf,125486.15,12.56,33.14,3.01,-100.0,,,,inf
Phoenix Financial Ltd.,,,,,,,,,,,,,,,,,,,inf,5.36
Phoenix Holdings Ltd.,,,,,inf,-94.65,-32.75,9.74,383.43,-21.05,-36.9,5136274.94,568.28,28.27,138.67,-66.38,-47.11,-2.5,-100.0,
Phoenix Wealth Advisors,,,,inf,-30.52,18.92,22.73,16.2,-100.0,inf,-2.0,78849.49,36.44,25.02,-56.39,22.64,-1.58,19.32,0.82,6.47
"Physician Wealth Advisors, Inc.",,,,,,,,,,,,,,,,,,,,inf
Pictet & Cie (Europe) SA,,,,inf,84.3,37.22,131.81,13.02,28.11,-32.91,109164.63,2.51,37.46,-100.0,,,,,,
Pictet Asset Management Holding SA,,,,,,,,,,,,,,,inf,47.46,-100.0,inf,-3.96,30.14
Pine Valley Investments Ltd Liability Co,,,,,,,,,,,,,,,,,inf,31.53,0.82,5.6
"PineBridge Investments, L.P.",,-100.0,,,,,,,,,,,,,,,,,,
"Pines Wealth Management, LLC",,,,,,,,,,,,,,,,,,,,inf
Pingora Partners LLC,,,,,,,,,,,,,,,,,inf,19.31,0.82,6.47
"Pinkerton Retirement Specialists, LLC",,,,,,,,,,,,,,,,,inf,-100.0,,
"Pinnacle Bancorp, Inc.",,,,,,,,,,,inf,-14.29,142571.43,12.57,-8.25,25.07,-3.65,19.32,62.28,25.37
"Pinnacle Wealth Management Advisory Group, LLC",,,,,,,,,,,,,,,,inf,-1.3,37.27,1.07,4.14
"Pinnacle Wealth Management, LLC",,,,,,,,,,,,,,,,,inf,20.89,-10.03,-100.0
"Pinnacle Wealth Planning Services, Inc.",,,,inf,-16.01,12.84,28.97,16.58,6.42,-23.92,-7.37,69734.25,43.49,33.3,7.59,22.71,-11.23,11.63,1.0,50.36
Piscataqua Savings Bank,,,,,,,,,,,,,,,,,inf,19.32,0.82,6.47
"Plancorp, LLC",,,,,,,,,,,,,,,inf,34.34,-1.54,22.59,4.64,7.63
Planning Capital Management Corp,,,,,,,,,,,,,,,,inf,38.61,-17.06,0.82,-100.0
"Plante Moran Financial Advisors, LLC",,,inf,-100.0,inf,-100.0,,inf,-61.64,0.0,-21.43,106459.09,15.02,35.5,-13.38,43.49,0.11,71.51,-5.31,6.47
Plato Investment Management Ltd,,,,,,,,,,,,,,,,inf,1836.42,-51.48,2.1,7.0
"Plotkin Financial Advisors, LLC",,,,,,,,,,,,,,,,,,inf,32.3,-100.0
"Pluribus Labs, LLC",,,,,,,,inf,-100.0,,,,,,,,,,,
PointState Capital LP,,,,,inf,354.48,178.08,-36.44,-100.0,,,,,,,,,,,
Polar Asset Management Partners Inc.,,49.56,105.55,-36.17,213.31,128.22,-18.01,18.66,6.93,-31.07,-93.53,46140.75,-100.0,,,,,,,
Polar Capital LLP,,-100.0,,,,,,,,,,,,,,,,,,
"Polaris Wealth Advisory Group, LLC",,,,,,,,,inf,-100.0,inf,-100.0,,,,,,,,
Polymer Capital Management (HK) LTD,,,,,,,,,,,,,,,,inf,-90.86,630.22,-100.0,
"Portfolio Design Labs, LLC",,,,,,,,,,,,,,,,,,,,inf
Portland Global Advisors LLC,,,,,,,inf,16.26,293.22,0.43,118.88,61.23,45.12,28.51,-7.5,126707.75,-0.74,21.8,2.06,4.5
Portman Square Capital LLP,,,,,,,,,,,,inf,3376.89,47.78,-39.47,16.72,-10.78,-100.0,,
"Portside Wealth Group, LLC",,,,,,,,,,,,,,inf,-100.0,,,,inf,42.93
"Prairie Wealth Advisors, Inc.",,,,,,,,,,,,,,,,,inf,-2.67,0.82,11.02
"PrairieView Partners, LLC",,-28.12,113.04,44.9,-9.86,15.62,159.46,-42.19,12.61,-20.8,-1.01,-15.31,43.37,49.58,-7.87,-18.9,-3.76,-21.09,0.99,6.86
Premier Fund Managers Ltd,,,,,,,,,,,,inf,28.76,46.87,-18.16,-12.69,-4.91,15.49,-100.0,
"Premier Path Wealth Partners, LLC",,,,,,,,,,,,,,,,inf,-12.04,17.95,1.28,3.41
Prestige Wealth Management Group LLC,,inf,0.0,-100.0,,,,,,,,,,,,,,,,
"Prime Capital Investment Advisors, LLC",,1750.0,5.41,46.15,-8.77,-100.0,,,,,,,inf,768.47,-14.77,-43.1,-30.09,72.85,17.69,26.42
Princeton Global Asset Management LLC,,,,,,,,,,,,,,,,inf,-100.0,,inf,6.47
"Principal Street Partners, LLC",,inf,6.57,18.83,216.27,-43.24,15.62,8.38,-8.92,-38.81,10.07,81681.2,21.67,126.93,-52.98,6.47,-29.39,-1.46,2.32,8.98
Principle Wealth Partners LLC,,inf,-100.0,,,,,,,,,,,inf,46.5,122.63,102.61,-35.66,0.62,11.79
"Private Advisor Group, LLC",,39.31,5.49,105.03,-16.99,21.62,104.08,17.13,97.53,-42.52,-6.9,14887.64,927.79,39.89,-13.73,36.53,29.87,34.49,1.11,14.07
Private Advisory Group LLC,,,,,,,,,,,,,,inf,-86.0,501.89,-100.0,,,
"Private Capital Advisors, Inc.",,,,inf,-4.76,9.18,28.88,14.28,14.62,-19.48,-2.17,-14.8,9.49,23.52,190.34,-60.28,6.84,26.24,-1.33,106304.15
"Private Capital Group, LLC",,47.83,5.88,36.11,-12.24,13.95,28.57,9.52,5.8,-49.32,-100.0,,,,,,,,,
"Private Ocean, LLC",,100.0,-50.0,0.0,0.0,-100.0,,,,,,inf,-100.0,,,,,,,
"Private Wealth Management Group, LLC",,,,,,,,,,,,,,,,inf,78.94,19.31,0.82,17.39
"Private Wealth Partners, LLC",,,,,,,,,,,,,inf,10.15,-8.25,25.78,6.06,75.48,13.0,32.29
Privium Fund Management B.V.,,,,,,,,,,,inf,-100.0,,,,,,,,
ProShare Advisors LLC,,69.27,3.04,54.48,-2.65,22.29,27.24,3760.64,8.17,-47.0,-18.65,75582.56,201.17,-24.79,7.7,10.83,18.07,7.86,8.03,28.5
"ProVise Management Group, LLC",,,,,,,,,inf,-3.09,-0.32,-100.0,,inf,-8.25,25.78,-9.44,5.52,0.82,6.47
Proactive Wealth Strategies LLC,,,,,,,,,,,,,,,,,,,inf,8.12
"Procyon Advisors, LLC",,,,,,,,,,,,,,inf,56.29,34.72,358.57,20.84,50.58,20.94
"Procyon Private Wealth Partners, LLC",,,,,,,inf,-100.0,,,,,,,,,,,,
Proficio Capital Partners LLC,,,,,,,,,,,,,inf,34.22,-100.0,inf,6.21,25.34,-24.31,236.26
"Promus Capital, LLC",,,,,,,,,,,,,,,,,,,,inf
Prospect Financial Services LLC,,,,,,,,,,,,,,,,,,,,inf
Prospera Financial Services Inc,,,inf,41.1,-3.48,106.31,-40.17,31.75,819.94,-18.7,-66.41,73054.69,33.29,45.43,122.51,79.16,-27.95,15.89,6.01,19.37
"Prosperity Consulting Group, LLC",,,,,,,,,,,,,,,,,inf,-100.0,inf,14.3
"Prosperity Wealth Management, Inc.",,,,,,,,,,,,,,,inf,-100.0,inf,-51.41,246.46,-32.88
"Prossimo Advisors, LLC",,,,,,,,,,,,,,inf,-100.0,,,inf,1.7,6.26
"Providence Capital Advisors, LLC",,,,,,,,,,,,,,,,,inf,-100.0,,
Providence First Trust Co,,,,,,,,,,,inf,-100.0,,,,,,,inf,0.38
Public Sector Pension Investment Board,,,,,,,,,,,,,inf,230.37,-37.08,-72.11,-6.86,111.27,14.61,257.9
"Pure Financial Advisors, LLC",,,,,,,,,,,,,,,,,,,,inf
Purkiss Capital Advisors LLC,,,,,,,,,,,,,,,,,,,,inf
Q3 Asset Management,,,,,,,,,,,,,,,,inf,-100.0,,,
QCI ASSET MANAGEMENT INC/NY,,35.29,5.22,60.33,-9.28,15.06,29.14,-100.0,,,,,,,,,,,,
"QCM Cayman, Ltd.",,,inf,4.59,-100.0,,,,,inf,-100.0,inf,-100.0,,inf,-100.0,inf,21.76,-100.0,
"QRG CAPITAL MANAGEMENT, INC.",,,,,,,,,,,,,,,inf,38.31,-4.67,24.9,8.41,14.34
QUADRANT CAPITAL GROUP LLC,,-23.08,34.0,55.22,23.08,31.25,29.17,35.94,24.07,-18.85,-16.5,76872.18,38.75,68.82,15.24,38.71,19.45,32.22,-1.75,17.59
QUEST CAPITAL MANAGEMENT INC /ADV,,,,inf,-100.0,inf,39.5,13.98,-100.0,,,,,,,,,,,
QUEST INVESTMENT MANAGEMENT LLC,,,,,,,inf,-4.77,-3.74,191.38,3.14,116493.42,4.82,-8.14,-2.53,-83.7,-100.0,inf,-19.07,5.42
"Qsemble Capital Management, LP",,,,,,,,,,,,inf,-100.0,inf,183.86,129.78,-76.21,-100.0,,inf
Qtron Investments LLC,,inf,-100.0,inf,-9.42,15.18,29.08,16.32,4.58,-20.62,-44.02,179410.88,11.2,18.17,-8.25,25.78,-21.58,19.32,48.6,-10.91
"QuadCap Wealth Management, LLC",,,,,,,,,,,,,,,,,inf,-100.0,,
"Quadcap Wealth Management, LLC",,,,,,,,,,,,,,,,inf,-100.0,inf,98.09,-46.35
Quadrature Capital Ltd,,inf,-100.0,inf,225.51,-93.3,-100.0,,,,inf,262286.7,267.75,1.59,100.6,-100.0,,,,
Quaero Capital S.A.,,,,,,,inf,128.96,-53.81,-19.4,-1.67,87468.76,36.63,-9.38,-7.99,25.72,-100.0,,,
Quantamental Technologies LLC,,-100.0,,,,inf,-23.28,-38.98,-100.0,,,inf,-100.0,,inf,-100.0,,,,
Quantbot Technologies LP,,,inf,-100.0,,inf,-100.0,,inf,166.31,-35.87,306142.3,-100.0,inf,-99.77,32762.27,-100.0,,,inf
Quantinno Capital Management LP,,,inf,-100.0,,,,,,,,,,,inf,1.01,62.68,154.98,73.48,64.82
"Quantitative Investment Management, LLC",,,,inf,47.93,-93.36,3195.66,-100.0,,,,,,,,inf,-63.75,287.35,-100.0,
Quantitative Systematic Strategies LLC,,,inf,-100.0,inf,0.0,-100.0,,,,,,,,,,,,,
"Quantum Private Wealth, LLC",,,,,,,,inf,18.07,-24.32,34.07,105647.52,45.87,55.61,-6.17,39.85,1.63,32.68,0.56,7.58
Qube Research & Technologies Ltd,,inf,-50.89,86.8,294.05,-11.35,-100.0,,,inf,1064.58,132366.45,-63.87,-100.0,inf,409.92,31.85,182.58,142.13,11.99
"Quent Capital, LLC",,,,,,,,,,inf,0.0,90859.26,186.28,27.92,4.79,45.81,3.39,-9.56,40.42,12.25
Quest Partners LLC,,,,,,,,,,,,,,,,,inf,6519.17,1083.99,-100.0
Quintet Private Bank (Europe) S.A.,,,,,,,,,,inf,-100.0,,inf,28.22,-9.72,16.74,221.34,33.56,10.47,8.28
"Quotient Wealth Partners, LLC",,,,,,,,,,,,,,,,inf,8.54,22.41,3.88,7.65
R Squared Ltd,,,,,,,,,,,,,,,,,,,,inf
RAYMOND JAMES & ASSOCIATES,,40.41,5.95,48.98,-10.64,13.69,51.06,20.11,14.24,-26.88,-0.88,79338.02,45.71,34.98,-6.66,29.82,-0.76,20.07,2.14,-100.0
RAYMOND JAMES TRUST N.A.,,71.01,26.1,56.04,-7.36,30.62,30.32,9.39,11.84,-22.63,3.37,-19.07,40.62,24.97,128847.15,34.55,-5.75,21.68,8.45,-100.0
"RB Capital Management, LLC",,,,,,,,inf,168.82,-57.6,19.81,89536.75,50.84,146.62,-53.77,27.59,-2.55,14.02,2.3,16.26
"RBF Capital, LLC",,,,,,,,,,,,,,inf,-8.25,25.78,-100.0,,,
READYSTATE ASSET MANAGEMENT LP,,,,,,,,,,,,,,,,inf,1175.49,-100.0,inf,-80.39
"REAP Financial Group, LLC",,,,,,,,,,,,,,,,inf,9.82,8.34,14.44,-36.28
"REBALANCE, LLC",,,,,,,,,,,,inf,-100.0,,,,,,,
"REGATTA CAPITAL GROUP, LLC",,,,,,,,,,,,,,,,,,,,inf
REGENT INVESTMENT MANAGEMENT LLC,,,,inf,-100.0,,,,,,,,,,,,,,,
REGENTATLANTIC CAPITAL LLC,,40.13,113.15,-73.9,-9.7,15.42,29.15,18.5,21.69,-18.48,5.87,-100.0,,,,,,,,
REGIONS FINANCIAL CORP,,32.17,5.6,35.02,-29.91,15.18,27.87,-70.03,15.04,-30.88,-5.89,-18.99,38.9,148045.33,-18.74,43.7,-6.77,30.2,1.25,-100.0
"REILLY FINANCIAL ADVISORS, LLC",,37.5,-100.0,,,,,inf,-100.0,,,,,,,,,,,
RENAISSANCE TECHNOLOGIES LLC,,28.99,-16.11,12.83,-38.76,-47.55,-51.31,-67.56,-100.0,,,inf,-87.17,-88.18,1621.8,209.08,-89.64,149318.36,364.41,44.69
RENASANT BANK,,,,,,inf,-50.0,0.0,300.0,275.0,-100.0,,,,,,,,,inf
RESOURCES MANAGEMENT CORP /CT/ /ADV,,37.08,27.75,54.37,-6.64,16.97,30.31,5.41,-0.35,-21.31,-0.45,-14.59,377.52,-67.85,-3.4,132.94,-52.05,20.14,-0.13,5.92
RETIREMENT GUYS FORMULA LLC,,,,,,,,,,,,,,,,,inf,21.45,4.2,6.73
"REUTER JAMES WEALTH MANAGEMENT, LLC",,,,,,,,inf,0.0,-33.25,-12.64,-100.0,inf,24.05,-17.44,15.45,-100.0,,,
"RFG - Bristol Wealth Advisors, LLC",,,,,,,,,,,,,,,,,,,,inf
"RFG Advisory, LLC",,,,,,,,,,,inf,95409.64,-11.02,39.4,35.59,67.36,19.14,32.16,-30.51,26.43
RFP Financial Group LLC,,,,,,,,,,,,inf,88.12,155.86,-54.12,-39.84,179.69,-1.24,-100.0,
RHUMBLINE ADVISERS,,68.99,-0.29,38.41,-13.23,7.99,27.84,19.63,7.45,-17.92,5.79,-10.06,50.74,217125.37,-6.64,26.47,1.14,19.1,-0.98,7.53
RIA Advisory Group LLC,,,,,,,,,,,,,,,,inf,-100.0,,,
"RICHARDS, MERRILL & PETERSON, INC.",,,,,,,,,,,,,,,,,,,,inf
RICHARDSON FINANCIAL SERVICES INC.,,,,,,,,,,,,,,,,inf,15.09,2.27,0.31,9.04
RICHELIEU GESTION SA,,,,,,,,,,,,,,inf,-11.54,-100.0,,,,
RIPOSTE CAPITAL LLC,,,,,,,,,,,,inf,24.34,-4.06,63.12,-60.69,-100.0,inf,-100.0,inf
RITHOLTZ WEALTH MANAGEMENT,,,,,,inf,67.38,64.88,-4.42,-36.14,62.13,42293.04,55.88,-11.45,38.18,61.66,48.48,1.45,0.98,7.32
"RMB Capital Management, LLC",,40.0,6.58,45.32,-9.37,15.19,67.18,32.8,16.17,51.6,-39.85,70285.75,80.96,1355.7,-6.71,24.47,-100.0,,,
RMR Wealth Builders,,inf,-100.0,inf,-54.75,22.37,24.63,-100.0,inf,-20.69,-10.14,86189.68,51.5,28.8,-6.67,33.89,14.17,-9.8,7.48,110.12
ROANOKE ASSET MANAGEMENT CORP/ NY,,,,,,,,,,,,,,,,inf,-3.98,19.35,0.77,6.51
ROBERTS GLORE & CO INC /IL/,,,,,,,,,,,,,,inf,-100.0,inf,3.61,19.31,0.82,6.47
ROCKLAND TRUST CO,,,,,,,,inf,12.12,-18.92,-3.33,-13.79,143712.0,27.92,-8.25,25.78,2.24,19.31,-100.0,
"ROGCO, LP",,,,,,,,,,,,,,,,,inf,3811.4,0.1,6.35
"ROI Financial Advisors, LLC",,,,,,,,,,,,,,,,inf,-6.36,21.35,1.69,4.29
ROMAN BUTLER FULLERTON & CO,,,,inf,-57.75,330.57,91.78,44.63,19.41,-18.28,-39.08,90951.17,24.19,35.05,3.88,27.03,-45.39,-44.53,11.09,3.0
ROMANO BROTHERS AND COMPANY,,,,,,,,,,,,inf,-100.0,,,inf,126.08,36.14,7.51,7.32
ROPES WEALTH ADVISORS LLC,,,,,inf,8.26,-36.84,15.83,11.87,-19.29,-0.4,93336.0,30.32,28.26,-8.49,-100.0,,,,
ROTHSCHILD INVESTMENT LLC,,,,,,,,,,,,,,,,inf,-8.69,2.07,-1.25,-3.09
ROWLAND CARMICHAEL ADVISORS INC /ADV,,40.21,54.8,45.2,-100.0,,,,,,,,,,,,,,,
ROWLANDMILLER & PARTNERS.ADV,,,,,,,,,,,,,,,,,,inf,0.82,-100.0
ROYAL BANK OF CANADA,,-91.04,-100.0,,inf,2591.21,26.78,16.03,-10.39,-34.42,35.94,-100.0,,,,,,,,
ROYAL LONDON ASSET MANAGEMENT LTD,,34.04,8.51,29.56,181.65,15.14,26.93,15.19,-23.79,-15.44,-54.15,88636.35,42.29,46.09,-1.78,157.81,-50.05,20.59,4.96,8.63
RPS ADVISORY SOLUTIONS LLC,,,,,,,,,,,,,,,,,,inf,0.9,7.31
"RVW Wealth, LLC",,,,,,,,,,,,,,,inf,-100.0,,,,
"RWA WEALTH PARTNERS, LLC",,,,,,,,,,,,,,,,inf,-5.73,22.27,-3.32,9.53
RWC Asset Management LLP,,7.98,7.42,20.16,-65.36,119.92,-96.41,15.38,12.06,-19.97,-1.59,85237.05,41.79,53.05,-8.45,-100.0,inf,-100.0,,
"Radnor Capital Management, LLC",,,,,,,,,,,,,,,,inf,26.69,-100.0,inf,6.64
"Rafferty Asset Management, LLC",,inf,333.43,68.66,-41.06,-3.14,3.24,156.95,20.38,-12.91,-10.15,66847.22,31.05,377.66,-9.67,43.56,6.54,24.49,-4.78,6.96
Railway Pension Investments Ltd,,40.05,6.57,45.2,-9.36,15.19,-100.0,inf,169.54,-31.55,-13.51,92274.77,43.14,26.05,417.02,26.14,-2.59,-12.5,-15.32,0.52
Raleigh Capital Management Inc.,,,,,,,,,inf,-50.0,80.0,96022.22,292.51,9.86,160.18,173.44,-72.59,47.27,11.99,3.44
"Ramirez Asset Management, Inc.",,,,,,,,,,,,,,,,inf,-3.65,19.32,0.82,6.47
"Ramsay, Stattman, Vela & Price, Inc.",,,,,,,,,inf,-46.3,-0.5,85093.44,43.14,27.92,-8.4,25.61,-3.78,19.23,0.82,6.47
Ranch Capital Advisors Inc.,,,,,,,,,,,,,,,,inf,-0.21,20.11,-0.31,9.94
Randolph Co Inc,,,,,,,,,,,,,,,,,inf,19.38,0.4,6.37
Range Financial Group LLC,,,,,,,,,,,,,,inf,8.71,32.25,-1.05,-100.0,,
Rathbone Brothers plc,,,,,,inf,65.97,-100.0,,,,,,,,,,,,
Rathbones Group PLC,,,,,,,,inf,12.78,-19.49,-100.0,,inf,26.62,125.83,25.43,-100.0,inf,-4.39,5.73
Rathbones Group Plc,,,,,,,,,,,inf,37270.8,-100.0,,,,inf,-100.0,,
"Rather & Kittrell, Inc.",,,,,,,,inf,-100.0,,,,,,,,,,,
"Raymond James Financial Services Advisors, Inc.",,43.47,12.23,52.65,-1.87,23.93,3.86,44.66,67.34,-6.66,5.69,83779.94,41.93,32.16,-9.71,38.87,10.63,23.96,8.3,-100.0
Realta Investment Advisors,,,,,,,,,,,,,,,,inf,23.47,63.45,-7.12,0.86
"Red Door Wealth Management, LLC",,,,,,,,,,,,,,inf,-100.0,,,,,
Red Wave Investments LLC,,,,,,,,,,,,,,,,,,,,inf
Redpoint Investment Management Pty Ltd,,-41.42,16.61,45.23,-22.24,7.93,26.51,25.43,27.33,-20.63,-13.07,-100.0,,,,,,,,
"Redwood Investment Management, LLC",,,inf,34.23,-100.0,,,,,,,,,,inf,-100.0,,,,
"Redwood Investments, LLC",,,,,,,,,,,,,,inf,-9.17,25.4,-17.34,-100.0,,
Redwood Park Advisors LLC,,,,,,,,,,,,,,,,,,,,inf
"Redwood Wealth Management Group, LLC",,,,,,,,,,,,,,,,,inf,-100.0,inf,13.34
Regal Investment Advisors LLC,,,,inf,-100.0,inf,113.41,-100.0,inf,-100.0,,,inf,44.84,-36.73,60.56,4.62,23.27,-0.38,-13.38
"Regal Wealth Group, Inc.",,42.86,-50.0,-100.0,,,,,,,,,,,,,,,,
Regent Investment Management LLC,,-17.74,6.37,-100.0,inf,17.13,29.1,16.18,1.0,-20.69,64.6,-48.53,-100.0,,,,,,,
Regent Peak Wealth Advisors LLC,,,,inf,-100.0,,,,,,,,,,,,,,,
Register Financial Advisors LLC,,,,,,,,,,,,,,,inf,17436.77,1.88,17.21,0.82,17.5
Rehmann Capital Advisory Group,,,,,,,,,,,,,,,inf,42.1,-11.04,19.09,8.96,9.89
"Relative Value Partners Group, LLC",,,,,,,,,inf,-100.0,,,,,,,,inf,-100.0,
"Reliant Investment Management, LLC",,44.46,8.62,-100.0,,inf,29.51,16.85,-100.0,,,,,,,inf,-0.92,21.17,1.06,7.25
Relyea Zuckerberg Hanson LLC,,,,,,,,,,,,,,,,,,inf,-40.05,12.59
Renasant Bank,,,,inf,-100.0,,,,,,,,,,,,,,,
Repertoire Partners LP,,,,,,,,inf,10.71,-20.97,100.0,-100.0,,,,,,,,
"Requisite Capital Management, LLC",,,inf,-100.0,,,,,,,,,,,,,,,,
Resolute Advisors LLC,,,,,,inf,27.27,21.43,-100.0,,,,,,,,,,,
"Resonant Capital Advisors, LLC",,-100.0,inf,48.73,-8.57,12.41,59.58,25.07,-23.59,-20.49,2.41,95564.43,48.99,23.17,-7.1,91.46,-1.48,34.61,7.17,7.5
"Resources Investment Advisors, LLC.",,,,inf,20.58,97.01,28.72,33.65,5.21,-16.12,255.56,109328.12,199.2,-100.0,,,,,,
Resurgent Financial Advisors LLC,,,,,,,,,,,inf,24588.06,-17.81,36.27,-10.95,126.15,-100.0,inf,-1.34,5.12
"Retirement Group, LLC",,,,,,,,inf,300.0,25.0,20.0,33.33,50.0,123400.0,-8.25,60.47,6.77,-100.0,,
"Retirement Planning Co of New England, Inc.",,,,,,,,inf,-100.0,,,,,,,,,,,
Retirement Systems of Alabama,,,,,,,,,,,,,,inf,-7.74,24.59,-2.11,22.2,0.28,6.42
Retirement Wealth Solutions LLC,,,,,,,,,,,,,,,,,,,,inf
"Reyes Financial Architecture, Inc.",,,,,,,,,,,,,,,,,,,,inf
"Reynders McVeigh Capital Management, LLC",,12.98,6.53,41.45,-19.58,13.73,29.74,3.88,9.49,-14.9,-11.78,-13.49,26.69,27.57,-32.65,-2.34,-70.66,23.56,-6.23,14.94
Rheos Capital Works Inc.,,58.74,-100.0,,,,,,,inf,40.45,-25.44,1016.38,46.09,-48.33,25.78,-31.7,-30.75,-51.92,85.81
"Rialto Wealth Management, LLC",,,,,,,,,,,,,,,,,,,,inf
"Richard W. Paul & Associates, LLC",,,,,,,,,,,,,,,,inf,-87.19,16.15,-45.01,-4.17
Richelieu Gestion PLC,,,,,,,,,inf,-20.64,42.71,-13.22,-92.71,-100.0,,,,,,
"Richmond Investment Services, LLC",,,,,,,,,,,,,,,,,,,,inf
Riggs Asset Managment Co. Inc.,,,,,,,,,,,inf,64657.34,65.7,32.68,-6.55,-6.07,-5.81,19.57,1.88,9.19
Rinkey Investments,,,,,,,,,,,,,,,,,,,,inf
"Rise Advisors, LLC",,,,,,,,inf,-99.89,500.0,0.0,85950.0,48.3,20.13,-89.81,2426.34,76.32,19.32,-9.24,0.44
RiverGlades Family Offices LLC,,40.38,6.35,45.28,-19.91,15.41,29.04,16.15,11.87,-24.16,-100.0,inf,43.14,27.92,-8.25,58.66,-20.51,14.66,0.82,-27.41
Riverview Trust Co,,,,,,,,,inf,87.18,-100.0,inf,-100.0,inf,-8.25,-100.0,inf,138.63,-42.39,9.13
Robbins Farley,,,,,,,,,,,,,inf,25.06,-4.51,26.0,-24.72,47.94,-12.25,8.44
"Robertson Stephens Wealth Management, LLC",,,,,,,,inf,22.18,-5.82,-14.18,94089.41,76.03,14.73,96.25,-33.63,20.02,13.86,-30.49,-4.14
"Roble, Belko & Company, Inc",,,,,,,,,,,,,,,,,,,,
Robocap Asset Management Ltd,,,,,,,,,,,,,inf,11.83,-18.88,13.49,564.57,15.16,100.0,-58.69
"Rock Creek Group, LP",,,,,,,,,,,,,inf,-41.52,37.65,-100.0,,,,
"Rockbridge Investment Management, LCC",,inf,8.82,43.24,-9.43,16.67,28.57,27.78,109502.17,-26.52,-100.0,,,,,inf,-100.0,,,inf
"Rockline Wealth Management, LLC",,,,,,,,,,,,,,,,inf,33.28,25.98,10.23,10.55
Rokos Capital Management LLP,,,,,,,inf,-100.0,inf,-100.0,,,,,,,,,,
"Rollins Financial Advisors, LLC",,,,,,,,,,,,,,,,,,inf,3.14,6.47
"Ronald Blue Trust, Inc.",,,,,,,,,,inf,16.67,46.43,-58.54,-94.12,400.0,-100.0,,,,
"Root Financial Partners, LLC",,,,,,,,,,,,,,,,,,,inf,6.47
Ropes Wealth Advisors LLC,,23.04,6.37,47.19,-100.0,,,,,,,,,,,,,,,
Rosenbaum Jay D.,,,,,,,inf,33.93,19.5,-23.71,6.4,89905.67,67.66,34.61,-4.68,-33.01,-100.0,,,
Rosenberg Matthew Hamilton,,,,,,,inf,42.62,12.64,7.14,-0.95,90467.31,43.14,-39.74,-8.25,25.78,-5.24,22.0,9.72,23.61
Rossmore Private Capital,,inf,53.25,45.25,-12.66,22.61,30.26,19.04,45.81,-22.06,-0.52,85422.52,43.14,16.94,-10.13,34.27,-3.45,19.47,0.82,5.45
"Round Rock Advisors, LLC",,,,,,,,,,,,,,inf,-8.43,25.65,-3.65,18.35,0.82,6.96
Roxbury Financial LLC,,,,,,,,,,,,,,,,,,,,inf
Royal Bank of Canada,,,,,,,,,,,,inf,17.93,-38.74,416.0,-47.54,-82.97,80.04,-44.64,-1.72
"Ruedi Wealth Management, Inc.",,,,,,,,,,,,,,,,,inf,19.31,0.82,6.47
"Runnymede Capital Advisors, Inc.",,,,,,,,,,,,,,,,,,,,inf
"Russell Investments Group, Ltd.",,21.07,17.56,68.24,-97.52,16.13,-100.0,inf,46.37,-96.1,2142.05,123498.63,-60.28,44.91,-14.28,36.15,-12.08,21.39,-18.45,-100.0
S&CO INC,,33.58,6.56,45.19,-9.42,15.25,29.06,48.67,16.69,-20.65,-0.53,-14.81,43.15,27.93,-8.24,25.78,1.2,31.18,0.83,6.47
S&T Bank/PA,,,,,,,,,,,,,,,,,,,,inf
S.A. Mason LLC,,,,,,,,,,,,,,,,,,,inf,779.29
"SAGESPRING WEALTH PARTNERS, LLC",,,,,,,,,,,,,,,,,,,,inf
SALEM INVESTMENT COUNSELORS INC,,inf,9.09,63.89,-71.19,1229.41,29.2,16.1,-98.82,925.0,124.39,94392.39,0.64,-35.16,-8.25,25.78,-2.78,11.86,0.82,36.89
SAN FRANCISCO SENTRY INVESTMENT GROUP (CA),,40.82,6.52,44.9,-9.39,15.54,-100.0,,,,,,,,,,,,,
SANDERS MORRIS HARRIS LLC,,,,,,,,,,,,,,,,,,inf,0.82,6.47
SANDLER CAPITAL MANAGEMENT,,,,,,,,,inf,121.14,-100.0,,,,inf,20.04,-57.61,-100.0,inf,-100.0
SAPIENT CAPITAL LLC,,,,,,,,,,,,,,,,inf,-45.55,20.76,7.8,5.29
SATURNA CAPITAL CORP,,,,,,,,,,,,,,,,,inf,19.1,4.63,25.73
"SAX WEALTH ADVISORS, LLC",,,,,,,inf,16.14,123.56,-60.41,-0.34,85065.41,43.3,27.78,-40.33,25.78,-30.75,79.04,6.87,24.43
"SAXON INTERESTS, INC.",,,,,,,,,,,,,,,inf,-100.0,,,,
"SCGE MANAGEMENT, L.P.",,,,,,,,,,,,,,inf,87.84,25.78,-3.65,19.32,37.6,44.08
SCHAPER BENZ & WISE INVESTMENT COUNSEL INC/WI,,,,,,,,,,,,,,,,,inf,19.32,31.07,4.77
SCHMIDT P J INVESTMENT MANAGEMENT INC,,,,inf,1.27,12.92,21.03,6.4,13.47,6.31,-19.24,89985.29,109.0,34.82,6.41,39.27,-12.61,23.44,1.32,7.23
SCHRODER INVESTMENT MANAGEMENT GROUP,,2064.05,7.23,215.56,42.73,-38.85,626.73,23.06,10.47,-21.24,4.31,92254.02,67.92,28.48,-17.96,15.25,-7.27,22.01,2.39,9.29
SCHWARZ DYGOS WHEELER INVESTMENT ADVISORS LLC,,,,,,,,inf,29.73,-26.49,-0.4,94912.2,108.43,30.28,-7.69,35.19,-5.15,18.23,1.42,20.45
SEARLE & CO.,,40.15,6.57,45.18,-8.99,15.2,29.12,16.23,11.81,-20.66,-0.52,84461.17,30.76,36.48,-6.21,25.78,-3.65,19.32,0.44,6.47
"SECURED RETIREMENT ADVISORS, LLC",,,,,,,,,,,,,,,,inf,-15.84,31.5,4.33,3.32
"SECURIAN ASSET MANAGEMENT, INC",,,,,,,,,,,,,,inf,-20.89,13.04,-9.21,19.5,-2.98,4.75
SEEYOND,,inf,-100.0,,,,,,,,,,,,,,,,,
"SEGALL BRYANT & HAMILL, LLC",,-20.62,16.83,28.95,30.2,-26.52,154.18,-42.52,3.71,-22.22,-1.1,-12.53,40.54,120187.43,23.71,-63.3,49.11,33.9,6.86,3.79
SEI INVESTMENTS CO,,210.58,9.24,-39.24,5.42,6.04,36.68,17.3,230.51,-14.64,-6.61,103964.74,57.98,-63.02,6.18,4.47,-36.66,20.21,3.48,20.44
SENTRY INVESTMENT MANAGEMENT LLC,,,,,,,,,,,,,,inf,-7.95,13.43,-3.59,-0.88,-100.0,
"SEVEN EIGHT CAPITAL, LP",,,,,,,,,inf,-100.0,inf,299141.52,-76.04,-100.0,inf,249.12,-4.41,-89.31,212.71,-100.0
SEVEN MILE ADVISORY,,,,,,,,,,,,,,,,inf,0.22,29.48,5.4,19.03
SFE Investment Counsel,,50.56,4.16,52.3,-15.16,13.92,22.69,13.11,-7.41,-21.98,-0.57,85265.55,15.78,35.92,-11.02,19.07,-15.41,24.48,0.89,2.78
"SFMG, LLC",,32.78,6.69,44.38,-9.96,12.92,28.85,14.13,-100.0,,,,,inf,-3.52,21.91,1807.1,18.06,1.97,6.12
"SG Americas Securities, LLC",,-37.1,68.73,619.42,-7.65,-2.95,-50.81,-42.58,-41.43,90.03,-8.51,-32.63,23.49,1410.06,-90.55,58.21,-77.44,-11.15,667.06,202.03
"SG3 Management, LLC",,inf,202.71,134.98,-80.28,30.71,758.56,15.46,-74.93,-100.0,,,,,,,,,,
"SGL Investment Advisors, Inc.",,,,,,,,,,,,,,,,,,,inf,1.28
SHEETS SMITH WEALTH MANAGEMENT,,,,,,,,,,,,,,,,inf,-1.38,182.52,-13.69,0.4
SHELL ASSET MANAGEMENT CO,,-73.88,-9.86,243.54,-82.36,-2.17,-100.0,,,inf,119.14,-26.86,219.4,306.17,-21.85,2.52,120.38,-100.0,inf,3.46
SHELTON CAPITAL MANAGEMENT,,-100.0,,,,,,inf,11.83,-20.66,2.03,77839.79,43.14,43.58,18.92,113.24,-11.55,43.18,-5.4,9.62
"SHELTON WEALTH MANAGEMENT, LLC",,,,,,,,,,,,,,,,,,,,inf
SHENKMAN CAPITAL MANAGEMENT INC,,37.05,-2.16,42.49,-38.94,17.04,-46.14,23.81,-40.74,-0.29,-22.3,88780.53,-45.55,94.69,-100.0,,,,,
SHEPHERD WEALTH MANAGEMENT Ltd LIABILITY Co,,,,,,,,,,,,,,,,,,,,inf
SHERBROOKE PARK ADVISERS LLC,,,,,,,,,,,,inf,-100.0,,,,inf,-100.0,,
SHINE INVESTMENT ADVISORY SERVICES INC,,73.08,6.67,-100.0,,,,,,,,,,,,,,,,
SHUFRO ROSE & CO LLC,,,,,,,,,,,,,,,,,,inf,0.0,-3.61
SIENA CAPITAL LLC,,,,,,,,,inf,-20.97,0.0,-100.0,,,,,,,,
"SIERRA OCEAN, LLC",,,,,,,,,,,,,,,,,,,,inf
SIERRA SUMMIT ADVISORS LLC,,,,,,,,,,,,,,,,inf,0.54,46.59,4.57,15.29
SIGNATURE ESTATE & INVESTMENT ADVISORS LLC,,,,,,,,,,,,,,,,,,,,inf
"SIGNATUREFD, LLC",,90.54,24.82,48.3,-7.28,35.54,46.95,34.44,57.25,-16.49,-0.59,67245.39,49.0,40.29,-0.92,38.04,11.07,23.52,3.78,0.27
"SIGNET FINANCIAL MANAGEMENT, LLC",,,,,,,,inf,-100.0,,,,,,,,,,,inf
"SILVER OAK SECURITIES, INCORPORATED",,,,,,,,,,,inf,-100.0,inf,254.33,3408.18,4120.54,-100.0,,inf,64.84
"SILVER OAK SECURITIES, Inc",,,,,,,,,,,,,,,,,inf,22.94,-100.0,
SILVERBACK ASSET MANAGEMENT LLC,,123.86,69.45,51.05,-60.47,-100.0,inf,-100.0,inf,-83.41,102721.48,-100.0,,,,,,,,
SILVERCREST ASSET MANAGEMENT GROUP LLC,,,,,inf,-15.15,-100.0,,,,,inf,61.67,65.97,28.23,48.32,-10.75,213.93,-63.44,5.73
"SIMON QUICK ADVISORS, LLC",,40.28,8.91,42.27,-9.58,15.19,44.79,15.68,13.0,-16.37,3.1,86325.56,28.5,29.48,-33.5,31.98,0.12,35.6,16.16,10.58
"SIMPLEX TRADING, LLC",,-10.5,45.03,8.01,-67.95,139.35,7.68,246.25,28.46,-27.5,24.53,15.83,50.44,27.15,-10.63,37.38,25.42,-2.46,-12.55,-4.31
SIT INVESTMENT ASSOCIATES INC,,,,,,,,,,,,inf,106.45,60.0,43.4,20.09,4.58,25.23,5.07,2.56
"SITTNER & NELSON, LLC",,,,,,,,,,,,,inf,27.92,-8.25,25.79,-3.65,19.32,0.83,6.47
SJS Investment Consulting Inc.,,,,,,,,inf,287.1,-100.0,inf,-100.0,inf,78.13,3.45,50.49,-97.6,401.06,216.84,6.47
"SMITH, MOORE & CO.",,,,,,,,,,,,,,,,inf,52.65,38.19,11.05,8.75
SMITHBRIDGE ASSET MANAGEMENT INC/DE,,,,,,,,,,,,,,inf,-8.26,2094.79,90746.75,6.12,75.37,-100.0
SMITHFIELD TRUST CO,,51.72,6.82,45.39,-9.27,15.05,-100.0,,,,,,,,,,,,,
"SOA Wealth Advisors, LLC.",,,,,,,,,,,inf,81458.62,61.51,7.02,-14.7,124.5,-27.78,252.85,123.23,28.98
SONA ASSET MANAGEMENT (US) LLC,,,,,,,,,inf,41.5,-100.0,,,,,,,,,
SONATA CAPITAL GROUP INC,,,,,,,,,,,,,,inf,53.04,-100.0,,inf,-100.0,
"SONORA INVESTMENT MANAGEMENT, LLC",,37.5,9.09,150.0,-10.0,18.52,28.12,-100.0,,,,,,,,,,,,
SORA INVESTORS LLC,,,,,,,,inf,-53.11,-100.0,inf,-100.0,,,,,,,,
SOROS FUND MANAGEMENT LLC,,inf,-100.0,,,,,,,,,,,,,,,,,
"SPC Financial, Inc.",,,,,,,,,,,,,,,,,,,,inf
"SPIREPOINT PRIVATE CLIENT, LLC",,,,,,,,,,,,,,,,,inf,22.78,4.02,7.48
SPIRIT OF AMERICA MANAGEMENT CORP/NY,,,,,,,,,,,,inf,43.14,27.92,-8.25,88.67,638.72,27.1,4.94,6.47
"SRS Capital Advisors, Inc.",,,,inf,-100.0,inf,-9.09,0.0,-30.0,-14.29,16.67,5885.71,43.2,198.17,607.66,28.11,-1.89,323.98,12.47,119.66
"SRS Investment Management, LLC",,39.67,-94.06,-100.0,,,,,,,,,,,,,,,,
SSI INVESTMENT MANAGEMENT LLC,,0.51,18.72,53.95,-9.86,14.79,32.35,27.85,11.67,-30.48,1.24,72558.52,69.14,-16.96,-28.29,28.63,-39.81,-1.3,-1.95,-16.72
ST GERMAIN D J CO INC,,40.26,6.43,45.6,-12.2,13.56,23.25,9.1,-6.12,77.56,-56.32,152.14,-100.0,inf,-11.9,24.41,-4.64,17.09,0.33,-0.11
STAR Financial Bank,,,,,,,,,,,,,,,,,,inf,-8.37,-100.0
STATE BOARD OF ADMINISTRATION OF FLORIDA RETIREMENT SYSTEM,,43.54,6.59,39.9,-12.42,12.52,26.13,15.71,9.83,-21.8,1.75,83795.8,42.06,22.79,0.48,15.79,-30.07,55.58,-1.2,10.62
STATE OF MICHIGAN RETIREMENT SYSTEM,,,,,,,,,,inf,55.35,101558.5,52.25,46.01,-8.06,26.34,-71.85,22.22,0.48,7.2
STATE OF WISCONSIN INVESTMENT BOARD,,22.96,8.11,42.33,-2.28,-55.08,37.14,48.31,8.04,-26.3,-13.72,78635.53,53.71,25.42,-29.82,31.02,-0.9,23.53,5.78,8.33
"STEEL GROVE CAPITAL ADVISORS, LLC",,,,,,,,,,,,,,,,inf,32.22,-20.5,-4.61,-100.0
STEELHEAD PARTNERS LLC,,82.6,114.42,32.21,35.49,87.85,-50.17,-4.05,-45.86,-100.0,,,,,,,,,,
STEPH & CO,,,,,,,,,,,,,,,,,inf,30.68,30.04,-44.97
STEVENS CAPITAL MANAGEMENT LP,,,,,,,,,,,,,,inf,-54.67,40.93,-100.0,,inf,19.72
"STEWARD PARTNERS INVESTMENT SOLUTIONS, LLC",,,,,,,,,,,,,,,,inf,-23.87,-100.0,,
STF Management LP,,,,,,,,,,,,inf,151.12,-31.15,142.29,34.43,-3.65,13.83,-5.01,7.96
STOCK YARDS BANK & TRUST CO,,,,,,,,,,inf,8.49,30.61,635.69,142746.82,-2.8,27.65,8.1,19.54,0.81,8.15
"STONE RUN CAPITAL, LLC",,,inf,46.37,-22.6,15.73,72.47,21.58,-6.98,-44.3,-0.53,109642.75,39.46,9.77,-14.94,22.11,16.32,-0.27,1.27,6.0
STONERIDGE INVESTMENT PARTNERS LLC,,,,,,,,,,,,,,,,,inf,-100.0,,
"STONNINGTON GROUP, LLC",,,,,inf,275.2,-8.71,262.87,-35.67,-65.63,49.14,41794.14,228.94,-100.0,,,,,,
"STRATEGIC PLANNING GROUP, LLC",,,,,,,,,,,,,,,,inf,19.88,66.53,4.85,8.66
STRATEGY ASSET MANAGERS LLC,,,,,,,,,,,,,,,inf,15.67,4.24,-100.0,inf,15.51
STRS OHIO,,65.69,7.81,31.67,-5.98,13.48,15.56,-15.34,10.46,-30.77,-2.86,-16.36,332.41,-58.51,82.63,-37.11,-25.53,109356.74,-0.63,-100.0
STUDIO INVESTMENT MANAGEMENT LLC,,,,,,,,,,,,,,,,,inf,-100.0,,
SUMITOMO LIFE INSURANCE CO,,,,,,,,,,,,,,,,,,,,inf
"SUMITOMO MITSUI FINANCIAL GROUP, INC.",,,inf,-100.0,,,inf,911.11,-100.0,,inf,-75.0,-100.0,,,,,,,
"SUMMIT PARTNERS PUBLIC ASSET MANAGEMENT, LLC",,,,,,,,,inf,-6.53,-23.89,65531.34,15.59,47.27,-20.66,-36.86,-38.92,-83.63,0.82,-100.0
SUMMIT SECURITIES GROUP LLC,,,,,,,,,,,,,,,,,,inf,-100.0,inf
"SUMMIT WEALTH & RETIREMENT PLANNING, INC.",,30.13,4.8,41.48,-38.79,11.13,10.13,14.52,7.55,-21.78,-0.58,85162.73,3.3,-41.51,-29.1,22.14,-8.95,19.31,-1.63,6.47
SURIENCE PRIVATE WEALTH LLC,,,,,,,,,inf,-100.0,,,,,,inf,-100.0,,,
SVB WEALTH LLC,,,,,,,,,inf,-15.0,3.84,87748.22,6.24,-0.3,-4.95,12.49,7.14,19.54,-100.0,inf
SWAN Capital LLC,,,,,,,,,,,,,,,,,,inf,0.82,6.47
SYCOMORE ASSET MANAGEMENT,,,inf,183.36,1.39,148.9,9.84,24.26,14.39,-42.27,-13.27,-13.42,54.42,10.6,-41.17,-10.54,-6.8,-31.04,-51.11,138.62
SYM FINANCIAL Corp,,,,,,,,,,,,,,,,,,,,inf
SYNOVUS FINANCIAL CORP,,,,,,,,,,,,,,,,inf,-2.56,-100.0,,
"SYNTAX ADVISORS, LLC",,,,,,,,,,,,,,inf,-19.06,-100.0,,,,
SYON CAPITAL LLC,,,,,,,,,,,,,,,,,,,inf,26.55
SYSTM Wealth Solutions LLC,,,,,,,,,,,,inf,47.46,15.12,-100.0,inf,0.71,33.21,-99.98,-100.0
"Sachetta, LLC",,,,,,,,,,,,,,,,inf,0.0,-16.1,-6.74,7.13
Sage Mountain Advisors LLC,,,,,,,,,,,,,,,inf,72.55,1.01,63.42,5.42,6.91
"SageView Advisory Group, LLC",,,,,,,,,,,,,,inf,96.21,940.98,-100.0,inf,-20.9,12.0
Sageworth Trust Co,,,,,,,,,,inf,-38.1,-34.07,-100.0,,,,,,,
"Salomon & Ludwin, LLC",,,,,,,,,,,,,,,inf,0.0,15.47,19.31,-3.88,1.59
"Sanctuary Advisors, LLC",,,,,,,,,,,,,,,,,,inf,48.82,-5.38
"Sanctuary Wealth Management, L.L.C.",,,,,,,,,,,,inf,-100.0,inf,-8.25,25.78,-3.65,19.32,0.82,6.47
"Sand Hill Global Advisors, LLC",,,,,,,,,,,,,,,inf,26.66,-3.67,20.04,1.48,4.77
Sandbar Asset Management LLP,,,,,,,,,,,,,inf,-100.0,inf,-100.0,,,,
Sandhill Capital Partners LLC,,,,,,,inf,17.49,9.99,-30.08,-5.71,93496.48,40.9,26.99,-8.86,6.2,-1.4,17.93,-0.73,-0.63
"Sandy Cove Advisors, LLC",,,,,,,,inf,100.0,-100.0,,,,,,,,,,
Sandy Spring Bank,,55.69,33.22,45.15,-9.49,14.7,26.36,16.5,9.69,-25.19,-0.5,80110.68,39.13,24.71,-6.97,23.94,2.95,23.5,4.74,9.26
"Sanibel Captiva Trust Company, Inc.",,,,,,,,,,,,,,,,inf,51.17,65.11,0.27,6.83
"Sante Capital Fund, LP",,,,,,,inf,-100.0,,,,,,,,,,,,
Sara-Bay Financial,,inf,-13.39,45.45,-9.38,14.83,29.43,16.24,11.78,58.93,-50.34,-14.71,43.05,27.92,-8.52,25.78,-5.24,21.33,0.49,7.14
Sargent Bickham Lagudis LLC,,152.38,9.43,162.07,-55.26,16.18,24.05,16.33,-19.3,-18.48,0.0,213674.67,-100.0,,,,,,,
"Sargent Investment Group, LLC",,,,,,,,,inf,-100.0,,,inf,-100.0,inf,61.98,-100.0,inf,3.53,4.12
Sassicaia Capital Advisers LLC,,,,,,,,,,,,,inf,-100.0,,,,,,
Sather Financial Group Inc,,,,,,,,,inf,-100.0,inf,-100.0,inf,27.92,7.38,26.39,-3.65,-12.73,0.82,-9.9
Saturna Capital CORP,,,,,,,,inf,-6.2,-100.0,,,inf,43.8,-8.25,44.2,-100.0,,,
Sava Infond d.o.o.,,,,,,,,,,,,,,,,,,,,inf
"Savant Capital, LLC",,,,,,,,inf,13.49,-90.57,-4.35,172563.64,1748.93,94.74,0.68,19.87,-12.01,38.59,15.17,0.15
Savior LLC,,40.0,9.52,43.48,-9.09,13.33,-100.0,,,,,,,,,,,,,
Savoie Capital LLC,,,,,,,,,,,,,,,inf,25.78,30.32,-11.78,0.82,6.47
"Savvy Advisors, Inc.",,,,,,,,,,,,,,,,,,inf,127.12,179.92
"Sawtooth Solutions, LLC",,55.08,19.9,59.03,-100.0,,inf,165.54,-36.39,-15.6,10.9,-100.0,,,,,,,,
"Sawyer & Company, Inc",,,,,,,,,,,,,,,,,,,inf,10.0
"Saxony Capital Management, LLC",,,,,,,,,,,,,,,,inf,36.42,13.3,-6.79,11.75
"Scarborough Advisors, LLC",,,,,,,,,,,,,,,,inf,-100.0,,,
"Schechter Investment Advisors, LLC",,,,,,,,,,,,,,,,,,,inf,48.45
Schonfeld Strategic Advisors LLC,,inf,-38.12,753.75,-62.53,260.14,-96.26,462.52,95.89,339.98,-43.18,29014.53,-38.24,-100.0,inf,-100.0,inf,822.54,135.94,-95.71
Schoolcraft Capital LLC,,,,,,,,,,,,,,,,inf,-100.0,inf,0.82,6.47
Schrum Private Wealth Management LLC,,,,,,,,inf,25.75,-20.0,1.39,85098.43,43.14,27.92,-8.25,-28.64,133.13,19.32,12.96,-1.08
Schubert & Co,,,,,,,,inf,-33.33,-50.0,-100.0,,,,,,,,,
Schwab Charitable Fund,,40.0,6.63,45.18,-9.36,15.2,29.08,16.24,11.81,-20.67,-0.51,85095.45,43.14,20.25,-8.25,25.78,-3.65,11.44,-100.0,
Sciencast Management LP,,,,inf,81.52,-46.41,-100.0,,,,,,,,,inf,-100.0,,,
Scientech Research LLC,,,,,,,,,,,,,,,,inf,-100.0,inf,-22.85,-1.19
Sculptor Capital LP,,,,,inf,-44.8,2495.13,33.37,100.41,-55.88,4.59,83232.91,64.68,-100.0,,,,,,
SeaBridge Investment Advisors LLC,,inf,4.35,-100.0,,,,,,,,,,,,,,,,
"SeaCrest Wealth Management, LLC",,61.17,44.58,19.38,1.05,15.03,24.17,47.04,50.08,-11.51,-66.93,81481.27,48.28,207.38,-18.99,36.76,-0.23,4.25,0.11,8.17
"Seaport Global Advisors, LLC",,,,,,,,,inf,-4.27,48.51,62553.33,14.77,70.56,-20.61,65.96,23.31,-19.87,0.82,-100.0
"Secure Asset Management, LLC",,,,,,,,inf,-19.25,-100.0,,,,,,inf,63.65,81.99,11.63,79.87
Security National Bank,,61.24,15.0,44.41,-3.29,19.98,37.22,16.18,10.84,-22.95,-0.9,80266.71,41.45,21.67,-9.74,25.38,-3.49,19.21,0.27,3.18
Segantii Capital Management Ltd,,,,,,,,,,,,,inf,-100.0,,,,,,
"Selective Wealth Management, Inc.",,,,,,,,inf,10.71,-20.97,0.0,-100.0,,,,,,,,
"Semanteon Capital Management, LP",,,,,,,,,,,,,,,,,,,inf,-100.0
Semmax Financial Advisors Inc.,,-100.0,,,,,,,,,,,,,,inf,904.82,259.98,-63.42,-100.0
Semus Wealth Partners LLC,,,,,,,,,,,,,,inf,-3.13,34.69,21.34,36.91,-5.77,3.33
"Sender Co & Partners, Inc.",,,,,,,,,,,,,,,inf,0.0,-100.0,,,
"Senvest Management, LLC",,-100.0,,,,,,,,,,,,,,,,,,
"Sepio Capital, LP",,,,,,,,,,,,,,,inf,30.48,-100.0,,,
"Sequent Asset Management, LLC",,,,,,,,,,,,,,,,inf,-3.66,19.33,-45.72,6.47
"Sequoia Financial Advisors, LLC",,221.02,-40.63,55.54,-4.47,31.53,-63.78,510.47,-44.98,-48.55,-5.18,183209.56,-12.11,479.38,60.94,-35.49,-36.3,18.75,-14.95,-24.06
Shaolin Capital Management LLC,,inf,-100.0,inf,51.15,45.83,6.93,-28.49,6.39,72.82,21.17,-33.97,345.86,-11.86,307.1,46198.02,88.11,-49.87,16.67,-68.12
Shay Capital LLC,,,,,,,inf,-53.13,150.43,-51.64,-65.01,1009791.19,-66.39,-19.01,-100.0,,,inf,-100.0,
"Sheaff Brock Investment Advisors, LLC",,,,,,,,,inf,-100.0,,,inf,30.89,-11.5,23.47,242.87,-4.04,-13.52,5.69
Sheets Smith Investment Management,,,,,,,,,,,,,,,,,,,,inf
"Shellback Capital, LP",,inf,-100.0,,,inf,-100.0,,,,,,,,,,,,,
Shepherd Financial Partners LLC,,,,,,,,,,,,,,,,,inf,19.31,0.82,7.78
"Shilanski & Associates, Inc.",,,,,,,,,,,,,,,,,inf,6.16,-15.32,6.08
Shorepoint Capital Partners LLC,,,,,,,,,,,,inf,157174.36,26.93,-30.71,8.32,-34.79,-74.59,26.52,16.16
Shulman DeMeo Asset Management LLC,,,,,,,,,,,,,,,,,,,inf,-100.0
"Shum Financial Group, Inc.",,,,,,,,,,,,,,,,,,,inf,1.82
Siemens Fonds Invest GmbH,,,,,,,inf,17.04,10.73,-20.42,-12.61,-100.0,inf,159.88,366.15,75.69,-26.75,21.1,-23.44,-87.7
Sienna Gestion,,,,,,,,,,,,,,,,,inf,-61.57,217.91,913.59
Sierra Capital LLC,,,,,,,,inf,-10.85,-22.24,-0.8,-14.81,8.32,27.92,-8.19,25.71,-35.7,19.85,0.0,5.37
Sigma Planning Corp,,inf,41.13,19.33,-26.74,20.7,40.12,37.76,4.37,-29.58,58.2,95408.94,135.21,22.81,-1.83,-44.12,297.32,-20.44,3.03,25.24
"Signature Resources Capital Management, LLC",,,,,,,,,,,,,,,,inf,0.0,-100.0,,
"Signature Wealth Management Partners, LLC",,,,,,,,,,,,,,,,inf,-3.65,19.32,0.82,7.97
Silicon Valley Capital Partners,,,,,,,,,,,,inf,-72.36,119.35,29.51,25.78,17.46,22.04,0.82,33.53
Silicon Valley Community Foundation,,,,inf,-9.38,15.21,27.05,14.32,10.24,-21.78,-2.36,-14.81,39.87,25.33,-9.87,23.7,-5.18,17.57,-0.46,-100.0
"Simplicity Solutions, LLC",,,,,,,,,,,,inf,199.25,38.21,-14.39,25.38,-100.0,,,
"Simplicity Wealth,LLC",,,,,,,,,,,,,,,,,inf,26.39,-100.0,
Simplify Asset Management Inc.,,,,,,,,,,,,inf,-100.0,,,,,,,
Sitrin Capital Management LLC,,,,,,,,,,,,,,,,inf,-3.96,19.97,26.5,7.7
"Sivia Capital Partners, LLC",,,,,,,,,,,,,,,,,,inf,3.4,6.24
Skaana Management L.P.,,,,,,,,,,,,,,,,,inf,-100.0,,
Skandinaviska Enskilda Banken AB (publ),,,,,,,,,,inf,-100.0,,,,,,,,,
Sky Investment Group LLC,,,,,,,,,,,,,,,,,inf,665.74,6.66,9.78
"SkyOak Wealth, LLC",,,,inf,-100.0,,,,inf,23.01,38.85,85021.76,2.61,27.92,-100.0,,inf,-36.13,-2.44,3.91
"SlateStone Wealth, LLC",,,inf,-100.0,,,inf,16.46,11.59,-9.42,-0.36,-100.0,inf,56.52,0.25,29.97,-1.36,11.0,6.55,13.12
Smartleaf Asset Management LLC,,,,,,,,,,,,,,,,inf,20.4,264.23,88.22,61.02
"Smith Anglin Financial, LLC",,,,,,,,,,,,,,,,,,,inf,7.32
Smith Asset Management Group LP,,inf,-100.0,,,,,,,,,,,,,,,,,
"Smith Group Asset Management, LLC",,,,,,,,,,,,,,,,inf,-100.0,,,
Smith Salley Wealth Management,,,,,,,,,,,,,,,,,,,,inf
Smithfield Trust Co,,,,,,,inf,16.79,12.5,-21.67,-0.71,-13.57,42.98,27.46,-8.16,100.99,-3.19,18.65,0.96,6.46
Snider Financial Group,,,,,,,,,,,,,,,,,inf,35.65,2.02,11.13
Snowden Capital Advisors LLC,,inf,12.51,49.5,-18.83,15.39,31.75,-99.89,23.23,-19.58,1.0,87678.82,43.31,40.26,-39.98,36.87,9.04,23.22,1.01,7.91
"Sofos Investments, Inc.",,,,,inf,321.59,-100.0,,,,,,,,,,,,,
"Solstein Capital, LLC",,,,,,inf,33.33,25.0,20.0,-33.33,0.0,94100.0,43.13,27.93,-8.25,25.78,-3.64,19.3,0.83,6.47
Soltis Investment Advisors LLC,,,,,,,,,,,inf,219163.33,59.81,-100.0,,,,,inf,-98.18
Somerset Group LLC,,111007.3,-99.89,45.43,-9.37,16.05,29.35,15.69,9.77,-20.65,-7.63,83347.23,39.19,27.47,-20.42,25.63,-25.91,21.46,-5.54,2.87
Sonen Capital LLC,,,,,,,,inf,-50.0,350.0,16.67,23819.05,55.09,27.92,-8.25,-100.0,,,,
Sonnipe Ltd,,,,,,,,,,,,inf,-100.0,,,,,,,
Sonoma Private Wealth LLC,,,,,,,,,,,,inf,54.06,12.87,-7.92,14.1,-15.74,17.23,-100.0,
"Sonora Investment Management Group, LLC",,,,,,,,,,,,,,,,,,,inf,28.02
"Sound Income Strategies, LLC",,,,,,,,,,,inf,125500.0,43.15,439.99,-78.27,25.78,103.39,19.32,356.37,5.85
"Sound View Wealth Advisors Group, LLC",,,,,,,,,,,,inf,-50.27,71.68,-5.5,-0.52,-11.68,25.55,21.18,3.22
South Dakota Investment Council,,,,,,,,,,,,,,inf,-12.99,25.83,-3.77,19.37,0.82,6.5
"Sovereign Financial Group, Inc.",,,,,,,,,,,,,,,,,inf,-35.67,-100.0,
"Sovran Advisors, LLC",,,,,,,,,,,,,,,,,,,,inf
Sowell Financial Services LLC,,45.16,22.22,290.91,2.79,-100.0,,,,,,,inf,-100.0,,,,,,inf
Spahn Wealth & Retirement LLC,,,,,,,,,,,,,,,,,,,,inf
"Spearhead Capital Advisors, LLC",,inf,15.53,49.58,-100.0,,,,,,,,,,,,,,,
"Spectrum Management Group, LLC",,,,,,,inf,-100.0,,,,,,,,,,,,
"Spectrum Wealth Counsel, LLC",,,,,,,,,,,,,,,,inf,2540.18,-100.0,,
"SpiderRock Advisors, LLC",,,,,,,,,,,,,,,,inf,194390.45,32.54,29.21,-100.0
Spire Wealth Management,,,,,inf,15.85,29.69,21.47,129.68,-79.32,-42.37,14.33,189566.06,52.27,-8.36,52.72,-18.73,12.36,14.11,18.6
"Spouting Rock Asset Management, LLC",,inf,-100.0,,,,,,,,,,,,,,,,,
Spyglass Capital Management LLC,,80.03,17.72,72.56,4.41,23.34,-6.86,10.38,-43.74,-26.98,-27.22,68157.03,64.79,17.93,-46.12,-14.43,-33.09,-6.45,-100.0,
"St. Clair Advisors, LLC",,,,,,,,,,,,,,,,,,,,inf
"St. Johns Investment Management Company, LLC",,,,,,,inf,16.67,-100.0,,,,,,,,,,,inf
"Stablepoint Partners, LLC",,,,,,,,,,,,,,,,inf,50.34,20.54,2.74,4.57
StackLine Partners LP,,13.13,2.93,-7.35,-19.2,-18.99,-100.0,,,,,,,,,,,,,
"Stamos Capital Partners, L.P.",,-72.91,6.28,-100.0,,,,,inf,12.45,51.55,77836.29,116.22,-3.88,56.67,-54.54,0.61,0.5,-31.63,-26.87
Standard Family Office LLC,,,,inf,-100.0,inf,-100.0,,,,inf,-100.0,,,,,,,,
"Stanley-Laman Group, Ltd.",,41.85,-100.0,,,,,,,,,,,,,,,,,
"State of Alaska, Department of Revenue",,,,,,,,,,,,,,inf,-11.06,16.16,-1.79,22.54,7.93,5.61
State of New Jersey Common Pension Fund D,,34.61,-1.41,38.14,-14.57,17.95,29.28,17.32,11.81,-20.65,0.16,85706.69,45.39,27.92,-10.82,26.87,-0.24,-21.53,0.82,6.47
"State of Tennessee, Department of Treasury",,,,,,,,,,,,,,,,,,inf,-8.38,22.09
"State of Tennessee, Treasury Department",,,,,,,,,,,,,,inf,41.5,47.61,-17.71,-100.0,,
State of Wyoming,,,,,inf,225.71,-2.19,-59.42,-1.66,84.27,-100.0,inf,-100.0,,,,,inf,-100.0,inf
Steel Peak Wealth Management LLC,,,inf,-100.0,,,,,,,,,inf,60.15,-100.0,,,,,
"SteelPeak Wealth, LLC",,,,,,,,,,,,,,,inf,29.65,76.85,13.53,-32.22,-1.82
"Steigerwald, Gordon & Koch Inc.",,,,,,,inf,16.33,11.99,-24.46,-0.4,84985.37,43.14,27.92,-1.21,6.7,-3.65,19.32,0.23,2.95
"Stenger Family Office, LLC",,,,,,,,,,,,,,,,,,,,inf
"Stephens Consulting, LLC",,,,,,,,,inf,-20.65,-0.53,-14.81,43.16,27.92,-8.24,25.78,-3.65,19.32,0.82,6.48
Sterling Capital Management LLC,,,,,,,,,,,,,,,,,,,inf,19.82
"Sterling Financial Group, Inc.",,,,,,,,,,,,,,inf,-8.25,27.59,0.37,15.97,0.82,6.82
"Sterling Investment Advisors, Ltd.",,,,,,,,inf,0.0,-16.67,-100.0,,,,,,,,,
"Sterling Investment Counsel, LLC",,,,,,,,,,inf,-44.58,164602.55,102.19,30.27,-0.84,31.59,2.51,18.57,8.48,-76.8
"Stevard, LLC",,,inf,-100.0,,,,,,,,,,,,inf,12.75,19.31,-100.0,
Steward Financial Group LLC,,,,,,,,,,inf,-100.0,,,,inf,-100.0,,,,
"Steward Partners Investment Advisory, LLC",,64.33,12.95,43.35,186172.53,-99.95,25.78,27.78,140.26,-44.74,1.45,74456.92,59.0,75.7,-5.62,49.03,17.61,21.68,0.16,10.57
"Stokes Family Office, LLC",,,,,,,,,,,,,,,,inf,-3.65,-26.1,0.82,3.9
"Stone House Investment Management, LLC",,,,,,,,,,,,,,,,,inf,16.09,0.82,-100.0
"StoneCrest Wealth Management, Inc.",,,,,,,,,,,,,,,,inf,-14.77,-7.93,0.14,7.88
Stonebridge Capital Advisors LLC,,,,,inf,131.25,-91.89,33.33,100.0,-62.5,100.0,83616.67,43.16,468.52,-29.47,-100.0,,,,
"Stonebridge Financial Group, LLC",,,,,,,,,,,,,,,,,,,,inf
"Stonebridge Financial Planning Group, LLC",,27.78,8.7,44.0,0.0,8.33,123.08,17.24,-100.0,,,,,,,,,inf,0.82,23.78
"Stonegate Investment Group, LLC",,,,,,,,,,,inf,337561.38,96.44,-93.4,-22.48,-100.0,,inf,-100.0,
Stonehage Fleming Financial Services Holdings Ltd,,,,,,,,,,,,,,,,inf,-100.0,,,
Stony Point Capital LLC,,,,,,,inf,368.44,-17.77,-20.65,-32.11,89403.4,-10.28,33.1,12.34,100.99,-3.65,47.21,3.05,-0.79
Strait & Sound Wealth Management LLC,,,,,,,,,,,,inf,37.26,8.34,-9.59,40.79,-11.12,98.19,-4.02,7.97
Strategic Advisors LLC,,,,,,,,,,,,,,inf,-2.1,55.65,-8.23,60.35,0.82,75.87
Strategic Advocates LLC,,,,,,,,,,,,,,,,,,,,inf
"Strategic Blueprint, LLC",,,,,,inf,-100.0,,inf,-23.58,1.74,90232.55,47.4,-39.7,25.63,-3.61,11.05,22.77,4.73,6.85
"Strategic Financial Concepts, LLC",,,,,,,,,,,,,,,,,,inf,-100.0,inf
"Strategic Global Advisors, LLC",,,,,,,,,,,,inf,298.22,18.76,-15.36,-24.95,-9.1,-10.38,-0.11,-51.77
Strategic Investment Advisors / MI,,,,,,,,,,,,,,inf,1.59,29.32,-100.0,,,
"Strategic Investment Solutions, Inc. /IL",,,,,,,,,,,,,inf,-100.0,,inf,-100.0,inf,191.99,-0.81
Strategic Vision Investment Ltd,,,,,,,,,,,inf,11150.02,-100.0,,,,,,,
"Strategic Wealth Partners, Ltd.",,,,,,,,,,,,,,inf,-10.34,36.33,-24.79,18.7,-3.52,2.35
"Strategies Wealth Advisors, LLC",,,,,,,,,,,,,,,,,,,,inf
"Stratos Wealth Advisors, LLC",,,,,,,,,,inf,-100.0,,,inf,24.57,301.1,10.07,33.22,6.65,6.61
"Stratos Wealth Partners, LTD.",,inf,30.49,37.46,-17.25,16.92,26.61,28.57,13.17,-4.49,7.64,77151.43,31.71,44.3,42.79,22.69,34.62,69.82,49.12,7.59
"Strengthening Families & Communities, LLC",,,,,,,,,,,,,,,,,,inf,100605.85,-100.0
"Strive Asset Management, LLC",,,,,,,,,,,,,,,,,,,,inf
"StrongBox Wealth, LLC",,,,,,,,,,,,,,,,,inf,-12.32,-100.0,
"Stuart Chaussee & Associates, Inc.",,,,,,,,inf,22.22,-27.27,0.0,88950.0,43.0,27.92,83.5,-37.11,-3.64,19.32,0.82,6.47
"Styrax Capital, LP",,,,,,,,,inf,-19.05,-50.26,-100.0,,,,,,,,
"Sugar Maple Asset Management, LLC",,,,,,,,,,,,,,,,,inf,31.89,7.58,4.24
"Sugarloaf Wealth Management, LLC",,,,,,,,,,,,inf,-100.0,,,,,,,
"Sulzberger Capital Advisors, Inc.",,,,,,,,,,,,,,,,,,,,inf
"Sumitomo Mitsui DS Asset Management Company, Ltd",,40.66,13.36,45.42,-12.42,15.04,28.03,24.17,10.86,-20.52,7.72,91697.13,52.07,46.5,-1.3,32.25,2.9,27.89,2.8,16.52
"Summit Financial, LLC",,,,,,,,,,inf,32.87,81.17,29.75,30.49,29.75,20.16,9.32,69.91,10.48,4.55
Summit Global Investments,,,,,,,,,,,,,,,,,,,,inf
"Summit Trail Advisors, LLC",,,,,,,,,inf,-100.0,inf,-100.0,inf,132.19,-1.79,-0.02,2.62,53.48,-0.97,-100.0
"Summit X, LLC",,,inf,-100.0,,,,,,,,,,inf,-100.0,inf,19.21,45.48,9.68,12.23
"Sunbelt Securities, Inc.",,,,,,,,,,,,,inf,350.88,-20.92,111.47,84.07,37.18,3.01,12.85
Supplemental Annuity Collective Trust of NJ,,39.94,6.75,45.1,-9.42,15.22,29.11,16.28,11.76,-20.64,-0.51,85071.92,43.14,27.92,-8.25,25.78,-3.65,19.32,0.82,6.47
"Surevest, LLC",,53.81,12.46,45.95,-25.17,31.87,30.51,10.92,-27.08,-23.92,-1.84,-100.0,,,,,,,,
SurgoCap Partners LP,,,,,,,,,,,,,,,,inf,-100.0,,,
Sutton Wealth Advisors Inc.,,32.63,6.57,45.21,-9.38,15.21,28.87,17.03,11.81,-20.65,-0.52,-14.81,-40.01,27.92,-5.78,-100.0,,,,
Swedbank AB,,,,,,,,,,inf,-0.52,-23.15,43.14,-8.23,-19.37,25.78,-98.57,46583.61,-11.18,-40.65
Swiss National Bank,,43.91,1.98,41.82,-8.92,10.64,25.38,11.72,29.08,-20.63,0.5,79796.12,41.4,16.51,-17.4,23.36,-5.72,20.88,1.29,1.9
Symmetry Investments LP,,,,,,,,,,,,,,,inf,12.18,-100.0,,,
"Symmetry Partners, LLC",,,,inf,-100.0,,,inf,11.39,256.44,-100.0,,inf,27.65,-7.94,34.9,-10.17,19.09,-100.0,
"Symphony Financial, Ltd. Co.",,,,inf,54.85,-0.72,-8.98,89.07,65.3,-43.17,-4.5,73918.71,78.25,69.46,6.35,38.91,-7.31,39.14,-9.13,-33.62
"Synergy Asset Management, LLC",,,,,,,,,,,,,,,,,,,,inf
"T. Rowe Price Investment Management, Inc.",,,,,,,,,,,,inf,76.91,-100.0,,,,,,
TANDEM CAPITAL MANAGEMENT CORP /ADV,,,,,,,,,inf,-10.19,6.74,92107.64,70.13,27.92,55.25,-37.11,52.14,14.68,89.77,-41.11
"TBH Global Asset Management, LLC",,,,,inf,-2.5,17.92,11.43,-3.87,-23.6,-12.79,77543.17,42.03,27.24,-8.34,-36.65,94.19,-44.74,-9.89,2.9
"TCFG WEALTH MANAGEMENT, LLC",,,,,,,,,,,,,,,,,,,inf,-5.77
"TCG Advisory Services, LLC",,,,,,,,,,,,,,,,inf,7.43,32.26,1.15,-100.0
"TCI Wealth Advisors, Inc.",,0.0,0.0,100.0,75.0,42.86,30.0,23.08,56.25,-44.0,57.14,101381.82,-20.38,-100.0,,,,,,
"TCTC Holdings, LLC",,,,,,,inf,15.73,-100.0,,,inf,50.12,21.97,-8.25,25.78,-3.65,19.31,0.82,6.47
TCWP LLC,,,,,,,,,inf,-100.0,inf,88566.9,58.24,42.48,-8.22,-89.92,-100.0,inf,-100.0,
TD ASSET MANAGEMENT INC,,48.72,135.1,60.69,6.63,39.65,20.98,31.3,5.03,-24.01,1.17,-100.0,,,,,,,,inf
TD Asset Management Inc,,,,,,,,,,,,inf,52.44,30.8,-3.7,34.91,4.98,24.68,2.2,-100.0
TD Capital Management LLC,,,,,,,,,,,,,,,,,,,inf,6.44
TEACHER RETIREMENT SYSTEM OF TEXAS,,195.57,-0.45,-27.55,48.63,20.78,-19.34,65.11,-16.23,-27.81,36.91,12.78,17.95,48.84,-63.87,-26.44,-80.05,-6.5,235.63,501.89
TEACHERS RETIREMENT SYSTEM OF THE STATE OF KENTUCKY,,65.71,37.5,45.2,-100.0,,,inf,11.81,-100.0,inf,-14.81,50.26,-7.3,-21.83,166.82,-13.24,-33.9,-3.28,6.48
TEALWOOD ASSET MANAGEMENT INC,,,,,,,,inf,12.62,-20.6,-0.71,-13.9,39.3,27.22,-8.43,22.57,-3.71,18.4,-28.93,7.73
"TELEMUS CAPITAL, LLC",,5.99,-100.0,,,,,,,,,,,,,,,,,
"TENOR CAPITAL MANAGEMENT Co., L.P.",,293.9,28.49,25.38,36.76,141.12,136.55,33.59,26.33,-10.69,-1.29,82544.69,44.52,-20.49,8.84,25.84,-100.0,,,
TEXAS PERMANENT SCHOOL FUND CORP,,,,,,,,,,,,,,inf,-8.62,27.73,-2.14,-1.98,-100.0,
TFB Advisors LLC,,,,,,,,,,,,,inf,44.5,-100.0,,inf,31.39,-2.73,5.22
"TFC Financial Management, Inc.",,,,,,,,,,,,,inf,539.0,-26.6,-5.65,92.66,695.37,578.01,-3.62
TFG Advisers LLC,,,,inf,-1.91,14.79,29.15,16.27,11.96,-20.77,-0.51,85123.02,43.14,26.69,-17.96,25.78,6.02,8.93,0.97,9.66
"TFO-TDC, LLC",,inf,-100.0,,,inf,-100.0,,,inf,-100.0,,,,,,,,,
THAMES CAPITAL MANAGEMENT LLC,,,,,,,inf,15.84,201.19,-20.65,-55.16,-100.0,,,,,,,,
"THOMPSON DAVIS & CO., INC.",,,,,,,,,,inf,-63.58,113631.66,45.89,27.92,-68.84,25.78,-100.0,,,
"THOROUGHBRED FINANCIAL SERVICES, LLC",,,,,,,,inf,10.31,-100.0,,,inf,27.85,60.07,28.45,-36.6,296.96,-0.51,-0.45
"THURSTON, SPRINGER, MILLER, HERD & TITAK, INC.",,,,,,,,,,,,,,,,,,inf,0.29,78.27
"TIAA TRUST, NATIONAL ASSOCIATION",,,,,,,,,,,,,,,inf,29.58,-8.83,9.76,-100.0,
"TIAA, FSB",,,,,,,,inf,-12.79,-97.85,4621.45,58436.53,74.83,97.92,-100.0,,,,,
"TIEDEMANN ADVISORS, LLC",,,,,,,,,,,,,inf,27.92,-7.96,-100.0,,,,
TIGER GLOBAL MANAGEMENT LLC,,,,,,,,,,,,,inf,-100.0,,,,,,
"TILIA FIDUCIARY PARTNERS, INC.",,,,,,,,inf,16.67,-19.0,-0.86,25888.43,431.76,42.23,-2.05,32.53,4.55,30.44,5.71,9.97
"TITLEIST ASSET MANAGEMENT, LLC",,,,,,,,,,,,,inf,30.33,-67.34,30.17,1.98,47.5,-7.11,33.34
"TITLEIST ASSET MANAGEMENT, LTD.",,,,,,,,,inf,9.44,11.44,81287.36,-100.0,,,,,,,
"TKG Advisors, LLC",,,,,,,,,inf,-100.0,,,,,,,,inf,-1.53,61.32
TOCQUEVILLE ASSET MANAGEMENT L.P.,,40.5,8.01,35.36,-38.06,17.31,18.61,14.59,7.25,-33.43,-1.68,86489.65,48.05,21.27,-9.7,9.84,13.33,7.37,3.23,7.18
TOKIO MARINE ASSET MANAGEMENT CO LTD,,,,,,,,,,,,,,inf,-0.02,-100.0,,,,
TOMPKINS FINANCIAL CORP,,,,inf,-100.0,,,,,,,,,,,,,,,
"TORNO CAPITAL, LLC",,,,,,,,,,,,,,,,,,inf,-100.0,
TORONTO DOMINION BANK,,1199.78,-88.06,66.93,-18.61,119.49,-44.75,54.98,17.08,-18.16,-53.07,276.34,-67.54,358.18,80045.3,-43.3,-9.73,19.21,120.53,-0.7
TOTH FINANCIAL ADVISORY CORP,,,,inf,333.33,30.77,300.0,-4.41,-50.77,-31.25,54.55,54073.53,80.02,2975.49,-95.13,25.78,29.53,21.83,0.82,6.47
TOWNSQUARE CAPITAL LLC,,,,,,,,,,,,inf,50.9,13.82,-24.71,-10.88,118.91,35.23,15.1,-99.19
"TRAN CAPITAL MANAGEMENT, L.P.",,,,,inf,15.27,24.15,13.19,-9.79,-23.27,-1.28,80154.4,31.84,-18.69,-60.89,43.44,53.68,16.5,-15.65,1.2
"TRANSCEND CAPITAL ADVISORS, LLC",,,,,,,,,inf,-15.08,2.22,88874.38,37.75,37.39,-8.33,35.98,6.91,19.25,0.84,1.24
"TRANSCEND WEALTH COLLECTIVE, LLC",,,,inf,-10.71,17.33,86.74,26.77,-100.0,,,,,,,,,,,
TREMBLANT CAPITAL GROUP,,15.65,-33.58,21.2,-8.79,15.04,-11.06,-71.76,-4.46,99.97,17.74,75513.88,-19.48,35.61,-25.29,-20.37,-97.66,2776.6,-7.8,-6.8
"TRIGLAV SKLADI, D.O.O.",,,,,,,,,,,,,,,,,,,,inf
"TRILLIUM ASSET MANAGEMENT, LLC",,41.27,5.66,-100.0,,,,,,,,,,,,,,,,
TRUE Private Wealth Advisors,,42.29,6.39,26.89,-9.26,14.97,29.19,15.88,-0.66,-10.08,-0.44,74455.7,48.44,18.45,-7.55,26.14,2.67,18.95,0.93,6.39
TRUEWEALTH LLC,,-100.0,,,,,,,,,,,,,,,,,,
TRUST CO OF TOLEDO NA /OH/,,50.36,7.01,80.85,-5.94,16.31,25.18,16.11,11.7,-20.92,2.65,-12.86,156269.79,36.66,-6.39,27.32,-2.07,22.99,3.86,8.58
TRUST CO OF VERMONT,,48.44,14.43,64.21,-2.4,26.32,30.96,17.4,11.85,-18.23,4.42,85956.84,46.16,35.07,3.66,30.26,4.31,22.88,4.33,10.59
TRUST POINT INC.,,,,,,,,,,,,,,,,inf,70.88,10.46,6.23,7.28
"TRUSTCORE FINANCIAL SERVICES, LLC",,40.24,17.39,44.44,4.1,15.27,29.06,16.23,12.54,-21.27,7.4,87217.07,-100.0,,,,,,,
"TSFG, LLC",,43.75,4.35,50.0,-11.11,15.62,29.73,16.67,10.71,-20.97,0.0,-57.14,42.86,80.0,-24.07,26.83,-3.85,2.0,213.73,-88.75
TUCKER ASSET MANAGEMENT LLC,,,,,,,,,,,,,,inf,22.3,25.81,-3.65,19.3,0.84,-100.0
"TWIN FOCUS CAPITAL PARTNERS, LLC",,,,,,,,inf,13.0,-10.71,0.0,-100.0,inf,29.8,-5.6,34.25,-100.0,,,
TWINBEECH CAPITAL LP,,,inf,-100.0,inf,-32.9,-100.0,,,,,inf,-100.0,,inf,-100.0,,,inf,14.01
"TWO SIGMA ADVISERS, LP",,368.6,-100.0,inf,6053.16,91.47,46.88,-26.23,-25.4,-14.72,68.64,103148.06,-35.48,47.88,-4.09,-100.0,,,,inf
"TWO SIGMA INVESTMENTS, LP",,1223.87,-91.94,940.66,284.71,0.52,32.05,-21.37,28.04,-20.6,55.33,105524.39,26.11,-50.57,-12.77,1.64,-98.81,-100.0,inf,29101.09
"TWO SIGMA SECURITIES, LLC",,257.06,-66.23,148.59,-100.0,inf,112.03,-68.04,1055.82,26.35,11.36,34463.85,138.75,273.76,46.0,-6.08,5.42,84.52,-49.07,-95.62
"Tactive Advisors, LLC",,,,,,,,,,,,,inf,122.96,-100.0,inf,157.68,-100.0,,
"Taika Capital, LP",,,,,,,,,,,,,,,,,,,inf,47.67
Tairen Capital Ltd,,,,,,,,inf,-48.49,-100.0,,,inf,273.88,-100.0,,,,,
Talisman Wealth Advisors LLC,,,,,,,,,,,,,,,,,,inf,-0.96,8.39
"Talon Private Wealth, LLC",,,,,,,,,,,,,,,,,,,,inf
"Tarbox Family Office, Inc.",,0.0,0.0,100.0,0.0,0.0,50.0,0.0,33.33,-100.0,,,,,,,,,,
Te Ahumairangi Investment Management Ltd,,,,,,,,,,,,,,,,,inf,-100.0,,
"Team Hewins, LLC",,,,,,,,,,,,,,,,inf,-52.42,-100.0,,
"Teamwork Financial Advisors, LLC",,,,,,,,,,,,,,,,,inf,-39.04,12.65,7.61
"Teca Partners, LP",,,,,,,,,,,,,inf,115.28,25.43,25.78,133.34,-40.34,29.56,6.47
"Telemus Capital, LLC",,,inf,-100.0,,,,,,,,,,,,,,,,
"Telos Capital Management, Inc.",,,,,,,,,,,,,,,,inf,330.8,27.67,-1.01,5.49
"Ten Capital Wealth Advisors, LLC",,,,,,,,inf,15.79,13.64,0.0,125488.0,1026.03,-99.88,-100.0,,,,,
"TenCore Partners, LP",,,,,,,,,,,,,,,,,,inf,-100.0,
Tenere Capital LLC,,,,,,,,inf,0.67,-99.93,-100.0,,inf,79.9,-100.0,inf,-100.0,inf,-24.65,-100.0
Tennessee Valley Asset Management Partners,,,,,,,,,,,,,,,,inf,-100.0,,,
Terra Nova Asset Management LLC,,,,,,,,,,,,,,,,,inf,31.29,10.02,3.59
Texas Bank & Trust Co,,,,,,,,,,,,,,,,,,,,inf
Texas Capital Bank Wealth Management Services Inc,,,,,,,,,,,,,,,,,inf,128.24,-100.0,
Teza Capital Management LLC,,,,,inf,-100.0,,,,inf,44.66,-100.0,,inf,7.56,-100.0,,,,
Thomasville National Bank,,,inf,171.87,-100.0,inf,31.08,15.6,10.56,78.78,-56.08,-15.69,143125.0,26.15,-18.73,23.33,-26.41,18.3,-2.98,4.37
"Three Bridge Wealth Advisors, LLC",,,,,,,,,inf,-20.66,-0.59,78449.64,43.14,27.92,-8.25,20.43,-4.22,19.32,0.82,5.28
"Three Peaks Capital Management, LLC",,,,inf,496.85,63.52,29.08,-100.0,,,,,,,,,,,,
"Thrive Capital Management, LLC",,,,,,,,,,,,,,,,,inf,128.69,-15.24,-100.0
Thrivent Financial for Lutherans,,23.7,4.18,28.21,-25.2,72.7,-28.6,6.98,6.23,-20.74,1.93,-20.58,32.96,51.19,-6.38,-10.88,-15.19,-8.33,-27.82,-26.89
Tidal Investments LLC,,,,,,,,,,,,,,,,inf,41.15,1.97,115.42,48.25
"Tidemark, LLC",,,,,,,,,,,,,,,,inf,-1.91,21.42,3.74,9.47
"Tilt Investment Management Holdings, PBC",,,,,,,,,,,,,,,,inf,-100.0,,,
"TimesSquare Capital Management, LLC",,,,,,,,inf,26.46,-25.83,-7.86,-19.53,30.54,9.82,-16.65,-18.47,-39.43,107749.87,-39.3,-95.06
"Toroso Investments, LLC",,,,inf,17.49,-13.59,52.43,31.94,23.09,17.1,4.65,23.95,393.82,26.44,106020.66,-100.0,,,,
"Tortoise Investment Management, LLC",,-100.0,,,,,,,,,inf,97600.0,370.21,16.79,-23.54,165.2,-22.96,-21.13,194.72,23.28
"Total Clarity Wealth Management, Inc.",,,,,,,inf,14.29,-100.0,inf,-100.0,,,,,,,,,
"Totem Point Management, LLC",,,,,,,,,,inf,107.6,27258.46,-100.0,,inf,-13.33,-91.28,-100.0,,
Town & Country Bank & Trust CO dba First Bankers Trust CO,,,,,,,,,,,,,,,,,inf,-100.0,,
TownSquare Capital LLC,,,,,,,inf,-7.62,-5.7,40.42,16.17,-100.0,,,,,,,,
"Tradewinds Capital Management, LLC",,40.11,6.4,45.31,-9.38,15.19,29.05,16.27,11.82,-91.45,0.0,84985.37,43.14,31.33,-10.63,-7.76,-3.65,23.22,2.95,6.47
"Tradewinds, LLC.",,,,,,,,,,,,,,,,,,inf,2.06,15.49
"Tradition Wealth Management, LLC",,,,inf,-14.29,108.33,32.0,81.82,1.67,-21.31,-31.25,-12.12,55.17,1560.0,-7.1,26.08,110564.57,34.54,-3.9,-0.42
"Tranquility Partners, LLC",,,,inf,-100.0,inf,37.06,16.31,9.59,-21.04,-0.43,85058.24,43.14,27.92,-8.25,26.84,-2.81,19.32,1.21,6.33
"Transamerica Financial Advisors, Inc.",,,,,,,,,,,,,,,,,,,inf,3.43
"Transce3nd, LLC",,,,,,,,,,,,,,,,,,,,inf
"Transform Wealth, LLC",,,,,,,,,,,,,,,,,,,,inf
"Traynor Capital Management, Inc.",,,,,,,,,,,,,,inf,-100.0,inf,185.26,66.16,-100.0,
Treasurer of the State of North Carolina,,28.78,3.08,43.47,-7.87,9.78,33.39,16.75,15.16,-8.35,1.02,-13.57,46.65,29.03,-7.75,154.19,-48.39,28.84,2.03,9.41
Tredje AP-fonden,,,,,,,inf,33.43,58.07,101.48,-70.28,169181.61,370.39,17.5,-23.12,-2.06,-41.14,20.5,5.95,33.49
"Trellus Management Company, LLC",,,,,,,,,,,,inf,-100.0,,,,,,,
Trexquant Investment LP,,,inf,-100.0,inf,351.05,-100.0,,inf,132.36,69.88,64002.85,-100.0,,inf,-100.0,,inf,369.82,-45.4
TriaGen Wealth Management LLC,,,,,,,,,,,,,,,,,,,inf,-7.2
"Triad Wealth Partners, LLC",,,,,,,,,,,,,,,,,,inf,-100.0,inf
Triangle Securities Wealth Management,,,,,,,,,,,,,,,,,,inf,-3.36,6.47
Triasima Portfolio Management inc.,,,,,,,inf,20921.74,63.91,8.45,-0.69,20752.11,43.0,65.85,-46.38,27.16,-15.97,-21.53,-100.0,inf
Triatomic Management LP,,,,,,,,,inf,-100.0,,,,,,,,,,
"Tributary Capital Management, LLC",,inf,-1.79,40.55,-9.37,-15.18,27.15,-6.64,-0.85,-100.0,,,,,,,,,,
"Trifecta Capital Advisors, LLC",,,,,,,,,,,,inf,54.25,40.02,-3.58,28.47,-0.65,29.0,3.71,12.73
Trilogy Capital Inc.,,,,,,,,,,,,,,,,,,inf,-2.23,9.57
"TrimTabs Asset Management, LLC",,,,inf,-13.48,9.46,18.24,-100.0,,,,,,,,,,,,
Trinity Financial Advisors LLC,,,,,,,inf,15.83,11.87,-100.0,inf,-100.0,inf,171.43,-8.25,25.78,-3.65,6.28,-3.05,19.55
"Trinity Legacy Partners, LLC",,,,,,,,,,,,,,,inf,29.46,36.95,22.77,7.22,0.99
"TrinityPoint Wealth, LLC",,,,,,,,,inf,-100.0,,,,,,,inf,20.45,0.92,7.14
Triodos Investment Management BV,,,,,,,,,,,,,,,,,inf,60.13,1.28,7.53
Trium Capital LLP,,,,,,,,,,,,,,,,inf,-100.0,,,
Triumph Capital Management,,,,,,,,,,inf,2.83,128287.8,71.5,-29.19,33.68,135.97,-51.76,18.69,-47.22,-4.73
Trivest Advisors Ltd,,,,,,,,,,,,,,inf,-100.0,inf,-100.0,,,
"Trivium Point Advisory, LLC",,,,,,,,,,,,,,,,,,,inf,-7.21
"TruNorth Capital Management, LLC",,,,,,,,,,,,,,,,,inf,19.32,0.82,6.47
"True Link Financial Advisors, LLC",,,,,,inf,0.0,33.33,-100.0,,,,,,,,,,,
"True North Advisors, LLC",,,,,inf,8.08,10.57,16.32,-31.46,-29.82,-0.42,85200.42,43.14,23.02,-5.9,25.55,-0.81,17.39,-2.69,15.2
"True Wealth Design, LLC",,,,,,,,,,,,inf,43.37,28.0,-8.4,25.8,92.71,-10.47,2955.4,39.13
"TrueWealth Advisors, LLC",,,,,,,,,,,,,,,,,,inf,27.84,-100.0
"Trueblood Wealth Management, LLC",,,,,,,,,,,,,,,,inf,-6.49,19.41,0.1,3.98
Trust Asset Management LLC,,,,,,,,,,,,,,inf,-8.25,25.78,-3.65,19.32,0.82,6.47
Trust Investment Advisors,,47.02,9.31,41.9,-12.2,17.42,29.77,116.57,-39.16,-20.65,-7.27,81312.24,60.41,24.34,-18.96,35.45,-12.94,18.7,1.54,6.14
Truvestments Capital LLC,,,,,,,,,,,,inf,2403.18,26.05,-2.92,2.78,247.27,38.4,5.68,27.15
"Turtle Creek Wealth Advisors, LLC",,,,,,,,,,,,,,,,inf,-100.0,,,
"Twin Tree Management, LP",,751.88,-44.5,-0.27,-20.28,1.14,780.25,34.32,189.74,38.02,-22.86,72988.58,218.96,9.91,-56.69,-79.05,172.69,591.45,-53.89,80.43
Tyche Wealth Partners LLC,,,,,,,,,,,,,,,,inf,117.44,-1.6,4.36,-23.79
Tyler-Stone Wealth Management,,,,,,,,inf,12.12,-10.81,-3.03,-12.5,-100.0,inf,-25.93,126698.33,-11.12,19.32,258.39,9.56
"U.S. Capital Wealth Advisors, LLC",,,,,,,,,,,,inf,47.11,130.3,87.82,87.23,-29.12,-67.32,-24.36,359.23
"UBS AM, a distinct business unit of UBS ASSET MANAGEMENT AMERICAS LLC",,,,,,,,,,,,,,,,,,,inf,17.53
UBS ASSET MANAGEMENT AMERICAS INC,,39.04,17.49,123.49,-56.05,12.46,-2.85,4.1,7.04,-47.19,46.23,-21.26,33.18,0.0,5.81,35.74,-100.0,,,
UBS ASSET MANAGEMENT AMERICAS LLC,,,,,,,,,,,,,,,,,inf,58.81,-100.0,
UBS Group AG,,,,,,,,,,,,,,,,,,inf,51.28,6.44
UMB BANK N A/MO,,,,,,,inf,662.05,86.15,-100.0,,,,,,,,,,
"UMB Bank, n.a.",,,,,,,,,,inf,6.26,-9.67,139091.01,26.32,-8.1,63.7,-50.67,11.22,1.13,10.79
UNITED BANK,,,,,,,,,,,inf,-100.0,,,,,,inf,-30.75,-100.0
UNIVERSITY OF TEXAS/TEXAS AM INVESTMENT MANAGEMENT CO,,,,,,,,,,,,,,,inf,25.78,96.35,-100.0,,
USA FINANCIAL FORMULAS,,,,,,,,,,,,,,,inf,1001.37,-62.11,-100.0,inf,-100.0
USCA RIA LLC,,-100.0,,,,,,,,,,,,,,,,,,
USS Investment Management Ltd,,inf,6.69,45.13,-9.29,15.14,297.8,16.18,-9.56,-66.64,95.06,93039.62,53.17,30.34,-6.65,18.02,2.4,22.39,0.9,5.14
"Ulland Investment Advisors, LLC",,,,,,,,,,,,,,,,,inf,20.0,0.0,5.56
"Ulrich Consultants & Investment Group, LLC",,,,,,,,,,inf,-0.48,-100.0,,,,,,,,
Ulysses Management LLC,,,,,,,,,,,,,,,,,inf,234.08,-100.0,
Umpqua Bank,,,,,,,,,,,,,,,,,inf,24.94,-4.01,-5.12
UniSuper Management Pty Ltd,,,,,,,,,,,,,,inf,-54.12,31.55,-80.1,143.83,3.04,34.29
Unified Investment Management,,,,,,,,,,,,,,,,,,,,inf
"Unique Wealth Strategies, LLC",,,,,,,,,,,,,,,,,,inf,-100.0,
"United Asset Strategies, Inc.",,41.77,4.96,47.78,-14.23,13.73,23.43,8.38,-5.66,-25.13,-1.64,83210.35,170.46,-47.43,-10.0,21.85,-38.93,23.0,3.62,8.18
United Bank,,inf,63.33,73.1,-7.18,13.86,21.81,17.07,24.96,-16.45,6.74,71762.67,27.78,21.28,-7.67,24.44,-7.61,23.43,2.17,19.71
"United Capital Management of KS, Inc.",,55.14,12.25,48.98,-5.83,18.18,27.44,17.24,5.2,-24.06,-2.08,82404.06,34.69,25.38,-9.45,20.97,-2.99,208.28,-1.27,8.59
"Uniting Wealth Partners, LLC",,,,,,,,,,,,,,,,,,,,inf
"Urban Wealth Management, LLC",,,,inf,-100.0,,,,,,,,,,,,,,,
Utah Retirement Systems,,189.49,-48.16,49.22,-11.62,15.21,22.2,16.49,11.67,-20.78,0.33,85424.3,43.96,24.51,-6.81,27.96,-2.19,12.98,1.12,12.32
V Wealth Advisors LLC,,,,inf,-9.57,36.54,186.62,-28.01,12.46,-19.27,-14.47,117236.26,38.69,31.27,-55.57,-100.0,,,,
V-Square Quantitative Management LLC,,,,,,,,,,,,,,,inf,25.78,159.68,320.76,5.03,10.96
VALICENTI ADVISORY SERVICES INC,,,,,,,,,,,,,,,,,,inf,0.85,6.44
VALLEY NATIONAL ADVISERS INC,,0.0,0.0,100.0,-25.0,33.33,25.0,100.0,10.0,-18.18,0.0,-22.22,42.86,60.0,175.0,170.45,1.68,37.19,-54.22,7.89
"VALLEY WEALTH MANAGERS, INC.",,,,,,,,,,,,,,,,,,,inf,15.94
VAN ECK ASSOCIATES CORP,,,,,,,,,,,inf,1455.69,60.68,39.16,-10.51,-96.16,268.54,324.55,-3.21,-2.8
VANGUARD GROUP INC,,36.22,2.54,43.8,-7.82,15.05,28.35,18.03,-1.65,-19.34,-17.51,87908.46,189.85,-17.89,85.53,30.82,-50.06,23.2,2.33,8.75
VCI Wealth Management LLC,,,,,,,,,,,,,,,,,,,,inf
"VERUS CAPITAL PARTNERS, LLC",,-100.0,,,,,,,,,,,inf,27.92,8.56,142.77,8.87,13.37,-0.44,13.33
"VESTOR CAPITAL, LLC",,,,,,,,inf,14.54,-100.0,,,inf,75.06,-5.52,82.56,-49.63,45.74,-29.92,-12.99
"VIAWEALTH, LLC",,,,,,,,,,,,,,,,,inf,55.12,12.74,6.01
VICTORY CAPITAL MANAGEMENT INC,,191.47,2.36,129.22,20.89,9.5,43.2,-12.05,14.33,-9.41,-10.49,260211.54,-79.82,23.59,-34.49,49.84,-11.14,29.1,-8.1,3.49
VICUS CAPITAL,,,,,,,,,,,,,,,inf,-48.6,87.67,19.48,-100.0,
VIKING GLOBAL INVESTORS LP,,,,inf,20.45,21.28,24.54,-63.94,-100.0,,,,,,,,,,,
"VOISARD ASSET MANAGEMENT GROUP, INC.",,,,,,,,,,,,,,,,inf,0.09,17.54,-53.02,-100.0
"VOLORIDGE INVESTMENT MANAGEMENT, LLC",,inf,-100.0,inf,-12.53,-67.18,194.97,-100.0,,,,inf,-69.42,3139.91,34.68,-100.0,,,,
"VSM Wealth Advisory, LLC",,,,,,,,,,,,,,,,,,,,inf
"Valeo Financial Advisors, LLC",,29.93,30.37,602.01,-6.01,-74.86,28.33,-4.34,51.68,-10.4,27.72,72452.84,69.89,16.99,17.16,21.4,317.13,-36.78,7.11,4.98
"Valiant Capital Management, L.P.",,,,,,,inf,93.37,-1.14,-37.92,8.49,59342.62,128.63,13.07,-29.34,18.33,-100.0,,,
Valley Brook Capital Group,,,,inf,-8.51,-100.0,,,,,,,,,,,,,,
"Valley Brook Capital Group, Inc.",,,,,,,,,,,,,,,,,,,inf,7.75
"Valmark Advisers, Inc.",,,,,,,,,,,,,,,,,,,,inf
Value Star Asset Management (Hong Kong) Ltd,,,,,,,,,,,,,,inf,-54.12,-100.0,,,,
Valued Wealth Advisors LLC,,,,,,,,,,,,,,,,inf,1230.21,62.7,175.54,84.38
"Values First Advisors, Inc.",,-99.87,-1.28,31.03,-9.7,30.78,33.84,10.82,1.22,-3.9,5.79,81491.51,86.0,-8.15,-19.65,23.72,-60.24,-43.01,21.93,-29.02
"Van Hulzen Asset Management, LLC",,,,,,,,,,,,,inf,-100.0,,,,inf,1.56,105716.92
"Van Leeuwen & Company, LLC",,,,,,,,,,,,,,,,,inf,-100.0,,
Vanguard Capital Wealth Advisors,,,,,,,,,,,,,,,,,,inf,2.84,6.65
"Vanguard Personalized Indexing Management, LLC",,,,,,,,,inf,116.46,-32.83,52850.24,74.59,44.62,3.89,38.22,4.94,42.25,16.09,8.85
Vantage Consulting Group Inc,,,,inf,-100.0,,,,,,,,,inf,-19.06,-0.21,4.4,-100.0,,
"Vantage Financial Partners Ltd., Inc.",,,inf,-99.85,65.55,88.15,25.42,13.72,107339.1,-99.92,-2.82,86909.94,28.33,16.7,-17.94,4.08,-57.42,30.39,-100.0,
Vantis Investment Advisers L.P.,,,inf,-100.0,,,,,,,,,,,,,,,,
Varma Mutual Pension Insurance Co,,,,,,,,,,,inf,91949.99,10.1,-4.88,0.71,-81.18,149.12,11.1,0.34,-3.85
"Vectors Research Management, LLC",,43.75,4.35,420.83,-24.0,14.74,29.36,16.31,-28.05,-20.34,-100.0,,,inf,-8.19,21.19,-100.0,,,
Venture Visionary Partners LLC,,,,,,,inf,16.2,11.55,82105.71,-99.9,-100.0,inf,68.4,151.19,234.14,-44.07,60.6,7.1,19.31
"Venturi Wealth Management, LLC",,,,,,,,,,,,,inf,93.2,66.26,81.46,-43.61,51.22,9.48,16.44
"VeraBank, N.A.",,,,,,,,,,inf,-0.3,85015.11,43.14,27.92,-8.25,25.78,0.17,19.32,-2.16,6.94
Veracity Capital LLC,,,,,,,,,,,,,,inf,0.07,27.39,11.55,-100.0,,
Verdence Capital Advisors LLC,,,,,,,,,inf,-20.78,-100.0,,,inf,12.98,31.43,1.41,13.21,1.81,6.88
Veridan Wealth LLC,,,,,,,,,,,,,,,,,,,,inf
"Veritable, L.P.",,,,,,,,inf,-15.95,21.76,-0.76,76727.2,131.4,38.44,-100.0,,,,,
Veritas Investment Partners (UK) Ltd.,,,,,,,,,,,inf,-100.0,,,,,,,,
Veriti Management LLC,,,,,,,inf,19.64,19.65,-17.26,5.78,78387.17,-100.0,,,,,,,
Verition Fund Management LLC,,-49.64,-100.0,inf,13.91,-100.0,inf,-0.38,70.47,-49.01,292.62,5711.55,428.89,-38.9,58.73,-76.32,-27.15,11.81,488.41,19.5
"Verity Asset Management, Inc.",,,,,,,,,,,,,,,,,,,,
"Vermillion Wealth Management, Inc.",,,,,,,,,,,,,,,,,,,,inf
"Versant Capital Management, Inc",,0.0,0.0,100.0,0.0,0.0,50.0,16.67,0.0,-14.29,0.0,83616.67,42.42,46.44,-8.25,16.57,-3.64,534.25,-9.16,89.54
Versor Investments LP,,,,,,inf,-100.0,inf,-1.12,-100.0,inf,-100.0,inf,11.22,34.51,-100.0,inf,-100.0,inf,-100.0
Verum Partners LLC,,,,,,,,,,,,,,inf,-35.89,25.78,-3.65,55.39,0.22,-1.7
Vestcor Inc,,,,,inf,1694.44,14.71,-2.29,34.25,16.46,134.98,42.11,42.99,4.2,-2.41,-2.24,-31.6,5.85,-17.97,47.51
"Vestmark Advisory Solutions, Inc.",,70.44,16.89,52.9,-11.31,11.04,38.3,22.61,31.23,-22.53,-0.2,65743.73,44.3,48.71,-83.33,29.02,-6.3,9.59,-100.0,
Victrix Investment Advisors,,,,,,,,,,,,,,,,,,,,inf
"Vident Advisory, LLC",,,,,,,,,,,,,,,inf,1.85,175.16,89.05,-88.71,-7.91
"Vident Investment Advisory, LLC",,345.96,57.35,-27.32,-4.38,-13.26,-8.5,25.12,-25.22,19.98,8.91,-24.73,43.19,38.59,-100.0,,,,,
Vienna Asset Management LLC,,,,,,,,,,,,,,,,,inf,73.0,-82.38,-100.0
Vienna Powszechne Towarzystwo Emerytalne S.A. Vienna Insurance Group,,40.08,-17.2,-1.24,-9.38,-100.0,,,,,,,,,,,,,,
"Vigilant Capital Management, LLC",,,,,,,inf,4533.33,11.87,-16.4,-5.38,-100.0,,,,,,,,
Vigilare Wealth Management,,,,inf,11.26,12.45,28.03,14.59,14.15,-26.24,2.8,82255.31,30.45,28.25,-25.59,18.34,-28.13,11.69,-0.99,6.47
Vinva Investment Management Ltd,,,,,,,,,,,,,inf,7.24,-23.25,49.21,-29.89,27.49,0.61,-33.77
"Violich Capital Management, Inc.",,inf,-100.0,,,,inf,15.79,12.12,-20.61,-0.85,-100.0,inf,27.72,-8.24,25.75,92.86,19.26,0.83,6.47
"Virtue Capital Management, LLC",,inf,44.98,43.58,-4.82,22.39,29.25,14.82,68.95,-90.36,-8.21,164991.05,-3.77,29.01,0.0,-9.29,-36.88,81.04,5.8,5.27
"Vise Technologies, Inc.",,,,,,,,,,,,,,,,,,,inf,64.64
"VisionPoint Advisory Group, LLC",,,,,,,,,,,,,,inf,-8.25,39.41,-3.65,19.32,-100.0,
Visionary Wealth Advisors,,,,,,,,,,,,,,inf,-100.0,inf,41.22,13.54,5.21,21.54
"Vista Wealth Management Group, LLC",,,,,,,inf,500.47,1.1,-33.18,-100.0,,,,,,,,,
"VitalStone Financial, LLC",,,,,,,,,,,,,,,,,inf,211775.0,-100.0,
"Vivid Wealth Management, LLC",,,,,,,,,,,,,,,,,,inf,9.29,7.28
Vontobel Swiss Wealth Advisors AG,,38.84,-23.19,64.57,-14.57,21.78,-100.0,,,,,,,,,,,,,
WADE G W & INC,,,,,,inf,26.85,-49.71,-100.0,,,,,,,,,,,
WAFRA INC.,,,,,,,,,,inf,50.19,85093.54,200.91,6.14,-100.0,,,,,
"WALLED LAKE PLANNING & WEALTH MANAGEMENT, LLC",,39.13,6.25,45.59,-9.09,15.56,28.85,-100.0,,,,,,,,,,,,inf
"WASHBURN CAPITAL MANAGEMENT, INC.",,,,,,,,,,,,,,,inf,217.83,91.11,43.71,-19.11,25.41
WASHINGTON TRUST Co,,40.43,6.91,42.61,-10.01,15.24,25.71,-7.89,-43.11,-21.55,-2.23,80535.18,40.95,24.91,-9.68,20.2,-3.7,16.54,-2.57,3.75
"WATERS PARKERSON & CO., LLC",,,,,,,,,,,,,,inf,-8.26,25.59,62.26,51.4,0.77,107245.27
WATERSHED PRIVATE WEALTH LLC,,,,,,,,,,,,,,,,,,inf,0.82,6.47
WBH ADVISORY INC,,,,,,,,,,,,,,,,,,,,inf
"WBI INVESTMENTS, LLC",,,,,,,,,,,,,,,,,,inf,-27.65,-100.0
WCG Wealth Advisors LLC,,,,,,,,,,,,,,,,,,,,inf
WD RUTHERFORD LLC,,,,inf,-8.84,15.04,30.61,22.53,13.28,-20.57,0.17,83665.98,48.26,28.94,-27.43,46.41,-21.9,12.15,11.49,12.5
WEALTH EFFECTS LLC,,,,,,,,,,,,,,,,,,inf,7.99,5.77
"WEALTH ENHANCEMENT ADVISORY SERVICES, LLC",,,,,,,,,,inf,-100.0,,,,inf,43.96,-9.56,29.31,4.59,47.69
WEALTHCARE CAPITAL MANAGEMENT LLC,,-100.0,,,inf,-100.0,,,,,,,,,,,,,,
WEALTHGARDEN F.S. LLC,,,,,,,,,,,,,,,,,,,inf,-100.0
"WEALTHSOURCE PARTNERS, LLC",,inf,6.55,45.08,11.3,14.97,52.76,31.21,13.44,-27.09,-52.46,-100.0,,,,inf,-100.0,,,
WEATHERLY ASSET MANAGEMENT L. P.,,39.45,6.58,42.66,-9.38,15.23,26.89,16.58,-1.84,-23.34,-3.06,84249.06,45.16,40.25,-12.27,31.28,-1.65,11.36,8.73,14.81
"WEBSTER BANK, N. A.",,,,,,,,,,,,,inf,11.92,-8.25,789.49,39.18,333.87,-1.5,22.3
WEDBUSH SECURITIES INC,,72.3,-10.63,36.28,22.6,37.04,24.9,60.55,44.69,8.03,43.88,-3.07,87.36,15.87,-8.49,72.89,12.66,-16.53,-2.71,9.67
WEDGE CAPITAL MANAGEMENT L L P/NC,,,,,,,,,,,,,,,,,,inf,-6.46,6.47
WELCH & FORBES LLC,,40.27,4.1,45.22,-9.43,55.06,29.07,16.18,11.84,-20.63,-0.55,85796.11,43.14,33.67,-7.75,25.83,-3.45,18.77,1.64,6.54
WELD CAPITAL MANAGEMENT LLC,,,inf,75.59,100.48,-100.0,,,,,,,,,,,,,,
WESBANCO BANK INC,,43.24,9.34,-100.0,inf,31.89,45.43,10.48,11.88,-27.12,11.74,-18.36,19.04,21.4,88588.8,9.33,-0.55,26.99,3.11,6.73
"WESPAC Advisors, LLC",,,,,,,,inf,-100.0,,,,,,,,,,,
WEST PACES ADVISORS INC.,,,,,,inf,29.09,145.03,11.81,-20.65,-100.0,,,inf,-100.0,inf,-3.73,19.37,0.88,26608.77
"WESTERLY CAPITAL MANAGEMENT, LLC",,,,,,,,,,,,,,,,,inf,-100.0,,
WESTERN FINANCIAL CORPORATION,,,,,,,,,inf,98.45,-100.0,,,,,,,,,
WESTERN FINANCIAL Corp,,,,,,,,,,,inf,-100.0,,,,,,,,
WESTFIELD CAPITAL MANAGEMENT CO LP,,,,inf,35.94,46.56,19.33,12.8,19.2,-33.11,1.09,86320.15,41.91,-12.49,-28.26,0.18,-40.11,-100.0,,
WESTWOOD MANAGEMENT CORP /IL/,,,,,,,inf,40.21,11.81,-17.05,-0.53,-14.79,47.81,21.84,-100.0,,,,,
WETHERBY ASSET MANAGEMENT INC,,inf,107.66,364.85,-16.92,24.38,29.22,18.2,4.02,-38.11,-4.73,81414.71,50.91,22.85,-9.41,-100.0,,,,
"WETZEL INVESTMENT ADVISORS, INC.",,,,,,,,,,,,,,,,inf,94021.74,1.06,-100.0,
WEXFORD CAPITAL LP,,,,,,,,,,,,,,,,,inf,19.31,-22.32,16.08
"WFA of San Diego, LLC",,,,,,,,,,inf,-100.0,inf,-100.0,inf,-8.21,-100.0,,inf,0.81,-100.0
"WHALEROCK POINT PARTNERS, LLC",,,,,,,,inf,11.81,-100.0,,inf,71.62,27.92,34.43,540.55,-26.23,20.19,4.33,19.84
WHITEBOX ADVISORS LLC,,,,,,inf,315.0,72.18,22.62,4.26,3.39,83120.66,-100.0,,,,,,,
"WHITENER CAPITAL MANAGEMENT, INC.",,,,,,,,,,inf,30.93,102658.41,53.52,33.22,-6.93,22.1,-2.18,31.46,3.07,6.58
WHITTIER TRUST CO,,40.15,19.46,147.96,-9.31,15.09,29.2,25.58,13.79,-21.12,-0.24,90172.2,39.15,27.92,-7.91,25.78,1.39,34.71,5.84,22.85
WHITTIER TRUST CO OF NEVADA INC,,40.0,6.55,33.94,-14.08,15.17,30.45,23.34,11.79,-18.04,-30.24,82994.57,49.27,27.69,-9.69,22.51,-4.31,21.1,3.53,3.42
WILBANKS SMITH & THOMAS ASSET MANAGEMENT LLC,,,,,,,,,,,inf,-100.0,inf,-100.0,inf,2514.84,63.1,-100.0,,
"WILLIAM BLAIR INVESTMENT MANAGEMENT, LLC",,,,,,,inf,-27.72,-45.07,-36.34,-45.49,2349026.76,83.59,53.38,-6.6,36.93,0.82,28.83,-20.12,-15.14
WINDWARD CAPITAL MANAGEMENT CO /CA,,,,inf,-16.78,16.94,28.97,14.97,10.93,-21.17,-1.06,-15.05,72.78,27.29,-29.35,25.05,189802.28,-48.03,14.05,-2.09
WINTON GROUP Ltd,,-35.89,-52.77,-91.22,107.02,-100.0,,,,,,,inf,197.36,-100.0,inf,-100.0,,,inf
WINTRUST INVESTMENTS LLC,,,,,,,,,,,,,,,,,inf,40.43,-89.59,6.69
"WIPFLI FINANCIAL ADVISORS LLC,",,,,,,,,,,,inf,-100.0,,,,,,,,
"WMS Partners, LLC",,,,,,,,,,,,,,inf,-100.0,,,,inf,25.3
"WNY Asset Management, LLC",,,,,,,,,,,,,,,,,inf,28.66,1.0,6.2
WOLFF WIESE MAGANA LLC,,,,inf,-7.41,-96.0,100.0,-50.0,0.0,300.0,0.0,5672200.0,64.53,31.75,-3.24,-6.87,-88.01,2.73,3.95,28.6
WOODARD & CO ASSET MANAGEMENT GROUP INC /ADV,,,,,,,,,,,,,,,,,,inf,66.97,7.92
WOODLEY FARRA MANION PORTFOLIO MANAGEMENT INC,,39.68,-100.0,,,,,,,,,,,,,,,,,
WOODMONT INVESTMENT COUNSEL LLC,,,,,,,,,,,inf,222038.71,163.49,39.71,-6.21,23.54,-1.43,22.14,2.57,7.45
"WOODWARD DIVERSIFIED CAPITAL, LLC",,,,inf,-19.25,15.2,28.19,15.67,11.63,-28.89,-5.86,85077.94,10.62,28.14,-7.25,25.17,-25.75,31.04,2.32,-27.51
"WORLD EQUITY GROUP, INC.",,,,,,,,,inf,-19.35,1.96,-15.5,-8.11,-16.44,89.2,30.68,10.61,-30.2,-1.19,118.06
WORMSER FRERES GESTION,,,,,,,,,,,,,,,,,,inf,-2.34,69.44
"WP Advisors, LLC",,,,,,,,,,,,,,,,inf,-100.0,inf,-100.0,
"WR Wealth Planners, LLC",,,,,,,,,inf,-20.65,-100.0,,inf,-4.09,-5.83,42.31,4.8,50.34,-21.65,-8.33
WRAPMANAGER INC,,,,,,,inf,43.45,15.15,-21.62,-1.84,-30.91,154410.85,21.25,-13.55,12.45,-31.52,9.27,-11.76,2.42
WT Asset Management Ltd,,,,,,,,,,,,,,inf,-100.0,,,,,
WT Wealth Management,,,,,,,,,,,,,inf,35.6,-6.77,-100.0,,,,
"Wagner Wealth Management, LLC",,,,,,,,,,inf,0.0,-100.0,,,,,,,,inf
Wahed Invest LLC,,,,,,,,inf,11.67,-27.82,6.46,96372.43,45.43,44.26,2.89,69.96,81.63,-35.23,12.88,13.39
Waldron Private Wealth LLC,,40.18,6.57,45.39,-10.44,15.04,27.54,12.45,12.55,-19.84,-0.21,0.0,122433.94,27.81,-7.83,26.73,-3.48,19.62,2.37,6.77
"Wall Street Access Asset Management, LLC",,,,,,,,,inf,68.75,-0.49,85251.36,-100.0,,,,,,,
Wallace Hart LLC,,,,,,,,,,,,,,,,,,,,inf
Walleye Capital LLC,,inf,113.21,137.52,97.39,37.79,-2.52,1166.92,-97.61,-100.0,inf,84523.67,30.73,3031.73,61.45,-47.29,-35.19,9.87,-19.39,15.33
Walleye Trading LLC,,-44.21,40.11,137.98,-22.17,89.13,26.33,69.32,31.02,-7.19,25.87,96397.78,76.49,-32.94,80.93,-39.6,-41.17,19.84,-8.26,-0.75
"Wallington Asset Management, LLC",,,,,,,,,,,,inf,43.8,29.01,-4.29,34.52,3.14,22.09,6.56,8.1
Walter Public Investments Inc.,,,,,,,,,inf,-10.59,20.49,82797.05,39.73,29.6,-59.32,43.45,-64.11,138.28,-34.13,7.1
"Wambolt & Associates, LLC",,,,,,,,,,,,,,,,inf,64.79,38.7,5.46,-5.9
Waratah Capital Advisors Ltd.,,,,,,,inf,-100.0,inf,-100.0,,,,,,,,,,
Warberg Asset Management LLC,,,,inf,651.74,12.2,103.88,13.39,133.36,-55.4,-10.86,87376.75,50.16,-93.38,1225.86,170.41,59.4,-43.49,-70.2,-99.0
"Washington Trust Advisors, Inc.",,,,,,,,inf,6.1,-20.7,-2.73,81736.11,185.14,-38.48,-11.22,22.46,-13.53,13.45,-0.21,4.34
Washington Trust Bank,,30.38,7.4,50.63,-8.55,14.98,30.54,12.26,-10.36,-27.68,-5.15,-16.86,161747.07,16.76,-16.6,16.11,-10.74,23.82,-0.32,1.22
"Waterloo Capital, L.P.",,,,,,,,,,,,,,,,inf,14.79,15.18,-18.03,10.88
Watson Rebecca,,inf,-100.0,,,,,,,,,,,,,,,,,
"Watts Gwilliam & Co., LLC",,,,,,,,,,,,,,,,,,,inf,0.98
"Waverly Advisors, LLC",,,,,,,,,,,,,,,,,,inf,-2.51,168.65
"Wayfinding Financial, LLC",,,,,,,,,,,,,,,,,inf,10.23,-100.0,inf
"We Are One Seven, LLC",,,inf,46.3,7.91,23.17,38.57,12.54,12.67,-100.0,,,,,,,,,,
Wealth Alliance,,,,,,,,inf,-100.0,inf,-49.53,85174.38,-100.0,,,,,,,
"Wealth Alliance Advisory Group, LLC",,,,,,,,,,,,,,,,,,inf,9.21,22.66
"Wealth Architects, LLC",,,,,,,,,,,,,,,,inf,8.69,7.85,-11.27,-1.19
"Wealth Group, Ltd.",,,,,,,,,,,,,,,,,,,inf,9.02
"Wealth Management Partners, LLC",,,,,,,,,,,,,inf,27.92,-8.25,25.78,91.4,135.53,3.47,12.35
Wealth Quarterback LLC,,-100.0,,inf,-100.0,inf,14.4,-100.0,,inf,55.15,86421.65,44.82,-44.24,-32.68,17.84,118.5,49.72,0.06,-4.97
"WealthBridge Capital Management, LLC",,,,,,,,,,,,,,,,,,,inf,23.29
"WealthPLAN Partners, LLC",,,,,,,,,,,,,inf,27.93,-100.0,,,inf,-100.0,
"WealthPlan Investment Management, LLC",,,,,,,,,,,,,inf,43157.68,-100.0,,,,inf,-100.0
"WealthShield Partners, LLC",,,,,inf,12.5,-100.0,,,,,,,,,inf,1.7,19.61,8.28,3.66
"WealthStone, Inc.",,inf,-100.0,inf,-7.38,-100.0,,,,,,,,,,,,,,
WealthTrust Axiom LLC,,inf,6.75,5.58,-11.62,15.14,29.07,16.35,11.75,-20.62,-0.52,85154.31,43.14,27.92,-8.25,25.78,-3.65,19.32,0.82,6.47
Wealthcare Advisory Partners LLC,,-100.0,,,inf,18.25,-100.0,inf,17.47,-13.61,20.51,83454.41,62.76,53.73,-7.84,34.06,84.55,74.39,-1.79,11.16
Wealthfront Advisers LLC,,,,,,,inf,320.99,12.76,-4.66,-36.49,12920.13,164.39,26.94,409.01,54.94,-3.71,25.73,5.38,-100.0
"Wealthspire Advisors, L.P.",,inf,32.68,-100.0,,,,,,,,,,,,,,,,
"Wealthspire Advisors, LLC",,,,inf,181.14,-63.64,38.83,10.31,11.25,-24.5,-0.57,85689.37,35.32,30.3,7.69,47.76,-1.97,68.85,4.37,14.09
"Wealthstar Advisors, LLC",,,,,,,,,,,,,,,,inf,13.32,-100.0,,inf
"Wealthstreet Investment Advisors, LLC",,39.74,6.56,45.2,-9.38,-100.0,,,,,,,,,,,,,,
Weaver Consulting Group,,88.89,5.88,-100.0,,,,,,,,,,,,,,,,
Wedmont Private Capital,,,,,,,,,inf,-100.0,inf,-100.0,inf,56.76,45.36,56.04,-0.95,56.52,8.36,7.3
"Weil Company, Inc.",,inf,209.93,45.19,-9.12,14.17,57.23,-5.95,-39.86,-100.0,,,,,,,,,,
Weiss Multi-Strategy Advisers LLC,,41.3,596.38,-37.44,14.02,7.67,-49.75,38.27,-8.67,39.94,-19.19,9.7,13.78,-28.2,-47.27,-100.0,,,,
"Wellington Shields & Co., LLC",,,,,,,,,,inf,29.23,163692.86,348.59,34.01,4.62,154.15,80.95,-56.77,16.04,3.28
"Wellington Shields Capital Management, LLC",,41.0,1.57,45.2,-6.22,8.98,29.11,12.91,8.53,-20.66,11.53,85097.69,92.79,27.92,-12.71,29.76,0.31,20.49,-0.63,6.12
"Wells Trecaso Financial Group, LLC",,79.22,12.97,47.92,-9.11,16.47,29.41,15.94,11.41,-21.69,0.21,85809.15,44.97,27.5,-9.35,24.68,-2.65,18.18,-1.78,4.08
"Werlinich Asset Management, LLC",,,,,,,,,,,,,,inf,-100.0,,inf,21.33,0.29,7.78
West Branch Capital LLC,,,,,,,,,,,,,,,,inf,-100.0,,,
"West Family Investments, Inc.",,,,,,,,,inf,-100.0,,,,,,,,inf,36.93,2.77
"West Oak Capital, LLC",,,,inf,-11.11,18.75,26.32,16.67,10.71,-19.35,372.0,-100.0,inf,27.92,-99.91,40.0,-12.24,118160.47,-98.99,112.87
"West Tower Group, LLC",,,,,,,,,,,,,,,,,,inf,-46.23,-100.0
"WestEnd Advisors, LLC",,,,,,,,,,,,,,,inf,25.8,-3.73,19.37,0.88,6.43
Western Financial Corp/CA,,,,,,,,,,,,inf,-100.0,,,inf,7.78,20.88,-4.96,1.84
"Western Pacific Wealth Management, LP",,,,,,,,inf,12.0,-20.54,55.06,89892.75,55.69,37.83,-13.35,28.72,53.61,33.79,-1.3,-1.56
"Western Wealth Management, LLC",,inf,9.27,-100.0,,,,,inf,-23.03,68.8,51935.95,92.99,54.14,-2.73,52.8,63.98,6.96,44.82,-87.85
"Westhampton Capital, LLC",,40.23,8.29,47.01,-8.75,21.8,30.55,17.09,12.57,85.02,-55.23,86275.35,44.66,24.53,-7.85,24.32,-3.61,19.37,0.82,4.86
"Westover Capital Advisors, LLC",,,,,,,,,,,,,,inf,-11.61,29.44,2.34,69.53,42.18,5.8
"Westshore Wealth, LLC",,,,,inf,8.29,20.72,16.42,11.86,-20.63,-0.72,85147.27,43.14,16.5,-8.25,26.52,-2.33,19.32,0.82,-100.0
"Westside Investment Management, Inc.",,45.45,6.25,47.06,-28.0,16.67,28.57,18.52,12.5,-22.22,87800.0,-15.38,498.47,27.78,-8.15,27.39,-4.17,19.97,-1.72,7.84
Westwood Wealth Management,,,,,,,,inf,-24.57,-47.91,16.73,96851.31,44.28,31.5,-7.64,23.79,-3.32,17.52,-6.52,6.43
Whale Rock Capital Management LLC,,,,,,,,,inf,-49.94,-38.62,86066.39,152.92,21.31,-33.48,-4.29,-33.71,-100.0,,
Whalen Wealth Management Inc.,,,,,,,,,,,,,,,,inf,-100.0,inf,-13.17,-6.6
Whelan Financial,,,,,,,,,,,,,,,,,,,,inf
"Whipplewood Advisors, LLC",,,,,,,,,,,,,,,,,,,,inf
"Whitaker-Myers Wealth Managers, LTD.",,,,,,,,,,,,,,,,,,,inf,32.61
White Lighthouse Investment Management Inc.,,,,,,,,,,,,,,,,,,inf,0.82,6.47
"Widmann Financial Services, Inc.",,,,,,,,inf,-100.0,,,,,,,,,,,
Wilkinson Global Asset Management LLC,,,,,,,,,,,,,,inf,-100.0,inf,-3.65,19.31,-100.0,inf
"Williams Jones Wealth Management, LLC.",,,,,,,,,,,,,,inf,-100.0,,,inf,0.82,17.93
"Williamson Legacy Group, LLC",,,,,,,,,,,,,,,,,inf,-100.0,,
"Wills Financial Group, Inc.",,37.93,10.07,63.75,12.63,17.0,32.09,25.95,12.0,-20.41,0.19,174570.15,-27.55,27.5,-7.97,24.56,-3.2,19.44,-6.98,-5.7
"Winch Advisory Services, LLC",,100.0,0.0,150.0,0.0,20.0,16.67,14.29,-12.5,-28.57,0.0,0.0,40.0,14.29,0.0,121537.5,-3.65,19.32,0.82,6.47
"Windle Wealth, LLC",,,,,,,,,,,,inf,43.14,27.92,-42.64,25.78,-3.65,19.32,0.82,6.47
"Wingate Wealth Advisors, Inc.",,,,,,,,,,,,,,,,,,,,inf
"Winslow Capital Management, LLC",,,,,,,,,inf,55.06,-63.01,118112.88,46.44,-100.0,,,,,,
"Winslow, Evans & Crocker, Inc.",,29.57,5.54,50.56,-100.0,,,,,,,,,,,,,,,
"Winthrop Capital Management, LLC",,,,,,,,,,,,,,,,,,,,inf
Wiser Advisor Group LLC,,,,,,,,,,,,,,,,inf,-100.0,,,
Woodline Partners LP,,,,,,,inf,-100.0,,inf,-100.0,,inf,-100.0,,,inf,-33.86,51.74,-18.05
World Asset Management Inc,,42.11,2.96,47.0,-5.22,-3.79,16.64,-100.0,,,,,,,,,,,,
World Investment Advisors,,,,,,,,,,,,,,,,,,,,inf
"World Investment Advisors, LLC",,,,,,,,,,,,,,,,,,,inf,-100.0
"World Investment Advisors, LLC ",,,,,,,,,,,,,,,,,,,inf,-100.0
"Worth Asset Management, LLC",,,,,,,,,inf,-7.69,-50.0,460383.33,57.24,-37.66,-100.0,,,,,
"Worth Financial Advisory Group, LLC",,,,,,,,,,,,,,,,,,inf,-2.66,2.4
Wunderlich Capital Managemnt,,41.27,11.03,41.16,-12.03,16.57,28.51,16.26,8.08,-100.0,,,,inf,351911.11,25.66,-51.47,-100.0,,
"X-Square Capital, LLC",,,,,,,inf,40.17,-100.0,,,,,,,,,,,
"XML Financial, LLC",,,,,,,,,,,,,,,,,,inf,16.18,22.11
"XPONANCE, INC.",,inf,2.87,42.26,-6.35,28.97,25.25,16.25,15.16,-18.63,2.15,96762.88,46.05,107.78,-5.26,27.43,-0.53,21.24,-0.27,12.86
XR Securities LLC,,,,,,inf,-100.0,,,inf,-100.0,,,inf,80.69,56.02,142.04,-72.62,0.39,-100.0
Xact Kapitalforvaltning AB,,-100.0,,,,,,,,,,,,,,,,,,
"Xcel Wealth Management, LLC",,inf,6.68,45.86,-9.28,61.68,28.8,10.26,-17.55,-78.79,-1.52,82251.74,43.0,191.78,24.29,24.77,61.72,85.3,4.92,3.5
Y-Intercept (Hong Kong) Ltd,,,,,inf,-34.99,-100.0,,,inf,-100.0,inf,-100.0,,,,,,inf,-100.0
Y.D. More Investments Ltd,,,,,,,,,,,,inf,67.82,9.9,-27.91,37.89,29.2,-100.0,,
YANKCOM Partnership,,,,,,,,,,,,,,,,,,,,inf
"YHB Investment Advisors, Inc.",,,,,,,,,inf,-100.0,,,inf,1612.75,-1.11,22.18,101.91,-38.12,5.45,13.82
"YOUSIF CAPITAL MANAGEMENT, LLC",,,,,,,,inf,27.04,-40.91,-7.56,203320.53,-29.85,1459.87,-10.15,23.9,-4.63,18.54,-0.29,-1.77
"Yarbrough Capital, LLC",,,,,,,,inf,108.28,-20.53,-0.62,104657.44,43.14,155.84,-54.12,25.78,-3.65,19.32,0.82,6.47
"Yeomans Consulting Group, Inc.",,,,,,,,,,,,,,,,,inf,-100.0,,
"YorkBridge Wealth Partners, LLC",,,,,,,inf,14.29,11.67,-17.16,-0.45,-100.0,,,,,,,,
Yorktown Management & Research Co Inc,,40.05,6.63,-100.0,,,,,,,,,,,,,,,,
"Your Advocates Ltd., LLP",,,,,,,inf,16.67,0.0,-14.29,0.0,83616.67,43.16,27.91,-100.0,,,,,
ZACKS INVESTMENT MANAGEMENT,,40.0,6.2,40.61,-100.0,inf,36.27,-82.31,-100.0,,inf,85966.91,198.11,152.46,-51.73,31.51,2.96,28.93,14.76,-40.84
ZAZOVE ASSOCIATES LLC,,7919.56,-98.98,19.21,-55.74,24.72,-68.89,-100.0,inf,-19.18,-1.23,-61.57,211.97,-30.43,91469.54,-100.0,,,,
"ZEGA Investments, LLC",,,,,,,,,,,,,,,,,,,,inf
"ZEKE CAPITAL ADVISORS, LLC",,,,,,,inf,-27.96,23.64,-6.03,-0.53,70695.11,-100.0,,,,,,,
ZEVENBERGEN CAPITAL INVESTMENTS LLC,,,,,,,,,,inf,39.25,95950.54,68.69,24.74,-11.47,15.29,7.37,13.26,-11.48,-2.01
ZIMMERMANN INVESTMENT MANAGEMENT & PLANNING LLC,,,,,,,,,,,inf,114310.33,83.57,29.98,-6.68,29.38,0.61,-1.44,19.15,-100.0
"ZRC WEALTH MANAGEMENT, LLC",,,,,,,,,,,,,inf,27.92,-8.25,253.24,-1.01,19.32,-11.9,-100.0
"Zega Financial, LLC",,,,,,,,,,,,,,,,inf,30.16,-1.93,-100.0,
Zenyatta Capital Management LP,,,,,,,,inf,-100.0,,inf,-100.0,,,,,,,,
Zhang Financial LLC,,,,,,,,,,,,,,,,,inf,-100.0,,
"Ziegler Capital Management, LLC",,,,,inf,15.42,32.82,16.09,-100.0,,,inf,84.72,46.01,-13.99,24.65,-2.6,-100.0,,
"Zions Bancorporation, N.A.",,68.15,-1.43,55.17,13.45,31.57,55.31,27.4,66.01,4.18,-0.81,83473.64,48.88,8.37,-13.1,29.4,-17.41,3.53,10.43,24.1
"Zullo Investment Group, Inc.",,,,,,,,inf,0.6,-19.53,-0.74,85174.81,-100.0,inf,-7.86,22.48,29.68,19.79,-8.83,1.31
Zurcher Kantonalbank (Zurich Cantonalbank),,35.91,41.28,35.87,-38.38,25.9,36.31,2.45,6.28,13.78,-8.73,97583.65,46.28,37.16,-5.72,43.33,-21.83,29.38,141.05,-56.81
Zweig-DiMenna Associates LLC,,,,,,,inf,71.67,5.58,-3.89,-31.77,29044.74,163.91,-10.4,-8.25,25.78,-1.81,13.84,-0.3,6.47
iA Global Asset Management Inc.,,,,,,,,,,,,,,inf,-30.95,22.78,-45.02,24.95,3.48,34.27
tru Independence LLC,,-98.48,-100.0,inf,-100.0,,,,,,,,,,,,,,,
