REPORTCALENDARORQUARTER,FILINGMANAGER_NAME,VALUE
31-DEC-2024,"Bleakley Financial Group, LLC",1915099
31-DEC-2024,Orion Capital Management LLC,90381
31-DEC-2024,"Occidental Asset Management, LLC",315162
31-DEC-2024,"Octavia Wealth Advisors, LLC",563124
31-DEC-2024,"Oder Investment Management, LLC",1478838
31-DEC-2024,"Olistico Wealth, LLC",12760
31-DEC-2024,Olympiad Research LP,320904
31-DEC-2024,One Madison Group LLC,13291250
31-DEC-2024,"One River Asset Management, LLC",1140932
31-DEC-2024,"One Wealth Management Investment & Advisory Services, LLC",556638
31-DEC-2024,OneAscent Financial Services LLC,331
31-DEC-2024,OneDigital Investment Advisors LLC,1896608
31-DEC-2024,Onex Canada Asset Management Inc.,10328365
31-DEC-2024,Orion Investment Co,4031396
31-DEC-2024,Obermeyer Wealth Partners,564293
31-DEC-2024,"Orion Portfolio Solutions, LLC",9875585
31-DEC-2024,Oxinas Partners Wealth Management LLC,333132
31-DEC-2024,"PACES FERRY WEALTH ADVISORS, LLC",311547
31-DEC-2024,PAR CAPITAL MANAGEMENT INC,318990
31-DEC-2024,PARK AVENUE SECURITIES LLC,3751
31-DEC-2024,PARK CIRCLE Co,69115
31-DEC-2024,"PARR MCKNIGHT WEALTH MANAGEMENT GROUP, LLC",286559
31-DEC-2024,PARSONS CAPITAL MANAGEMENT INC/RI,4670546
31-DEC-2024,PBMares Wealth Management LLC,13234
31-DEC-2024,PCJ Investment Counsel Ltd.,6986743
31-DEC-2024,"PDS Planning, Inc",1165270
31-DEC-2024,"Objectivity Squared, LLC",518239
31-DEC-2024,Oak Harvest Investment Services,318990
31-DEC-2024,PERKINS CAPITAL MANAGEMENT INC,212660
31-DEC-2024,"OAK HARBOR WEALTH PARTNERS, LLC",262422
31-DEC-2024,"Newman Dignan & Sheerar, Inc.",220103
31-DEC-2024,"Nicholas Investment Partners, LP",3562472
31-DEC-2024,"Nikko Asset Management Americas, Inc.",534336215
31-DEC-2024,"Nilsine Partners, LLC",1462038
31-DEC-2024,North Star Investment Management Corp.,58482
31-DEC-2024,"NorthCrest Asset Manangement, LLC",7443877
31-DEC-2024,"NorthRock Partners, LLC",637874
31-DEC-2024,Northwest & Ethical Investments L.P.,17423546
31-DEC-2024,"O'Dell Group, LLC",847876
31-DEC-2024,"O'Neil Global Advisors, Inc.",2018
31-DEC-2024,"O'SHAUGHNESSY ASSET MANAGEMENT, LLC",19221131
31-DEC-2024,"OARSMAN CAPITAL, INC.",48699
31-DEC-2024,"OXFORD FINANCIAL GROUP, LTD. LLC",407882
31-DEC-2024,OBERWEIS ASSET MANAGEMENT INC/,1222795
31-DEC-2024,ODDO BHF ASSET MANAGEMENT SAS,11404374
31-DEC-2024,"OGBORNE CAPITAL MANAGEMENT, LLC",27114150
31-DEC-2024,OLD POINT TRUST & FINANCIAL SERVICES N A,53165
31-DEC-2024,OMERS ADMINISTRATION Corp,6988212
31-DEC-2024,"ONE WEALTH CAPITAL MANAGEMENT, LLC",1280851
31-DEC-2024,OPPENHEIMER & CO INC,2880905
31-DEC-2024,OPTIMUM INVESTMENT ADVISORS,483483
31-DEC-2024,ORG Partners LLC,1355029
31-DEC-2024,"ORG Wealth Partners, LLC",681555
31-DEC-2024,OVERSEA-CHINESE BANKING Corp Ltd,1367827
31-DEC-2024,"PDT Partners, LLC",4338264
31-DEC-2024,PETRA FINANCIAL ADVISORS INC,557914
31-DEC-2024,Candriam S.C.A.,4847272
31-DEC-2024,"Physician Wealth Advisors, Inc.",131105
31-DEC-2024,"Park Square Financial Group, LLC",22223
31-DEC-2024,Parkside Financial Bank & Trust,17120
31-DEC-2024,Parkwood LLC,10501
31-DEC-2024,"Parkworth Wealth Management, Inc.",762173
31-DEC-2024,"Parvin Asset Management, LLC",2658
31-DEC-2024,"Pathstone Holdings, LLC",2954094
31-DEC-2024,"Pembroke Management, LTD",549081
31-DEC-2024,"Perennial Investment Advisors, LLC",1245656
31-DEC-2024,"Perigon Wealth Management, LLC",805956
31-DEC-2024,Periscope Capital Inc. ,1593322
31-DEC-2024,Perpetual Ltd,1126673
31-DEC-2024,Pictet Asset Management Holding SA,230852087
31-DEC-2024,"Parallel Advisors, LLC",2686640
31-DEC-2024,Pilgrim Partners Asia Pte Ltd,59545
31-DEC-2024,Pine Valley Investments Ltd Liability Co,397568
31-DEC-2024,Pingora Partners LLC,26583
31-DEC-2024,"Pinnacle Wealth Planning Services, Inc.",482738
31-DEC-2024,"Pitti Group Wealth Management, LLC",254873
31-DEC-2024,"Plancorp, LLC",605230
31-DEC-2024,"Plante Moran Financial Advisors, LLC",128234
31-DEC-2024,Platform Technology Partners,482206
31-DEC-2024,Plato Investment Management Ltd,5580508
31-DEC-2024,"Portside Wealth Group, LLC",5982290
31-DEC-2024,Post Resch Tallon Group Inc.,230114
31-DEC-2024,Park Place Capital Corp,213511
31-DEC-2024,"Parallax Volatility Advisers, L.P.",35798121
31-DEC-2024,PFG Advisors,425214
31-DEC-2024,PRAKASH INVESTMENT ADVISORS LLC,1053730
31-DEC-2024,"PFG Investments, LLC",1200436
31-DEC-2024,"PFG Private Wealth Management, LLC",27965
31-DEC-2024,"PFS Partners, LLC",162366
31-DEC-2024,PIER 88 INVESTMENT PARTNERS LLC,6858646
31-DEC-2024,PIN OAK INVESTMENT ADVISORS INC,95
31-DEC-2024,"PINEBRIDGE INVESTMENTS, L.P.",603699
31-DEC-2024,PINNACLE ASSOCIATES LTD,470085
31-DEC-2024,PITTENGER & ANDERSON INC,5523950
31-DEC-2024,POLEN CAPITAL MANAGEMENT LLC,1816061116
31-DEC-2024,"POM Investment Strategies, LLC",146735
31-DEC-2024,POTOMAC FUND MANAGEMENT INC /ADV,284858
31-DEC-2024,PRICE T ROWE ASSOCIATES INC /MD/,4034951
31-DEC-2024,Pallas Capital Advisors LLC,1648221
31-DEC-2024,"PRINCIPAL SECURITIES, INC.",1424716
31-DEC-2024,PRIVATE MANAGEMENT GROUP INC,5096947
31-DEC-2024,"PSI Advisors, LLC",411392
31-DEC-2024,PUBLIC EMPLOYEES RETIREMENT SYSTEM OF OHIO,70867079
31-DEC-2024,PUBLIC INVESTMENT FUND,132912500
31-DEC-2024,"PUREfi Wealth, LLC",603316
31-DEC-2024,"Pacer Advisors, Inc.",1122845
31-DEC-2024,Pachira Investments Inc.,576553
31-DEC-2024,"Pacific Capital Wealth Advisors, Inc.",145672
31-DEC-2024,Pacific Center for Financial Services,1914
31-DEC-2024,"Pacific Sage Partners, LLC",218295
31-DEC-2024,Newlands Management Operations LLC,672542567
31-DEC-2024,"Newbridge Financial Services Group, Inc.",670092
31-DEC-2024,NewSquare Capital LLC,2765
31-DEC-2024,"Marcum Wealth, LLC",1233215
31-DEC-2024,MUFG Securities EMEA plc,2658
31-DEC-2024,MWA Asset Management,1191115
31-DEC-2024,Magnetar Financial LLC,23182675
31-DEC-2024,Magnus Financial Group LLC,242539
31-DEC-2024,Maia Wealth LLC,271564
31-DEC-2024,"Main Street Financial Solutions, LLC",1008434
31-DEC-2024,"Main Street Group, LTD",111647
31-DEC-2024,Mainstream Capital Management LLC,2127
31-DEC-2024,"Malaga Cove Capital, LLC",2401357
31-DEC-2024,Manchester Capital Management LLC,837881
31-DEC-2024,Marcho Partners LLP,29129741
31-DEC-2024,"Mariner, LLC",14927743
31-DEC-2024,"MSA Advisors, LLC",2073435
31-DEC-2024,"Marks Group Wealth Management, Inc",69965
31-DEC-2024,Marshall & Sterling Wealth Advisors Inc.,5317
31-DEC-2024,Maryland State Retirement & Pension System,13669100
31-DEC-2024,Mascoma Wealth Management LLC,1914
31-DEC-2024,"MassMutual Private Wealth & Trust, FSB",257106
31-DEC-2024,Masso Torrence Wealth Management Inc.,1109554
31-DEC-2024,"May Hill Capital, LLC",325263
31-DEC-2024,"Mayflower Financial Advisors, LLC",887962
31-DEC-2024,"McClarren Financial Advisors, Inc.",55
31-DEC-2024,"McGlone Suttner Wealth Management, Inc.",241369
31-DEC-2024,"McIlrath & Eck, LLC",186078
31-DEC-2024,"MUFG SECURITIES (CANADA), LTD.",196983647
31-DEC-2024,MOTCO,9676
31-DEC-2024,"NewEdge Wealth, LLC",5522036
31-DEC-2024,MGO ONE SEVEN LLC,1914791
31-DEC-2024,MACQUARIE GROUP LTD,115436463
31-DEC-2024,MAI Capital Management,1397283
31-DEC-2024,MANCHESTER FINANCIAL INC,288474
31-DEC-2024,"MARK SHEPTOFF FINANCIAL PLANNING, LLC",31899
31-DEC-2024,MARSICO CAPITAL MANAGEMENT LLC,12549279
31-DEC-2024,MASSACHUSETTS FINANCIAL SERVICES CO /MA/,264155725
31-DEC-2024,"MATHER GROUP, LLC.",42638
31-DEC-2024,MCF Advisors LLC,195648
31-DEC-2024,"MEAG MUNICH ERGO, Kapitalanlagegesellschaft mbH",150255
31-DEC-2024,"MEANS INVESTMENT CO., INC.",1507237
31-DEC-2024,MERCER GLOBAL ADVISORS INC /ADV,5257142
31-DEC-2024,"MIG Capital, LLC",332813
31-DEC-2024,MOSELEY INVESTMENT MANAGEMENT INC,412560
31-DEC-2024,MILLENNIUM MANAGEMENT LLC,217990735
31-DEC-2024,"MINDSET WEALTH MANAGEMENT, LLC",318990
31-DEC-2024,MIRABELLA FINANCIAL SERVICES LLP,1896858
31-DEC-2024,"MISSION WEALTH MANAGEMENT, LP",572978
31-DEC-2024,MMBG INVESTMENT ADVISORS CO.,11897795
31-DEC-2024,"MONECO Advisors, LLC",710830
31-DEC-2024,MONETA GROUP INVESTMENT ADVISORS LLC,425497
31-DEC-2024,MONTAG A & ASSOCIATES INC,1899918
31-DEC-2024,MONTGOMERY INVESTMENT MANAGEMENT INC,510384
31-DEC-2024,MONTRUSCO BOLTON INVESTMENTS INC.,3633699
31-DEC-2024,"MOORE CAPITAL MANAGEMENT, LP",2153714
31-DEC-2024,Mediolanum International Funds Ltd,6922184
31-DEC-2024,Melqart Asset Management (UK) Ltd,7667988
31-DEC-2024,Menard Financial Group LLC,1045118
31-DEC-2024,"NVWM, LLC",1813883
31-DEC-2024,NEW WAVE WEALTH ADVISORS LLC,38917
31-DEC-2024,NEW YORK STATE COMMON RETIREMENT FUND,34028
31-DEC-2024,NEXT CENTURY GROWTH INVESTORS LLC,2635176
31-DEC-2024,"NFP Retirement, Inc.",389487
31-DEC-2024,"NIA IMPACT ADVISORS, LLC",2608929
31-DEC-2024,NICHOLS & PRATT ADVISERS LLP /MA,106330
31-DEC-2024,NICOLA WEALTH MANAGEMENT LTD.,36804957
31-DEC-2024,NINE MASTS CAPITAL Ltd,1003950
31-DEC-2024,NOMURA ASSET MANAGEMENT CO LTD,6068387
31-DEC-2024,NORDEN GROUP LLC,4301260
31-DEC-2024,NORGES BANK,1542261576
31-DEC-2024,"NZS Capital, LLC",57467643
31-DEC-2024,"Meridian Wealth Management, LLC",13434902
31-DEC-2024,"Nadler Financial Group, Inc.",772168
31-DEC-2024,Napean Trading & Investment Co (Singapore) PTE Ltd,10825351
31-DEC-2024,"National Wealth Management Group, LLC",214787
31-DEC-2024,Nebula Research & Development LLC,826716
31-DEC-2024,Nellore Capital Management LLC,4422265
31-DEC-2024,Nemes Rush Group LLC,379173
31-DEC-2024,Nepsis Inc.,13811048
31-DEC-2024,New England Capital Financial Advisors LLC,1170
31-DEC-2024,New Insight Wealth Advisors,446161
31-DEC-2024,New Millennium Group LLC,3190
31-DEC-2024,"NewEdge Advisors, LLC",6323296
31-DEC-2024,"NBC SECURITIES, INC.",941
31-DEC-2024,"NATURAL INVESTMENTS, LLC",3328
31-DEC-2024,"NATIONS FINANCIAL GROUP INC, /IA/ /ADV",526865
31-DEC-2024,"NAPLES GLOBAL ADVISORS, LLC",500708
31-DEC-2024,"Merit Financial Group, LLC",1994857
31-DEC-2024,"Merriman Wealth Management, LLC",1303573
31-DEC-2024,"Metis Global Partners, LLC",5549234
31-DEC-2024,"Midwest Professional Planners, LTD.",1120718
31-DEC-2024,Miller Financial Services LLC,663925
31-DEC-2024,"Miracle Mile Advisors, LLC",380680
31-DEC-2024,"Mirae Asset Global Investments Co., Ltd.",19065774
31-DEC-2024,Missouri Trust & Investment Co,5317
31-DEC-2024,Mitsubishi UFJ Trust & Banking Corp,100783508
31-DEC-2024,Mn Services Vermogensbeheer B.V.,50661
31-DEC-2024,"Modera Wealth Management, LLC",243391
31-DEC-2024,"Modern Wealth Management, LLC",299630
31-DEC-2024,"Modus Advisors, LLC",63798
31-DEC-2024,"Moloney Securities Asset Management, LLC",4735407
31-DEC-2024,Montecito Bank & Trust,212660
31-DEC-2024,"Moors & Cabot, Inc.",632132
31-DEC-2024,"Morton Brown Family Wealth, LLC",15950
31-DEC-2024,"Moser Wealth Advisors, LLC",1031295
31-DEC-2024,"Mount Yale Investment Advisors, LLC",287410
31-DEC-2024,Mountain Capital Investment Advisors Inc.,218069
31-DEC-2024,Murphy & Mullick Capital Management Corp,160133
31-DEC-2024,"Mutual Advisors, LLC",2414552
31-DEC-2024,NAPA WEALTH MANAGEMENT,982170
31-DEC-2024,"Powell Investment Advisors, LLC",386510
31-DEC-2024,"Prairie Wealth Advisors, Inc.",4130389
31-DEC-2024,"PrairieView Partners, LLC",21
31-DEC-2024,Snowden Capital Advisors LLC,3325471
31-DEC-2024,Sienna Gestion,5872148
31-DEC-2024,Sigma Planning Corp,1744854
31-DEC-2024,"Signal Advisors Wealth, LLC",1370237
31-DEC-2024,Simmons Bank,295066
31-DEC-2024,"Simplicity Wealth,LLC",876266
31-DEC-2024,"Sivia Capital Partners, LLC",787161
31-DEC-2024,"SlateStone Wealth, LLC",753
31-DEC-2024,Smartleaf Asset Management LLC,55265
31-DEC-2024,"Smith Anglin Financial, LLC",212460
31-DEC-2024,Smith Salley Wealth Management,209895
31-DEC-2024,Smithfield Trust Co,3
31-DEC-2024,"Solidarity Wealth, LLC",766852
31-DEC-2024,"Sheaff Brock Investment Advisors, LLC",593641
31-DEC-2024,Soltis Investment Advisors LLC,644544
31-DEC-2024,Somerset Trust Co,306018
31-DEC-2024,"Sonora Investment Management Group, LLC",355781
31-DEC-2024,Souders Financial Advisors,1056176
31-DEC-2024,"Sound Income Strategies, LLC",11484
31-DEC-2024,"Sound View Wealth Advisors Group, LLC",948038
31-DEC-2024,"Soviero Asset Management, LP",4678520
31-DEC-2024,Sowell Financial Services LLC,2636759
31-DEC-2024,Spahn Wealth & Retirement LLC,745692
31-DEC-2024,Spire Wealth Management,9060614
31-DEC-2024,"State of Tennessee, Department of Treasury",78346156
31-DEC-2024,Sheets Smith Investment Management,1080525
31-DEC-2024,"Sequoia Financial Advisors, LLC",1962218
31-DEC-2024,SVB WEALTH LLC,120153
31-DEC-2024,Sava Infond d.o.o.,168289
31-DEC-2024,SWS Partners,1622232
31-DEC-2024,SYMMETRY PEAK MANAGEMENT LLC,1148364
31-DEC-2024,SYON CAPITAL LLC,715176
31-DEC-2024,"Sachetta, LLC",18289
31-DEC-2024,"SageView Advisory Group, LLC",337917
31-DEC-2024,"Salomon & Ludwin, LLC",1701
31-DEC-2024,"Salvus Wealth Management, LLC",700183
31-DEC-2024,"Sanctuary Advisors, LLC",16964844
31-DEC-2024,"Sand Hill Global Advisors, LLC",522506
31-DEC-2024,Sandy Spring Bank,657759
31-DEC-2024,"Sargent Investment Group, LLC",318611
31-DEC-2024,"Savant Capital, LLC",1527216
31-DEC-2024,"Sepio Capital, LP",4514240
31-DEC-2024,Savoie Capital LLC,2052169
31-DEC-2024,"Savvy Advisors, Inc.",392251
31-DEC-2024,"Saxony Capital Management, LLC",345041
31-DEC-2024,"Schechter Investment Advisors, LLC",3722
31-DEC-2024,Schonfeld Strategic Advisors LLC,3732183
31-DEC-2024,"Sculati Wealth Management, LLC",678744
31-DEC-2024,"SeaCrest Wealth Management, LLC",460622
31-DEC-2024,"Secure Asset Management, LLC",432716
31-DEC-2024,"Segment Wealth Management, LLC",237116
31-DEC-2024,"Select Equity Group, L.P.",378054933
31-DEC-2024,"Semanteon Capital Management, LP",1450660
31-DEC-2024,State of Wyoming,403910
31-DEC-2024,Steadview Capital Management LLC,48045636
31-DEC-2024,"SteelPeak Wealth, LLC",4444063
31-DEC-2024,TOBAM,2261
31-DEC-2024,TD Capital Management LLC,425
31-DEC-2024,TEACHERS RETIREMENT SYSTEM OF THE STATE OF KENTUCKY,36368
31-DEC-2024,TECTONIC ADVISORS LLC,1390903
31-DEC-2024,"TENOR CAPITAL MANAGEMENT Co., L.P.",22965939
31-DEC-2024,TFB Advisors LLC,372368
31-DEC-2024,"TFC Financial Management, Inc.",869886
31-DEC-2024,"THOMPSON INVESTMENT MANAGEMENT, INC.",4253
31-DEC-2024,THORNBURG INVESTMENT MANAGEMENT INC,37019959
31-DEC-2024,"THOROUGHBRED FINANCIAL SERVICES, LLC",11715
31-DEC-2024,"THURSTON, SPRINGER, MILLER, HERD & TITAK, INC.",91653
31-DEC-2024,"TITLEIST ASSET MANAGEMENT, LLC",1888846
31-DEC-2024,TOCQUEVILLE ASSET MANAGEMENT L.P.,12166491
31-DEC-2024,"Stephens Consulting, LLC",25201
31-DEC-2024,"TORNO CAPITAL, LLC",7974750
31-DEC-2024,TORONTO DOMINION BANK,584904112
31-DEC-2024,TOTH FINANCIAL ADVISORY CORP,654143
31-DEC-2024,TOWNSQUARE CAPITAL LLC,490287
31-DEC-2024,"TRANSCEND CAPITAL ADVISORS, LLC",287304
31-DEC-2024,"TRU INDEPENDENCE ASSET MANAGEMENT 2, LLC",425320
31-DEC-2024,"TRUEFG, LLC",234989
31-DEC-2024,TRUST CO OF VERMONT,118452
31-DEC-2024,"TSFG, LLC",207
31-DEC-2024,TUCKER ASSET MANAGEMENT LLC,34770
31-DEC-2024,"TWIN PEAKS WEALTH ADVISORS, LLC",391294
31-DEC-2024,TD ASSET MANAGEMENT INC,932643101
31-DEC-2024,"TCFG WEALTH MANAGEMENT, LLC",409902
31-DEC-2024,"TBH Global Asset Management, LLC",659486
31-DEC-2024,"Synergy Financial Group, LTD",6517178
31-DEC-2024,Sterling Capital Management LLC,5665157
31-DEC-2024,"Sterling Investment Advisors, Ltd.",3575878
31-DEC-2024,"Steward Partners Investment Advisory, LLC",3970575
31-DEC-2024,"StoneCrest Wealth Management, Inc.",1151022
31-DEC-2024,Stonebridge Capital Advisors LLC,214787
31-DEC-2024,"Stonebridge Financial Group, LLC",88786
31-DEC-2024,"Stonekeep Investments, LLC",230499
31-DEC-2024,Strategic Advisors LLC,1886826
31-DEC-2024,"Strategic Blueprint, LLC",679023
31-DEC-2024,"Strategic Financial Concepts, LLC",496774
31-DEC-2024,"Strategic Investment Solutions, Inc. /IL",33886
31-DEC-2024,Strategy Capital LLC,195135859
31-DEC-2024,"Stratos Wealth Partners, LTD.",2532355
31-DEC-2024,"Strengthening Families & Communities, LLC",330
31-DEC-2024,"Strive Asset Management, LLC",908271
31-DEC-2024,"Stuart Chaussee & Associates, Inc.",12760
31-DEC-2024,"Sugarloaf Wealth Management, LLC",182888
31-DEC-2024,"Sumitomo Mitsui DS Asset Management Company, Ltd",1676292
31-DEC-2024,"Summit Trail Advisors, LLC",335258
31-DEC-2024,"Sunbelt Securities, Inc.",1417608
31-DEC-2024,"Sustainable Growth Advisers, LP",11309259
31-DEC-2024,Swiss National Bank,374435352
31-DEC-2024,"Synergy Asset Management, LLC",41673
31-DEC-2024,SWAN Capital LLC,31899
31-DEC-2024,SUMITOMO LIFE INSURANCE CO,1353794
31-DEC-2024,"Prasad Wealth Partners, LLC",2747886
31-DEC-2024,ROTHSCHILD INVESTMENT LLC,3509
31-DEC-2024,"REAP Financial Group, LLC",3190
31-DEC-2024,"REGATTA CAPITAL GROUP, LLC",509598
31-DEC-2024,RENAISSANCE TECHNOLOGIES LLC,166810504
31-DEC-2024,"RFG Advisory, LLC",925709
31-DEC-2024,RHUMBLINE ADVISERS,412130
31-DEC-2024,"RICHARDS, MERRILL & PETERSON, INC.",94102
31-DEC-2024,RICHARDSON FINANCIAL SERVICES INC.,2020
31-DEC-2024,RITHOLTZ WEALTH MANAGEMENT,3179905
31-DEC-2024,RIVERPARK CAPITAL MANAGEMENT LLC,1806334
31-DEC-2024,RMR Wealth Builders,2306510
31-DEC-2024,ROMAN BUTLER FULLERTON & CO,266410
31-DEC-2024,ROYAL LONDON ASSET MANAGEMENT LTD,46522778
31-DEC-2024,Quintet Private Bank (Europe) S.A.,249557
31-DEC-2024,"RWA WEALTH PARTNERS, LLC",355993
31-DEC-2024,RWC Asset Management LLP,4590563
31-DEC-2024,Raleigh Capital Management Inc.,55292
31-DEC-2024,"Ramirez Asset Management, Inc.",148862
31-DEC-2024,Rathbones Group PLC,94966812
31-DEC-2024,Realta Investment Advisors,533686
31-DEC-2024,"Rede Wealth, LLC",564825
31-DEC-2024,"Redhawk Wealth Advisors, Inc.",357056
31-DEC-2024,Redwood Financial Network Corp,509748
31-DEC-2024,"Redwood Investments, LLC",270503
31-DEC-2024,Rehmann Capital Advisory Group,247748
31-DEC-2024,R Squared Ltd,127596
31-DEC-2024,Qube Research & Technologies Ltd,123915625
31-DEC-2024,"STRATEGIC PLANNING GROUP, LLC",6329461
31-DEC-2024,"Prosperity Financial Group, Inc.",245622
31-DEC-2024,Prestige Wealth Management Group LLC,3190
31-DEC-2024,"Prime Capital Investment Advisors, LLC",1707128
31-DEC-2024,"Private Advisor Group, LLC",5938445
31-DEC-2024,Private Portfolio Partners LLC,839582
31-DEC-2024,"Private Wealth Management Group, LLC",55079
31-DEC-2024,"Private Wealth Partners, LLC",2126068
31-DEC-2024,Privium Fund Management B.V.,44126950
31-DEC-2024,"Procyon Advisors, LLC",8040577
31-DEC-2024,Prospect Financial Services LLC,535161
31-DEC-2024,Prospera Financial Services Inc,1904855
31-DEC-2024,"Prosperity Consulting Group, LLC",618841
31-DEC-2024,"Prosperity Wealth Management, Inc.",1124971
31-DEC-2024,"Quantitative Investment Management, LLC",1531
31-DEC-2024,Public Sector Pension Investment Board,12376308
31-DEC-2024,"Pure Financial Advisors, LLC",258989
31-DEC-2024,Putney Financial Group LLC,1974654
31-DEC-2024,"QRG CAPITAL MANAGEMENT, INC.",542708
31-DEC-2024,QUADRANT CAPITAL GROUP LLC,816083
31-DEC-2024,QUEST INVESTMENT MANAGEMENT LLC,1151341
31-DEC-2024,Qtron Investments LLC,1334700
31-DEC-2024,"Quadcap Wealth Management, LLC",1172824
31-DEC-2024,Quaero Capital S.A.,1527225
31-DEC-2024,Quantbot Technologies LP,6502611
31-DEC-2024,Quantinno Capital Management LP,5162640
31-DEC-2024,Resolute Advisors LLC,4588140
31-DEC-2024,"Resolute Wealth Strategies, LLC",3522181
31-DEC-2024,"Resonant Capital Advisors, LLC",326220
31-DEC-2024,"SITTNER & NELSON, LLC",84426
31-DEC-2024,SEVEN MILE ADVISORY,538880
31-DEC-2024,SFE Investment Counsel,228610
31-DEC-2024,"SG Americas Securities, LLC",8817
31-DEC-2024,SHEETS SMITH WEALTH MANAGEMENT,447330
31-DEC-2024,SHELL ASSET MANAGEMENT CO,2086
31-DEC-2024,"SIERRA OCEAN, LLC",46041
31-DEC-2024,"SIG North Trading, ULC",37200188
31-DEC-2024,SIGNATURE ESTATE & INVESTMENT ADVISORS LLC,91656
31-DEC-2024,"SIGNATUREFD, LLC",5569428
31-DEC-2024,SILVERCREST ASSET MANAGEMENT GROUP LLC,12522059
31-DEC-2024,"SIMPLEX TRADING, LLC",262455
31-DEC-2024,SJS Investment Consulting Inc.,37216
31-DEC-2024,Retirement Wealth Solutions LLC,3630
31-DEC-2024,SLT Holdings LLC,571524
31-DEC-2024,"SOA Wealth Advisors, LLC.",17864
31-DEC-2024,SOMA EQUITY PARTNERS LP,108302103
31-DEC-2024,SP Asset Management LLC,265825
31-DEC-2024,SPINNAKER TRUST,227227
31-DEC-2024,"SPIREPOINT PRIVATE CLIENT, LLC",205961
31-DEC-2024,SPROTT INC.,318990
31-DEC-2024,"SRH ADVISORS, LLC",14886
31-DEC-2024,"SRS Capital Advisors, Inc.",360673
31-DEC-2024,"SS&H Financial Advisors, Inc.",247
31-DEC-2024,STATE OF MICHIGAN RETIREMENT SYSTEM,14747971
31-DEC-2024,SEI INVESTMENTS CO,267267333
31-DEC-2024,SCHWARTZ INVESTMENT COUNSEL INC,744310
31-DEC-2024,SCHRODER INVESTMENT MANAGEMENT GROUP,93643520
31-DEC-2024,SCHAPER BENZ & WISE INVESTMENT COUNSEL INC/WI,275395
31-DEC-2024,"Revolve Wealth Partners, LLC",872863
31-DEC-2024,"Rialto Wealth Management, LLC",698376
31-DEC-2024,Ridgewood Investments LLC,341107
31-DEC-2024,"Rise Advisors, LLC",137591
31-DEC-2024,River Street Advisors LLC,874777
31-DEC-2024,"RiverPark Advisors, LLC",2495884
31-DEC-2024,"Roberts Capital Advisors, LLC",895618
31-DEC-2024,"Robertson Stephens Wealth Management, LLC",1153149
31-DEC-2024,"Roble, Belko & Company, Inc",3
31-DEC-2024,"Root Financial Partners, LLC",471786
31-DEC-2024,Rosenberg Matthew Hamilton,62309
31-DEC-2024,"Round Rock Advisors, LLC",412560
31-DEC-2024,Roundview Capital LLC,1239702
31-DEC-2024,Roxbury Financial LLC,6820
31-DEC-2024,Royal Bank of Canada,139318000
31-DEC-2024,Rye Brook Capital LLC,279
31-DEC-2024,S.A. Mason LLC,56887
31-DEC-2024,"SAGESPRING WEALTH PARTNERS, LLC",546561
31-DEC-2024,SALEM INVESTMENT COUNSELORS INC,63798
31-DEC-2024,SANDLER CAPITAL MANAGEMENT,15494727
31-DEC-2024,"SANDS CAPITAL MANAGEMENT, LLC",1465114584
31-DEC-2024,"SAX WEALTH ADVISORS, LLC",433401
31-DEC-2024,"SCGE MANAGEMENT, L.P.",391507060
31-DEC-2024,MACKENZIE FINANCIAL CORP,1585899381
31-DEC-2024,"M3 Advisory Group, LLC",258415
31-DEC-2024,"M.E. ALLISON & CO., INC.",425320
31-DEC-2024,FINANCIAL COUNSELORS INC,7601744
31-DEC-2024,"Evanson Asset Management, LLC",506231
31-DEC-2024,"EverSource Wealth Advisors, LLC",230842
31-DEC-2024,"Evercore Wealth Management, LLC",227546
31-DEC-2024,"Everhart Financial Group, Inc.",789075
31-DEC-2024,"Evolution Advisers, Inc.",0
31-DEC-2024,"Evolution Wealth Advisors, LLC",282093
31-DEC-2024,"Evolutionary Tree Capital Management, LLC",4129326
31-DEC-2024,"FAIRFIELD, BUSH & CO.",2340217
31-DEC-2024,"FAS Wealth Partners, Inc.",696781
31-DEC-2024,"FERGUSON WELLMAN CAPITAL MANAGEMENT, INC",260508
31-DEC-2024,FFT WEALTH MANAGEMENT LLC,374601
31-DEC-2024,FIRST FINANCIAL CORP /IN/,2127
31-DEC-2024,Erste Asset Management GmbH,5963206
31-DEC-2024,FIRST FOUNDATION ADVISORS,344509
31-DEC-2024,FIRST HAWAIIAN BANK,42426
31-DEC-2024,FIRST MERCHANTS CORP,29879
31-DEC-2024,FIRST NATIONAL CORP /MA/ /ADV,237116
31-DEC-2024,FIRST TRUST ADVISORS LP,86929144
31-DEC-2024,FIRST UNITED BANK & TRUST,485928
31-DEC-2024,"FLAGSHIP HARBOR ADVISORS, LLC",4866291
31-DEC-2024,FLPUTNAM INVESTMENT MANAGEMENT CO,351421
31-DEC-2024,FORSTA AP-FONDEN,39305941
31-DEC-2024,FORTE CAPITAL LLC /ADV,255281
31-DEC-2024,"FOSTER DYKEMA CABOT & PARTNERS, LLC",25519
31-DEC-2024,Essex LLC,487204
31-DEC-2024,"Envestnet Portfolio Solutions, Inc.",5035315
31-DEC-2024,"ELEMENT POINTE ADVISORS, LLC",805450
31-DEC-2024,"EWA, LLC",291770
31-DEC-2024,ENVESTNET ASSET MANAGEMENT INC,219404790
31-DEC-2024,"EP Wealth Advisors, LLC",1172681
31-DEC-2024,EQUITABLE TRUST CO,21931519
31-DEC-2024,"ERn Financial, LLC",348807
31-DEC-2024,"ESL Trust Services, LLC",2658
31-DEC-2024,EULAV Asset Management,11164650
31-DEC-2024,"EVENTIDE ASSET MANAGEMENT, LLC",713791
31-DEC-2024,EVERGREEN CAPITAL MANAGEMENT LLC,318990
31-DEC-2024,EVERMAY WEALTH MANAGEMENT LLC,109839
31-DEC-2024,EVERPAR ADVISORS LLC,382788
31-DEC-2024,"EVOKE WEALTH, LLC",702948
31-DEC-2024,"EXCHANGE TRADED CONCEPTS, LLC",3237430
31-DEC-2024,"Entropy Technologies, LP",2549581
31-DEC-2024,"Edgestream Partners, L.P.",378109
31-DEC-2024,"Elequin Capital, LP",8294
31-DEC-2024,"Elyxium Wealth, LLC",212660
31-DEC-2024,Embree Financial Group,242752
31-DEC-2024,"Empirical Asset Management, LLC",413323
31-DEC-2024,"Empirical Financial Services, LLC d.b.a. Empirical Wealth Management",672006
31-DEC-2024,Employees Retirement System of Texas,927449
31-DEC-2024,"Empower Advisory Group, LLC",1534661
31-DEC-2024,"Empowered Funds, LLC",3318878
31-DEC-2024,Engineers Gate Manager LP,232544
31-DEC-2024,"Ensign Peak Advisors, Inc",114340655
31-DEC-2024,FOUNDERS FINANCIAL SECURITIES LLC,246473
31-DEC-2024,"FRED ALGER MANAGEMENT, LLC",2819765
31-DEC-2024,FULLCIRCLE WEALTH LLC,527195
31-DEC-2024,"Forum Financial Management, LP",1515202
31-DEC-2024,"Flaharty Asset Management, LLC",307294
31-DEC-2024,"Focus Financial Network, Inc.",3371193
31-DEC-2024,Focus Partners Wealth,28609581
31-DEC-2024,"Focused Wealth Management, Inc",680299
31-DEC-2024,"Formidable Asset Management, LLC",356206
31-DEC-2024,Fort Baker Capital Management LP,2221910
31-DEC-2024,Fort Point Capital Partners LLC,290281
31-DEC-2024,Fort Sheridan Advisors LLC,341319
31-DEC-2024,Fortis Capital Management LLC,399751
31-DEC-2024,"Fortis Group Advisors, LLC",7443
31-DEC-2024,"Fortitude Family Office, LLC",8719
31-DEC-2024,"Foundations Investment Advisors, LLC",866974
31-DEC-2024,FUNDSMITH INVESTMENT SERVICES LTD.,10221184
31-DEC-2024,"Fountainhead AM, LLC",422449
31-DEC-2024,"Fourth Dimension Wealth, LLC",29772
31-DEC-2024,Fox Hill Wealth Management,152511
31-DEC-2024,"Frank, Rimerman Advisors LLC",258914
31-DEC-2024,"Freedom Investment Management, Inc.",702396
31-DEC-2024,"Full Sail Capital, LLC",252321
31-DEC-2024,"Fulton Bank, N.A.",282306
31-DEC-2024,GABLES CAPITAL MANAGEMENT INC.,1004820
31-DEC-2024,GAGNON SECURITIES LLC,607038
31-DEC-2024,"GAMCO INVESTORS, INC. ET AL",306230
31-DEC-2024,"GARRISON POINT ADVISORS, LLC",695930
31-DEC-2024,"First Horizon Advisors, Inc.",224143
31-DEC-2024,"First Heartland Consultants, Inc.",368646
31-DEC-2024,"First Command Advisory Services, Inc.",523144
31-DEC-2024,First Affirmative Financial Network,291011
31-DEC-2024,"FWL INVESTMENT MANAGEMENT, LLC",55823
31-DEC-2024,"Facet Wealth, Inc.",206988
31-DEC-2024,"Fairman Group, LLC",292408
31-DEC-2024,"Fairscale Capital, LLC",6380
31-DEC-2024,"Faithward Advisors, LLC",7678302
31-DEC-2024,Family Management Corp,254980
31-DEC-2024,Farmers & Merchants Trust Co of Chambersburg PA,106
31-DEC-2024,"Farther Finance Advisors, LLC",1375308
31-DEC-2024,Fedenia Advisers LLC,69115
31-DEC-2024,Fiduciary Alliance LLC,1474265
31-DEC-2024,Fiduciary Planning LLC,629580
31-DEC-2024,Fiduciary Trust Co,720173
31-DEC-2024,Fiera Capital Corp,685850
31-DEC-2024,Fifth Third Wealth Advisors LLC,273162
31-DEC-2024,"Financial Advisors Network, Inc.",434039
31-DEC-2024,Financial Advocates Investment Management,5516230
31-DEC-2024,"Financial Avengers, Inc.",4736470
31-DEC-2024,"Financial Gravity Companies, Inc.",25626
31-DEC-2024,"Financial Management Professionals, Inc.",42957
31-DEC-2024,Financial Network Wealth Advisors LLC,94527
31-DEC-2024,"Financial Perspectives, Inc",1937545
31-DEC-2024,Financially Speaking Inc,4679
31-DEC-2024,FineMark National Bank & Trust,276776
31-DEC-2024,EMC Capital Management,300
31-DEC-2024,EFG Asset Management (North America) Corp.,4515407
31-DEC-2024,"GC Wealth Management RIA, LLC",501665
31-DEC-2024,Colonial Trust Co / SC,27903
31-DEC-2024,Clare Market Investments LLC,850640
31-DEC-2024,Claret Asset Management Corp,1651
31-DEC-2024,"Clarity Wealth Advisors, LLC",567271
31-DEC-2024,"Clarius Group, LLC",482738
31-DEC-2024,Claro Advisors LLC,564187
31-DEC-2024,"Clay Northam Wealth Management, LLC",535478
31-DEC-2024,Clean Yield Group,38704
31-DEC-2024,"Clear Creek Financial Management, LLC",665626
31-DEC-2024,"Clearbridge Investments, LLC",550819170
31-DEC-2024,"Clearstead Advisors, LLC",1606753
31-DEC-2024,Colonial Trust Advisors,27646
31-DEC-2024,Compass Financial Services Inc,73899
31-DEC-2024,"Circle Wealth Management, LLC",3415426
31-DEC-2024,Compass Wealth Management LLC,318990
31-DEC-2024,Concord Wealth Partners,39129
31-DEC-2024,"Concurrent Investment Advisors, LLC",1267961
31-DEC-2024,"Confluence Wealth Services, Inc.",1249328
31-DEC-2024,Congress Park Capital LLC,624689
31-DEC-2024,"Connor, Clark & Lunn Investment Management Ltd.",754200642
31-DEC-2024,"Conservest Capital Advisors, Inc.",427447
31-DEC-2024,"Continuum Advisory, LLC",89636
31-DEC-2024,Coppell Advisory Solutions LLC,93354
31-DEC-2024,"Copperwynd Financial, LLC",1482559
31-DEC-2024,"CoreCap Advisors, LLC",314630
31-DEC-2024,City State Bank,21266
31-DEC-2024,Choate Investment Advisors,592966
31-DEC-2024,EDMOND DE ROTHSCHILD HOLDING S.A.,12866
31-DEC-2024,Castle Hook Partners LP,111928381
31-DEC-2024,"Canvas Wealth Advisors, LLC",995993
31-DEC-2024,"Cape Investment Advisory, Inc.",18395
31-DEC-2024,"Capital A Wealth Management, LLC",339831
31-DEC-2024,Capital Asset Advisory Services LLC,498726
31-DEC-2024,"Capital Investment Advisors, LLC",425644
31-DEC-2024,"Capital Investment Advisory Services, LLC",491351
31-DEC-2024,"Caprock Group, LLC",1839903
31-DEC-2024,Carnegie Investment Counsel,11243972
31-DEC-2024,"Carolina Wealth Advisors, LLC",9463
31-DEC-2024,"CarsonAllaria Wealth Management, Ltd.",10101
31-DEC-2024,Cassaday & Co Wealth Management LLC,364181
31-DEC-2024,"Castleview Partners, LLC",1160998
31-DEC-2024,"China Universal Asset Management Co., Ltd.",2711415
31-DEC-2024,"Center for Financial Planning, Inc.",532
31-DEC-2024,"CenterStar Asset Management, LLC",531650
31-DEC-2024,"Centiva Capital, LP",531650
31-DEC-2024,Central Asset Investments & Management Holdings (HK) Ltd,279010
31-DEC-2024,"Centricity Wealth Management, LLC",8506
31-DEC-2024,Centurion Wealth Management LLC,663074
31-DEC-2024,Cetera Investment Advisers,27516697
31-DEC-2024,Challenger Wealth Management,212660
31-DEC-2024,"Checchi Capital Advisers, LLC",529842
31-DEC-2024,"Cherry Creek Investment Advisors, Inc.",1141027
31-DEC-2024,Chicago Partners Investment Group LLC,2117386
31-DEC-2024,Corient Private Wealth LLC,8495897
31-DEC-2024,"Cornerstone Capital, Inc.",35366953
31-DEC-2024,Cornerstone Planning Group LLC,9449
31-DEC-2024,Decker Retirement Planning Inc.,6699
31-DEC-2024,"DLK Investment Management, LLC",322180
31-DEC-2024,"DMC Group, LLC",1426098
31-DEC-2024,"DOLIVER ADVISORS, LP",531225
31-DEC-2024,"DRIVE WEALTH MANAGEMENT, LLC",218774
31-DEC-2024,DUNCKER STREETT & CO INC,2127
31-DEC-2024,"DZ BANK AG Deutsche Zentral Genossenschafts Bank, Frankfurt am Main",50081
31-DEC-2024,Dakota Wealth Management,928368
31-DEC-2024,Dash Acquisitions Inc.,13354648
31-DEC-2024,"Davidson Kahn Capital Management, LLC",223293
31-DEC-2024,"Davies Financial Advisors, Inc.",249132
31-DEC-2024,"DecisionPoint Financial, LLC",79748
31-DEC-2024,DeepCurrents Investment Group LLC,12742514
31-DEC-2024,"Cornerstone Wealth Group, LLC",438127
31-DEC-2024,"Delta Financial Group, Inc.",240
31-DEC-2024,"Diligent Investors, LLC",614268
31-DEC-2024,Diversified Trust Co,279116
31-DEC-2024,"Diversify Advisory Services, LLC",1371046
31-DEC-2024,Dixon Mitchell Investment Counsel Inc.,21624012
31-DEC-2024,"Douglass Winthrop Advisors, LLC",2026118
31-DEC-2024,"Dunhill Financial, LLC",8506
31-DEC-2024,Durable Capital Partners LP,420040503
31-DEC-2024,Dynamic Technology Lab Private Ltd,1360000
31-DEC-2024,"Dynasty Wealth Management, LLC",3296336
31-DEC-2024,EASTERN BANK,190331
31-DEC-2024,"DLD Asset Management, LP",10220665
31-DEC-2024,"DIVERSIFY WEALTH MANAGEMENT, LLC",6736172
31-DEC-2024,DIMENSIONAL FUND ADVISORS LP,48425978
31-DEC-2024,"DGS Capital Management, LLC",409689
31-DEC-2024,"Cornerstone Wealth Management, LLC",1477990
31-DEC-2024,Corton Capital Inc.,79747500
31-DEC-2024,"Coston, McIsaac & Partners",65
31-DEC-2024,Counterpoint Mutual Funds LLC,1368148
31-DEC-2024,"Covenant Asset Management, LLC",11024082
31-DEC-2024,Covestor Ltd,14
31-DEC-2024,"Cranbrook Wealth Management, LLC",7018
31-DEC-2024,"Cravens & Co Advisors, LLC",862124
31-DEC-2024,Creative Planning,30777599
31-DEC-2024,"CreativeOne Wealth, LLC",1338482
31-DEC-2024,Creekmur Asset Management LLC,1058409
31-DEC-2024,"Cresset Asset Management, LLC",16850094
31-DEC-2024,"Crestwood Advisors Group, LLC",5566269
31-DEC-2024,Crews Bank & Trust,106330
31-DEC-2024,Cromwell Holdings LLC,259658
31-DEC-2024,"Crossmark Global Holdings, Inc.",4394
31-DEC-2024,Csenge Advisory Group,800268
31-DEC-2024,"Cypress Capital, LLC",1063300
31-DEC-2024,"Cypress Wealth Services, LLC",1756040
31-DEC-2024,"Cyrus J. Lawrence, LLC",479
31-DEC-2024,D.A. DAVIDSON & CO.,8238767
31-DEC-2024,DAVENPORT & Co LLC,3157376
31-DEC-2024,DF DENT & CO INC,5105541
31-DEC-2024,GATEWAY INVESTMENT ADVISERS LLC,5254191
31-DEC-2024,"GENESIS PRIVATE WEALTH, LLC",231799
31-DEC-2024,Liontrust Investment Partners LLP,25481687
31-DEC-2024,"KESTRA PRIVATE WEALTH SERVICES, LLC",4737852
31-DEC-2024,"JGP Wealth Management, LLC",532332
31-DEC-2024,JOHNSON INVESTMENT COUNSEL INC,572374
31-DEC-2024,JONES FINANCIAL COMPANIES LLLP,5785642
31-DEC-2024,"Jacksonville Wealth Management, LLC",914442
31-DEC-2024,Jacobi Capital Management LLC,529207
31-DEC-2024,"Jaffetilchin Investment Partners, LLC",6601017
31-DEC-2024,Janney Montgomery Scott LLC,17100
31-DEC-2024,K.J. Harrison & Partners Inc,3290951
31-DEC-2024,KAYNE ANDERSON RUDNICK INVESTMENT MANAGEMENT LLC,30838084
31-DEC-2024,KCM INVESTMENT ADVISORS LLC,207556
31-DEC-2024,KENNEDY INVESTMENT GROUP,1665659
31-DEC-2024,KEYSTONE INVESTORS PTE LTD,2048979
31-DEC-2024,"JEPPSON WEALTH MANAGEMENT, LLC",2682387
31-DEC-2024,"KG&L Capital Management,LLC",578329
31-DEC-2024,KIECKHEFER GROUP LLC,175445
31-DEC-2024,"KINGSWOOD WEALTH ADVISORS, LLC",796199
31-DEC-2024,"KIRTLAND HILLS CAPITAL MANAGEMENT, LLC",442758
31-DEC-2024,KPP Advisory Services LLC,225740
31-DEC-2024,"KRS Capital Management, LLC",501346
31-DEC-2024,"Kathmere Capital Management, LLC",296235
31-DEC-2024,"Kazazian Asset Management, LLC",388105
31-DEC-2024,"Keel Point, LLC",321117
31-DEC-2024,"Kercheville Advisors, LLC",941552
31-DEC-2024,"Kesler, Norman & Wride, LLC",1002692
31-DEC-2024,"JFS WEALTH ADVISORS, LLC",133126
31-DEC-2024,JCIC Asset Management Inc.,80835
31-DEC-2024,INTECH INVESTMENT MANAGEMENT LLC,7986606
31-DEC-2024,Infusive Asset Management Inc.,5901634
31-DEC-2024,INVESTMENT HOUSE LLC,595448
31-DEC-2024,INVESTMENT MANAGEMENT CORP /VA/ /ADV,106330
31-DEC-2024,INVESTORS ASSET MANAGEMENT OF GEORGIA INC /GA/ /ADV,247217
31-DEC-2024,IPG Investment Advisors LLC,410753
31-DEC-2024,IQ EQ FUND MANAGEMENT (IRELAND) Ltd,2573718
31-DEC-2024,"Icon Wealth Advisors, LLC",5565206
31-DEC-2024,Impact Capital Partners LLC,490926
31-DEC-2024,Independence Bank of Kentucky,186078
31-DEC-2024,Independent Advisor Alliance,3074425
31-DEC-2024,"Independent Solutions Wealth Management, LLC",4239655
31-DEC-2024,"Indie Asset Partners, LLC",422130
31-DEC-2024,"Institute for Wealth Management, LLC.",1032468
31-DEC-2024,JAT Capital Mgmt LP,1329125
31-DEC-2024,Integrated Advisors Network LLC,1202345
31-DEC-2024,"Intellectus Partners, LLC",2747211
31-DEC-2024,"Interchange Capital Partners, LLC",1466725
31-DEC-2024,"Intrinsic Value Partners, LLC",1470650
31-DEC-2024,Investment Management Corp of Ontario,36459494
31-DEC-2024,"Investment Research & Advisory Group, Inc.",23393
31-DEC-2024,J. Goldman & Co LP,2402314
31-DEC-2024,J.Safra Asset Management Corp,146805
31-DEC-2024,"J.W. COLE ADVISORS, INC.",2092255
31-DEC-2024,"JAMISON PRIVATE WEALTH MANAGEMENT, INC.",210534
31-DEC-2024,"JARISLOWSKY, FRASER Ltd",436167229
31-DEC-2024,"Kessler Investment Group, LLC",6105150
31-DEC-2024,"Kestra Advisory Services, LLC",8497787
31-DEC-2024,"Kestra Investment Management, LLC",64117
31-DEC-2024,"Latitude Advisors, LLC",383997
31-DEC-2024,LPL Financial LLC,115969160
31-DEC-2024,"LRI Investments, LLC",94476
31-DEC-2024,"LVW Advisors, LLC",292302
31-DEC-2024,"LYELL WEALTH MANAGEMENT, LP",16745699
31-DEC-2024,Laidlaw Wealth Management LLC,439037
31-DEC-2024,"Laird Norton Wetherby Wealth Management, LLC",2363610
31-DEC-2024,Lakeridge Wealth Management LLC,697429
31-DEC-2024,Lane & Associates LLC,203115
31-DEC-2024,"Lantern Wealth Advisors, LLC",738994
31-DEC-2024,Lantz Financial LLC,264762
31-DEC-2024,Larson Financial Group LLC,236251
31-DEC-2024,Laurel Wealth Advisors LLC,27646
31-DEC-2024,Keudell/Morrison Wealth Management,431168
31-DEC-2024,Laurion Capital Management LP,15141392
31-DEC-2024,"Leeward Financial Partners, LLC",308144
31-DEC-2024,"Left Brain Wealth Management, LLC",3522926
31-DEC-2024,"Legacy Bridge, LLC",10421
31-DEC-2024,"Legacy Financial Advisors, Inc.",1190896
31-DEC-2024,"Legacy Wealth Asset Management, LLC",826609
31-DEC-2024,"Legal Advantage Investments, Inc.",2574249
31-DEC-2024,"LexAurum Advisors, LLC",688380
31-DEC-2024,"Lido Advisors, LLC",2809830
31-DEC-2024,LifeGoal Wealth Advisors,248812
31-DEC-2024,"Lindbrook Capital, LLC",793260
31-DEC-2024,LOUISBOURG INVESTMENTS INC.,11724659
31-DEC-2024,LORING WOLCOTT & COOLIDGE FIDUCIARY ADVISORS LLP/MA,182009
31-DEC-2024,"LORD, ABBETT & CO. LLC",209834
31-DEC-2024,LONG WALK MANAGEMENT LP,13291250
31-DEC-2024,Key Financial Inc,36578
31-DEC-2024,Keystone Financial Group,257607
31-DEC-2024,"Keystone Wealth Services, LLC",537923
31-DEC-2024,"Kiely Wealth Advisory Group, Inc.",9592
31-DEC-2024,"Kimelman & Baird, LLC",159495
31-DEC-2024,"Kingsview Wealth Management, LLC",2806793
31-DEC-2024,"Knollwood Investment Advisory, LLC",2202094
31-DEC-2024,"Kohmann Bosshard Financial Services, LLC",4253
31-DEC-2024,Korea Investment CORP,106695442
31-DEC-2024,"Koshinski Asset Management, Inc.",211703
31-DEC-2024,"Kovack Advisors, Inc.",1122100
31-DEC-2024,"Kovitz Investment Group Partners, LLC",742184
31-DEC-2024,"Kozak & Associates, Inc.",245048
31-DEC-2024,"LAKE STREET ADVISORS GROUP, LLC",910185
31-DEC-2024,"LAKE STREET PRIVATE WEALTH, LLC",692208
31-DEC-2024,"LAM GROUP, INC.",5317
31-DEC-2024,"LAZARI CAPITAL MANAGEMENT, INC.",671474
31-DEC-2024,"LBMC INVESTMENT ADVISORS, LLC",951654
31-DEC-2024,LEE DANNER & BASS INC,6486
31-DEC-2024,"LEVEL FOUR ADVISORY SERVICES, LLC",3567797
31-DEC-2024,LM Advisors LLC,858
31-DEC-2024,LMR Partners LLP,7304871
31-DEC-2024,LOGAN CAPITAL MANAGEMENT INC,2288647
31-DEC-2024,"INTERNATIONAL ASSETS INVESTMENT MANAGEMENT, LLC",1539399
31-DEC-2024,INTACT INVESTMENT MANAGEMENT INC.,29064961
31-DEC-2024,"GFG Capital, LLC",753348
31-DEC-2024,"Good Life Advisors, LLC",2172436
31-DEC-2024,"Gleason Group, Inc.",131849
31-DEC-2024,"Glen Eagle Advisors, LLC",12972
31-DEC-2024,Glenview Trust co,370666
31-DEC-2024,"Global Financial Private Client, LLC",348018
31-DEC-2024,"Global Retirement Partners, LLC",1192916
31-DEC-2024,"Global Trust Asset Management, LLC",74431
31-DEC-2024,"Global Wealth Management Investment Advisory, Inc.",1825580
31-DEC-2024,Global Wealth Strategies & Associates,8506
31-DEC-2024,GoalVest Advisory LLC,36897
31-DEC-2024,"Golden State Wealth Management, LLC",162580
31-DEC-2024,"Goldstein Advisors, LLC",220316
31-DEC-2024,Gordian Capital Singapore Pte Ltd,1067
31-DEC-2024,Gilliland Jeter Wealth Management LLC,319522
31-DEC-2024,"Gotham Asset Management, LLC",381087
31-DEC-2024,"Gould Capital, LLC",13291
31-DEC-2024,Grandview Asset Management LLC,810
31-DEC-2024,"Granite Bay Wealth Management, LLC",1383
31-DEC-2024,Granite FO LLC,3509
31-DEC-2024,"Granite Investment Partners, LLC",14268316
31-DEC-2024,Grant Private Wealth Management Inc,1115827
31-DEC-2024,Grassi Investment Management,7434
31-DEC-2024,Graypoint LLC,574501
31-DEC-2024,"Great Diamond Partners, LLC",568334
31-DEC-2024,"Greystone Financial Group, LLC",485609
31-DEC-2024,Gladstone Institutional Advisory LLC,1428756
31-DEC-2024,"Gilbert & Cook, Inc.",675089
31-DEC-2024,"INSIGNEO ADVISORY SERVICES, LLC",2940781
31-DEC-2024,"GS Investments, Inc.",744
31-DEC-2024,"GFS Advisors, LLC",327000
31-DEC-2024,"GHP Investment Advisors, Inc.",22330
31-DEC-2024,GILDER GAGNON HOWE & CO LLC,159886364
31-DEC-2024,"GILL CAPITAL PARTNERS, LLC",652228
31-DEC-2024,GLENMEDE TRUST CO NA,21106717
31-DEC-2024,"GM Advisory Group, LLC",1056070
31-DEC-2024,"GPS Wealth Strategies Group, LLC",1663928
31-DEC-2024,GRAND JEAN CAPITAL MANAGEMENT INC,3137054
31-DEC-2024,"GREAT VALLEY ADVISOR GROUP, INC.",1478889
31-DEC-2024,"GRIFFIN ASSET MANAGEMENT, INC.",1693305
31-DEC-2024,GROUP ONE TRADING LLC,76015317
31-DEC-2024,GUARDIAN CAPITAL LP,8245206
31-DEC-2024,Gifford Fong Associates,7443
31-DEC-2024,"GUARDIAN WEALTH ADVISORS, LLC / NC",520911
31-DEC-2024,"GW&K Investment Management, LLC",62
31-DEC-2024,Garden State Investment Advisory Services LLC,205217
31-DEC-2024,Garner Asset Management Corp,634
31-DEC-2024,Gavilan Investment Partners LLC,35088900
31-DEC-2024,Gen-Wealth Partners Inc,2127
31-DEC-2024,Geneos Wealth Management Inc.,432657
31-DEC-2024,Generali Asset Management SPA SGR,9573196
31-DEC-2024,Generali Investments Towarzystwo Funduszy Inwestycyjnych,1815416
31-DEC-2024,Genus Capital Management Inc.,14358742
31-DEC-2024,Gerber Kawasaki Wealth & Investment Management,1554975
31-DEC-2024,Grove Bank & Trust,3351734
31-DEC-2024,Gryphon Financial Partners LLC,15443993
31-DEC-2024,"Guardian Asset Advisors, LLC",597802
31-DEC-2024,Hillsdale Investment Management Inc.,64014521
31-DEC-2024,"Harrington Investments, INC",511128
31-DEC-2024,Hartford Financial Management Inc.,14461
31-DEC-2024,"Harvest Fund Management Co., Ltd",1013
31-DEC-2024,Hemington Wealth Management,46
31-DEC-2024,Henry James International Management Inc.,16655212
31-DEC-2024,Heritage Wealth Advisors,9038
31-DEC-2024,Hexagon Capital Partners LLC,283901
31-DEC-2024,HighMark Wealth Management LLC,45476
31-DEC-2024,HighPoint Advisor Group LLC,3283416
31-DEC-2024,"HighTower Advisors, LLC",17172840
31-DEC-2024,Highview Capital Management LLC/DE/,2243350
31-DEC-2024,Holistic Financial Partners,317289
31-DEC-2024,Guardian Partners Inc.,1682658
31-DEC-2024,"Hopwood Financial Services, Inc.",5849
31-DEC-2024,"Horrell Capital Management, Inc.",28
31-DEC-2024,Horst & Graben Wealth Management LLC,735485
31-DEC-2024,"Householder Group Estate & Retirement Specialist, LLC",3
31-DEC-2024,Hummer Financial Advisory Services Inc,265825
31-DEC-2024,"Hurley Capital, LLC",12018
31-DEC-2024,"ICONIQ Capital, LLC",197554548
31-DEC-2024,"IEQ CAPITAL, LLC",2336601
31-DEC-2024,"IFP Advisors, Inc",2438053
31-DEC-2024,"IHT Wealth Management, LLC",937410
31-DEC-2024,"IMC-Chicago, LLC",348719868
31-DEC-2024,"Harbour Capital Advisors, LLC",722143
31-DEC-2024,"HUB Investment Partners, LLC",155710
31-DEC-2024,HSBC HOLDINGS PLC,77033580
31-DEC-2024,HOWLAND CAPITAL MANAGEMENT LLC,526228
31-DEC-2024,Gulf International Bank (UK) Ltd,270
31-DEC-2024,Gunderson Capital Management Inc.,6719418
31-DEC-2024,"HAGER INVESTMENT MANAGEMENT SERVICES, LLC",10633
31-DEC-2024,"HANTZ FINANCIAL SERVICES, INC.",36009
31-DEC-2024,"HAP Trading, LLC",1295140
31-DEC-2024,"HARBOR CAPITAL ADVISORS, INC.",2408
31-DEC-2024,"HARBOR INVESTMENT ADVISORY, LLC",466363
31-DEC-2024,"HARBOUR INVESTMENTS, INC.",1803144
31-DEC-2024,HARTLINE INVESTMENT CORP/,6533341
31-DEC-2024,"HAZLETT, BURT & WATSON, INC.",64
31-DEC-2024,"HB Wealth Management, LLC",1257570
31-DEC-2024,HBK Sorce Advisory LLC,635748
31-DEC-2024,HBW ADVISORY SERVICES LLC,384170
31-DEC-2024,HEALTHCARE OF ONTARIO PENSION PLAN TRUST FUND,15422379
31-DEC-2024,HERITAGE INVESTORS MANAGEMENT CORP,508
31-DEC-2024,"HHM Wealth Advisors, LLC",136741
31-DEC-2024,"HIGHLAND CAPITAL MANAGEMENT, LLC",2023460
31-DEC-2024,HIGHLINE WEALTH PARTNERS LLC,99950
31-DEC-2024,HM PAYSON & CO,53165
31-DEC-2024,"HOEY INVESTMENTS, INC",147799
31-DEC-2024,HOLLENCREST CAPITAL MANAGEMENT,282093
31-DEC-2024,"HOWARD BAILEY SECURITIES, LLC",313568
31-DEC-2024,"HOWARD FINANCIAL SERVICES, LTD.",209364
31-DEC-2024,"TWO SIGMA ADVISERS, LP",313674
31-DEC-2024,"TWO SIGMA INVESTMENTS, LP",13911154
31-DEC-2024,"TWO SIGMA SECURITIES, LLC",372155
31-DEC-2024,CAMDEN ASSET MANAGEMENT L P /CA,113927434
31-DEC-2024,BERKSHIRE CAPITAL HOLDINGS INC,8366044
31-DEC-2024,"BFSG, LLC",4047997
31-DEC-2024,BIRINYI ASSOCIATES INC,265825
31-DEC-2024,BLAIR WILLIAM & CO/IL,49658768
31-DEC-2024,"BLB&B Advisors, LLC",1039376
31-DEC-2024,"BLODGETT WEALTH ADVISORS, LLC",247218
31-DEC-2024,"BLUE BELL PRIVATE WEALTH MANAGEMENT, LLC",77621
31-DEC-2024,BOCHK Asset Management Ltd,13982395
31-DEC-2024,BOYD WATTERSON ASSET MANAGEMENT LLC/OH,2835183
31-DEC-2024,BRANDYWINE OAK PRIVATE WEALTH LLC,212660
31-DEC-2024,"BRIGHT FINANCIAL ADVISORS, INC.",418515
31-DEC-2024,BRIGHTON JONES LLC,2251696
31-DEC-2024,BRITISH COLUMBIA INVESTMENT MANAGEMENT Corp,281606334
31-DEC-2024,BROWN BROTHERS HARRIMAN & CO,727297
31-DEC-2024,BROWN CAPITAL MANAGEMENT LLC,46289809
31-DEC-2024,"BROWN, LISLE/CUMMINGS, INC.",874033
31-DEC-2024,BSW Wealth Partners,269081
31-DEC-2024,BTG Pactual Asset Management US LLC,327842
31-DEC-2024,BUCKHEAD CAPITAL MANAGEMENT LLC,361522
31-DEC-2024,BURNS J W & CO INC/NY,303041
31-DEC-2024,Baader Bank Aktiengesellschaft,282767
31-DEC-2024,BENEDICT FINANCIAL ADVISORS INC,880625
31-DEC-2024,"BEACON INVESTMENT ADVISORY SERVICES, INC.",217977
31-DEC-2024,"BBR PARTNERS, LLC",637980
31-DEC-2024,B & T Capital Management DBA Alpha Capital Management,3316008
31-DEC-2024,"Avantax Planning Partners, Inc.",349188
31-DEC-2024,Avanza Fonder AB,2648361
31-DEC-2024,"Avestar Capital, LLC",1191215
31-DEC-2024,"Avidian Wealth Enterprises, LLC",363330
31-DEC-2024,Avion Wealth,149
31-DEC-2024,"Avior Wealth Management, LLC",1069892
31-DEC-2024,Aviso Financial Inc.,3218451
31-DEC-2024,Avitas Wealth Management LLC,2258343
31-DEC-2024,Azimuth Capital Investment Management LLC,296129
31-DEC-2024,"B. Riley Wealth Advisors, Inc.",2855173
31-DEC-2024,BARTLETT & CO. WEALTH MANAGEMENT LLC,276458
31-DEC-2024,"B.O.S.S. Retirement Advisors, LLC",1203762
31-DEC-2024,"BAILARD, INC.",5164980
31-DEC-2024,BAILLIE GIFFORD & CO,1305712516
31-DEC-2024,"BAKER TILLY WEALTH MANAGEMENT, LLC",1535086
31-DEC-2024,BALLAST ADVISORS LLC,219359
31-DEC-2024,BANK OF NOVA SCOTIA,401256413
31-DEC-2024,BARCLAYS PLC,287775
31-DEC-2024,"BARLOW WEALTH PARTNERS, INC.",461262
31-DEC-2024,"BARON SILVER STEVENS FINANCIAL ADVISORS, LLC",232756
31-DEC-2024,Baer Investment Advisory LLC,4056373
31-DEC-2024,"Baker Avenue Asset Management, LP",21506316
31-DEC-2024,"Baldwin Investment Management, LLC",872757
31-DEC-2024,"Bouvel Investment Partners, LLC",1866251
31-DEC-2024,"Blue Barn Wealth, LLC",787480
31-DEC-2024,Blue Rock Wealth Management LLC,659246
31-DEC-2024,"Blue Trust, Inc.",46781
31-DEC-2024,"BluePointe Capital Management, LLC",1093604
31-DEC-2024,"Blueshift Asset Management, LLC",997375
31-DEC-2024,"Blume Capital Management, Inc.",851
31-DEC-2024,"Bogart Wealth, LLC",8519053
31-DEC-2024,"Boothe Investment Group, Inc.",6199
31-DEC-2024,Bordeaux Wealth Advisors LLC,271674
31-DEC-2024,Breakwater Capital Group,615651
31-DEC-2024,"Birchcreek Wealth Management, LLC",212660
31-DEC-2024,"Bridgefront Capital, LLC",1064151
31-DEC-2024,"Bristlecone Advisors, LLC",2596260
31-DEC-2024,"Brooklyn FI, LLC",452475
31-DEC-2024,Brookstone Capital Management,396292
31-DEC-2024,"Bruce G. Allen Investments, LLC",4785
31-DEC-2024,"Brucke Financial, Inc.",718437
31-DEC-2024,"Bryn Mawr Capital Management, LLC",2791588
31-DEC-2024,C M BIDWELL & ASSOCIATES LTD,8506
31-DEC-2024,"C2P Capital Advisory Group, LLC d.b.a. Prosperity Capital Advisors",607675
31-DEC-2024,"BlackRock, Inc.",614807526
31-DEC-2024,"Biondo Investment Advisors, LLC",3064856
31-DEC-2024,"Ballentine Partners, LLC",59013
31-DEC-2024,"Bayesian Capital Management, LP",1127098
31-DEC-2024,"Baltimore-Washington Financial Advisors, Inc.",8989244
31-DEC-2024,Balyasny Asset Management L.P.,28740999
31-DEC-2024,"Banco Santander, S.A.",102502
31-DEC-2024,Bangor Savings Bank,16162
31-DEC-2024,"Bank Julius Baer & Co. Ltd, Zurich",2020775
31-DEC-2024,Bank of Jackson Hole Trust,686892
31-DEC-2024,Bank of New Hampshire,138229
31-DEC-2024,Barton Investment Management,199155772
31-DEC-2024,"Bay Colony Advisory Group, Inc d/b/a Bay Colony Advisors",484865
31-DEC-2024,Bayforest Capital Ltd,254341
31-DEC-2024,"Beverly Hills Private Wealth, LLC",658502
31-DEC-2024,"Beacon Capital Management, LLC",340362
31-DEC-2024,"Beacon Pointe Advisors, LLC",1565311
31-DEC-2024,"Bear Mountain Capital, Inc.",5305
31-DEC-2024,"Bedel Financial Consulting, Inc.",421551
31-DEC-2024,"Bell Investment Advisors, Inc",17120
31-DEC-2024,Bellecapital International Ltd.,6812350
31-DEC-2024,"Belmont Capital, LLC",106330
31-DEC-2024,Benchstone Capital Management LP,24843686
31-DEC-2024,Berbice Capital Management LLC,533032
31-DEC-2024,"Austin Private Wealth, LLC",238179
31-DEC-2024,"Ausdal Financial Partners, Inc.",402246
31-DEC-2024,"Atria Investments, Inc",17951162
31-DEC-2024,AXIOM INVESTORS LLC /DE,88522383
31-DEC-2024,ARK Investment Management LLC,479019163
31-DEC-2024,"ARMSTRONG ADVISORY GROUP, INC",9570
31-DEC-2024,"ARTHUR M. COHEN & ASSOCIATES, LLC",4792718
31-DEC-2024,"ASAHI LIFE ASSET MANAGEMENT CO., LTD.",486139
31-DEC-2024,ASHFORD CAPITAL MANAGEMENT INC,382788
31-DEC-2024,"ASSETMARK, INC",8985970
31-DEC-2024,"ATALANTA SOSNOFF CAPITAL, LLC",12828289
31-DEC-2024,ATWOOD & PALMER INC,4254
31-DEC-2024,"AVANTAX ADVISORY SERVICES, INC.",4521790
31-DEC-2024,"AXXCESS WEALTH MANAGEMENT, LLC",1395049
31-DEC-2024,ARCADIA INVESTMENT MANAGEMENT CORP/MI,947401
31-DEC-2024,AZZAD ASSET MANAGEMENT INC /ADV,206714
31-DEC-2024,"Abbot Financial Management, Inc.",1024383
31-DEC-2024,Abound Wealth Management,191926
31-DEC-2024,Abundance Wealth Counselors,213
31-DEC-2024,Accredited Investors Inc.,682745
31-DEC-2024,"Accurate Wealth Management, LLC",339858
31-DEC-2024,"Acropolis Investment Management, LLC",180761
31-DEC-2024,Activest Wealth Management,22355
31-DEC-2024,Addenda Capital Inc.,133081258
31-DEC-2024,"ARISTEIA CAPITAL, L.L.C.",6123000
31-DEC-2024,AMJ Financial Wealth Management,4088920
31-DEC-2024,"Adero Partners, LLC",244878
31-DEC-2024,ACORN FINANCIAL ADVISORY SERVICES INC /ADV,2804985
31-DEC-2024,Tacita Capital Inc,461717
31-DEC-2024," CALDWELL SUTTER CAPITAL, INC.",4253
31-DEC-2024, NEUBERGER BERMAN GROUP LLC,14355
31-DEC-2024,&PARTNERS,4910350
31-DEC-2024,"1620 INVESTMENT ADVISORS, INC.",163961
31-DEC-2024,"180 WEALTH ADVISORS, LLC",617352
31-DEC-2024,1832 Asset Management L.P.,204634105
31-DEC-2024,"AA Financial Advisors, LLC",652760
31-DEC-2024,"ACIMA PRIVATE WEALTH, LLC",345679
31-DEC-2024,"ADAGE CAPITAL PARTNERS GP, L.L.C.",27114150
31-DEC-2024,AMF Tjanstepension AB,12849874
31-DEC-2024,AE Wealth Management LLC,2851771
31-DEC-2024,AEGON ASSET MANAGEMENT UK Plc,36510
31-DEC-2024,AGF MANAGEMENT LTD,169496764
31-DEC-2024,ALBION FINANCIAL GROUP /UT,319
31-DEC-2024,ALERUS FINANCIAL NA,3204471
31-DEC-2024,ALKEON CAPITAL MANAGEMENT LLC,4072000
31-DEC-2024,ALTFEST L J & CO INC,262713
31-DEC-2024,AMERICAN NATIONAL BANK & TRUST,102077
31-DEC-2024,"AMERIFLEX GROUP, INC.",11680
31-DEC-2024,Addison Advisors LLC,10527
31-DEC-2024,"AdvisorNet Financial, Inc",447649
31-DEC-2024,"Atomi Financial Group, Inc.",2255366
31-DEC-2024,ArrowMark Colorado Holdings LLC,1244061
31-DEC-2024,"Apollon Wealth Management, LLC",12561614
31-DEC-2024,"Aprio Wealth Management, LLC",372368
31-DEC-2024,"Aptus Capital Advisors, LLC",957395
31-DEC-2024,Aquatic Capital Management LLC,25880828
31-DEC-2024,"Arete Wealth Advisors, LLC",2240
31-DEC-2024,Argent Trust Co,603316
31-DEC-2024,Arkadios Wealth Advisors,1385055
31-DEC-2024,"Arkfeld Wealth Strategies, L.L.C.",1226819
31-DEC-2024,Arlington Trust Co LLC,227653
31-DEC-2024,"Arthedge Capital Management, LLC",19990040
31-DEC-2024,"Anthracite Investment Company, Inc.",2977240
31-DEC-2024,Artisan Partners Limited Partnership,779661003
31-DEC-2024,"Ascent Wealth Partners, LLC",338236
31-DEC-2024,"Ashe Capital Management, LP",232406757
31-DEC-2024,"Ashton Thomas Private Wealth, LLC",560891
31-DEC-2024,Assenagon Asset Management S.A.,4074218
31-DEC-2024,"Asset Dedication, LLC",145673
31-DEC-2024,"AssuredPartners Investment Advisors, LLC",299000
31-DEC-2024,Atala Financial Inc,2058123
31-DEC-2024,Atika Capital Management LLC,888068
31-DEC-2024,"Apexium Financial, LP",2744590
31-DEC-2024,"Annis Gardner Whiting Capital Advisors, LLC",1950731
31-DEC-2024,"Advisors Asset Management, Inc.",38016909
31-DEC-2024,Allworth Financial LP,1595854
31-DEC-2024,"Advisors Capital Management, LLC",212766
31-DEC-2024,Advisory Resource Group,1053518
31-DEC-2024,"Advisory Services Network, LLC",8940841
31-DEC-2024,Aequim Alternative Investments LP,51025000
31-DEC-2024,"Aigen Investment Management, LP",299179
31-DEC-2024,"Alan B Lancz & Associates, Inc.",568866
31-DEC-2024,Alberta Investment Management Corp,216952449
31-DEC-2024,"All Terrain Financial Advisors, LLC",248281
31-DEC-2024,"Alliance Wealth Advisors, LLC /UT",5408688
31-DEC-2024,"Alpha Cubed Investments, LLC",1016727
31-DEC-2024,"Annex Advisory Services, LLC",281775
31-DEC-2024,"AlphaMark Advisors, LLC",5
31-DEC-2024,Alta Wealth Advisors LLC,2098320
31-DEC-2024,"American Capital Advisory, LLC",4254
31-DEC-2024,"Americana Partners, LLC",1633867
31-DEC-2024,"Ameritas Advisory Services, LLC",607357
31-DEC-2024,"Anchor Investment Management, LLC",88254
31-DEC-2024,Ancora Advisors LLC,1415571
31-DEC-2024,Andra AP-fonden,24753782
31-DEC-2024,"Angeles Investment Advisors, LLC",275076
31-DEC-2024,CAISSE DE DEPOT ET PLACEMENT DU QUEBEC,170889300
31-DEC-2024,"Canopy Partners, LLC",219146
31-DEC-2024,CANADA LIFE ASSURANCE Co,98866
31-DEC-2024,"Vestmark Advisory Solutions, Inc.",9551305
31-DEC-2024,"WEALTH ENHANCEMENT ADVISORY SERVICES, LLC",12785690
31-DEC-2024,WEALTH EFFECTS LLC,273800
31-DEC-2024,WATERSHED PRIVATE WEALTH LLC,1402280
31-DEC-2024,WASHINGTON TRUST Co,5317
31-DEC-2024,Visionary Wealth Advisors,246048
31-DEC-2024,"VisionPoint Advisory Group, LLC",123659
31-DEC-2024,"Vision Capital Management, Inc.",212660
31-DEC-2024,"Vise Technologies, Inc.",2428258
31-DEC-2024,"Vident Advisory, LLC",377922
31-DEC-2024,"Versant Capital Management, Inc",19458
31-DEC-2024,WELCH & FORBES LLC,13243522
31-DEC-2024,"Vermillion & White Wealth Management Group, LLC",9038
31-DEC-2024,Verition Fund Management LLC,16980582
31-DEC-2024,Verdence Capital Advisors LLC,3230624
31-DEC-2024,Veracity Capital LLC,232925
31-DEC-2024,"Venturi Wealth Management, LLC",1043948
31-DEC-2024,Venture Visionary Partners LLC,5520866
31-DEC-2024,Varma Mutual Pension Insurance Co,20494191
31-DEC-2024,"Vanguard Personalized Indexing Management, LLC",4273658
31-DEC-2024,"Van Hulzen Asset Management, LLC",328241
31-DEC-2024,WEDBUSH SECURITIES INC,2691
31-DEC-2024,WESBANCO BANK INC,4836863
31-DEC-2024,"Valeo Financial Advisors, LLC",2134782
31-DEC-2024,"WR Wealth Planners, LLC",11484
31-DEC-2024,"Wealth Alliance Advisory Group, LLC",332813
31-DEC-2024,"Waverly Advisors, LLC",933684
31-DEC-2024,"Watts Gwilliam & Co., LLC",1430959
31-DEC-2024,Walleye Trading LLC,161736330
31-DEC-2024,Walleye Capital LLC,149889397
31-DEC-2024,"Wallace Advisory Group, LLC",289786
31-DEC-2024,Waldron Private Wealth LLC,230098
31-DEC-2024,Wahed Invest LLC,4767561
31-DEC-2024,WRAPMANAGER INC,1193661
31-DEC-2024,"WORLD EQUITY GROUP, INC.",963562
31-DEC-2024,WHITTIER TRUST CO,559504
31-DEC-2024,"WOODWARD DIVERSIFIED CAPITAL, LLC",1598672
31-DEC-2024,WOODSTOCK CORP,1253631
31-DEC-2024,WOODARD & CO ASSET MANAGEMENT GROUP INC /ADV,853830
31-DEC-2024,WOLFF WIESE MAGANA LLC,302297
31-DEC-2024,"WMS Partners, LLC",622669
31-DEC-2024,"WMG Financial Advisors, LLC",212660
31-DEC-2024,WINTON GROUP Ltd,1050647
31-DEC-2024,"WILLIAM BLAIR INVESTMENT MANAGEMENT, LLC",228689354
31-DEC-2024,WHITTIER TRUST CO OF NEVADA INC,219672
31-DEC-2024,"Valmark Advisers, Inc.",1139751
31-DEC-2024,"VOLORIDGE INVESTMENT MANAGEMENT, LLC",125333723
31-DEC-2024,"Wealth Management Partners, LLC",1125397
31-DEC-2024,"Total Clarity Wealth Management, Inc.",537711
31-DEC-2024,Triumph Capital Management,605549
31-DEC-2024,Trilogy Capital Inc.,215850
31-DEC-2024,"Trifecta Capital Advisors, LLC",31899
31-DEC-2024,Triasima Portfolio Management inc.,8238291
31-DEC-2024,"Traynor Capital Management, Inc.",764478
31-DEC-2024,"Tradition Wealth Management, LLC",338767
31-DEC-2024,"Tradewinds Capital Management, LLC",14887
31-DEC-2024,Tower View Wealth Management LLC,5317
31-DEC-2024,"Total Wealth Planning & Management, Inc.",231693
31-DEC-2024,"Tortoise Investment Management, LLC",149075
31-DEC-2024,"Trueblood Wealth Management, LLC",352271
31-DEC-2024,"Tidemark, LLC",275609
31-DEC-2024,Tidal Investments LLC,5598912
31-DEC-2024,Thrivent Financial for Lutherans,12481
31-DEC-2024,"Three Seasons Wealth, LLC",1517861
31-DEC-2024,Texas Yale Capital Corp.,12624880
31-DEC-2024,Ted Buchan & Co,1310624
31-DEC-2024,"Talon Private Wealth, LLC",605549
31-DEC-2024,Tallon Kerry Patrick,230114
31-DEC-2024,CANADA PENSION PLAN INVESTMENT BOARD,469910901
31-DEC-2024,"True Wealth Design, LLC",1914
31-DEC-2024,Trust Co,4147
31-DEC-2024,"VISTA INVESTMENT PARTNERS II, LLC",254129
31-DEC-2024,"Uniting Wealth Partners, LLC",318990
31-DEC-2024,"VIAWEALTH, LLC",861167
31-DEC-2024,"VERUS CAPITAL PARTNERS, LLC",290707
31-DEC-2024,VANGUARD GROUP INC,3275790191
31-DEC-2024,"VANCE WEALTH, LLC",424573
31-DEC-2024,VAN ECK ASSOCIATES CORP,674
31-DEC-2024,"VALLEY WEALTH MANAGERS, INC.",228610
31-DEC-2024,VALLEY NATIONAL ADVISERS INC,4
31-DEC-2024,V2 Financial group LLC,2710564
31-DEC-2024,Utah Retirement Systems,14385975
31-DEC-2024,"United Advisor Group, LLC",4118267
31-DEC-2024,Truvestments Capital LLC,60289
31-DEC-2024,USS Investment Management Ltd,20074996
31-DEC-2024,"UMB Bank, n.a.",427340
31-DEC-2024,UBS Group AG,5599
31-DEC-2024,"UBS AM, a distinct business unit of UBS ASSET MANAGEMENT AMERICAS LLC",14929582
31-DEC-2024,"U.S. Capital Wealth Advisors, LLC",608652
31-DEC-2024,Tyler-Stone Wealth Management,847458
31-DEC-2024,Tyche Wealth Partners LLC,243070
31-DEC-2024,"Twin Tree Management, LP",144747031
31-DEC-2024,"Twin Lakes Capital Management, LLC",15950
31-DEC-2024,"Wealth Architects, LLC",489805
31-DEC-2024,UniSuper Management Pty Ltd,3549368
31-DEC-2024,"WealthCollab, LLC",14887
31-DEC-2024,CONQUIS FINANCIAL LLC,9144
31-DEC-2024,CNB Bank,731657
31-DEC-2024,COBBLESTONE CAPITAL ADVISORS LLC /NY/,7488610
31-DEC-2024,COLDSTREAM CAPITAL MANAGEMENT INC,523888
31-DEC-2024,COMMERCE BANK,439461
31-DEC-2024,"COMMONWEALTH EQUITY SERVICES, LLC",39902
31-DEC-2024,COMMONWEALTH OF PENNSYLVANIA PUBLIC SCHOOL EMPLS RETRMT SYS,9301217
31-DEC-2024,"CONCOURSE FINANCIAL GROUP SECURITIES, INC.",525467
31-DEC-2024,CONFLUENCE INVESTMENT MANAGEMENT LLC,861698
31-DEC-2024,CONGRESS ASSET MANAGEMENT CO,84074387
31-DEC-2024,"CONWAY CAPITAL MANAGEMENT, INC.",1241509
31-DEC-2024,CITY NATIONAL BANK OF FLORIDA /MSD,423830
31-DEC-2024,"CORNERSTONE ENTERPRISES, LLC",469128
31-DEC-2024,"CORRADO ADVISORS, LLC",1445557
31-DEC-2024,"CRA Financial Services, LLC",278585
31-DEC-2024,CREATIVE FINANCIAL DESIGNS INC /ADV,584283
31-DEC-2024,CSS LLC/IL,5111429
31-DEC-2024,CTC LLC,83330821
31-DEC-2024,"CVA Family Office, LLC",138654
31-DEC-2024,"CWA Asset Management Group, LLC",455305
31-DEC-2024,"CWM, LLC",1388
31-DEC-2024,CKW FINANCIAL GROUP,174
31-DEC-2024,CIBC WORLD MARKET INC.,2121633
31-DEC-2024,"Caitong International Asset Management Co., Ltd",952078
31-DEC-2024,CASTLEARK MANAGEMENT LLC,28844139
31-DEC-2024,CANANDAIGUA NATIONAL BANK & TRUST CO,1528281
31-DEC-2024,"WealthPLAN Partners, LLC",245622
31-DEC-2024,"CAPITAL & PLANNING, LLC",7337
31-DEC-2024,CAPITAL ADVISORS INC/OK,949846
31-DEC-2024,CAPITAL FUND MANAGEMENT S.A.,191744889
31-DEC-2024,"CAPSTONE INVESTMENT ADVISORS, LLC",9599194
31-DEC-2024,CAPTRUST FINANCIAL ADVISORS,3260070
31-DEC-2024,"CARDIFF PARK ADVISORS, LLC",1044480
31-DEC-2024,CAROLINAS WEALTH CONSULTING LLC,36259
31-DEC-2024,CASTLEKEEP INVESTMENT ADVISORS LLC,256345415
31-DEC-2024,CIBC Private Wealth Group LLC,75249244
31-DEC-2024,"CEERA INVESTMENTS, LLC",454029
31-DEC-2024,CENTRAL TRUST Co,84001
31-DEC-2024,"CERTIOR FINANCIAL GROUP, LLC",200219
31-DEC-2024,"CERTUITY, LLC",2576107
31-DEC-2024,"CGC Financial Services, LLC",4785
31-DEC-2024,CHARLES SCHWAB INVESTMENT MANAGEMENT INC,265206441
31-DEC-2024,"CHOREO, LLC",3599257
31-DEC-2024,CI INVESTMENTS INC.,36130
31-DEC-2024,CIBC Asset Management Inc,498043653
31-DEC-2024,"Caitlin John, LLC",25945
31-DEC-2024,CHILTON CAPITAL MANAGEMENT LLC,212660
31-DEC-2024,Calamos Advisors LLC,20138404
31-DEC-2024,"Wilmington Savings Fund Society, FSB",32962
31-DEC-2024,"Williams Jones Wealth Management, LLC.",937618
31-DEC-2024,"White Knight Strategic Wealth Advisors, LLC",350889
31-DEC-2024,"Whitaker-Myers Wealth Managers, LTD.",458601
31-DEC-2024,"Whipplewood Advisors, LLC",5635
31-DEC-2024,Whalen Wealth Management Inc.,461366
31-DEC-2024,"Westside Investment Management, Inc.",4356341
31-DEC-2024,"Westmount Partners, LLC",539306
31-DEC-2024,"Western Pacific Wealth Management, LP",85064
31-DEC-2024,Western Financial Corp/CA,239030
31-DEC-2024,"West Family Investments, Inc.",635109
31-DEC-2024,"Wellspring Financial Advisors, LLC",200751
31-DEC-2024,"Wellington Shields Capital Management, LLC",1190896
31-DEC-2024,"Wellington Shields & Co., LLC",2233249
31-DEC-2024,"Weinberger Asset Management, Inc",2128727
31-DEC-2024,Wedmont Private Capital,342762
31-DEC-2024,Weaver Capital Management LLC,5655162
31-DEC-2024,"Wealthspire Advisors, LLC",1560605
31-DEC-2024,Wealthfront Advisers LLC,63952210
31-DEC-2024,Calamos Wealth Management LLC,2181573
31-DEC-2024,Wealthcare Advisory Partners LLC,453072
31-DEC-2024,"WealthPlan Investment Management, LLC",323456
31-DEC-2024,"Willis Johnson & Associates, Inc.",263167
31-DEC-2024,"CAP Partners, LLC",1879064
31-DEC-2024,"Wingate Wealth Advisors, Inc.",4253
31-DEC-2024,"YOUSIF CAPITAL MANAGEMENT, LLC",1998898
31-DEC-2024,Winthrop Advisory Group LLC,539093
31-DEC-2024,"Cambridge Investment Research Advisors, Inc.",20179
31-DEC-2024,Zurcher Kantonalbank (Zurich Cantonalbank),52980312
31-DEC-2024,"Zullo Investment Group, Inc.",988975
31-DEC-2024,"Zions Bancorporation, N.A.",179060
31-DEC-2024,Zhang Financial LLC,771211
31-DEC-2024,ZEVENBERGEN CAPITAL INVESTMENTS LLC,182341276
31-DEC-2024,ZACKS INVESTMENT MANAGEMENT,288736
31-DEC-2024,"Your Advocates Ltd., LLP",42532
31-DEC-2024,"Yarbrough Capital, LLC",10365048
31-DEC-2024,"Callan Capital, LLC",509640
31-DEC-2024,"Worth Asset Management, LLC",270823
31-DEC-2024,"YARGER WEALTH STRATEGIES, LLC",312821
31-DEC-2024,YANKCOM Partnership,962924
31-DEC-2024,Y-Intercept (Hong Kong) Ltd,3512505
31-DEC-2024,"Xcel Wealth Management, LLC",818316
31-DEC-2024,"X-Square Capital, LLC",937
31-DEC-2024,"YHB Investment Advisors, Inc.",290919
31-DEC-2024,World Investment Advisors,2398700
30-SEP-2024,"PFG Investments, LLC",899095
30-SEP-2024,PIN OAK INVESTMENT ADVISORS INC,94
30-SEP-2024,PIER 88 INVESTMENT PARTNERS LLC,2254175
30-SEP-2024,"PFS Partners, LLC",122374
30-SEP-2024,"PFG Private Wealth Management, LLC",561
30-SEP-2024,Pachira Investments Inc.,430753
30-SEP-2024,PFG Advisors,342118
30-SEP-2024,PERKINS CAPITAL MANAGEMENT INC,240420
30-SEP-2024,"PINEBRIDGE INVESTMENTS, L.P.",423865
30-SEP-2024,"PDS Planning, Inc",702988
30-SEP-2024,PCJ Investment Counsel Ltd.,5208372
30-SEP-2024,PBMares Wealth Management LLC,12513
30-SEP-2024,PARSONS CAPITAL MANAGEMENT INC/RI,314550
30-SEP-2024,"PDT Partners, LLC",3269712
30-SEP-2024,POLEN CAPITAL MANAGEMENT LLC,3040165000
30-SEP-2024,PINNACLE ASSOCIATES LTD,273741
30-SEP-2024,PITTENGER & ANDERSON INC,3062551
30-SEP-2024,"POM Investment Strategies, LLC",110593
30-SEP-2024,PRICE T ROWE ASSOCIATES INC /MD/,3482298
30-SEP-2024,"PRINCIPAL SECURITIES, INC.",865191
30-SEP-2024,"Pacific Capital Wealth Advisors, Inc.",110513
30-SEP-2024,PRIO WEALTH LIMITED PARTNERSHIP,501276
30-SEP-2024,PRIVATE MANAGEMENT GROUP INC,8237993
30-SEP-2024,PARK CIRCLE Co,52091
30-SEP-2024,"PROSPERA PRIVATE WEALTH, LLC",97851
30-SEP-2024,"PSI Advisors, LLC",364157
30-SEP-2024,PUBLIC EMPLOYEES RETIREMENT SYSTEM OF OHIO,33676051
30-SEP-2024,PUBLIC INVESTMENT FUND,100175000
30-SEP-2024,"Pacer Advisors, Inc.",824320
30-SEP-2024,PROFFITT & GOODSON INC,1443
30-SEP-2024,"One Wealth Management Investment & Advisory Services, LLC",417529
30-SEP-2024,PARK AVENUE SECURITIES LLC,2306
30-SEP-2024,PAR CAPITAL MANAGEMENT INC,400700
30-SEP-2024,Pacific Center for Financial Services,1443
30-SEP-2024,Northwest & Ethical Investments L.P.,27463548
30-SEP-2024,"O'Dell Group, LLC",703069
30-SEP-2024,"O'SHAUGHNESSY ASSET MANAGEMENT, LLC",10144328
30-SEP-2024,"OARSMAN CAPITAL, INC.",51209
30-SEP-2024,"OBERMEYER WOOD INVESTMENT COUNSEL, LLLP",395090
30-SEP-2024,OBERNDORF WILLIAM E,4760316
30-SEP-2024,ODDO BHF ASSET MANAGEMENT SAS,9022011
30-SEP-2024,OLD POINT TRUST & FINANCIAL SERVICES N A,40070
30-SEP-2024,OLIVER LAGORE VANVALIN INVESTMENT GROUP,32056
30-SEP-2024,OPTIMUM INVESTMENT ADVISORS,317354
30-SEP-2024,ORG Partners LLC,1053557
30-SEP-2024,"ORG Wealth Partners, LLC",469762
30-SEP-2024,"OSAIC HOLDINGS, INC.",2585917
30-SEP-2024,OVERSEA-CHINESE BANKING Corp Ltd,514216
30-SEP-2024,"OXFORD FINANCIAL GROUP, LTD. LLC",371850
30-SEP-2024,"Objectivity Squared, LLC",404057
30-SEP-2024,"Occidental Asset Management, LLC",234730
30-SEP-2024,"Octavia Wealth Advisors, LLC",446139
30-SEP-2024,"Oder Investment Management, LLC",1168682
30-SEP-2024,"One River Asset Management, LLC",1051839
30-SEP-2024,OneDigital Investment Advisors LLC,1552312
30-SEP-2024,Onex Canada Asset Management Inc.,8627064
30-SEP-2024,Orion Investment Co,3009578
30-SEP-2024,"Orion Portfolio Solutions, LLC",8149497
30-SEP-2024,Oxinas Partners Wealth Management LLC,251079
30-SEP-2024,"PACES FERRY WEALTH ADVISORS, LLC",267107
30-SEP-2024,OPPENHEIMER & CO INC,2693425
30-SEP-2024,RAYMOND JAMES TRUST N.A.,1988513
30-SEP-2024,Pallas Capital Advisors LLC,1237290
30-SEP-2024,REGIONS FINANCIAL CORP,285218
30-SEP-2024,Prospera Financial Services Inc,1682179
30-SEP-2024,"Prosperity Wealth Management, Inc.",1513043
30-SEP-2024,"QRG CAPITAL MANAGEMENT, INC.",227357
30-SEP-2024,QUADRANT CAPITAL GROUP LLC,625173
30-SEP-2024,Qtron Investments LLC,1006305
30-SEP-2024,"Quadcap Wealth Management, LLC",849004
30-SEP-2024,Quaero Capital S.A.,1442310
30-SEP-2024,Quantinno Capital Management LP,3121533
30-SEP-2024,Qube Research & Technologies Ltd,881540
30-SEP-2024,Quintet Private Bank (Europe) S.A.,176308
30-SEP-2024,RAYMOND JAMES & ASSOCIATES,128268747
30-SEP-2024,"REAP Financial Group, LLC",2404
30-SEP-2024,"REGATTA CAPITAL GROUP, LLC",452198
30-SEP-2024,RESTON WEALTH MANAGEMENT LLC,127984
30-SEP-2024,"Parallax Volatility Advisers, L.P.",34027524
30-SEP-2024,"RFG Advisory, LLC",648974
30-SEP-2024,RHUMBLINE ADVISERS,351808
30-SEP-2024,RICHARDSON FINANCIAL SERVICES INC.,2778
30-SEP-2024,RITHOLTZ WEALTH MANAGEMENT,2160174
30-SEP-2024,RIVERPARK CAPITAL MANAGEMENT LLC,1881527
30-SEP-2024,RMR Wealth Builders,844756
30-SEP-2024,"ROCKY MOUNTAIN ADVISERS, LLC",11220
30-SEP-2024,ROMAN BUTLER FULLERTON & CO,213510
30-SEP-2024,ROTHSCHILD INVESTMENT LLC,2645
30-SEP-2024,ROYAL LONDON ASSET MANAGEMENT LTD,26436743
30-SEP-2024,Raleigh Capital Management Inc.,41673
30-SEP-2024,"Ramirez Asset Management, Inc.",112196
30-SEP-2024,"NorthCrest Asset Manangement, LLC",7443877
30-SEP-2024,Prospect Financial Services LLC,287783
30-SEP-2024,"Procyon Advisors, LLC",5468786
30-SEP-2024,Privium Fund Management B.V.,33090700
30-SEP-2024,"Private Wealth Partners, LLC",1597992
30-SEP-2024,"Parallel Advisors, LLC",2080284
30-SEP-2024,Parkside Financial Bank & Trust,8656
30-SEP-2024,Parkwood LLC,8740
30-SEP-2024,"Pathstone Holdings, LLC",2279173
30-SEP-2024,"Pembroke Management, LTD",532324
30-SEP-2024,"Perennial Investment Advisors, LLC",911676
30-SEP-2024,"Perigon Wealth Management, LLC",584733
30-SEP-2024,Periscope Capital Inc. ,1525364
30-SEP-2024,Perpetual Ltd,1667874
30-SEP-2024,Pictet Asset Management Holding SA,169592706
30-SEP-2024,Pine Valley Investments Ltd Liability Co,458562
30-SEP-2024,Pingora Partners LLC,20035
30-SEP-2024,"Pinnacle Wealth Planning Services, Inc.",287622
30-SEP-2024,"Plancorp, LLC",456157
30-SEP-2024,Planning Capital Management Corp,137040
30-SEP-2024,"Plante Moran Financial Advisors, LLC",96649
30-SEP-2024,Platform Technology Partners,393007
30-SEP-2024,Plato Investment Management Ltd,2365592
30-SEP-2024,"Portside Wealth Group, LLC",3041714
30-SEP-2024,"Powell Investment Advisors, LLC",291309
30-SEP-2024,"Prairie Wealth Advisors, Inc.",3262099
30-SEP-2024,"PrairieView Partners, LLC",16
30-SEP-2024,Prestige Wealth Management Group LLC,2405
30-SEP-2024,"Prime Capital Investment Advisors, LLC",1106012
30-SEP-2024,"Private Advisor Group, LLC",4587534
30-SEP-2024,Private Portfolio Partners LLC,640799
30-SEP-2024,"Private Wealth Management Group, LLC",41513
30-SEP-2024,"NorthRock Partners, LLC",213363
30-SEP-2024,MARSICO CAPITAL MANAGEMENT LLC,9458283
30-SEP-2024,North Star Investment Management Corp.,44077
30-SEP-2024,"MISSION WEALTH MANAGEMENT, LP",447208
30-SEP-2024,MASSACHUSETTS FINANCIAL SERVICES CO /MA/,146335961
30-SEP-2024,MASSMUTUAL TRUST CO FSB/ADV,158918
30-SEP-2024,"MATHER GROUP, LLC.",17390
30-SEP-2024,"MBL Wealth, LLC",207243
30-SEP-2024,MCF Advisors LLC,147458
30-SEP-2024,MCIA Inc,224375
30-SEP-2024,"MEAG MUNICH ERGO, Kapitalanlagegesellschaft mbH",113165
30-SEP-2024,"MEANS INVESTMENT CO., INC.",1135991
30-SEP-2024,MERCER GLOBAL ADVISORS INC /ADV,3780505
30-SEP-2024,"MFA WEALTH ADVISORS, LLC",16028
30-SEP-2024,MGO ONE SEVEN LLC,1320948
30-SEP-2024,MILLENNIUM MANAGEMENT LLC,61961924
30-SEP-2024,"MINDSET WEALTH MANAGEMENT, LLC",200350
30-SEP-2024,MMBG INVESTMENT ADVISORS CO.,9002126
30-SEP-2024,"MARK SHEPTOFF FINANCIAL PLANNING, LLC",16028
30-SEP-2024,"MONECO Advisors, LLC",556813
30-SEP-2024,MONETA GROUP INVESTMENT ADVISORS LLC,327506
30-SEP-2024,MONTAG A & ASSOCIATES INC,1431541
30-SEP-2024,MONTGOMERY INVESTMENT MANAGEMENT INC,384672
30-SEP-2024,MONTRUSCO BOLTON INVESTMENTS INC.,2816001
30-SEP-2024,"MOORE CAPITAL MANAGEMENT, LP",707716
30-SEP-2024,MOSELEY INVESTMENT MANAGEMENT INC,479558
30-SEP-2024,MOTCO,2004
30-SEP-2024,"MSA Advisors, LLC",1562730
30-SEP-2024,"MUFG SECURITIES (CANADA), LTD.",86185479
30-SEP-2024,MUFG Securities EMEA plc,92173072
30-SEP-2024,MWA Asset Management,926661
30-SEP-2024,Magellan Asset Management Ltd,288504
30-SEP-2024,"Raymond James Financial Services Advisors, Inc.",35931330
30-SEP-2024,MANCHESTER FINANCIAL INC,217420
30-SEP-2024,"Nilsine Partners, LLC",1104489
30-SEP-2024,"Left Brain Wealth Management, LLC",2078271
30-SEP-2024,LPL Financial LLC,78596043
30-SEP-2024,"LRI Investments, LLC",88332
30-SEP-2024,"LVW Advisors, LLC",252201
30-SEP-2024,"LYELL WEALTH MANAGEMENT, LP",12596726
30-SEP-2024,"Laird Norton Wetherby Wealth Management, LLC",1960626
30-SEP-2024,Lakeridge Wealth Management LLC,525646
30-SEP-2024,"Lantern Wealth Advisors, LLC",556973
30-SEP-2024,Lantz Financial LLC,212531
30-SEP-2024,Larson Financial Group LLC,70850
30-SEP-2024,"Latitude Advisors, LLC",298728
30-SEP-2024,Laurel Wealth Advisors LLC,20837
30-SEP-2024,Laurion Capital Management LP,4333010
30-SEP-2024,"Leeward Financial Partners, LLC",242664
30-SEP-2024,"Legacy Bridge, LLC",7854
30-SEP-2024,MAI Capital Management,928823
30-SEP-2024,"Legacy Capital Wealth Partners, LLC",260295
30-SEP-2024,"Legacy Financial Advisors, Inc.",837543
30-SEP-2024,"Legacy Wealth Asset Management, LLC",651298
30-SEP-2024,"Legal Advantage Investments, Inc.",1964231
30-SEP-2024,"LexAurum Advisors, LLC",522914
30-SEP-2024,"Lido Advisors, LLC",1895147
30-SEP-2024,LifePro Asset Management,3070644
30-SEP-2024,"Lindbrook Capital, LLC",586173
30-SEP-2024,Liontrust Investment Partners LLP,9056540
30-SEP-2024,"Long Focus Capital Management, LLC",9616800
30-SEP-2024,MACKENZIE FINANCIAL CORP,593289351
30-SEP-2024,MACQUARIE GROUP LTD,87077000
30-SEP-2024,MACROVIEW INVESTMENT MANAGEMENT LLC,12582
30-SEP-2024,Magnetar Financial LLC,13481432
30-SEP-2024,"Main Street Financial Solutions, LLC",638796
30-SEP-2024,"Main Street Group, LTD",84147
30-SEP-2024,"Nadler Financial Group, Inc.",562823
30-SEP-2024,"NBC SECURITIES, INC.",705
30-SEP-2024,NEW YORK STATE COMMON RETIREMENT FUND,32124
30-SEP-2024,NEXT CENTURY GROWTH INVESTORS LLC,1345069
30-SEP-2024,"NFP Retirement, Inc.",301567
30-SEP-2024,NICHOLS & PRATT ADVISERS LLP /MA,80140
30-SEP-2024,NICOLA WEALTH MANAGEMENT LTD.,32071600
30-SEP-2024,NINE MASTS CAPITAL Ltd,835200
30-SEP-2024,NOMURA ASSET MANAGEMENT CO LTD,4440496
30-SEP-2024,NORDEN GROUP LLC,3472869
30-SEP-2024,"NORTHWEST INVESTMENT COUNSELORS, LLC",63872
30-SEP-2024,"NVWM, LLC",1463036
30-SEP-2024,NWAM LLC,332661
30-SEP-2024,"NZS Capital, LLC",46698460
30-SEP-2024,Napean Trading & Investment Co (Singapore) PTE Ltd,11404323
30-SEP-2024,"Malaga Cove Capital, LLC",1876638
30-SEP-2024,Naples Money Management LLC,14425
30-SEP-2024,"National Wealth Management Group, LLC",209566
30-SEP-2024,Nellore Capital Management LLC,3333023
30-SEP-2024,Nemes Rush Group LLC,353824
30-SEP-2024,Nepsis Inc.,25905976
30-SEP-2024,New England Capital Financial Advisors LLC,882
30-SEP-2024,New Insight Wealth Advisors,336267
30-SEP-2024,"NewEdge Advisors, LLC",3467997
30-SEP-2024,"NewEdge Wealth, LLC",2310036
30-SEP-2024,"Newbridge Financial Services Group, Inc.",480199
30-SEP-2024,Newlands Management Operations LLC,506889507
30-SEP-2024,"Nicholas Investment Partners, LP",3173110
30-SEP-2024,"Nikko Asset Management Americas, Inc.",470982139
30-SEP-2024,"NATIONS FINANCIAL GROUP INC, /IA/ /ADV",381146
30-SEP-2024,"NAPLES GLOBAL ADVISORS, LLC",308860
30-SEP-2024,"Mutual Advisors, LLC",1970516
30-SEP-2024,Murchinson Ltd.,359989
30-SEP-2024,Manchester Capital Management LLC,631504
30-SEP-2024,Marcho Partners LLP,38572424
30-SEP-2024,"Marcum Wealth, LLC",854853
30-SEP-2024,"Mariner, LLC",10818600
30-SEP-2024,"Marks Group Wealth Management, Inc",41352
30-SEP-2024,Maryland State Retirement & Pension System,9990836
30-SEP-2024,Masso Torrence Wealth Management Inc.,851488
30-SEP-2024,"Mayflower Financial Advisors, LLC",698981
30-SEP-2024,"McClarren Financial Advisors, Inc.",56
30-SEP-2024,"McIlrath & Eck, LLC",140245
30-SEP-2024,Mediolanum International Funds Ltd,991890
30-SEP-2024,Melqart Asset Management (UK) Ltd,8354194
30-SEP-2024,Menard Financial Group LLC,868557
30-SEP-2024,"Mendota Financial Group, LLC",2565
30-SEP-2024,"Meridian Wealth Management, LLC",9278689
30-SEP-2024,"Merit Financial Group, LLC",851888
30-SEP-2024,"Merriman Wealth Management, LLC",1333906
30-SEP-2024,"Metis Global Partners, LLC",4117772
30-SEP-2024,"Midwest Professional Planners, LTD.",526520
30-SEP-2024,"Miracle Mile Advisors, LLC",311759
30-SEP-2024,"Mirae Asset Global Investments Co., Ltd.",15079287
30-SEP-2024,Missouri Trust & Investment Co,4007
30-SEP-2024,Mitsubishi UFJ Trust & Banking Corp,72065815
30-SEP-2024,Mn Services Vermogensbeheer B.V.,37265
30-SEP-2024,"Moloney Securities Asset Management, LLC",3454034
30-SEP-2024,"Moors & Cabot, Inc.",527481
30-SEP-2024,"Moser Wealth Advisors, LLC",755239
30-SEP-2024,Rathbones Group PLC,89131903
30-SEP-2024,"Sterling Investment Advisors, Ltd.",2796565
30-SEP-2024,Realta Investment Advisors,478984
30-SEP-2024,"Valeo Financial Advisors, LLC",1385529
30-SEP-2024,UBS Group AG,5294
30-SEP-2024,"UMB Bank, n.a.",322083
30-SEP-2024,USS Investment Management Ltd,14766487
30-SEP-2024,UniSuper Management Pty Ltd,3659002
30-SEP-2024,"United Advisor Group, LLC",3213213
30-SEP-2024,Utah Retirement Systems,10830348
30-SEP-2024,V2 Financial group LLC,2103835
30-SEP-2024,VALLEY NATIONAL ADVISERS INC,3
30-SEP-2024,"VALLEY WEALTH MANAGERS, INC.",172301
30-SEP-2024,"VANCE WEALTH, INC.",316792
30-SEP-2024,VANGUARD GROUP INC,2440625788
30-SEP-2024,"VERUS CAPITAL PARTNERS, LLC",219104
30-SEP-2024,"VIAWEALTH, LLC",709159
30-SEP-2024,"Valmark Advisers, Inc.",870881
30-SEP-2024,Tyler-Stone Wealth Management,634716
30-SEP-2024,"Van Hulzen Asset Management, LLC",255
30-SEP-2024,"Vanguard Personalized Indexing Management, LLC",2808506
30-SEP-2024,Varma Mutual Pension Insurance Co,18194981
30-SEP-2024,Venture Visionary Partners LLC,5370671
30-SEP-2024,"Venturi Wealth Management, LLC",396693
30-SEP-2024,Verdence Capital Advisors LLC,2550295
30-SEP-2024,Verition Fund Management LLC,61035375
30-SEP-2024,"Vestmark Advisory Solutions, Inc.",7825110
30-SEP-2024,"Vident Advisory, LLC",288373
30-SEP-2024,"Vise Technologies, Inc.",1333449
30-SEP-2024,"VitalStone Financial, LLC",2404
30-SEP-2024,"WASHBURN CAPITAL MANAGEMENT, INC.",207162
30-SEP-2024,WASHINGTON GROWTH STRATEGIES LLC,200
30-SEP-2024,"UBS AM, a distinct business unit of UBS ASSET MANAGEMENT AMERICAS LLC",16079370
30-SEP-2024,"Twin Tree Management, LP",181685393
30-SEP-2024,"Rede Wealth, LLC",430111
30-SEP-2024,"Tidemark, LLC",200510
30-SEP-2024,TOWNSQUARE CAPITAL LLC,25816460
30-SEP-2024,"TRANSCEND CAPITAL ADVISORS, LLC",213974
30-SEP-2024,"TRU INDEPENDENCE ASSET MANAGEMENT 2, LLC",320560
30-SEP-2024,"TRUEFG, LLC",201151
30-SEP-2024,TRUST CO OF VERMONT,81262
30-SEP-2024,"TSFG, LLC",156
30-SEP-2024,TUCKER ASSET MANAGEMENT LLC,26206
30-SEP-2024,TWINBEECH CAPITAL LP,738330
30-SEP-2024,"TWO SIGMA INVESTMENTS, LP",13281434
30-SEP-2024,"TWO SIGMA SECURITIES, LLC",9027771
30-SEP-2024,Texas Yale Capital Corp.,9515263
30-SEP-2024,Thrivent Financial for Lutherans,5014
30-SEP-2024,Tidal Investments LLC,559377
30-SEP-2024,"Tortoise Investment Management, LLC",112356
30-SEP-2024,"Twin Peaks Wealth Advisors, LLC",343159
30-SEP-2024,"Total Clarity Wealth Management, Inc.",360069
30-SEP-2024,Tower View Wealth Management LLC,4007
30-SEP-2024,"Tradewinds Capital Management, LLC",11220
30-SEP-2024,"Tradition Wealth Management, LLC",253964
30-SEP-2024,"Traynor Capital Management, Inc.",493172
30-SEP-2024,"Trifecta Capital Advisors, LLC",24042
30-SEP-2024,Trium Capital LLP,2954
30-SEP-2024,Triumph Capital Management,795390
30-SEP-2024,"True Wealth Design, LLC",1122
30-SEP-2024,"Trueblood Wealth Management, LLC",267107
30-SEP-2024,Trust Co,3125
30-SEP-2024,Truvestments Capital LLC,45439
30-SEP-2024,"Twin Lakes Capital Management, LLC",12021
30-SEP-2024,WASHINGTON TRUST Co,4007
30-SEP-2024,WATERSHED PRIVATE WEALTH LLC,1056886
30-SEP-2024,WEALTH EFFECTS LLC,206361
30-SEP-2024,"World Investment Advisors, LLC ",1021865
30-SEP-2024,Weaver Capital Management LLC,4021907
30-SEP-2024,Wedmont Private Capital,269021
30-SEP-2024,"Weinberger Asset Management, Inc",1604403
30-SEP-2024,"Wellington Shields & Co., LLC",1729662
30-SEP-2024,"Wellington Shields Capital Management, LLC",921610
30-SEP-2024,"West Family Investments, Inc.",488614
30-SEP-2024,"Westmount Partners, LLC",401662
30-SEP-2024,"Westside Investment Management, Inc.",3187203
30-SEP-2024,"Williams Jones Wealth Management, LLC.",706675
30-SEP-2024,"Willis Johnson & Associates, Inc.",223831
30-SEP-2024,"Wilmington Savings Fund Society, FSB",24843
30-SEP-2024,Winthrop Advisory Group LLC,426746
30-SEP-2024,"World Investment Advisors, LLC",1021865
30-SEP-2024,"Worth Asset Management, LLC",263421
30-SEP-2024,"WEALTH ENHANCEMENT ADVISORY SERVICES, LLC",12600802
30-SEP-2024,"X-Square Capital, LLC",728
30-SEP-2024,"Xcel Wealth Management, LLC",616757
30-SEP-2024,"YHB Investment Advisors, Inc.",219263
30-SEP-2024,"YOUSIF CAPITAL MANAGEMENT, LLC",1542214
30-SEP-2024,"Yarbrough Capital, LLC",7812047
30-SEP-2024,"Your Advocates Ltd., LLP",32056
30-SEP-2024,ZACKS INVESTMENT MANAGEMENT,240563
30-SEP-2024,ZEVENBERGEN CAPITAL INVESTMENTS LLC,147535015
30-SEP-2024,Zhang Financial LLC,558656
30-SEP-2024,"Zions Bancorporation, N.A.",203315
30-SEP-2024,"Zullo Investment Group, Inc.",740814
30-SEP-2024,Zurcher Kantonalbank (Zurich Cantonalbank),70583306
30-SEP-2024,Zweig-DiMenna Associates LLC,593036
30-SEP-2024,"Wealthspire Advisors, LLC",1132539
30-SEP-2024,Wealthfront Advisers LLC,1154737
30-SEP-2024,Wealthcare Advisory Partners LLC,342198
30-SEP-2024,"WealthCollab, LLC",11220
30-SEP-2024,WEALTHGARDEN F.S. LLC,332661
30-SEP-2024,WEDBUSH SECURITIES INC,2008
30-SEP-2024,WELCH & FORBES LLC,9920558
30-SEP-2024,WESBANCO BANK INC,4759512
30-SEP-2024,WEST PACES ADVISORS INC.,8014
30-SEP-2024,WHITTIER TRUST CO,405454
30-SEP-2024,WHITTIER TRUST CO OF NEVADA INC,185657
30-SEP-2024,"WILLIAM BLAIR INVESTMENT MANAGEMENT, LLC",144534173
30-SEP-2024,WINTON GROUP Ltd,1457266
30-SEP-2024,"WMS Partners, LLC",469300
30-SEP-2024,WOLFF WIESE MAGANA LLC,238337
30-SEP-2024,WOODARD & CO ASSET MANAGEMENT GROUP INC /ADV,645127
30-SEP-2024,WOODSTOCK CORP,944851
30-SEP-2024,"WOODWARD DIVERSIFIED CAPITAL, LLC",1327920
30-SEP-2024,"WORLD EQUITY GROUP, INC.",351334
30-SEP-2024,"WR Wealth Planners, LLC",9937
30-SEP-2024,WRAPMANAGER INC,1087820
30-SEP-2024,Wahed Invest LLC,3417216
30-SEP-2024,Waldron Private Wealth LLC,173423
30-SEP-2024,"Wallace Advisory Group, LLC",167503
30-SEP-2024,Walleye Capital LLC,96627651
30-SEP-2024,Walleye Trading LLC,134075102
30-SEP-2024,"Watts Gwilliam & Co., LLC",723401
30-SEP-2024,"Waverly Advisors, LLC",246831
30-SEP-2024,"Wealth Alliance Advisory Group, LLC",250838
30-SEP-2024,"Wealth Architects, LLC",370133
30-SEP-2024,"Wealth Management Partners, LLC",853812
30-SEP-2024,TOTH FINANCIAL ADVISORY CORP,491659
30-SEP-2024,TORONTO DOMINION BANK,341707820
30-SEP-2024,"TORNO CAPITAL, LLC",6010500
30-SEP-2024,STATE OF MICHIGAN RETIREMENT SYSTEM,12822400
30-SEP-2024,SHELL ASSET MANAGEMENT CO,1537
30-SEP-2024,"SIGNATUREFD, LLC",4206455
30-SEP-2024,SILVERCREST ASSET MANAGEMENT GROUP LLC,6457120
30-SEP-2024,"SIMPLEX TRADING, LLC",205523
30-SEP-2024,"SITTNER & NELSON, LLC",63631
30-SEP-2024,SJS Investment Consulting Inc.,28049
30-SEP-2024,SOMA EQUITY PARTNERS LP,91745073
30-SEP-2024,SONA ASSET MANAGEMENT (US) LLC,42872191
30-SEP-2024,SP Asset Management LLC,200350
30-SEP-2024,SPINNAKER TRUST,227357
30-SEP-2024,"SRS Capital Advisors, Inc.",259094
30-SEP-2024,"SRS Investment Management, LLC",325849
30-SEP-2024,ST GERMAIN D J CO INC,801
30-SEP-2024,"STRATEGIC PLANNING GROUP, LLC",4780710
30-SEP-2024,"SeaCrest Wealth Management, LLC",418972
30-SEP-2024,SUMITOMO LIFE INSURANCE CO,1050796
30-SEP-2024,SWAN Capital LLC,50488
30-SEP-2024,SWS Partners,1961186
30-SEP-2024,SYON CAPITAL LLC,520429
30-SEP-2024,"Sachetta, LLC",13785
30-SEP-2024,"Salomon & Ludwin, LLC",1282
30-SEP-2024,"Salvus Wealth Management, LLC",512896
30-SEP-2024,"Sanctuary Advisors, LLC",16175283
30-SEP-2024,"Sand Hill Global Advisors, LLC",393808
30-SEP-2024,Sandy Spring Bank,495747
30-SEP-2024,"Savant Capital, LLC",1181745
30-SEP-2024,"Schechter Investment Advisors, LLC",3206
30-SEP-2024,Schonfeld Strategic Advisors LLC,264462
30-SEP-2024,"SG Americas Securities, LLC",2296
30-SEP-2024,SEVEN MILE ADVISORY,397014
30-SEP-2024,SEI INVESTMENTS CO,242164344
30-SEP-2024,SCHWARTZ INVESTMENT COUNSEL INC,641120
30-SEP-2024,"Redhawk Wealth Advisors, Inc.",260535
30-SEP-2024,Redwood Financial Network Corp,398620
30-SEP-2024,Regal Investment Advisors LLC,588856
30-SEP-2024,Resolute Advisors LLC,3392326
30-SEP-2024,"Resolute Wealth Strategies, LLC",2654638
30-SEP-2024,"Resonant Capital Advisors, LLC",280971
30-SEP-2024,"Revolve Wealth Partners, LLC",1390189
30-SEP-2024,Ridgewood Investments LLC,281131
30-SEP-2024,"Rise Advisors, LLC",124618
30-SEP-2024,River Street Advisors LLC,659713
30-SEP-2024,"RiverPark Advisors, LLC",2699356
30-SEP-2024,"Roberts Capital Advisors, LLC",675019
30-SEP-2024,"Robertson Stephens Wealth Management, LLC",917683
30-SEP-2024,"Roble, Belko & Company, Inc",2
30-SEP-2024,"Root Financial Partners, LLC",300285
30-SEP-2024,Rosenberg Matthew Hamilton,36464
30-SEP-2024,"Round Rock Advisors, LLC",310943
30-SEP-2024,Roundview Capital LLC,934353
30-SEP-2024,Royal Bank of Canada,14834000
30-SEP-2024,"Russell Investments Group, Ltd.",4905810
30-SEP-2024,S.A. Mason LLC,45680
30-SEP-2024,SALEM INVESTMENT COUNSELORS INC,48084
30-SEP-2024,SANDLER CAPITAL MANAGEMENT,5555786
30-SEP-2024,"SANDS CAPITAL MANAGEMENT, LLC",1215867812
30-SEP-2024,"SAX WEALTH ADVISORS, LLC",218622
30-SEP-2024,"SCGE MANAGEMENT, L.P.",123255320
30-SEP-2024,SCHAPER BENZ & WISE INVESTMENT COUNSEL INC/WI,207563
30-SEP-2024,"Sculati Wealth Management, LLC",594632
30-SEP-2024,"Seaport Global Advisors, LLC",1095674
30-SEP-2024,TOCQUEVILLE ASSET MANAGEMENT L.P.,10574633
30-SEP-2024,Swiss National Bank,293507095
30-SEP-2024,"StoneCrest Wealth Management, Inc.",805487
30-SEP-2024,"Stonegate Investment Group, LLC",410000
30-SEP-2024,Strategic Advisors LLC,1433705
30-SEP-2024,"Strategic Blueprint, LLC",505412
30-SEP-2024,"Strategic Financial Concepts, LLC",222228
30-SEP-2024,Strategy Capital LLC,304831884
30-SEP-2024,"Stratos Wealth Partners, LTD.",2134288
30-SEP-2024,"Strengthening Families & Communities, LLC",319037
30-SEP-2024,"Stuart Chaussee & Associates, Inc.",9617
30-SEP-2024,"Sugarloaf Wealth Management, LLC",89757
30-SEP-2024,"Sumitomo Mitsui DS Asset Management Company, Ltd",1288571
30-SEP-2024,"Sunbelt Securities, Inc.",1162364
30-SEP-2024,"Sustainable Growth Advisers, LP",12329459
30-SEP-2024,"Synergy Financial Group, LTD",5171594
30-SEP-2024,"Secure Asset Management, LLC",330221
30-SEP-2024,"TBH Global Asset Management, LLC",497049
30-SEP-2024,"TCFG WEALTH MANAGEMENT, LLC",287302
30-SEP-2024,TD Asset Management Inc,697220173
30-SEP-2024,TEACHERS RETIREMENT SYSTEM OF THE STATE OF KENTUCKY,27409
30-SEP-2024,TECTONIC ADVISORS LLC,1048311
30-SEP-2024,"TENOR CAPITAL MANAGEMENT Co., L.P.",16902568
30-SEP-2024,"TFC Financial Management, Inc.",655626
30-SEP-2024,"THOMPSON INVESTMENT MANAGEMENT, INC.",3206
30-SEP-2024,THORNBURG INVESTMENT MANAGEMENT INC,39428239
30-SEP-2024,"THOROUGHBRED FINANCIAL SERVICES, LLC",8902
30-SEP-2024,"THURSTON, SPRINGER, MILLER, HERD & TITAK, INC.",47362
30-SEP-2024,"TITLEIST ASSET MANAGEMENT, LLC",1629967
30-SEP-2024,TOBAM,325
30-SEP-2024,"Stone House Investment Management, LLC",17711
30-SEP-2024,"Steward Partners Investment Advisory, LLC",2565041
30-SEP-2024,Sterling Capital Management LLC,6864873
30-SEP-2024,"Stephens Consulting, LLC",18994
30-SEP-2024,"Select Equity Group, L.P.",226965937
30-SEP-2024,Semmax Financial Advisors Inc.,6754
30-SEP-2024,"Sepio Capital, LP",3412842
30-SEP-2024,"Sequoia Financial Advisors, LLC",1459110
30-SEP-2024,"Sheaff Brock Investment Advisors, LLC",453192
30-SEP-2024,Sigma Planning Corp,1277312
30-SEP-2024,"Signal Advisors Wealth, LLC",1335453
30-SEP-2024,Silicon Valley Capital Partners,12021
30-SEP-2024,"Simplicity Wealth,LLC",613792
30-SEP-2024,"Sivia Capital Partners, LLC",628778
30-SEP-2024,"SlateStone Wealth, LLC",523
30-SEP-2024,Smartleaf Asset Management LLC,36911
30-SEP-2024,Smithfield Trust Co,2
30-SEP-2024,Snowden Capital Advisors LLC,2720913
30-SEP-2024,Soltis Investment Advisors LLC,450874
30-SEP-2024,"Sonora Investment Management Group, LLC",249797
30-SEP-2024,Souders Financial Advisors,928101
30-SEP-2024,"Sound Income Strategies, LLC",8655
30-SEP-2024,"Sound View Wealth Advisors Group, LLC",715730
30-SEP-2024,"Soviero Asset Management, LP",3365880
30-SEP-2024,Sowell Financial Services LLC,1937000
30-SEP-2024,"SpiderRock Advisors, LLC",3544271
30-SEP-2024,Spire Wealth Management,2342990
30-SEP-2024,"State of Tennessee, Department of Treasury",57163117
30-SEP-2024,State of Wyoming,365214
30-SEP-2024,Steadview Capital Management LLC,43424180
30-SEP-2024,"SteelPeak Wealth, LLC",3383111
30-SEP-2024,"WCM INVESTMENT MANAGEMENT, LLC",11881500
30-SEP-2024,TFB Advisors LLC,289466
30-SEP-2024,"Diligent Investors, LLC",466575
30-SEP-2024,"Cravens & Co Advisors, LLC",950701
30-SEP-2024,Cornerstone Planning Group LLC,6512
30-SEP-2024,"Cornerstone Wealth Group, LLC",328449
30-SEP-2024,"Cornerstone Wealth Management, LLC",964406
30-SEP-2024,Corton Capital Inc.,60105000
30-SEP-2024,"Coston, McIsaac & Partners",49
30-SEP-2024,Counterpoint Mutual Funds LLC,214535
30-SEP-2024,"Covenant Asset Management, LLC",8583395
30-SEP-2024,Covestor Ltd,11
30-SEP-2024,Creative Planning,31247395
30-SEP-2024,Corient Private Wealth LLC,6101264
30-SEP-2024,"CreativeOne Wealth, LLC",446700
30-SEP-2024,Creekmur Asset Management LLC,804525
30-SEP-2024,"Cresset Asset Management, LLC",918725
30-SEP-2024,"Crestwood Advisors Group, LLC",4316501
30-SEP-2024,Cromwell Holdings LLC,164608
30-SEP-2024,"Crossmark Global Holdings, Inc.",3376
30-SEP-2024,Csenge Advisory Group,345385
30-SEP-2024,"Cypress Capital, LLC",801400
30-SEP-2024,"Cornerstone Capital, Inc.",30418740
30-SEP-2024,"CoreCap Advisors, LLC",140245
30-SEP-2024,"Cyrus J. Lawrence, LLC",361
30-SEP-2024,"Colony Group, LLC",13846670
30-SEP-2024,"Clay Northam Wealth Management, LLC",400219
30-SEP-2024,Clean Yield Group,29171
30-SEP-2024,"Clear Creek Financial Management, LLC",578210
30-SEP-2024,"Clearbridge Investments, LLC",437195110
30-SEP-2024,"Clearstead Advisors, LLC",1243052
30-SEP-2024,"Clearstead Trust, LLC",4969
30-SEP-2024,Colonial Trust Advisors,42875
30-SEP-2024,Colonial Trust Co / SC,21003
30-SEP-2024,Compass Wealth Management LLC,256448
30-SEP-2024,"Copperwynd Financial, LLC",1116671
30-SEP-2024,Concord Wealth Partners,29492
30-SEP-2024,"Concurrent Investment Advisors, LLC",867658
30-SEP-2024,"Confluence Wealth Services, Inc.",947255
30-SEP-2024,Congress Park Capital LLC,504882
30-SEP-2024,"Connor, Clark & Lunn Investment Management Ltd.",436408071
30-SEP-2024,"Conservest Capital Advisors, Inc.",341092
30-SEP-2024,"Continuum Advisory, LLC",27488
30-SEP-2024,Coppell Advisory Solutions LLC,64160
30-SEP-2024,"Cypress Wealth Services, LLC",1279034
30-SEP-2024,D.A. DAVIDSON & CO.,6687523
30-SEP-2024,"Boothe Investment Group, Inc.",5343
30-SEP-2024,EMC Capital Management,222
30-SEP-2024,Durable Capital Partners LP,169420288
30-SEP-2024,Dynamic Advisor Solutions LLC,703469
30-SEP-2024,Dynamic Technology Lab Private Ltd,660000
30-SEP-2024,"Dynasty Wealth Management, LLC",2439301
30-SEP-2024,EASTERN BANK,143451
30-SEP-2024,EDMOND DE ROTHSCHILD HOLDING S.A.,776642
30-SEP-2024,EFG Asset Management (North America) Corp.,3112351
30-SEP-2024,"ELEMENT POINTE ADVISORS, LLC",607061
30-SEP-2024,ENVESTNET ASSET MANAGEMENT INC,167048414
30-SEP-2024,"Douglass Winthrop Advisors, LLC",1574911
30-SEP-2024,"EP Wealth Advisors, LLC",1001429
30-SEP-2024,EQUITABLE TRUST CO,16906415
30-SEP-2024,"ESL Trust Services, LLC",2004
30-SEP-2024,EULAV Asset Management,8975680
30-SEP-2024,"EVENTIDE ASSET MANAGEMENT, LLC",1158504
30-SEP-2024,EVERGREEN CAPITAL MANAGEMENT LLC,240420
30-SEP-2024,EVERMAY WEALTH MANAGEMENT LLC,82785
30-SEP-2024,EVERPAR ADVISORS LLC,226155
30-SEP-2024,"Dunhill Financial, LLC",6411
30-SEP-2024,Dixon Mitchell Investment Counsel Inc.,16243237
30-SEP-2024,DAVENPORT & Co LLC,3175766
30-SEP-2024,DSM Capital Partners LLC,28610
30-SEP-2024,DAVIS-REA LTD.,573512
30-SEP-2024,DF DENT & CO INC,3974463
30-SEP-2024,"DGS Capital Management, LLC",283375
30-SEP-2024,DIMENSIONAL FUND ADVISORS LP,34381262
30-SEP-2024,"DIVERSIFY WEALTH MANAGEMENT, LLC",5052674
30-SEP-2024,"DLK Investment Management, LLC",242824
30-SEP-2024,"DMC Group, LLC",1140072
30-SEP-2024,"DOLIVER ADVISORS, LP",473868
30-SEP-2024,DUNCKER STREETT & CO INC,1603
30-SEP-2024,"Diversify Advisory Services, LLC",1138786
30-SEP-2024,"DZ BANK AG Deutsche Zentral Genossenschafts Bank, Frankfurt am Main",23128
30-SEP-2024,"Darwin Wealth Management, LLC",801
30-SEP-2024,Dash Acquisitions Inc.,2933021
30-SEP-2024,"Davies Financial Advisors, Inc.",203796
30-SEP-2024,"DecisionPoint Financial, LLC",60105
30-SEP-2024,DeepCurrents Investment Group LLC,12053855
30-SEP-2024,"Delta Financial Group, Inc.",223
30-SEP-2024,"Detalus Advisors, LLC",222389
30-SEP-2024,Claro Advisors LLC,1524554
30-SEP-2024,"Clarius Group, LLC",394930
30-SEP-2024,"Clarity Wealth Advisors, LLC",427547
30-SEP-2024,CIBC Private Wealth Group LLC,7072999
30-SEP-2024,CENTRAL TRUST Co,62962
30-SEP-2024,"CERTUITY, LLC",1604500
30-SEP-2024,"CGC Financial Services, LLC",4007
30-SEP-2024,CHARLES SCHWAB INVESTMENT MANAGEMENT INC,193802050
30-SEP-2024,CHILTON CAPITAL MANAGEMENT LLC,241222
30-SEP-2024,"CHOREO, LLC",2110453
30-SEP-2024,CI INVESTMENTS INC.,27219
30-SEP-2024,CIBC Asset Management Inc,383315897
30-SEP-2024,CIBC WORLD MARKET INC.,1638830
30-SEP-2024,"CEERA INVESTMENTS, LLC",342198
30-SEP-2024,CKW FINANCIAL GROUP,128
30-SEP-2024,CNB Bank,575005
30-SEP-2024,COBBLESTONE CAPITAL ADVISORS LLC /NY/,18780649
30-SEP-2024,COLDSTREAM CAPITAL MANAGEMENT INC,677682
30-SEP-2024,COMMERCE BANK,292030
30-SEP-2024,"COMMONWEALTH EQUITY SERVICES, LLC",29400
30-SEP-2024,COMMONWEALTH OF PENNSYLVANIA PUBLIC SCHOOL EMPLS RETRMT SYS,8774128
30-SEP-2024,"CONCOURSE FINANCIAL GROUP SECURITIES, INC.",593837
30-SEP-2024,"CENTAURUS FINANCIAL, INC.",104
30-SEP-2024,CAXTON ASSOCIATES LP,1402450
30-SEP-2024,Claret Asset Management Corp,1298
30-SEP-2024,"CALTON & ASSOCIATES, INC.",632582
30-SEP-2024,Breakwater Capital Group,464011
30-SEP-2024,"Bristlecone Advisors, LLC",2013758
30-SEP-2024,Brookstone Capital Management,556738
30-SEP-2024,"Bruce G. Allen Investments, LLC",4247
30-SEP-2024,"Bryn Mawr Capital Management, LLC",1067064
30-SEP-2024,C M BIDWELL & ASSOCIATES LTD,6411
30-SEP-2024,"C2P Capital Advisory Group, LLC d.b.a. Prosperity Capital Advisors",222549
30-SEP-2024,CAISSE DE DEPOT ET PLACEMENT DU QUEBEC,125107979
30-SEP-2024,CAMDEN ASSET MANAGEMENT L P /CA,102422513
30-SEP-2024,CAROLINAS WEALTH CONSULTING LLC,52412
30-SEP-2024,CANADA LIFE ASSURANCE Co,76434
30-SEP-2024,CANADA PENSION PLAN INVESTMENT BOARD,320637722
30-SEP-2024,CANANDAIGUA NATIONAL BANK & TRUST CO,1164114
30-SEP-2024,"CAP Partners, LLC",1388426
30-SEP-2024,CAPITAL ADVISORS INC/OK,732720
30-SEP-2024,CAPITAL FUND MANAGEMENT S.A.,85293002
30-SEP-2024,CAPTRUST FINANCIAL ADVISORS,2331473
30-SEP-2024,"CARDIFF PARK ADVISORS, LLC",787215
30-SEP-2024,CONFLUENCE INVESTMENT MANAGEMENT LLC,650737
30-SEP-2024,"CONWAY CAPITAL MANAGEMENT, INC.",863589
30-SEP-2024,"CORNERSTONE ENTERPRISES, LLC",448864
30-SEP-2024,Centurion Wealth Management LLC,519388
30-SEP-2024,"Carolina Wealth Advisors, LLC",5530
30-SEP-2024,"CarsonAllaria Wealth Management, Ltd.",7613
30-SEP-2024,Cassaday & Co Wealth Management LLC,274480
30-SEP-2024,"Castleview Partners, LLC",845024
30-SEP-2024,"Catalytic Wealth RIA, LLC",417690
30-SEP-2024,"Center for Financial Planning, Inc.",401
30-SEP-2024,"CenterStar Asset Management, LLC",1399311
30-SEP-2024,"Centiva Capital, LP",4843822
30-SEP-2024,Cerity Partners LLC,6891484
30-SEP-2024,"CORRADO ADVISORS, LLC",1089504
30-SEP-2024,Cetera Investment Advisers,19978581
30-SEP-2024,"Checchi Capital Advisers, LLC",382669
30-SEP-2024,"Cherry Creek Investment Advisors, Inc.",858941
30-SEP-2024,Chicago Partners Investment Group LLC,1894554
30-SEP-2024,"China Universal Asset Management Co., Ltd.",2668662
30-SEP-2024,"Circle Wealth Management, LLC",2657683
30-SEP-2024,City State Bank,16028
30-SEP-2024,Clare Market Investments LLC,846839
30-SEP-2024,Carnegie Investment Counsel,8439980
30-SEP-2024,"Carmichael Hill & Associates, Inc.",109151
30-SEP-2024,"Capstone Triton Financial Group, LLC",1419600
30-SEP-2024,"Caprock Group, LLC",1222032
30-SEP-2024,"CRA Financial Services, LLC",217981
30-SEP-2024,CSS LLC/IL,7652776
30-SEP-2024,CTC LLC,74754592
30-SEP-2024,"CVA Family Office, LLC",108510
30-SEP-2024,"CWA Asset Management Group, LLC",331299
30-SEP-2024,"CWM, LLC",1130
30-SEP-2024,"Caitlin John, LLC",30959
30-SEP-2024,Calamos Advisors LLC,18704760
30-SEP-2024,Calamos Wealth Management LLC,981875
30-SEP-2024,"Callan Capital, LLC",419533
30-SEP-2024,"Cambridge Investment Research Advisors, Inc.",18759
30-SEP-2024,Candriam S.C.A.,8194251
30-SEP-2024,"Canvas Wealth Advisors, LLC",789539
30-SEP-2024,"Cape Investment Advisory, Inc.",13864
30-SEP-2024,Capital Asset Advisory Services LLC,410505
30-SEP-2024,"Capital Investment Advisors, LLC",334749
30-SEP-2024,"Capital Investment Advisory Services, LLC",370006
30-SEP-2024,"EVOKE WEALTH, LLC",515380
30-SEP-2024,"EWA, LLC",290807
30-SEP-2024,"EXCHANGE TRADED CONCEPTS, LLC",2784865
30-SEP-2024,"Global Wealth Management Investment Advisory, Inc.",1955256
30-SEP-2024,Gilliland Jeter Wealth Management LLC,647940
30-SEP-2024,Gladstone Institutional Advisory LLC,718135
30-SEP-2024,"Gleason Group, Inc.",124217
30-SEP-2024,"Glen Eagle Advisors, LLC",9777
30-SEP-2024,Glenview Trust co,283455
30-SEP-2024,"Global Financial Private Client, LLC",269912
30-SEP-2024,"Global Retirement Partners, LLC",853571
30-SEP-2024,"Global Trust Asset Management, LLC",56899
30-SEP-2024,Global Wealth Strategies & Associates,6411
30-SEP-2024,Gifford Fong Associates,5610
30-SEP-2024,GoalVest Advisory LLC,27809
30-SEP-2024,"Good Life Advisors, LLC",1689034
30-SEP-2024,Gordian Capital Singapore Pte Ltd,801
30-SEP-2024,"Gotham Asset Management, LLC",290748
30-SEP-2024,"Gould Capital, LLC",10018
30-SEP-2024,Grandview Asset Management LLC,704
30-SEP-2024,"Granite Bay Wealth Management, LLC",1208
30-SEP-2024,Granite FO LLC,2645
30-SEP-2024,"Gilbert & Cook, Inc.",523234
30-SEP-2024,Gerber Kawasaki Wealth & Investment Management,1108978
30-SEP-2024,GLENMEDE TRUST CO NA,16670883
30-SEP-2024,GUARDIAN CAPITAL ADVISORS LP,1192025
30-SEP-2024,"GODSEY & GIBB, INC",24042
30-SEP-2024,"GPS Wealth Strategies Group, LLC",1240059
30-SEP-2024,GRAND JEAN CAPITAL MANAGEMENT INC,2602146
30-SEP-2024,"GREAT VALLEY ADVISOR GROUP, INC.",1118859
30-SEP-2024,"GRIFFIN ASSET MANAGEMENT, INC.",1254191
30-SEP-2024,GROUP ONE TRADING LLC,56763162
30-SEP-2024,"GS Investments, Inc.",561
30-SEP-2024,GSA CAPITAL PARTNERS LLP,1011
30-SEP-2024,GUARDIAN CAPITAL LP,7530403
30-SEP-2024,Genus Capital Management Inc.,7504016
30-SEP-2024,"GUARDIAN WEALTH ADVISORS, LLC / NC",313748
30-SEP-2024,"GW&K Investment Management, LLC",46
30-SEP-2024,Garden State Investment Advisory Services LLC,525702
30-SEP-2024,Garner Asset Management Corp,478
30-SEP-2024,Gavilan Investment Partners LLC,32136140
30-SEP-2024,Gen-Wealth Partners Inc,1600
30-SEP-2024,Geneos Wealth Management Inc.,300605
30-SEP-2024,Generali Investments Towarzystwo Funduszy Inwestycyjnych,2003708
30-SEP-2024,"Granite Investment Partners, LLC",11014602
30-SEP-2024,Grassi Investment Management,2948
30-SEP-2024,Graypoint LLC,502318
30-SEP-2024,Heritage Wealth Advisors,6812
30-SEP-2024,HOLLENCREST CAPITAL MANAGEMENT,143451
30-SEP-2024,"HOWARD BAILEY SECURITIES, LLC",413362
30-SEP-2024,HOWLAND CAPITAL MANAGEMENT LLC,388679
30-SEP-2024,HSBC HOLDINGS PLC,64000753
30-SEP-2024,"Harbour Capital Advisors, LLC",557596
30-SEP-2024,Hartford Financial Management Inc.,10900
30-SEP-2024,Hemington Wealth Management,29
30-SEP-2024,Henry James International Management Inc.,11946069
30-SEP-2024,Hexagon Capital Partners LLC,68359
30-SEP-2024,"Great Diamond Partners, LLC",438686
30-SEP-2024,HighMark Wealth Management LLC,35317
30-SEP-2024,HighPoint Advisor Group LLC,2044340
30-SEP-2024,"HighTower Advisors, LLC",11863328
30-SEP-2024,Hillsdale Investment Management Inc.,6792990
30-SEP-2024,Holistic Financial Partners,243306
30-SEP-2024,"Horrell Capital Management, Inc.",21
30-SEP-2024,Horst & Graben Wealth Management LLC,329456
30-SEP-2024,"Householder Group Estate & Retirement Specialist, LLC",10
30-SEP-2024,HM PAYSON & CO,40070
30-SEP-2024,HIGHLINE WEALTH PARTNERS LLC,70123
30-SEP-2024,"HIGHLAND CAPITAL MANAGEMENT, LLC",1557120
30-SEP-2024,"HHM Wealth Advisors, LLC",101057
30-SEP-2024,"Greystone Financial Group, LLC",363275
30-SEP-2024,Grove Bank & Trust,2439061
30-SEP-2024,Gryphon Financial Partners LLC,11672781
30-SEP-2024,"Guardian Asset Advisors, LLC",447348
30-SEP-2024,Gulf International Bank (UK) Ltd,283
30-SEP-2024,"HANTZ FINANCIAL SERVICES, INC.",27285
30-SEP-2024,"HAP Trading, LLC",552233
30-SEP-2024,"HARBOR CAPITAL ADVISORS, INC.",2752
30-SEP-2024,"HARBOR INVESTMENT ADVISORY, LLC",332421
30-SEP-2024,"HARBOUR INVESTMENTS, INC.",1369432
30-SEP-2024,HARTLINE INVESTMENT CORP/,1637741
30-SEP-2024,"HAZLETT, BURT & WATSON, INC.",48
30-SEP-2024,"HB Wealth Management, LLC",741936
30-SEP-2024,HBK Sorce Advisory LLC,430352
30-SEP-2024,HBW ADVISORY SERVICES LLC,345564
30-SEP-2024,HEALTHCARE OF ONTARIO PENSION PLAN TRUST FUND,9650000
30-SEP-2024,HERITAGE INVESTORS MANAGEMENT CORP,377
30-SEP-2024,"GM Advisory Group, LLC",795950
30-SEP-2024,"GILL CAPITAL PARTNERS, LLC",491499
30-SEP-2024,Eisler Capital (UK) Ltd.,398376
30-SEP-2024,"FNY Investment Advisers, LLC",40
30-SEP-2024,FFT WEALTH MANAGEMENT LLC,296518
30-SEP-2024,FINANCIAL COUNSELORS INC,6148822
30-SEP-2024,FIRST FINANCIAL CORP /IN/,1603
30-SEP-2024,FIRST FOUNDATION ADVISORS,259654
30-SEP-2024,FIRST TRUST ADVISORS LP,72356835
30-SEP-2024,FIRST UNITED BANK & TRUST,359829
30-SEP-2024,"FLAGSHIP HARBOR ADVISORS, LLC",3624318
30-SEP-2024,FLPUTNAM INVESTMENT MANAGEMENT CO,273999
30-SEP-2024,"FORA Capital, LLC",223190
30-SEP-2024,"FAIRFIELD, BUSH & CO.",1663306
30-SEP-2024,FORSTA AP-FONDEN,24389678
30-SEP-2024,FORTE CAPITAL LLC /ADV,253297
30-SEP-2024,"FOSTER DYKEMA CABOT & PARTNERS, LLC",24363
30-SEP-2024,"FRED ALGER MANAGEMENT, LLC",29307118
30-SEP-2024,FSA Wealth Management LLC,1122
30-SEP-2024,FULLCIRCLE WEALTH LLC,332020
30-SEP-2024,"FWG Investments, LLC.",494150
30-SEP-2024,"Fairman Group, LLC",220385
30-SEP-2024,"FAS Wealth Partners, Inc.",682232
30-SEP-2024,"ExodusPoint Capital Management, LP",3587
30-SEP-2024,GILDER GAGNON HOWE & CO LLC,127324064
30-SEP-2024,"Ensign Peak Advisors, Inc",86716820
30-SEP-2024,Eisler Capital (US) LLC,12814386
30-SEP-2024,"Elequin Capital, LP",3526
30-SEP-2024,"Empirical Asset Management, LLC",310542
30-SEP-2024,"Empirical Financial Services, LLC d.b.a. Empirical Wealth Management",588949
30-SEP-2024,Employees Retirement System of Texas,6921
30-SEP-2024,"Empower Advisory Group, LLC",1231431
30-SEP-2024,"Empowered Funds, LLC",1798822
30-SEP-2024,Engineers Gate Manager LP,1167880
30-SEP-2024,"Envestnet Portfolio Solutions, Inc.",2894977
30-SEP-2024,"Evolutionary Tree Capital Management, LLC",3281252
30-SEP-2024,Erste Asset Management GmbH,0
30-SEP-2024,Essex LLC,367201
30-SEP-2024,"Evanson Asset Management, LLC",387232
30-SEP-2024,"EverSource Wealth Advisors, LLC",246591
30-SEP-2024,"Evercore Wealth Management, LLC",171500
30-SEP-2024,"Everhart Financial Group, Inc.",594398
30-SEP-2024,"Evolution Advisers, Inc.",0
30-SEP-2024,"Evolution Wealth Advisors, LLC",219824
30-SEP-2024,"Fairscale Capital, LLC",4808
30-SEP-2024,"Faithward Advisors, LLC",6009699
30-SEP-2024,Family Management Corp,212451
30-SEP-2024,"Frazier Financial Advisors, LLC",3447
30-SEP-2024,Fort Sheridan Advisors LLC,263856
30-SEP-2024,Fortis Capital Management LLC,306338
30-SEP-2024,"Fortis Group Advisors, LLC",5610
30-SEP-2024,"Fortitude Family Office, LLC",6571
30-SEP-2024,"Forum Financial Management, LP",334345
30-SEP-2024,"Foundations Investment Advisors, LLC",639167
30-SEP-2024,"Fountainhead AM, LLC",303811
30-SEP-2024,Fox Hill Wealth Management,146685
30-SEP-2024,"Freedom Investment Management, Inc.",950485
30-SEP-2024,Farmers & Merchants Trust Co of Chambersburg PA,80
30-SEP-2024,Front Row Advisors LLC,240
30-SEP-2024,GABLES CAPITAL MANAGEMENT INC.,789379
30-SEP-2024,GAGNON SECURITIES LLC,587747
30-SEP-2024,"GAMCO INVESTORS, INC. ET AL",230803
30-SEP-2024,"GARRISON POINT ADVISORS, LLC",524516
30-SEP-2024,GATEWAY INVESTMENT ADVISERS LLC,4030080
30-SEP-2024,"GFG Capital, LLC",441916
30-SEP-2024,"GHP Investment Advisors, Inc.",24523
30-SEP-2024,Fort Point Capital Partners LLC,227037
30-SEP-2024,Fort Baker Capital Management LP,11384748
30-SEP-2024,"Formidable Asset Management, LLC",264061
30-SEP-2024,"Focused Wealth Management, Inc",582858
30-SEP-2024,"Farther Finance Advisors, LLC",1374122
30-SEP-2024,Fiduciary Alliance LLC,981715
30-SEP-2024,Fiduciary Trust Co,542788
30-SEP-2024,Fiera Capital Corp,550133
30-SEP-2024,Financial Advocates Investment Management,4265537
30-SEP-2024,"Financial Avengers, Inc.",3490898
30-SEP-2024,"Financial Management Professionals, Inc.",35
30-SEP-2024,Financial Network Wealth Advisors LLC,116524
30-SEP-2024,"Financial Perspectives, Inc",1460311
30-SEP-2024,FineMark National Bank & Trust,208604
30-SEP-2024,First Affirmative Financial Network,251363
30-SEP-2024,"First Command Advisory Services, Inc.",394289
30-SEP-2024,"First Heartland Consultants, Inc.",274
30-SEP-2024,"First Horizon Advisors, Inc.",167011
30-SEP-2024,First Trust Direct Indexing L.P.,1268215
30-SEP-2024,"Flaharty Asset Management, LLC",167493
30-SEP-2024,"Focus Financial Network, Inc.",2803057
30-SEP-2024,"Bouvel Investment Partners, LLC",2553533
30-SEP-2024,CREATIVE FINANCIAL DESIGNS INC /ADV,420735
30-SEP-2024,"Bogart Wealth, LLC",6584222
30-SEP-2024,Key Financial Inc,25645
30-SEP-2024,KENNEDY INVESTMENT GROUP,1435708
30-SEP-2024,"KESTRA PRIVATE WEALTH SERVICES, LLC",3787176
30-SEP-2024,"KG&L Capital Management,LLC",560900
30-SEP-2024,"KINGSWOOD WEALTH ADVISORS, LLC",466852
30-SEP-2024,"KIRTLAND HILLS CAPITAL MANAGEMENT, LLC",295957
30-SEP-2024,"KRS Capital Management, LLC",377860
30-SEP-2024,"Kathmere Capital Management, LLC",217821
30-SEP-2024,"Keel Point, LLC",211970
30-SEP-2024,"Kercheville Advisors, LLC",821836
30-SEP-2024,"Kesler, Norman & Wride, LLC",764375
30-SEP-2024,"Kestra Advisory Services, LLC",6269114
30-SEP-2024,Keudell/Morrison Wealth Management,329375
30-SEP-2024,"Keystone Wealth Services, LLC",365599
30-SEP-2024,K.J. Harrison & Partners Inc,961251
30-SEP-2024,"Kiely Wealth Advisory Group, Inc.",9006
30-SEP-2024,"Kimelman & Baird, LLC",160280
30-SEP-2024,"Kinetic Partners Management, LP",21341282
30-SEP-2024,"Kingsview Wealth Management, LLC",1888740
30-SEP-2024,"Knollwood Investment Advisory, LLC",1659699
30-SEP-2024,Korea Investment CORP,79959533
30-SEP-2024,"Kovack Advisors, Inc.",739051
30-SEP-2024,"Kozak & Associates, Inc.",442809
30-SEP-2024,"LAKE STREET ADVISORS GROUP, LLC",200510
30-SEP-2024,"LAKE STREET PRIVATE WEALTH, LLC",609865
30-SEP-2024,"LAM GROUP, INC.",4007
30-SEP-2024,"LAZARI CAPITAL MANAGEMENT, INC.",499272
30-SEP-2024,KAYNE ANDERSON RUDNICK INVESTMENT MANAGEMENT LLC,11588421
30-SEP-2024,Janney Montgomery Scott LLC,13368
30-SEP-2024,INVESTORS ASSET MANAGEMENT OF GEORGIA INC /GA/ /ADV,252441
30-SEP-2024,"Intrinsic Value Partners, LLC",1109618
30-SEP-2024,IQ EQ FUND MANAGEMENT (IRELAND) Ltd,815665
30-SEP-2024,"Icon Wealth Advisors, LLC",4357672
30-SEP-2024,Ilmarinen Mutual Pension Insurance Co,4007
30-SEP-2024,Independence Bank of Kentucky,140245
30-SEP-2024,Independent Advisor Alliance,2431741
30-SEP-2024,"Independent Solutions Wealth Management, LLC",3136969
30-SEP-2024,"Indie Asset Partners, LLC",318957
30-SEP-2024,"Institute for Wealth Management, LLC.",728155
30-SEP-2024,Integrated Advisors Network LLC,869493
30-SEP-2024,"Intellectus Partners, LLC",2070549
30-SEP-2024,"Interchange Capital Partners, LLC",1272347
30-SEP-2024,"Interval Partners, LP",1698968
30-SEP-2024,Investment Management Corp of Ontario,27992101
30-SEP-2024,"Jaffetilchin Investment Partners, LLC",5020008
30-SEP-2024,"Investment Research & Advisory Group, Inc.",17631
30-SEP-2024,"J.W. COLE ADVISORS, INC.",1745369
30-SEP-2024,"JAMISON PRIVATE WEALTH MANAGEMENT, INC.",169096
30-SEP-2024,"JARISLOWSKY, FRASER Ltd",477143662
30-SEP-2024,JCIC Asset Management Inc.,56879
30-SEP-2024,"JEPPSON WEALTH MANAGEMENT, LLC",2042929
30-SEP-2024,"JFS WEALTH ADVISORS, LLC",84708
30-SEP-2024,"JGP Wealth Management, LLC",401214
30-SEP-2024,JOHNSON INVESTMENT COUNSEL INC,495345
30-SEP-2024,JONES FINANCIAL COMPANIES LLLP,3218897
30-SEP-2024,JPMORGAN CHASE & CO,5234744
30-SEP-2024,Jacobi Capital Management LLC,398855
30-SEP-2024,"LBMC INVESTMENT ADVISORS, LLC",717253
30-SEP-2024,"LEVEL FOUR ADVISORY SERVICES, LLC",2642951
30-SEP-2024,LM Advisors LLC,361
30-SEP-2024,ALKEON CAPITAL MANAGEMENT LLC,3850000
30-SEP-2024,"ATALANTA SOSNOFF CAPITAL, LLC",9810178
30-SEP-2024,"ASSETMARK, INC",5699557
30-SEP-2024,"ASHTON THOMAS SECURITIES, LLC",709640
30-SEP-2024,ASHFORD CAPITAL MANAGEMENT INC,288504
30-SEP-2024,"ASB Consultores, LLC",474269
30-SEP-2024,"ARTHUR M. COHEN & ASSOCIATES, LLC",3492594
30-SEP-2024,"ARMSTRONG ADVISORY GROUP, INC",7213
30-SEP-2024,ARK Investment Management LLC,374326277
30-SEP-2024,"ARISTEIA CAPITAL, L.L.C.",3860000
30-SEP-2024,ARCADIA INVESTMENT MANAGEMENT CORP/MI,714048
30-SEP-2024,"Blume Capital Management, Inc.",642
30-SEP-2024,AMERICAN NATIONAL BANK & TRUST,77736
30-SEP-2024,ALERUS FINANCIAL NA,2600943
30-SEP-2024,LMR Partners LLP,10153738
30-SEP-2024,ALBION FINANCIAL GROUP /UT,241
30-SEP-2024,AGF MANAGEMENT LTD,124547962
30-SEP-2024,AE Wealth Management LLC,3377374
30-SEP-2024,ACORN FINANCIAL ADVISORY SERVICES INC /ADV,2175721
30-SEP-2024,"ACIMA PRIVATE WEALTH, LLC",260535
30-SEP-2024,"AA Financial Advisors, LLC",485087
30-SEP-2024,1832 Asset Management L.P.,185226460
30-SEP-2024,"180 WEALTH ADVISORS, LLC",468498
30-SEP-2024,"1620 INVESTMENT ADVISORS, INC.",118046
30-SEP-2024,&PARTNERS,1325035
30-SEP-2024, NEUBERGER BERMAN GROUP LLC,11139
30-SEP-2024," CALDWELL SUTTER CAPITAL, INC.",3206
30-SEP-2024,ATWOOD & PALMER INC,3206
30-SEP-2024,"AVANTAX ADVISORY SERVICES, INC.",3340556
30-SEP-2024,AXIOM INVESTORS LLC /DE,44837529
30-SEP-2024,"AXXCESS WEALTH MANAGEMENT, LLC",1298028
30-SEP-2024,LOGAN CAPITAL MANAGEMENT INC,2321896
30-SEP-2024,LONG WALK MANAGEMENT LP,18432200
30-SEP-2024,"LORD, ABBETT & CO. LLC",262302
30-SEP-2024,LORING WOLCOTT & COOLIDGE FIDUCIARY ADVISORS LLP/MA,135295
30-SEP-2024,LOUISBOURG INVESTMENTS INC.,10156244
30-SEP-2024,"Alpha Cubed Investments, LLC",691368
30-SEP-2024,Allworth Financial LP,1031359
30-SEP-2024,"Alliance Wealth Advisors, LLC /UT",4153175
30-SEP-2024,"Alera Investment Advisors, LLC",116523
30-SEP-2024,Alberta Investment Management Corp,139540221
30-SEP-2024,"Alan B Lancz & Associates, Inc.",508889
30-SEP-2024,"Aigen Investment Management, LP",495367
30-SEP-2024,Aequim Alternative Investments LP,48250000
30-SEP-2024,"Advisory Services Network, LLC",5167213
30-SEP-2024,"Advisors Asset Management, Inc.",29332442
30-SEP-2024,"AdvisorNet Financial, Inc",345403
30-SEP-2024,Addison Advisors LLC,7934
30-SEP-2024,Addenda Capital Inc.,97853810
30-SEP-2024,Activest Wealth Management,32703
30-SEP-2024,"Acropolis Investment Management, LLC",136238
30-SEP-2024,Accuvest Global Advisors,240420
30-SEP-2024,"Accurate Wealth Management, LLC",266764
30-SEP-2024,Accredited Investors Inc.,1035408
30-SEP-2024,Abound Wealth Management,149301
30-SEP-2024,"Abbot Financial Management, Inc.",934032
30-SEP-2024,IPG Investment Advisors LLC,402143
30-SEP-2024,ARCADIA INVESTMENT ADVISORS LLC,1321
30-SEP-2024,INVESTMENT HOUSE LLC,448784
30-SEP-2024,BOCHK Asset Management Ltd,7132460
30-SEP-2024,"Baker Avenue Asset Management, LP",17390380
30-SEP-2024,Baader Bank Aktiengesellschaft,510046
30-SEP-2024,BURNS J W & CO INC/NY,256448
30-SEP-2024,BUCKHEAD CAPITAL MANAGEMENT LLC,272476
30-SEP-2024,BTG Pactual Asset Management US LLC,4132052
30-SEP-2024,"BROWN, LISLE/CUMMINGS, INC.",582618
30-SEP-2024,BROWN CAPITAL MANAGEMENT LLC,38342903
30-SEP-2024,BROWN BROTHERS HARRIMAN & CO,273919
30-SEP-2024,BRITISH COLUMBIA INVESTMENT MANAGEMENT Corp,223391420
30-SEP-2024,BRIGHTON JONES LLC,1650218
30-SEP-2024,"BRIGHT FINANCIAL ADVISORS, INC.",315431
30-SEP-2024,BOYD WATTERSON ASSET MANAGEMENT LLC/OH,2144867
30-SEP-2024,"BLUE BELL PRIVATE WEALTH MANAGEMENT, LLC",52732
30-SEP-2024,"BAILARD, INC.",3873326
30-SEP-2024,"BLB&B Advisors, LLC",835460
30-SEP-2024,BLAIR WILLIAM & CO/IL,36640489
30-SEP-2024,"BFSG, LLC",3068717
30-SEP-2024,BERKSHIRE CAPITAL HOLDINGS INC,11682008
30-SEP-2024,BENEDICT FINANCIAL ADVISORS INC,663719
30-SEP-2024,"BBR PARTNERS, LLC",480840
30-SEP-2024,BARTLETT & CO. WEALTH MANAGEMENT LLC,136238
30-SEP-2024,"BARLOW WEALTH PARTNERS, INC.",359827
30-SEP-2024,BARCLAYS PLC,581492
30-SEP-2024,BANK OF NOVA SCOTIA,463763493
30-SEP-2024,BALDWIN WEALTH PARTNERS LLC/MA,35823
30-SEP-2024,"BAKER TILLY WEALTH MANAGEMENT, LLC",1121319
30-SEP-2024,"Baldwin Investment Management, LLC",737929
30-SEP-2024,"Ballentine Partners, LLC",130228
30-SEP-2024,"Baltimore-Washington Financial Advisors, Inc.",6622850
30-SEP-2024,Balyasny Asset Management L.P.,17765195
30-SEP-2024,"INTERNATIONAL ASSETS INVESTMENT MANAGEMENT, LLC",14249
30-SEP-2024,"Blueshift Asset Management, LLC",437725
30-SEP-2024,"BluePointe Capital Management, LLC",782407
30-SEP-2024,"BlueMar Capital Management, LLC",1126207
30-SEP-2024,"Blue Trust, Inc.",21070
30-SEP-2024,"Blue Barn Wealth, LLC",625653
30-SEP-2024,"Bleakley Financial Group, LLC",1371436
30-SEP-2024,"Blake Schutter Theil Wealth Advisors, LLC",208524
30-SEP-2024,"BlackRock, Inc.",327463548
30-SEP-2024,"Beverly Hills Private Wealth, LLC",505202
30-SEP-2024,"Belmont Capital, LLC",80140
30-SEP-2024,Bellecapital International Ltd.,4632332
30-SEP-2024,"Bell Investment Advisors, Inc",13304
30-SEP-2024,"Bedel Financial Consulting, Inc.",337149
30-SEP-2024,"Bear Mountain Capital, Inc.",4097
30-SEP-2024,"Beaird Harris Wealth Management, LLC",80140
30-SEP-2024,"Beacon Pointe Advisors, LLC",1255393
30-SEP-2024,"Beacon Capital Management, LLC",290588
30-SEP-2024,"Bayesian Capital Management, LP",5784345
30-SEP-2024,"Bay Colony Advisory Group, Inc d/b/a Bay Colony Advisors",379543
30-SEP-2024,Barton Investment Management,151876280
30-SEP-2024,Banque Cantonale Vaudoise,252
30-SEP-2024,Bank of New Hampshire,104182
30-SEP-2024,Bangor Savings Bank,12181
30-SEP-2024,"Banco Santander, S.A.",158437
30-SEP-2024,BAILLIE GIFFORD & CO,1000945715
30-SEP-2024,"Biondo Investment Advisors, LLC",2232620
30-SEP-2024,"B. Riley Wealth Advisors, Inc.",2345986
30-SEP-2024,"American Capital Advisory, LLC",3206
30-SEP-2024,"Apollon Wealth Management, LLC",9202877
30-SEP-2024,"Apexium Financial, LP",2068173
30-SEP-2024,"Anthracite Investment Company, Inc.",2243920
30-SEP-2024,"Annis Gardner Whiting Capital Advisors, LLC",1498298
30-SEP-2024,"Annapolis Financial Services, LLC",40391
30-SEP-2024,"Angeles Investment Advisors, LLC",832735
30-SEP-2024,Andra AP-fonden,19112940
30-SEP-2024,Ancora Advisors LLC,1127169
30-SEP-2024,"Anchor Investment Management, LLC",67798
30-SEP-2024,"Ameritas Investment Partners, Inc.",23641
30-SEP-2024,"Ameritas Advisory Services, LLC",770787
30-SEP-2024,"Americana Partners, LLC",1246578
30-SEP-2024,Alta Wealth Advisors LLC,1564414
30-SEP-2024,"Aprio Wealth Management, LLC",236173
30-SEP-2024,Alpine Bank Wealth Management,80140
30-SEP-2024,"AlphaMark Advisors, LLC",6
30-SEP-2024,Hummer Financial Advisory Services Inc,200350
30-SEP-2024,"ICONIQ Capital, LLC",149515996
30-SEP-2024,"IEQ CAPITAL, LLC",1793052
30-SEP-2024,"IHT Wealth Management, LLC",677529
30-SEP-2024,III Capital Management,28929844
30-SEP-2024,"IMC-Chicago, LLC",256928840
30-SEP-2024,"INSIGNEO ADVISORY SERVICES, LLC",2532914
30-SEP-2024,INTACT INVESTMENT MANAGEMENT INC.,26548815
30-SEP-2024,B & T Capital Management DBA Alpha Capital Management,3063192
30-SEP-2024,INTECH INVESTMENT MANAGEMENT LLC,1329202
30-SEP-2024,Apriem Advisors,205158
30-SEP-2024,"IFP Advisors, Inc",1593500
30-SEP-2024,"Aptus Capital Advisors, LLC",485569
30-SEP-2024,"Atlanta Consulting Group Advisors, LLC",488854
30-SEP-2024,Aquatic Capital Management LLC,28634022
30-SEP-2024,Avitas Wealth Management LLC,1712512
30-SEP-2024,Aviso Financial Inc.,2339517
30-SEP-2024,"Avior Wealth Management, LLC",807570
30-SEP-2024,"Axiom Advisory, LLC",751441
30-SEP-2024,"Avidian Wealth Enterprises, LLC",309982
30-SEP-2024,"Avestar Capital, LLC",708037
30-SEP-2024,"Avantax Planning Partners, Inc.",294835
30-SEP-2024,"Ausdal Financial Partners, Inc.",308459
30-SEP-2024,Azimuth Capital Investment Management LLC,223190
30-SEP-2024,"Atria Investments, Inc",12692814
30-SEP-2024,"Atomi Financial Group, Inc.",1246578
30-SEP-2024,Avion Wealth,112
30-SEP-2024,"Asset Dedication, LLC",185765
30-SEP-2024,"Arthedge Capital Management, LLC",15066320
30-SEP-2024,Assenagon Asset Management S.A.,3075653
30-SEP-2024,Arkadios Wealth Advisors,1080768
30-SEP-2024,Arlington Trust Co LLC,173984
30-SEP-2024,ArrowMark Colorado Holdings LLC,937638
30-SEP-2024,"Arkfeld Wealth Strategies, L.L.C.",884474
30-SEP-2024,Artisan Partners Limited Partnership,783406246
30-SEP-2024,"Ascent Wealth Partners, LLC",254925
30-SEP-2024,"Ashe Capital Management, LP",224567907
30-SEP-2024,"Arete Wealth Advisors, LLC",828
30-JUN-2024,"DIVERSIFY WEALTH MANAGEMENT, LLC",3022144
30-JUN-2024,DIMENSIONAL FUND ADVISORS LP,29590334
30-JUN-2024,"DGS Capital Management, LLC",203170
30-JUN-2024,"Cypress Capital, LLC",686594
30-JUN-2024,DF DENT & CO INC,3408180
30-JUN-2024,DELTEC ASSET MANAGEMENT LLC,990750
30-JUN-2024,"DCF Advisers, LLC",528400
30-JUN-2024,DAVIS-REA LTD.,472218
30-JUN-2024,DAVENPORT & Co LLC,3244284
30-JUN-2024,D.A. DAVIDSON & CO.,4861874
30-JUN-2024,"Cypress Wealth Services, LLC",1058782
30-JUN-2024,"Crestwood Advisors Group, LLC",3638496
30-JUN-2024,Csenge Advisory Group,253236
30-JUN-2024,"Crossmark Global Holdings, Inc.",4319
30-JUN-2024,Cromwell Holdings LLC,135667
30-JUN-2024,Crewe Advisors LLC,667964
30-JUN-2024,"Cresset Asset Management, LLC",490553
30-JUN-2024,Creekmur Asset Management LLC,713934
30-JUN-2024,"CreativeOne Wealth, LLC",411
30-JUN-2024,"Covenant Asset Management, LLC",7426332
30-JUN-2024,Covestor Ltd,9
30-JUN-2024,Creative Planning,24696948
30-JUN-2024,"Cravens & Co Advisors, LLC",865783
30-JUN-2024,"DLK Investment Management, LLC",200132
30-JUN-2024,"Douglass Winthrop Advisors, LLC",1258583
30-JUN-2024,"DMC Group, LLC",1020539
30-JUN-2024,"DOLIVER ADVISORS, LP",376683
30-JUN-2024,Garner Asset Management Corp,393
30-JUN-2024,Gavilan Investment Partners LLC,23513800
30-JUN-2024,Garden State Investment Advisory Services LLC,208586
30-JUN-2024,Gen-Wealth Partners Inc,1321
30-JUN-2024,Corton Capital Inc.,49537500
30-JUN-2024,Geneos Wealth Management Inc.,567502
30-JUN-2024,Generali Investments Towarzystwo Funduszy Inwestycyjnych,1648660
30-JUN-2024,Genus Capital Management Inc.,4393278
30-JUN-2024,Gerber Kawasaki Wealth & Investment Management,1042940
30-JUN-2024,Gifford Fong Associates,4624
30-JUN-2024,"Gilbert & Cook, Inc.",441544
30-JUN-2024,Durable Capital Partners LP,184596672
30-JUN-2024,"Dunhill Financial, LLC",9247
30-JUN-2024,Driehaus Capital Management LLC,942402
30-JUN-2024,Dixon Mitchell Investment Counsel Inc.,6326751
30-JUN-2024,"Diversify Advisory Services, LLC",667715
30-JUN-2024,"Diligent Investors, LLC",379920
30-JUN-2024,DeepCurrents Investment Group LLC,11691240
30-JUN-2024,"DecisionPoint Financial, LLC",45900
30-JUN-2024,"DZ BANK AG Deutsche Zentral Genossenschafts Bank, Frankfurt am Main",63394
30-JUN-2024,DUNCKER STREETT & CO INC,1321
30-JUN-2024,"DT Investment Partners, LLC",2048
30-JUN-2024,DSM Capital Partners LLC,23580
30-JUN-2024,"Coston, McIsaac & Partners",40
30-JUN-2024,"Clay Northam Wealth Management, LLC",330580
30-JUN-2024,"Cornerstone Wealth Management, LLC",794850
30-JUN-2024,"Cornerstone Wealth Group, LLC",248480
30-JUN-2024,Claret Asset Management Corp,1095
30-JUN-2024,Clare Market Investments LLC,806933
30-JUN-2024,City State Bank,13223
30-JUN-2024,"Circle Wealth Management, LLC",1327011
30-JUN-2024,"China Universal Asset Management Co., Ltd.",2892990
30-JUN-2024,Chicago Partners Investment Group LLC,988877
30-JUN-2024,"Cherry Creek Investment Advisors, Inc.",707924
30-JUN-2024,"Checchi Capital Advisers, LLC",281505
30-JUN-2024,Cetera Investment Advisers,17358138
30-JUN-2024,Cerity Partners LLC,4182691
30-JUN-2024,"Centiva Capital, LP",1912280
30-JUN-2024,"Catalytic Wealth RIA, LLC",462548
30-JUN-2024,"Castleview Partners, LLC",313936
30-JUN-2024,Cassaday & Co Wealth Management LLC,235601
30-JUN-2024,"CarsonAllaria Wealth Management, Ltd.",6275
30-JUN-2024,Carnegie Investment Counsel,10194223
30-JUN-2024,"Carmichael Hill & Associates, Inc.",76751
30-JUN-2024,"Capstone Triton Financial Group, LLC",1252902
30-JUN-2024,"Caprock Group, LLC",1056547
30-JUN-2024,"GUARDIAN WEALTH ADVISORS, LLC / NC",275759
30-JUN-2024,"Capital Investment Advisory Services, LLC",312086
30-JUN-2024,Capital Asset Advisory Services LLC,300759
30-JUN-2024,"Capital Investment Advisors, LLC",367043
30-JUN-2024,"Clarity Wealth Advisors, LLC",327608
30-JUN-2024,"Clarius Group, LLC",358123
30-JUN-2024,Clean Yield Group,19815
30-JUN-2024,"Connective Capital Management, LLC",2325752
30-JUN-2024,Cornerstone Planning Group LLC,3659
30-JUN-2024,"Cornerstone Capital, Inc.",22835136
30-JUN-2024,Corient Private Wealth LLC,4915159
30-JUN-2024,"CoreCap Advisors, LLC",127146
30-JUN-2024,"Copperwynd Financial, LLC",801292
30-JUN-2024,Coppell Advisory Solutions LLC,20476
30-JUN-2024,Contour Asset Management LLC,69768417
30-JUN-2024,"Continuum Advisory, LLC",28534
30-JUN-2024,"Conservest Capital Advisors, Inc.",341092
30-JUN-2024,"Connor, Clark & Lunn Investment Management Ltd.",384158394
30-JUN-2024,Congress Park Capital LLC,358322
30-JUN-2024,"Clear Creek Financial Management, LLC",465190
30-JUN-2024,"Confluence Wealth Services, Inc.",793128
30-JUN-2024,"Concurrent Investment Advisors, LLC",787730
30-JUN-2024,Concord Wealth Partners,19815
30-JUN-2024,Compass Wealth Management LLC,299867
30-JUN-2024,"Colony Group, LLC",12193
30-JUN-2024,Colonial Trust Co / SC,15476
30-JUN-2024,Colonial Trust Advisors,48547
30-JUN-2024,"Clearstead Trust, LLC",4095
30-JUN-2024,"Clearstead Advisors, LLC",1034740
30-JUN-2024,"Clearbridge Investments, LLC",559262656
30-JUN-2024,"GW&K Investment Management, LLC",38
30-JUN-2024,"FRED ALGER MANAGEMENT, LLC",40345916
30-JUN-2024,GUARDIAN CAPITAL LP,8299933
30-JUN-2024,GUARDIAN CAPITAL ADVISORS LP,313097
30-JUN-2024,"Essex Financial Services, Inc.",275957
30-JUN-2024,Essex LLC,306934
30-JUN-2024,"Evanson Asset Management, LLC",319150
30-JUN-2024,"EverSource Wealth Advisors, LLC",184824
30-JUN-2024,"Evercore Wealth Management, LLC",141347
30-JUN-2024,"Everhart Financial Group, Inc.",491742
30-JUN-2024,"Evolution Advisers, Inc.",0
30-JUN-2024,"Evolutionary Tree Capital Management, LLC",2773638
30-JUN-2024,"FAIRFIELD, BUSH & CO.",1330577
30-JUN-2024,"FAS Wealth Partners, Inc.",566908
30-JUN-2024,FFT WEALTH MANAGEMENT LLC,244385
30-JUN-2024,FINANCIAL COUNSELORS INC,5726139
30-JUN-2024,FIRST FINANCIAL CORP /IN/,1320
30-JUN-2024,FIRST FOUNDATION ADVISORS,66116
30-JUN-2024,FIRST TRUST ADVISORS LP,74853569
30-JUN-2024,FIRST UNITED BANK & TRUST,212681
30-JUN-2024,FLPUTNAM INVESTMENT MANAGEMENT CO,257727
30-JUN-2024,FORSTA AP-FONDEN,20337047
30-JUN-2024,FORTE CAPITAL LLC /ADV,206855
30-JUN-2024,"FOSTER DYKEMA CABOT & PARTNERS, LLC",15852
30-JUN-2024,"FOX RUN MANAGEMENT, L.L.C.",485401
30-JUN-2024,"Fairman Group, LLC",181638
30-JUN-2024,"Fairscale Capital, LLC",11155
30-JUN-2024,Erste Asset Management GmbH,0
30-JUN-2024,"Envestnet Portfolio Solutions, Inc.",2126348
30-JUN-2024,"Ensign Peak Advisors, Inc",72435433
30-JUN-2024,"ESL Trust Services, LLC",1651
30-JUN-2024,"Dynasty Wealth Management, LLC",1459375
30-JUN-2024,"Canvas Wealth Advisors, LLC",526643
30-JUN-2024,Dynamic Advisor Solutions LLC,541148
30-JUN-2024,EDMOND DE ROTHSCHILD HOLDING S.A.,2162302
30-JUN-2024,EFG Asset Management (North America) Corp.,2275703
30-JUN-2024,"ELEMENT POINTE ADVISORS, LLC",560302
30-JUN-2024,EMC Capital Management,162
30-JUN-2024,ENVESTNET ASSET MANAGEMENT INC,118520817
30-JUN-2024,"EP Wealth Advisors, LLC",653505
30-JUN-2024,EQUITABLE TRUST CO,13454451
30-JUN-2024,EULAV Asset Management,7463650
30-JUN-2024,Engineers Gate Manager LP,2415057
30-JUN-2024,EVERGREEN CAPITAL MANAGEMENT LLC,163804
30-JUN-2024,EVERMAY WEALTH MANAGEMENT LLC,234478
30-JUN-2024,EVERPAR ADVISORS LLC,246102
30-JUN-2024,"EXCHANGE TRADED CONCEPTS, LLC",2891537
30-JUN-2024,Eagle Bay Advisors LLC,3303
30-JUN-2024,Eisler Capital (US) LLC,8711995
30-JUN-2024,"Empirical Financial Services, LLC d.b.a. Empirical Wealth Management",503235
30-JUN-2024,Employees Retirement System of Texas,6557
30-JUN-2024,"Empower Advisory Group, LLC",994119
30-JUN-2024,"Empowered Funds, LLC",1402572
30-JUN-2024,"Faithward Advisors, LLC",5051900
30-JUN-2024,"Family Wealth Group, LLC",415460
30-JUN-2024,Farmers & Merchants Trust Co of Chambersburg PA,66
30-JUN-2024,"GFS Advisors, LLC",203000
30-JUN-2024,"Fountainhead AM, LLC",253038
30-JUN-2024,Fox Hill Wealth Management,141872
30-JUN-2024,"Frazier Financial Advisors, LLC",4822
30-JUN-2024,"Freedom Investment Management, Inc.",865637
30-JUN-2024,Front Row Advisors LLC,14465
30-JUN-2024,GABLES CAPITAL MANAGEMENT INC.,961029
30-JUN-2024,GAGNON SECURITIES LLC,483156
30-JUN-2024,"GARRISON POINT ADVISORS, LLC",382099
30-JUN-2024,GATEWAY INVESTMENT ADVISERS LLC,3529580
30-JUN-2024,"GFG Capital, LLC",444583
30-JUN-2024,"GHP Investment Advisors, Inc.",19948
30-JUN-2024,"Forum Financial Management, LP",274240
30-JUN-2024,GILDER GAGNON HOWE & CO LLC,86743706
30-JUN-2024,"GILL CAPITAL PARTNERS, LLC",376221
30-JUN-2024,GLENMEDE TRUST CO NA,9662586
30-JUN-2024,"GM Advisory Group, LLC",832692
30-JUN-2024,"GPS Wealth Strategies Group, LLC",971716
30-JUN-2024,GRAND JEAN CAPITAL MANAGEMENT INC,1944512
30-JUN-2024,"GREAT VALLEY ADVISOR GROUP, INC.",793673
30-JUN-2024,"GRIFFIN ASSET MANAGEMENT, INC.",1167103
30-JUN-2024,"GROUP ONE TRADING, L.P.",42197958
30-JUN-2024,"GS Investments, Inc.",462
30-JUN-2024,"Foundations Investment Advisors, LLC",421597
30-JUN-2024,"Fortune Financial Advisors, LLC",557198
30-JUN-2024,"Farther Finance Advisors, LLC",1088015
30-JUN-2024,First Affirmative Financial Network,212652
30-JUN-2024,Fiduciary Alliance LLC,708890
30-JUN-2024,Fiera Capital Corp,1373307
30-JUN-2024,Financial Advocates Investment Management,3455189
30-JUN-2024,"Financial Avengers, Inc.",2717627
30-JUN-2024,"Financial Connections Group, Inc.",9
30-JUN-2024,"Financial Gravity Asset Management, Inc.",297
30-JUN-2024,"Financial Management Professionals, Inc.",25
30-JUN-2024,Financial Network Wealth Advisors LLC,67399
30-JUN-2024,"Financial Perspectives, Inc",1203563
30-JUN-2024,FineMark National Bank & Trust,171928
30-JUN-2024,"First Command Advisory Services, Inc.",324966
30-JUN-2024,"Fortitude Family Office, LLC",5416
30-JUN-2024,"First Heartland Consultants, Inc.",230
30-JUN-2024,"First Horizon Advisors, Inc.",109246
30-JUN-2024,First Trust Direct Indexing L.P.,944845
30-JUN-2024,"Focus Financial Network, Inc.",2327651
30-JUN-2024,"Focused Wealth Management, Inc",531769
30-JUN-2024,"Formidable Asset Management, LLC",215719
30-JUN-2024,Fort Baker Capital Management LP,22442953
30-JUN-2024,Fort Sheridan Advisors LLC,212021
30-JUN-2024,Fortis Capital Management LLC,256045
30-JUN-2024,"Fortis Group Advisors, LLC",4624
30-JUN-2024,"Cape Investment Advisory, Inc.",11427
30-JUN-2024,HIMENSION CAPITAL (SINGAPORE) PTE. LTD.,8266752
30-JUN-2024,Candriam S.C.A.,12396019
30-JUN-2024,"Annapolis Financial Services, LLC",33290
30-JUN-2024,Addison Advisors LLC,6539
30-JUN-2024,"AdvisorNet Financial, Inc",293592
30-JUN-2024,"Advisors Asset Management, Inc.",24664919
30-JUN-2024,"Advisory Services Network, LLC",5167213
30-JUN-2024,Aequim Alternative Investments LP,46800000
30-JUN-2024,"Aigen Investment Management, LP",683760
30-JUN-2024,"Alan B Lancz & Associates, Inc.",353368
30-JUN-2024,Alberta Investment Management Corp,125602259
30-JUN-2024,"Alera Investment Advisors, LLC",96037
30-JUN-2024,Alight Capital Management LP,1968290
30-JUN-2024,"Alliance Wealth Advisors, LLC /UT",2414458
30-JUN-2024,Allworth Financial LP,808512
30-JUN-2024,"Alpha Cubed Investments, LLC",435864
30-JUN-2024,"AlphaMark Advisors, LLC",22
30-JUN-2024,"Alpine Global Management, LLC",466649
30-JUN-2024,Alta Wealth Advisors LLC,1254699
30-JUN-2024,"American Capital Advisory, LLC",3116
30-JUN-2024,"Americana Partners, LLC",399404
30-JUN-2024,"Ameritas Advisory Services, LLC",3157520
30-JUN-2024,"Ameritas Investment Partners, Inc.",19485
30-JUN-2024,"Anchor Investment Management, LLC",57133
30-JUN-2024,Ancora Advisors LLC,926681
30-JUN-2024,Andra AP-fonden,13877935
30-JUN-2024,Addenda Capital Inc.,81936142
30-JUN-2024,Activest Wealth Management,34582
30-JUN-2024,"Accurate Wealth Management, LLC",211058
30-JUN-2024,"ARTHUR M. COHEN & ASSOCIATES, LLC",2978657
30-JUN-2024,AGF MANAGEMENT LTD,114107872
30-JUN-2024,ALBION FINANCIAL GROUP /UT,199
30-JUN-2024,ALERUS FINANCIAL  NA,2843720
30-JUN-2024,ALKEON CAPITAL MANAGEMENT LLC,3734000
30-JUN-2024,ALTFEST L J & CO INC,734
30-JUN-2024,AMERICAN NATIONAL BANK,64069
30-JUN-2024,ARCADIA INVESTMENT ADVISORS LLC,2642
30-JUN-2024,ARCADIA INVESTMENT MANAGEMENT CORP/MI,588506
30-JUN-2024,ARK Investment Management LLC,328075721
30-JUN-2024,"ARMSTRONG ADVISORY GROUP, INC",9908
30-JUN-2024,"ASB Consultores, LLC",493327
30-JUN-2024,Accredited Investors Inc.,426683
30-JUN-2024,ASHFORD CAPITAL MANAGEMENT INC,237780
30-JUN-2024,"ASHTON THOMAS SECURITIES, LLC",554632
30-JUN-2024,"ASSETMARK, INC",4407384
30-JUN-2024,"ATALANTA SOSNOFF CAPITAL, LLC",5734329
30-JUN-2024,ATWOOD & PALMER INC,2642
30-JUN-2024,"AVANTAX ADVISORY SERVICES, INC.",2695434
30-JUN-2024,AXIOM INVESTORS LLC /DE,7104998
30-JUN-2024,"AXXCESS WEALTH MANAGEMENT, LLC",823577
30-JUN-2024,"Abbot Financial Management, Inc.",753234
30-JUN-2024,Abound Wealth Management,119881
30-JUN-2024,"Angeles Investment Advisors, LLC",659773
30-JUN-2024,"Annis Gardner Whiting Capital Advisors, LLC",1235928
30-JUN-2024,"Cambridge Investment Research Advisors, Inc.",16502
30-JUN-2024,"Anthracite Investment Company, Inc.",1519150
30-JUN-2024,"Axiom Advisory, LLC",710415
30-JUN-2024,B & T Capital Management DBA Alpha Capital Management,2833017
30-JUN-2024,"B. Riley Wealth Advisors, Inc.",2205113
30-JUN-2024,"BAILARD, INC.",3178722
30-JUN-2024,BAILLIE GIFFORD & CO,754808039
30-JUN-2024,"BAKER TILLY WEALTH MANAGEMENT, LLC",818624
30-JUN-2024,BALDWIN BROTHERS LLC/MA,29524
30-JUN-2024,BANK OF NOVA SCOTIA,369886599
30-JUN-2024,BARCLAYS PLC,145811
30-JUN-2024,"BARLOW WEALTH PARTNERS, INC.",266715
30-JUN-2024,"BARRETT & COMPANY, INC.",19815
30-JUN-2024,BARTLETT & CO. WEALTH MANAGEMENT LLC,99075
30-JUN-2024,"BBR PARTNERS, LLC",396300
30-JUN-2024,"BECK CAPITAL MANAGEMENT, LLC",2380904
30-JUN-2024,BENEDICT FINANCIAL ADVISORS INC,549272
30-JUN-2024,BERKSHIRE CAPITAL HOLDINGS INC,661
30-JUN-2024,"BFSG, LLC",2514464
30-JUN-2024,BLAIR WILLIAM & CO/IL,24624034
30-JUN-2024,"BLB&B Advisors, LLC",787646
30-JUN-2024,"BLUE BELL PRIVATE WEALTH MANAGEMENT, LLC",43461
30-JUN-2024,BNP PARIBAS FINANCIAL MARKETS,723974
30-JUN-2024,"BOKF, NA",514794
30-JUN-2024,BOYD WATTERSON ASSET MANAGEMENT LLC/OH,1757524
30-JUN-2024,Avitas Wealth Management LLC,1425557
30-JUN-2024,Aviso Financial Inc.,1230084
30-JUN-2024,"Avior Wealth Management, LLC",665585
30-JUN-2024,Artisan Partners Limited Partnership,591288979
30-JUN-2024,"Apexium Financial, LP",1704552
30-JUN-2024,"Apollon Wealth Management, LLC",7618075
30-JUN-2024,"Aptus Capital Advisors, LLC",379391
30-JUN-2024,Aquatic Capital Management LLC,10832200
30-JUN-2024,Ardmore Road Asset Management LP,6671050
30-JUN-2024,Arkadios Wealth Advisors,866510
30-JUN-2024,"Arkfeld Wealth Strategies, L.L.C.",722760
30-JUN-2024,Arlington Trust Co LLC,141413
30-JUN-2024,ArrowMark Colorado Holdings LLC,772785
30-JUN-2024,"Arthedge Capital Management, LLC",12417400
30-JUN-2024,"Ascent Wealth Partners, LLC",206670
30-JUN-2024,Avion Wealth,92
30-JUN-2024,"Ashe Capital Management, LP",185084980
30-JUN-2024,"Ashton Thomas Private Wealth, LLC",132893
30-JUN-2024,Assenagon Asset Management S.A.,63875660
30-JUN-2024,"Asset Dedication, LLC",159049
30-JUN-2024,"Atomi Financial Group, Inc.",736061
30-JUN-2024,"Atria Investments, Inc",8953144
30-JUN-2024,"Ausdal Financial Partners, Inc.",305151
30-JUN-2024,"Avantax Planning Partners, Inc.",245706
30-JUN-2024,"Avestar Capital, LLC",1033418
30-JUN-2024,"Avidian Wealth Solutions, LLC",254689
30-JUN-2024,AE Wealth Management LLC,3224514
30-JUN-2024,"ADAGE CAPITAL PARTNERS GP, L.L.C.",20257535
30-JUN-2024,ACORN FINANCIAL ADVISORY SERVICES INC /ADV,1943587
30-JUN-2024,"ACIMA PRIVATE WEALTH, LLC",222456
30-JUN-2024,CI INVESTMENTS INC.,22472
30-JUN-2024,"CHOREO, LLC",1313272
30-JUN-2024,CHILTON CAPITAL MANAGEMENT LLC,198811
30-JUN-2024,CHARLES SCHWAB INVESTMENT MANAGEMENT INC,150638714
30-JUN-2024,"CGC Financial Services, LLC",3303
30-JUN-2024,"CERTUITY, LLC",1280566
30-JUN-2024,CENTRAL TRUST Co,50859
30-JUN-2024,"CEERA INVESTMENTS, LLC",282034
30-JUN-2024,CAXTON ASSOCIATES LP,3963000
30-JUN-2024,"CARDIFF PARK ADVISORS, LLC",695044
30-JUN-2024,CAPTRUST FINANCIAL ADVISORS,2001510
30-JUN-2024,"CAPSTONE INVESTMENT ADVISORS, LLC",14867855
30-JUN-2024,CAPITAL FUND MANAGEMENT S.A.,107521341
30-JUN-2024,CAPITAL ADVISORS INC/OK,610500
30-JUN-2024,"CAP Partners, LLC",1128200
30-JUN-2024,CANANDAIGUA NATIONAL BANK & TRUST CO,744846
30-JUN-2024,CANADA PENSION PLAN INVESTMENT BOARD,263489765
30-JUN-2024,CANADA LIFE ASSURANCE Co,61322
30-JUN-2024,CAMDEN ASSET MANAGEMENT L P /CA,46114900
30-JUN-2024,CAISSE DE DEPOT ET PLACEMENT DU QUEBEC,93118895
30-JUN-2024,"C2P Capital Advisory Group, LLC d.b.a. Prosperity Capital Advisors",245310
30-JUN-2024,C M BIDWELL & ASSOCIATES LTD,5284
30-JUN-2024,"Bryn Mawr Capital Management, LLC",653697
30-JUN-2024,CIBC Asset Management Inc,311818584
30-JUN-2024,"CIBC Private Wealth Group, LLC",5513058
30-JUN-2024,CIBC WORLD MARKET INC.,1380162
30-JUN-2024,"CORRADO ADVISORS, LLC",897950
30-JUN-2024,"Callan Capital, LLC",662482
30-JUN-2024,Calamos Advisors LLC,14023650
30-JUN-2024,"Caitlin John, LLC",30977
30-JUN-2024,"CWM, LLC",810
30-JUN-2024,"CVA Family Office, LLC",79987
30-JUN-2024,"CULTIVAR CAPITAL, INC.",33025
30-JUN-2024,CTC LLC,77193362
30-JUN-2024,CSS LLC/IL,1651250
30-JUN-2024,CREATIVE FINANCIAL DESIGNS INC /ADV,346763
30-JUN-2024,CORRECT CAPITAL WEALTH MANAGEMENT,482904
30-JUN-2024,"CORNERSTONE ENTERPRISES, LLC",363671
30-JUN-2024,CKW FINANCIAL GROUP,106
30-JUN-2024,"CONWAY CAPITAL MANAGEMENT, INC.",711755
30-JUN-2024,"CONTRAVISORY INVESTMENT MANAGEMENT, INC.",7948919
30-JUN-2024,CONFLUENCE INVESTMENT MANAGEMENT LLC,611953
30-JUN-2024,"CONCOURSE FINANCIAL GROUP SECURITIES, INC.",528664
30-JUN-2024,COMMONWEALTH OF PENNSYLVANIA PUBLIC SCHOOL EMPLS RETRMT SYS,7231484
30-JUN-2024,"COMMONWEALTH EQUITY SERVICES, LLC",26448
30-JUN-2024,COMMERCE BANK,240091
30-JUN-2024,COLDSTREAM CAPITAL MANAGEMENT INC,239234
30-JUN-2024,COBBLESTONE CAPITAL ADVISORS LLC /NY/,15580139
30-JUN-2024,CNB Bank,509113
30-JUN-2024,"Bruce G. Allen Investments, LLC",3501
30-JUN-2024,Brookstone Capital Management,624255
30-JUN-2024,"Bristlecone Advisors, LLC",1599930
30-JUN-2024,BUCKHEAD CAPITAL MANAGEMENT LLC,224570
30-JUN-2024,Bank of New Hampshire,85865
30-JUN-2024,Bangor Savings Bank,10040
30-JUN-2024,"Banco Santander, S.A.",100594
30-JUN-2024,Balyasny Asset Management L.P.,18738385
30-JUN-2024,"Baltimore-Washington Financial Advisors, Inc.",5339548
30-JUN-2024,"Baldwin Investment Management, LLC",608188
30-JUN-2024,"Baker Avenue Asset Management, LP",12928297
30-JUN-2024,Baader Bank Aktiengesellschaft,785711
30-JUN-2024,BURNS J W & CO INC/NY,211360
30-JUN-2024,"BUCKINGHAM STRATEGIC WEALTH, LLC",731296
30-JUN-2024,"BROWN, LISLE/CUMMINGS, INC.",480184
30-JUN-2024,Barton Investment Management,125893216
30-JUN-2024,BROWN CAPITAL MANAGEMENT LLC,33814958
30-JUN-2024,BRITISH COLUMBIA INVESTMENT MANAGEMENT Corp,169749604
30-JUN-2024,Gillson Capital LP,5026
30-JUN-2024," CALDWELL SUTTER CAPITAL, INC.",2642
30-JUN-2024, NEUBERGER BERMAN GROUP LLC,18362
30-JUN-2024,&PARTNERS,624965
30-JUN-2024,"1620 INVESTMENT ADVISORS, INC.",96103
30-JUN-2024,"180 WEALTH ADVISORS, LLC",373965
30-JUN-2024,1832 Asset Management L.P.,43110571
30-JUN-2024,"AA Financial Advisors, LLC",408717
30-JUN-2024,Banque Cantonale Vaudoise,286
30-JUN-2024,"Bay Colony Advisory Group, Inc d/b/a Bay Colony Advisors",333619
30-JUN-2024,"Bridgewater Associates, LP",2019565
30-JUN-2024,"Bleakley Financial Group, LLC",891873
30-JUN-2024,Breakwater Capital Group,361294
30-JUN-2024,"Bouvel Investment Partners, LLC",1161060
30-JUN-2024,"Boothe Investment Group, Inc.",4011
30-JUN-2024,"Bogart Wealth, LLC",6064447
30-JUN-2024,"Blume Capital Management, Inc.",529
30-JUN-2024,"BluePointe Capital Management, LLC",678334
30-JUN-2024,"BluePath Capital Management, LLC",414596
30-JUN-2024,"BlueMar Capital Management, LLC",928201
30-JUN-2024,"Blue Trust, Inc.",17440
30-JUN-2024,"Blue Barn Wealth, LLC",410435
30-JUN-2024,BlackRock Inc.,325552133
30-JUN-2024,"Bayesian Capital Management, LP",9456907
30-JUN-2024,"Biondo Investment Advisors, LLC",2221856
30-JUN-2024,"Beverly Hills Private Wealth, LLC",398611
30-JUN-2024,"Belmont Capital, LLC",66050
30-JUN-2024,Bellecapital International Ltd.,5031045
30-JUN-2024,"Bell Investment Advisors, Inc",10965
30-JUN-2024,"Bedel Financial Consulting, Inc.",314567
30-JUN-2024,"Bear Mountain Capital, Inc.",3245
30-JUN-2024,"Beaird Harris Wealth Management, LLC",8257
30-JUN-2024,"Beacon Pointe Advisors, LLC",1379785
30-JUN-2024,"Beacon Capital Management, LLC",206208
30-JUN-2024,Gilliland Jeter Wealth Management LLC,197820
30-JUN-2024,"BRIGHT FINANCIAL ADVISORS, INC.",259973
30-JUN-2024,Gladstone Institutional Advisory LLC,802309
30-JUN-2024,"SRS Capital Advisors, Inc.",199736
30-JUN-2024,"SIGNATUREFD, LLC",3229314
30-JUN-2024,SILVERBACK ASSET MANAGEMENT LLC,6549029
30-JUN-2024,SILVERCREST ASSET MANAGEMENT GROUP LLC,14011584
30-JUN-2024,"SIMPLEX TRADING, LLC",179831
30-JUN-2024,"SITTNER & NELSON, LLC",52444
30-JUN-2024,SJS Investment Consulting Inc.,23118
30-JUN-2024,SOMA EQUITY PARTNERS LP,82031392
30-JUN-2024,"SRS Investment Management, LLC",268559
30-JUN-2024,SYSTM Wealth Solutions LLC,52973
30-JUN-2024,ST GERMAIN D J CO INC,661
30-JUN-2024,STATE OF MICHIGAN RETIREMENT SYSTEM,10568000
30-JUN-2024,"STRATEGIC PLANNING GROUP, LLC",3780720
30-JUN-2024,SUMITOMO LIFE INSURANCE CO,842468
30-JUN-2024,SVB WEALTH LLC,185006
30-JUN-2024,SWAN Capital LLC,41612
30-JUN-2024,SWS Partners,1796560
30-JUN-2024,SIGNATURE ESTATE & INVESTMENT ADVISORS LLC,72259
30-JUN-2024,SIERRA SUMMIT ADVISORS LLC,8182341
30-JUN-2024,"SG Americas Securities, LLC",2675
30-JUN-2024,SEVEN MILE ADVISORY,292206
30-JUN-2024,"Robertson Stephens Wealth Management, LLC",769879
30-JUN-2024,"Roble, Belko & Company, Inc",2
30-JUN-2024,Rosenberg Matthew Hamilton,20811
30-JUN-2024,"Round Rock Advisors, LLC",256274
30-JUN-2024,Roundview Capital LLC,854621
30-JUN-2024,Royal Bank of Canada,492740000
30-JUN-2024,"Royal Fund Management, LLC",1753694
30-JUN-2024,"Russell Investments Group, Ltd.",4158428
30-JUN-2024,S.A. Mason LLC,33025
30-JUN-2024,SALEM INVESTMENT COUNSELORS INC,39630
30-JUN-2024,"SANDS CAPITAL MANAGEMENT, LLC",973337503
30-JUN-2024,SAPIENT CAPITAL LLC,241479
30-JUN-2024,"SCGE MANAGEMENT, L.P.",300329350
30-JUN-2024,SCHWARTZ INVESTMENT COUNSEL INC,528400
30-JUN-2024,SEI INVESTMENTS CO,129390803
30-JUN-2024,SYON CAPITAL LLC,368361
30-JUN-2024,"Sachetta, LLC",10183
30-JUN-2024,"RiverPark Advisors, LLC",2719345
30-JUN-2024,Soltis Investment Advisors LLC,298059
30-JUN-2024,"Sheaff Brock Investment Advisors, LLC",361624
30-JUN-2024,Sigma Planning Corp,1424270
30-JUN-2024,"Simplicity Wealth,LLC",1143986
30-JUN-2024,"Sivia Capital Partners, LLC",433288
30-JUN-2024,"SlateStone Wealth, LLC",376
30-JUN-2024,Smartleaf Asset Management LLC,21902
30-JUN-2024,Snowden Capital Advisors LLC,2187972
30-JUN-2024,Souders Financial Advisors,761028
30-JUN-2024,"SageView Advisory Group, LLC",203896
30-JUN-2024,"Sound Income Strategies, LLC",7133
30-JUN-2024,"Sound View Wealth Advisors Group, LLC",616114
30-JUN-2024,Sowell Financial Services LLC,1335000
30-JUN-2024,"Gleason Group, Inc.",107463
30-JUN-2024,Spire Wealth Management,1611436
30-JUN-2024,"State of Tennessee, Department of Treasury",46638703
30-JUN-2024,State of Wyoming,338656
30-JUN-2024,"Sequoia Financial Advisors, LLC",1169614
30-JUN-2024,"Sepio Capital, LP",2855000
30-JUN-2024,Semmax Financial Advisors Inc.,4334
30-JUN-2024,"Select Equity Group, L.P.",71301569
30-JUN-2024,"Salomon & Ludwin, LLC",1057
30-JUN-2024,"Salvus Wealth Management, LLC",291809
30-JUN-2024,"Sanctuary Advisors, LLC",9664252
30-JUN-2024,"Sand Hill Global Advisors, LLC",312086
30-JUN-2024,Sandy Spring Bank,384544
30-JUN-2024,"Savant Capital, LLC",1006206
30-JUN-2024,"Scarborough Advisors, LLC",15192
30-JUN-2024,"Schechter Investment Advisors, LLC",54359
30-JUN-2024,Schonfeld Strategic Advisors LLC,22093260
30-JUN-2024,Sciencast Management LP,302245
30-JUN-2024,"Sculati Wealth Management, LLC",249669
30-JUN-2024,Sculptor Capital LP,4674550
30-JUN-2024,"SeaCrest Wealth Management, LLC",364926
30-JUN-2024,"Seaport Global Advisors, LLC",903036
30-JUN-2024,"Secure Asset Management, LLC",272097
30-JUN-2024,"Roberts Capital Advisors, LLC",650003
30-JUN-2024,River Street Advisors LLC,549999
30-JUN-2024,"SteelPeak Wealth, LLC",2947614
30-JUN-2024,Private Portfolio Partners LLC,609708
30-JUN-2024,Platform Technology Partners,263407
30-JUN-2024,"Powell Investment Advisors, LLC",240092
30-JUN-2024,"Prairie Wealth Advisors, Inc.",2832885
30-JUN-2024,"PrairieView Partners, LLC",13
30-JUN-2024,Prestige Wealth Management Group LLC,1982
30-JUN-2024,"Prime Capital Investment Advisors, LLC",898676
30-JUN-2024,"Private Advisor Group, LLC",3763315
30-JUN-2024,"Private Wealth Management Group, LLC",34214
30-JUN-2024,"Quadcap Wealth Management, LLC",750071
30-JUN-2024,"Private Wealth Partners, LLC",1171727
30-JUN-2024,Privium Fund Management B.V.,27157500
30-JUN-2024,"Procyon Advisors, LLC",3960331
30-JUN-2024,Prospera Financial Services Inc,1363370
30-JUN-2024,"Prosperity Wealth Management, Inc.",1194184
30-JUN-2024,"QCM Cayman, Ltd.",201981
30-JUN-2024,QUADRANT CAPITAL GROUP LLC,513209
30-JUN-2024,"Plante Moran Financial Advisors, LLC",83025
30-JUN-2024,Planning Capital Management Corp,89961
30-JUN-2024,"Pinnacle Wealth Planning Services, Inc.",235931
30-JUN-2024,Pingora Partners LLC,16513
30-JUN-2024,Pallas Capital Advisors LLC,647004
30-JUN-2024,"Parallax Volatility Advisers, L.P.",18448227
30-JUN-2024,"Parallel Advisors, LLC",1527602
30-JUN-2024,Parcion Private Wealth LLC,208124
30-JUN-2024,Parkside Financial Bank & Trust,7134
30-JUN-2024,Parkwood LLC,10682
30-JUN-2024,"Pathstone Holdings, LLC",1851756
30-JUN-2024,"Pembroke Management, LTD",444184
30-JUN-2024,"Pensionmark Financial Group, LLC",394649
30-JUN-2024,"Perennial Investment Advisors, LLC",783094
30-JUN-2024,"Perigon Wealth Management, LLC",470937
30-JUN-2024,Periscope Capital Inc. ,2086830
30-JUN-2024,Perpetual Ltd,1044118
30-JUN-2024,Pictet Asset Management Holding SA,175818326
30-JUN-2024,Pine Valley Investments Ltd Liability Co,393196
30-JUN-2024,Qtron Investments LLC,829009
30-JUN-2024,Quadrature Capital Ltd,97282638
30-JUN-2024,"Rise Advisors, LLC",102708
30-JUN-2024,Redwood Financial Network Corp,336473
30-JUN-2024,Raleigh Capital Management Inc.,34346
30-JUN-2024,"Ramirez Asset Management, Inc.",85865
30-JUN-2024,Rathbones Group PLC,73966713
30-JUN-2024,"Raymond James Financial Services Advisors, Inc.",27666892
30-JUN-2024,Realta Investment Advisors,469483
30-JUN-2024,"Rede Wealth, LLC",381373
30-JUN-2024,"Redhawk Wealth Advisors, Inc.",217503
30-JUN-2024,Regal Investment Advisors LLC,2112071
30-JUN-2024,Quaero Capital S.A.,1400625
30-JUN-2024,Register Financial Advisors LLC,13210
30-JUN-2024,"Relative Value Partners Group, LLC",599404
30-JUN-2024,Resolute Advisors LLC,2795897
30-JUN-2024,"Resolute Wealth Strategies, LLC",2181301
30-JUN-2024,"Resonant Capital Advisors, LLC",232232
30-JUN-2024,"Revolve Wealth Partners, LLC",1238768
30-JUN-2024,Ridgewood Investments LLC,320871
30-JUN-2024,ROYAL LONDON ASSET MANAGEMENT LTD,21451323
30-JUN-2024,ROTHSCHILD INVESTMENT LLC,14245
30-JUN-2024,"ROCKY MOUNTAIN ADVISERS, LLC",9247
30-JUN-2024,RMR Wealth Builders,670606
30-JUN-2024,Quantinno Capital Management LP,1750061
30-JUN-2024,Qube Research & Technologies Ltd,18138123
30-JUN-2024,Quintet Private Bank (Europe) S.A.,145478
30-JUN-2024,RAYMOND JAMES & ASSOCIATES,96162417
30-JUN-2024,RAYMOND JAMES TRUST N.A.,740619
30-JUN-2024,READYSTATE ASSET MANAGEMENT LP,689562
30-JUN-2024,"REAP Financial Group, LLC",3303
30-JUN-2024,"REGATTA CAPITAL GROUP, LLC",366419
30-JUN-2024,REGIONS FINANCIAL CORP,235138
30-JUN-2024,RESOURCES MANAGEMENT CORP /CT/ /ADV,3
30-JUN-2024,RFP Financial Group LLC,61790
30-JUN-2024,RHUMBLINE ADVISERS,286652
30-JUN-2024,RICHARDSON FINANCIAL SERVICES INC.,1255
30-JUN-2024,RITHOLTZ WEALTH MANAGEMENT,1259970
30-JUN-2024,RIVERPARK CAPITAL MANAGEMENT LLC,2437641
30-JUN-2024,Steadview Capital Management LLC,33702277
30-JUN-2024,"Stephens Consulting, LLC",19155
30-JUN-2024,Pachira Investments Inc.,353500
30-JUN-2024,WEST PACES ADVISORS INC.,6605
30-JUN-2024,WATERSHED PRIVATE WEALTH LLC,867237
30-JUN-2024,"WCM INVESTMENT MANAGEMENT, LLC",10131381
30-JUN-2024,WD RUTHERFORD LLC,9908
30-JUN-2024,"WEALTH ENHANCEMENT ADVISORY SERVICES, LLC",10775976
30-JUN-2024,WEDBUSH SECURITIES INC,1848
30-JUN-2024,WELCH & FORBES LLC,8823151
30-JUN-2024,WESBANCO BANK INC,3884734
30-JUN-2024,"WFA of San Diego, LLC",1321
30-JUN-2024,"WOODWARD DIVERSIFIED CAPITAL, LLC",1094449
30-JUN-2024,WHITTIER TRUST CO,287667
30-JUN-2024,WHITTIER TRUST CO OF NEVADA INC,110942
30-JUN-2024,"WILLIAM BLAIR INVESTMENT MANAGEMENT, LLC",129245781
30-JUN-2024,WINTON GROUP Ltd,1812478
30-JUN-2024,"WMS Partners, LLC",398744
30-JUN-2024,WOLFF WIESE MAGANA LLC,186394
30-JUN-2024,WOODARD & CO ASSET MANAGEMENT GROUP INC /ADV,531703
30-JUN-2024,WASHINGTON TRUST Co,3303
30-JUN-2024,"WASHBURN CAPITAL MANAGEMENT, INC.",253962
30-JUN-2024,"VitalStone Financial, LLC",3303
30-JUN-2024,"VisionPoint Advisory Group, LLC",49009
30-JUN-2024,VICTORY CAPITAL MANAGEMENT INC,9728174
30-JUN-2024,"Valeo Financial Advisors, LLC",956302
30-JUN-2024,"Valmark Advisers, Inc.",680249
30-JUN-2024,"Van Hulzen Asset Management, LLC",204
30-JUN-2024,Vanguard Capital Wealth Advisors,468955
30-JUN-2024,"Vanguard Personalized Indexing Management, LLC",2093653
30-JUN-2024,Varma Mutual Pension Insurance Co,16310470
30-JUN-2024,Venture Visionary Partners LLC,4453223
30-JUN-2024,"Venturi Wealth Management, LLC",325869
30-JUN-2024,Verdence Capital Advisors LLC,1385399
30-JUN-2024,Verition Fund Management LLC,28373378
30-JUN-2024,"Vestmark Advisory Solutions, Inc.",8580027
30-JUN-2024,"Vident Advisory, LLC",267511
30-JUN-2024,"Virtue Capital Management, LLC",265340
30-JUN-2024,"Vise Technologies, Inc.",590421
30-JUN-2024,WOODSTOCK CORP,778729
30-JUN-2024,"WR Wealth Planners, LLC",9181
30-JUN-2024,VANGUARD GROUP INC,1993406371
30-JUN-2024,"Yarbrough Capital, LLC",6438554
30-JUN-2024,"Williams Financial, LLC",694457
30-JUN-2024,"Williams Jones Wealth Management, LLC.",318229
30-JUN-2024,Winthrop Advisory Group LLC,571332
30-JUN-2024,"Worth Asset Management, LLC",215456
30-JUN-2024,"X-Square Capital, LLC",539
30-JUN-2024,"Xcel Wealth Management, LLC",419946
30-JUN-2024,"YOUSIF CAPITAL MANAGEMENT, LLC",1281238
30-JUN-2024,"Your Advocates Ltd., LLP",33025
30-JUN-2024,WRAPMANAGER INC,786127
30-JUN-2024,ZEVENBERGEN CAPITAL INVESTMENTS LLC,122763106
30-JUN-2024,Zhang Financial LLC,460435
30-JUN-2024,"Zions Bancorporation, N.A.",21532
30-JUN-2024,"Zullo Investment Group, Inc.",607660
30-JUN-2024,Zurcher Kantonalbank (Zurich Cantonalbank),29459027
30-JUN-2024,iA Global Asset Management Inc.,1581
30-JUN-2024,BRIGHTON JONES LLC,2012391
30-JUN-2024,"Westside Investment Management, Inc.",2874498
30-JUN-2024,"Westmount Partners, LLC",329096
30-JUN-2024,"West Tower Group, LLC",33025
30-JUN-2024,"West Family Investments, Inc.",352377
30-JUN-2024,Wahed Invest LLC,2350414
30-JUN-2024,"Wallace Advisory Group, LLC",167503
30-JUN-2024,Walleye Capital LLC,121442214
30-JUN-2024,Walleye Trading LLC,108689040
30-JUN-2024,"Waverly Advisors, LLC",203170
30-JUN-2024,"Wealth Alliance Advisory Group, LLC",206737
30-JUN-2024,"Wealth Architects, LLC",304141
30-JUN-2024,"WealthCollab, LLC",20051
30-JUN-2024,Wealthcare Advisory Partners LLC,325693
30-JUN-2024,Wealthfront Advisers LLC,986985
30-JUN-2024,"Wealthspire Advisors, LLC",885599
30-JUN-2024,Weaver Capital Management LLC,2032821
30-JUN-2024,"Weinberger Asset Management, Inc",1321000
30-JUN-2024,"Wellington Shields & Co., LLC",1630973
30-JUN-2024,"Wellington Shields Capital Management, LLC",1023775
30-JUN-2024,"VIAWEALTH, LLC",524371
30-JUN-2024,VAN ECK ASSOCIATES CORP,913
30-JUN-2024,"Sterling Investment Advisors, Ltd.",2407589
30-JUN-2024,THORNBURG INVESTMENT MANAGEMENT INC,24488236
30-JUN-2024,TD Asset Management Inc,560495587
30-JUN-2024,TEACHERS RETIREMENT SYSTEM OF THE STATE OF KENTUCKY,17473
30-JUN-2024,TECTONIC ADVISORS LLC,674437
30-JUN-2024,"TENOR CAPITAL MANAGEMENT Co., L.P.",9348715
30-JUN-2024,TFB Advisors LLC,241941
30-JUN-2024,"TFC Financial Management, Inc.",540356
30-JUN-2024,"THOMPSON INVESTMENT MANAGEMENT, INC.",2642
30-JUN-2024,"THOROUGHBRED FINANCIAL SERVICES, LLC",7371
30-JUN-2024,"TSFG, LLC",129
30-JUN-2024,"THURSTON, SPRINGER, MILLER, HERD & TITAK, INC.",39034
30-JUN-2024,"TITLEIST ASSET MANAGEMENT, LLC",1361026
30-JUN-2024,TOBAM,492
30-JUN-2024,TOCQUEVILLE ASSET MANAGEMENT L.P.,8816684
30-JUN-2024,TORONTO DOMINION BANK,179963984
30-JUN-2024,TOTH FINANCIAL ADVISORY CORP,85205
30-JUN-2024,TOWNSQUARE CAPITAL LLC,16866065
30-JUN-2024,"TBH Global Asset Management, LLC",374477
30-JUN-2024,"Synergy Financial Group, LTD",4209763
30-JUN-2024,Swiss National Bank,239330299
30-JUN-2024,"Sunbelt Securities, Inc.",951065
30-JUN-2024,"Steward Partners Investment Advisory, LLC",1865714
30-JUN-2024,"Stone House Investment Management, LLC",14597
30-JUN-2024,"StoneCrest Wealth Management, Inc.",763736
30-JUN-2024,"Stonegate Investment Group, LLC",419700
30-JUN-2024,Strategic Advisors LLC,1640088
30-JUN-2024,"Strategic Blueprint, LLC",482271
30-JUN-2024,"Strategic Financial Concepts, LLC",90836
30-JUN-2024,Strategy Capital LLC,109778864
30-JUN-2024,"Stratos Wealth Advisors, LLC",403896
30-JUN-2024,"Stratos Wealth Partners, LTD.",1391872
30-JUN-2024,"Strengthening Families & Communities, LLC",274
30-JUN-2024,"Stuart Chaussee & Associates, Inc.",7926
30-JUN-2024,"Sugarloaf Wealth Management, LLC",73976
30-JUN-2024,"Sumitomo Mitsui DS Asset Management Company, Ltd",1049204
30-JUN-2024,Summit Global Investments,937
30-JUN-2024,TRUST CO OF VERMONT,66050
30-JUN-2024,TUCKER ASSET MANAGEMENT LLC,21598
30-JUN-2024,"VALLEY WEALTH MANAGERS, INC.",142008
30-JUN-2024,Tyler-Stone Wealth Management,261564
30-JUN-2024,Trium Capital LLP,3247
30-JUN-2024,Triumph Capital Management,490752
30-JUN-2024,"True Wealth Design, LLC",925
30-JUN-2024,"Trueblood Wealth Management, LLC",220145
30-JUN-2024,"Twin Lakes Capital Management, LLC",9908
30-JUN-2024,"Twin Peaks Wealth Advisors, LLC",273249
30-JUN-2024,"Twin Tree Management, LP",21621468
30-JUN-2024,UBS ASSET MANAGEMENT AMERICAS LLC,16727163
30-JUN-2024,TWINBEECH CAPITAL LP,5020725
30-JUN-2024,UBS Group AG,3734
30-JUN-2024,"UMB Bank, n.a.",271399
30-JUN-2024,USS Investment Management Ltd,12482620
30-JUN-2024,UniSuper Management Pty Ltd,2612849
30-JUN-2024,Utah Retirement Systems,8922202
30-JUN-2024,V2 Financial group LLC,1590506
30-JUN-2024,VALLEY NATIONAL ADVISERS INC,76
30-JUN-2024,"Trifecta Capital Advisors, LLC",52840
30-JUN-2024,Triasima Portfolio Management inc.,24042507
30-JUN-2024,"Triad Wealth Partners, LLC",6011
30-JUN-2024,"Traynor Capital Management, Inc.",518173
30-JUN-2024,"TWO SIGMA ADVISERS, LP",749668
30-JUN-2024,"TWO SIGMA INVESTMENTS, LP",401188
30-JUN-2024,"TWO SIGMA SECURITIES, LLC",11698842
30-JUN-2024,Tacita Capital Inc,472881
30-JUN-2024,Tairen Capital Ltd,10090921
30-JUN-2024,Texas Capital Bank Wealth Management Services Inc,334213
30-JUN-2024,Texas Yale Capital Corp.,7832539
30-JUN-2024,Thrivent Financial for Lutherans,2571
30-JUN-2024,Tidal Investments LLC,536061
30-JUN-2024,"Tidemark, LLC",164203
30-JUN-2024,"Tortoise Investment Management, LLC",92602
30-JUN-2024,"Total Clarity Wealth Management, Inc.",273447
30-JUN-2024,Tower View Wealth Management LLC,3303
30-JUN-2024,"Tradewinds Capital Management, LLC",9247
30-JUN-2024,"Tradition Wealth Management, LLC",206406
30-JUN-2024,Pacific Center for Financial Services,1189
30-JUN-2024,"SpiderRock Advisors, LLC",1876282
30-JUN-2024,"Pacer Advisors, Inc.",691610
30-JUN-2024,"KG&L Capital Management,LLC",798809
30-JUN-2024,"Jaffetilchin Investment Partners, LLC",4180006
30-JUN-2024,Janney Montgomery Scott LLC,13536
30-JUN-2024,"Jump Financial, LLC",5255978
30-JUN-2024,"K2 PRINCIPAL FUND, L.P.",726550
30-JUN-2024,KAYNE ANDERSON RUDNICK INVESTMENT MANAGEMENT LLC,9640936
30-JUN-2024,KENNEDY INVESTMENT GROUP,964330
30-JUN-2024,"KESTRA PRIVATE WEALTH SERVICES, LLC",3232091
30-JUN-2024,"KINGSWOOD WEALTH ADVISORS, LLC",284939
30-JUN-2024,Key Financial Inc,21136
30-JUN-2024,"KIRTLAND HILLS CAPITAL MANAGEMENT, LLC",225032
30-JUN-2024,"KRS Capital Management, LLC",334543
30-JUN-2024,"Kathmere Capital Management, LLC",217341
30-JUN-2024,Kelly Financial Services LLC,109841
30-JUN-2024,"Kercheville Advisors, LLC",692534
30-JUN-2024,"Kesler, Norman & Wride, LLC",618096
30-JUN-2024,"Kestra Advisory Services, LLC",5435783
30-JUN-2024,JPMORGAN CHASE & CO,17060978
30-JUN-2024,JONES FINANCIAL COMPANIES LLLP,1596099
30-JUN-2024,JOHNSON INVESTMENT COUNSEL INC,510500
30-JUN-2024,"JGP Wealth Management, LLC",316208
30-JUN-2024,Integrated Advisors Network LLC,773556
30-JUN-2024,"Intellectus Partners, LLC",1382271
30-JUN-2024,"Interchange Capital Partners, LLC",915958
30-JUN-2024,"Intrinsic Value Partners, LLC",918689
30-JUN-2024,Investment Management Corp of Ontario,23367830
30-JUN-2024,"Investment Research & Advisory Group, Inc.",14531
30-JUN-2024,J. Goldman & Co LP,2204287
30-JUN-2024,"J.W. COLE ADVISORS, INC.",1130512
30-JUN-2024,"JAG CAPITAL MANAGEMENT, LLC",1722782
30-JUN-2024,"JAMISON PRIVATE WEALTH MANAGEMENT, INC.",139366
30-JUN-2024,"JANICZEK WEALTH MANAGEMENT, LLC",42933
30-JUN-2024,"JARISLOWSKY, FRASER Ltd",293214394
30-JUN-2024,JCIC Asset Management Inc.,44944
30-JUN-2024,"JEPPSON WEALTH MANAGEMENT, LLC",1684143
30-JUN-2024,"JFS WEALTH ADVISORS, LLC",63210
30-JUN-2024,Keudell/Morrison Wealth Management,231703
30-JUN-2024,"Keystone Wealth Services, LLC",322852
30-JUN-2024,"Legacy Wealth Asset Management, LLC",526617
30-JUN-2024,"Lantern Wealth Advisors, LLC",392998
30-JUN-2024,LOUISBOURG INVESTMENTS INC.,7948627
30-JUN-2024,LPL Financial LLC,60690784
30-JUN-2024,"LRI Investments, LLC",79341
30-JUN-2024,"LVW Advisors, LLC",231043
30-JUN-2024,"LYELL WEALTH MANAGEMENT, LP",10317076
30-JUN-2024,"Laird Norton Wetherby Wealth Management, LLC",1735266
30-JUN-2024,Lakeridge Wealth Management LLC,433229
30-JUN-2024,Larson Financial Group LLC,213936
30-JUN-2024,"Kiely Wealth Advisory Group, Inc.",5466
30-JUN-2024,"Latitude Advisors, LLC",398122
30-JUN-2024,Laurel Wealth Advisors LLC,31704
30-JUN-2024,Laurion Capital Management LP,1585200
30-JUN-2024,"Leeward Financial Partners, LLC",202575
30-JUN-2024,"Left Brain Wealth Management, LLC",1622254
30-JUN-2024,"Legacy Bridge, LLC",6473
30-JUN-2024,"Legacy Capital Group California, Inc.",579721
30-JUN-2024,LORING WOLCOTT & COOLIDGE FIDUCIARY ADVISORS LLP/MA,115386
30-JUN-2024,"LORD, ABBETT & CO. LLC",156008
30-JUN-2024,LONG WALK MANAGEMENT LP,29557375
30-JUN-2024,LOGAN CAPITAL MANAGEMENT INC,1672452
30-JUN-2024,"Kimelman & Baird, LLC",132100
30-JUN-2024,"Kingsview Wealth Management, LLC",1638436
30-JUN-2024,"Knollwood Investment Advisory, LLC",1544910
30-JUN-2024,Korea Investment CORP,68005732
30-JUN-2024,"Kovack Advisors, Inc.",352245
30-JUN-2024,"Kozak & Associates, Inc.",361009
30-JUN-2024,L & S Advisors Inc,303830
30-JUN-2024,LA FINANCIERE DE L'ECHIQUIER,14068650
30-JUN-2024,"LAFFER TENGLER INVESTMENTS, INC.",1321
30-JUN-2024,"LAKE STREET PRIVATE WEALTH, LLC",599404
30-JUN-2024,"LAM GROUP, INC.",3303
30-JUN-2024,"LAZARI CAPITAL MANAGEMENT, INC.",425824
30-JUN-2024,"LBMC INVESTMENT ADVISORS, LLC",591148
30-JUN-2024,"LEVEL FOUR ADVISORY SERVICES, LLC",2078395
30-JUN-2024,LM Advisors LLC,329
30-JUN-2024,"Institute for Wealth Management, LLC.",553832
30-JUN-2024,Industrial Alliance Investment Management Inc.,3
30-JUN-2024,"Indie Asset Partners, LLC",262879
30-JUN-2024,"HARBOR INVESTMENT ADVISORY, LLC",311954
30-JUN-2024,Grove Bank & Trust,1359639
30-JUN-2024,Gryphon Financial Partners LLC,7208953
30-JUN-2024,"Guardian Asset Advisors, LLC",358142
30-JUN-2024,Gulf International Bank (UK) Ltd,505
30-JUN-2024,"HANTZ FINANCIAL SERVICES, INC.",17248
30-JUN-2024,"HAP Trading, LLC",276416
30-JUN-2024,"HARBOR CAPITAL ADVISORS, INC.",2508
30-JUN-2024,"HARBOUR INVESTMENTS, INC.",1148147
30-JUN-2024,"Independent Solutions Wealth Management, LLC",2632126
30-JUN-2024,HARTLINE INVESTMENT CORP/,1491607
30-JUN-2024,"HAZLETT, BURT & WATSON, INC.",33
30-JUN-2024,"HB Wealth Management, LLC",579192
30-JUN-2024,HBK Sorce Advisory LLC,464530
30-JUN-2024,HBW ADVISORY SERVICES LLC,301981
30-JUN-2024,HERITAGE INVESTORS MANAGEMENT CORP,297
30-JUN-2024,"HHM Wealth Advisors, LLC",83290
30-JUN-2024,"Great Diamond Partners, LLC",614727
30-JUN-2024,Graypoint LLC,324438
30-JUN-2024,"Gratus Capital, LLC",11012847
30-JUN-2024,Grassi Investment Management,1488
30-JUN-2024,"Glen Eagle Advisors, LLC",8058
30-JUN-2024,Glenview Trust co,232694
30-JUN-2024,"Global Financial Private Client, LLC",178929
30-JUN-2024,PUBLIC INVESTMENT FUND,82562500
30-JUN-2024,"Global Trust Asset Management, LLC",661
30-JUN-2024,"Global Wealth Management Investment Advisory, Inc.",1232229
30-JUN-2024,GoalVest Advisory LLC,22919
30-JUN-2024,"Good Life Advisors, LLC",1400929
30-JUN-2024,Gordian Capital Singapore Pte Ltd,661
30-JUN-2024,"Gotham Asset Management, LLC",632363
30-JUN-2024,"Gould Capital, LLC",8256
30-JUN-2024,Gradient Investments LLC,1321
30-JUN-2024,Grandview Asset Management LLC,593
30-JUN-2024,"Granite Bay Wealth Management, LLC",67979
30-JUN-2024,"Granite Investment Partners, LLC",10360141
30-JUN-2024,"HIGHLAND CAPITAL MANAGEMENT, LLC",1293259
30-JUN-2024,HIGHLINE WEALTH PARTNERS LLC,59049
30-JUN-2024,HM PAYSON & CO,33025
30-JUN-2024,"ICA Group Wealth Management, LLC",69748
30-JUN-2024,"IEQ CAPITAL, LLC",1643059
30-JUN-2024,"IFP Advisors, Inc",581900
30-JUN-2024,"IHT Wealth Management, LLC",492808
30-JUN-2024,"IMC-Chicago, LLC",240195515
30-JUN-2024,"INSIGNEO ADVISORY SERVICES, LLC",1669007
30-JUN-2024,"INSTITUTIONAL & FAMILY ASSET MANAGEMENT, LLC",4029
30-JUN-2024,INTACT INVESTMENT MANAGEMENT INC.,31473940
30-JUN-2024,INTECH INVESTMENT MANAGEMENT LLC,1468721
30-JUN-2024,"INTERNATIONAL ASSETS INVESTMENT MANAGEMENT, LLC",939429
30-JUN-2024,INVESTMENT HOUSE LLC,375825
30-JUN-2024,INVESTORS ASSET MANAGEMENT OF GEORGIA INC /GA/ /ADV,208058
30-JUN-2024,IPG Investment Advisors LLC,5744897
30-JUN-2024,IQ EQ FUND MANAGEMENT (IRELAND) Ltd,425428
30-JUN-2024,"Icon Wealth Advisors, LLC",2425111
30-JUN-2024,Independent Advisor Alliance,2027071
30-JUN-2024,"ICONIQ Capital, LLC",61928282
30-JUN-2024,"Householder Group Estate & Retirement Specialist, LLC",8
30-JUN-2024,HOLLENCREST CAPITAL MANAGEMENT,118230
30-JUN-2024,Horst & Graben Wealth Management LLC,271532
30-JUN-2024,HOWLAND CAPITAL MANAGEMENT LLC,320343
30-JUN-2024,HSBC HOLDINGS PLC,4617783
30-JUN-2024,"Hamilton Wealth, LLC",218890
30-JUN-2024,"Harbour Capital Advisors, LLC",437868
30-JUN-2024,Hartford Financial Management Inc.,8983
30-JUN-2024,Henry James International Management Inc.,10374209
30-JUN-2024,Heritage Wealth Advisors,16842
30-JUN-2024,Hexagon Capital Partners LLC,61493
30-JUN-2024,HighMark Wealth Management LLC,39684
30-JUN-2024,HighPoint Advisor Group LLC,1331
30-JUN-2024,"HighTower Advisors, LLC",9397967
30-JUN-2024,Hillsdale Investment Management Inc.,4464788
30-JUN-2024,Holistic Financial Partners,234280
30-JUN-2024,"Holocene Advisors, LP",1361026
30-JUN-2024,"Horrell Capital Management, Inc.",17
30-JUN-2024,"Legacy Financial Advisors, Inc.",679522
30-JUN-2024,"Global Retirement Partners, LLC",673842
30-JUN-2024,"Legal Advantage Investments, Inc.",1618886
30-JUN-2024,"O'SHAUGHNESSY ASSET MANAGEMENT, LLC",9761866
30-JUN-2024,"Nikko Asset Management Americas, Inc.",397177871
30-JUN-2024,"Nilsine Partners, LLC",962282
30-JUN-2024,North Star Investment Management Corp.,66050
30-JUN-2024,"NorthCrest Asset Manangement, LLC",5931818
30-JUN-2024,Northwest & Ethical Investments L.P.,10767423
30-JUN-2024,Northwest Financial Advisors,4755
30-JUN-2024,"O'Dell Group, LLC",539187
30-JUN-2024,"OBERMEYER WOOD INVESTMENT COUNSEL, LLLP",312417
30-JUN-2024,OVERSEA-CHINESE BANKING Corp Ltd,797115
30-JUN-2024,OLD POINT TRUST & FINANCIAL SERVICES N A,33025
30-JUN-2024,OLIVER LAGORE VANVALIN INVESTMENT GROUP,26420
30-JUN-2024,OMERS ADMINISTRATION Corp,9360000
30-JUN-2024,ONTARIO TEACHERS PENSION PLAN BOARD,231531
30-JUN-2024,OPPENHEIMER & CO INC,1755741
30-JUN-2024,OPTIMUM INVESTMENT ADVISORS,303500
30-JUN-2024,ORG Partners LLC,1037778
30-JUN-2024,"Nicholas Investment Partners, LP",4758512
30-JUN-2024,Newlands Management Operations LLC,417769553
30-JUN-2024,"Newbridge Financial Services Group, Inc.",461029
30-JUN-2024,"NewEdge Wealth, LLC",1666574
30-JUN-2024,NORDEN GROUP LLC,1092930
30-JUN-2024,NORGES BANK,939912129
30-JUN-2024,"NVWM, LLC",1204620
30-JUN-2024,NWAM LLC,300924
30-JUN-2024,"NZS Capital, LLC",37645858
30-JUN-2024,"Nadler Financial Group, Inc.",463869
30-JUN-2024,Napean Trading & Investment Co (Singapore) PTE Ltd,8543832
30-JUN-2024,Naples Money Management LLC,11633
30-JUN-2024,"National Wealth Management Group, LLC",216842
30-JUN-2024,Nemes Rush Group LLC,289629
30-JUN-2024,Nepsis Inc.,20396702
30-JUN-2024,New England Capital Financial Advisors LLC,727
30-JUN-2024,New Insight Wealth Advisors,244055
30-JUN-2024,New Millennium Group LLC,1982
30-JUN-2024,"NewEdge Advisors, LLC",1950207
30-JUN-2024,"OSAIC HOLDINGS, INC.",2113963
30-JUN-2024,"OXFORD FINANCIAL GROUP, LTD. LLC",328665
30-JUN-2024,NICOLA WEALTH MANAGEMENT LTD.,23606051
30-JUN-2024,PINNACLE ASSOCIATES LTD,345045
30-JUN-2024,PFG Advisors,295177
30-JUN-2024,"PFG Investments, LLC",830753
30-JUN-2024,"PFG Private Wealth Management, LLC",88309
30-JUN-2024,"PFS Partners, LLC",100859
30-JUN-2024,PIER 88 INVESTMENT PARTNERS LLC,4977422
30-JUN-2024,PIN OAK INVESTMENT ADVISORS INC,59
30-JUN-2024,"PINEBRIDGE INVESTMENTS, L.P.",492735
30-JUN-2024,PITTENGER & ANDERSON INC,143659
30-JUN-2024,"Objectivity Squared, LLC",327614
30-JUN-2024,POLEN CAPITAL MANAGEMENT LLC,972411504
30-JUN-2024,"POM Investment Strategies, LLC",91149
30-JUN-2024,PRICE T ROWE ASSOCIATES INC /MD/,2738454
30-JUN-2024,"PRINCIPAL SECURITIES, INC.",761953
30-JUN-2024,PRIVATE MANAGEMENT GROUP INC,7989275
30-JUN-2024,"PSI Advisors, LLC",352973
30-JUN-2024,"LexAurum Advisors, LLC",434609
30-JUN-2024,"PDS Planning, Inc",572257
30-JUN-2024,PCJ Investment Counsel Ltd.,4590303
30-JUN-2024,PARSONS CAPITAL MANAGEMENT INC/RI,259247
30-JUN-2024,PARK CIRCLE Co,42933
30-JUN-2024,"Occidental Asset Management, LLC",217503
30-JUN-2024,"Octavia Wealth Advisors, LLC",451980
30-JUN-2024,"Oder Investment Management, LLC",550923
30-JUN-2024,"One River Asset Management, LLC",909575
30-JUN-2024,"One Wealth Management Investment & Advisory Services, LLC",905810
30-JUN-2024,OneDigital Investment Advisors LLC,1134673
30-JUN-2024,Onex Canada Asset Management Inc.,8834654
30-JUN-2024,"Opal Wealth Advisors, LLC",83818
30-JUN-2024,Orion Capital Management LLC,54161
30-JUN-2024,Orion Investment Co,2436518
30-JUN-2024,"Orion Portfolio Solutions, LLC",5684774
30-JUN-2024,Oxinas Partners Wealth Management LLC,229392
30-JUN-2024,"PACES FERRY WEALTH ADVISORS, LLC",228401
30-JUN-2024,"PACIFIC CAPITAL WEALTH ADVISORS, INC",99603
30-JUN-2024,PARK AVENUE SECURITIES LLC,1979
30-JUN-2024,NOMURA ASSET MANAGEMENT CO LTD,4027329
30-JUN-2024,PRIO WEALTH LIMITED PARTNERSHIP,413143
30-JUN-2024,"NFP Retirement, Inc.",248546
30-JUN-2024,MERCER GLOBAL ADVISORS INC /ADV,3816585
30-JUN-2024,MGO ONE SEVEN LLC,1153299
30-JUN-2024,MIDLAND WEALTH ADVISORS LLC,205746
30-JUN-2024,MILLENNIUM MANAGEMENT LLC,19227618
30-JUN-2024,"MISSION WEALTH MANAGEMENT, LP",401849
30-JUN-2024,MMBG INVESTMENT ADVISORS CO.,6532015
30-JUN-2024,"MONECO Advisors, LLC",437119
30-JUN-2024,MONETA GROUP INVESTMENT ADVISORS LLC,239475
30-JUN-2024,MONTAG A & ASSOCIATES INC,1182031
30-JUN-2024,MONTGOMERY INVESTMENT MANAGEMENT INC,317040
30-JUN-2024,MONTRUSCO BOLTON INVESTMENTS INC.,2337835
30-JUN-2024,MOSELEY INVESTMENT MANAGEMENT INC,385072
30-JUN-2024,MOTCO,1651
30-JUN-2024,"MSA Advisors, LLC",2192200
30-JUN-2024,"MUFG SECURITIES (CANADA), LTD.",42299153
30-JUN-2024,MUFG Securities EMEA plc,99488473
30-JUN-2024,"MFA WEALTH ADVISORS, LLC",13210
30-JUN-2024,"MEANS INVESTMENT CO., INC.",941813
30-JUN-2024,Magellan Asset Management Ltd,253830
30-JUN-2024,"MEAG MUNICH ERGO, Kapitalanlagegesellschaft mbH",93227
30-JUN-2024,"Lindbrook Capital, LLC",461547
30-JUN-2024,NEXT CENTURY GROWTH INVESTORS LLC,1203497
30-JUN-2024,Liontrust Investment Partners LLP,9056540
30-JUN-2024,Lynx Investment Advisory,18164
30-JUN-2024,"M Holdings Securities, Inc.",296
30-JUN-2024,MACKENZIE FINANCIAL CORP,417385541
30-JUN-2024,MACQUARIE GROUP LTD,62286059
30-JUN-2024,MACROVIEW INVESTMENT MANAGEMENT LLC,2775
30-JUN-2024,MAI Capital Management,813208
30-JUN-2024,MANCHESTER FINANCIAL INC,204954
30-JUN-2024,MARSICO CAPITAL MANAGEMENT LLC,7795353
30-JUN-2024,MASSACHUSETTS FINANCIAL SERVICES CO /MA/,49934130
30-JUN-2024,MASSMUTUAL TRUST CO FSB/ADV,122457
30-JUN-2024,"MATHER GROUP, LLC.",160901
30-JUN-2024,MCF Advisors LLC,121532
30-JUN-2024,MWA Asset Management,849084
30-JUN-2024,Linden Advisors LP,51648304
30-JUN-2024,"Lido Advisors, LLC",1428073
30-JUN-2024,Mn Services Vermogensbeheer B.V.,31690
30-JUN-2024,"Metis Global Partners, LLC",3532536
30-JUN-2024,"Midwest Professional Planners, LTD.",368757
30-JUN-2024,"Miracle Mile Advisors, LLC",256946
30-JUN-2024,"Mirae Asset Global Investments Co., Ltd.",12169736
30-JUN-2024,Missouri Trust & Investment Co,3303
30-JUN-2024,Mitsubishi UFJ Trust & Banking Corp,63236931
30-JUN-2024,"Miura Global Management, LLC",660500
30-JUN-2024,"Moloney Securities Asset Management, LLC",2818354
30-JUN-2024,"Meridian Wealth Management, LLC",6161078
30-JUN-2024,"Moors & Cabot, Inc.",242866
30-JUN-2024,"Moser Wealth Advisors, LLC",614001
30-JUN-2024,"Mutual Advisors, LLC",1520937
30-JUN-2024,"NAPLES GLOBAL ADVISORS, LLC",254557
30-JUN-2024,"NATIONS FINANCIAL GROUP INC, /IA/ /ADV",300329
30-JUN-2024,NEW YORK STATE COMMON RETIREMENT FUND,27845
30-JUN-2024,Magnetar Financial LLC,14913909
30-JUN-2024,"Merit Financial Group, LLC",1057328
30-JUN-2024,"NBC SECURITIES, INC.",440
30-JUN-2024,"Mendota Financial Group, LLC",7926
30-JUN-2024,"Marks Group Wealth Management, Inc",21334
30-JUN-2024,Menard Financial Group LLC,725956
30-JUN-2024,"Main Street Group, LTD",67975
30-JUN-2024,"Malaga Cove Capital, LLC",1712809
30-JUN-2024,Manchester Capital Management LLC,520474
30-JUN-2024,Marcho Partners LLP,40416722
30-JUN-2024,"Marcum Wealth, LLC",703102
30-JUN-2024,"Mariner, LLC",8803430
30-JUN-2024,"Main Street Financial Solutions, LLC",451914
30-JUN-2024,Maryland State Retirement & Pension System,8270675
30-JUN-2024,"Mayflower Financial Advisors, LLC",578070
30-JUN-2024,"McClarren Financial Advisors, Inc.",34
30-JUN-2024,"McIlrath & Eck, LLC",284676
30-JUN-2024,Mediolanum International Funds Ltd,775684
30-JUN-2024,Masso Torrence Wealth Management Inc.,730843
30-JUN-2024,Melqart Asset Management (UK) Ltd,7364443
31-MAR-2024,"Anthracite Investment Company, Inc.",2932460
31-MAR-2024,"Arete Wealth Advisors, LLC",845500
31-MAR-2024,Ardmore Road Asset Management LP,15434000
31-MAR-2024,Aquatic Capital Management LLC,17996044
31-MAR-2024,"Aptus Capital Advisors, LLC",423586
31-MAR-2024,"Apollon Wealth Management, LLC",8618037
31-MAR-2024,"Apexium Financial, LP",2000632
31-MAR-2024,"Angeles Investment Advisors, LLC",572138
31-MAR-2024,"Annis Gardner Whiting Capital Advisors, LLC",976741
31-MAR-2024,"Annapolis Financial Services, LLC",38894
31-MAR-2024,Ancora Advisors LLC,1123595
31-MAR-2024,"Anchor Investment Management, LLC",50778
31-MAR-2024,"Ameritas Investment Partners, Inc.",22765
31-MAR-2024,"Ameritas Advisory Services, LLC",2978910
31-MAR-2024,Arkadios Wealth Advisors,470891
31-MAR-2024,"American Money Management, LLC",294789
31-MAR-2024,"Ashton Thomas Private Wealth, LLC",374892
31-MAR-2024,"Arkfeld Wealth Strategies, L.L.C.",377751
31-MAR-2024,Arlington Trust Co LLC,3164
31-MAR-2024,"American Capital Advisory, LLC",1918
31-MAR-2024,"Avestar Capital, LLC",733578
31-MAR-2024,"Avantax Planning Partners, Inc.",286532
31-MAR-2024,"Ausdal Financial Partners, Inc.",206816
31-MAR-2024,Aubrey Capital Management Ltd,3898874
31-MAR-2024,"Atria Investments, Inc",5837756
31-MAR-2024,"Atomi Financial Group, Inc.",874027
31-MAR-2024,"Asset Dedication, LLC",139
31-MAR-2024,Assenagon Asset Management S.A.,2823555
31-MAR-2024,Aspen Investment Management Inc,629
31-MAR-2024,"Ashe Capital Management, LP",216245388
31-MAR-2024,"Ascent Wealth Partners, LLC",247098
31-MAR-2024,Artisan Partners Limited Partnership,503517890
31-MAR-2024,"Arthedge Capital Management, LLC",14507960
31-MAR-2024,ArrowMark Colorado Holdings LLC,902889
31-MAR-2024,"Avidian Wealth Solutions, LLC",272796
31-MAR-2024,ARK Investment Management LLC,354544456
31-MAR-2024,Alta Wealth Advisors LLC,1441000
31-MAR-2024,"ATTICUS WEALTH MANAGEMENT, LLC",19293
31-MAR-2024,Abound Wealth Management,141607
31-MAR-2024,"Abbrea Capital, LLC",319
31-MAR-2024,"Abbot Financial Management, Inc.",612112
31-MAR-2024,"AXXCESS WEALTH MANAGEMENT, LLC",836215
31-MAR-2024,AXIOM INVESTORS LLC /DE,56383797
31-MAR-2024,"AVANTAX ADVISORY SERVICES, INC.",2705272
31-MAR-2024,ATWOOD & PALMER INC,3087
31-MAR-2024,"ATALANTA SOSNOFF CAPITAL, LLC",13178167
31-MAR-2024,"Alpine Global Management, LLC",7084469
31-MAR-2024,"ASSETMARK, INC",4739087
31-MAR-2024,ASHFORD CAPITAL MANAGEMENT INC,277812
31-MAR-2024,"ASB Consultores, LLC",942317
31-MAR-2024,"ARTHUR M. COHEN & ASSOCIATES, LLC",3137887
31-MAR-2024,"ARMSTRONG ADVISORY GROUP, INC",27110
31-MAR-2024,Avion Wealth,104
31-MAR-2024,"ARMISTICE CAPITAL, LLC",549373
31-MAR-2024,Accredited Investors Inc.,498518
31-MAR-2024,"Accurate Wealth Management, LLC",224477
31-MAR-2024,Accuvest Global Advisors,297000
31-MAR-2024,Activest Wealth Management,38089
31-MAR-2024,AlphaQ Advisors LLC,376898
31-MAR-2024,"AlphaMark Advisors, LLC",11
31-MAR-2024,"Alpha Cubed Investments, LLC",15748236
31-MAR-2024,Allworth Financial LP,1009693
31-MAR-2024,"Alliance Wealth Advisors, LLC /UT",409155
31-MAR-2024,Alight Capital Management LP,2700950
31-MAR-2024,Alberta Investment Management Corp,90013612
31-MAR-2024,"Aigen Investment Management, LP",539415
31-MAR-2024,Aequim Alternative Investments LP,25287976
31-MAR-2024,"Advisory Services Network, LLC",5375968
31-MAR-2024,Advisory Resource Group,764986
31-MAR-2024,"Advisors Asset Management, Inc.",29697871
31-MAR-2024,"AdvisorNet Financial, Inc",315625
31-MAR-2024,Advisor Resource Council,429190
31-MAR-2024,Addison Advisors LLC,7640
31-MAR-2024,Addenda Capital Inc.,89625261
31-MAR-2024,"Baker Avenue Asset Management, LP",3093282
31-MAR-2024,"Avior Wealth Management, LLC",798632
31-MAR-2024,BlackRock Inc.,500075993
31-MAR-2024,"Beverly Hills Private Wealth, LLC",453760
31-MAR-2024,Belpointe Asset Management LLC,300886
31-MAR-2024,Bellecapital International Ltd.,5608470
31-MAR-2024,"Bell Investment Advisors, Inc",6174
31-MAR-2024,"Bear Mountain Capital, Inc.",3471
31-MAR-2024,"Beaird Harris Wealth Management, LLC",18213
31-MAR-2024,"Beacon Pointe Advisors, LLC",2224965
31-MAR-2024,"Beacon Capital Management, LLC",226648
31-MAR-2024,"Bay Colony Advisory Group, Inc d/b/a Bay Colony Advisors",220012
31-MAR-2024,Barton Investment Management,157576819
31-MAR-2024,Banque Cantonale Vaudoise,211
31-MAR-2024,Bank of New Hampshire,100321
31-MAR-2024,"Bank Julius Baer & Co. Ltd, Zurich",38508
31-MAR-2024,Bangor Savings Bank,11730
31-MAR-2024,"Banco Santander, S.A.",124475
31-MAR-2024,"Biondo Investment Advisors, LLC",2541903
31-MAR-2024,"Bleakley Financial Group, LLC",1259029
31-MAR-2024,"Baltimore-Washington Financial Advisors, Inc.",6120044
31-MAR-2024,"Blue Trust, Inc.",17440
31-MAR-2024,C M BIDWELL & ASSOCIATES LTD,6174
31-MAR-2024,AMF Tjanstepension AB,52929915
31-MAR-2024,"Bruce G. Allen Investments, LLC",8720
31-MAR-2024,Brown Shipley& Co Ltd,48366
31-MAR-2024,Brookstone Capital Management,590073
31-MAR-2024,"Bristlecone Advisors, LLC",1853315
31-MAR-2024,Breakwater Capital Group,293246
31-MAR-2024,"Bouvel Investment Partners, LLC",1357690
31-MAR-2024,"Bogart Wealth, LLC",5310531
31-MAR-2024,"Blume Capital Management, Inc.",618
31-MAR-2024,"Blueshift Asset Management, LLC",841616
31-MAR-2024,"BluePointe Capital Management, LLC",881127
31-MAR-2024,"BluePath Capital Management, LLC",488255
31-MAR-2024,"BlueMar Capital Management, LLC",899339
31-MAR-2024,"Blue Zone Wealth Advisors, LLC",314854
31-MAR-2024,Balyasny Asset Management L.P.,50653339
31-MAR-2024,"Ballentine Partners, LLC",1312
31-MAR-2024,Avitas Wealth Management LLC,1679991
31-MAR-2024,BIT Capital GmbH,1077988
31-MAR-2024,BERKSHIRE CAPITAL HOLDINGS INC,772
31-MAR-2024,BENEDICT FINANCIAL ADVISORS INC,345953
31-MAR-2024,"BBR PARTNERS, LLC",551843
31-MAR-2024,BARTLETT & CO. WEALTH MANAGEMENT LLC,115755
31-MAR-2024,"BARRETT & COMPANY, INC.",23151
31-MAR-2024,BAROMETER CAPITAL MANAGEMENT INC.,4243304
31-MAR-2024,"BARLOW WEALTH PARTNERS, INC.",428750
31-MAR-2024,BARCLAYS PLC,227642
31-MAR-2024,BANK OF NOVA SCOTIA,497600758
31-MAR-2024,BALDWIN BROTHERS LLC/MA,34495
31-MAR-2024,"BAKER TILLY WEALTH MANAGEMENT, LLC",1007686
31-MAR-2024,BAILLIE GIFFORD & CO,921603960
31-MAR-2024,"BAILARD, INC.",2635356
31-MAR-2024,"B. Riley Wealth Advisors, Inc.",2879932
31-MAR-2024,B & T Capital Management DBA Alpha Capital Management,3483764
31-MAR-2024,"BFSG, LLC",2940216
31-MAR-2024,BLAIR WILLIAM & CO/IL,28686790
31-MAR-2024,Balentine LLC,266700
31-MAR-2024,"BLB&B Advisors, LLC",989705
31-MAR-2024,"Baldwin Investment Management, LLC",711662
31-MAR-2024,Baader Bank Aktiengesellschaft,636653
31-MAR-2024,BURNS J W & CO INC/NY,204501
31-MAR-2024,"BUCKINGHAM STRATEGIC WEALTH, LLC",800021
31-MAR-2024,"BROWN, LISLE/CUMMINGS, INC.",574917
31-MAR-2024,BROWN CAPITAL MANAGEMENT LLC,39790704
31-MAR-2024,BROWN BROTHERS HARRIMAN & CO,249799
31-MAR-2024,BRITISH COLUMBIA INVESTMENT MANAGEMENT Corp,175131179
31-MAR-2024,BRIGHTON JONES LLC,2653570
31-MAR-2024,"BRIGHT FINANCIAL ADVISORS, INC.",251707
31-MAR-2024,BOYD WATTERSON ASSET MANAGEMENT LLC/OH,2174805
31-MAR-2024,"BOKF, NA",447403
31-MAR-2024,BOCHK Asset Management Ltd,5147239
31-MAR-2024,"BLUE BELL PRIVATE WEALTH MANAGEMENT, LLC",56643
31-MAR-2024,"BLODGETT WEALTH ADVISORS, LLC",231510
31-MAR-2024,ARCADIA INVESTMENT MANAGEMENT CORP/MI,687585
31-MAR-2024,Castle Hook Partners LP,22807130
31-MAR-2024,AMERICAN NATIONAL BANK,74855
31-MAR-2024,"Concurrent Investment Advisors, LLC",829115
31-MAR-2024,"Clearstead Advisors, LLC",305892
31-MAR-2024,"Clearstead Trust, LLC",4785
31-MAR-2024,Colonial Trust Advisors,60270
31-MAR-2024,Colonial Trust Co / SC,3914
31-MAR-2024,"Colony Group, LLC",12889
31-MAR-2024,Compass Wealth Management LLC,346494
31-MAR-2024,Concord Wealth Partners,23151
31-MAR-2024,"Confluence Wealth Services, Inc.",926735
31-MAR-2024,ALKEON CAPITAL MANAGEMENT LLC,3808000
31-MAR-2024,"Connor, Clark & Lunn Investment Management Ltd.",533618701
31-MAR-2024,"Conservest Capital Advisors, Inc.",341092
31-MAR-2024,"Continuum Advisory, LLC",36721
31-MAR-2024,"CoreCap Advisors, LLC",141607
31-MAR-2024,Corient Private Wealth LLC,5950811
31-MAR-2024,"Cornerstone Capital, Inc.",24332087
31-MAR-2024,Cornerstone Planning Group LLC,2383
31-MAR-2024,"Clearbridge Investments, LLC",235942645
31-MAR-2024,"Clear Creek Financial Management, LLC",501682
31-MAR-2024,Clean Yield Group,23151
31-MAR-2024,"Clay Northam Wealth Management, LLC",412474
31-MAR-2024,Centurion Wealth Management LLC,378365
31-MAR-2024,Cetera Advisor Networks LLC,11744502
31-MAR-2024,Cetera Advisors LLC,7210765
31-MAR-2024,Cetera Investment Advisers,24353617
31-MAR-2024,"Checchi Capital Advisers, LLC",322416
31-MAR-2024,"Cherry Creek Investment Advisors, Inc.",981448
31-MAR-2024,Chicago Partners Investment Group LLC,1284814
31-MAR-2024,"China Universal Asset Management Co., Ltd.",4349402
31-MAR-2024,"Circle Wealth Management, LLC",374043
31-MAR-2024,City State Bank,15
31-MAR-2024,Clare Market Investments LLC,1200842
31-MAR-2024,Claret Asset Management Corp,1277
31-MAR-2024,"Clarity Wealth Advisors, LLC",382763
31-MAR-2024,"Clarius Group, LLC",450518
31-MAR-2024,Claro Advisors LLC,213376
31-MAR-2024,"Cornerstone Wealth Group, LLC",294172
31-MAR-2024,"Cornerstone Wealth Management, LLC",1043650
31-MAR-2024,Corton Capital Inc.,57877500
31-MAR-2024,DF DENT & CO INC,7079190
31-MAR-2024,"DLK Investment Management, LLC",233825
31-MAR-2024,"DMC Group, LLC",1131235
31-MAR-2024,"DOLIVER ADVISORS, LP",272487
31-MAR-2024,DSM Capital Partners LLC,27550
31-MAR-2024,DUNCKER STREETT & CO INC,1543
31-MAR-2024,"DZ BANK AG Deutsche Zentral Genossenschafts Bank, Frankfurt am Main",175604
31-MAR-2024,Dakota Wealth Management,432693
31-MAR-2024,"Davies Financial Advisors, Inc.",204732
31-MAR-2024,"DecisionPoint Financial, LLC",53498
31-MAR-2024,DeepCurrents Investment Group LLC,11899955
31-MAR-2024,Degroof Petercam Asset Management,2563203
31-MAR-2024,"Detalus Advisors, LLC",258134
31-MAR-2024,"Diligent Investors, LLC",249413
31-MAR-2024,"Diversify Advisory Services, LLC",544672
31-MAR-2024,"C2P Capital Advisory Group, LLC d.b.a. Prosperity Capital Advisors",389864
31-MAR-2024,DIMENSIONAL FUND ADVISORS LP,42272260
31-MAR-2024,DAVIS-REA LTD.,552013
31-MAR-2024,"Coston, McIsaac & Partners",47
31-MAR-2024,DAVENPORT & Co LLC,3639260
31-MAR-2024,"Covenant Asset Management, LLC",8128857
31-MAR-2024,Covestor Ltd,10
31-MAR-2024,"Cravens & Co Advisors, LLC",795854
31-MAR-2024,Creative Planning,19772558
31-MAR-2024,"CreativeOne Wealth, LLC",488
31-MAR-2024,Creekmur Asset Management LLC,823944
31-MAR-2024,"Cresset Asset Management, LLC",464949
31-MAR-2024,"Crestwood Advisors Group, LLC",4183540
31-MAR-2024,Crewe Advisors LLC,729180
31-MAR-2024,"Crossmark Global Holdings, Inc.",5214
31-MAR-2024,Csenge Advisory Group,274802
31-MAR-2024,Cutler Group LLC / CA,1389
31-MAR-2024,"Cypress Capital, LLC",771700
31-MAR-2024,"Cypress Wealth Services, LLC",1237035
31-MAR-2024,D.A. DAVIDSON & CO.,5149400
31-MAR-2024,"Centiva Capital, LP",481772
31-MAR-2024,"Cedar Wealth Management, LLC",849
31-MAR-2024,"Castleview Partners, LLC",926
31-MAR-2024,CAPITAL ADVISORS INC/OK,628395
31-MAR-2024,"CAPSTONE INVESTMENT ADVISORS, LLC",3902410
31-MAR-2024,CAPTRUST FINANCIAL ADVISORS,2225744
31-MAR-2024,"CARDIFF PARK ADVISORS, LLC",801256
31-MAR-2024,CAROLINAS WEALTH CONSULTING LLC,231510
31-MAR-2024,"CBIZ Investment Advisory Services, LLC",7717
31-MAR-2024,"CEERA INVESTMENTS, LLC",329516
31-MAR-2024,CENTRAL TRUST Co,59421
31-MAR-2024,"CERTUITY, LLC",1403595
31-MAR-2024,"CGC Financial Services, LLC",3859
31-MAR-2024,CHILTON CAPITAL MANAGEMENT LLC,232282
31-MAR-2024,"CHOREO, LLC",889408
31-MAR-2024,CHURCHILL MANAGEMENT Corp,1725213
31-MAR-2024,CI INVESTMENTS INC.,26244
31-MAR-2024,CIBC Asset Management Inc,353061549
31-MAR-2024,"CIBC Private Wealth Group, LLC",2654394
31-MAR-2024,CAPITAL FUND MANAGEMENT S.A.,134260366
31-MAR-2024,"CAP Partners, LLC",1276237
31-MAR-2024,CIBC WORLD MARKETS CORP,463020
31-MAR-2024,CANADA PENSION PLAN INVESTMENT BOARD,313357295
31-MAR-2024,ALERUS FINANCIAL  NA,3537859
31-MAR-2024,ALBION FINANCIAL GROUP /UT,232
31-MAR-2024,AGF MANAGEMENT LTD,133750673
31-MAR-2024,AE Wealth Management LLC,3600984
31-MAR-2024,"ADAGE CAPITAL PARTNERS GP, L.L.C.",2700950
31-MAR-2024,ACORN FINANCIAL ADVISORY SERVICES INC /ADV,2407241
31-MAR-2024,"ACIMA PRIVATE WEALTH, LLC",259909
31-MAR-2024,"AA Financial Advisors, LLC",474287
31-MAR-2024,1832 Asset Management L.P.,124935683
31-MAR-2024, NEUBERGER BERMAN GROUP LLC,10727
31-MAR-2024,"CALDWELL SUTTER CAPITAL, INC.",3087
31-MAR-2024,"CALIBER WEALTH MANAGEMENT, LLC",2941103
31-MAR-2024,CAMBRIDGE TRUST CO,138134
31-MAR-2024,CAMDEN ASSET MANAGEMENT L P /CA,42157800
31-MAR-2024,CANADA LIFE ASSURANCE Co,71646
31-MAR-2024,CIBC WORLD MARKET INC.,1434711
31-MAR-2024,CIDEL ASSET MANAGEMENT INC,245480
31-MAR-2024,Cassaday & Co Wealth Management LLC,265542
31-MAR-2024,"CVA Family Office, LLC",85119
31-MAR-2024,"Caitlin John, LLC",49389
31-MAR-2024,Calamos Advisors LLC,14280000
31-MAR-2024,Calamos Wealth Management LLC,1906871
31-MAR-2024,"Callan Capital, LLC",756420
31-MAR-2024,"Cambridge Investment Research Advisors, Inc.",21982
31-MAR-2024,Candriam S.C.A.,15803475
31-MAR-2024,"Canvas Wealth Advisors, LLC",294715
31-MAR-2024,Capital Asset Advisory Services LLC,354945
31-MAR-2024,"Capital Investment Advisors, LLC",240388
31-MAR-2024,"Capital Investment Advisory Services, LLC",347111
31-MAR-2024,"Caprock Group, LLC",897564
31-MAR-2024,"Capstone Triton Financial Group, LLC",1695425
31-MAR-2024,"Carmichael Hill & Associates, Inc.",81261
31-MAR-2024,"Carnegie Capital Asset Management, LLC",11155001
31-MAR-2024,"CarsonAllaria Wealth Management, Ltd.",7331
31-MAR-2024,"CWM, LLC",913
31-MAR-2024,CTC LLC,130781851
31-MAR-2024,CKW FINANCIAL GROUP,95
31-MAR-2024,CSS LLC/IL,7299198
31-MAR-2024,CNB Bank,548602
31-MAR-2024,COBBLESTONE CAPITAL ADVISORS LLC /NY/,17658734
31-MAR-2024,COLDSTREAM CAPITAL MANAGEMENT INC,273028
31-MAR-2024,COMMERCE BANK,257747
31-MAR-2024,"COMMONWEALTH EQUITY SERVICES, LLC",29614
31-MAR-2024,COMMONWEALTH OF PENNSYLVANIA PUBLIC SCHOOL EMPLS RETRMT SYS,8448957
31-MAR-2024,"CONCOURSE FINANCIAL GROUP SECURITIES, INC.",544434
31-MAR-2024,CONFLUENCE INVESTMENT MANAGEMENT LLC,699006
31-MAR-2024,"CONTRAVISORY INVESTMENT MANAGEMENT, INC.",9517993
31-MAR-2024,"CONWAY CAPITAL MANAGEMENT, INC.",1165344
31-MAR-2024,"CORNERSTONE ENTERPRISES, LLC",371480
31-MAR-2024,"CORRADO ADVISORS, LLC",1049127
31-MAR-2024,CORRECT CAPITAL WEALTH MANAGEMENT,433202
31-MAR-2024,"CRA Financial Services, LLC",231201
31-MAR-2024,CREATIVE FINANCIAL DESIGNS INC /ADV,497747
31-MAR-2024,CAISSE DE DEPOT ET PLACEMENT DU QUEBEC,102039339
31-MAR-2024,iA Global Asset Management Inc.,1092
31-MAR-2024,MERCER GLOBAL ADVISORS INC /ADV,4181
31-MAR-2024,Key Financial Inc,49622
31-MAR-2024,"LAKE STREET PRIVATE WEALTH, LLC",746620
31-MAR-2024,"LAFFER TENGLER INVESTMENTS, INC.",1543
31-MAR-2024,LA FINANCIERE DE L'ECHIQUIER,21383807
31-MAR-2024,"Kozak & Associates, Inc.",312752
31-MAR-2024,Korea Investment CORP,80738501
31-MAR-2024,Kodai Capital Management LP,24046018
31-MAR-2024,"Knollwood Investment Advisory, LLC",1419156
31-MAR-2024,"Kingsview Wealth Management, LLC",2034896
31-MAR-2024,"Kiely Wealth Advisory Group, Inc.",5829
31-MAR-2024,"Kestra Advisory Services, LLC",5179113
31-MAR-2024,KAYNE ANDERSON RUDNICK INVESTMENT MANAGEMENT LLC,7953157
31-MAR-2024,"Kesler, Norman & Wride, LLC",749166
31-MAR-2024,"Kercheville Advisors, LLC",2101725
31-MAR-2024,Kelly Financial Services LLC,99626
31-MAR-2024,"Keel Point, LLC",242005
31-MAR-2024,"KRS Capital Management, LLC",415175
31-MAR-2024,"KIRTLAND HILLS CAPITAL MANAGEMENT, LLC",207196
31-MAR-2024,"KINGSWOOD WEALTH ADVISORS, LLC",254197
31-MAR-2024,KEYSTONE INVESTORS PTE LTD,831970
31-MAR-2024,"KESTRA PRIVATE WEALTH SERVICES, LLC",2710828
31-MAR-2024,"LAM GROUP, INC.",2315
31-MAR-2024,"LANDSCAPE CAPITAL MANAGEMENT, L.L.C.",3637562
31-MAR-2024,"LAZARI CAPITAL MANAGEMENT, INC.",483856
31-MAR-2024,"LEVEL FOUR ADVISORY SERVICES, LLC",261744
31-MAR-2024,"Leeward Financial Partners, LLC",231124
31-MAR-2024,Laurion Capital Management LP,6893211
31-MAR-2024,Laurel Wealth Advisors LLC,37042
31-MAR-2024,"Latitude Advisors, LLC",435824
31-MAR-2024,Larson Financial Group LLC,248565
31-MAR-2024,Lakeridge Wealth Management LLC,520828
31-MAR-2024,"Laird Norton Wetherby Wealth Management, LLC",2219255
31-MAR-2024,"LYELL WEALTH MANAGEMENT, LP",9967277
31-MAR-2024,"LVW Advisors, LLC",268629
31-MAR-2024,"LRI Investments, LLC",6437562
31-MAR-2024,LPL Financial LLC,80296340
31-MAR-2024,LOUISBOURG INVESTMENTS INC.,7133491
31-MAR-2024,LORING WOLCOTT & COOLIDGE FIDUCIARY ADVISORS LLP/MA,116761
31-MAR-2024,"LORD, ABBETT & CO. LLC",403154
31-MAR-2024,LONG WALK MANAGEMENT LP,32025550
31-MAR-2024,LOGAN CAPITAL MANAGEMENT INC,1943681
31-MAR-2024,LMR Partners LLP,2878441
31-MAR-2024,LM Advisors LLC,378
31-MAR-2024,LINCOLN NATIONAL CORP,480426
31-MAR-2024,KENNEDY INVESTMENT GROUP,1003210
31-MAR-2024,Janney Montgomery Scott LLC,11406
31-MAR-2024,"Horrell Capital Management, Inc.",20
31-MAR-2024,INTECH INVESTMENT MANAGEMENT LLC,5412010
31-MAR-2024,Industrial Alliance Investment Management Inc.,59
31-MAR-2024,"Indie Asset Partners, LLC",305207
31-MAR-2024,"Independent Solutions Wealth Management, LLC",3101655
31-MAR-2024,Independent Advisor Alliance,2192186
31-MAR-2024,"Impact Partnership Wealth, LLC",69
31-MAR-2024,"Icon Wealth Advisors, LLC",685578
31-MAR-2024,IPG Investment Advisors LLC,412937
31-MAR-2024,INVESTMENT HOUSE LLC,410159
31-MAR-2024,"INTERNATIONAL ASSETS INVESTMENT MANAGEMENT, LLC",1286069
31-MAR-2024,INTACT INVESTMENT MANAGEMENT INC.,36318090
31-MAR-2024,"Jaffetilchin Investment Partners, LLC",4959608
31-MAR-2024,"INSIGNEO ADVISORY SERVICES, LLC",2368501
31-MAR-2024,"IMC-Chicago, LLC",226371481
31-MAR-2024,"IHT Wealth Management, LLC",545134
31-MAR-2024,"IFP Advisors, Inc",1325934
31-MAR-2024,"IEQ CAPITAL, LLC",1103762
31-MAR-2024,"ICONIQ Capital, LLC",72327274
31-MAR-2024,"ICA Group Wealth Management, LLC",1027989
31-MAR-2024,Hudson Bay Capital Management LP,67137900
31-MAR-2024,"Householder Group Estate & Retirement Specialist, LLC",154
31-MAR-2024,"Institute for Wealth Management, LLC.",296258
31-MAR-2024,Integrated Advisors Network LLC,806093
31-MAR-2024,"Intellectus Partners, LLC",848226
31-MAR-2024,"InterOcean Capital Group, LLC",401901
31-MAR-2024,"JUNCTURE WEALTH STRATEGIES, LLC",447123
31-MAR-2024,JPMORGAN CHASE & CO,26249068
31-MAR-2024,JONES FINANCIAL COMPANIES LLLP,245941
31-MAR-2024,JOHNSON INVESTMENT COUNSEL INC,615817
31-MAR-2024,"JGP Wealth Management, LLC",383335
31-MAR-2024,"JFS WEALTH ADVISORS, LLC",73852
31-MAR-2024,"JFG Wealth Management, LLC",385850
31-MAR-2024,"JEPPSON WEALTH MANAGEMENT, LLC",1945919
31-MAR-2024,JCIC Asset Management Inc.,52482
31-MAR-2024,"JARISLOWSKY, FRASER Ltd",291430261
31-MAR-2024,"JANICZEK WEALTH MANAGEMENT, LLC",68064
31-MAR-2024,"JAMISON PRIVATE WEALTH MANAGEMENT, INC.",162829
31-MAR-2024,"JAG CAPITAL MANAGEMENT, LLC",8545960
31-MAR-2024,"J.W. COLE ADVISORS, INC.",650914
31-MAR-2024,J. Goldman & Co LP,15347338
31-MAR-2024,"Investment Research & Advisory Group, Inc.",16977
31-MAR-2024,Investment Management Corp of Ontario,27255672
31-MAR-2024,"Intrinsic Value Partners, LLC",1073512
31-MAR-2024,"Interchange Capital Partners, LLC",433446
31-MAR-2024,"Left Brain Wealth Management, LLC",1867051
31-MAR-2024,"Legacy Bridge, LLC",7563
31-MAR-2024,"Legacy Capital Group California, Inc.",1712094
31-MAR-2024,"Miracle Mile Advisors, LLC",265773
31-MAR-2024,Murchinson Ltd.,19292500
31-MAR-2024,"Moser Wealth Advisors, LLC",665668
31-MAR-2024,"Moors & Cabot, Inc.",615894
31-MAR-2024,"Moloney Securities Asset Management, LLC",3213745
31-MAR-2024,Mn Services Vermogensbeheer B.V.,37641
31-MAR-2024,"Miura Global Management, LLC",2700950
31-MAR-2024,Mitsubishi UFJ Trust & Banking Corp,86318504
31-MAR-2024,Missouri Trust & Investment Co,3859
31-MAR-2024,"Mirae Asset Global Investments Co., Ltd.",12014752
31-MAR-2024,"Midwest Professional Planners, LTD.",373657
31-MAR-2024,"Legacy Financial Advisors, Inc.",691752
31-MAR-2024,"Metis Global Partners, LLC",4008039
31-MAR-2024,"Merit Financial Group, LLC",951897
31-MAR-2024,"Mendota Financial Group, LLC",9261
31-MAR-2024,Menard Financial Group LLC,830195
31-MAR-2024,Mediolanum International Funds Ltd,1484197
31-MAR-2024,"McIlrath & Eck, LLC",361927
31-MAR-2024,"McClarren Financial Advisors, Inc.",82
31-MAR-2024,"Mayflower Financial Advisors, LLC",511097
31-MAR-2024,Masso Torrence Wealth Management Inc.,871944
31-MAR-2024,"Mutual Advisors, LLC",1937584
31-MAR-2024,"NAPLES GLOBAL ADVISORS, LLC",290237
31-MAR-2024,"NATIONS FINANCIAL GROUP INC, /IA/ /ADV",351046
31-MAR-2024,"NBC SECURITIES, INC.",121
31-MAR-2024,"NewEdge Wealth, LLC",770184
31-MAR-2024,"NewEdge Advisors, LLC",4184095
31-MAR-2024,New Insight Wealth Advisors,267394
31-MAR-2024,New England Capital Financial Advisors LLC,849
31-MAR-2024,Nepsis Inc.,23362060
31-MAR-2024,Nemes Rush Group LLC,366635
31-MAR-2024,"National Wealth Management Group, LLC",257825
31-MAR-2024,Naples Money Management LLC,13891
31-MAR-2024,Napean Trading & Investment Co (Singapore) PTE Ltd,7539046
31-MAR-2024,"Nadler Financial Group, Inc.",541965
31-MAR-2024,"NZS Capital, LLC",43686632
31-MAR-2024,NWAM LLC,387690
31-MAR-2024,"NVWM, LLC",170546
31-MAR-2024,"NORTHWEST INVESTMENT COUNSELORS, LLC",61504
31-MAR-2024,NORDEN GROUP LLC,3831012
31-MAR-2024,NOMURA ASSET MANAGEMENT CO LTD,4105044
31-MAR-2024,"NFP Retirement, Inc.",290391
31-MAR-2024,NEW YORK STATE COMMON RETIREMENT FUND,115518
31-MAR-2024,NEUBERGER BERMAN GROUP LLC,10727
31-MAR-2024,Maryland State Retirement & Pension System,4253611
31-MAR-2024,"Marks Group Wealth Management, Inc",19293
31-MAR-2024,"Mariner, LLC",8733928
31-MAR-2024,"MISSION WEALTH MANAGEMENT, LP",706415
31-MAR-2024,MGO ONE SEVEN LLC,1423632
31-MAR-2024,"MEANS INVESTMENT CO., INC.",1111872
31-MAR-2024,MCF Advisors LLC,163601
31-MAR-2024,"MATHER GROUP, LLC.",7011
31-MAR-2024,MASSMUTUAL TRUST CO FSB/ADV,155806
31-MAR-2024,MASSACHUSETTS FINANCIAL SERVICES CO /MA/,64923584
31-MAR-2024,MARSICO CAPITAL MANAGEMENT LLC,24033130
31-MAR-2024,MAI Capital Management,1243749
31-MAR-2024,MACROVIEW INVESTMENT MANAGEMENT LLC,3242
31-MAR-2024,MACKENZIE FINANCIAL CORP,325083678
31-MAR-2024,Lynwood Capital Management Inc.,131189
31-MAR-2024,Liontrust Investment Partners LLP,17823459
31-MAR-2024,Linden Advisors LP,27330651
31-MAR-2024,"Lindbrook Capital, LLC",581451
31-MAR-2024,"LifeSteps Financial, Inc.",83344
31-MAR-2024,"Lido Advisors, LLC",1569104
31-MAR-2024,"LexAurum Advisors, LLC",505695
31-MAR-2024,"Legal Advantage Investments, Inc.",1891437
31-MAR-2024,"Legacy Wealth Asset Management, LLC",602929
31-MAR-2024,MILLENNIUM MANAGEMENT LLC,71007411
31-MAR-2024,MMBG INVESTMENT ADVISORS CO.,6480891
31-MAR-2024,"Marcum Wealth, LLC",764909
31-MAR-2024,MONETA GROUP INVESTMENT ADVISORS LLC,268680
31-MAR-2024,Marcho Partners LLP,36164409
31-MAR-2024,Manchester Capital Management LLC,609643
31-MAR-2024,"Malaga Cove Capital, LLC",1654911
31-MAR-2024,"Mainsail Financial Group, LLC",245401
31-MAR-2024,"Main Street Group, LTD",82018
31-MAR-2024,"Main Street Financial Solutions, LLC",862529
31-MAR-2024,Magnetar Financial LLC,27208067
31-MAR-2024,Magellan Asset Management Ltd,231201
31-MAR-2024,MWA Asset Management,996661
31-MAR-2024,MUFG Securities EMEA plc,1001435
31-MAR-2024,"MUFG SECURITIES (CANADA), LTD.",48382
31-MAR-2024,"MSA Advisors, LLC",2561272
31-MAR-2024,MOTCO,1929
31-MAR-2024,MOSELEY INVESTMENT MANAGEMENT INC,473824
31-MAR-2024,"MOORE CAPITAL MANAGEMENT, LP",1224611
31-MAR-2024,"MOODY LYNN & LIEBERSON, LLC",2372900
31-MAR-2024,MONTRUSCO BOLTON INVESTMENTS INC.,2709857
31-MAR-2024,MONTGOMERY INVESTMENT MANAGEMENT INC,370416
31-MAR-2024,MONTAG A & ASSOCIATES INC,1381035
31-MAR-2024,Horst & Graben Wealth Management LLC,220398
31-MAR-2024,Holistic Financial Partners,259678
31-MAR-2024,"Douglass Winthrop Advisors, LLC",1389446
31-MAR-2024,"Fairman Group, LLC",212218
31-MAR-2024,"Financial Avengers, Inc.",3222992
31-MAR-2024,Financial Advocates Investment Management,3868036
31-MAR-2024,Fiera Capital Corp,1110268
31-MAR-2024,Fiduciary Alliance LLC,512692
31-MAR-2024,"Fernwood Investment Management, LLC",42444
31-MAR-2024,"Farther Finance Advisors, LLC",886637
31-MAR-2024,Farmers & Merchants Trust Co of Chambersburg PA,77
31-MAR-2024,"Family Wealth Group, LLC",462101
31-MAR-2024,"Faithward Advisors, LLC",5766220
31-MAR-2024,"FWL INVESTMENT MANAGEMENT, LLC",1929
31-MAR-2024,FIRST MANHATTAN CO. LLC.,57105
31-MAR-2024,FSA Wealth Management LLC,7717
31-MAR-2024,FRG Family Wealth Advisors LLC,16146
31-MAR-2024,"FRED ALGER MANAGEMENT, LLC",12592832
31-MAR-2024,"FOSTER DYKEMA CABOT & PARTNERS, LLC",18521
31-MAR-2024,FORTE CAPITAL LLC /ADV,244011
31-MAR-2024,FORSTA AP-FONDEN,27158803
31-MAR-2024,FLPUTNAM INVESTMENT MANAGEMENT CO,273876
31-MAR-2024,"FLAGSHIP HARBOR ADVISORS, LLC",3665883
31-MAR-2024,FIRST UNITED BANK & TRUST,72154
31-MAR-2024,"Financial Connections Group, Inc.",4
31-MAR-2024,"Financial Gravity Asset Management, Inc.",16249
31-MAR-2024,"Financial Perspectives, Inc",1171518
31-MAR-2024,"Financial Synergies Wealth Advisors, Inc.",10033
31-MAR-2024,"Foundations Investment Advisors, LLC",545515
31-MAR-2024,"Forum Financial Management, LP",293787
31-MAR-2024,"Fortune Financial Advisors, LLC",325503
31-MAR-2024,"Fortis Group Advisors, LLC",5402
31-MAR-2024,Fortis Capital Management LLC,295756
31-MAR-2024,Fort Sheridan Advisors LLC,247716
31-MAR-2024,Fort Point Capital Partners LLC,216385
31-MAR-2024,Fort Baker Capital Management LP,20959854
31-MAR-2024,"Formidable Asset Management, LLC",101556
31-MAR-2024,"Focused Wealth Management, Inc",658877
31-MAR-2024,"Focus Financial Network, Inc.",17447844
31-MAR-2024,FirstPurpose Wealth LLC,242429
31-MAR-2024,First Trust Direct Indexing L.P.,1164187
31-MAR-2024,"First Horizon Advisors, Inc.",102867
31-MAR-2024,"First Heartland Consultants, Inc.",313
31-MAR-2024,"First Command Advisory Services, Inc.",379676
31-MAR-2024,First Bank & Trust,133581
31-MAR-2024,First Affirmative Financial Network,249490
31-MAR-2024,FineMark National Bank & Trust,171163
31-MAR-2024,FIRST TRUST ADVISORS LP,70444695
31-MAR-2024,FIRST HAWAIIAN BANK,25080
31-MAR-2024,Hillsdale Investment Management Inc.,19181791
31-MAR-2024,"EP Wealth Advisors, LLC",910691
31-MAR-2024,Eisler Capital (US) LLC,5262994
31-MAR-2024,"Edgestream Partners, L.P.",469425
31-MAR-2024,Eagle Bay Advisors LLC,3859
31-MAR-2024,"EXCHANGE TRADED CONCEPTS, LLC",3705009
31-MAR-2024,"EVOKE WEALTH, LLC",491187
31-MAR-2024,EVERMAY WEALTH MANAGEMENT LLC,273954
31-MAR-2024,EVERGREEN CAPITAL MANAGEMENT LLC,67910
31-MAR-2024,EULAV Asset Management,9260400
31-MAR-2024,EQUITABLE TRUST CO,15915309
31-MAR-2024,ENVESTNET ASSET MANAGEMENT INC,71535037
31-MAR-2024,FIRST FOUNDATION ADVISORS,79331
31-MAR-2024,"ENCOMPASS WEALTH ADVISORS, LLC",1212881
31-MAR-2024,EMC Capital Management,193
31-MAR-2024,"ELEMENT POINTE ADVISORS, LLC",1309266
31-MAR-2024,EFG Asset Management (North America) Corp.,2761353
31-MAR-2024,EDMOND DE ROTHSCHILD HOLDING S.A.,2279991
31-MAR-2024,Dynamic Technology Lab Private Ltd,625
31-MAR-2024,Dynamic Advisor Solutions LLC,615354
31-MAR-2024,Durable Capital Partners LP,84983926
31-MAR-2024,"Dunhill Financial, LLC",8489
31-MAR-2024,"Empirical Financial Services, LLC d.b.a. Empirical Wealth Management",902504
31-MAR-2024,Employees Retirement System of Texas,17336
31-MAR-2024,"Empower Advisory Group, LLC",1194592
31-MAR-2024,"Empowered Funds, LLC",1961352
31-MAR-2024,FIRST FINANCIAL CORP /IN/,1543
31-MAR-2024,FINANCIAL COUNSELORS INC,4836244
31-MAR-2024,FFT WEALTH MANAGEMENT LLC,285529
31-MAR-2024,"FDx Advisors, Inc.",429
31-MAR-2024,"FAS Wealth Partners, Inc.",663894
31-MAR-2024,"FAIRFIELD, BUSH & CO.",1383272
31-MAR-2024,"Evolutionary Tree Capital Management, LLC",2466739
31-MAR-2024,"Evolution Wealth Advisors, LLC",227266
31-MAR-2024,"Evolution Advisers, Inc.",1
31-MAR-2024,"Everhart Financial Group, Inc.",569514
31-MAR-2024,"Evercore Wealth Management, LLC",338776
31-MAR-2024,"EverSource Wealth Advisors, LLC",280823
31-MAR-2024,"Evanson Asset Management, LLC",775201
31-MAR-2024,Essex LLC,381760
31-MAR-2024,"Essex Financial Services, Inc.",313079
31-MAR-2024,Erste Asset Management GmbH,4336116
31-MAR-2024,"Envestnet Portfolio Solutions, Inc.",2026407
31-MAR-2024,"Ensign Peak Advisors, Inc",126379016
31-MAR-2024,Engineers Gate Manager LP,509997
31-MAR-2024,"Fountainhead AM, LLC",280127
31-MAR-2024,Fox Hill Wealth Management,146333
31-MAR-2024,"Frazier Financial Advisors, LLC",8489
31-MAR-2024,"Great Diamond Partners, LLC",656640
31-MAR-2024,"HARBOR INVESTMENT ADVISORY, LLC",320873
31-MAR-2024,"HARBOR CAPITAL ADVISORS, INC.",2650
31-MAR-2024,"HAP Trading, LLC",221825
31-MAR-2024,"HANTZ FINANCIAL SERVICES, INC.",4818
31-MAR-2024,Gulf International Bank (UK) Ltd,606
31-MAR-2024,"Guardian Asset Advisors, LLC",409325
31-MAR-2024,Gryphon Financial Partners LLC,8420008
31-MAR-2024,Greytown Advisors Inc.,230257
31-MAR-2024,"Grey Street Capital, LLC",434325
31-MAR-2024,"Gratus Capital, LLC",11381958
31-MAR-2024,"Freedom Investment Management, Inc.",1420876
31-MAR-2024,Grassi Investment Management,334
31-MAR-2024,"Granite Investment Partners, LLC",10171932
31-MAR-2024,Granite FO LLC,2393
31-MAR-2024,"Granite Bay Wealth Management, LLC",1237
31-MAR-2024,Grandview Asset Management LLC,817
31-MAR-2024,Gradient Investments LLC,2624
31-MAR-2024,"Gould Capital, LLC",9646
31-MAR-2024,"Gotham Asset Management, LLC",600768
31-MAR-2024,Gordian Capital Singapore Pte Ltd,772
31-MAR-2024,"HARBOUR INVESTMENTS, INC.",1225768
31-MAR-2024,HARTLINE INVESTMENT CORP/,220012
31-MAR-2024,"HB Wealth Management, LLC",567817
31-MAR-2024,HBK Sorce Advisory LLC,502481
31-MAR-2024,"HighTower Advisors, LLC",7485000
31-MAR-2024,HighPoint Advisor Group LLC,1177
31-MAR-2024,HighMark Wealth Management LLC,29918
31-MAR-2024,Hexagon Capital Partners LLC,48077
31-MAR-2024,Heritage Wealth Advisors,46223
31-MAR-2024,Henry James International Management Inc.,12000000
31-MAR-2024,"Harvest Fund Management Co., Ltd",45
31-MAR-2024,Hartford Financial Management Inc.,7717
31-MAR-2024,"Harbour Capital Advisors, LLC",533169
31-MAR-2024,HSBC HOLDINGS PLC,48020138
31-MAR-2024,HOLLENCREST CAPITAL MANAGEMENT,170160
31-MAR-2024,HM PAYSON & CO,38585
31-MAR-2024,HIMENSION CAPITAL (SINGAPORE) PTE. LTD.,5356061
31-MAR-2024,HIGHLINE WEALTH PARTNERS LLC,65595
31-MAR-2024,"HIGHLAND CAPITAL MANAGEMENT, LLC",1611310
31-MAR-2024,"HHM Wealth Advisors, LLC",97312
31-MAR-2024,HERITAGE INVESTORS MANAGEMENT CORP,347
31-MAR-2024,HEALTHCARE OF ONTARIO PENSION PLAN TRUST FUND,54328946
31-MAR-2024,HBW ADVISORY SERVICES LLC,354
31-MAR-2024,"Good Life Advisors, LLC",1675365
31-MAR-2024,GoalVest Advisory LLC,26778
31-MAR-2024,"Global Wealth Management Investment Advisory, Inc.",1300778
31-MAR-2024,GUARDIAN CAPITAL ADVISORS LP,374162
31-MAR-2024,"GROUP ONE TRADING, L.P.",49404234
31-MAR-2024,"GRIFFIN ASSET MANAGEMENT, INC.",857745
31-MAR-2024,"GREENLEA LANE CAPITAL MANAGEMENT, LLC",20059570
31-MAR-2024,"GREAT VALLEY ADVISOR GROUP, INC.",1103636
31-MAR-2024,GRAND JEAN CAPITAL MANAGEMENT INC,2291949
31-MAR-2024,GQG Partners LLC,1613005797
31-MAR-2024,"GPS Wealth Strategies Group, LLC",1087974
31-MAR-2024,"GM Advisory Group, LLC",860986
31-MAR-2024,GLENMEDE TRUST CO NA,259368
31-MAR-2024,"GILL CAPITAL PARTNERS, LLC",384415
31-MAR-2024,GILDER GAGNON HOWE & CO LLC,101310034
31-MAR-2024,"GHP Investment Advisors, Inc.",23306
31-MAR-2024,"GFS Advisors, LLC",237000
31-MAR-2024,GATEWAY INVESTMENT ADVISERS LLC,4683679
31-MAR-2024,"GARRISON POINT ADVISORS, LLC",351895
31-MAR-2024,"GAMCO INVESTORS, INC. ET AL",206816
31-MAR-2024,GAGNON SECURITIES LLC,545283
31-MAR-2024,GABLES CAPITAL MANAGEMENT INC.,1270220
31-MAR-2024,Front Row Advisors LLC,2161
31-MAR-2024,"GS Investments, Inc.",34881
31-MAR-2024,GUARDIAN CAPITAL LP,9114995
31-MAR-2024,"Global Trust Asset Management, LLC",7717
31-MAR-2024,"GUARDIAN WEALTH ADVISORS, LLC / NC",302892
31-MAR-2024,"Global Retirement Partners, LLC",771623
31-MAR-2024,"Global Financial Private Client, LLC",211817
31-MAR-2024,"Global Assets Advisory, LLC",396
31-MAR-2024,Glenview Trust Co,273799
31-MAR-2024,"Gleason Group, Inc.",125556
31-MAR-2024,Gladstone Institutional Advisory LLC,807738
31-MAR-2024,Gilliland Jeter Wealth Management LLC,407921
31-MAR-2024,"Gilbert & Cook, Inc.",281593
31-MAR-2024,Gifford Fong Associates,5402
31-MAR-2024,Gerber Kawasaki Wealth & Investment Management,1331190
31-MAR-2024,Genus Capital Management Inc.,8940266
31-MAR-2024,Generali Investments Towarzystwo Funduszy Inwestycyjnych,1473168
31-MAR-2024,Geneos Wealth Management Inc.,368332
31-MAR-2024,Gen-Wealth Partners Inc,1543
31-MAR-2024,Gavilan Investment Partners LLC,17517590
31-MAR-2024,Garner Asset Management Corp,432
31-MAR-2024,Garden State Investment Advisory Services LLC,243206
31-MAR-2024,"GW&K Investment Management, LLC",45
31-MAR-2024,"GUERRA PAN ADVISORS, LLC",209362
31-MAR-2024,NewSquare Capital LLC,23151
31-MAR-2024,"Newbridge Financial Services Group, Inc.",771700
31-MAR-2024,Newlands Management Operations LLC,488104109
31-MAR-2024,"THOROUGHBRED FINANCIAL SERVICES, LLC",7528
31-MAR-2024,TUCKER ASSET MANAGEMENT LLC,16206
31-MAR-2024,"TSFG, LLC",150
31-MAR-2024,TRUST CO OF VERMONT,77170
31-MAR-2024,TOWNSQUARE CAPITAL LLC,4707524
31-MAR-2024,TOTH FINANCIAL ADVISORY CORP,94920
31-MAR-2024,TORONTO DOMINION BANK,226336755
31-MAR-2024,TOCQUEVILLE ASSET MANAGEMENT L.P.,10022762
31-MAR-2024,TOBAM,98
31-MAR-2024,"TITLEIST ASSET MANAGEMENT, LLC",14399382
31-MAR-2024,THORNBURG INVESTMENT MANAGEMENT INC,28876694
31-MAR-2024,Swiss National Bank,280846642
31-MAR-2024,"THOMPSON INVESTMENT MANAGEMENT, INC.",3087
31-MAR-2024,"TFC Financial Management, Inc.",631328
31-MAR-2024,TFB Advisors LLC,256397
31-MAR-2024,TECTONIC ADVISORS LLC,289851
31-MAR-2024,TEACHERS RETIREMENT SYSTEM OF THE STATE OF KENTUCKY,27899
31-MAR-2024,TD Asset Management Inc,612239651
31-MAR-2024,"TCTC Holdings, LLC",9260
31-MAR-2024,"TBH Global Asset Management, LLC",435960
31-MAR-2024,"Synergy Financial Group, LTD",4858778
31-MAR-2024,"TWO SIGMA ADVISERS, LP",12628871
31-MAR-2024,"TWO SIGMA INVESTMENTS, LP",6148828
31-MAR-2024,"TWO SIGMA SECURITIES, LLC",40871470
31-MAR-2024,Tacita Capital Inc,600269
31-MAR-2024,Truvestments Capital LLC,46302
31-MAR-2024,"Trueblood Wealth Management, LLC",280359
31-MAR-2024,"True Wealth Design, LLC",927
31-MAR-2024,Triumph Capital Management,211516
31-MAR-2024,Trium Capital LLP,2488
31-MAR-2024,"Trifecta Capital Advisors, LLC",61736
31-MAR-2024,Triasima Portfolio Management inc.,61579186
31-MAR-2024,"Traynor Capital Management, Inc.",602231
31-MAR-2024,"Tradition Wealth Management, LLC",256359
31-MAR-2024,"Tradewinds Capital Management, LLC",10804
31-MAR-2024,Tower View Wealth Management LLC,3859
31-MAR-2024,"Total Clarity Wealth Management, Inc.",258520
31-MAR-2024,"Tortoise Investment Management, LLC",108192
31-MAR-2024,"Tidemark, LLC",172322
31-MAR-2024,Tidal Investments LLC,290391
31-MAR-2024,Thrivent Financial for Lutherans,58621
31-MAR-2024,Texas Yale Capital Corp.,9174355
31-MAR-2024,"Teamwork Financial Advisors, LLC",378596
31-MAR-2024,Tairen Capital Ltd,10221244
31-MAR-2024,Symmetry Investments LP,2453
31-MAR-2024,"Sunbelt Securities, Inc.",1040573
31-MAR-2024,"Nicholas Investment Partners, LP",5206738
31-MAR-2024,"Simplicity Wealth,LLC",1524493
31-MAR-2024,Souders Financial Advisors,860600
31-MAR-2024,Soltis Investment Advisors LLC,654036
31-MAR-2024,"Solstein Capital, LLC",16206
31-MAR-2024,"Solidarity Wealth, LLC",212372
31-MAR-2024,Snowden Capital Advisors LLC,1612158
31-MAR-2024,Smithfield Trust Co,11
31-MAR-2024,Smartleaf Asset Management LLC,9777
31-MAR-2024,Skye Global Management LP,4630200
31-MAR-2024,"Sivia Capital Partners, LLC",532550
31-MAR-2024,Sigma Planning Corp,2061096
31-MAR-2024,"Summit Trail Advisors, LLC",258520
31-MAR-2024,"Sheaff Brock Investment Advisors, LLC",1010927
31-MAR-2024,Seven Post Investment Office LP,378133
31-MAR-2024,"Sequoia Financial Advisors, LLC",1353254
31-MAR-2024,"Sepio Capital, LP",3023058
31-MAR-2024,Semmax Financial Advisors Inc.,3645
31-MAR-2024,"Select Equity Group, L.P.",142654996
31-MAR-2024,"Secure Asset Management, LLC",301966
31-MAR-2024,"Seaport Global Advisors, LLC",989705
31-MAR-2024,"SeaCrest Wealth Management, LLC",478068
31-MAR-2024,"Sound Income Strategies, LLC",8334
31-MAR-2024,"Sound View Wealth Advisors Group, LLC",709732
31-MAR-2024,"SpiderRock Advisors, LLC",2205056
31-MAR-2024,Spire Wealth Management,2167088
31-MAR-2024,Summit Global Investments,255
31-MAR-2024,"Sumitomo Mitsui DS Asset Management Company, Ltd",240076
31-MAR-2024,"Sugarloaf Wealth Management, LLC",86430
31-MAR-2024,"Stuart Chaussee & Associates, Inc.",9260
31-MAR-2024,"Strengthening Families & Communities, LLC",92
31-MAR-2024,"Stratos Wealth Partners, LTD.",1853701
31-MAR-2024,Strategy Capital LLC,127439232
31-MAR-2024,"Strategic Financial Concepts, LLC",376359
31-MAR-2024,"Strategic Blueprint, LLC",490019
31-MAR-2024,Strategic Advisors LLC,554698
31-MAR-2024,"Stonegate Investment Group, LLC",2590526
31-MAR-2024,"StoneCrest Wealth Management, Inc.",1183402
31-MAR-2024,"Stone House Investment Management, LLC",18598
31-MAR-2024,"Steward Partners Investment Advisory, LLC",1498641
31-MAR-2024,"Sterling Investment Advisors, Ltd.",2934544
31-MAR-2024,"SteelPeak Wealth, LLC",4127901
31-MAR-2024,Steadview Capital Management LLC,41355712
31-MAR-2024,State of Wyoming,262929
31-MAR-2024,"State of Tennessee, Treasury Department",55416854
31-MAR-2024,"Twin Lakes Capital Management, LLC",11576
31-MAR-2024,"Twin Peaks Wealth Advisors, LLC",322416
31-MAR-2024,"Twin Tree Management, LP",30479679
31-MAR-2024,"Wealth Architects, LLC",493811
31-MAR-2024,"Wellington Shields & Co., LLC",5544431
31-MAR-2024,"Weinberger Asset Management, Inc",1543400
31-MAR-2024,Wedmont Private Capital,212248
31-MAR-2024,Weaver Capital Management LLC,2424373
31-MAR-2024,"Wealthspire Advisors, LLC",263999
31-MAR-2024,Wealthfront Advisers LLC,914619
31-MAR-2024,Wealthcare Advisory Partners LLC,334918
31-MAR-2024,"WealthCollab, LLC",10804
31-MAR-2024,"Wealth Management Partners, LLC",1126836
31-MAR-2024,"Wealth Alliance Advisory Group, LLC",241542
31-MAR-2024,Tyche Wealth Partners LLC,263921
31-MAR-2024,Waypoint Wealth Partners Inc.,551766
31-MAR-2024,"Watts Gwilliam & Co., LLC",499058
31-MAR-2024,Walleye Trading LLC,105398786
31-MAR-2024,Walleye Capital LLC,109507379
31-MAR-2024,Wahed Invest LLC,7021596
31-MAR-2024,WT Wealth Management,230275
31-MAR-2024,"WR Wealth Planners, LLC",25080
31-MAR-2024,"WOODWARD DIVERSIFIED CAPITAL, LLC",1181473
31-MAR-2024,WOODSTOCK CORP,909834
31-MAR-2024,"Wellington Shields Capital Management, LLC",1257871
31-MAR-2024,"West Family Investments, Inc.",409773
31-MAR-2024,"Western Wealth Management, LLC",431999
31-MAR-2024,"Westmount Partners, LLC",382532
31-MAR-2024,Zurcher Kantonalbank (Zurich Cantonalbank),31828458
31-MAR-2024,"Zullo Investment Group, Inc.",753565
31-MAR-2024,"Zions Bancorporation, N.A.",31408
31-MAR-2024,Zhang Financial LLC,537952
31-MAR-2024,ZEVENBERGEN CAPITAL INVESTMENTS LLC,127544338
31-MAR-2024,ZACKS INVESTMENT MANAGEMENT,257128
31-MAR-2024,"Your Advocates Ltd., LLP",30868
31-MAR-2024,"Yarbrough Capital, LLC",7522532
31-MAR-2024,"YOUSIF CAPITAL MANAGEMENT, LLC",1635618
31-MAR-2024,"YHB Investment Advisors, Inc.",421348
31-MAR-2024,Y.D. More Investments Ltd,429065
31-MAR-2024,Y-Intercept (Hong Kong) Ltd,884060
31-MAR-2024,XR Securities LLC,536100
31-MAR-2024,"X-Square Capital, LLC",624
31-MAR-2024,"Worth Asset Management, LLC",250803
31-MAR-2024,Winthrop Advisory Group LLC,369258
31-MAR-2024,"Willis Johnson & Associates, Inc.",210520
31-MAR-2024,White Pine Investment CO,345
31-MAR-2024,"Westside Investment Management, Inc.",3408055
31-MAR-2024,WOODARD & CO ASSET MANAGEMENT GROUP INC /ADV,622145
31-MAR-2024,WOLFF WIESE MAGANA LLC,75087
31-MAR-2024,"WMS Partners, LLC",472667
31-MAR-2024,Varma Mutual Pension Insurance Co,19899981
31-MAR-2024,Vanguard Capital Wealth Advisors,509322
31-MAR-2024,"Van Hulzen Asset Management, LLC",240
31-MAR-2024,"Valmark Advisers, Inc.",644987
31-MAR-2024,"Valeo Financial Advisors, LLC",2184414
31-MAR-2024,VICTORY CAPITAL MANAGEMENT INC,6361046
31-MAR-2024,"VIAWEALTH, LLC",580627
31-MAR-2024,"VESTOR CAPITAL, LLC",5069
31-MAR-2024,"VERUS CAPITAL PARTNERS, LLC",351818
31-MAR-2024,VANGUARD GROUP INC,2205870650
31-MAR-2024,VAN ECK ASSOCIATES CORP,735
31-MAR-2024,"VALLEY WEALTH MANAGERS, INC.",165916
31-MAR-2024,VALLEY NATIONAL ADVISERS INC,114
31-MAR-2024,V-Square Quantitative Management LLC,605055
31-MAR-2024,Utah Retirement Systems,10535870
31-MAR-2024,UniSuper Management Pty Ltd,1786950
31-MAR-2024,USS Investment Management Ltd,14227225
31-MAR-2024,"UMB Bank, n.a.",867314
31-MAR-2024,UBS ASSET MANAGEMENT AMERICAS LLC,15900878
31-MAR-2024,Tyler-Stone Wealth Management,301736
31-MAR-2024,"Vanguard Personalized Indexing Management, LLC",2441659
31-MAR-2024,Venture Visionary Partners LLC,5124551
31-MAR-2024,"WILLIAM BLAIR INVESTMENT MANAGEMENT, LLC",148938332
31-MAR-2024,"Venturi Wealth Management, LLC",366249
31-MAR-2024,WILBANKS SMITH & THOMAS ASSET MANAGEMENT LLC,528460
31-MAR-2024,WHITTIER TRUST CO OF NEVADA INC,101860
31-MAR-2024,WHITTIER TRUST CO,336150
31-MAR-2024,WESBANCO BANK INC,3034403
31-MAR-2024,WELCH & FORBES LLC,10303213
31-MAR-2024,WEDBUSH SECURITIES INC,2817
31-MAR-2024,"WEALTH ENHANCEMENT ADVISORY SERVICES, LLC",13170120
31-MAR-2024,WEALTH EFFECTS LLC,551380
31-MAR-2024,"WCM INVESTMENT MANAGEMENT, LLC",11780464
31-MAR-2024,WATERSHED PRIVATE WEALTH LLC,1013242
31-MAR-2024,WASHINGTON TRUST Co,3859
31-MAR-2024,"WASHBURN CAPITAL MANAGEMENT, INC.",1145589
31-MAR-2024,"VitalStone Financial, LLC",11
31-MAR-2024,"Vise Technologies, Inc.",429605
31-MAR-2024,"Virtue Capital Management, LLC",301554
31-MAR-2024,"Vident Advisory, LLC",274054
31-MAR-2024,"Vestmark Advisory Solutions, Inc.",10913614
31-MAR-2024,Verition Fund Management LLC,13546730
31-MAR-2024,Verdence Capital Advisors LLC,597141
31-MAR-2024,Sculptor Capital LP,46806343
31-MAR-2024,"Sculati Wealth Management, LLC",291703
31-MAR-2024,Scientech Research LLC,232436
31-MAR-2024,Parcion Private Wealth LLC,220783
31-MAR-2024,Pingora Partners LLC,19293
31-MAR-2024,Pine Valley Investments Ltd Liability Co,498056
31-MAR-2024,Periscope Capital Inc.,1505115
31-MAR-2024,"Perigon Wealth Management, LLC",756010
31-MAR-2024,"Perennial Investment Advisors, LLC",897954
31-MAR-2024,"Pembroke Management, LTD",301065
31-MAR-2024,"Pathstone Holdings, LLC",2104272
31-MAR-2024,Parkwood LLC,8256
31-MAR-2024,Parkside Financial Bank & Trust,16129
31-MAR-2024,"Parallel Advisors, LLC",1675289
31-MAR-2024,Qube Research & Technologies Ltd,33752229
31-MAR-2024,"Parallax Volatility Advisers, L.P.",12690838
31-MAR-2024,Pacific Center for Financial Services,1390
31-MAR-2024,Pachira Investments Inc.,413168
31-MAR-2024,"Pacer Advisors, Inc.",839301
31-MAR-2024,PUBLIC INVESTMENT FUND,96462500
31-MAR-2024,"PSI Advisors, LLC",401286
31-MAR-2024,PRIVATE MANAGEMENT GROUP INC,8207652
31-MAR-2024,PRIO WEALTH LIMITED PARTNERSHIP,495817
31-MAR-2024,"PRINCIPAL SECURITIES, INC.",869397
31-MAR-2024,"Pinnacle Family Advisors, LLC",308218
31-MAR-2024,"Pinnacle Wealth Planning Services, Inc.",314854
31-MAR-2024,Planning Capital Management Corp,64823
31-MAR-2024,"Plante Moran Financial Advisors, LLC",147009
31-MAR-2024,Quantbot Technologies LP,2741387
31-MAR-2024,Quaero Capital S.A.,1426560
31-MAR-2024,Quadrature Capital Ltd,87647689
31-MAR-2024,"QuadCap Wealth Management, LLC",892167
31-MAR-2024,Qtron Investments LLC,968898
31-MAR-2024,QUADRANT CAPITAL GROUP LLC,598222
31-MAR-2024,"Prosperity Wealth Management, Inc.",1183827
31-MAR-2024,"Prosperity Financial Group, Inc.",206816
31-MAR-2024,Prospera Financial Services Inc,1690211
31-MAR-2024,"Procyon Advisors, LLC",3500900
31-MAR-2024,Privium Fund Management B.V.,32025550
31-MAR-2024,"Private Wealth Management Group, LLC",39975
31-MAR-2024,Private Portfolio Partners LLC,598531
31-MAR-2024,"Private Advisor Group, LLC",2138773
31-MAR-2024,"Prime Capital Investment Advisors, LLC",1725907
31-MAR-2024,Prestige Wealth Management Group LLC,2316
31-MAR-2024,"PrairieView Partners, LLC",16
31-MAR-2024,"Prairie Wealth Advisors, Inc.",3511544
31-MAR-2024,"Powell Investment Advisors, LLC",280513
31-MAR-2024,PRICE T ROWE ASSOCIATES INC /MD/,2642265
31-MAR-2024,"POM Investment Strategies, LLC",106495
31-MAR-2024,POLEN CAPITAL MANAGEMENT LLC,64109329
31-MAR-2024,"One Wealth Management Investment & Advisory Services, LLC",455998
31-MAR-2024,"Octavia Wealth Advisors, LLC",527225
31-MAR-2024,"Objectivity Squared, LLC",316640
31-MAR-2024,"OXFORD FINANCIAL GROUP, LTD. LLC",307908
31-MAR-2024,"OSAIC HOLDINGS, INC.",2621503
31-MAR-2024,OPTIMUM INVESTMENT ADVISORS,354596
31-MAR-2024,OPPENHEIMER & CO INC,1663477
31-MAR-2024,ONTARIO TEACHERS PENSION PLAN BOARD,961863
31-MAR-2024,OMERS ADMINISTRATION Corp,9520000
31-MAR-2024,OLIVER LAGORE VANVALIN INVESTMENT GROUP,15434
31-MAR-2024,OLD POINT TRUST & FINANCIAL SERVICES N A,38585
31-MAR-2024,"OBERMEYER WOOD INVESTMENT COUNSEL, LLLP",358841
31-MAR-2024,"O'SHAUGHNESSY ASSET MANAGEMENT, LLC",14738685
31-MAR-2024,"O'Dell Group, LLC",539187
31-MAR-2024,Northwest Financial Advisors,3318
31-MAR-2024,"NorthCrest Asset Manangement, LLC",6577431
31-MAR-2024,North Star Investment Management Corp.,77170
31-MAR-2024,Ninepoint Partners LP,1091029
31-MAR-2024,"Nilsine Partners, LLC",951969
31-MAR-2024,"Nikko Asset Management Americas, Inc.",356913951
31-MAR-2024,"Oder Investment Management, LLC",570981
31-MAR-2024,OneDigital Investment Advisors LLC,900420
31-MAR-2024,PITTENGER & ANDERSON INC,167845
31-MAR-2024,Onex Canada Asset Management Inc.,11633134
31-MAR-2024,PINNACLE ASSOCIATES LTD,387625
31-MAR-2024,"PINEBRIDGE INVESTMENTS, L.P.",709555
31-MAR-2024,PIER 88 INVESTMENT PARTNERS LLC,5062734
31-MAR-2024,PICTET ASSET MANAGEMENT Holding SA,213193490
31-MAR-2024,"PFS Partners, LLC",117839
31-MAR-2024,"PFG Private Wealth Management, LLC",540
31-MAR-2024,"PFG Investments, LLC",752414
31-MAR-2024,PFG Advisors,349503
31-MAR-2024,PETRA FINANCIAL ADVISORS INC,1200997
31-MAR-2024,PERKINS CAPITAL MANAGEMENT INC,232
31-MAR-2024,"PDS Planning, Inc",662041
31-MAR-2024,PCJ Investment Counsel Ltd.,6920872
31-MAR-2024,PARK CIRCLE Co,50161
31-MAR-2024,PARK AVENUE SECURITIES LLC,2100
31-MAR-2024,"PACIFIC CAPITAL WEALTH ADVISORS, INC",105723
31-MAR-2024,"PACES FERRY WEALTH ADVISORS, LLC",226494
31-MAR-2024,Oxinas Partners Wealth Management LLC,372191
31-MAR-2024,"Orion Portfolio Solutions, LLC",2968961
31-MAR-2024,Orion Capital Management LLC,84501
31-MAR-2024,Quantinno Capital Management LP,1880000
31-MAR-2024,Quintet Private Bank (Europe) S.A.,168898
31-MAR-2024,Schonfeld Strategic Advisors LLC,33361668
31-MAR-2024,SIERRA SUMMIT ADVISORS LLC,9203063
31-MAR-2024,SORA INVESTORS LLC,9646250
31-MAR-2024,SJS Investment Consulting Inc.,27010
31-MAR-2024,"SITTNER & NELSON, LLC",48926
31-MAR-2024,"SIMPLEX TRADING, LLC",272934
31-MAR-2024,"SIMON QUICK ADVISORS, LLC",310532
31-MAR-2024,SILVERCREST ASSET MANAGEMENT GROUP LLC,4084454
31-MAR-2024,SILVERBACK ASSET MANAGEMENT LLC,9525000
31-MAR-2024,"SIGNATUREFD, LLC",3826166
31-MAR-2024,SIGNATURE ESTATE & INVESTMENT ADVISORS LLC,772
31-MAR-2024,SHELL ASSET MANAGEMENT CO,3205
31-MAR-2024,RAYMOND JAMES & ASSOCIATES,79882651
31-MAR-2024,"SG Americas Securities, LLC",8391
31-MAR-2024,SEVEN MILE ADVISORY,321722
31-MAR-2024,SEI INVESTMENTS CO,84631481
31-MAR-2024,SCHWARTZ INVESTMENT COUNSEL INC,617360
31-MAR-2024,SCHRODER INVESTMENT MANAGEMENT GROUP,3228300
31-MAR-2024,"SCGE MANAGEMENT, L.P.",409155340
31-MAR-2024,SAPIENT CAPITAL LLC,282134
31-MAR-2024,"SANDS CAPITAL MANAGEMENT, LLC",1021655173
31-MAR-2024,SANDLER CAPITAL MANAGEMENT,10972648
31-MAR-2024,SP Asset Management LLC,231510
31-MAR-2024,SPINNAKER TRUST,218931
31-MAR-2024,"SRS Capital Advisors, Inc.",196013
31-MAR-2024,"SRS Investment Management, LLC",313773
31-MAR-2024,"Schechter Investment Advisors, LLC",23151
31-MAR-2024,"Scarborough Advisors, LLC",17749
31-MAR-2024,Savoie Capital LLC,825719
31-MAR-2024,"Savant Capital, LLC",813527
31-MAR-2024,"Sargent Investment Group, LLC",280204
31-MAR-2024,Sandy Spring Bank,380217
31-MAR-2024,"Sand Hill Global Advisors, LLC",364628
31-MAR-2024,"Salomon & Ludwin, LLC",1235
31-MAR-2024,"Sage Capital Management, LLC",203729
31-MAR-2024,"Sachetta, LLC",13399
31-MAR-2024,SYSTM Wealth Solutions LLC,901809
31-MAR-2024,SYON CAPITAL LLC,482621
31-MAR-2024,SWS Partners,2071319
31-MAR-2024,SVB WEALTH LLC,221941
31-MAR-2024,SURIENCE PRIVATE WEALTH LLC,3949020
31-MAR-2024,STRS OHIO,1147
31-MAR-2024,"STRATEGIC PLANNING GROUP, LLC",2557083
31-MAR-2024,STATE OF MICHIGAN RETIREMENT SYSTEM,12347200
31-MAR-2024,ST GERMAIN D J CO INC,772
31-MAR-2024,SALEM INVESTMENT COUNSELORS INC,46302
31-MAR-2024,S.A. Mason LLC,38585
31-MAR-2024,S. R. Schill & Associates,340551
31-MAR-2024,Realta Investment Advisors,608485
31-MAR-2024,Rathbones Group Plc,64945988
31-MAR-2024,"Ramirez Asset Management, Inc.",84887
31-MAR-2024,Raleigh Capital Management Inc.,40900
31-MAR-2024,RWC Asset Management LLP,4764450
31-MAR-2024,ROYAL LONDON ASSET MANAGEMENT LTD,29840481
31-MAR-2024,"ROCKY MOUNTAIN ADVISERS, LLC",10804
31-MAR-2024,RMR Wealth Builders,853423
31-MAR-2024,RIVERPARK CAPITAL MANAGEMENT LLC,2325055
31-MAR-2024,RITHOLTZ WEALTH MANAGEMENT,1643567
31-MAR-2024,RICHARDSON FINANCIAL SERVICES INC.,1466
31-MAR-2024,RHUMBLINE ADVISERS,426126
31-MAR-2024,RFP Financial Group LLC,68334
31-MAR-2024,RESOURCES MANAGEMENT CORP /CT/ /ADV,4
31-MAR-2024,RENAISSANCE TECHNOLOGIES LLC,55427
31-MAR-2024,REGIONS FINANCIAL CORP,297259
31-MAR-2024,"REGATTA CAPITAL GROUP, LLC",514604
31-MAR-2024,REDMONT WEALTH ADVISORS LLC,42135
31-MAR-2024,"REAP Financial Group, LLC",3859
31-MAR-2024,RAYMOND JAMES TRUST N.A.,603314
31-MAR-2024,"Raymond James Financial Services Advisors, Inc.",30197856
31-MAR-2024,"Rede Wealth, LLC",457927
31-MAR-2024,Rye Brook Capital LLC,202
31-MAR-2024,"Redhawk Wealth Advisors, Inc.",250494
31-MAR-2024,"Russell Investments Group, Ltd.",4502840
31-MAR-2024,"Royal Fund Management, LLC",2060207
31-MAR-2024,Royal Bank of Canada,463700000
31-MAR-2024,Roundview Capital LLC,1045577
31-MAR-2024,"Round Rock Advisors, LLC",299420
31-MAR-2024,Rosenberg Matthew Hamilton,25177
31-MAR-2024,"Robertson Stephens Wealth Management, LLC",896638
31-MAR-2024,"Roberts Capital Advisors, LLC",650003
31-MAR-2024,"RiverPark Advisors, LLC",2692847
31-MAR-2024,River Street Advisors LLC,619444
31-MAR-2024,"Rise Advisors, LLC",119999
31-MAR-2024,Ridgewood Investments LLC,277426
31-MAR-2024,"Revolve Wealth Partners, LLC",1442847
31-MAR-2024,"Retirement Group, LLC",8489
31-MAR-2024,"Resonant Capital Advisors, LLC",313542
31-MAR-2024,"Resolute Wealth Strategies, LLC",2465967
31-MAR-2024,Resolute Advisors LLC,3266606
31-MAR-2024,Regal Investment Advisors LLC,2394959
31-MAR-2024,Redwood Financial Network Corp,400052
31-MAR-2024,Driehaus Capital Management LLC,619366
31-MAR-2024,"Financial Management Professionals, Inc.",29
31-DEC-2023,PRIVATE MANAGEMENT GROUP INC,8216675
31-DEC-2023,"Everhart Financial Group, Inc.",567969
31-DEC-2023,FIRST TRUST ADVISORS LP,66559669
31-DEC-2023,FIRST MANHATTAN CO. LLC.,57646
31-DEC-2023,FIRST FOUNDATION ADVISORS,83976
31-DEC-2023,FIRST FINANCIAL CORP /IN/,3116
31-DEC-2023,FINANCIAL COUNSELORS INC,4902091
31-DEC-2023,FFT WEALTH MANAGEMENT LLC,288230
31-DEC-2023,"FDx Advisors, Inc.",1321
31-DEC-2023,"FAS Wealth Partners, Inc.",814289
31-DEC-2023,"FAIRFIELD, BUSH & CO.",1365977
31-DEC-2023,"FAGAN ASSOCIATES, INC.",212667
31-DEC-2023,"ExodusPoint Capital Management, LP",575
31-DEC-2023,"Evolutionary Tree Capital Management, LLC",2030386
31-DEC-2023,"Evolution Wealth Advisors, LLC",218899
31-DEC-2023,"Evolution Advisers, Inc.",4
31-DEC-2023,"Evercore Wealth Management, LLC",565943
31-DEC-2023,"EXENCIAL WEALTH ADVISORS, LLC",418791
31-DEC-2023,"EverSource Wealth Advisors, LLC",109605
31-DEC-2023,"Evanson Asset Management, LLC",760315
31-DEC-2023,"Essex Financial Services, Inc.",363481
31-DEC-2023,Erste Asset Management GmbH,4364709
31-DEC-2023,"Envestnet Portfolio Solutions, Inc.",2014027
31-DEC-2023,"Ensign Peak Advisors, Inc",130147464
31-DEC-2023,Engineers Gate Manager LP,868070
31-DEC-2023,"Empowered Funds, LLC",857991
31-DEC-2023,"Empower Advisory Group, LLC",1276236
31-DEC-2023,Employees Retirement System of Texas,6804
31-DEC-2023,"Empirical Financial Services, LLC d.b.a. Empirical Wealth Management",658489
31-DEC-2023,"Elite Wealth Management, Inc.",238764
31-DEC-2023,Eisler Capital (US) LLC,65566800
31-DEC-2023,"Edgestream Partners, L.P.",247566
31-DEC-2023,FIRST UNITED BANK & TRUST,60373
31-DEC-2023,"FLAGSHIP HARBOR ADVISORS, LLC",3768184
31-DEC-2023,FLOW TRADERS U.S. LLC,417
31-DEC-2023,FLPUTNAM INVESTMENT MANAGEMENT CO,222560
31-DEC-2023,FirstPurpose Wealth LLC,258706
31-DEC-2023,First Trust Direct Indexing L.P.,1086082
31-DEC-2023,"First Horizon Advisors, Inc.",102438
31-DEC-2023,"First Heartland Consultants, Inc.",338
31-DEC-2023,"First Command Advisory Services, Inc.",383268
31-DEC-2023,First Bank & Trust,554414
31-DEC-2023,"Financial Synergies Wealth Advisors, Inc.",4513
31-DEC-2023,"Financial Perspectives, Inc",1172473
31-DEC-2023,"Financial Management Professionals, Inc.",29
31-DEC-2023,"Financial Gravity Asset Management, Inc.",5901
31-DEC-2023,"Financial Avengers, Inc.",3057809
31-DEC-2023,Financial Advocates Investment Management,3753313
31-DEC-2023,Fiera Capital Corp,1188680
31-DEC-2023,Fiduciary Alliance LLC,223339
31-DEC-2023,"Farther Finance Advisors, LLC",1148676
31-DEC-2023,Farmers & Merchants Trust Co of Chambersburg PA,78
31-DEC-2023,"Family Wealth Group, LLC",472661
31-DEC-2023,Family Management Corp,202540
31-DEC-2023,"Faithward Advisors, LLC",144485
31-DEC-2023,"Fairman Group, LLC",214225
31-DEC-2023,"FWL INVESTMENT MANAGEMENT, LLC",1948
31-DEC-2023,"FRED ALGER MANAGEMENT, LLC",35855189
31-DEC-2023,"FOX RUN MANAGEMENT, L.L.C.",269222
31-DEC-2023,"FOSTER DYKEMA CABOT & PARTNERS, LLC",18696
31-DEC-2023,FORTE CAPITAL LLC /ADV,246319
31-DEC-2023,FORSTA AP-FONDEN,17876581
31-DEC-2023,FORMULA GROWTH LTD,230662
31-DEC-2023,"FORA Capital, LLC",10258184
31-DEC-2023,FOCUS FINANCIAL NETWORK INC /ADV,20135904
31-DEC-2023,Eagle Bay Advisors LLC,3895
31-DEC-2023,"EXCHANGE TRADED CONCEPTS, LLC",2244455
31-DEC-2023,"Confluence Wealth Services, Inc.",937760
31-DEC-2023,"Crawford Fund Management, LLC",54530
31-DEC-2023,"DFPG INVESTMENTS, LLC",469272
31-DEC-2023,DF DENT & CO INC,7134471
31-DEC-2023,DAVIS-REA LTD.,567422
31-DEC-2023,DAVENPORT & Co LLC,3566652
31-DEC-2023,D.A. DAVIDSON & CO.,4680076
31-DEC-2023,"Cypress Wealth Services, LLC",1348215
31-DEC-2023,Cutler Group LLC / CA,5641
31-DEC-2023,Csenge Advisory Group,370475
31-DEC-2023,"Crossmark Global Holdings, Inc.",5399
31-DEC-2023,"Crestwood Advisors Group, LLC",4280449
31-DEC-2023,Crestwood Advisors Group LLC,4280449
31-DEC-2023,Creekmur Asset Management LLC,922102
31-DEC-2023,"CreativeOne Wealth, LLC",307
31-DEC-2023,Creative Planning,18466399
31-DEC-2023,"Cravens & Co Advisors, LLC",820832
31-DEC-2023,"EWA, LLC",278396
31-DEC-2023,Covestor Ltd,10
31-DEC-2023,"Covenant Asset Management, LLC",8252804
31-DEC-2023,"Coston, McIsaac & Partners",48
31-DEC-2023,Corton Capital Inc.,58425000
31-DEC-2023,"Cornerstone Wealth Management, LLC",877078
31-DEC-2023,"Cornerstone Wealth Group, LLC",632860
31-DEC-2023,Cornerstone Planning Group LLC,2493
31-DEC-2023,"Cornerstone Capital, Inc.",23983852
31-DEC-2023,Corient Private Wealth LLC,5729623
31-DEC-2023,"CoreCap Advisors, LLC",244061
31-DEC-2023,Coppell Advisory Solutions LLC,25084
31-DEC-2023,Constellation Investimentos e Participacoes Ltda,238452
31-DEC-2023,Consolidated Portfolio Review Corp,244606
31-DEC-2023,"Conservest Capital Advisors, Inc.",344318
31-DEC-2023,DIMENSIONAL FUND ADVISORS LP,34056789
31-DEC-2023,"DLK Investment Management, LLC",236037
31-DEC-2023,"DMC Group, LLC",1051806
31-DEC-2023,"DOLIVER ADVISORS, LP",270703
31-DEC-2023,"EVOKE WEALTH, LLC",2550991
31-DEC-2023,EVERMAY WEALTH MANAGEMENT LLC,288230
31-DEC-2023,EVERGREEN CAPITAL MANAGEMENT LLC,76342
31-DEC-2023,"EVENTIDE ASSET MANAGEMENT, LLC",1394566
31-DEC-2023,EULAV Asset Management,7945800
31-DEC-2023,EQUITABLE TRUST CO,16248694
31-DEC-2023,"EP Wealth Advisors, LLC",906819
31-DEC-2023,ENVESTNET ASSET MANAGEMENT INC,69567378
31-DEC-2023,EMC Capital Management,195
31-DEC-2023,"ELEMENT POINTE ADVISORS, LLC",1321652
31-DEC-2023,EFG Asset Management (North America) Corp.,2391386
31-DEC-2023,EDMOND DE ROTHSCHILD HOLDING S.A.,3852790
31-DEC-2023,Dynamic Technology Lab Private Ltd,349
31-DEC-2023,Dynamic Advisor Solutions LLC,552566
31-DEC-2023,Durable Capital Partners LP,48698640
31-DEC-2023,"Dunhill Financial, LLC",8569
31-DEC-2023,Driehaus Capital Management LLC,470828
31-DEC-2023,"Douglass Winthrop Advisors, LLC",937526
31-DEC-2023,"Diligent Investors, LLC",247878
31-DEC-2023,"Detalus Advisors, LLC",260576
31-DEC-2023,Degroof Petercam Asset Management,2694561
31-DEC-2023,DeepCurrents Investment Group LLC,11820031
31-DEC-2023,"DecisionPoint Financial, LLC",58425
31-DEC-2023,Dantai Capital Ltd,1241726
31-DEC-2023,Dakota Wealth Management,323909
31-DEC-2023,Dakota Community Bank & Trust NA,8257
31-DEC-2023,"DZ BANK AG Deutsche Zentral Genossenschafts Bank, Frankfurt am Main",372892
31-DEC-2023,"PSI Advisors, LLC",405080
31-DEC-2023,DSM Capital Partners LLC,27810
31-DEC-2023,"Flaharty Asset Management, LLC",248501
31-DEC-2023,"Focused Wealth Management, Inc",485940
31-DEC-2023,Fort Point Capital Partners LLC,218432
31-DEC-2023,HBW ADVISORY SERVICES LLC,354
31-DEC-2023,"Hennion & Walsh Asset Management, Inc.",259173
31-DEC-2023,"Harvest Investment Services, LLC",485239
31-DEC-2023,"Harvest Fund Management Co., Ltd",152
31-DEC-2023,Hartford Financial Management Inc.,7790
31-DEC-2023,"Harbour Capital Advisors, LLC",393215
31-DEC-2023,HSBC HOLDINGS PLC,41999759
31-DEC-2023,HOLLENCREST CAPITAL MANAGEMENT,178391
31-DEC-2023,HM PAYSON & CO,63099
31-DEC-2023,HIMENSION CAPITAL (SINGAPORE) PTE. LTD.,39703527
31-DEC-2023,HIGHLINE WEALTH PARTNERS LLC,66215
31-DEC-2023,"HIGHLAND CAPITAL MANAGEMENT, LLC",1626552
31-DEC-2023,"HHM Wealth Advisors, LLC",98232
31-DEC-2023,HERITAGE INVESTORS MANAGEMENT CORP,351
31-DEC-2023,HEALTHCARE OF ONTARIO PENSION PLAN TRUST FUND,526904090
31-DEC-2023,HBK Sorce Advisory LLC,486486
31-DEC-2023,Fort Sheridan Advisors LLC,250059
31-DEC-2023,HBK INVESTMENTS L P,5756810
31-DEC-2023,"HB Wealth Management, LLC",429774
31-DEC-2023,HARTLINE INVESTMENT CORP/,433669
31-DEC-2023,"HARBOUR INVESTMENTS, INC.",1117631
31-DEC-2023,"HARBOR INVESTMENT ADVISORY, LLC",329128
31-DEC-2023,"HARBOR CAPITAL ADVISORS, INC.",2555120
31-DEC-2023,"HAP Trading, LLC",520891
31-DEC-2023,"HANTZ FINANCIAL SERVICES, INC.",5093
31-DEC-2023,Gulf International Bank (UK) Ltd,569
31-DEC-2023,"Guardian Asset Advisors, LLC",384365
31-DEC-2023,Greytown Advisors Inc.,269363
31-DEC-2023,"Grey Street Capital, LLC",313705
31-DEC-2023,"Great Diamond Partners, LLC",531200
31-DEC-2023,"Gratus Capital, LLC",5963713
31-DEC-2023,Henry James International Management Inc.,10944561
31-DEC-2023,Heritage Wealth Advisors,13244
31-DEC-2023,Hexagon Capital Partners LLC,41677
31-DEC-2023,HighMark Wealth Management LLC,26540
31-DEC-2023,Integrated Advisors Network LLC,759915
31-DEC-2023,"Institute for Wealth Management, LLC.",381321
31-DEC-2023,Industrial Alliance Investment Management Inc.,59
31-DEC-2023,"Indie Asset Partners, LLC",310042
31-DEC-2023,"Independent Solutions Wealth Management, LLC",3332445
31-DEC-2023,Independent Advisor Alliance,2431267
31-DEC-2023,"Impact Partnership Wealth, LLC",70
31-DEC-2023,"Icon Wealth Advisors, LLC",644467
31-DEC-2023,IQ EQ FUND MANAGEMENT (IRELAND) Ltd,201138
31-DEC-2023,IPG Investment Advisors LLC,383346
31-DEC-2023,INVESTMENT HOUSE LLC,414039
31-DEC-2023,"INTERNATIONAL ASSETS INVESTMENT MANAGEMENT, LLC",1203856
31-DEC-2023,INTACT INVESTMENT MANAGEMENT INC.,28807333
31-DEC-2023,"INSTITUTIONAL & FAMILY ASSET MANAGEMENT, LLC",2337
31-DEC-2023,"INSIGNEO ADVISORY SERVICES, LLC",2626087
31-DEC-2023,"IMC-Chicago, LLC",362188260
31-DEC-2023,"IHT Wealth Management, LLC",1691752
31-DEC-2023,"IFP Advisors, Inc",2211121
31-DEC-2023,"IEQ CAPITAL, LLC",844825
31-DEC-2023,"ICA Group Wealth Management, LLC",992449
31-DEC-2023,Hudson Bay Capital Management LP,109060000
31-DEC-2023,"Householder Group Estate & Retirement Specialist, LLC",0
31-DEC-2023,Horst & Graben Wealth Management LLC,222482
31-DEC-2023,"Horrell Capital Management, Inc.",20
31-DEC-2023,"Holocene Advisors, LP",123398352
31-DEC-2023,Holistic Financial Partners,481422
31-DEC-2023,Hillsdale Investment Management Inc.,28564038
31-DEC-2023,"HighTower Advisors, LLC",13330000
31-DEC-2023,HighPoint Advisor Group LLC,1351000
31-DEC-2023,Gratus Capital LLC,5963713
31-DEC-2023,Grassi Investment Management,337
31-DEC-2023,"Granite Investment Partners, LLC",11481993
31-DEC-2023,"GS Investments, Inc.",35211
31-DEC-2023,"GRIFFIN ASSET MANAGEMENT, INC.",927399
31-DEC-2023,GREENWOOD GEARHART INC,46740
31-DEC-2023,"GREENLEA LANE CAPITAL MANAGEMENT, LLC",20370071
31-DEC-2023,"GREATMARK INVESTMENT PARTNERS, INC.",74823
31-DEC-2023,GREAT WEST LIFE ASSURANCE CO /CAN/,73171
31-DEC-2023,"GREAT VALLEY ADVISOR GROUP, INC.",1080917
31-DEC-2023,GRAND JEAN CAPITAL MANAGEMENT INC,2379845
31-DEC-2023,GQG Partners LLC,546585895
31-DEC-2023,"GPS Wealth Strategies Group, LLC",1055241
31-DEC-2023,"GM Advisory Group, LLC",576460
31-DEC-2023,GLENMEDE TRUST CO NA,310119
31-DEC-2023,"GILL CAPITAL PARTNERS, LLC",425801
31-DEC-2023,GILDER GAGNON HOWE & CO LLC,110464950
31-DEC-2023,"GHP Investment Advisors, Inc.",23526
31-DEC-2023,"GFS Advisors, LLC",240000
31-DEC-2023,GATEWAY INVESTMENT ADVISERS LLC,4727128
31-DEC-2023,"GARRISON POINT ADVISORS, LLC",353666
31-DEC-2023,GAGNON SECURITIES LLC,569916
31-DEC-2023,GABLES CAPITAL MANAGEMENT INC.,1307941
31-DEC-2023,Front Row Advisors LLC,234
31-DEC-2023,"Freedom Investment Management, Inc.",1643927
31-DEC-2023,"Frazier Financial Advisors, LLC",4597
31-DEC-2023,Fox Hill Wealth Management,134778
31-DEC-2023,"Fountainhead AM, LLC",289788
31-DEC-2023,"Foundations Investment Advisors, LLC",701528
31-DEC-2023,"Forum Financial Management, LP",321182
31-DEC-2023,"Fortune Financial Advisors, LLC",328738
31-DEC-2023,"Fortis Group Advisors, LLC",10906
31-DEC-2023,Fortis Capital Management LLC,258669
31-DEC-2023,"GROUP ONE TRADING, L.P.",104822630
31-DEC-2023,GUARDIAN CAPITAL ADVISORS LP,579922
31-DEC-2023,"Granite Bay Wealth Management, LLC",70766
31-DEC-2023,GUARDIAN CAPITAL LP,8600474
31-DEC-2023,Grandview Asset Management LLC,855
31-DEC-2023,"Graham Capital Management, L.P.",504714
31-DEC-2023,Gradient Investments LLC,60606
31-DEC-2023,"Gould Capital, LLC",9738
31-DEC-2023,"Gotham Asset Management, LLC",2177539
31-DEC-2023,Gordian Capital Singapore Pte Ltd,779
31-DEC-2023,"Good Life Advisors, LLC",1701649
31-DEC-2023,GoalVest Advisory LLC,27031
31-DEC-2023,Global Wealth Strategies & Associates,19475
31-DEC-2023,"Global Wealth Management Investment Advisory, Inc.",1303033
31-DEC-2023,"Global Trust Asset Management, LLC",35055
31-DEC-2023,"Global Retirement Partners, LLC",751072
31-DEC-2023,"Global Financial Private Client, LLC",211031
31-DEC-2023,Glenview Trust co,268599
31-DEC-2023,"Gleason Group, Inc.",126743
31-DEC-2023,Glassman Wealth Services,157670
31-DEC-2023,Gladstone Institutional Advisory LLC,908626
31-DEC-2023,Gilliland Jeter Wealth Management LLC,411779
31-DEC-2023, NEUBERGER BERMAN GROUP LLC,3895
31-DEC-2023,Gifford Fong Associates,5453
31-DEC-2023,Gerber Kawasaki Wealth & Investment Management,1449254
31-DEC-2023,Genus Capital Management Inc.,11194965
31-DEC-2023,Generali Investments Towarzystwo Funduszy Inwestycyjnych,1378057
31-DEC-2023,Geneos Wealth Management Inc.,372440
31-DEC-2023,Gavilan Investment Partners LLC,17683300
31-DEC-2023,Garner Asset Management Corp,482208
31-DEC-2023,Garden State Investment Advisory Services LLC,466465
31-DEC-2023,"GUERRA PAN ADVISORS, LLC",201372
31-DEC-2023,"GUARDIAN WEALTH ADVISORS, LLC / NC",306537
31-DEC-2023,"Connor, Clark & Lunn Investment Management Ltd.",619466227
31-DEC-2023,"Concurrent Investment Advisors, LLC",592935
31-DEC-2023,"InterOcean Capital Group, LLC",400406
31-DEC-2023,"Atomi Financial Group, Inc.",764666
31-DEC-2023,"B.O.S.S. Retirement Advisors, LLC",5530983
31-DEC-2023,"B. Riley Wealth Advisors, Inc.",4461956
31-DEC-2023,B & T Capital Management DBA Alpha Capital Management,4142722
31-DEC-2023,Azimuth Capital Investment Management LLC,231986
31-DEC-2023,Avitas Wealth Management LLC,1721902
31-DEC-2023,"Avior Wealth Management, LLC",748307
31-DEC-2023,Avion Wealth,107
31-DEC-2023,"Avidian Wealth Solutions, LLC",347434
31-DEC-2023,"Avestar Capital, LLC",655996
31-DEC-2023,"Avantax Planning Partners, Inc.",342215
31-DEC-2023,"Ausdal Financial Partners, Inc.",229883
31-DEC-2023,Aubrey Capital Management Ltd,4166313
31-DEC-2023,"Atria Investments, Inc",5406572
31-DEC-2023,AtonRa Partners,940019
31-DEC-2023,"Asset Dedication, LLC",243
31-DEC-2023,"Apollon Wealth Management, LLC",8976028
31-DEC-2023,Assenagon Asset Management S.A.,2821432
31-DEC-2023,Aspen Investment Management Inc,348
31-DEC-2023,"Ashton Thomas Private Wealth, LLC",390824
31-DEC-2023,"Ashe Capital Management, LP",218290991
31-DEC-2023,"Ascent Wealth Partners, LLC",1895852
31-DEC-2023,Artisan Partners Limited Partnership,499815359
31-DEC-2023,"Arthedge Capital Management, LLC",14645200
31-DEC-2023,ArrowMark Colorado Holdings LLC,911430
31-DEC-2023,Arlington Trust Co LLC,3194
31-DEC-2023,"Arkfeld Wealth Strategies, L.L.C.",246739
31-DEC-2023,Arkadios Wealth Advisors,565710
31-DEC-2023,"Arete Wealth Advisors, LLC",1178801
31-DEC-2023,Archer Investment Corp,7011
31-DEC-2023,Aquatic Capital Management LLC,30023
31-DEC-2023,"BAILARD, INC.",2641589
31-DEC-2023,BAILLIE GIFFORD & CO,975314076
31-DEC-2023,"BAKER TILLY WEALTH MANAGEMENT, LLC",1052507
31-DEC-2023,BALDWIN BROTHERS LLC/MA,34821
31-DEC-2023,Baader Bank Aktiengesellschaft,497949
31-DEC-2023,BURNS J W & CO INC/NY,206435
31-DEC-2023,"BUCKINGHAM STRATEGIC WEALTH, LLC",660826
31-DEC-2023,"BROWN, LISLE/CUMMINGS, INC.",580355
31-DEC-2023,BROWN CAPITAL MANAGEMENT LLC,40229118
31-DEC-2023,BROWN BROTHERS HARRIMAN & CO,241490
31-DEC-2023,BRITISH COLUMBIA INVESTMENT MANAGEMENT Corp,140005449
31-DEC-2023,BRIGHTON JONES LLC,2812270
31-DEC-2023,BOYD WATTERSON ASSET MANAGEMENT LLC/OH,2154091
31-DEC-2023,BOURGEON CAPITAL MANAGEMENT LLC,58425
31-DEC-2023,"BOKF, NA",419491
31-DEC-2023,BOCHK Asset Management Ltd,1059423
31-DEC-2023,"BLUEFIN CAPITAL MANAGEMENT, LLC",169278
31-DEC-2023,"BLUE BELL PRIVATE WEALTH MANAGEMENT, LLC",69721
31-DEC-2023,"BLODGETT WEALTH ADVISORS, LLC",243438
31-DEC-2023,"BLB&B Advisors, LLC",481500
31-DEC-2023,BLAIR WILLIAM & CO/IL,28852524
31-DEC-2023,BIT Capital GmbH,19957279
31-DEC-2023,"BFSG, LLC",55186
31-DEC-2023,BERKSHIRE CAPITAL HOLDINGS INC,11010386
31-DEC-2023,BENEDICT FINANCIAL ADVISORS INC,290567
31-DEC-2023,"BBR PARTNERS, LLC",557063
31-DEC-2023,"BASSO CAPITAL MANAGEMENT, L.P.",386630
31-DEC-2023,BARTLETT & CO. WEALTH MANAGEMENT LLC,124203
31-DEC-2023,"BARRETT & COMPANY, INC.",23370
31-DEC-2023,BAROMETER CAPITAL MANAGEMENT INC.,5314803
31-DEC-2023,"BARLOW WEALTH PARTNERS, INC.",671888
31-DEC-2023,BARCLAYS PLC,507680
31-DEC-2023,BANK OF NOVA SCOTIA,571436215
31-DEC-2023,"Aptus Capital Advisors, LLC",388254
31-DEC-2023,"Apexium Financial, LP",2009041
31-DEC-2023,Concord Wealth Partners,66852
31-DEC-2023,"ARTHUR M. COHEN & ASSOCIATES, LLC",2919848
31-DEC-2023,Able Wealth Management LLC,5219
31-DEC-2023,Abich Financial Wealth Management LLC,1870
31-DEC-2023,"Abbrea Capital, LLC",316
31-DEC-2023,"Abbot Financial Management, Inc.",578797
31-DEC-2023,AZZAD ASSET MANAGEMENT INC /ADV,225436
31-DEC-2023,"AXXCESS WEALTH MANAGEMENT, LLC",906445
31-DEC-2023,AXIOM INVESTORS LLC /DE,41114607
31-DEC-2023,"AVANTAX ADVISORY SERVICES, INC.",2841558
31-DEC-2023,ATWOOD & PALMER INC,3116
31-DEC-2023,"ATALANTA SOSNOFF CAPITAL, LLC",17829986
31-DEC-2023,"ASSETMARK, INC",3612924
31-DEC-2023,ASHFORD CAPITAL MANAGEMENT INC,358340
31-DEC-2023,"ASB Consultores, LLC",334185
31-DEC-2023,"ASAHI LIFE ASSET MANAGEMENT CO., LTD.",524171
31-DEC-2023,"ARMSTRONG ADVISORY GROUP, INC",27110
31-DEC-2023,"Anthracite Investment Company, Inc.",1791700
31-DEC-2023,"ARMISTICE CAPITAL, LLC",495911
31-DEC-2023,ARK Investment Management LLC,468217620
31-DEC-2023,ARCADIA INVESTMENT MANAGEMENT CORP/MI,694089
31-DEC-2023,AMF Tjanstepension AB,53802291
31-DEC-2023,AMERICAN NATIONAL BANK,7790
31-DEC-2023,ALKEON CAPITAL MANAGEMENT LLC,3772000
31-DEC-2023,ALERUS FINANCIAL  NA,3650627
31-DEC-2023,"AJOVista, LLC",646112
31-DEC-2023,AGF MANAGEMENT LTD,128224658
31-DEC-2023,AE Wealth Management LLC,15747075
31-DEC-2023,"ADVANCED RESEARCH INVESTMENT SOLUTIONS, LLC",386384
31-DEC-2023,ACORN FINANCIAL ADVISORY SERVICES INC /ADV,2697355
31-DEC-2023,"ACIMA PRIVATE WEALTH, LLC",262367
31-DEC-2023,1832 Asset Management L.P.,169134610
31-DEC-2023,Abound Wealth Management,141389
31-DEC-2023,Accredited Investors Inc.,503234
31-DEC-2023,"Accurate Wealth Management, LLC",262355
31-DEC-2023,Accuvest Global Advisors,299915
31-DEC-2023,"Annis Gardner Whiting Capital Advisors, LLC",962065
31-DEC-2023,"Annapolis Financial Services, LLC",39262
31-DEC-2023,"Angeles Investment Advisors, LLC",610424
31-DEC-2023,Ancora Advisors LLC,1091379
31-DEC-2023,"Anchor Investment Management, LLC",51258
31-DEC-2023,"Ameritas Investment Partners, Inc.",22981
31-DEC-2023,"Ameritas Advisory Services, LLC",745363
31-DEC-2023,"American Money Management, LLC",387163
31-DEC-2023,"American Capital Advisory, LLC",3116
31-DEC-2023,"Alterity Financial Group, LLC",576460
31-DEC-2023,Alta Wealth Advisors LLC,1440215
31-DEC-2023,"Alpine Global Management, LLC",5886206
31-DEC-2023,"AlphaMark Advisors, LLC",13
31-DEC-2023,"Alpha Cubed Investments, LLC",10646749
31-DEC-2023,Allworth Financial LP,888995
31-DEC-2023,"Alliance Wealth Advisors, LLC /UT",362858
31-DEC-2023,"All Terrain Financial Advisors, LLC",257460
31-DEC-2023,Alberta Investment Management Corp,76131339
31-DEC-2023,"Alan B Lancz & Associates, Inc.",417544
31-DEC-2023,"Aigen Investment Management, LP",863647
31-DEC-2023,Aequim Alternative Investments LP,25181724
31-DEC-2023,"Advisory Services Network, LLC",5437495
31-DEC-2023,Advisory Resource Group,809303
31-DEC-2023,"Advisors Asset Management, Inc.",31082334
31-DEC-2023,"AdvisorNet Financial, Inc",317053
31-DEC-2023,Advisor Resource Council,1487787
31-DEC-2023,Addison Advisors LLC,7713
31-DEC-2023,Addenda Capital Inc.,75692825
31-DEC-2023,Activest Wealth Management,31160
31-DEC-2023,"Baker Avenue Asset Management, LP",6279364
31-DEC-2023,"Baldwin Investment Management, LLC",718394
31-DEC-2023,Balentine LLC,265405
31-DEC-2023,"CWM, LLC",1645
31-DEC-2023,"Capstone Triton Financial Group, LLC",1871937
31-DEC-2023,"Caprock Group, LLC",896317
31-DEC-2023,"Capital Investment Advisory Services, LLC",375712
31-DEC-2023,"Capital Investment Advisors, LLC",242503
31-DEC-2023,Capital Asset Advisory Services LLC,370259
31-DEC-2023,"Cape Investment Advisory, Inc.",22357
31-DEC-2023,"Canvas Wealth Advisors, LLC",307611
31-DEC-2023,Candriam S.C.A.,19616741
31-DEC-2023,Campbell & CO Investment Adviser LLC,3150588
31-DEC-2023,"Cambridge Investment Research Advisors, Inc.",19693
31-DEC-2023,"Callan Capital, LLC",380464
31-DEC-2023,Calamos Wealth Management LLC,2615804
31-DEC-2023,Calamos Advisors LLC,14171550
31-DEC-2023,"Caitlin John, LLC",55699
31-DEC-2023,"CVA Family Office, LLC",85924
31-DEC-2023,"Baltimore-Washington Financial Advisors, Inc.",6021436
31-DEC-2023,CTC LLC,199042290
31-DEC-2023,CSS LLC/IL,3293993
31-DEC-2023,CREATIVE FINANCIAL DESIGNS INC /ADV,747451
31-DEC-2023,"CRA Financial Services, LLC",236037
31-DEC-2023,CORRECT CAPITAL WEALTH MANAGEMENT,431464
31-DEC-2023,"CORRADO ADVISORS, LLC",1059051
31-DEC-2023,"CONWAY CAPITAL MANAGEMENT, INC.",1168500
31-DEC-2023,"CONTRAVISORY INVESTMENT MANAGEMENT, INC.",9757598
31-DEC-2023,CONFLUENCE INVESTMENT MANAGEMENT LLC,686766
31-DEC-2023,"CONCOURSE FINANCIAL GROUP SECURITIES, INC.",422919
31-DEC-2023,COMMONWEALTH OF PENNSYLVANIA PUBLIC SCHOOL EMPLS RETRMT SYS,8528882
31-DEC-2023,"COMMONWEALTH EQUITY SERVICES, LLC",29523
31-DEC-2023,COMMERCE BANK,376490
31-DEC-2023,COLDSTREAM CAPITAL MANAGEMENT INC,250526
31-DEC-2023,"Caption Management, LLC",4207769
31-DEC-2023,"Carmichael Hill & Associates, Inc.",307160
31-DEC-2023,"Carnegie Capital Asset Management, LLC",9670896
31-DEC-2023,"CarsonAllaria Wealth Management, Ltd.",7401
31-DEC-2023,Compass Wealth Management LLC,357561
31-DEC-2023,"Colony Group, LLC",533
31-DEC-2023,Colonial Trust Co / SC,2619
31-DEC-2023,Colonial Trust Advisors,9348
31-DEC-2023,"Clearstead Advisors, LLC",392149
31-DEC-2023,"Clearbridge Investments, LLC",217116020
31-DEC-2023,"Clear Creek Financial Management, LLC",328660
31-DEC-2023,Clean Yield Group,23370
31-DEC-2023,"Clay Northam Wealth Management, LLC",424945
31-DEC-2023,Claro Advisors LLC,273819
31-DEC-2023,"Clarius Group, LLC",538766
31-DEC-2023,"Clarity Wealth Advisors, LLC",387553
31-DEC-2023,Claret Asset Management Corp,1289
31-DEC-2023,Clare Market Investments LLC,1071281
31-DEC-2023,City State Bank,16
31-DEC-2023,"Circle Wealth Management, LLC",376491
31-DEC-2023,"China Universal Asset Management Co., Ltd.",3470407
31-DEC-2023,Chicago Partners Investment Group LLC,2053368
31-DEC-2023,"Cherry Creek Investment Advisors, Inc.",1663823
31-DEC-2023,"Checchi Capital Advisers, LLC",312846
31-DEC-2023,Cetera Investment Advisers,4246407
31-DEC-2023,Cetera Advisors LLC,5106735
31-DEC-2023,Cetera Advisor Networks LLC,11921660
31-DEC-2023,Cerity Partners LLC,3551259
31-DEC-2023,Centurion Wealth Management LLC,370181
31-DEC-2023,"Centiva Capital, LP",1168500
31-DEC-2023,"CenterStar Asset Management, LLC",1168500
31-DEC-2023,"Castleview Partners, LLC",935
31-DEC-2023,CastleKnight Management LP,280440
31-DEC-2023,COBBLESTONE CAPITAL ADVISORS LLC /NY/,17884984
31-DEC-2023,CNB Bank,506584
31-DEC-2023,CLEAR STREET MARKETS LLC,6450
31-DEC-2023,Breakwater Capital Group,305871
31-DEC-2023,"Bogart Wealth, LLC",5162199
31-DEC-2023,"Blume Capital Management, Inc.",1248
31-DEC-2023,"Blueshift Asset Management, LLC",3525910
31-DEC-2023,"BluePointe Capital Management, LLC",889462
31-DEC-2023,"BluePath Capital Management, LLC",537206
31-DEC-2023,"BlueMar Capital Management, LLC",1173564
31-DEC-2023,"Blue Zone Wealth Advisors, LLC",317832
31-DEC-2023,"Blue Trust, Inc.",18
31-DEC-2023,"Bleakley Financial Group, LLC",839606
31-DEC-2023,BlackRock Inc.,479063110
31-DEC-2023,"Biondo Investment Advisors, LLC",2476753
31-DEC-2023,"Beverly Hills Private Wealth, LLC",610347
31-DEC-2023,Belpointe Asset Management LLC,308796
31-DEC-2023,Bellecapital International Ltd.,5320064
31-DEC-2023,"Bell Investment Advisors, Inc",6232
31-DEC-2023,"Bear Mountain Capital, Inc.",4066
31-DEC-2023,"Beaird Harris Wealth Management, LLC",18385
31-DEC-2023,"Beacon Pointe Advisors, LLC",2474728
31-DEC-2023,"Beacon Capital Management, LLC",132659
31-DEC-2023,Baystate Wealth Management LLC,26486
31-DEC-2023,"Bay Colony Advisory Group, Inc d/b/a Bay Colony Advisors",346733
31-DEC-2023,Barton Investment Management,277271813
31-DEC-2023,Bartlett & Co. LLC,124
31-DEC-2023,Banque Cantonale Vaudoise,151
31-DEC-2023,Bank of New Hampshire,101270
31-DEC-2023,"Bank Julius Baer & Co. Ltd, Zurich",647661
31-DEC-2023,Bangor Savings Bank,11841
31-DEC-2023,"Banco Santander, S.A.",129080
31-DEC-2023,Balyasny Asset Management L.P.,30067219
31-DEC-2023,"Bouvel Investment Partners, LLC",1374273
31-DEC-2023,"Bridgeworth, LLC",216017
31-DEC-2023,CKW FINANCIAL GROUP,95
31-DEC-2023,"Bristlecone Advisors, LLC",1860097
31-DEC-2023,CIDEL ASSET MANAGEMENT INC,65805168
31-DEC-2023,CIBC WORLD MARKET INC.,1463536
31-DEC-2023,CIBC Asset Management Inc,331399297
31-DEC-2023,CI INVESTMENTS INC.,28832
31-DEC-2023,CHURCHILL MANAGEMENT Corp,1933166
31-DEC-2023,"CHOREO, LLC",786481
31-DEC-2023,CHILTON CAPITAL MANAGEMENT LLC,234479
31-DEC-2023,"CGC Financial Services, LLC",3895
31-DEC-2023,CFM WEALTH PARTNERS LLC,947264
31-DEC-2023,"CERTUITY, LLC",1564012
31-DEC-2023,CENTRAL TRUST Co,79614
31-DEC-2023,"CENTAURUS FINANCIAL, INC.",405
31-DEC-2023,"CEERA INVESTMENTS, LLC",671498
31-DEC-2023,CAROLINAS WEALTH CONSULTING LLC,117629
31-DEC-2023,"CARDIFF PARK ADVISORS, LLC",807667
31-DEC-2023,CAPTRUST FINANCIAL ADVISORS,3385588
31-DEC-2023,CAPITAL FUND MANAGEMENT S.A.,188673644
31-DEC-2023,CAPITAL ADVISORS INC/OK,723146
31-DEC-2023,"CAP Partners, LLC",1238766
31-DEC-2023,CANADA PENSION PLAN INVESTMENT BOARD,443373725
31-DEC-2023,CAMDEN ASSET MANAGEMENT L P /CA,65208450
31-DEC-2023,CAMBRIDGE TRUST CO,20644
31-DEC-2023,"CALIBER WEALTH MANAGEMENT, LLC",2977650
31-DEC-2023,"CALDWELL SUTTER CAPITAL, INC.",5453
31-DEC-2023,CAISSE DE DEPOT ET PLACEMENT DU QUEBEC,134648215
31-DEC-2023,C M BIDWELL & ASSOCIATES LTD,6232
31-DEC-2023,"Bruce G. Allen Investments, LLC",21968
31-DEC-2023,Brown Shipley& Co Ltd,24539
31-DEC-2023,Brookstone Capital Management,575401
31-DEC-2023,"Intellectus Partners, LLC",922465
31-DEC-2023,DUNCKER STREETT & CO INC,1558
31-DEC-2023,"Interchange Capital Partners, LLC",496979
31-DEC-2023,"THOMPSON INVESTMENT MANAGEMENT, INC.",3116
31-DEC-2023,"Strengthening Families & Communities, LLC",50167
31-DEC-2023,"Sugarloaf Wealth Management, LLC",87248
31-DEC-2023,"Sumitomo Mitsui DS Asset Management Company, Ltd",247410
31-DEC-2023,"Summit Trail Advisors, LLC",237283
31-DEC-2023,"Sunbelt Securities, Inc.",1434775
31-DEC-2023,Swiss National Bank,305135518
31-DEC-2023,Symmetry Investments LP,4486
31-DEC-2023,"Synergy Financial Group, LTD",4831903
31-DEC-2023,"TBH Global Asset Management, LLC",307657
31-DEC-2023,TD Asset Management Inc,590887445
31-DEC-2023,TEACHERS RETIREMENT SYSTEM OF THE STATE OF KENTUCKY,32954
31-DEC-2023,TECTONIC ADVISORS LLC,292592
31-DEC-2023,TFB Advisors LLC,225910
31-DEC-2023,"TFC Financial Management, Inc.",637300
31-DEC-2023,THORNBURG INVESTMENT MANAGEMENT INC,29409132
31-DEC-2023,Tennessee Valley Asset Management Partners,112955
31-DEC-2023,"THOROUGHBRED FINANCIAL SERVICES, LLC",8827
31-DEC-2023,"TITLEIST ASSET MANAGEMENT, LLC",14880380
31-DEC-2023,TOBAM,147
31-DEC-2023,TOCQUEVILLE ASSET MANAGEMENT L.P.,10177557
31-DEC-2023,TORONTO DOMINION BANK,71919305
31-DEC-2023,TOTH FINANCIAL ADVISORY CORP,97375
31-DEC-2023,TOWNSQUARE CAPITAL LLC,3776358
31-DEC-2023,TRUST CO OF VERMONT,77900
31-DEC-2023,"TSFG, LLC",152
31-DEC-2023,TUCKER ASSET MANAGEMENT LLC,16359
31-DEC-2023,"TWO SIGMA ADVISERS, LP",18403875
31-DEC-2023,"TWO SIGMA INVESTMENTS, LP",12785727
31-DEC-2023,"TWO SIGMA SECURITIES, LLC",47637798
31-DEC-2023,Tacita Capital Inc,610375
31-DEC-2023,"Stratos Wealth Partners, LTD.",1825742
31-DEC-2023,Strategy Capital LLC,126031217
31-DEC-2023,"Strategic Investment Solutions, Inc. /IL",33886
31-DEC-2023,"Strategic Blueprint, LLC",467244
31-DEC-2023,"Sender Co & Partners, Inc.",2112023
31-DEC-2023,"Sepio Capital, LP",3037009
31-DEC-2023,"Sequoia Financial Advisors, LLC",2701495
31-DEC-2023,Seven Post Investment Office LP,381710
31-DEC-2023,"Sheaff Brock Investment Advisors, LLC",1004131
31-DEC-2023,Sigma Planning Corp,1238221
31-DEC-2023,"Simplicity Solutions, LLC",833920
31-DEC-2023,"Sivia Capital Partners, LLC",1005378
31-DEC-2023,Smartleaf Asset Management LLC,1976
31-DEC-2023,Snowden Capital Advisors LLC,1218434
31-DEC-2023,"Solidarity Wealth, LLC",216718
31-DEC-2023,"Solstein Capital, LLC",16359
31-DEC-2023,Soltis Investment Advisors LLC,282826
31-DEC-2023,Souders Financial Advisors,916649
31-DEC-2023,"Sound Income Strategies, LLC",84911
31-DEC-2023,"Sound View Wealth Advisors Group, LLC",701723
31-DEC-2023,Spire Wealth Management,1981279
31-DEC-2023,"State of Tennessee, Treasury Department",56143810
31-DEC-2023,State of Wyoming,43858
31-DEC-2023,Steadview Capital Management LLC,41746922
31-DEC-2023,"SteelPeak Wealth, LLC",3245860
31-DEC-2023,"Sterling Investment Advisors, Ltd.",2970093
31-DEC-2023,"Steward Partners Investment Advisory, LLC",2832756
31-DEC-2023,"Stone House Investment Management, LLC",17216
31-DEC-2023,"StoneCrest Wealth Management, Inc.",1163514
31-DEC-2023,"Stonegate Investment Group, LLC",2622132
31-DEC-2023,Stonehage Fleming Financial Services Holdings Ltd,81795
31-DEC-2023,Stony Point Capital LLC,10446935
31-DEC-2023,Strategic Advisors LLC,2049082
31-DEC-2023,"Teamwork Financial Advisors, LLC",393473
31-DEC-2023,Texas Yale Capital Corp.,9259350
31-DEC-2023,WHITTIER TRUST CO OF NEVADA INC,101501
31-DEC-2023,"Vestmark Advisory Solutions, Inc.",12980165
31-DEC-2023,"VESTOR CAPITAL, LLC",108
31-DEC-2023,"VIAWEALTH, LLC",609490
31-DEC-2023,"Valeo Financial Advisors, LLC",1301184
31-DEC-2023,"Valmark Advisers, Inc.",622655
31-DEC-2023,"Values First Advisors, Inc.",218403
31-DEC-2023,"Van Hulzen Asset Management, LLC",300
31-DEC-2023,Vanguard Capital Wealth Advisors,514140
31-DEC-2023,"Vanguard Personalized Indexing Management, LLC",2083513
31-DEC-2023,Varma Mutual Pension Insurance Co,7753038
31-DEC-2023,Venture Visionary Partners LLC,7539474
31-DEC-2023,"Venturi Wealth Management, LLC",382723
31-DEC-2023,Verdence Capital Advisors LLC,608165
31-DEC-2023,Verition Fund Management LLC,12440727
31-DEC-2023,"Vermillion & White Wealth Management Group, LLC",6622
31-DEC-2023,"Vident Advisory, LLC",340331
31-DEC-2023,Thrivent Financial for Lutherans,24351
31-DEC-2023,"Virtue Capital Management, LLC",331313
31-DEC-2023,"Vise Technologies, Inc.",430164
31-DEC-2023,"VitalStone Financial, LLC",11
31-DEC-2023,WADE G W & INC,14718
31-DEC-2023,"WASHBURN CAPITAL MANAGEMENT, INC.",1331701
31-DEC-2023,WASHINGTON TRUST Co,3895
31-DEC-2023,WATERSHED PRIVATE WEALTH LLC,1022827
31-DEC-2023,"WCM INVESTMENT MANAGEMENT, LLC",12076142
31-DEC-2023,WEALTH EFFECTS LLC,699153
31-DEC-2023,"WEALTH ENHANCEMENT ADVISORY SERVICES, LLC",8298708
31-DEC-2023,"WEALTHSOURCE PARTNERS, LLC",232687
31-DEC-2023,WEDBUSH SECURITIES INC,1763
31-DEC-2023,WELCH & FORBES LLC,7141346
31-DEC-2023,"WESTERLY CAPITAL MANAGEMENT, LLC",5063500
31-DEC-2023,"VERUS CAPITAL PARTNERS, LLC",361846
31-DEC-2023,VANGUARD GROUP INC,4402630052
31-DEC-2023,VAN ECK ASSOCIATES CORP,640
31-DEC-2023,"VALLEY WEALTH MANAGERS, INC.",167485
31-DEC-2023,Tidal Investments LLC,653036
31-DEC-2023,"Tidemark, LLC",173952
31-DEC-2023,"Tortoise Investment Management, LLC",228624
31-DEC-2023,"Total Clarity Wealth Management, Inc.",270703
31-DEC-2023,Tower View Wealth Management LLC,4
31-DEC-2023,"Tradewinds Capital Management, LLC",14022
31-DEC-2023,"Tradition Wealth Management, LLC",156
31-DEC-2023,"Traynor Capital Management, Inc.",537941
31-DEC-2023,Triasima Portfolio Management inc.,70308851
31-DEC-2023,"Trifecta Capital Advisors, LLC",62320
31-DEC-2023,Trium Capital LLP,2230
31-DEC-2023,Triumph Capital Management,216992
31-DEC-2023,"True North Advisors, LLC",502221
31-DEC-2023,"True Wealth Design, LLC",468
31-DEC-2023,"Trueblood Wealth Management, LLC",254499
31-DEC-2023,Truvestments Capital LLC,55309
31-DEC-2023,"Turtle Creek Wealth Advisors, LLC",22591
31-DEC-2023,"Twin Lakes Capital Management, LLC",11685
31-DEC-2023,"Twin Peaks Wealth Advisors, LLC",363248
31-DEC-2023,"Twin Tree Management, LP",183545413
31-DEC-2023,Tyche Wealth Partners LLC,292904
31-DEC-2023,Tyler-Stone Wealth Management,300695
31-DEC-2023,UBS ASSET MANAGEMENT AMERICAS INC,428450
31-DEC-2023,"UMB Bank, n.a.",744646
31-DEC-2023,USS Investment Management Ltd,13648716
31-DEC-2023,UniSuper Management Pty Ltd,897492
31-DEC-2023,Utah Retirement Systems,10674079
31-DEC-2023,V-Square Quantitative Management LLC,597296
31-DEC-2023,VALLEY NATIONAL ADVISERS INC,103
31-DEC-2023,Semmax Financial Advisors Inc.,4786
31-DEC-2023,"Select Equity Group, L.P.",327043052
31-DEC-2023,"Secure Asset Management, LLC",244762
31-DEC-2023,RFP Financial Group LLC,68980
31-DEC-2023,QUADRANT CAPITAL GROUP LLC,574201
31-DEC-2023,Qtron Investments LLC,1031131
31-DEC-2023,"Intrinsic Value Partners, LLC",1337777
31-DEC-2023,Quadrature Capital Ltd,121484377
31-DEC-2023,Quaero Capital S.A.,1412505
31-DEC-2023,Quantinno Capital Management LP,1678000
31-DEC-2023,Qube Research & Technologies Ltd,38982484
31-DEC-2023,RAYMOND JAMES & ASSOCIATES,78589703
31-DEC-2023,RAYMOND JAMES TRUST N.A.,599989
31-DEC-2023,"REAP Financial Group, LLC",3895
31-DEC-2023,"REGATTA CAPITAL GROUP, LLC",556474
31-DEC-2023,REGIONS FINANCIAL CORP,344318
31-DEC-2023,RENAISSANCE TECHNOLOGIES LLC,16958
31-DEC-2023,RESOURCES MANAGEMENT CORP /CT/ /ADV,8
31-DEC-2023,RHUMBLINE ADVISERS,432886
31-DEC-2023,"Seaport Global Advisors, LLC",1718630
31-DEC-2023,RICHELIEU GESTION SA,954
31-DEC-2023,RITHOLTZ WEALTH MANAGEMENT,976321
31-DEC-2023,RIVERPARK CAPITAL MANAGEMENT LLC,2427052
31-DEC-2023,RMR Wealth Builders,757733
31-DEC-2023,"ROCKY MOUNTAIN ADVISERS, LLC",10906
31-DEC-2023,ROYAL LONDON ASSET MANAGEMENT LTD,55979718
31-DEC-2023,RWC Asset Management LLP,3775840
31-DEC-2023,Raleigh Capital Management Inc.,40508
31-DEC-2023,"Ramirez Asset Management, Inc.",85690
31-DEC-2023,Ratan Capital Management LP,2118880
31-DEC-2023,Rathbones Group PLC,72421027
31-DEC-2023,"Raymond James Financial Services Advisors, Inc.",31267658
31-DEC-2023,Realta Investment Advisors,614242
31-DEC-2023,"Rede Wealth, LLC",462259
31-DEC-2023,Public Sector Pension Investment Board,19859275
31-DEC-2023,"Prosperity Wealth Management, Inc.",1342217
31-DEC-2023,"Prosperity Financial Group, Inc.",208772
31-DEC-2023,Prospera Financial Services Inc,1902240
31-DEC-2023,PUBLIC INVESTMENT FUND,97375000
31-DEC-2023,"Pacer Advisors, Inc.",863288
31-DEC-2023,Pachira Investments Inc.,551844
31-DEC-2023,"Parallax Volatility Advisers, L.P.",38380551
31-DEC-2023,"Parallel Advisors, LLC",1774100
31-DEC-2023,Parkside Financial Bank & Trust,7790
31-DEC-2023,Parkwood LLC,3760
31-DEC-2023,"Pathstone Holdings, LLC",2081100
31-DEC-2023,"Pembroke Management, LTD",283174
31-DEC-2023,"Perennial Investment Advisors, LLC",978738
31-DEC-2023,"Perigon Wealth Management, LLC",763786
31-DEC-2023,Periscope Capital Inc.,1964159
31-DEC-2023,Pictet Asset Management Holding SA,104090136
31-DEC-2023,Pine Valley Investments Ltd Liability Co,1090756
31-DEC-2023,Pingora Partners LLC,19475
31-DEC-2023,"Pinnacle Wealth Planning Services, Inc.",251150
31-DEC-2023,Planning Capital Management Corp,62320
31-DEC-2023,"Plante Moran Financial Advisors, LLC",197243
31-DEC-2023,Polar Asset Management Partners Inc.,9706340
31-DEC-2023,Polymer Capital Management (HK) LTD,638780
31-DEC-2023,"Powell Investment Advisors, LLC",376647
31-DEC-2023,"PrairieView Partners, LLC",16
31-DEC-2023,Prestige Wealth Management Group LLC,4674
31-DEC-2023,"Prime Capital Investment Advisors, LLC",1766499
31-DEC-2023,"Private Advisor Group, LLC",2459481
31-DEC-2023,Private Portfolio Partners LLC,694946
31-DEC-2023,"Private Wealth Management Group, LLC",26331
31-DEC-2023,Privium Fund Management B.V.,62744100
31-DEC-2023,"Procyon Advisors, LLC",3452145
31-DEC-2023,"Redhawk Wealth Advisors, Inc.",244918
31-DEC-2023,Redwood Financial Network Corp,406171
31-DEC-2023,Regal Investment Advisors LLC,2579880
31-DEC-2023,"SIGNATUREFD, LLC",3806272
31-DEC-2023,"SIMPLEX TRADING, LLC",352333
31-DEC-2023,"SITTNER & NELSON, LLC",49389
31-DEC-2023,SJS Investment Consulting Inc.,27265
31-DEC-2023,SPINNAKER TRUST,221002
31-DEC-2023,"SRS Capital Advisors, Inc.",198568
31-DEC-2023,"SRS Investment Management, LLC",316741
31-DEC-2023,ST GERMAIN D J CO INC,779
31-DEC-2023,STATE OF MICHIGAN RETIREMENT SYSTEM,12464000
31-DEC-2023,"STRATEGIC PLANNING GROUP, LLC",2271687
31-DEC-2023,STRS OHIO,1161
31-DEC-2023,SVB WEALTH LLC,245463
31-DEC-2023,SWS Partners,2117945
31-DEC-2023,SYMMETRY PEAK MANAGEMENT LLC,11685000
31-DEC-2023,SYON CAPITAL LLC,4935510
31-DEC-2023,SYSTM Wealth Solutions LLC,236583
31-DEC-2023,"Sachetta, LLC",13399
31-DEC-2023,"Sage Capital Management, LLC",205656
31-DEC-2023,"SageView Advisory Group, LLC",1297191
31-DEC-2023,"Sanctuary Wealth Management, L.L.C.",2337
31-DEC-2023,"Sand Hill Global Advisors, LLC",529798
31-DEC-2023,Sandy Spring Bank,355614
31-DEC-2023,"Sargent Investment Group, LLC",292904
31-DEC-2023,"Savant Capital, LLC",812109
31-DEC-2023,"Scarborough Advisors, LLC",54567
31-DEC-2023,"Schechter Investment Advisors, LLC",23292
31-DEC-2023,Sciencast Management LP,222482
31-DEC-2023,"Sculati Wealth Management, LLC",310042
31-DEC-2023,Sculptor Capital LP,13699093
31-DEC-2023,"SeaCrest Wealth Management, LLC",433127
31-DEC-2023,SILVERCREST ASSET MANAGEMENT GROUP LLC,493808
31-DEC-2023,SIGNATURE ESTATE & INVESTMENT ADVISORS LLC,1
31-DEC-2023,Resolute Advisors LLC,3297507
31-DEC-2023,SIERRA SUMMIT ADVISORS LLC,5353834
31-DEC-2023,"Resolute Wealth Strategies, LLC",2425027
31-DEC-2023,"Retirement Group, LLC",9582
31-DEC-2023,Ridgewood Investments LLC,280051
31-DEC-2023,"Rise Advisors, LLC",125809
31-DEC-2023,Ritter Daniher Financial Advisory LLC / DE,11685
31-DEC-2023,River Street Advisors LLC,625304
31-DEC-2023,"RiverPark Advisors, LLC",2966198
31-DEC-2023,"Robertson Stephens Wealth Management, LLC",905120
31-DEC-2023,"Rockbridge Investment Management, LCC",54686
31-DEC-2023,Rosenberg Matthew Hamilton,25084
31-DEC-2023,"Round Rock Advisors, LLC",302252
31-DEC-2023,Roundview Capital LLC,1053910
31-DEC-2023,Royal Bank of Canada,337177000
31-DEC-2023,"Russell Investments Group, Ltd.",4546548
31-DEC-2023,Rye Brook Capital LLC,204
31-DEC-2023,S.A. Mason LLC,38950
31-DEC-2023,SALEM INVESTMENT COUNSELORS INC,47208
31-DEC-2023,SANDLER CAPITAL MANAGEMENT,5041299
31-DEC-2023,"SANDS CAPITAL MANAGEMENT, LLC",1153383583
31-DEC-2023,SAPIENT CAPITAL LLC,960585
31-DEC-2023,"SCGE MANAGEMENT, L.P.",387708300
31-DEC-2023,SCHAPER BENZ & WISE INVESTMENT COUNSEL INC/WI,201761
31-DEC-2023,SCHRODER INVESTMENT MANAGEMENT GROUP,3204510
31-DEC-2023,SCHWARTZ INVESTMENT COUNSEL INC,623200
31-DEC-2023,SEI INVESTMENTS CO,78833064
31-DEC-2023,"SEVEN EIGHT CAPITAL, LP",628809
31-DEC-2023,SEVEN MILE ADVISORY,323597
31-DEC-2023,"SG Americas Securities, LLC",8206
31-DEC-2023,SHELL ASSET MANAGEMENT CO,3061
31-DEC-2023,WHITTIER TRUST CO,292590
31-DEC-2023,"Quadcap Wealth Management, LLC",899278
31-DEC-2023,WILBANKS SMITH & THOMAS ASSET MANAGEMENT LLC,538756
31-DEC-2023,MASSMUTUAL TRUST CO FSB/ADV,128535
31-DEC-2023,"MOODY LYNN & LIEBERSON, LLC",3028596
31-DEC-2023,MONTRUSCO BOLTON INVESTMENTS INC.,2917755
31-DEC-2023,MONTAG A & ASSOCIATES INC,1394099
31-DEC-2023,MONETA GROUP INVESTMENT ADVISORS LLC,251072
31-DEC-2023,"MONECO Advisors, LLC",411780
31-DEC-2023,MMBG INVESTMENT ADVISORS CO.,6600077
31-DEC-2023,"MISSION WEALTH MANAGEMENT, LP",708813
31-DEC-2023,MILLENNIUM MANAGEMENT LLC,99300545
31-DEC-2023,MGO ONE SEVEN LLC,1762332
31-DEC-2023,MERCER GLOBAL ADVISORS INC /ADV,3443
31-DEC-2023,"MEANS INVESTMENT CO., INC.",1119975
31-DEC-2023,"MEAG MUNICH ERGO, Kapitalanlagegesellschaft mbH",92473
31-DEC-2023,MCF Advisors LLC,143336
31-DEC-2023,"MBL Wealth, LLC",204566
31-DEC-2023,MASSACHUSETTS FINANCIAL SERVICES CO /MA/,58229549
31-DEC-2023,"Moloney Securities Asset Management, LLC",3241809
31-DEC-2023,MARSICO CAPITAL MANAGEMENT LLC,23679575
31-DEC-2023,MAI Capital Management,1101621
31-DEC-2023,MACROVIEW INVESTMENT MANAGEMENT LLC,3272
31-DEC-2023,MACQUARIE GROUP LTD,57858000
31-DEC-2023,MACKENZIE FINANCIAL CORP,337639627
31-DEC-2023,M&R CAPITAL MANAGEMENT INC,38950
31-DEC-2023,"M Holdings Securities, Inc.",4238
31-DEC-2023,Liontrust Investment Partners LLP,12291576
31-DEC-2023,Linden Advisors LP,6138844
31-DEC-2023,"Lindbrook Capital, LLC",510260
31-DEC-2023,"Lido Advisors, LLC",1556215
31-DEC-2023,"LexAurum Advisors, LLC",510401
31-DEC-2023,"Legal Advantage Investments, Inc.",1909329
31-DEC-2023,"Legacy Wealth Asset Management, LLC",617903
31-DEC-2023,MOSELEY INVESTMENT MANAGEMENT INC,379529
31-DEC-2023,MOTCO,1948
31-DEC-2023,"MSA Advisors, LLC",2585501
31-DEC-2023,MUFG Securities EMEA plc,1507832
31-DEC-2023,"Miura Global Management, LLC",3895000
31-DEC-2023,Mitsubishi UFJ Trust & Banking Corp,97026008
31-DEC-2023,Missouri Trust & Investment Co,3895
31-DEC-2023,"Mirae Asset Global Investments Co., Ltd.",11642622
31-DEC-2023,"Miracle Mile Advisors, LLC",243671
31-DEC-2023,"Midwest Professional Planners, LTD.",286360
31-DEC-2023,"Metis Global Partners, LLC",4288413
31-DEC-2023,"Merit Financial Group, LLC",950458
31-DEC-2023,"Meridian Wealth Management, LLC",6332881
31-DEC-2023,"Mendota Financial Group, LLC",9348
31-DEC-2023,Menard Financial Group LLC,768172
31-DEC-2023,"McIlrath & Eck, LLC",383502
31-DEC-2023,"McClarren Financial Advisors, Inc.",41
31-DEC-2023,"Mayflower Financial Advisors, LLC",528941
31-DEC-2023,Masso Torrence Wealth Management Inc.,880192
31-DEC-2023,Maryland State Retirement & Pension System,3099240
31-DEC-2023,"Marks Group Wealth Management, Inc",21812
31-DEC-2023,"Mariner, LLC",8306295
31-DEC-2023,"Marcum Wealth, LLC",748307
31-DEC-2023,Marcho Partners LLP,41289181
31-DEC-2023,Marathon Trading Investment Management LLC,7323
31-DEC-2023,Manchester Capital Management LLC,615410
31-DEC-2023,"Malaga Cove Capital, LLC",1678356
31-DEC-2023,"Mainsail Financial Group, LLC",255418
31-DEC-2023,"Main Street Group, LTD",75563
31-DEC-2023,"Main Street Financial Solutions, LLC",1055156
31-DEC-2023,Magnetar Financial LLC,20954844
31-DEC-2023,Magellan Asset Management Ltd,237050
31-DEC-2023,MWA Asset Management,1001026
31-DEC-2023,"Legacy Financial Advisors, Inc.",1358108
31-DEC-2023,"Legacy Capital Group California, Inc.",3544762
31-DEC-2023,"Left Brain Wealth Management, LLC",1521699
31-DEC-2023,"Kiely Wealth Advisory Group, Inc.",6587
31-DEC-2023,"Kestra Advisory Services, LLC",4604048
31-DEC-2023,"Kesler, Norman & Wride, LLC",745191
31-DEC-2023,"Kercheville Advisors, LLC",1665892
31-DEC-2023,Kelly Financial Services LLC,101815
31-DEC-2023,"Kathmere Capital Management, LLC",217341
31-DEC-2023,"KRS Capital Management, LLC",352887
31-DEC-2023,"KINGSWOOD WEALTH ADVISORS, LLC",329673
31-DEC-2023,"KESTRA PRIVATE WEALTH SERVICES, LLC",2645796
31-DEC-2023,KENNEDY INVESTMENT GROUP,1055545
31-DEC-2023,KAYNE ANDERSON RUDNICK INVESTMENT MANAGEMENT LLC,8000502
31-DEC-2023,K.J. Harrison & Partners Inc,403639
31-DEC-2023,"Jaffetilchin Investment Partners, LLC",5102575
31-DEC-2023,JS Capital Management LLC,2960200
31-DEC-2023,JPMORGAN CHASE & CO,38978278
31-DEC-2023,JONES FINANCIAL COMPANIES LLLP,27966
31-DEC-2023,JOHNSON INVESTMENT COUNSEL INC,469737
31-DEC-2023,"JGP Wealth Management, LLC",420380
31-DEC-2023,"JFS WEALTH ADVISORS, LLC",68552
31-DEC-2023,"JFG Wealth Management, LLC",1090600
31-DEC-2023,"JEPPSON WEALTH MANAGEMENT, LLC",1966663
31-DEC-2023,JCIC Asset Management Inc.,60760
31-DEC-2023,"JARISLOWSKY, FRASER Ltd",380492084
31-DEC-2023,"JANICZEK WEALTH MANAGEMENT, LLC",68708
31-DEC-2023,"JAMISON PRIVATE WEALTH MANAGEMENT, INC.",164369
31-DEC-2023,"J.W. COLE ADVISORS, INC.",628965
31-DEC-2023,J. Goldman & Co LP,14697783
31-DEC-2023,"Investment Research & Advisory Group, Inc.",17138
31-DEC-2023,Investment Management Corp of Ontario,31198171
31-DEC-2023,"WILLIAM BLAIR INVESTMENT MANAGEMENT, LLC",2498175
31-DEC-2023,Key Financial Inc,24928
31-DEC-2023,"Kingsview Wealth Management, LLC",2025712
31-DEC-2023,"Leeward Financial Partners, LLC",340189
31-DEC-2023,"Knollwood Investment Advisory, LLC",1432581
31-DEC-2023,Laurion Capital Management LP,6442330
31-DEC-2023,Laurel Wealth Advisors LLC,779
31-DEC-2023,"Latitude Advisors, LLC",416499
31-DEC-2023,Larson Financial Group LLC,47519
31-DEC-2023,Lakeridge Wealth Management LLC,549125
31-DEC-2023,"Lake Hills Wealth Management, LLC",413104
31-DEC-2023,"Laird Norton Wetherby Wealth Management, LLC",2141004
31-DEC-2023,Laidlaw Wealth Management LLC,239620
31-DEC-2023,"LYELL WEALTH MANAGEMENT, LP",9889795
31-DEC-2023,"LVW Advisors, LLC",275377
31-DEC-2023,LPL Financial LLC,84067616
31-DEC-2023,LOUISBOURG INVESTMENTS INC.,8249905
31-DEC-2023,LORING WOLCOTT & COOLIDGE FIDUCIARY ADVISORS LLP/MA,140523
31-DEC-2023,"LORD, ABBETT & CO. LLC",515176
31-DEC-2023,LONG WALK MANAGEMENT LP,27420800
31-DEC-2023,LOGAN CAPITAL MANAGEMENT INC,1949447
31-DEC-2023,LMR Partners LLP,4150668
31-DEC-2023,LM Advisors LLC,412376
31-DEC-2023,LINCOLN NATIONAL CORP,615946
31-DEC-2023,"LEVEL FOUR ADVISORY SERVICES, LLC",261744
31-DEC-2023,LBP AM SA,623764
31-DEC-2023,"LAZARI CAPITAL MANAGEMENT, INC.",511414
31-DEC-2023,"LANDSCAPE CAPITAL MANAGEMENT, L.L.C.",401185
31-DEC-2023,"LAM GROUP, INC.",2337
31-DEC-2023,LAKE STREET FINANCIAL LLC,620863
31-DEC-2023,LA FINANCIERE DE L'ECHIQUIER,21586090
31-DEC-2023,"Kozak & Associates, Inc.",439941
31-DEC-2023,"Kovack Advisors, Inc.",3918266
31-DEC-2023,Korea Investment CORP,87577063
31-DEC-2023,Mn Services Vermogensbeheer B.V.,44479
31-DEC-2023,Janney Montgomery Scott LLC,7899
31-DEC-2023,"Moors & Cabot, Inc.",638391
31-DEC-2023,Zurcher Kantonalbank (Zurich Cantonalbank),32163196
31-DEC-2023,"Willis Johnson & Associates, Inc.",200865
31-DEC-2023,Winthrop Advisory Group LLC,353277
31-DEC-2023,"Worth Asset Management, LLC",327959
31-DEC-2023,"X-Square Capital, LLC",922
31-DEC-2023,Y.D. More Investments Ltd,144862
31-DEC-2023,"YHB Investment Advisors, Inc.",210720
31-DEC-2023,"YOUSIF CAPITAL MANAGEMENT, LLC",1643300
31-DEC-2023,"Yarbrough Capital, LLC",7593692
31-DEC-2023,"Your Advocates Ltd., LLP",31160
31-DEC-2023,ZACKS INVESTMENT MANAGEMENT,244880
31-DEC-2023,ZEVENBERGEN CAPITAL INVESTMENTS LLC,136393085
31-DEC-2023,Zhang Financial LLC,543041
31-DEC-2023,"Zions Bancorporation, N.A.",30848
31-DEC-2023,"Zullo Investment Group, Inc.",838594
31-DEC-2023,iA Global Asset Management Inc.,859
31-DEC-2023,PERKINS CAPITAL MANAGEMENT INC,253
31-DEC-2023,PRIO WEALTH LIMITED PARTNERSHIP,558543
31-DEC-2023,"PRINCIPAL SECURITIES, INC.",1371974
31-DEC-2023,PRICE T ROWE ASSOCIATES INC /MD/,4402456
31-DEC-2023,"POM Investment Strategies, LLC",107502
31-DEC-2023,POLEN CAPITAL MANAGEMENT LLC,182257068
31-DEC-2023,PITTENGER & ANDERSON INC,169433
31-DEC-2023,PINNACLE ASSOCIATES LTD,273741
31-DEC-2023,"PINEBRIDGE INVESTMENTS, L.P.",941026
31-DEC-2023,PIN OAK INVESTMENT ADVISORS INC,31
31-DEC-2023,PIER 88 INVESTMENT PARTNERS LLC,5028076
31-DEC-2023,"PFS Partners, LLC",168264
31-DEC-2023,"PFG Private Wealth Management, LLC",545
31-DEC-2023,"PFG Investments, LLC",207604
31-DEC-2023,PFG Advisors,372284
31-DEC-2023,White Pine Investment CO,348
31-DEC-2023,"White Knight Strategic Wealth Advisors, LLC",206825
31-DEC-2023,Whale Rock Capital Management LLC,56520657
31-DEC-2023,"Westside Investment Management, Inc.",3611444
31-DEC-2023,WINTON GROUP Ltd,1580202
31-DEC-2023,"Moser Wealth Advisors, LLC",569527
31-DEC-2023,"WMS Partners, LLC",465297
31-DEC-2023,"WNY Asset Management, LLC",206669
31-DEC-2023,WOLFF WIESE MAGANA LLC,72136
31-DEC-2023,WOODARD & CO ASSET MANAGEMENT GROUP INC /ADV,626472
31-DEC-2023,WOODSTOCK CORP,918441
31-DEC-2023,"WOODWARD DIVERSIFIED CAPITAL, LLC",1191636
31-DEC-2023,"WORLD EQUITY GROUP, INC.",649141
31-DEC-2023,WT Wealth Management,235180
31-DEC-2023,Walleye Capital LLC,70562709
31-DEC-2023,Walleye Trading LLC,175017930
31-DEC-2023,Waypoint Wealth Partners Inc.,556985
31-DEC-2023,"Wealth Alliance Advisory Group, LLC",243827
31-DEC-2023,"Wealth Architects, LLC",498482
31-DEC-2023,"Wealth Management Partners, LLC",1084524
31-DEC-2023,"WealthCollab, LLC",10906
31-DEC-2023,"WealthPLAN Partners, LLC",200203
31-DEC-2023,Wealthcare Advisory Partners LLC,321026
31-DEC-2023,Wealthfront Advisers LLC,677029
31-DEC-2023,"Wealthspire Advisors, LLC",277324
31-DEC-2023,Weaver Capital Management LLC,2592668
31-DEC-2023,Wedmont Private Capital,319772
31-DEC-2023,"Weinberger Asset Management, Inc",1558000
31-DEC-2023,"Wellington Shields & Co., LLC",4083986
31-DEC-2023,"Wellington Shields Capital Management, LLC",1542420
31-DEC-2023,"West Family Investments, Inc.",402899
31-DEC-2023,"Western Wealth Management, LLC",467714
31-DEC-2023,"Westmount Partners, LLC",386150
31-DEC-2023,PETRA FINANCIAL ADVISORS INC,1215396
31-DEC-2023,Wahed Invest LLC,2891887
31-DEC-2023,"PDS Planning, Inc",650777
31-DEC-2023,Ninepoint Partners LP,805330
31-DEC-2023,"Nikko Asset Management Americas, Inc.",427258362
31-DEC-2023,"Nicholas Investment Partners, LP",5168522
31-DEC-2023,Newlands Management Operations LLC,492721395
31-DEC-2023,"Newbridge Financial Services Group, Inc.",1350786
31-DEC-2023,NewSquare Capital LLC,23370
31-DEC-2023,"NewEdge Wealth, LLC",774092
31-DEC-2023,"NewEdge Advisors, LLC",3812372
31-DEC-2023,New Millennium Group LLC,2337
31-DEC-2023,New Insight Wealth Advisors,269924
31-DEC-2023,New England Capital Financial Advisors LLC,156657
31-DEC-2023,Nepsis Inc.,25918421
31-DEC-2023,Nemes Rush Group LLC,366987
31-DEC-2023,"National Wealth Management Group, LLC",287529
31-DEC-2023,Naples Money Management LLC,14022
31-DEC-2023,Napean Trading & Investment Co (Singapore) PTE Ltd,6774262
31-DEC-2023,"Nalls Sherbakoff Group, LLC",1169
31-DEC-2023,"Nadler Financial Group, Inc.",547092
31-DEC-2023,"NZS Capital, LLC",39690050
31-DEC-2023,NWAM LLC,587366
31-DEC-2023,"NVWM, LLC",172159
31-DEC-2023,NORGES BANK,1049088507
31-DEC-2023,NOMURA ASSET MANAGEMENT CO LTD,3891372
31-DEC-2023,NEW YORK STATE COMMON RETIREMENT FUND,84205
31-DEC-2023,NEUBERGER BERMAN GROUP LLC,3895
31-DEC-2023,"NBC SECURITIES, INC.",123
31-DEC-2023,"NATIONS FINANCIAL GROUP INC, /IA/ /ADV",376958
31-DEC-2023,"Mutual Advisors, LLC",2349542
31-DEC-2023,PCJ Investment Counsel Ltd.,6006682
31-DEC-2023,"NAPLES GLOBAL ADVISORS, LLC",275689
31-DEC-2023,"Nilsine Partners, LLC",813432
31-DEC-2023,"NFP Retirement, Inc.",276078
31-DEC-2023,North Star Investment Management Corp.,77900
31-DEC-2023,"OXFORD FINANCIAL GROUP, LTD. LLC",326401
31-DEC-2023,PARK AVENUE SECURITIES LLC,2215
31-DEC-2023,"NorthCrest Asset Manangement, LLC",6471698
31-DEC-2023,"PACIFIC CAPITAL WEALTH ADVISORS, INC",106723
31-DEC-2023,PARK CIRCLE Co,50635
31-DEC-2023,"PACES FERRY WEALTH ADVISORS, LLC",249514
31-DEC-2023,Oxinas Partners Wealth Management LLC,404846
31-DEC-2023,"Orion Portfolio Solutions, LLC",2895689
31-DEC-2023,Orion Capital Management LLC,85301
31-DEC-2023,Onex Canada Asset Management Inc.,14298298
31-DEC-2023,OneDigital Investment Advisors LLC,910184
31-DEC-2023,"One Wealth Management Investment & Advisory Services, LLC",468880
31-DEC-2023,"Oder Investment Management, LLC",615877
31-DEC-2023,"Octavia Wealth Advisors, LLC",616656
31-DEC-2023,"Objectivity Squared, LLC",342682
31-DEC-2023,"Oxbow Advisors, LLC",358730
31-DEC-2023,"OSAIC HOLDINGS, INC.",3299961
31-DEC-2023,"ONCE CAPITAL MANAGEMENT, LLC",1947500
31-DEC-2023,"O'Dell Group, LLC",538835
31-DEC-2023,ORG Partners LLC,779
31-DEC-2023,"OBERMEYER WOOD INVESTMENT COUNSEL, LLLP",362235
31-DEC-2023,OLD POINT TRUST & FINANCIAL SERVICES N A,38950
31-DEC-2023,OMERS ADMINISTRATION Corp,9480000
31-DEC-2023,OLIVER LAGORE VANVALIN INVESTMENT GROUP,15580
31-DEC-2023,"O'SHAUGHNESSY ASSET MANAGEMENT, LLC",10900095
31-DEC-2023,ONTARIO TEACHERS PENSION PLAN BOARD,1264089
31-DEC-2023,"Northside Capital Management, LLC",389500
31-DEC-2023,OPPENHEIMER & CO INC,1713800
31-DEC-2023,OPTIMUM INVESTMENT ADVISORS,357951
30-SEP-2023,FIRST FINANCIAL CORP /IN/,2182
30-SEP-2023,FFT WEALTH MANAGEMENT LLC,275579
30-SEP-2023,FINANCIAL COUNSELORS INC,2852538
30-SEP-2023,FIRST CITIZENS BANK & TRUST CO,222700
30-SEP-2023,FORSTA AP-FONDEN,12683862
30-SEP-2023,FIRST HAWAIIAN BANK,17844
30-SEP-2023,FORMULA GROWTH LTD,4365600
30-SEP-2023,FIRST TRUST ADVISORS LP,50811187
30-SEP-2023,FOSTER DYKEMA CABOT & CO INC/MA,13
30-SEP-2023,"FDx Advisors, Inc.",820
30-SEP-2023,"FLAGSHIP HARBOR ADVISORS, LLC",2704504
30-SEP-2023,FIRST MANHATTAN CO. LLC.,23465
30-SEP-2023,"EverSource Wealth Advisors, LLC",179043
30-SEP-2023,"FAS Wealth Partners, Inc.",622262
30-SEP-2023,"FAIRFIELD, BUSH & CO.",887581
30-SEP-2023,"Evercore Wealth Management, LLC",117544
30-SEP-2023,"Evanson Asset Management, LLC",532611
30-SEP-2023,"Essex Financial Services, Inc.",256916
30-SEP-2023,Erste Asset Management GmbH,1858210
30-SEP-2023,"Envestnet Portfolio Solutions, Inc.",1492108
30-SEP-2023,"Ensign Peak Advisors, Inc",55599823
30-SEP-2023,"FWL INVESTMENT MANAGEMENT, LLC",2183
30-SEP-2023,Engineers Gate Manager LP,1421118
30-SEP-2023,"Empowered Funds, LLC",566546
30-SEP-2023,"Empower Advisory Group, LLC",888945
30-SEP-2023,"Empirical Financial Services, LLC d.b.a. Empirical Wealth Management",498934
30-SEP-2023,"FRED ALGER MANAGEMENT, LLC",12280542
30-SEP-2023,"First Heartland Consultants, Inc.",239
30-SEP-2023,Farmers & Merchants Trust Co of Chambersburg PA,55
30-SEP-2023,"Farther Finance Advisors, LLC",300626
30-SEP-2023,GARDNER LEWIS ASSET MANAGEMENT L P,657296
30-SEP-2023,GAGNON SECURITIES LLC,384281
30-SEP-2023,GABLES CAPITAL MANAGEMENT INC.,916232
30-SEP-2023,"Edgestream Partners, L.P.",602016
30-SEP-2023,Front Row Advisors LLC,1583
30-SEP-2023,"Freedom Investment Management, Inc.",754356
30-SEP-2023,"Foundations Investment Advisors, LLC",353504
30-SEP-2023,"Forum Financial Management, LP",239126
30-SEP-2023,"Fortune Financial Advisors, LLC",230285
30-SEP-2023,"Fortis Group Advisors, LLC",3820
30-SEP-2023,"Focused Wealth Management, Inc",358308
30-SEP-2023,"Focus Financial Network, Inc.",14024927
30-SEP-2023,"Flaharty Asset Management, LLC",146793
30-SEP-2023,First Trust Direct Indexing L.P.,602507
30-SEP-2023,"First Horizon Advisors, Inc.",91131
30-SEP-2023,"First Command Advisory Services, Inc.",268484
30-SEP-2023,First Bank & Trust,457624
30-SEP-2023,FineMark National Bank & Trust,194639
30-SEP-2023,"Financial Synergies Wealth Advisors, Inc.",7095
30-SEP-2023,"Financial Perspectives, Inc",969763
30-SEP-2023,"Financial Management Professionals, Inc.",23
30-SEP-2023,"Financial Gravity Asset Management, Inc.",1371
30-SEP-2023,"Financial Avengers, Inc.",2135488
30-SEP-2023,Financial Advocates Investment Management,2568978
30-SEP-2023,Fiera Capital Corp,823558
30-SEP-2023,Eisler Capital (US) LLC,8016333
30-SEP-2023,DF DENT & CO INC,5224041
30-SEP-2023,Eagle Bay Advisors LLC,2729
30-SEP-2023,DAVIS-REA LTD.,397776
30-SEP-2023,D.A. DAVIDSON & CO.,3355182
30-SEP-2023,"Cypress Wealth Services, LLC",944279
30-SEP-2023,Cutler Group LLC / CA,5737
30-SEP-2023,Csenge Advisory Group,245716
30-SEP-2023,"Crossmark Global Holdings, Inc.",3684
30-SEP-2023,Crewe Advisors LLC,58991
30-SEP-2023,Crestwood Advisors Group LLC,2976248
30-SEP-2023,Creative Planning,16030747
30-SEP-2023,"Cravens & Co Advisors, LLC",582862
30-SEP-2023,Covestor Ltd,9
30-SEP-2023,"Covenant Asset Management, LLC",5893506
30-SEP-2023,Counterpoint Mutual Funds LLC,110886
30-SEP-2023,"Coston, McIsaac & Partners",33
30-SEP-2023,Corton Capital Inc.,40927500
30-SEP-2023,"Cornerstone Wealth Management, LLC",619262
30-SEP-2023,"Cornerstone Wealth Group, LLC",221663
30-SEP-2023,Cornerstone Planning Group LLC,1746
30-SEP-2023,"Cornerstone Capital, Inc.",15838015
30-SEP-2023,Corient Private Wealth LLC,3957623
30-SEP-2023,"Conservest Capital Advisors, Inc.",241199
30-SEP-2023,"Connor, Clark & Lunn Investment Management Ltd.",455027936
30-SEP-2023,"Confluence Wealth Services, Inc.",274924
30-SEP-2023,Compass Wealth Management LLC,255934
30-SEP-2023,GATEWAY INVESTMENT ADVISERS LLC,2632293
30-SEP-2023,Concord Wealth Partners,68658
30-SEP-2023,DAVENPORT & Co LLC,2569265
30-SEP-2023,"DFPG INVESTMENTS, LLC",400374
30-SEP-2023,"EXCHANGE TRADED CONCEPTS, LLC",1153610
30-SEP-2023,DIMENSIONAL FUND ADVISORS LP,21948163
30-SEP-2023,EVERMAY WEALTH MANAGEMENT LLC,201909
30-SEP-2023,EVERGREEN CAPITAL MANAGEMENT LLC,53479
30-SEP-2023,"EVENTIDE ASSET MANAGEMENT, LLC",729601
30-SEP-2023,EULAV Asset Management,5948130
30-SEP-2023,EQUITABLE TRUST CO,11438036
30-SEP-2023,"EP Wealth Advisors, LLC",637422
30-SEP-2023,ENVESTNET ASSET MANAGEMENT INC,45157782
30-SEP-2023,"EMFO, LLC",2183
30-SEP-2023,EMC Capital Management,272
30-SEP-2023,"ELEMENT POINTE ADVISORS, LLC",469247
30-SEP-2023,EFG Asset Management (North America) Corp.,583077
30-SEP-2023,EDMOND DE ROTHSCHILD HOLDING S.A.,3606757
30-SEP-2023,EARNEST PARTNERS LLC,11121
30-SEP-2023,Dynamic Technology Lab Private Ltd,1871
30-SEP-2023,Dynamic Advisor Solutions LLC,414787
30-SEP-2023,"Diligent Investors, LLC",231486
30-SEP-2023,DeepCurrents Investment Group LLC,11148567
30-SEP-2023,"DecisionPoint Financial, LLC",40928
30-SEP-2023,David J Yvars Group,2942960
30-SEP-2023,Dakota Community Bank & Trust NA,5784
30-SEP-2023,"DZ BANK AG Deutsche Zentral Genossenschafts Bank, Frankfurt am Main",39603
30-SEP-2023,DUNCKER STREETT & CO INC,1091
30-SEP-2023,"DUALITY ADVISERS, LP",785590
30-SEP-2023,"DOLIVER ADVISORS, LP",205456
30-SEP-2023,"DMC Group, LLC",528674
30-SEP-2023,"GARRISON POINT ADVISORS, LLC",242291
30-SEP-2023,HIGHLINE WEALTH PARTNERS LLC,46385
30-SEP-2023,"GFG Capital, LLC",43110
30-SEP-2023,"INSIGNEO ADVISORY SERVICES, LLC",1755026
30-SEP-2023,"IHT Wealth Management, LLC",1259224
30-SEP-2023,"IFP Advisors, Inc",449220
30-SEP-2023,"IEQ CAPITAL, LLC",446556
30-SEP-2023,"ICA Group Wealth Management, LLC",630722
30-SEP-2023,Hudson Bay Capital Management LP,98226000
30-SEP-2023,"Horrell Capital Management, Inc.",14
30-SEP-2023,Honeycomb Asset Management LP,2728500
30-SEP-2023,"Holocene Advisors, LP",60803040
30-SEP-2023,Holistic Financial Partners,312195
30-SEP-2023,Hillsdale Investment Management Inc.,20652187
30-SEP-2023,"HighTower Advisors, LLC",7330156
30-SEP-2023,HighMark Wealth Management LLC,18591
30-SEP-2023,Hexagon Capital Partners LLC,23029
30-SEP-2023,Henry James International Management Inc.,8739440
30-SEP-2023,"Hennion & Walsh Asset Management, Inc.",206384
30-SEP-2023,"Harvest Fund Management Co., Ltd",106
30-SEP-2023,Hartford Financial Management Inc.,5457
30-SEP-2023,"HST Ventures, LLC",3437583
30-SEP-2023,HSBC HOLDINGS PLC,26013487
30-SEP-2023,HOLLENCREST CAPITAL MANAGEMENT,124965
30-SEP-2023,HM PAYSON & CO,10914
30-SEP-2023,HIMENSION CAPITAL (SINGAPORE) PTE. LTD.,31131421
30-SEP-2023,"HIGHLAND CAPITAL MANAGEMENT, LLC",1174892
30-SEP-2023,"HHM Wealth Advisors, LLC",68213
30-SEP-2023,HERITAGE INVESTORS MANAGEMENT CORP,246
30-SEP-2023,"IMC-Chicago, LLC",226945716
30-SEP-2023,"INSTITUTIONAL & FAMILY ASSET MANAGEMENT, LLC",1637
30-SEP-2023,"HEADINVEST, LLC",85320
30-SEP-2023,INTACT INVESTMENT MANAGEMENT INC.,31643638
30-SEP-2023,"JANICZEK WEALTH MANAGEMENT, LLC",24284
30-SEP-2023,Colonial Trust Advisors,17462
30-SEP-2023,"JAMISON PRIVATE WEALTH MANAGEMENT, INC.",160436
30-SEP-2023,"JAG CAPITAL MANAGEMENT, LLC",8003836
30-SEP-2023,J.P. Morgan Private Wealth Advisors LLC,15170133
30-SEP-2023,J. Goldman & Co LP,20552699
30-SEP-2023,Investors Research Corp,1091
30-SEP-2023,"Investment Research & Advisory Group, Inc.",12005
30-SEP-2023,Investment Management Corp of Ontario,16129255
30-SEP-2023,"Intrinsic Value Partners, LLC",966216
30-SEP-2023,"Interchange Capital Partners, LLC",420659
30-SEP-2023,"InterOcean Capital Group, LLC",300408
30-SEP-2023,"Intellectus Partners, LLC",646199
30-SEP-2023,Integrated Advisors Network LLC,420189
30-SEP-2023,"Institute for Wealth Management, LLC.",267121
30-SEP-2023,Industrial Alliance Investment Management Inc.,41
30-SEP-2023,"Indie Asset Partners, LLC",227011
30-SEP-2023,"Independent Solutions Wealth Management, LLC",2355814
30-SEP-2023,Independent Advisor Alliance,1528312
30-SEP-2023,"Impact Partnership Wealth, LLC",6598
30-SEP-2023,Ilmarinen Mutual Pension Insurance Co,12422
30-SEP-2023,"Icon Wealth Partners, LLC",371990
30-SEP-2023,IPG Investment Advisors LLC,227611
30-SEP-2023,INVESTMENT HOUSE LLC,290040
30-SEP-2023,"INTERNATIONAL ASSETS INVESTMENT MANAGEMENT, LLC",1829476
30-SEP-2023,HEALTHCARE OF ONTARIO PENSION PLAN TRUST FUND,84316023
30-SEP-2023,HBW ADVISORY SERVICES LLC,249
30-SEP-2023,"GHP Investment Advisors, Inc.",15569
30-SEP-2023,"Gleason Group, Inc.",109140
30-SEP-2023,Gladstone Institutional Advisory LLC,835139
30-SEP-2023,Gifford Fong Associates,3820
30-SEP-2023,Gerber Kawasaki Wealth & Investment Management,1183958
30-SEP-2023,Genus Capital Management Inc.,4211229
30-SEP-2023,Generali Investments Towarzystwo Funduszy Inwestycyjnych,1378057
30-SEP-2023,Geneos Wealth Management Inc.,281090
30-SEP-2023,Gavilan Investment Partners LLC,14133630
30-SEP-2023,"Gateway Advisory, LLC",249876
30-SEP-2023,Garden State Investment Advisory Services LLC,236245
30-SEP-2023,"GUARDIAN WEALTH ADVISORS, LLC / NC",242564
30-SEP-2023,GUARDIAN CAPITAL LP,11354772
30-SEP-2023,GUARDIAN CAPITAL ADVISORS LP,428034
30-SEP-2023,"GS Investments, Inc.",24666
30-SEP-2023,"GROUP ONE TRADING, L.P.",72894606
30-SEP-2023,"GRIFFIN ASSET MANAGEMENT, INC.",556887
30-SEP-2023,"GREENLEA LANE CAPITAL MANAGEMENT, LLC",14345362
30-SEP-2023,"GREATMARK INVESTMENT PARTNERS, INC.",51159
30-SEP-2023,GREAT WEST LIFE ASSURANCE CO /CAN/,47975
30-SEP-2023,"GREAT VALLEY ADVISOR GROUP, INC.",724721
30-SEP-2023,GRAND JEAN CAPITAL MANAGEMENT INC,2031270
30-SEP-2023,"GPS Wealth Strategies Group, LLC",672087
30-SEP-2023,"GM Advisory Group, Inc.",410366
30-SEP-2023,GLUSKIN SHEFF & ASSOC INC,23939834
30-SEP-2023,"GILL CAPITAL PARTNERS, LLC",295005
30-SEP-2023,GILDER GAGNON HOWE & CO LLC,74688557
30-SEP-2023,Glassman Wealth Services,105375
30-SEP-2023,"Global Financial Private Client, LLC",146286
30-SEP-2023,HBK Sorce Advisory LLC,346575
30-SEP-2023,"Global Retirement Partners, LLC",495461
30-SEP-2023,HBK INVESTMENTS L P,1394209
30-SEP-2023,"HB Wealth Management, LLC",246384
30-SEP-2023,"HARBOUR INVESTMENTS, INC.",747227
30-SEP-2023,"HARBOR INVESTMENT ADVISORY, LLC",243109
30-SEP-2023,"HARBOR CAPITAL ADVISORS, INC.",1627605
30-SEP-2023,"HAP Trading, LLC",199668
30-SEP-2023,"HANTZ FINANCIAL SERVICES, INC.",3647
30-SEP-2023,Gulf International Bank (UK) Ltd,486
30-SEP-2023,Grove Bank & Trust,4529
30-SEP-2023,"Grey Street Capital, LLC",219754
30-SEP-2023,"Great Diamond Partners, LLC",394105
30-SEP-2023,Grassi Investment Management,250
30-SEP-2023,"Granite Investment Partners, LLC",6111567
30-SEP-2023,"Granite Bay Wealth Management, LLC",66363
30-SEP-2023,Grandview Asset Management LLC,623
30-SEP-2023,Gradient Investments LLC,42455
30-SEP-2023,"Gould Capital, LLC",6750
30-SEP-2023,"Gotham Asset Management, LLC",253532
30-SEP-2023,Gordian Capital Singapore Pte Ltd,545
30-SEP-2023,"Good Life Advisors, LLC",1167747
30-SEP-2023,"Golden Green, Inc.",468538
30-SEP-2023,GoalVest Advisory LLC,18936
30-SEP-2023,Global Wealth Strategies & Associates,13643
30-SEP-2023,"Global Wealth Management Investment Advisory, Inc.",866190
30-SEP-2023,"Global Trust Asset Management, LLC",5457
30-SEP-2023,"Column Capital Advisors, LLC",300899
30-SEP-2023,BIT Capital GmbH,16736019
30-SEP-2023,"Coastal Investment Advisors, Inc.",552330
30-SEP-2023,Avitas Wealth Management LLC,1190717
30-SEP-2023,Avion Wealth,72
30-SEP-2023,"Avidian Wealth Solutions, LLC",292495
30-SEP-2023,"Avestar Capital, LLC",460025
30-SEP-2023,"Authentikos Wealth Advisory, LLC",8731
30-SEP-2023,"Ausdal Financial Partners, Inc.",225920
30-SEP-2023,Aubrey Capital Management Ltd,2597100
30-SEP-2023,"Atria Investments, Inc",3711633
30-SEP-2023,AtonRa Partners,784935
30-SEP-2023,"Asset Dedication, LLC",167
30-SEP-2023,Assenagon Asset Management S.A.,2008403
30-SEP-2023,"Ashton Thomas Private Wealth, LLC",274705
30-SEP-2023,"Ashe Capital Management, LP",173106681
30-SEP-2023,"Ascent Wealth Partners, LLC",1296692
30-SEP-2023,Artisan Partners Limited Partnership,262461673
30-SEP-2023,"Arthedge Capital Management, LLC",10259160
30-SEP-2023,Arlington Trust Co LLC,6876
30-SEP-2023,Arlington Partners LLC,6876
30-SEP-2023,Arkadios Wealth Advisors,571130
30-SEP-2023,Ardmore Road Asset Management LP,7094100
30-SEP-2023,Archer Investment Corp,4911
30-SEP-2023,Aquatic Capital Management LLC,18690
30-SEP-2023,"Aptus Capital Advisors, LLC",327365
30-SEP-2023,"Apollon Wealth Management, LLC",5905729
30-SEP-2023,"Apexium Financial, LP",1407360
30-SEP-2023,"Annis Gardner Whiting Capital Advisors, LLC",572985
30-SEP-2023,"Avior Wealth Management, LLC",524199
30-SEP-2023,B & T Capital Management DBA Alpha Capital Management,3101759
30-SEP-2023,"Angeles Investment Advisors, LLC",427119
30-SEP-2023,"B. Riley Wealth Advisors, Inc.",2879932
30-SEP-2023,Baader Bank Aktiengesellschaft,892337
30-SEP-2023,"BUCKINGHAM STRATEGIC WEALTH, LLC",578442
30-SEP-2023,"BROWN, LISLE/CUMMINGS, INC.",406547
30-SEP-2023,BROWN CAPITAL MANAGEMENT LLC,32360283
30-SEP-2023,BROWN BROTHERS HARRIMAN & CO,170313
30-SEP-2023,BRITISH COLUMBIA INVESTMENT MANAGEMENT Corp,185725442
30-SEP-2023,BRIGHTON JONES LLC,2006813
30-SEP-2023,BOYD WATTERSON ASSET MANAGEMENT LLC/OH,1441139
30-SEP-2023,BOURGEON CAPITAL MANAGEMENT LLC,40928
30-SEP-2023,"BOKF, NA",250956
30-SEP-2023,"BLUE BELL PRIVATE WEALTH MANAGEMENT, LLC",48840
30-SEP-2023,"BLB&B Advisors, LLC",392413
30-SEP-2023,BLAIR WILLIAM & CO/IL,20268117
30-SEP-2023,BERKSHIRE CAPITAL HOLDINGS INC,9364758
30-SEP-2023,BENEDICT FINANCIAL ADVISORS INC,203546
30-SEP-2023,"BBR PARTNERS, LLC",358470
30-SEP-2023,"BASSO CAPITAL MANAGEMENT, L.P.",365515
30-SEP-2023,BARTLETT & CO. WEALTH MANAGEMENT LLC,81855
30-SEP-2023,"BARRETT & COMPANY, INC.",16371
30-SEP-2023,BARCLAYS PLC,265785
30-SEP-2023,BANK OF NOVA SCOTIA,280579572
30-SEP-2023,BALDWIN BROTHERS LLC/MA,16371
30-SEP-2023,"BAKER TILLY WEALTH MANAGEMENT, LLC",878632
30-SEP-2023,BAILLIE GIFFORD & CO,659682323
30-SEP-2023,"B.O.S.S. Retirement Advisors, LLC",1482885
30-SEP-2023,"Annapolis Financial Services, LLC",27504
30-SEP-2023,Andra AP-fonden,215006
30-SEP-2023,"Clearstead Advisors, LLC",539370
30-SEP-2023,Accredited Investors Inc.,352522
30-SEP-2023,"Abdiel Capital Advisors, LP",120463002
30-SEP-2023,"Abbrea Capital, LLC",222
30-SEP-2023,"Abbot Financial Management, Inc.",366601
30-SEP-2023,"AXXCESS WEALTH MANAGEMENT, LLC",685126
30-SEP-2023,AXIOM INVESTORS LLC /DE,157707
30-SEP-2023,"AVANTAX ADVISORY SERVICES, INC.",2149840
30-SEP-2023,"ATALANTA SOSNOFF CAPITAL, LLC",11006332
30-SEP-2023,"ASSETMARK, INC",2217507
30-SEP-2023,ASHFORD CAPITAL MANAGEMENT INC,256479
30-SEP-2023,"ASB Consultores, LLC",234083
30-SEP-2023,"ARTHUR M. COHEN & ASSOCIATES, LLC",1686049
30-SEP-2023,"ARMSTRONG ADVISORY GROUP, INC",18991
30-SEP-2023,ARK Investment Management LLC,379542555
30-SEP-2023,ARCADIA INVESTMENT MANAGEMENT CORP/MI,486219
30-SEP-2023,AMF Tjanstepension AB,28802787
30-SEP-2023,ALKEON CAPITAL MANAGEMENT LLC,3566000
30-SEP-2023,ALERUS FINANCIAL  NA,3203092
30-SEP-2023,ALBION FINANCIAL GROUP /UT,2183
30-SEP-2023,AGF MANAGEMENT LTD,71924342
30-SEP-2023,AE Wealth Management LLC,11626457
30-SEP-2023,ADVISORY RESEARCH INC,202182
30-SEP-2023,"ADVANCED RESEARCH INVESTMENT SOLUTIONS, LLC",270667
30-SEP-2023,"ADIRONDACK RETIREMENT SPECIALISTS, INC.",3614662
30-SEP-2023,ACORN FINANCIAL ADVISORY SERVICES INC /ADV,3504201
30-SEP-2023,JCIC Asset Management Inc.,37133
30-SEP-2023,Abound Wealth Management,98226
30-SEP-2023,"Accurate Wealth Management, LLC",202162
30-SEP-2023,"Ancora Advisors, LLC",789082
30-SEP-2023,Accuvest Global Advisors,210000
30-SEP-2023,"Anchor Investment Management, LLC",35907
30-SEP-2023,"Ameritas Investment Partners, Inc.",16098
30-SEP-2023,"Ameritas Advisory Services, LLC",964131
30-SEP-2023,"American Money Management, LLC",277216
30-SEP-2023,"Ambassador Advisors, LLC",130540
30-SEP-2023,"Alterity Financial Group, LLC",406547
30-SEP-2023,Alta Wealth Advisors LLC,987614
30-SEP-2023,"Alpine Global Management, LLC",5957003
30-SEP-2023,"AlphaMark Advisors, LLC",9
30-SEP-2023,Alpha DNA Investment Management LLC,35361
30-SEP-2023,"Alpha Cubed Investments, LLC",6897321
30-SEP-2023,Allworth Financial LP,642235
30-SEP-2023,"Alliance Wealth Advisors, LLC /UT",251622
30-SEP-2023,Alberta Investment Management Corp,50587458
30-SEP-2023,"Alan B Lancz & Associates, Inc.",319781
30-SEP-2023,"Aigen Investment Management, LP",381221
30-SEP-2023,Aequim Alternative Investments LP,23813730
30-SEP-2023,"Advisory Services Network, LLC",4158794
30-SEP-2023,"Advisory Services & Investments, LLC",273778
30-SEP-2023,Advisory Resource Group,632521
30-SEP-2023,"Advisors Asset Management, Inc.",22483659
30-SEP-2023,"AdvisorNet Financial, Inc",222100
30-SEP-2023,Addison Advisors LLC,5403
30-SEP-2023,Addenda Capital Inc.,54051396
30-SEP-2023,Activest Wealth Management,33173
30-SEP-2023,"Baker Avenue Asset Management, LP",1527960
30-SEP-2023,"Baldwin Investment Management, LLC",503245
30-SEP-2023,"Baltimore-Washington Financial Advisors, Inc.",2262363
30-SEP-2023,"CarsonAllaria Wealth Management, Ltd.",5184
30-SEP-2023,"Carmichael Hill & Associates, Inc.",209713
30-SEP-2023,"Carmel Capital Partners, LLC",32742
30-SEP-2023,"Caption Management, LLC",12436503
30-SEP-2023,"Capstone Triton Financial Group, LLC",1392626
30-SEP-2023,"Caprock Group, LLC",998304
30-SEP-2023,"Capital Investment Advisory Services, LLC",246711
30-SEP-2023,"Capital Investment Advisors, LLC",304446
30-SEP-2023,"Capital CS Group, LLC",66740
30-SEP-2023,Capital Asset Advisory Services LLC,369754
30-SEP-2023,"Canvas Wealth Advisors, LLC",231613
30-SEP-2023,Candriam S.C.A.,9919333
30-SEP-2023,Candlestick Capital Management LP,53602092
30-SEP-2023,"Cambridge Investment Research Advisors, Inc.",14243
30-SEP-2023,Calamos Wealth Management LLC,1396228
30-SEP-2023,Calamos Advisors LLC,13372650
30-SEP-2023,"CWM, LLC",2389
30-SEP-2023,CTC LLC,113712365
30-SEP-2023,CSS LLC/IL,1637100
30-SEP-2023,CREATIVE FINANCIAL DESIGNS INC /ADV,525509
30-SEP-2023,"CORRADO ADVISORS, LLC",741880
30-SEP-2023,"CONWAY CAPITAL MANAGEMENT, INC.",738059
30-SEP-2023,"CONTRAVISORY INVESTMENT MANAGEMENT, INC.",6884060
30-SEP-2023,CONFLUENCE INVESTMENT MANAGEMENT LLC,508865
30-SEP-2023,"CONCOURSE FINANCIAL GROUP SECURITIES, INC.",483162
30-SEP-2023,COMMONWEALTH OF PENNSYLVANIA PUBLIC SCHOOL EMPLS RETRMT SYS,5974596
30-SEP-2023,"Carnegie Capital Asset Management, LLC",7715187
30-SEP-2023,"Castle Creek Arbitrage, LLC",2228000
30-SEP-2023,Balyasny Asset Management L.P.,22008081
30-SEP-2023,CastleKnight Management LP,742152
30-SEP-2023,"Clearbridge Investments, LLC",101047490
30-SEP-2023,"Clear Creek Financial Management, LLC",237980
30-SEP-2023,Clean Yield Group,16272
30-SEP-2023,"Clay Northam Wealth Management, LLC",307502
30-SEP-2023,Claro Advisors LLC,253641
30-SEP-2023,"Clarius Group, LLC",269576
30-SEP-2023,"Clarity Wealth Advisors, LLC",258935
30-SEP-2023,Claret Asset Management Corp,821
30-SEP-2023,Clare Market Investments LLC,705208
30-SEP-2023,City State Bank,11
30-SEP-2023,"Circle Wealth Management, LLC",364746
30-SEP-2023,Cinctive Capital Management LP,1395791
30-SEP-2023,Choate Investment Advisors,622917
30-SEP-2023,"China Universal Asset Management Co., Ltd.",1125539
30-SEP-2023,Chicago Partners Investment Group LLC,1302897
30-SEP-2023,"Cherry Creek Investment Advisors, Inc.",685399
30-SEP-2023,Cetera Investment Advisers,2716113
30-SEP-2023,Cetera Advisors LLC,5171763
30-SEP-2023,Cetera Advisor Networks LLC,8542351
30-SEP-2023,Cerity Partners LLC,1249272
30-SEP-2023,Centurion Wealth Management LLC,249276
30-SEP-2023,"Centiva Capital, LP",409275
30-SEP-2023,"CenterStar Asset Management, LLC",2673930
30-SEP-2023,CenterBook Partners LP,845453
30-SEP-2023,"Castleview Partners, LLC",655
30-SEP-2023,"COMMONWEALTH EQUITY SERVICES, LLC",20964
30-SEP-2023,COMMERCE BANK,267720
30-SEP-2023,COLONY GROUP LLC,366
30-SEP-2023,COBBLESTONE CAPITAL ADVISORS LLC /NY/,15343120
30-SEP-2023,"Bristlecone Advisors, LLC",1341386
30-SEP-2023,"Bouvel Investment Partners, LLC",921333
30-SEP-2023,Bordeaux Wealth Advisors LLC,381990
30-SEP-2023,"Bogart Wealth, LLC",3338647
30-SEP-2023,"Blume Capital Management, Inc.",874
30-SEP-2023,"Blueshift Asset Management, LLC",1412108
30-SEP-2023,"BlueMar Capital Management, LLC",1226734
30-SEP-2023,"Bleakley Financial Group, LLC",496423
30-SEP-2023,BlackRock Inc.,363658164
30-SEP-2023,"Biondo Investment Advisors, LLC",1735544
30-SEP-2023,"Beverly Hills Private Wealth, LLC",444254
30-SEP-2023,Bellecapital International Ltd.,3721606
30-SEP-2023,"Bell Investment Advisors, Inc",6167
30-SEP-2023,"Beaird Harris Wealth Management, LLC",4639
30-SEP-2023,"Beacon Pointe Advisors, LLC",1789028
30-SEP-2023,"Beacon Capital Management, LLC",127715
30-SEP-2023,Baystate Wealth Management LLC,18554
30-SEP-2023,"Bay Colony Advisory Group, Inc d/b/a Bay Colony Advisors",256916
30-SEP-2023,Barton Investment Management,114497192
30-SEP-2023,Bartlett & Co. LLC,82
30-SEP-2023,Banque Cantonale Vaudoise,109
30-SEP-2023,Bank of New Hampshire,70941
30-SEP-2023,"Bank Julius Baer & Co. Ltd, Zurich",87
30-SEP-2023,Bangor Savings Bank,8295
30-SEP-2023,"Banco Santander, S.A.",353614
30-SEP-2023,Brookstone Capital Management,381905
30-SEP-2023,Brown Shipley& Co Ltd,19100
30-SEP-2023,C M BIDWELL & ASSOCIATES LTD,4366
30-SEP-2023,"CERTUITY, LLC",1054426
30-SEP-2023,COATUE MANAGEMENT LLC,15401618
30-SEP-2023,CNB Bank,301663
30-SEP-2023,CKW FINANCIAL GROUP,67
30-SEP-2023,CIDEL ASSET MANAGEMENT INC,46136040
30-SEP-2023,CIBC WORLD MARKET INC.,349755
30-SEP-2023,CIBC Asset Management Inc,231803395
30-SEP-2023,CI INVESTMENTS INC.,20176
30-SEP-2023,CHURCHILL MANAGEMENT Corp,1603485
30-SEP-2023,"CHOREO, LLC",502099
30-SEP-2023,CHILTON CAPITAL MANAGEMENT LLC,164256
30-SEP-2023,"CGC Financial Services, LLC",2729
30-SEP-2023,CENTRAL TRUST Co,49332
30-SEP-2023,CAISSE DE DEPOT ET PLACEMENT DU QUEBEC,94379615
30-SEP-2023,"CENTAURUS FINANCIAL, INC.",301
30-SEP-2023,"CEERA INVESTMENTS, LLC",470393
30-SEP-2023,CAROLINAS WEALTH CONSULTING LLC,70380
30-SEP-2023,CAPTRUST FINANCIAL ADVISORS,1997141
30-SEP-2023,"CAPSTONE INVESTMENT ADVISORS, LLC",1007144
30-SEP-2023,CAPITAL FUND MANAGEMENT S.A.,82425856
30-SEP-2023,CAPITAL ADVISORS INC/OK,498224
30-SEP-2023,CANADA PENSION PLAN INVESTMENT BOARD,298719162
30-SEP-2023,CAMDEN ASSET MANAGEMENT L P /CA,60844875
30-SEP-2023,CAMBRIDGE TRUST CO,14461
30-SEP-2023,"CALIBER WEALTH MANAGEMENT, LLC",2065038
30-SEP-2023,"JARISLOWSKY, FRASER Ltd",421236445
30-SEP-2023,1832 Asset Management L.P.,120909875
30-SEP-2023,"JEPPSON WEALTH MANAGEMENT, LLC",1379311
30-SEP-2023,Steadview Capital Management LLC,29244281
30-SEP-2023,"State of Tennessee, Treasury Department",38325500
30-SEP-2023,"Stanley-Laman Group, Ltd.",213532
30-SEP-2023,"Spouting Rock Asset Management, LLC",261227
30-SEP-2023,Spire Wealth Management,1522606
30-SEP-2023,"Sound View Wealth Advisors Group, LLC",492603
30-SEP-2023,"Sound Income Strategies, LLC",4911
30-SEP-2023,Souders Financial Advisors,646873
30-SEP-2023,"Solstein Capital, LLC",11460
30-SEP-2023,"Solidarity Wealth, LLC",760269
30-SEP-2023,Snowden Capital Advisors LLC,1071100
30-SEP-2023,Skye Global Management LP,862206
30-SEP-2023,"SkyView Investment Advisors, LLC",24
30-SEP-2023,"Simplicity Solutions, LLC",496423
30-SEP-2023,Sigma Planning Corp,1258602
30-SEP-2023,"Sheaff Brock Investment Advisors, LLC",694677
30-SEP-2023,SevenOneSeven Capital Management,515864
30-SEP-2023,Seven Post Investment Office LP,267393
30-SEP-2023,"Sequoia Financial Advisors, LLC",802289
30-SEP-2023,"Sepio Capital, LP",2498869
30-SEP-2023,"Sender Co & Partners, Inc.",2112023
30-SEP-2023,Semmax Financial Advisors Inc.,3866
30-SEP-2023,"Select Equity Group, L.P.",263491572
30-SEP-2023,"Seaport Global Advisors, LLC",200763
30-SEP-2023,Sculptor Capital LP,7132080
30-SEP-2023,"Sculati Wealth Management, LLC",228103
30-SEP-2023,State of Wyoming,29468
30-SEP-2023,"SteelPeak Wealth, LLC",2671911
30-SEP-2023,Savoie Capital LLC,474759
30-SEP-2023,"Sterling Investment Advisors, Ltd.",2049322
30-SEP-2023,"THOROUGHBRED FINANCIAL SERVICES, LLC",5910
30-SEP-2023,THORNBURG INVESTMENT MANAGEMENT INC,9379
30-SEP-2023,"THOMPSON INVESTMENT MANAGEMENT, INC.",2183
30-SEP-2023,"TFC Financial Management, Inc.",446438
30-SEP-2023,TECTONIC ADVISORS LLC,204965
30-SEP-2023,TEACHERS RETIREMENT SYSTEM OF THE STATE OF KENTUCKY,27006
30-SEP-2023,TD Asset Management Inc,386405248
30-SEP-2023,"Synergy Financial Group, LTD",3489370
30-SEP-2023,Swiss National Bank,221184196
30-SEP-2023,"Sunbelt Securities, Inc.",965298
30-SEP-2023,"Summit Trail Advisors, LLC",429793
30-SEP-2023,"Sugarloaf Wealth Management, LLC",61118
30-SEP-2023,"Strengthening Families & Communities, LLC",6
30-SEP-2023,"Stratos Wealth Partners, LTD.",1024661
30-SEP-2023,"Stratos Wealth Advisors, LLC",276506
30-SEP-2023,Strategy Capital LLC,94267274
30-SEP-2023,"Strategic Financial Concepts, LLC",228649
30-SEP-2023,"Strategic Blueprint, LLC",334460
30-SEP-2023,Strategic Advisors LLC,1436501
30-SEP-2023,Stony Point Capital LLC,13208287
30-SEP-2023,"Stonegate Investment Group, LLC",1888195
30-SEP-2023,Stonebridge Capital Advisors LLC,58936
30-SEP-2023,"Stone House Investment Management, LLC",12060
30-SEP-2023,"Steward Partners Investment Advisory, LLC",1318575
30-SEP-2023,Steward Financial Group LLC,37
30-SEP-2023,Schonfeld Strategic Advisors LLC,5060548
30-SEP-2023,"Savant Capital, LLC",559017
30-SEP-2023,TOBAM,1374
30-SEP-2023,"SAXON INTERESTS, INC.",2065038
30-SEP-2023,SANDLER CAPITAL MANAGEMENT,8583861
30-SEP-2023,SALEM INVESTMENT COUNSELORS INC,2729
30-SEP-2023,"Russell Investments Group, Ltd.",2984815
30-SEP-2023,Royal Bank of Canada,323385000
30-SEP-2023,Roundview Capital LLC,685891
30-SEP-2023,Rosenberg Matthew Hamilton,21773
30-SEP-2023,"Ronald Blue Trust, Inc.",12
30-SEP-2023,"Robertson Stephens Wealth Management, LLC",628592
30-SEP-2023,Robbins Farley,1747
30-SEP-2023,"RiverPark Advisors, LLC",2484299
30-SEP-2023,River Street Advisors LLC,459862
30-SEP-2023,Ritter Daniher Financial Advisory LLC / DE,20028
30-SEP-2023,"Rise Advisors, LLC",88131
30-SEP-2023,"Retirement Group, LLC",2347
30-SEP-2023,"Resolute Wealth Strategies, LLC",1701493
30-SEP-2023,Resolute Advisors LLC,2309948
30-SEP-2023,Regal Investment Advisors LLC,1769369
30-SEP-2023,Redwood Financial Network Corp,273998
30-SEP-2023,"Rede Wealth, LLC",323818
30-SEP-2023,"Raymond James Financial Services Advisors, Inc.",21466528
30-SEP-2023,Rathbones Group PLC,50028776
30-SEP-2023,Ratan Capital Management LP,2729
30-SEP-2023,Raleigh Capital Management Inc.,28376
30-SEP-2023,RWC Asset Management LLP,446338
30-SEP-2023,"RVW Wealth, LLC",38199
30-SEP-2023,"SANDS CAPITAL MANAGEMENT, LLC",859843938
30-SEP-2023,"SCGE MANAGEMENT, L.P.",322126710
30-SEP-2023,"Sargent Investment Group, LLC",205183
30-SEP-2023,SCHRODER INVESTMENT MANAGEMENT GROUP,2996298
30-SEP-2023,Sandy Spring Bank,266030
30-SEP-2023,"Sand Hill Global Advisors, LLC",371131
30-SEP-2023,"Sanctuary Wealth Management, L.L.C.",1637
30-SEP-2023,SYON CAPITAL LLC,316943
30-SEP-2023,SWS Partners,1507551
30-SEP-2023,SVB WEALTH LLC,182591
30-SEP-2023,SURIENCE PRIVATE WEALTH LLC,1693416
30-SEP-2023,STRS OHIO,1066
30-SEP-2023,STATE OF WISCONSIN INVESTMENT BOARD,33851381
30-SEP-2023,STATE OF MICHIGAN RETIREMENT SYSTEM,8731200
30-SEP-2023,ST GERMAIN D J CO INC,546
30-SEP-2023,"SRS Capital Advisors, Inc.",148868
30-SEP-2023,"SOA Wealth Advisors, LLC.",21337
30-SEP-2023,SJS Investment Consulting Inc.,12006
30-SEP-2023,"SITTNER & NELSON, LLC",34597
30-SEP-2023,"SIMPLEX TRADING, LLC",218530
30-SEP-2023,SILVERCREST ASSET MANAGEMENT GROUP LLC,291349
30-SEP-2023,"SILVER OAK SECURITIES, INCORPORATED",19914
30-SEP-2023,"SIGNATUREFD, LLC",2744762
30-SEP-2023,SHELL ASSET MANAGEMENT CO,2723
30-SEP-2023,"SG Americas Securities, LLC",9634
30-SEP-2023,SEVEN MILE ADVISORY,225483
30-SEP-2023,"SEVEN EIGHT CAPITAL, LP",1288343
30-SEP-2023,SEI INVESTMENTS CO,38847874
30-SEP-2023,SCHWARTZ INVESTMENT COUNSEL INC,436560
30-SEP-2023,"TITLEIST ASSET MANAGEMENT, LLC",10458068
30-SEP-2023,TOCQUEVILLE ASSET MANAGEMENT L.P.,6952709
30-SEP-2023,"JFS WEALTH ADVISORS, LLC",47040
30-SEP-2023,Walleye Trading LLC,187930458
30-SEP-2023,Wahed Invest LLC,1685917
30-SEP-2023,"WR Wealth Planners, LLC",20027
30-SEP-2023,"WORLD EQUITY GROUP, INC.",368511
30-SEP-2023,"WOODWARD DIVERSIFIED CAPITAL, LLC",911155
30-SEP-2023,WOODSTOCK CORP,643380
30-SEP-2023,WOODARD & CO ASSET MANAGEMENT GROUP INC /ADV,438306
30-SEP-2023,WOLFF WIESE MAGANA LLC,46385
30-SEP-2023,"WMS Partners, LLC",345538
30-SEP-2023,"WMG Financial Advisors, LLC",439289
30-SEP-2023,WINTON GROUP Ltd,1818764
30-SEP-2023,"WILLIAM BLAIR INVESTMENT MANAGEMENT, LLC",4240471
30-SEP-2023,WILBANKS SMITH & THOMAS ASSET MANAGEMENT LLC,377515
30-SEP-2023,WHITTIER TRUST CO OF NEVADA INC,72997
30-SEP-2023,WHITTIER TRUST CO,220202
30-SEP-2023,WETHERBY ASSET MANAGEMENT INC,1422095
30-SEP-2023,"WESTERLY CAPITAL MANAGEMENT, LLC",2182800
30-SEP-2023,WESBANCO BANK INC,13043
30-SEP-2023,WELCH & FORBES LLC,2678960
30-SEP-2023,WEDBUSH SECURITIES INC,1344
30-SEP-2023,"WEALTHSOURCE PARTNERS, LLC",210040
30-SEP-2023,"WEALTH ENHANCEMENT ADVISORY SERVICES, LLC",5659890
30-SEP-2023,WEALTH EFFECTS LLC,546791
30-SEP-2023,"WCM INVESTMENT MANAGEMENT, LLC",8356061
30-SEP-2023,WATERSHED PRIVATE WEALTH LLC,716504
30-SEP-2023,WASHINGTON TRUST Co,2729
30-SEP-2023,Walleye Capital LLC,84152986
30-SEP-2023,Waypoint Wealth Partners Inc.,390176
30-SEP-2023,WADE G W & INC,11957
30-SEP-2023,"Wealth Architects, LLC",348757
30-SEP-2023,iA Global Asset Management Inc.,415
30-SEP-2023,Zweig-DiMenna Associates LLC,522890
30-SEP-2023,Zurcher Kantonalbank (Zurich Cantonalbank),21257034
30-SEP-2023,"Zullo Investment Group, Inc.",576532
30-SEP-2023,"Zions Bancorporation, N.A.",21064
30-SEP-2023,Zhang Financial LLC,331544
30-SEP-2023,Zenyatta Capital Management LP,545700
30-SEP-2023,ZEVENBERGEN CAPITAL INVESTMENTS LLC,103796014
30-SEP-2023,"Your Advocates Ltd., LLP",491
30-SEP-2023,"Yarbrough Capital, LLC",5319484
30-SEP-2023,"YOUSIF CAPITAL MANAGEMENT, LLC",949245
30-SEP-2023,Y-Intercept (Hong Kong) Ltd,1397210
30-SEP-2023,"X-Square Capital, LLC",775
30-SEP-2023,"Worth Asset Management, LLC",286493
30-SEP-2023,Winthrop Advisory Group LLC,242290
30-SEP-2023,"Westside Investment Management, Inc.",2484028
30-SEP-2023,"Westmount Partners, LLC",273232
30-SEP-2023,"West Family Investments, Inc.",285892
30-SEP-2023,"Wellington Shields Capital Management, LLC",1484304
30-SEP-2023,"Wellington Shields & Co., LLC",1643103
30-SEP-2023,"Weinberger Asset Management, Inc",1091400
30-SEP-2023,"Wealthspire Advisors, LLC",224283
30-SEP-2023,Wealthfront Advisers LLC,433122
30-SEP-2023,Wealthcare Advisory Partners LLC,206275
30-SEP-2023,"Wealth Management Partners, LLC",752848
30-SEP-2023,"WASHBURN CAPITAL MANAGEMENT, INC.",896312
30-SEP-2023,"VitalStone Financial, LLC",16
30-SEP-2023,TORONTO DOMINION BANK,108489290
30-SEP-2023,"Twin Tree Management, LP",259542777
30-SEP-2023,Truvestments Capital LLC,57844
30-SEP-2023,"True Wealth Design, LLC",328
30-SEP-2023,Trium Capital LLP,4368
30-SEP-2023,"Trifecta Capital Advisors, LLC",58663
30-SEP-2023,Triasima Portfolio Management inc.,49394404
30-SEP-2023,"Traynor Capital Management, Inc.",384911
30-SEP-2023,"Tradition Wealth Management, LLC",102
30-SEP-2023,"Tradewinds Capital Management, LLC",5457
30-SEP-2023,Tower View Wealth Management LLC,3
30-SEP-2023,"Tortoise Investment Management, LLC",98335
30-SEP-2023,"Toroso Investments, LLC",529274
30-SEP-2023,Thrivent Financial for Lutherans,7857
30-SEP-2023,"Thomas J. Herzfeld Advisors, Inc.",3547
30-SEP-2023,Texas Yale Capital Corp.,6483462
30-SEP-2023,"Teamwork Financial Advisors, LLC",270831
30-SEP-2023,Tairen Capital Ltd,36408886
30-SEP-2023,Tacita Capital Inc,506188
30-SEP-2023,"TWO SIGMA SECURITIES, LLC",12878520
30-SEP-2023,"TWO SIGMA INVESTMENTS, LP",18564823
30-SEP-2023,"TWO SIGMA ADVISERS, LP",4968599
30-SEP-2023,"TSFG, LLC",106
30-SEP-2023,TRUST CO OF VERMONT,54570
30-SEP-2023,"TRANSCEND CAPITAL ADVISORS, LLC",374732
30-SEP-2023,TOWNSQUARE CAPITAL LLC,2576441
30-SEP-2023,TOTH FINANCIAL ADVISORY CORP,75198
30-SEP-2023,"Twin Lakes Capital Management, LLC",8186
30-SEP-2023,Tyler-Stone Wealth Management,167
30-SEP-2023,"Vise Technologies, Inc.",281363
30-SEP-2023,"UMB Bank, n.a.",4443035
30-SEP-2023,"Virtue Capital Management, LLC",402396
30-SEP-2023,"Vident Advisory, LLC",504450
30-SEP-2023,"Vestmark Advisory Solutions, Inc.",384555
30-SEP-2023,"Versant Capital Management, Inc",2292
30-SEP-2023,Verition Fund Management LLC,14612395
30-SEP-2023,Verdence Capital Advisors LLC,364364
30-SEP-2023,"Venturi Wealth Management, LLC",258389
30-SEP-2023,Venture Visionary Partners LLC,2675076
30-SEP-2023,"Vantage Financial Partners, LLC",203000
30-SEP-2023,"Vanguard Personalized Indexing Management, LLC",1395355
30-SEP-2023,Vanguard Capital Wealth Advisors,360162
30-SEP-2023,"Van Hulzen Asset Management, LLC",217
30-SEP-2023,"Valmark Advisers, Inc.",388484
30-SEP-2023,"Valeo Financial Advisors, LLC",1321025
30-SEP-2023,"VOLORIDGE INVESTMENT MANAGEMENT, LLC",2747981
30-SEP-2023,"VIAWEALTH, LLC",347393
30-SEP-2023,"VETAMER CAPITAL MANAGEMENT, L.P.",1132546
30-SEP-2023,"VERUS CAPITAL PARTNERS, LLC",268212
30-SEP-2023,VANGUARD GROUP INC,3012784270
30-SEP-2023,VAN ECK ASSOCIATES CORP,1103
30-SEP-2023,"VALLEY WEALTH MANAGERS, INC.",117326
30-SEP-2023,VALLEY NATIONAL ADVISERS INC,71
30-SEP-2023,Utah Retirement Systems,7361192
30-SEP-2023,UniSuper Management Pty Ltd,645018
30-SEP-2023,USS Investment Management Ltd,10178857
30-SEP-2023,ROYAL LONDON ASSET MANAGEMENT LTD,19044875
30-SEP-2023,"ROCKY MOUNTAIN ADVISERS, LLC",7640
30-SEP-2023,RMR Wealth Builders,692330
30-SEP-2023,MWA Asset Management,672313
30-SEP-2023,MOTCO,1364
30-SEP-2023,MOSELEY INVESTMENT MANAGEMENT INC,293477
30-SEP-2023,"MOORE CAPITAL MANAGEMENT, LP",1364195
30-SEP-2023,"MOODY LYNN & LIEBERSON, LLC",2444136
30-SEP-2023,MONTRUSCO BOLTON INVESTMENTS INC.,2223213
30-SEP-2023,MONTAG A & ASSOCIATES INC,976585
30-SEP-2023,MONETTA FINANCIAL SERVICES INC,785808
30-SEP-2023,MMBG INVESTMENT ADVISORS CO.,4919485
30-SEP-2023,"MISSION WEALTH MANAGEMENT, LP",521089
30-SEP-2023,MILLENNIUM MANAGEMENT LLC,30605648
30-SEP-2023,MGO ONE SEVEN LLC,794321
30-SEP-2023,MERCER GLOBAL ADVISORS INC /ADV,4708
30-SEP-2023,"MEANS INVESTMENT CO., INC.",775226
30-SEP-2023,"MEAG MUNICH ERGO, Kapitalanlagegesellschaft mbH",103754
30-SEP-2023,MCF Advisors LLC,100409
30-SEP-2023,MASSMUTUAL TRUST CO FSB/ADV,70941
30-SEP-2023,MASSACHUSETTS FINANCIAL SERVICES CO /MA/,40939560
30-SEP-2023,MARSICO CAPITAL MANAGEMENT LLC,8892345
30-SEP-2023,MANE GLOBAL CAPITAL MANAGEMENT LP,9776325
30-SEP-2023,MAI Capital Management,731620
30-SEP-2023,MACROVIEW INVESTMENT MANAGEMENT LLC,11024
30-SEP-2023,MACQUARIE GROUP LTD,4611000
30-SEP-2023,MACKENZIE FINANCIAL CORP,206792955
30-SEP-2023,M&R CAPITAL MANAGEMENT INC,54570
30-SEP-2023,"M Holdings Securities, Inc.",3019
30-SEP-2023,MUFG Securities EMEA plc,1717672
30-SEP-2023,"Mach-1 Financial Group, LLC",712193
30-SEP-2023,Lumina Fund Management LLC,546
30-SEP-2023,Magellan Asset Management Ltd,166057
30-SEP-2023,"Moors & Cabot, Inc.",400817
30-SEP-2023,"Moloney Securities Asset Management, LLC",2502307
30-SEP-2023,Mn Services Vermogensbeheer B.V.,32181
30-SEP-2023,Mitsubishi UFJ Trust & Banking Corp,72439165
30-SEP-2023,Missouri Trust & Investment Co,2729
30-SEP-2023,"Mirae Asset Global Investments Co., Ltd.",8645962
30-SEP-2023,"Miracle Mile Advisors, LLC",223955
30-SEP-2023,"Metis Global Partners, LLC",2828755
30-SEP-2023,"Merit Financial Group, LLC",699042
30-SEP-2023,"Meridian Wealth Management, LLC",4372749
30-SEP-2023,"Mendota Financial Group, LLC",5457
30-SEP-2023,Menard Financial Group LLC,445509
30-SEP-2023,"McIlrath & Eck, LLC",268594
30-SEP-2023,"McClarren Financial Advisors, Inc.",28
30-SEP-2023,"Maytus Capital Management, LLC",5893560
30-SEP-2023,"Mayflower Financial Advisors, LLC",391158
30-SEP-2023,Masso Torrence Wealth Management Inc.,616586
30-SEP-2023,Maryland State Retirement & Pension System,2154358
30-SEP-2023,"Mariner, LLC",12777399
30-SEP-2023,"Marcum Wealth, LLC",458661
30-SEP-2023,Marcho Partners LLP,32043395
30-SEP-2023,Manchester Capital Management LLC,431103
30-SEP-2023,"Malaga Cove Capital, LLC",1180131
30-SEP-2023,"Main Street Financial Solutions, LLC",824280
30-SEP-2023,Magnetar Financial LLC,14154887
30-SEP-2023,Lynwood Capital Management Inc.,545745
30-SEP-2023,Liontrust Investment Partners LLP,10335142
30-SEP-2023,RIVERPARK CAPITAL MANAGEMENT LLC,1847740
30-SEP-2023,"LAM GROUP, INC.",1637
30-SEP-2023,LA FINANCIERE DE L'ECHIQUIER,15334170
30-SEP-2023,"Kozak & Associates, Inc.",290247
30-SEP-2023,"Kovack Advisors, Inc.",3000986
30-SEP-2023,Korea Investment CORP,29888236
30-SEP-2023,"Kingsview Wealth Management, LLC",1344659
30-SEP-2023,"Kinetic Partners Management, LP",10297359
30-SEP-2023,Key Financial Inc,17462
30-SEP-2023,"Kestra Advisory Services, LLC",2844352
30-SEP-2023,"Kesler, Norman & Wride, LLC",518633
30-SEP-2023,"Kercheville Advisors, LLC",697677
30-SEP-2023,Kelly Financial Services LLC,67121
30-SEP-2023,Kathleen S. Wright Associates Inc.,2183
30-SEP-2023,"KRS Capital Management, LLC",277216
30-SEP-2023,"KESTRA PRIVATE WEALTH SERVICES, LLC",1862201
30-SEP-2023,KENNEDY INVESTMENT GROUP,768346
30-SEP-2023,KAYNE ANDERSON RUDNICK INVESTMENT MANAGEMENT LLC,3603421
30-SEP-2023,"Jump Financial, LLC",1306624
30-SEP-2023,"Jarislowsky, Fraser Ltd",421232
30-SEP-2023,Janney Montgomery Scott LLC,5167
30-SEP-2023,"Jaffetilchin Investment Partners, LLC",3647874
30-SEP-2023,JS Capital Management LLC,10914000
30-SEP-2023,JPMORGAN CHASE & CO,10423
30-SEP-2023,"JOSH ARNOLD INVESTMENT CONSULTANT, LLC",648000
30-SEP-2023,JOHNSON INVESTMENT COUNSEL INC,323600
30-SEP-2023,"JGP Wealth Management, LLC",297265
30-SEP-2023,LAKE STREET FINANCIAL LLC,433314
30-SEP-2023,"LANDSCAPE CAPITAL MANAGEMENT, L.L.C.",281036
30-SEP-2023,Linden Advisors LP,5799302
30-SEP-2023,"LAZARI CAPITAL MANAGEMENT, INC.",595086
30-SEP-2023,"Lindbrook Capital, LLC",331741
30-SEP-2023,"Lido Advisors, LLC",1270588
30-SEP-2023,"LexAurum Advisors, LLC",359725
30-SEP-2023,"Legal Advantage Investments, Inc.",1337511
30-SEP-2023,"Legacy Wealth Asset Management, LLC",459261
30-SEP-2023,"Legacy Financial Advisors, Inc.",472303
30-SEP-2023,"Legacy Capital Group California, Inc.",481417
30-SEP-2023,"Left Brain Wealth Management, LLC",975330
30-SEP-2023,"Leeward Financial Partners, LLC",268430
30-SEP-2023,Laurion Capital Management LP,5110917
30-SEP-2023,Laurel Wealth Advisors LLC,546
30-SEP-2023,"Latitude Advisors, LLC",311463
30-SEP-2023,Larson Financial Group LLC,223246
30-SEP-2023,"Lake Hills Wealth Management, LLC",288402
30-SEP-2023,Laidlaw Wealth Management LLC,221663
30-SEP-2023,"LYELL WEALTH MANAGEMENT, LP",6821523
30-SEP-2023,"LVW Advisors, LLC",219972
30-SEP-2023,LPL Financial LLC,55611615
30-SEP-2023,LORING WOLCOTT & COOLIDGE FIDUCIARY ADVISORS LLP/MA,104774
30-SEP-2023,"LORD, ABBETT & CO. LLC",423602
30-SEP-2023,LONG WALK MANAGEMENT LP,15688875
30-SEP-2023,LOGAN CAPITAL MANAGEMENT INC,1404250
30-SEP-2023,LMR Partners LLP,950064
30-SEP-2023,LINCOLN NATIONAL CORP,388154
30-SEP-2023,LBP AM SA,602717
30-SEP-2023,"Moser Wealth Advisors, LLC",400598
30-SEP-2023,"Mutual Advisors, LLC",1556446
30-SEP-2023,"NATIONS FINANCIAL GROUP INC, /IA/ /ADV",255879
30-SEP-2023,"Plante Moran Financial Advisors, LLC",46385
30-SEP-2023,Pine Valley Investments Ltd Liability Co,397379
30-SEP-2023,Pictet Asset Management Holding SA,33734792
30-SEP-2023,Perkins Coie Trust Co,3818
30-SEP-2023,Periscope Capital Inc.,2303402
30-SEP-2023,"Perigon Wealth Management, LLC",529002
30-SEP-2023,"Perennial Investment Advisors, LLC",716454
30-SEP-2023,Parkwood LLC,2408
30-SEP-2023,Park Place Capital Corp,40982
30-SEP-2023,"Parallel Advisors, LLC",2863514
30-SEP-2023,"Parallax Volatility Advisers, L.P.",32502329
30-SEP-2023,Pacific Center for Financial Services,983
30-SEP-2023,Pachira Investments Inc.,378607
30-SEP-2023,"Pacer Advisors, Inc.",599833
30-SEP-2023,PUBLIC INVESTMENT FUND,68212500
30-SEP-2023,"PSI Advisors, LLC",283766
30-SEP-2023,PRIVATE MANAGEMENT GROUP INC,7709443
30-SEP-2023,PRIO WEALTH LIMITED PARTNERSHIP,391267
30-SEP-2023,PRICE T ROWE ASSOCIATES INC /MD/,1746058
30-SEP-2023,POLEN CAPITAL MANAGEMENT LLC,43800589
30-SEP-2023,PITTENGER & ANDERSON INC,118690
30-SEP-2023,"PINEBRIDGE INVESTMENTS, L.P.",224496
30-SEP-2023,PIN OAK INVESTMENT ADVISORS INC,22
30-SEP-2023,PIER 88 INVESTMENT PARTNERS LLC,4102683
30-SEP-2023,"PFS Partners, LLC",117872
30-SEP-2023,"PFG Private Wealth Management, LLC",1419
30-SEP-2023,"Pinnacle Bancorp, Inc.",22756
30-SEP-2023,"Powell Investment Advisors, LLC",263846
30-SEP-2023,"NBC SECURITIES, INC.",104
30-SEP-2023,"PrairieView Partners, LLC",10
30-SEP-2023,RITHOLTZ WEALTH MANAGEMENT,563162
30-SEP-2023,RICHELIEU GESTION SA,1685
30-SEP-2023,RHUMBLINE ADVISERS,305805
30-SEP-2023,RFP Financial Group LLC,48322
30-SEP-2023,RESOURCES MANAGEMENT CORP /CT/ /ADV,3
30-SEP-2023,RENAISSANCE TECHNOLOGIES LLC,11156
30-SEP-2023,REGIONS FINANCIAL CORP,338771
30-SEP-2023,"REGATTA CAPITAL GROUP, LLC",435984
30-SEP-2023,RAYMOND JAMES TRUST N.A.,393122
30-SEP-2023,RAYMOND JAMES & ASSOCIATES,51398742
30-SEP-2023,"Quent Capital, LLC",4120
30-SEP-2023,Qube Research & Technologies Ltd,128793113
30-SEP-2023,Quantinno Capital Management LP,848000
30-SEP-2023,Quantbot Technologies LP,6053068
30-SEP-2023,Quadrature Capital Ltd,68745612
30-SEP-2023,QUADRANT CAPITAL GROUP LLC,392795
30-SEP-2023,Public Sector Pension Investment Board,17081680
30-SEP-2023,"Prosperity Wealth Management, Inc.",1142423
30-SEP-2023,Prospera Financial Services Inc,1355206
30-SEP-2023,"Procyon Advisors, LLC",2383017
30-SEP-2023,Privium Fund Management B.V.,22646550
30-SEP-2023,Private Portfolio Partners LLC,516832
30-SEP-2023,"Private Advisor Group, LLC",1602428
30-SEP-2023,"Prime Capital Investment Advisors, LLC",985207
30-SEP-2023,Prestige Wealth Management Group LLC,3276
30-SEP-2023,PFG Advisors,262427
30-SEP-2023,PETRA FINANCIAL ADVISORS INC,894239
30-SEP-2023,PERKINS CAPITAL MANAGEMENT INC,297
30-SEP-2023,"PDS Planning, Inc",439016
30-SEP-2023,"Nilsine Partners, LLC",705317
30-SEP-2023,"Nikko Asset Management Americas, Inc.",326010075
30-SEP-2023,"Nicholas Investment Partners, LP",4197908
30-SEP-2023,Newlands Management Operations LLC,345157979
30-SEP-2023,"Newbridge Financial Services Group, Inc.",1006544
30-SEP-2023,NewSquare Capital LLC,20191
30-SEP-2023,NewGen Asset Management Ltd,5457000
30-SEP-2023,"NewEdge Wealth, LLC",391049
30-SEP-2023,"NewEdge Advisors, LLC",3519777
30-SEP-2023,New Millennium Group LLC,23465
30-SEP-2023,New England Capital Financial Advisors LLC,109741
30-SEP-2023,Nepsis Inc.,18816991
30-SEP-2023,Nemes Rush Group LLC,285292
30-SEP-2023,Nebula Research & Development LLC,962560
30-SEP-2023,"National Wealth Management Group, LLC",206329
30-SEP-2023,"Nalls Sherbakoff Group, LLC",1638
30-SEP-2023,"Nadler Financial Group, Inc.",383245
30-SEP-2023,"NZS Capital, LLC",23717650
30-SEP-2023,"NWK Group, Inc.",2263127
30-SEP-2023,"NVWM, LLC",121145
30-SEP-2023,"NORTHWEST INVESTMENT COUNSELORS, LLC",52769
30-SEP-2023,NORGES BANK,709152178
30-SEP-2023,NOMURA ASSET MANAGEMENT CO LTD,2764352
30-SEP-2023,NEW YORK STATE COMMON RETIREMENT FUND,54435
30-SEP-2023,NEUBERGER BERMAN GROUP LLC,2729
30-SEP-2023,Ninepoint Partners LP,564145
30-SEP-2023,North Star Investment Management Corp.,54570
30-SEP-2023,"NorthCrest Asset Manangement, LLC",5362321
30-SEP-2023,"OSAIC HOLDINGS, INC.",1973606
30-SEP-2023,PCJ Investment Counsel Ltd.,4835959
30-SEP-2023,"PATHSTONE FAMILY OFFICE, LLC",1405951
30-SEP-2023,PARK CIRCLE Co,35471
30-SEP-2023,PARK AVENUE SECURITIES LLC,1467
30-SEP-2023,Oxinas Partners Wealth Management LLC,293587
30-SEP-2023,"Orion Portfolio Solutions, LLC",1340676
30-SEP-2023,Orion Capital Management LLC,66575
30-SEP-2023,OneDigital Investment Advisors LLC,577241
30-SEP-2023,"Oder Investment Management, LLC",454077
30-SEP-2023,"Octavia Wealth Advisors, LLC",352795
30-SEP-2023,OXFORD FINANCIAL GROUP LTD,534786
30-SEP-2023,ORG Partners LLC,624730
30-SEP-2023,"Northside Capital Management, LLC",272850
30-SEP-2023,OPTIMUM INVESTMENT ADVISORS,223464
30-SEP-2023,OPPENHEIMER & CO INC,1486432
30-SEP-2023,ONTARIO TEACHERS PENSION PLAN BOARD,6284540
30-SEP-2023,OMERS ADMINISTRATION Corp,13447500
30-SEP-2023,OLIVER LAGORE VANVALIN INVESTMENT GROUP,10914
30-SEP-2023,"OBERMEYER WOOD INVESTMENT COUNSEL, LLLP",260299
30-SEP-2023,"OAK HARBOR WEALTH PARTNERS, LLC",226084
30-SEP-2023,"O'SHAUGHNESSY ASSET MANAGEMENT, LLC",5942483
30-SEP-2023,"O'Neil Global Advisors, Inc.",260
30-SEP-2023,"O'Dell Group, LLC",371186
30-SEP-2023,Numerai GP LLC,583080
30-SEP-2023,"ACIMA PRIVATE WEALTH, LLC",183792
30-SEP-2023,S.A. Mason LLC,27285
30-JUN-2023,GABLES CAPITAL MANAGEMENT INC.,1104014
30-JUN-2023,"WASHBURN CAPITAL MANAGEMENT, INC.",996455
30-JUN-2023,"Twin Tree Management, LP",325060733
30-JUN-2023,Tyler-Stone Wealth Management,198
30-JUN-2023,"U.S. Capital Wealth Advisors, LLC",224485
30-JUN-2023,USS Investment Management Ltd,10207649
30-JUN-2023,UniSuper Management Pty Ltd,51530572
30-JUN-2023,Utah Retirement Systems,8685715
30-JUN-2023,V Wealth Advisors LLC,651814
30-JUN-2023,VALLEY NATIONAL ADVISERS INC,66
30-JUN-2023,VAN ECK ASSOCIATES CORP,908
30-JUN-2023,VANGUARD GROUP INC,1764569607
30-JUN-2023,"VERUS CAPITAL PARTNERS, LLC",352587
30-JUN-2023,"VESTOR CAPITAL, LLC",154
30-JUN-2023,"VETAMER CAPITAL MANAGEMENT, L.P.",1087283
30-JUN-2023,"VIAWEALTH, LLC",337535
30-JUN-2023,"Valeo Financial Advisors, LLC",1639497
30-JUN-2023,"Valmark Advisers, Inc.",445740
30-JUN-2023,"Van Hulzen Asset Management, LLC",243
30-JUN-2023,Vanguard Capital Wealth Advisors,852720
30-JUN-2023,"Vanguard Personalized Indexing Management, LLC",1363060
30-JUN-2023,Venture Visionary Partners LLC,2542398
30-JUN-2023,Verition Fund Management LLC,5886018
30-JUN-2023,"Versant Capital Management, Inc",2713
30-JUN-2023,"Vestmark Advisory Solutions, Inc.",279137
30-JUN-2023,"Vident Investment Advisory, LLC",372623
30-JUN-2023,"Virtue Capital Management, LLC",402396
30-JUN-2023,"Vise Technologies, Inc.",352716
30-JUN-2023,"VitalStone Financial, LLC",4
30-JUN-2023,"Twin Lakes Capital Management, LLC",9690
30-JUN-2023,Truvestments Capital LLC,68476
30-JUN-2023,"True Wealth Design, LLC",388
30-JUN-2023,Tacita Capital Inc,594
30-JUN-2023,TORONTO DOMINION BANK,148178
30-JUN-2023,TOTH FINANCIAL ADVISORY CORP,355365
30-JUN-2023,TOWNSQUARE CAPITAL LLC,2702541
30-JUN-2023,"TRANSCEND CAPITAL ADVISORS, LLC",330494
30-JUN-2023,TRUST CO OF VERMONT,67830
30-JUN-2023,"TSFG, LLC",126
30-JUN-2023,TUCKER ASSET MANAGEMENT LLC,646
30-JUN-2023,TWINBEECH CAPITAL LP,7706263
30-JUN-2023,"TWO SIGMA ADVISERS, LP",167930930
30-JUN-2023,"TWO SIGMA INVESTMENTS, LP",83420629
30-JUN-2023,"TWO SIGMA SECURITIES, LLC",15755940
30-JUN-2023,TYBOURNE CAPITAL MANAGEMENT (HK) LTD,13527886
30-JUN-2023,Texas Yale Capital Corp.,7677710
30-JUN-2023,Trium Capital LLP,3387
30-JUN-2023,"Thomas J. Herzfeld Advisors, Inc.",8398
30-JUN-2023,Thrivent Financial for Lutherans,7188
30-JUN-2023,"TimeScale Financial, Inc.",1292
30-JUN-2023,"Toroso Investments, LLC",612
30-JUN-2023,"Tortoise Investment Management, LLC",116409
30-JUN-2023,Tower View Wealth Management LLC,3
30-JUN-2023,"Tradewinds Capital Management, LLC",6460
30-JUN-2023,"Tradition Wealth Management, LLC",154
30-JUN-2023,"Traynor Capital Management, Inc.",291004
30-JUN-2023,Trexquant Investment LP,4816188
30-JUN-2023,Triasima Portfolio Management inc.,89653130
30-JUN-2023,"Trifecta Capital Advisors, LLC",51680
30-JUN-2023,WADE G W & INC,9705
30-JUN-2023,WASHINGTON TRUST Co,3230
30-JUN-2023,TOBAM,2858
30-JUN-2023,WATERSHED PRIVATE WEALTH LLC,848198
30-JUN-2023,"Wealth Management Partners, LLC",840834
30-JUN-2023,"WealthPLAN Partners, LLC",135014
30-JUN-2023,Wealthcare Advisory Partners LLC,258335
30-JUN-2023,Wealthfront Advisers LLC,256204
30-JUN-2023,"Wealthspire Advisors, LLC",234240
30-JUN-2023,"Weinberger Asset Management, Inc",1292000
30-JUN-2023,Weiss Multi-Strategy Advisers LLC,883
30-JUN-2023,"Wellington Shields & Co., LLC",2042006
30-JUN-2023,"Wellington Shields Capital Management, LLC",1963840
30-JUN-2023,"West Family Investments, Inc.",334111
30-JUN-2023,"Westmount Partners, LLC",318801
30-JUN-2023,"Westside Investment Management, Inc.",2942717
30-JUN-2023,"White Knight Strategic Wealth Advisors, LLC",277780
30-JUN-2023,Winthrop Advisory Group LLC,293284
30-JUN-2023,"Worth Asset Management, LLC",312276
30-JUN-2023,"X-Square Capital, LLC",775
30-JUN-2023,"YOUSIF CAPITAL MANAGEMENT, LLC",1103368
30-JUN-2023,"Yarbrough Capital, LLC",12594416
30-JUN-2023,ZACKS INVESTMENT MANAGEMENT,419056
30-JUN-2023,ZEVENBERGEN CAPITAL INVESTMENTS LLC,126451981
30-JUN-2023,Zhang Financial LLC,395182
30-JUN-2023,"Zions Bancorporation, N.A.",25582
30-JUN-2023,"Zullo Investment Group, Inc.",713184
30-JUN-2023,Zurcher Kantonalbank (Zurich Cantonalbank),24704397
30-JUN-2023,Zweig-DiMenna Associates LLC,618997
30-JUN-2023,EDMOND DE ROTHSCHILD HOLDING S.A.,3703046
30-JUN-2023,Colonial Trust Co / SC,75517
30-JUN-2023,"Wealth Architects, LLC",414926
30-JUN-2023,"Wealth Alliance Advisory Group, LLC",202198
30-JUN-2023,Waypoint Wealth Partners Inc.,461890
30-JUN-2023,WINTON GROUP Ltd,2491751
30-JUN-2023,"WCM INVESTMENT MANAGEMENT, LLC",9868823
30-JUN-2023,WEALTH EFFECTS LLC,642447
30-JUN-2023,"WEALTH ENHANCEMENT ADVISORY SERVICES, LLC",402458
30-JUN-2023,"WEALTHSOURCE PARTNERS, LLC",269253
30-JUN-2023,WEDBUSH SECURITIES INC,1606
30-JUN-2023,WELCH & FORBES LLC,2355316
30-JUN-2023,WESBANCO BANK INC,17
30-JUN-2023,WETHERBY ASSET MANAGEMENT INC,1780118
30-JUN-2023,WHITTIER TRUST CO,258463
30-JUN-2023,WHITTIER TRUST CO OF NEVADA INC,85335
30-JUN-2023,WILBANKS SMITH & THOMAS ASSET MANAGEMENT LLC,445223
30-JUN-2023,"WILLIAM BLAIR INVESTMENT MANAGEMENT, LLC",7138623
30-JUN-2023,"WMG Financial Advisors, LLC",981920
30-JUN-2023,Walleye Trading LLC,120957040
30-JUN-2023,"WMS Partners, LLC",410856
30-JUN-2023,"WNY Asset Management, LLC",215764
30-JUN-2023,WOLFF WIESE MAGANA LLC,54910
30-JUN-2023,WOODARD & CO ASSET MANAGEMENT GROUP INC /ADV,518867
30-JUN-2023,WOODSTOCK CORP,761634
30-JUN-2023,"WOODWARD DIVERSIFIED CAPITAL, LLC",591090
30-JUN-2023,"WORLD EQUITY GROUP, INC.",476360
30-JUN-2023,"WP Advisors, LLC",1686577
30-JUN-2023,"WR Wealth Planners, LLC",10013
30-JUN-2023,WT Asset Management Ltd,395675
30-JUN-2023,Wahed Invest LLC,1831974
30-JUN-2023,Walleye Capital LLC,20138210
30-JUN-2023,TOCQUEVILLE ASSET MANAGEMENT L.P.,8485791
30-JUN-2023,"TITLEIST ASSET MANAGEMENT, LLC",12173935
30-JUN-2023,RFP Financial Group LLC,114406
30-JUN-2023,SYSTM Wealth Solutions LLC,653494
30-JUN-2023,Royal Bank of Canada,370801000
30-JUN-2023,"Russell Investments Group, Ltd.",1298976
30-JUN-2023,S.A. Mason LLC,23970
30-JUN-2023,SALEM INVESTMENT COUNSELORS INC,27132
30-JUN-2023,"SANDS CAPITAL MANAGEMENT, LLC",1056462198
30-JUN-2023,"SCGE MANAGEMENT, L.P.",548227319
30-JUN-2023,SCHRODER INVESTMENT MANAGEMENT GROUP,4118455
30-JUN-2023,SCHWARTZ INVESTMENT COUNSEL INC,604010
30-JUN-2023,"SEGALL BRYANT & HAMILL, LLC",313956
30-JUN-2023,SEI INVESTMENTS CO,20104486
30-JUN-2023,SEVEN MILE ADVISORY,264343
30-JUN-2023,"SG Americas Securities, LLC",10614
30-JUN-2023,SHELL ASSET MANAGEMENT CO,3262
30-JUN-2023,"SIGNATUREFD, LLC",3156033
30-JUN-2023,"SILVER OAK SECURITIES, INCORPORATED",298
30-JUN-2023,SILVERCREST ASSET MANAGEMENT GROUP LLC,344899
30-JUN-2023,"SIMPLEX TRADING, LLC",282598
30-JUN-2023,"SITTNER & NELSON, LLC",40956
30-JUN-2023,SJS Investment Consulting Inc.,48967
30-JUN-2023,"SOA Wealth Advisors, LLC.",25259
30-JUN-2023,"SRS Capital Advisors, Inc.",202328
30-JUN-2023,ST GERMAIN D J CO INC,646
30-JUN-2023,STATE OF MICHIGAN RETIREMENT SYSTEM,10336000
30-JUN-2023,STATE OF WISCONSIN INVESTMENT BOARD,3930975
30-JUN-2023,STRS OHIO,629
30-JUN-2023,SURIENCE PRIVATE WEALTH LLC,2862878
30-JUN-2023,SVB WEALTH LLC,241927
30-JUN-2023,Roundview Capital LLC,811958
30-JUN-2023,"Round Rock Advisors, LLC",250648
30-JUN-2023,Rosenberg Matthew Hamilton,20801
30-JUN-2023,"Redhawk Wealth Advisors, Inc.",202715
30-JUN-2023,RICHELIEU GESTION SA,2613
30-JUN-2023,RITHOLTZ WEALTH MANAGEMENT,617382
30-JUN-2023,RIVERPARK CAPITAL MANAGEMENT LLC,2118040
30-JUN-2023,RMR Wealth Builders,728494
30-JUN-2023,"ROCKY MOUNTAIN ADVISERS, LLC",6712
30-JUN-2023,ROMAN BUTLER FULLERTON & CO,227206
30-JUN-2023,ROYAL LONDON ASSET MANAGEMENT LTD,33382761
30-JUN-2023,RWC Asset Management LLP,1366853
30-JUN-2023,Raleigh Capital Management Inc.,33592
30-JUN-2023,Rathbones Group PLC,49723718
30-JUN-2023,"Raymond James Financial Services Advisors, Inc.",26481413
30-JUN-2023,"Rede Wealth, LLC",396644
30-JUN-2023,Redwood Financial Network Corp,327457
30-JUN-2023,"Ronald Blue Trust, Inc.",15
30-JUN-2023,Regal Investment Advisors LLC,2301559
30-JUN-2023,Register Financial Advisors LLC,4845
30-JUN-2023,Resolute Advisors LLC,2734518
30-JUN-2023,"Resolute Wealth Strategies, LLC",2028763
30-JUN-2023,"Retirement Group, LLC",11822
30-JUN-2023,"Revolve Wealth Partners, LLC",387148
30-JUN-2023,Ridgewood Investments LLC,234175
30-JUN-2023,"Rise Advisors, LLC",115311
30-JUN-2023,Ritter Daniher Financial Advisory LLC / DE,9690
30-JUN-2023,River Street Advisors LLC,518545
30-JUN-2023,"RiverPark Advisors, LLC",2822180
30-JUN-2023,"Robertson Stephens Wealth Management, LLC",537795
30-JUN-2023,SWS Partners,5313918
30-JUN-2023,"Safeguard Financial, LLC",21
30-JUN-2023,"TILIA FIDUCIARY PARTNERS, INC.",81396
30-JUN-2023,San Luis Wealth Advisors LLC,220
30-JUN-2023,"Sterling Investment Advisors, Ltd.",2251310
30-JUN-2023,Steward Financial Group LLC,44
30-JUN-2023,"Steward Partners Investment Advisory, LLC",1799175
30-JUN-2023,"Stone House Investment Management, LLC",12920
30-JUN-2023,Stonebridge Capital Advisors LLC,69768
30-JUN-2023,"Stonegate Investment Group, LLC",2405458
30-JUN-2023,Stony Point Capital LLC,15440434
30-JUN-2023,Strategic Advisors LLC,1702210
30-JUN-2023,"Strategic Blueprint, LLC",374163
30-JUN-2023,"Strategic Financial Concepts, LLC",268736
30-JUN-2023,Strategy Capital LLC,124868182
30-JUN-2023,"Stratos Wealth Advisors, LLC",321966
30-JUN-2023,"Stratos Wealth Partners, LTD.",1175462
30-JUN-2023,"Sugarloaf Wealth Management, LLC",7752
30-JUN-2023,"Summit Trail Advisors, LLC",520353
30-JUN-2023,"Sunbelt Securities, Inc.",1071843
30-JUN-2023,Swiss National Bank,291469036
30-JUN-2023,"Synergy Financial Group, LTD",4133948
30-JUN-2023,"TBH Global Asset Management, LLC",257715
30-JUN-2023,TD Asset Management Inc,436457637
30-JUN-2023,TEACHERS RETIREMENT SYSTEM OF THE STATE OF KENTUCKY,32177
30-JUN-2023,TECTONIC ADVISORS LLC,242638
30-JUN-2023,TFB Advisors LLC,206203
30-JUN-2023,"TFC Financial Management, Inc.",525909
30-JUN-2023,"THOMPSON INVESTMENT MANAGEMENT, INC.",2584
30-JUN-2023,THORNBURG INVESTMENT MANAGEMENT INC,1131
30-JUN-2023,"THOROUGHBRED FINANCIAL SERVICES, LLC",6196
30-JUN-2023,Steel Peak Wealth Management LLC,3428452
30-JUN-2023,Steadview Capital Management LLC,69619420
30-JUN-2023,State of Wyoming,21318
30-JUN-2023,SevenOneSeven Capital Management,435031
30-JUN-2023,"Sanctuary Wealth Management, L.L.C.",1938
30-JUN-2023,"Sand Hill Global Advisors, LLC",404202
30-JUN-2023,Sandy Spring Bank,300455
30-JUN-2023,"Sargent Investment Group, LLC",242896
30-JUN-2023,"Savant Capital, LLC",651039
30-JUN-2023,Schonfeld Strategic Advisors LLC,9659638
30-JUN-2023,"Sculati Wealth Management, LLC",270028
30-JUN-2023,"Seaport Global Advisors, LLC",277974
30-JUN-2023,"Select Equity Group, L.P.",104994832
30-JUN-2023,"Sepio Capital, LP",2883809
30-JUN-2023,"Sequoia Financial Advisors, LLC",1045163
30-JUN-2023,Seven Post Investment Office LP,316540
30-JUN-2023,"Sheaff Brock Investment Advisors, LLC",520483
30-JUN-2023,"State of Tennessee, Treasury Department",45221531
30-JUN-2023,Sigma Planning Corp,1424172
30-JUN-2023,"Simplicity Solutions, LLC",515960
30-JUN-2023,"SkyView Investment Advisors, LLC",68
30-JUN-2023,Snowden Capital Advisors LLC,1951631
30-JUN-2023,"Solidarity Wealth, LLC",977075
30-JUN-2023,"Solstein Capital, LLC",13566
30-JUN-2023,Soltis Investment Advisors LLC,221582
30-JUN-2023,Souders Financial Advisors,872358
30-JUN-2023,"Sound Income Strategies, LLC",5814
30-JUN-2023,"Sound View Wealth Advisors Group, LLC",554010
30-JUN-2023,Spire Wealth Management,1994001
30-JUN-2023,"Stanley-Laman Group, Ltd.",252780
30-JUN-2023,Colonial Trust Advisors,17442
30-JUN-2023,"Coastal Investment Advisors, Inc.",552330
30-JUN-2023,Clearview Wealth Advisors LLC,5814
30-JUN-2023,"Aperture Investors, LLC",4845000
30-JUN-2023,"BAKER TILLY WEALTH MANAGEMENT, LLC",2714363
30-JUN-2023,BAILLIE GIFFORD & CO,796406953
30-JUN-2023,"B.O.S.S. Retirement Advisors, LLC",1688515
30-JUN-2023,"B. Riley Wealth Advisors, Inc.",2753521
30-JUN-2023,B & T Capital Management DBA Alpha Capital Management,2325293
30-JUN-2023,Avitas Wealth Management LLC,1441807
30-JUN-2023,Avion Wealth,89
30-JUN-2023,"Avidian Wealth Solutions, LLC",336114
30-JUN-2023,"Avestar Capital, LLC",545805
30-JUN-2023,"Ausdal Financial Partners, Inc.",254266
30-JUN-2023,Aubrey Capital Management Ltd,3553125
30-JUN-2023,"Atria Investments, Inc",4398033
30-JUN-2023,AtonRa Partners,1117838
30-JUN-2023,"Asset Dedication, LLC",203
30-JUN-2023,Assenagon Asset Management S.A.,10018769
30-JUN-2023,"Ashton Thomas Private Wealth, LLC",338116
30-JUN-2023,"Ashe Capital Management, LP",204923797
30-JUN-2023,"Ascent Wealth Partners, LLC",1529857
30-JUN-2023,Artisan Partners Limited Partnership,174152556
30-JUN-2023,"Arthedge Capital Management, LLC",12144800
30-JUN-2023,Arlington Partners LLC,8140
30-JUN-2023,Arkadios Wealth Advisors,761311
30-JUN-2023,"Arete Wealth Advisors, LLC",811
30-JUN-2023,Archer Investment Corp,5814
30-JUN-2023,Aquatic Capital Management LLC,15653
30-JUN-2023,"Aptus Capital Advisors, LLC",296449
30-JUN-2023,"Apollon Wealth Management, LLC",6947601
30-JUN-2023,BALDWIN BROTHERS LLC/MA,19380
30-JUN-2023,BANK OF NOVA SCOTIA,723205552
30-JUN-2023,BARCLAYS PLC,812086
30-JUN-2023,BOURGEON CAPITAL MANAGEMENT LLC,48450
30-JUN-2023,"Baltimore-Washington Financial Advisors, Inc.",2226180
30-JUN-2023,Balentine LLC,209175
30-JUN-2023,"Baldwin Investment Management, LLC",595741
30-JUN-2023,"Baker Avenue Asset Management, LP",2183480
30-JUN-2023,Baader Bank Aktiengesellschaft,1347323
30-JUN-2023,"BUCKINGHAM STRATEGIC WEALTH, LLC",513441
30-JUN-2023,"BROWN, LISLE/CUMMINGS, INC.",448970
30-JUN-2023,BROWN CAPITAL MANAGEMENT LLC,41646457
30-JUN-2023,BROWN BROTHERS HARRIMAN & CO,200389
30-JUN-2023,BRITISH COLUMBIA INVESTMENT MANAGEMENT Corp,199743317
30-JUN-2023,BRIGHTON JONES LLC,2174115
30-JUN-2023,BOYD WATTERSON ASSET MANAGEMENT LLC/OH,1699755
30-JUN-2023,"BOKF, NA",1144454
30-JUN-2023,BAROMETER CAPITAL MANAGEMENT INC.,2814329
30-JUN-2023,"BLUE BELL PRIVATE WEALTH MANAGEMENT, LLC",57817
30-JUN-2023,"BLODGETT WEALTH ADVISORS, LLC",201875
30-JUN-2023,"BLB&B Advisors, LLC",458079
30-JUN-2023,BLAIR WILLIAM & CO/IL,22713231
30-JUN-2023,BIT Capital GmbH,27771734
30-JUN-2023,BERKSHIRE CAPITAL HOLDINGS INC,14567300
30-JUN-2023,BENEDICT FINANCIAL ADVISORS INC,240958
30-JUN-2023,"BDO Wealth Advisors, LLC",47804
30-JUN-2023,"BBR PARTNERS, LLC",424357
30-JUN-2023,"BASSO CAPITAL MANAGEMENT, L.P.",371460
30-JUN-2023,BARTLETT & CO. WEALTH MANAGEMENT LLC,96900
30-JUN-2023,"BARRETT & COMPANY, INC.",19380
30-JUN-2023,"Apexium Financial, LP",1666034
30-JUN-2023,"Annapolis Financial Services, LLC",32559
30-JUN-2023,"Clearstead Advisors, LLC",317380
30-JUN-2023,Andra AP-fonden,1498350
30-JUN-2023,Abound Wealth Management,116280
30-JUN-2023,"Abdiel Capital Advisors, LP",147203826
30-JUN-2023,"Abbrea Capital, LLC",262
30-JUN-2023,"Abbot Financial Management, Inc.",408143
30-JUN-2023,AZZAD ASSET MANAGEMENT INC /ADV,205856
30-JUN-2023,"AXXCESS WEALTH MANAGEMENT, LLC",545935
30-JUN-2023,"AXQ CAPITAL, LP",342380
30-JUN-2023,"AVANTAX ADVISORY SERVICES, INC.",2877219
30-JUN-2023,"ATALANTA SOSNOFF CAPITAL, LLC",7106840
30-JUN-2023,ASHFORD CAPITAL MANAGEMENT INC,303620
30-JUN-2023,"ASB Consultores, LLC",491089
30-JUN-2023,"ARTHUR M. COHEN & ASSOCIATES, LLC",1995946
30-JUN-2023,"ARMSTRONG ADVISORY GROUP, INC",22481
30-JUN-2023,ARK Investment Management LLC,573311793
30-JUN-2023,ARCADIA INVESTMENT MANAGEMENT CORP/MI,575586
30-JUN-2023,AMF Tjanstepension AB,59096144
30-JUN-2023,ALKEON CAPITAL MANAGEMENT LLC,103353738
30-JUN-2023,ALERUS FINANCIAL  NA,3916696
30-JUN-2023,ALBION FINANCIAL GROUP /UT,3618
30-JUN-2023,AGF MANAGEMENT LTD,9716222
30-JUN-2023,AE Wealth Management LLC,13248443
30-JUN-2023,"ADVISORY SERVICES NETWORK, LLC",4973777
30-JUN-2023,ADVISORY RESEARCH INC,611827
30-JUN-2023,"ADVANCED RESEARCH INVESTMENT SOLUTIONS, LLC",320416
30-JUN-2023,"ADIRONDACK RETIREMENT SPECIALISTS, INC.",4438020
30-JUN-2023,ACORN FINANCIAL ADVISORY SERVICES INC /ADV,3717795
30-JUN-2023,"ACIMA PRIVATE WEALTH, LLC",217573
30-JUN-2023,Accredited Investors Inc.,436696
30-JUN-2023,"Accurate Wealth Management, LLC",291734
30-JUN-2023,Accuvest Global Advisors,626000
30-JUN-2023,Allworth Financial LP,658920
30-JUN-2023,"Ancora Advisors, LLC",819774
30-JUN-2023,"Anchor Investment Management, LLC",42507
30-JUN-2023,"Ameritas Investment Partners, Inc.",19057
30-JUN-2023,"Ameritas Advisory Services, LLC",878119
30-JUN-2023,"American Money Management, LLC",319124
30-JUN-2023,"Ambassador Advisors, LLC",89372
30-JUN-2023,"Alterity Financial Group, LLC",471580
30-JUN-2023,Alta Wealth Advisors LLC,1220165
30-JUN-2023,"Alta Park Capital, LP",34483803
30-JUN-2023,"AlphaMark Advisors, LLC",8
30-JUN-2023,Alpha DNA Investment Management LLC,42959
30-JUN-2023,"Alpha Cubed Investments, LLC",207366
30-JUN-2023,"Alliance Wealth Advisors, LLC /UT",285661
30-JUN-2023,"Acropolis Investment Management, LLC",103360
30-JUN-2023,"All Terrain Financial Advisors, LLC",213503
30-JUN-2023,Alight Capital Management LP,3230000
30-JUN-2023,Alberta Investment Management Corp,270486862
30-JUN-2023,"Alan B Lancz & Associates, Inc.",378556
30-JUN-2023,"Aigen Investment Management, LP",1757188
30-JUN-2023,Aequim Alternative Investments LP,24198893
30-JUN-2023,"Advisory Services & Investments, LLC",265054
30-JUN-2023,Advisory Resource Group,679398
30-JUN-2023,"Advisors Asset Management, Inc.",27167788
30-JUN-2023,"AdvisorNet Financial, Inc",270674
30-JUN-2023,Addenda Capital Inc.,41492736
30-JUN-2023,Activest Wealth Management,45063
30-JUN-2023,Balyasny Asset Management L.P.,141167408
30-JUN-2023,"Banco Santander, S.A.",210596
30-JUN-2023,Bangor Savings Bank,9819
30-JUN-2023,"Bank Julius Baer & Co. Ltd, Zurich",206
30-JUN-2023,"Capstone Triton Financial Group, LLC",1648592
30-JUN-2023,"Caprock Group, LLC",1114996
30-JUN-2023,"Capital Investment Advisors, LLC",348194
30-JUN-2023,"Capital CS Group, LLC",158024
30-JUN-2023,Capital Asset Advisory Services LLC,491608
30-JUN-2023,"Cape Investment Advisory, Inc.",21964
30-JUN-2023,"Canvas Wealth Advisors, LLC",311595
30-JUN-2023,Candriam S.C.A.,12793362
30-JUN-2023,Candlestick Capital Management LP,59577738
30-JUN-2023,"Cambridge Investment Research Advisors, Inc.",16586
30-JUN-2023,Calamos Wealth Management LLC,1527790
30-JUN-2023,Calamos Advisors LLC,13668300
30-JUN-2023,"CWM, LLC",1240
30-JUN-2023,"CVA Family Office, LLC",70543
30-JUN-2023,"CTF Capital Management, LP",6007800
30-JUN-2023,CTC LLC,177223640
30-JUN-2023,CSS LLC/IL,1292000
30-JUN-2023,CREATIVE FINANCIAL DESIGNS INC /ADV,634372
30-JUN-2023,"CORRADO ADVISORS, LLC",865640
30-JUN-2023,"CONWAY CAPITAL MANAGEMENT, INC.",804270
30-JUN-2023,"CONTRAVISORY INVESTMENT MANAGEMENT, INC.",9030822
30-JUN-2023,CONFLUENCE INVESTMENT MANAGEMENT LLC,587925
30-JUN-2023,"CONCOURSE FINANCIAL GROUP SECURITIES, INC.",304265
30-JUN-2023,COMMONWEALTH OF PENNSYLVANIA PUBLIC SCHOOL EMPLS RETRMT SYS,9180952
30-JUN-2023,"COMMONWEALTH EQUITY SERVICES, LLC",24425
30-JUN-2023,COMMERCE BANK,236113
30-JUN-2023,COLONY GROUP LLC,434
30-JUN-2023,"Caption Management, LLC",18436840
30-JUN-2023,"Carmel Capital Partners, LLC",60078
30-JUN-2023,"Carmichael Hill & Associates, Inc.",247741
30-JUN-2023,"China Universal Asset Management Co., Ltd.",916621
30-JUN-2023,"Clearbridge Investments, LLC",106525400
30-JUN-2023,"Clear Creek Financial Management, LLC",310597
30-JUN-2023,Clean Yield Group,19380
30-JUN-2023,"Clay Northam Wealth Management, LLC",332690
30-JUN-2023,Claro Advisors LLC,316152
30-JUN-2023,"Clarity Wealth Advisors, LLC",306527
30-JUN-2023,Clare Market Investments LLC,1074686
30-JUN-2023,"Cladis Investment Advisory, LLC",403750
30-JUN-2023,City State Bank,13
30-JUN-2023,"Circle Wealth Management, LLC",308659
30-JUN-2023,Cipher Capital LP,617059
30-JUN-2023,Cinctive Capital Management LP,1577790
30-JUN-2023,Chicago Partners Investment Group LLC,2020172
30-JUN-2023,"Carnegie Capital Asset Management, LLC",9951695
30-JUN-2023,"Cherry Creek Investment Advisors, Inc.",817836
30-JUN-2023,"Checchi Capital Advisers, LLC",233012
30-JUN-2023,Cetera Investment Advisers,4999459
30-JUN-2023,Cetera Advisors LLC,5524075
30-JUN-2023,Cetera Advisor Networks LLC,7174174
30-JUN-2023,Cerity Partners LLC,2579415
30-JUN-2023,Centurion Wealth Management LLC,212792
30-JUN-2023,"Centiva Capital, LP",1348073
30-JUN-2023,"Castleview Partners, LLC",775
30-JUN-2023,CastleKnight Management LP,788120
30-JUN-2023,"Castle Creek Arbitrage, LLC",2276115
30-JUN-2023,"CarsonAllaria Wealth Management, Ltd.",70737
30-JUN-2023,COBBLESTONE CAPITAL ADVISORS LLC /NY/,18317072
30-JUN-2023,CNB Bank,334240
30-JUN-2023,CLEAR STREET LLC,20672
30-JUN-2023,"Beverly Hills Private Wealth, LLC",474215
30-JUN-2023,"Bridgeworth, LLC",208852
30-JUN-2023,"Bridgewater Associates, LP",7838606
30-JUN-2023,Breakwater Capital Group,208270
30-JUN-2023,"Bouvel Investment Partners, LLC",1098555
30-JUN-2023,Bordeaux Wealth Advisors LLC,452200
30-JUN-2023,"Bogart Wealth, LLC",3802356
30-JUN-2023,"Blume Capital Management, Inc.",1034
30-JUN-2023,"Blueshift Asset Management, LLC",1636770
30-JUN-2023,"BlueMar Capital Management, LLC",1480244
30-JUN-2023,"Bleakley Financial Group, LLC",515960
30-JUN-2023,BlackRock Inc.,214615768
30-JUN-2023,"Biondo Investment Advisors, LLC",2023207
30-JUN-2023,"BerganKDV Wealth Management, LLC",13566
30-JUN-2023,Brookstone Capital Management,493995
30-JUN-2023,Bellecapital International Ltd.,3276189
30-JUN-2023,"Bell Investment Advisors, Inc",7429
30-JUN-2023,"Beaird Harris Wealth Management, LLC",5491
30-JUN-2023,"Beacon Pointe Advisors, LLC",1120938
30-JUN-2023,"Beacon Capital Management, LLC",127715
30-JUN-2023,Baystate Wealth Management LLC,22222
30-JUN-2023,"Bayesian Capital Management, LP",6974345
30-JUN-2023,"Bay Colony Advisory Group, Inc d/b/a Bay Colony Advisors",295416
30-JUN-2023,Barton Investment Management,135305540
30-JUN-2023,Bartlett & Co. LLC,97
30-JUN-2023,Banque Cantonale Vaudoise,129
30-JUN-2023,Bank of New Hampshire,83980
30-JUN-2023,"Bristlecone Advisors, LLC",1587933
30-JUN-2023,Brown Shipley& Co Ltd,405541
30-JUN-2023,CLARET ASSET MANAGEMENT Corp,973
30-JUN-2023,"CENTAURUS FINANCIAL, INC.",325
30-JUN-2023,CKW FINANCIAL GROUP,79
30-JUN-2023,CIDEL ASSET MANAGEMENT INC,53963589
30-JUN-2023,CIBC WORLD MARKET INC.,448909
30-JUN-2023,CIBC Asset Management Inc,276683371
30-JUN-2023,CI INVESTMENTS INC.,23896
30-JUN-2023,CHURCHILL MANAGEMENT Corp,2379347
30-JUN-2023,"CHOREO, LLC",649941
30-JUN-2023,CHILTON CAPITAL MANAGEMENT LLC,194446
30-JUN-2023,"CGC Financial Services, LLC",3230
30-JUN-2023,CFM WEALTH PARTNERS LLC,844580
30-JUN-2023,"CERTUITY, LLC",1244338
30-JUN-2023,CENTRAL TRUST Co,62275
30-JUN-2023,"CEERA INVESTMENTS, LLC",556852
30-JUN-2023,C M BIDWELL & ASSOCIATES LTD,5168
30-JUN-2023,CAROLINAS WEALTH CONSULTING LLC,96900
30-JUN-2023,"CARDIFF PARK ADVISORS, LLC",210467
30-JUN-2023,CAPTRUST FINANCIAL ADVISORS,2034299
30-JUN-2023,"CAPSTONE WEALTH MANAGEMENT GROUP, LLC",214472
30-JUN-2023,"CAPSTONE INVESTMENT ADVISORS, LLC",1858154
30-JUN-2023,CAPITAL FUND MANAGEMENT S.A.,141144540
30-JUN-2023,CAPITAL ADVISORS INC/OK,563958
30-JUN-2023,CANADA PENSION PLAN INVESTMENT BOARD,356200206
30-JUN-2023,CAMDEN ASSET MANAGEMENT L P /CA,51868500
30-JUN-2023,CAMBRIDGE TRUST CO,17119
30-JUN-2023,"CALIBER WEALTH MANAGEMENT, LLC",2208093
30-JUN-2023,CAISSE DE DEPOT ET PLACEMENT DU QUEBEC,86051966
30-JUN-2023,RHUMBLINE ADVISERS,337793
30-JUN-2023,RESOURCES MANAGEMENT CORP /CT/ /ADV,3
30-JUN-2023,1832 Asset Management L.P.,136820668
30-JUN-2023,"Good Life Advisors, LLC",1393745
30-JUN-2023,HIGHLINE WEALTH PARTNERS LLC,54910
30-JUN-2023,"HIGHLAND CAPITAL MANAGEMENT, LLC",341088
30-JUN-2023,"HHM Wealth Advisors, LLC",80750
30-JUN-2023,HERITAGE INVESTORS MANAGEMENT CORP,291
30-JUN-2023,HEALTHCARE OF ONTARIO PENSION PLAN TRUST FUND,99815396
30-JUN-2023,HBW Advisory Services LLC,308
30-JUN-2023,HBK Sorce Advisory LLC,677073
30-JUN-2023,"HBC Financial Services, PLLC",33
30-JUN-2023,"HB Wealth Management, LLC",271126
30-JUN-2023,"HARBOUR INVESTMENTS, INC.",810730
30-JUN-2023,"HARBOR INVESTMENT ADVISORY, LLC",607821
30-JUN-2023,"HARBOR CAPITAL ADVISORS, INC.",2015585
30-JUN-2023,"HAP Trading, LLC",245566
30-JUN-2023,"HANTZ FINANCIAL SERVICES, INC.",4292
30-JUN-2023,HALLMARK CAPITAL MANAGEMENT INC,138890
30-JUN-2023,Gulf International Bank (UK) Ltd,692
30-JUN-2023,Greytown Advisors Inc.,223128
30-JUN-2023,"Grey Street Capital, LLC",260791
30-JUN-2023,"Great Diamond Partners, LLC",444965
30-JUN-2023,Grassi Investment Management,238
30-JUN-2023,"Granite Investment Partners, LLC",6834228
30-JUN-2023,"Granite Bay Wealth Management, LLC",1124
30-JUN-2023,Grandview Asset Management LLC,826
30-JUN-2023,"Graham Capital Management, L.P.",1001300
30-JUN-2023,Gradient Investments LLC,50259
30-JUN-2023,"Gould Capital, LLC",16150
30-JUN-2023,"Gotham Asset Management, LLC",612860
30-JUN-2023,HIMENSION CAPITAL (SINGAPORE) PTE. LTD.,38810776
30-JUN-2023,HM PAYSON & CO,12920
30-JUN-2023,HOLLENCREST CAPITAL MANAGEMENT,159691
30-JUN-2023,"Horan Securities, Inc.",516
30-JUN-2023,Fortis Capital Management LLC,253953
30-JUN-2023,"Fortune Financial Advisors, LLC",272612
30-JUN-2023,"Forum Financial Management, LP",282755
30-JUN-2023,"Foundations Investment Advisors, LLC",447807
30-JUN-2023,"INSTITUTIONAL & FAMILY ASSET MANAGEMENT, LLC",1938
30-JUN-2023,"IMC-Chicago, LLC",282704458
30-JUN-2023,"IHT Wealth Management, LLC",1500970
30-JUN-2023,"IFP Advisors, Inc",1394284
30-JUN-2023,"IEQ CAPITAL, LLC",678569
30-JUN-2023,"ICA Group Wealth Management, LLC",752849
30-JUN-2023,"Houlihan Financial Resource Group, Ltd.",747
30-JUN-2023,"Horrell Capital Management, Inc.",16
30-JUN-2023,"Holocene Advisors, LP",129735469
30-JUN-2023,HSBC HOLDINGS PLC,29242914
30-JUN-2023,Holistic Financial Partners,369577
30-JUN-2023,Hillsdale Investment Management Inc.,16603733
30-JUN-2023,"HighTower Advisors, LLC",8391537
30-JUN-2023,HighMark Wealth Management LLC,25239
30-JUN-2023,"High Falls Advisors, Inc",230622
30-JUN-2023,Hexagon Capital Partners LLC,28230
30-JUN-2023,Henry James International Management Inc.,10782838
30-JUN-2023,"Hennion & Walsh Asset Management, Inc.",441
30-JUN-2023,Hel Ved Capital Management Ltd,284563
30-JUN-2023,Headlands Technologies LLC,759115
30-JUN-2023,"Harvest Fund Management Co., Ltd",284
30-JUN-2023,Hartford Financial Management Inc.,12920
30-JUN-2023,Gordian Capital Singapore Pte Ltd,646
30-JUN-2023,"Golden Green, Inc.",532369
30-JUN-2023,"Focused Wealth Management, Inc",157755
30-JUN-2023,GoalVest Advisory LLC,72645
30-JUN-2023,"GM Advisory Group, Inc.",485792
30-JUN-2023,GLUSKIN SHEFF & ASSOC INC,38661309
30-JUN-2023,"GILL CAPITAL PARTNERS, LLC",349228
30-JUN-2023,"GHP Investment Advisors, Inc.",14481
30-JUN-2023,GATEWAY INVESTMENT ADVISERS LLC,4500359
30-JUN-2023,"GARRISON POINT ADVISORS, LLC",280364
30-JUN-2023,GAGNON SECURITIES LLC,456205
30-JUN-2023,INTACT INVESTMENT MANAGEMENT INC.,27794668
30-JUN-2023,"INTERNATIONAL ASSETS INVESTMENT MANAGEMENT, LLC",1014931
30-JUN-2023,INVESTMENT HOUSE LLC,528105
30-JUN-2023,IPG Investment Advisors LLC,527847
30-JUN-2023,IQ EQ FUND MANAGEMENT (IRELAND) Ltd,225648
30-JUN-2023,"Icon Wealth Partners, LLC",472404
30-JUN-2023,Ilmarinen Mutual Pension Insurance Co,14522
30-JUN-2023,"Impact Partnership Wealth, LLC",7752
30-JUN-2023,Independent Advisor Alliance,3518376
30-JUN-2023,"Independent Solutions Wealth Management, LLC",2774990
30-JUN-2023,"Indie Asset Partners, LLC",268736
30-JUN-2023,Industrial Alliance Investment Management Inc.,49
30-JUN-2023,"Institute for Wealth Management, LLC.",316217
30-JUN-2023,Integrated Advisors Network LLC,1032115
30-JUN-2023,"Intellectus Partners, LLC",764971
30-JUN-2023,"InterOcean Capital Group, LLC",321514
30-JUN-2023,"Interchange Capital Partners, LLC",580920
30-JUN-2023,"Intrinsic Value Partners, LLC",1150591
30-JUN-2023,Investment Management Corp of Ontario,19093822
30-JUN-2023,"Investment Research & Advisory Group, Inc.",14212
30-JUN-2023,"GPS Wealth Strategies Group, LLC",720676
30-JUN-2023,GRAND JEAN CAPITAL MANAGEMENT INC,1973530
30-JUN-2023,"GREAT VALLEY ADVISOR GROUP, INC.",820854
30-JUN-2023,Generali Investments Towarzystwo Funduszy Inwestycyjnych,878244
30-JUN-2023,Global Wealth Strategies & Associates,16150
30-JUN-2023,"Global Wealth Management Investment Advisory, Inc.",949491
30-JUN-2023,"Global Retirement Partners, LLC",588118
30-JUN-2023,"Global Financial Private Client, LLC",175354
30-JUN-2023,Glenview Trust Co,201552
30-JUN-2023,"Gleason Group, Inc.",129200
30-JUN-2023,Glassman Wealth Services,57946
30-JUN-2023,Gladstone Institutional Advisory LLC,645871
30-JUN-2023,Gifford Fong Associates,4522
30-JUN-2023,Gerber Kawasaki Wealth & Investment Management,1272750
30-JUN-2023,Genus Capital Management Inc.,983506
30-JUN-2023,"Geneva Partners, LLC",597550
30-JUN-2023,Geneos Wealth Management Inc.,272031
30-JUN-2023,GREAT WEST LIFE ASSURANCE CO /CAN/,58299
30-JUN-2023,Gavilan Investment Partners LLC,14470400
30-JUN-2023,"Gateway Advisory, LLC",287535
30-JUN-2023,Garden State Investment Advisory Services LLC,374227
30-JUN-2023,"GUARDIAN WEALTH ADVISORS, LLC / NC",261307
30-JUN-2023,GUARDIAN CAPITAL LP,20596681
30-JUN-2023,GUARDIAN CAPITAL ADVISORS LP,538381
30-JUN-2023,"GS Investments, Inc.",29199
30-JUN-2023,Front Row Advisors LLC,2
30-JUN-2023,"GROUP ONE TRADING, L.P.",95497922
30-JUN-2023,"GRIFFIN ASSET MANAGEMENT, INC.",645031
30-JUN-2023,"GREENLEA LANE CAPITAL MANAGEMENT, LLC",16982048
30-JUN-2023,"GREATMARK INVESTMENT PARTNERS, INC.",1992910
30-JUN-2023,Fort Sheridan Advisors LLC,200906
30-JUN-2023,"Focus Financial Network, Inc.",16977074
30-JUN-2023,RENAISSANCE TECHNOLOGIES LLC,6920
30-JUN-2023,EULAV Asset Management,6395400
30-JUN-2023,Crestwood Advisors Group LLC,3525997
30-JUN-2023,"CreativeOne Wealth, LLC",853
30-JUN-2023,Creative Planning,12261391
30-JUN-2023,"Cravens & Co Advisors, LLC",691285
30-JUN-2023,Covestor Ltd,10
30-JUN-2023,"Covenant Asset Management, LLC",6979837
30-JUN-2023,"Coston, McIsaac & Partners",32
30-JUN-2023,Corton Capital Inc.,48450000
30-JUN-2023,"Cornerstone Wealth Management, LLC",717060
30-JUN-2023,"Cornerstone Wealth Group, LLC",262405
30-JUN-2023,Cornerstone Planning Group LLC,2972
30-JUN-2023,"Cornerstone Capital, Inc.",16877396
30-JUN-2023,Corient Private Wealth LLC,4024450
30-JUN-2023,Coppell Advisory Solutions LLC,42110
30-JUN-2023,Constellation Investimentos e Participacoes Ltda,221901
30-JUN-2023,Consolidated Portfolio Review Corp,208012
30-JUN-2023,"Conservest Capital Advisors, Inc.",285532
30-JUN-2023,"Connor, Clark & Lunn Investment Management Ltd.",606613149
30-JUN-2023,"Confluence Wealth Services, Inc.",328749
30-JUN-2023,Concord Wealth Partners,38760
30-JUN-2023,Compass Wealth Management LLC,533440
30-JUN-2023,"Column Capital Advisors, LLC",356204
30-JUN-2023,EFG Asset Management (North America) Corp.,442157
30-JUN-2023,"ELEMENT POINTE ADVISORS, LLC",548002
30-JUN-2023,EMC Capital Management,163
30-JUN-2023,ENVESTNET ASSET MANAGEMENT INC,45430213
30-JUN-2023,"EP Wealth Advisors, LLC",801803
30-JUN-2023,Crewe Advisors LLC,66603
30-JUN-2023,"Crossmark Global Holdings, Inc.",4375
30-JUN-2023,Csenge Advisory Group,277765
30-JUN-2023,Dakota Community Bank & Trust NA,6848
30-JUN-2023,EA Series Trust,647034
30-JUN-2023,Dynamic Technology Lab Private Ltd,736
30-JUN-2023,Dynamic Advisor Solutions LLC,279072
30-JUN-2023,"Diligent Investors, LLC",274033
30-JUN-2023,"Detalus Advisors, LLC",231591
30-JUN-2023,Desjardins Global Asset Management Inc.,3093500
30-JUN-2023,"Delos Wealth Advisors, LLC",2251
30-JUN-2023,DeepCurrents Investment Group LLC,11387581
30-JUN-2023,"DecisionPoint Financial, LLC",48450
30-JUN-2023,David J Yvars Group,3447056
30-JUN-2023,Dash Acquisitions Inc.,202779
30-JUN-2023,Dakota Wealth Management,230235
30-JUN-2023,"DZ BANK AG Deutsche Zentral Genossenschafts Bank, Frankfurt am Main",113748
30-JUN-2023,Cutler Group LLC / CA,4013
30-JUN-2023,DUNCKER STREETT & CO INC,6460
30-JUN-2023,"DUALITY ADVISERS, LP",3527741
30-JUN-2023,"DONALDSON CAPITAL MANAGEMENT, LLC",226911
30-JUN-2023,"DOLIVER ADVISORS, LP",254847
30-JUN-2023,"DMC Group, LLC",533596
30-JUN-2023,DIMENSIONAL FUND ADVISORS LP,25525204
30-JUN-2023,"DFPG INVESTMENTS, LLC",475017
30-JUN-2023,DF DENT & CO INC,6228344
30-JUN-2023,DAVIS-REA LTD.,470204
30-JUN-2023,DAVENPORT & Co LLC,3319406
30-JUN-2023,D.A. DAVIDSON & CO.,3911013
30-JUN-2023,"Cypress Wealth Services, LLC",1325799
30-JUN-2023,EQUITABLE TRUST CO,13276657
30-JUN-2023,EVERGREEN CAPITAL MANAGEMENT LLC,63308
30-JUN-2023,"Fisher Asset Management, LLC",38165047
30-JUN-2023,EVERMAY WEALTH MANAGEMENT LLC,239020
30-JUN-2023,"FLAGSHIP HARBOR ADVISORS, LLC",3135877
30-JUN-2023,"FNY Investment Advisers, LLC",387
30-JUN-2023,FORSTA AP-FONDEN,14907877
30-JUN-2023,FORTE CAPITAL LLC /ADV,298064
30-JUN-2023,FOSTER DYKEMA CABOT & CO INC/MA,16
30-JUN-2023,"FOX RUN MANAGEMENT, L.L.C.",991158
30-JUN-2023,"FRED ALGER MANAGEMENT, LLC",19868053
30-JUN-2023,Farmers & Merchants Trust Co of Chambersburg PA,65
30-JUN-2023,"Farther Finance Advisors, LLC",688120
30-JUN-2023,Fiduciary Alliance LLC,162598
30-JUN-2023,Fiera Capital Corp,504115
30-JUN-2023,"FinTrust Capital Advisors, LLC",6595
30-JUN-2023,Financial Advocates Investment Management,2956097
30-JUN-2023,"Financial Avengers, Inc.",2398275
30-JUN-2023,"Financial Freedom, LLC",1938
30-JUN-2023,"Financial Gravity Asset Management, Inc.",25373
30-JUN-2023,"Financial Management Professionals, Inc.",24
30-JUN-2023,"Financial Perspectives, Inc",1148007
30-JUN-2023,"Financial Synergies Wealth Advisors, Inc.",8398
30-JUN-2023,FineMark National Bank & Trust,194639
30-JUN-2023,First Bank & Trust,1171779
30-JUN-2023,First Command Bank,317832
30-JUN-2023,"First Command Financial Services, Inc.",317832
30-JUN-2023,First Growth Investment Manager LP,4208690
30-JUN-2023,"First Heartland Consultants, Inc.",293154
30-JUN-2023,"First Horizon Advisors, Inc.",165699
30-JUN-2023,First Trust Direct Indexing L.P.,706659
30-JUN-2023,FIRST TRUST ADVISORS LP,70309974
30-JUN-2023,FIRST MANHATTAN CO. LLC.,56847
30-JUN-2023,FIRST HAWAIIAN BANK,21641
30-JUN-2023,Ergoteles LLC,890834
30-JUN-2023,"EXCHANGE TRADED CONCEPTS, LLC",857307
30-JUN-2023,Eagle Bay Advisors LLC,3876
30-JUN-2023,"Edgestream Partners, L.P.",745161
30-JUN-2023,Eisler Capital (UK) Ltd.,18662552
30-JUN-2023,Eisler Capital (US) LLC,6615040
30-JUN-2023,"Elequin Securities, LLC",4845
30-JUN-2023,"Empirical Financial Services, LLC d.b.a. Empirical Wealth Management",462213
30-JUN-2023,"Empower Advisory Group, LLC",594062
30-JUN-2023,"Empowered Funds, LLC",647034
30-JUN-2023,Engineers Gate Manager LP,1501304
30-JUN-2023,"Ensign Peak Advisors, Inc",66964760
30-JUN-2023,"Eqis Capital Management, Inc.",1757705
30-JUN-2023,Erste Asset Management GmbH,2233885
30-JUN-2023,FIRST FOUNDATION ADVISORS,241927
30-JUN-2023,Eschler Asset Management LLP,462601
30-JUN-2023,"Essex Financial Services, Inc.",307367
30-JUN-2023,"Eudaimonia Partners, LLC",245093
30-JUN-2023,"Evanson Asset Management, LLC",557569
30-JUN-2023,"EverSource Wealth Advisors, LLC",226617
30-JUN-2023,"Evercore Wealth Management, LLC",138244
30-JUN-2023,"FAIRFIELD, BUSH & CO.",911829
30-JUN-2023,"FAS Wealth Partners, Inc.",746324
30-JUN-2023,"FDx Advisors, Inc.",1979
30-JUN-2023,FFT WEALTH MANAGEMENT LLC,329460
30-JUN-2023,FINANCIAL COUNSELORS INC,2454
30-JUN-2023,FIRST FINANCIAL CORP /IN/,2584
30-JUN-2023,Investors Research Corp,1292
30-JUN-2023,J. Goldman & Co LP,22154441
30-JUN-2023,"J.W. COLE ADVISORS, INC.",828301
30-JUN-2023,"PATHSTONE FAMILY OFFICE, LLC",1522944
30-JUN-2023,"North Fourth Asset Management, LP",969000
30-JUN-2023,North Star Investment Management Corp.,64600
30-JUN-2023,"NorthCrest Asset Manangement, LLC",6444173
30-JUN-2023,"O'Dell Group, LLC",439345
30-JUN-2023,"O'Neil Global Advisors, Inc.",1578
30-JUN-2023,"O'SHAUGHNESSY ASSET MANAGEMENT, LLC",6718216
30-JUN-2023,"OAK HARBOR WEALTH PARTNERS, LLC",261501
30-JUN-2023,"OBERMEYER WOOD INVESTMENT COUNSEL, LLLP",300390
30-JUN-2023,OLD NATIONAL BANCORP /IN/,251746
30-JUN-2023,OLD POINT TRUST & FINANCIAL SERVICES N A,32300
30-JUN-2023,OLIVER LAGORE VANVALIN INVESTMENT GROUP,48450
30-JUN-2023,OMERS ADMINISTRATION Corp,13665000
30-JUN-2023,ONTARIO TEACHERS PENSION PLAN BOARD,4551801
30-JUN-2023,OPPENHEIMER & CO INC,3153061
30-JUN-2023,OPTIMUM INVESTMENT ADVISORS,267444
30-JUN-2023,"OPTIONS SOLUTIONS, LLC",7752
30-JUN-2023,ORG Partners LLC,813558
30-JUN-2023,"OSAIC HOLDINGS, INC.",5806312
30-JUN-2023,OXFORD FINANCIAL GROUP LTD,639540
30-JUN-2023,"Octavia Wealth Advisors, LLC",360791
30-JUN-2023,"Oder Investment Management, LLC",526361
30-JUN-2023,OneDigital Investment Advisors LLC,671646
30-JUN-2023,"Oribel Capital Management, LP",3307520
30-JUN-2023,"Orion Portfolio Solutions, LLC",2662552
30-JUN-2023,Oxinas Partners Wealth Management LLC,348388
30-JUN-2023,"PACES FERRY WEALTH ADVISORS, LLC",245286
30-JUN-2023,PARK AVENUE SECURITIES LLC,1757
30-JUN-2023,"Nishkama Capital, LLC",24718932
30-JUN-2023,Ninepoint Partners LP,667835
30-JUN-2023,"Nilsine Partners, LLC",822164
30-JUN-2023,"National Wealth Management Group, LLC",212454
30-JUN-2023,NEUBERGER BERMAN GROUP LLC,3230
30-JUN-2023,NEW YORK STATE COMMON RETIREMENT FUND,59894
30-JUN-2023,"NFP Retirement, Inc.",228038
30-JUN-2023,NICOLET BANKSHARES INC,313181
30-JUN-2023,NOMURA ASSET MANAGEMENT CO LTD,4055780
30-JUN-2023,NORGES BANK,818081877
30-JUN-2023,"NORTHWEST INVESTMENT COUNSELORS, LLC",59432
30-JUN-2023,"NVWM, LLC",124032
30-JUN-2023,NWAM LLC,215893
30-JUN-2023,"NZS Capital, LLC",28245510
30-JUN-2023,"Nadler Financial Group, Inc.",453686
30-JUN-2023,"Nalls Sherbakoff Group, LLC",1716
30-JUN-2023,Nebula Research & Development LLC,253103
30-JUN-2023,"Nikko Asset Management Americas, Inc.",445341418
30-JUN-2023,"Nelson, Van Denburg & Campbell Wealth Management Group, LLC",604397
30-JUN-2023,Nemes Rush Group LLC,247871
30-JUN-2023,Nepsis Inc.,22256250
30-JUN-2023,New England Capital Financial Advisors LLC,129911
30-JUN-2023,New Millennium Group LLC,27778
30-JUN-2023,"NewEdge Advisors, LLC",4817807
30-JUN-2023,"NewEdge Wealth, LLC",310726
30-JUN-2023,NewSquare Capital LLC,47804
30-JUN-2023,"Newbridge Financial Services Group, Inc.",1277465
30-JUN-2023,Newlands Management Operations LLC,408598230
30-JUN-2023,"Newport Capital Group, LLC",3003331
30-JUN-2023,"Nicholas Investment Partners, LP",4596091
30-JUN-2023,PARK CIRCLE Co,41990
30-JUN-2023,PCA Investment Advisory Services Inc.,26744
30-JUN-2023,"JAG CAPITAL MANAGEMENT, LLC",15167240
30-JUN-2023,PCJ Investment Counsel Ltd.,4409085
30-JUN-2023,"Pinnacle Bancorp, Inc.",26938
30-JUN-2023,"Pinnacle Wealth Planning Services, Inc.",228555
30-JUN-2023,"Plante Moran Financial Advisors, LLC",54910
30-JUN-2023,"Portside Wealth Group, LLC",15514092
30-JUN-2023,"PrairieView Partners, LLC",12
30-JUN-2023,Prestige Wealth Management Group LLC,3876
30-JUN-2023,"Prime Capital Investment Advisors, LLC",2703575
30-JUN-2023,"Private Advisor Group, LLC",2209015
30-JUN-2023,"Private Ocean, LLC",646
30-JUN-2023,Private Portfolio Partners LLC,616349
30-JUN-2023,Privium Fund Management B.V.,26460400
30-JUN-2023,"Procyon Advisors, LLC",1642003
30-JUN-2023,Prospera Financial Services Inc,1584434
30-JUN-2023,"Prosperity Financial Group, Inc.",253232
30-JUN-2023,"Prosperity Wealth Management, Inc.",1558475
30-JUN-2023,Public Sector Pension Investment Board,51838770
30-JUN-2023,QUADRANT CAPITAL GROUP LLC,444707
30-JUN-2023,Quantbot Technologies LP,1658476
30-JUN-2023,Quantinno Capital Management LP,582000
30-JUN-2023,Qube Research & Technologies Ltd,51000085
30-JUN-2023,"Quent Capital, LLC",4878
30-JUN-2023,Quintet Private Bank (Europe) S.A.,44395
30-JUN-2023,RAYMOND JAMES & ASSOCIATES,64217547
30-JUN-2023,RAYMOND JAMES TRUST N.A.,237
30-JUN-2023,"RBF Capital, LLC",3488400
30-JUN-2023,"REGATTA CAPITAL GROUP, LLC",617605
30-JUN-2023,REGIONS FINANCIAL CORP,3160620
30-JUN-2023,Pine Valley Investments Ltd Liability Co,484695
30-JUN-2023,Perkins Coie Trust Co,3876
30-JUN-2023,Periscope Capital Inc.,2348845
30-JUN-2023,POLEN CAPITAL MANAGEMENT LLC,50814612
30-JUN-2023,"PDS Planning, Inc",511180
30-JUN-2023,PECONIC PARTNERS LLC,1938000
30-JUN-2023,PERKINS CAPITAL MANAGEMENT INC,352
30-JUN-2023,PETRA FINANCIAL ADVISORS INC,1048329
30-JUN-2023,PFG Advisors,310661
30-JUN-2023,"PFG Private Wealth Management, LLC",181268
30-JUN-2023,"PFS Partners, LLC",139536
30-JUN-2023,PICTET ASSET MANAGEMENT SA,38702764
30-JUN-2023,PIER 88 INVESTMENT PARTNERS LLC,2538612
30-JUN-2023,PIN OAK INVESTMENT ADVISORS INC,26
30-JUN-2023,"PINEBRIDGE INVESTMENTS, L.P.",1038380
30-JUN-2023,PITTENGER & ANDERSON INC,75259
30-JUN-2023,PRICE T ROWE ASSOCIATES INC /MD/,2167128
30-JUN-2023,"Perigon Wealth Management, LLC",1134376
30-JUN-2023,PRIO WEALTH LIMITED PARTNERSHIP,463182
30-JUN-2023,PRIVATE MANAGEMENT GROUP INC,7948191
30-JUN-2023,"PSI Advisors, LLC",345610
30-JUN-2023,PUBLIC INVESTMENT FUND,80750000
30-JUN-2023,"Pacer Advisors, Inc.",652589
30-JUN-2023,Pachira Investments Inc.,362987
30-JUN-2023,"Parallax Volatility Advisers, L.P.",39836107
30-JUN-2023,"Parallel Advisors, LLC",3493190
30-JUN-2023,Park Place Capital Corp,38889
30-JUN-2023,Parkwood LLC,2981
30-JUN-2023,"Pembroke Management, LTD",216447
30-JUN-2023,"Perennial Investment Advisors, LLC",858146
30-JUN-2023,"NATIONS FINANCIAL GROUP INC, /IA/ /ADV",283594
30-JUN-2023,"NAPLES GLOBAL ADVISORS, LLC",219834
30-JUN-2023,"Mutual Advisors, LLC",1777340
30-JUN-2023,Murchinson Ltd.,1141708
30-JUN-2023,LAKE STREET FINANCIAL LLC,531012
30-JUN-2023,"LAM GROUP, INC.",1938
30-JUN-2023,"LANDSCAPE CAPITAL MANAGEMENT, L.L.C.",332690
30-JUN-2023,"LAZARI CAPITAL MANAGEMENT, INC.",709631
30-JUN-2023,LBP AM SA,711163
30-JUN-2023,"LEVEL FOUR ADVISORY SERVICES, LLC",237663
30-JUN-2023,LINCOLN NATIONAL CORP,500647
30-JUN-2023,LMR Partners LLP,1124686
30-JUN-2023,LOGAN CAPITAL MANAGEMENT INC,1618424
30-JUN-2023,"LORD, ABBETT & CO. LLC",563244
30-JUN-2023,LORING WOLCOTT & COOLIDGE FIDUCIARY ADVISORS LLP/MA,113373
30-JUN-2023,LPL Financial LLC,64361800
30-JUN-2023,"LVW Advisors, LLC",319964
30-JUN-2023,"LYELL WEALTH MANAGEMENT, LP",8076938
30-JUN-2023,Laidlaw Wealth Management LLC,283077
30-JUN-2023,"Lake Hills Wealth Management, LLC",341411
30-JUN-2023,Larson Financial Group LLC,448518
30-JUN-2023,"Latitude Advisors, LLC",351264
30-JUN-2023,"Left Brain Wealth Management, LLC",1186444
30-JUN-2023,"Legacy Capital Group California, Inc.",589217
30-JUN-2023,"Legacy Financial Advisors, Inc.",376037
30-JUN-2023,"Legal Advantage Investments, Inc.",1576886
30-JUN-2023,"LexAurum Advisors, LLC",413763
30-JUN-2023,"Lido Advisors, LLC",1496248
30-JUN-2023,"Lindbrook Capital, LLC",521786
30-JUN-2023,Linden Advisors LP,2276722
30-JUN-2023,Liontrust Investment Partners LLP,9590704
30-JUN-2023,LA FINANCIERE DE L'ECHIQUIER,18152600
30-JUN-2023,L & S Advisors Inc,1167322
30-JUN-2023,"Kozak & Associates, Inc.",350839
30-JUN-2023,KAYNE ANDERSON RUDNICK INVESTMENT MANAGEMENT LLC,4774586
30-JUN-2023,"JANICZEK WEALTH MANAGEMENT, LLC",28747
30-JUN-2023,"JARISLOWSKY, FRASER Ltd",601635903
30-JUN-2023,"JEPPSON WEALTH MANAGEMENT, LLC",1635349
30-JUN-2023,"JFS WEALTH ADVISORS, LLC",56719
30-JUN-2023,"JGP Wealth Management, LLC",313724
30-JUN-2023,JOHNSON INVESTMENT COUNSEL INC,383078
30-JUN-2023,JPMORGAN CHASE & CO,12662
30-JUN-2023,JS Capital Management LLC,33592000
30-JUN-2023,"Jaffetilchin Investment Partners, LLC",4322102
30-JUN-2023,Janney Montgomery Scott LLC,4670
30-JUN-2023,"Jarislowsky, Fraser Ltd",601633
30-JUN-2023,"Jump Financial, LLC",2084772
30-JUN-2023,KENNEDY INVESTMENT GROUP,907630
30-JUN-2023,"Kovack Advisors, Inc.",3702764
30-JUN-2023,"KESTRA PRIVATE WEALTH SERVICES, LLC",1721202
30-JUN-2023,"KG&L Capital Management,LLC",211888
30-JUN-2023,"KRS Capital Management, LLC",354008
30-JUN-2023,Kathleen S. Wright Associates Inc.,2584
30-JUN-2023,Kelly Financial Services LLC,83269
30-JUN-2023,"Kercheville Advisors, LLC",609824
30-JUN-2023,"Kesler, Norman & Wride, LLC",552265
30-JUN-2023,"Kestra Advisory Services, LLC",3402094
30-JUN-2023,Key Financial Inc,20672
30-JUN-2023,"Kingsview Wealth Management, LLC",1578372
30-JUN-2023,"Kistler-Tiffany Companies, LLC",694450
30-JUN-2023,Korea Investment CORP,30043060
30-JUN-2023,Lumina Fund Management LLC,646
30-JUN-2023,"M Holdings Securities, Inc.",3232
30-JUN-2023,M&R CAPITAL MANAGEMENT INC,64600
30-JUN-2023,"Mendota Financial Group, LLC",13220
30-JUN-2023,"Malaga Cove Capital, LLC",1425399
30-JUN-2023,Manchester Capital Management LLC,547162
30-JUN-2023,Marcho Partners LLP,44771159
30-JUN-2023,"Marcum Wealth, LLC",551942
30-JUN-2023,"Mariner, LLC",14606949
30-JUN-2023,Maryland State Retirement & Pension System,2518296
30-JUN-2023,Masso Torrence Wealth Management Inc.,727719
30-JUN-2023,"Mayflower Financial Advisors, LLC",453492
30-JUN-2023,"Maytus Capital Management, LLC",3456100
30-JUN-2023,"McClarren Financial Advisors, Inc.",33
30-JUN-2023,"McIlrath & Eck, LLC",320933
30-JUN-2023,Menard Financial Group LLC,272418
30-JUN-2023,"Meridian Wealth Management, LLC",4678784
30-JUN-2023,"Main Street Financial Solutions, LLC",862281
30-JUN-2023,"Merit Financial Group, LLC",1126753
30-JUN-2023,"Metis Global Partners, LLC",3384147
30-JUN-2023,"Mirae Asset Global Investments Co., Ltd.",11168242
30-JUN-2023,Missouri Trust & Investment Co,5168
30-JUN-2023,Mitsubishi UFJ Trust & Banking Corp,87951608
30-JUN-2023,Mn Services Vermogensbeheer B.V.,37220
30-JUN-2023,"Modera Wealth Management, LLC",215377
30-JUN-2023,"Moisand Fitzgerald Tamayo, LLC",6460
30-JUN-2023,"Moloney Securities Asset Management, LLC",2563005
30-JUN-2023,"Moors & Cabot, Inc.",524487
30-JUN-2023,"Morse Asset Management, Inc",672
30-JUN-2023,"Moser Wealth Advisors, LLC",405688
30-JUN-2023,"Mainsail Financial Group, LLC",205428
30-JUN-2023,Magnetar Financial LLC,6206555
30-JUN-2023,MACKENZIE FINANCIAL CORP,274380790
30-JUN-2023,MGO ONE SEVEN LLC,639540
30-JUN-2023,MACQUARIE GROUP LTD,19263000
30-JUN-2023,MACROVIEW INVESTMENT MANAGEMENT LLC,11951
30-JUN-2023,MAI Capital Management,1702985
30-JUN-2023,MARSICO CAPITAL MANAGEMENT LLC,18791042
30-JUN-2023,MASSACHUSETTS FINANCIAL SERVICES CO /MA/,39886043
30-JUN-2023,MASSMUTUAL TRUST CO FSB/ADV,74613
30-JUN-2023,MAVERICK CAPITAL LTD,2672050
30-JUN-2023,"MBL Wealth, LLC",211888
30-JUN-2023,MCF Advisors LLC,118864
30-JUN-2023,"MEAG MUNICH ERGO, Kapitalanlagegesellschaft mbH",122418
30-JUN-2023,"MEANS INVESTMENT CO., INC.",932183
30-JUN-2023,MERCER GLOBAL ADVISORS INC /ADV,2658
30-JUN-2023,MILLENNIUM MANAGEMENT LLC,100338456
30-JUN-2023,Magellan Asset Management Ltd,196578
30-JUN-2023,"MISSION WEALTH MANAGEMENT, LP",618416
30-JUN-2023,MMBG INVESTMENT ADVISORS CO.,5921131
30-JUN-2023,"MONECO Advisors, LLC",447032
30-JUN-2023,MONETTA FINANCIAL SERVICES INC,930240
30-JUN-2023,MONTAG A & ASSOCIATES INC,1132632
30-JUN-2023,MONTRUSCO BOLTON INVESTMENTS INC.,3320497
30-JUN-2023,"MOODY LYNN & LIEBERSON, LLC",3204806
30-JUN-2023,"MOORE CAPITAL MANAGEMENT, LP",14284546
30-JUN-2023,MOSELEY INVESTMENT MANAGEMENT INC,355300
30-JUN-2023,MOTCO,1615
30-JUN-2023,MUFG Securities EMEA plc,1319404
30-JUN-2023,"Mach-1 Financial Group, LLC",803753
30-JUN-2023,25 LLC,2112
30-JUN-2023,EARNEST PARTNERS LLC,9690
31-MAR-2023,"Raymond James Financial Services Advisors, Inc.",19416659
31-MAR-2023,"Resolute Wealth Strategies, LLC",1627803
31-MAR-2023,Regal Investment Advisors LLC,1642952
31-MAR-2023,Redwood Financial Network Corp,241141
31-MAR-2023,"Rede Wealth, LLC",292530
31-MAR-2023,Rathbones Group PLC,42723600
31-MAR-2023,Raleigh Capital Management Inc.,30490
31-MAR-2023,ROYAL LONDON ASSET MANAGEMENT LTD,16147870
31-MAR-2023,ROMAN BUTLER FULLERTON & CO,386315
31-MAR-2023,"ROCKY MOUNTAIN ADVISERS, LLC",7
31-MAR-2023,RMR Wealth Builders,703615
31-MAR-2023,RIVERPARK CAPITAL MANAGEMENT LLC,1833321
31-MAR-2023,RITHOLTZ WEALTH MANAGEMENT,333375
31-MAR-2023,RFP Financial Group LLC,39095
31-MAR-2023,"RFG Advisory, LLC",234379
31-MAR-2023,RESOURCES MANAGEMENT CORP /CT/ /ADV,660
31-MAR-2023,RENAISSANCE TECHNOLOGIES LLC,4056
31-MAR-2023,REGIONS FINANCIAL CORP,2686
31-MAR-2023,"REGATTA CAPITAL GROUP, LLC",402047
31-MAR-2023,READYSTATE ASSET MANAGEMENT LP,1653930
31-MAR-2023,"RBF Capital, LLC",2588760
31-MAR-2023,RAYMOND JAMES TRUST N.A.,185
31-MAR-2023,RAYMOND JAMES & ASSOCIATES,47177678
31-MAR-2023,Quintet Private Bank (Europe) S.A.,33112
31-MAR-2023,"Quent Capital, LLC",3620
31-MAR-2023,Resolute Advisors LLC,2029300
31-MAR-2023,"Resources Investment Advisors, LLC.",854387
31-MAR-2023,"Owen LaRue, LLC",556718
31-MAR-2023,"Retirement Group, LLC",9
31-MAR-2023,"SIGNATUREFD, LLC",2292107
31-MAR-2023,SHELL ASSET MANAGEMENT CO,2831
31-MAR-2023,"SG Americas Securities, LLC",4002
31-MAR-2023,SEI INVESTMENTS CO,17603437
31-MAR-2023,"SEGALL BRYANT & HAMILL, LLC",229
31-MAR-2023,SCHWARTZ INVESTMENT COUNSEL INC,448239
31-MAR-2023,SCHRODER INVESTMENT MANAGEMENT GROUP,6801176
31-MAR-2023,"SCGE MANAGEMENT, L.P.",403031580
31-MAR-2023,"SANDS CAPITAL MANAGEMENT, LLC",1133694996
31-MAR-2023,SALEM INVESTMENT COUNSELORS INC,296509
31-MAR-2023,S.A. Mason LLC,23970
31-MAR-2023,Royal Bank of Canada,374677000
31-MAR-2023,Roundview Capital LLC,602558
31-MAR-2023,Rosenberg Matthew Hamilton,15341
31-MAR-2023,"Ronald Blue Trust, Inc.",8
31-MAR-2023,"Robertson Stephens Wealth Management, LLC",421632
31-MAR-2023,"RiverPark Advisors, LLC",2878845
31-MAR-2023,River Street Advisors LLC,384815
31-MAR-2023,"Rise Advisors, LLC",87011
31-MAR-2023,Ridgewood Investments LLC,173783
31-MAR-2023,Richelieu Gestion PLC,2228
31-MAR-2023,Richard Bernstein Advisors LLC,1275862
31-MAR-2023,"Revolve Wealth Partners, LLC",401929
31-MAR-2023,Quantinno Capital Management LP,243000
31-MAR-2023,Quadrature Capital Ltd,18927577
31-MAR-2023,QUADRANT CAPITAL GROUP LLC,359503
31-MAR-2023,Public Sector Pension Investment Board,38245949
31-MAR-2023,"PSI Advisors, LLC",256479
31-MAR-2023,PRIVATE MANAGEMENT GROUP INC,7293212
31-MAR-2023,PRIO WEALTH LIMITED PARTNERSHIP,343730
31-MAR-2023,PRICE T ROWE ASSOCIATES INC /MD/,1323290
31-MAR-2023,"PRESCOTT GROUP CAPITAL MANAGEMENT, L.L.C.",1055000
31-MAR-2023,POLEN CAPITAL MANAGEMENT LLC,39185437
31-MAR-2023,PITTENGER & ANDERSON INC,78143
31-MAR-2023,"PINEBRIDGE INVESTMENTS, L.P.",9765378
31-MAR-2023,PIN OAK INVESTMENT ADVISORS INC,19
31-MAR-2023,"PFS Partners, LLC",103551
31-MAR-2023,"PFG Private Wealth Management, LLC",195835
31-MAR-2023,PFG Advisors,230543
31-MAR-2023,PERKINS CAPITAL MANAGEMENT INC,261
31-MAR-2023,PECONIC PARTNERS LLC,92524
31-MAR-2023,"PDT Partners, LLC",2055236
31-MAR-2023,"PDS Planning, Inc",307104
31-MAR-2023,PCJ Investment Counsel Ltd.,5841376
31-MAR-2023,"PATHSTONE FAMILY OFFICE, LLC",311545
31-MAR-2023,"PARTNERS CAPITAL INVESTMENT GROUP, LLP",33558
31-MAR-2023,PARK CIRCLE Co,31161
31-MAR-2023,PARK AVENUE SECURITIES LLC,1379
31-MAR-2023,PAR CAPITAL MANAGEMENT INC,311610
31-MAR-2023,"PACES FERRY WEALTH ADVISORS, LLC",229441
31-MAR-2023,PUBLIC INVESTMENT FUND,59925000
31-MAR-2023,"Pacer Advisors, Inc.",440089
31-MAR-2023,Pachira Investments Inc.,247322
31-MAR-2023,Platform Technology Partners,282223
31-MAR-2023,"Prosperity Wealth Management, Inc.",1042695
31-MAR-2023,Prospera Financial Services Inc,1096400
31-MAR-2023,"Procyon Advisors, LLC",616508
31-MAR-2023,Privium Fund Management B.V.,23730300
31-MAR-2023,Private Portfolio Partners LLC,488557
31-MAR-2023,"Private Ocean, LLC",479
31-MAR-2023,"Private Advisor Group, LLC",1450517
31-MAR-2023,"Prime Capital Investment Advisors, LLC",1253140
31-MAR-2023,Prestige Wealth Management Group LLC,2878
31-MAR-2023,"PrairieView Partners, LLC",9
31-MAR-2023,"Plante Moran Financial Advisors, LLC",38831
31-MAR-2023,"Parallax Volatility Advisers, L.P.",51928608
31-MAR-2023,"Pitti Group Wealth Management, LLC",251493
31-MAR-2023,"Pinnacle Bancorp, Inc.",19991
31-MAR-2023,Pine Valley Investments Ltd Liability Co,277922
31-MAR-2023,Phoenix Wealth Advisors,286921
31-MAR-2023,Perkins Coie Trust Co,2875
31-MAR-2023,Periscope Capital Inc.,3609304
31-MAR-2023,"Perigon Wealth Management, LLC",498335
31-MAR-2023,"Perennial Investment Advisors, LLC",745661
31-MAR-2023,Park Place Capital Corp,26607
31-MAR-2023,"Parallel Advisors, LLC",2704568
31-MAR-2023,"SILVER OAK SECURITIES, INCORPORATED",309
31-MAR-2023,SILVERCREST ASSET MANAGEMENT GROUP LLC,225749
31-MAR-2023,"SIMPLEX TRADING, LLC",195240
31-MAR-2023,Swiss National Bank,228884183
31-MAR-2023,"TWO SIGMA INVESTMENTS, LP",20093092
31-MAR-2023,"TWO SIGMA ADVISERS, LP",20985735
31-MAR-2023,TUCKER ASSET MANAGEMENT LLC,479
31-MAR-2023,"TSFG, LLC",93
31-MAR-2023,TRUST CO OF VERMONT,50337
31-MAR-2023,"TRANSCEND CAPITAL ADVISORS, LLC",285003
31-MAR-2023,TOWNSQUARE CAPITAL LLC,1576459
31-MAR-2023,TOTH FINANCIAL ADVISORY CORP,61364
31-MAR-2023,TORONTO DOMINION BANK,65371
31-MAR-2023,TOCQUEVILLE ASSET MANAGEMENT L.P.,6401860
31-MAR-2023,TOBAM,23
31-MAR-2023,"TITLEIST ASSET MANAGEMENT, LLC",8930359
31-MAR-2023,"TILIA FIDUCIARY PARTNERS, INC.",67595
31-MAR-2023,TIGER MANAGEMENT L.L.C.,349533
31-MAR-2023,TIGER GLOBAL MANAGEMENT LLC,4578270
31-MAR-2023,"THOROUGHBRED FINANCIAL SERVICES, LLC",4611
31-MAR-2023,THORNBURG INVESTMENT MANAGEMENT INC,839
31-MAR-2023,"THOMPSON INVESTMENT MANAGEMENT, INC.",1918
31-MAR-2023,"TFC Financial Management, Inc.",390280
31-MAR-2023,TEACHERS RETIREMENT SYSTEM OF THE STATE OF KENTUCKY,26396
31-MAR-2023,TD Asset Management Inc,313384251
31-MAR-2023,"TCI Wealth Advisors, Inc.",74787
31-MAR-2023,Syverson Strege & Co,2445
31-MAR-2023,"TWO SIGMA SECURITIES, LLC",11060237
31-MAR-2023,TYBOURNE CAPITAL MANAGEMENT (HK) LTD,29732867
31-MAR-2023,Tairen Capital Ltd,3122332
31-MAR-2023,Triumph Capital Management,357249
31-MAR-2023,VAN ECK ASSOCIATES CORP,1153
31-MAR-2023,VALLEY NATIONAL ADVISERS INC,43
31-MAR-2023,V Wealth Advisors LLC,479881
31-MAR-2023,Utah Retirement Systems,6743442
31-MAR-2023,Ulysses Management LLC,239700
31-MAR-2023,USS Investment Management Ltd,7571003
31-MAR-2023,"Twin Tree Management, LP",231991241
31-MAR-2023,"Twin Lakes Capital Management, LLC",7191
31-MAR-2023,Truvestments Capital LLC,55610
31-MAR-2023,"True Wealth Design, LLC",240
31-MAR-2023,Trium Capital LLP,2640
31-MAR-2023,"Tanglewood Legacy Advisors, LLC",4794
31-MAR-2023,"Trifecta Capital Advisors, LLC",38352
31-MAR-2023,Triasima Portfolio Management inc.,41255952
31-MAR-2023,"Tradition Wealth Management, LLC",105
31-MAR-2023,"Tradewinds Capital Management, LLC",4794
31-MAR-2023,"Tortoise Investment Management, LLC",86388
31-MAR-2023,"Toroso Investments, LLC",1058
31-MAR-2023,"TimeScale Financial, Inc.",2876
31-MAR-2023,Thrivent Financial for Lutherans,10377
31-MAR-2023,Texas Yale Capital Corp.,5697669
31-MAR-2023,"Ten Capital Wealth Advisors, LLC",4027
31-MAR-2023,"Synergy Financial Group, LTD",2636604
31-MAR-2023,"Sunbelt Securities, Inc.",773647
31-MAR-2023,"SITTNER & NELSON, LLC",28764
31-MAR-2023,"Summit Trail Advisors, LLC",386396
31-MAR-2023,"Sheaff Brock Investment Advisors, LLC",385917
31-MAR-2023,SevenOneSeven Capital Management,503012
31-MAR-2023,Seven Post Investment Office LP,234906
31-MAR-2023,"Sequoia Financial Advisors, LLC",557303
31-MAR-2023,"Sepio Capital, LP",2224847
31-MAR-2023,"Seaport Global Advisors, LLC",245740
31-MAR-2023,"Sculati Wealth Management, LLC",272299
31-MAR-2023,Schonfeld Strategic Advisors LLC,335580
31-MAR-2023,"Savant Capital, LLC",272587
31-MAR-2023,Sassicaia Capital Advisers LLC,311610
31-MAR-2023,"Sargent Investment Group, LLC",248413
31-MAR-2023,Sandy Spring Bank,221963
31-MAR-2023,"Sand Hill Global Advisors, LLC",291283
31-MAR-2023,San Luis Wealth Advisors LLC,244
31-MAR-2023,Sageworth Trust Co,9109
31-MAR-2023,SWS Partners,1585040
31-MAR-2023,SVB WEALTH LLC,180734
31-MAR-2023,STRS OHIO,17814
31-MAR-2023,"STONNINGTON GROUP, LLC",897680
31-MAR-2023,STATE OF WISCONSIN INVESTMENT BOARD,28197708
31-MAR-2023,STATE OF MICHIGAN RETIREMENT SYSTEM,7670400
31-MAR-2023,"SRS Capital Advisors, Inc.",177043
31-MAR-2023,SJS Investment Consulting Inc.,10547
31-MAR-2023,Sigma Planning Corp,1303009
31-MAR-2023,"Simplicity Solutions, LLC",1080952
31-MAR-2023,"SkyView Investment Advisors, LLC",378
31-MAR-2023,"Steward Partners Investment Advisory, LLC",1326883
31-MAR-2023,"Sugarloaf Wealth Management, LLC",5753
31-MAR-2023,"Stratos Wealth Partners, LTD.",858030
31-MAR-2023,Strategy Capital LLC,114494767
31-MAR-2023,"Strategic Wealth Investment Group, LLC",2015590
31-MAR-2023,"Strategic Blueprint, LLC",238262
31-MAR-2023,Strategic Advisors LLC,1263555
31-MAR-2023,Stony Point Capital LLC,11014742
31-MAR-2023,"Stonegate Investment Group, LLC",1728999
31-MAR-2023,Stonebridge Capital Advisors LLC,88689
31-MAR-2023,"Stone House Investment Management, LLC",9588
31-MAR-2023,"Sterling Investment Advisors, Ltd.",1789025
31-MAR-2023,Snowden Capital Advisors LLC,1343806
31-MAR-2023,Steel Peak Wealth Management LLC,3280870
31-MAR-2023,Steadview Capital Management LLC,57957063
31-MAR-2023,State of Wyoming,13998
31-MAR-2023,"State of Tennessee, Treasury Department",32638879
31-MAR-2023,Spire Wealth Management,1368922
31-MAR-2023,Sowell Financial Services LLC,229
31-MAR-2023,"Sound View Wealth Advisors Group, LLC",417749
31-MAR-2023,"Sound Income Strategies, LLC",4315
31-MAR-2023,Souders Financial Advisors,768862
31-MAR-2023,"Solidarity Wealth, LLC",293633
31-MAR-2023,Oxinas Partners Wealth Management LLC,250870
31-MAR-2023,"Orion Portfolio Solutions, LLC",1178556
31-MAR-2023,"VERUS CAPITAL PARTNERS, LLC",359071
31-MAR-2023,"KRS Capital Management, LLC",308254
31-MAR-2023,"KESTRA PRIVATE WEALTH SERVICES, LLC",1233544
31-MAR-2023,KENNEDY INVESTMENT GROUP,700164
31-MAR-2023,"KB FINANCIAL PARTNERS, LLC",362
31-MAR-2023,KAYNE ANDERSON RUDNICK INVESTMENT MANAGEMENT LLC,431
31-MAR-2023,K.J. Harrison & Partners Inc,1121898
31-MAR-2023,Janney Montgomery Scott LLC,4691
31-MAR-2023,"Jaffetilchin Investment Partners, LLC",3265079
31-MAR-2023,JPMORGAN CHASE & CO,3548
31-MAR-2023,JONES FINANCIAL COMPANIES LLLP,23970
31-MAR-2023,JOHNSON INVESTMENT COUNSEL INC,284284
31-MAR-2023,"JGP Wealth Management, LLC",234830
31-MAR-2023,"JFS WEALTH ADVISORS, LLC",41133
31-MAR-2023,"JEPPSON WEALTH MANAGEMENT, LLC",1247447
31-MAR-2023,"JARISLOWSKY, FRASER Ltd",494064627
31-MAR-2023,"JANICZEK WEALTH MANAGEMENT, LLC",20644
31-MAR-2023,"JAG CAPITAL MANAGEMENT, LLC",2397
31-MAR-2023,"J.W. COLE ADVISORS, INC.",226421
31-MAR-2023,J. Goldman & Co LP,13734091
31-MAR-2023,Investors Research Corp,959
31-MAR-2023,"Investment Research & Advisory Group, Inc.",10547
31-MAR-2023,Investment Management Corp of Ontario,18792480
31-MAR-2023,"Intrinsic Value Partners, LLC",862680
31-MAR-2023,"Interchange Capital Partners, LLC",672443
31-MAR-2023,"KG&L Capital Management,LLC",206621
31-MAR-2023,Kathleen S. Wright Associates Inc.,1918
31-MAR-2023,Orion Capital Management LLC,58487
31-MAR-2023,Kelly Financial Services LLC,72150
31-MAR-2023,LPL Financial LLC,46553152
31-MAR-2023,LORING WOLCOTT & COOLIDGE FIDUCIARY ADVISORS LLP/MA,84134
31-MAR-2023,"LORD, ABBETT & CO. LLC",380536
31-MAR-2023,LOGAN CAPITAL MANAGEMENT INC,1192027
31-MAR-2023,LMR Partners LLP,834635
31-MAR-2023,LINCOLN NATIONAL CORP,451784
31-MAR-2023,"LEVEL FOUR ADVISORY SERVICES, LLC",230064
31-MAR-2023,LAZARD ASSET MANAGEMENT LLC,278
31-MAR-2023,"LANDSCAPE CAPITAL MANAGEMENT, L.L.C.",11455694
31-MAR-2023,"LAM GROUP, INC.",1438
31-MAR-2023,LAKE STREET FINANCIAL LLC,448479
31-MAR-2023,LA FINANCIERE DE L'ECHIQUIER,13471140
31-MAR-2023,L & S Advisors Inc,1090683
31-MAR-2023,"Kozak & Associates, Inc.",259355
31-MAR-2023,"Kovack Advisors, Inc.",2490483
31-MAR-2023,Korea Investment CORP,28836035
31-MAR-2023,"Knowledge Leaders Capital, LLC",664353
31-MAR-2023,"Kistler-Tiffany Companies, LLC",743166
31-MAR-2023,"Kingsview Wealth Management, LLC",1184406
31-MAR-2023,Key Financial Inc,10547
31-MAR-2023,"Kestra Advisory Services, LLC",2609231
31-MAR-2023,"Kesler, Norman & Wride, LLC",385629
31-MAR-2023,"Kercheville Advisors, LLC",393827
31-MAR-2023,"Intellectus Partners, LLC",734520
31-MAR-2023,Integrated Advisors Network LLC,420147
31-MAR-2023,"Institute for Wealth Management, LLC.",287928
31-MAR-2023,Industrial Alliance Investment Management Inc.,41
31-MAR-2023,"Hennion & Walsh Asset Management, Inc.",342
31-MAR-2023,Headlands Technologies LLC,311850
31-MAR-2023,"Harvest Fund Management Co., Ltd",134
31-MAR-2023,Hartford Financial Management Inc.,8774
31-MAR-2023,HSBC HOLDINGS PLC,21255619
31-MAR-2023,HOLLENCREST CAPITAL MANAGEMENT,127520
31-MAR-2023,HM PAYSON & CO,3740
31-MAR-2023,HIMENSION CAPITAL (SINGAPORE) PTE. LTD.,37155466
31-MAR-2023,HIGHLINE WEALTH PARTNERS LLC,40749
31-MAR-2023,"HHM Wealth Advisors, LLC",55611
31-MAR-2023,HERITAGE INVESTORS MANAGEMENT CORP,216
31-MAR-2023,HEALTHCARE OF ONTARIO PENSION PLAN TRUST FUND,73588329
31-MAR-2023,HBW Advisory Services LLC,303
31-MAR-2023,HBK Sorce Advisory LLC,565767
31-MAR-2023,"HB Wealth Management, LLC",206813
31-MAR-2023,"HARBOUR INVESTMENTS, INC.",1861079
31-MAR-2023,"HARBOR INVESTMENT ADVISORY, LLC",473982
31-MAR-2023,"HARBOR CAPITAL ADVISORS, INC.",1181002
31-MAR-2023,"HAP Trading, LLC",319
31-MAR-2023,"HANTZ FINANCIAL SERVICES, INC.",3214
31-MAR-2023,HALLMARK CAPITAL MANAGEMENT INC,103071
31-MAR-2023,Gulf International Bank (UK) Ltd,525
31-MAR-2023,Greytown Advisors Inc.,761383
31-MAR-2023,Henry James International Management Inc.,8629871
31-MAR-2023,Hexagon Capital Partners LLC,20087
31-MAR-2023,HighMark Wealth Management LLC,18730
31-MAR-2023,"IHT Wealth Management, LLC",864408
31-MAR-2023,"Indie Asset Partners, LLC",204224
31-MAR-2023,"Independent Solutions Wealth Management, LLC",2007176
31-MAR-2023,Independent Advisor Alliance,1417307
31-MAR-2023,Ilmarinen Mutual Pension Insurance Co,11918
31-MAR-2023,"Icon Wealth Partners, LLC",464958
31-MAR-2023,INVESTMENT HOUSE LLC,394307
31-MAR-2023,"INTERNATIONAL ASSETS INVESTMENT MANAGEMENT, LLC",765698
31-MAR-2023,INTACT INVESTMENT MANAGEMENT INC.,26797983
31-MAR-2023,"INSTITUTIONAL & FAMILY ASSET MANAGEMENT, LLC",1438
31-MAR-2023,"IMC-Chicago, LLC",196167939
31-MAR-2023,"IFP Advisors, Inc",624916
31-MAR-2023,"HighTower Advisors, LLC",6423584
31-MAR-2023,"IEQ CAPITAL, LLC",447624
31-MAR-2023,"ICA Group Wealth Management, LLC",497138
31-MAR-2023,"IAG Wealth Partners, LLC",11026
31-MAR-2023,Hudson Bay Capital Management LP,80155680
31-MAR-2023,Horst & Graben Wealth Management LLC,232000
31-MAR-2023,"Horrell Capital Management, Inc.",12
31-MAR-2023,"Horizon Investments, LLC",4410
31-MAR-2023,"Horan Securities, Inc.",383
31-MAR-2023,Holistic Financial Partners,272971
31-MAR-2023,Hillsdale Investment Management Inc.,12316297
31-MAR-2023,"LVW Advisors, LLC",207581
31-MAR-2023,"LYELL WEALTH MANAGEMENT, LP",6067286
31-MAR-2023,La Banque Postale Asset Management SA,1157765
31-MAR-2023,"Mirae Asset Global Investments Co., Ltd.",5141134
31-MAR-2023,New Millennium Group LLC,20614
31-MAR-2023,New England Capital Financial Advisors LLC,144348
31-MAR-2023,Nepsis Inc.,16788828
31-MAR-2023,"Nelson, Van Denburg & Campbell Wealth Management Group, LLC",465305
31-MAR-2023,"Nalls Sherbakoff Group, LLC",1396
31-MAR-2023,"Nadler Financial Group, Inc.",341477
31-MAR-2023,"NZS Capital, LLC",21553632
31-MAR-2023,"NVWM, LLC",77663
31-MAR-2023,"NORTHWEST INVESTMENT COUNSELORS, LLC",44105
31-MAR-2023,NORGES BANK,585887093
31-MAR-2023,NOMURA ASSET MANAGEMENT CO LTD,6019640
31-MAR-2023,NICOLET BANKSHARES INC,309213
31-MAR-2023,NEW YORK STATE COMMON RETIREMENT FUND,80270
31-MAR-2023,NEUBERGER BERMAN GROUP LLC,2397
31-MAR-2023,NATIXIS,404853
31-MAR-2023,"NATIONS FINANCIAL GROUP INC, /IA/ /ADV",203266
31-MAR-2023,"Mutual Advisors, LLC",1298407
31-MAR-2023,Murchinson Ltd.,6328080
31-MAR-2023,"Morton Brown Family Wealth, LLC",1294
31-MAR-2023,"Moors & Cabot, Inc.",390519
31-MAR-2023,"Moloney Securities Asset Management, LLC",1920237
31-MAR-2023,Mn Services Vermogensbeheer B.V.,27141
31-MAR-2023,Mitsubishi UFJ Trust & Banking Corp,70612264
31-MAR-2023,"NewEdge Advisors, LLC",3291064
31-MAR-2023,"NewEdge Wealth, LLC",328725
31-MAR-2023,NewGen Asset Management Ltd,3839035
31-MAR-2023,OLD NATIONAL BANCORP /IN/,469620
31-MAR-2023,"Oder Investment Management, LLC",485105
31-MAR-2023,"Octavia Wealth Advisors, LLC",269902
31-MAR-2023,OXFORD FINANCIAL GROUP LTD,532134
31-MAR-2023,ORG Partners LLC,563474
31-MAR-2023,OPTIMUM INVESTMENT ADVISORS,178097
31-MAR-2023,OPPENHEIMER & CO INC,1698514
31-MAR-2023,ONTARIO TEACHERS PENSION PLAN BOARD,4422684
31-MAR-2023,"ONCE CAPITAL MANAGEMENT, LLC",2349060
31-MAR-2023,OMERS ADMINISTRATION Corp,13260000
31-MAR-2023,OLIVER LAGORE VANVALIN INVESTMENT GROUP,35955
31-MAR-2023,"OBERMEYER WOOD INVESTMENT COUNSEL, LLLP",222921
31-MAR-2023,NewSquare Capital LLC,45112
31-MAR-2023,"O'SHAUGHNESSY ASSET MANAGEMENT, LLC",2130820
31-MAR-2023,"O'Dell Group, LLC",336587
31-MAR-2023,"NorthCrest Asset Manangement, LLC",4907618
31-MAR-2023,North Star Investment Management Corp.,47940
31-MAR-2023,"Nilsine Partners, LLC",677105
31-MAR-2023,"Nikko Asset Management Americas, Inc.",469333335
31-MAR-2023,"Nicholas Investment Partners, LP",365015
31-MAR-2023,"Newport Capital Group, LLC",3001587
31-MAR-2023,Newlands Management Operations LLC,303222897
31-MAR-2023,"Newbridge Financial Services Group, Inc.",1189391
31-MAR-2023,Missouri Trust & Investment Co,2397
31-MAR-2023,"Metis Global Partners, LLC",2553691
31-MAR-2023,Laidlaw Wealth Management LLC,205231
31-MAR-2023,"Merit Financial Group, LLC",398094
31-MAR-2023,"MEANS INVESTMENT CO., INC.",691491
31-MAR-2023,MCF Advisors LLC,88210
31-MAR-2023,"MBM Wealth Consultants, LLC",2
31-MAR-2023,MAVERICK CAPITAL LTD,1975416
31-MAR-2023,MASSMUTUAL TRUST CO FSB/ADV,44728
31-MAR-2023,MASSACHUSETTS FINANCIAL SERVICES CO /MA/,20381307
31-MAR-2023,MAI Capital Management,1206218
31-MAR-2023,MACROVIEW INVESTMENT MANAGEMENT LLC,480
31-MAR-2023,MACQUARIE GROUP LTD,8152000
31-MAR-2023,MACKENZIE FINANCIAL CORP,192442912
31-MAR-2023,M&R CAPITAL MANAGEMENT INC,47940
31-MAR-2023,"M Holdings Securities, Inc.",2649
31-MAR-2023,Lynwood Capital Management Inc.,314444
31-MAR-2023,Lumina Fund Management LLC,479
31-MAR-2023,Liontrust Investment Partners LLP,11604272
31-MAR-2023,"Lindbrook Capital, LLC",381132
31-MAR-2023,"Lido Advisors, LLC",814095
31-MAR-2023,"LexAurum Advisors, LLC",313048
31-MAR-2023,"Legal Advantage Investments, Inc.",1170215
31-MAR-2023,"Legacy Financial Advisors, Inc.",269758
31-MAR-2023,"Lattice Capital Management, LLC",735400
31-MAR-2023,"Latitude Advisors, LLC",252947
31-MAR-2023,Larson Financial Group LLC,371056
31-MAR-2023,MERCER GLOBAL ADVISORS INC /ADV,1874
31-MAR-2023,MGO ONE SEVEN LLC,352071
31-MAR-2023,MILLENNIUM MANAGEMENT LLC,24200
31-MAR-2023,"Marcum Wealth, LLC",354708
31-MAR-2023,"Meridian Wealth Management, LLC",3822640
31-MAR-2023,"Mendota Financial Group, LLC",6760
31-MAR-2023,"McIlrath & Eck, LLC",241186
31-MAR-2023,"McClarren Financial Advisors, Inc.",24
31-MAR-2023,"Maytus Capital Management, LLC",3235950
31-MAR-2023,"Mayflower Financial Advisors, LLC",320862
31-MAR-2023,Masso Torrence Wealth Management Inc.,518951
31-MAR-2023,Mascoma Wealth Management LLC,6299
31-MAR-2023,Maryland State Retirement & Pension System,1531311
31-MAR-2023,"Mariner, LLC",11118
31-MAR-2023,Marcho Partners LLP,46558225
31-MAR-2023,"MISSION WEALTH MANAGEMENT, LP",517752
31-MAR-2023,Manchester Capital Management LLC,452075
31-MAR-2023,"Malaga Cove Capital, LLC",1058276
31-MAR-2023,"Main Street Financial Solutions, LLC",658360
31-MAR-2023,Magellan Asset Management Ltd,161654
31-MAR-2023,"Mach-1 Financial Group, LLC",3882940
31-MAR-2023,MUFG Securities EMEA plc,3048
31-MAR-2023,MOSELEY INVESTMENT MANAGEMENT INC,262519
31-MAR-2023,MONTRUSCO BOLTON INVESTMENTS INC.,2572273
31-MAR-2023,MONTAG A & ASSOCIATES INC,840868
31-MAR-2023,MMBG INVESTMENT ADVISORS CO.,5185670
31-MAR-2023,VANGUARD GROUP INC,2567732844
31-MAR-2023,"VETAMER CAPITAL MANAGEMENT, L.P.",813254
31-MAR-2023,"Grey Fox Wealth Advisors, LLC",479
31-MAR-2023,"Column Capital Advisors, LLC",386013
31-MAR-2023,"Coastal Investment Advisors, Inc.",436398
31-MAR-2023,Clearview Wealth Advisors LLC,4315
31-MAR-2023,"Clearstead Advisors, LLC",210601
31-MAR-2023,"Clearbridge Investments, LLC",59208920
31-MAR-2023,"Clear Creek Financial Management, LLC",214675
31-MAR-2023,Clean Yield Group,14382
31-MAR-2023,"Clay Northam Wealth Management, LLC",213333
31-MAR-2023,Claro Advisors LLC,317555
31-MAR-2023,"Clarity Wealth Advisors, LLC",220284
31-MAR-2023,Clare Market Investments LLC,222442
31-MAR-2023,"Cladis Investment Advisory, LLC",352359
31-MAR-2023,City State Bank,10
31-MAR-2023,"Circle Wealth Management, LLC",224839
31-MAR-2023,"China Universal Asset Management Co., Ltd.",1555961
31-MAR-2023,Chicago Partners Investment Group LLC,2167239
31-MAR-2023,"Cherry Creek Investment Advisors, Inc.",606920
31-MAR-2023,Cetera Investment Advisers,2617268
31-MAR-2023,Cetera Advisors LLC,4500943
31-MAR-2023,Cetera Advisor Networks LLC,5478407
31-MAR-2023,Cerity Partners LLC,5498089
31-MAR-2023,"Centiva Capital, LP",262951
31-MAR-2023,"Castleview Partners, LLC",1678
31-MAR-2023,"Castle Creek Arbitrage, LLC",2207375
31-MAR-2023,Colonial Trust Advisors,2397
31-MAR-2023,Compass Wealth Management LLC,227236
31-MAR-2023,CALIFORNIA STATE TEACHERS RETIREMENT SYSTEM,4274570
31-MAR-2023,Concord Wealth Partners,28764
31-MAR-2023,"DFPG INVESTMENTS, LLC",298187
31-MAR-2023,DF DENT & CO INC,6157222
31-MAR-2023,DAVIS-REA LTD.,349671
31-MAR-2023,DAVENPORT & Co LLC,3646173
31-MAR-2023,D.A. DAVIDSON & CO.,2606498
31-MAR-2023,"Cypress Wealth Services, LLC",655244
31-MAR-2023,Cutler Group LLC / CA,2768
31-MAR-2023,"Crossmark Global Holdings, Inc.",2825
31-MAR-2023,Crewe Advisors LLC,70041
31-MAR-2023,Crestwood Advisors Group LLC,2636460
31-MAR-2023,"Cresset Asset Management, LLC",2874234
31-MAR-2023,"CreativeOne Wealth, LLC",385
31-MAR-2023,Creative Planning,8610356
31-MAR-2023,"Cravens & Co Advisors, LLC",527436
31-MAR-2023,Covestor Ltd,12
31-MAR-2023,"Covenant Asset Management, LLC",5143052
31-MAR-2023,"Coston, McIsaac & Partners",23
31-MAR-2023,Corton Capital Inc.,35955000
31-MAR-2023,"Cornerstone Wealth Management, LLC",486448
31-MAR-2023,"Cornerstone Capital, Inc.",9819694
31-MAR-2023,"Conservest Capital Advisors, Inc.",211895
31-MAR-2023,"Connor, Clark & Lunn Investment Management Ltd.",356025916
31-MAR-2023,"Confluence Wealth Services, Inc.",241618
31-MAR-2023,"CarsonAllaria Wealth Management, Ltd.",57528
31-MAR-2023,"Carnegie Capital Asset Management, LLC",7393355
31-MAR-2023,"Carmichael Hill & Associates, Inc.",183802
31-MAR-2023,"Carmel Capital Partners, LLC",44584
31-MAR-2023,COBBLESTONE CAPITAL ADVISORS LLC /NY/,13526271
31-MAR-2023,CNB Bank,269710
31-MAR-2023,CLARET ASSET MANAGEMENT Corp,1566
31-MAR-2023,CKW FINANCIAL GROUP,58
31-MAR-2023,CIDEL ASSET MANAGEMENT INC,37066440
31-MAR-2023,CIBC WORLD MARKET INC.,304756
31-MAR-2023,CIBC Asset Management Inc,177513848
31-MAR-2023,"CI Private Wealth, LLC",2834549
31-MAR-2023,CI INVESTMENTS INC.,17733
31-MAR-2023,CHURCHILL MANAGEMENT Corp,2253132
31-MAR-2023,"CHOREO, LLC",412763
31-MAR-2023,CHILTON CAPITAL MANAGEMENT LLC,144300
31-MAR-2023,CFM WEALTH PARTNERS LLC,626768
31-MAR-2023,"CERTUITY, LLC",949698
31-MAR-2023,CENTRAL TRUST Co,60597
31-MAR-2023,"CENTAURUS FINANCIAL, INC.",146
31-MAR-2023,"CEERA INVESTMENTS, LLC",413656
31-MAR-2023,CAPTRUST FINANCIAL ADVISORS,1735940
31-MAR-2023,"CAPSTONE WEALTH MANAGEMENT GROUP, LLC",269423
31-MAR-2023,CAPITAL FUND MANAGEMENT S.A.,25058238
31-MAR-2023,CAPITAL ADVISORS INC/OK,397518
31-MAR-2023,CANADA PENSION PLAN INVESTMENT BOARD,275196151
31-MAR-2023,CAMDEN ASSET MANAGEMENT L P /CA,44169750
31-MAR-2023,COMMERCE BANK,314246
31-MAR-2023,"COMMONWEALTH EQUITY SERVICES, LLC",18484
31-MAR-2023,COMMONWEALTH OF PENNSYLVANIA PUBLIC SCHOOL EMPLS RETRMT SYS,6813233
31-MAR-2023,Calamos Wealth Management LLC,762725
31-MAR-2023,"Caption Management, LLC",19434876
31-MAR-2023,"Capstone Triton Financial Group, LLC",1281340
31-MAR-2023,"Caprock Group, LLC",787941
31-MAR-2023,"Capital Investment Advisory Services, LLC",302022
31-MAR-2023,Capital Asset Advisory Services LLC,419235
31-MAR-2023,"Cape Investment Advisory, Inc.",17498
31-MAR-2023,"Canvas Wealth Advisors, LLC",444205
31-MAR-2023,Candriam S.C.A.,8324531
31-MAR-2023,Candlestick Capital Management LP,78485450
31-MAR-2023,"Cambridge Investment Research Advisors, Inc.",11671
31-MAR-2023,Calamos Advisors LLC,13255200
31-MAR-2023,COMPASS FINANCIAL ADVISORS LLC,423742
31-MAR-2023,"CWM, LLC",3308
31-MAR-2023,"CVA Family Office, LLC",42667
31-MAR-2023,"CTF Capital Management, LP",4458420
31-MAR-2023,CTC LLC,164798883
31-MAR-2023,CREATIVE FINANCIAL DESIGNS INC /ADV,470771
31-MAR-2023,"CORRADO ADVISORS, LLC",647190
31-MAR-2023,"CONWAY CAPITAL MANAGEMENT, INC.",589662
31-MAR-2023,"CONTRAVISORY INVESTMENT MANAGEMENT, INC.",23970
31-MAR-2023,CONFLUENCE INVESTMENT MANAGEMENT LLC,436302
31-MAR-2023,"CONCOURSE FINANCIAL GROUP SECURITIES, INC.",255711
31-MAR-2023,DIMENSIONAL FUND ADVISORS LP,16629379
31-MAR-2023,"DMC Group, LLC",407403
31-MAR-2023,"DUALITY ADVISERS, LP",1314994
31-MAR-2023,"FinTrust Capital Advisors, LLC",6595
31-MAR-2023,GAGNON SECURITIES LLC,464298
31-MAR-2023,GABLES CAPITAL MANAGEMENT INC.,874426
31-MAR-2023,Front Row Advisors LLC,6
31-MAR-2023,"Foundations Investment Advisors, LLC",307775
31-MAR-2023,"Forum Financial Management, LP",209115
31-MAR-2023,Fortis Capital Management LLC,207971
31-MAR-2023,"Focused Wealth Management, Inc",173783
31-MAR-2023,"Focus Financial Network, Inc.",16182818
31-MAR-2023,First Trust Direct Indexing L.P.,582279
31-MAR-2023,"First Horizon Advisors, Inc.",164625
31-MAR-2023,"First Heartland Consultants, Inc.",254657
31-MAR-2023,First Growth Investment Manager LP,3015426
31-MAR-2023,"First Command Financial Services, Inc.",235865
31-MAR-2023,First Command Bank,235865
31-MAR-2023,"First Command Advisory Services, Inc.",0
31-MAR-2023,First Bank & Trust,854722
31-MAR-2023,"Financial Synergies Wealth Advisors, Inc.",6233
31-MAR-2023,"Financial Perspectives, Inc",852901
31-MAR-2023,"Financial Management Professionals, Inc.",18
31-MAR-2023,"Financial Gravity Asset Management, Inc.",5622
31-MAR-2023,"Financial Freedom, LLC",1438
31-MAR-2023,"Financial Connections Group, Inc.",11
31-MAR-2023,"Financial Avengers, Inc.",1655129
31-MAR-2023,"GARRISON POINT ADVISORS, LLC",200389
31-MAR-2023,GATEWAY INVESTMENT ADVISERS LLC,6027496
31-MAR-2023,"GHP Investment Advisors, Inc.",12561
31-MAR-2023,GUARDIAN CAPITAL ADVISORS LP,1012359
31-MAR-2023,Gladstone Institutional Advisory LLC,487598
31-MAR-2023,Gifford Fong Associates,3356
31-MAR-2023,Gerber Kawasaki Wealth & Investment Management,1217870
31-MAR-2023,Generali Investments Towarzystwo Funduszy Inwestycyjnych,812742
31-MAR-2023,Geneos Wealth Management Inc.,168269
31-MAR-2023,Gavilan Investment Partners LLC,14581191
31-MAR-2023,"Gateway Advisory, LLC",1122
31-MAR-2023,Garden State Investment Advisory Services LLC,287113
31-MAR-2023,"GUARDIAN WEALTH ADVISORS, LLC / NC",482037
31-MAR-2023,GUARDIAN CAPITAL LP,17475579
31-MAR-2023,"GS Investments, Inc.",20470
31-MAR-2023,"GILL CAPITAL PARTNERS, LLC",289845
31-MAR-2023,"GROUP ONE TRADING, L.P.",59125648
31-MAR-2023,"GRIFFIN ASSET MANAGEMENT, INC.",481797
31-MAR-2023,"GREENLEA LANE CAPITAL MANAGEMENT, LLC",16442941
31-MAR-2023,"GREATMARK INVESTMENT PARTNERS, INC.",1797750
31-MAR-2023,GREAT WEST LIFE ASSURANCE CO /CAN/,37482
31-MAR-2023,"GREAT VALLEY ADVISOR GROUP, INC.",630453
31-MAR-2023,GRAND JEAN CAPITAL MANAGEMENT INC,1464567
31-MAR-2023,"GPS Wealth Strategies Group, LLC",477962
31-MAR-2023,"GM Advisory Group, Inc.",361036
31-MAR-2023,GLUSKIN SHEFF & ASSOC INC,40203524
31-MAR-2023,Financial Advocates Investment Management,2126572
31-MAR-2023,Fiera Capital Corp,384887
31-MAR-2023,DUNCKER STREETT & CO INC,4794
31-MAR-2023,"Farther Finance Advisors, LLC",535970
31-MAR-2023,"Empirical Financial Services, LLC d.b.a. Empirical Wealth Management",364584
31-MAR-2023,Eisler Capital (UK) Ltd.,17278103
31-MAR-2023,"Edgestream Partners, L.P.",281743
31-MAR-2023,Eagle Bay Advisors LLC,2936
31-MAR-2023,"EXCHANGE TRADED CONCEPTS, LLC",436542
31-MAR-2023,EVERMAY WEALTH MANAGEMENT LLC,81498
31-MAR-2023,EVERGREEN CAPITAL MANAGEMENT LLC,46982
31-MAR-2023,EULAV Asset Management,5225460
31-MAR-2023,EQUITABLE TRUST CO,10325030
31-MAR-2023,"EP Wealth Advisors, LLC",573546
31-MAR-2023,ENVESTNET ASSET MANAGEMENT INC,37657439
31-MAR-2023,EMC Capital Management,117
31-MAR-2023,"ELEMENT POINTE ADVISORS, LLC",406675
31-MAR-2023,EDMOND DE ROTHSCHILD HOLDING S.A.,3649587
31-MAR-2023,EARNEST PARTNERS LLC,7191
31-MAR-2023,Dynamic Advisor Solutions LLC,294304
31-MAR-2023,"Diligent Investors, LLC",328005
31-MAR-2023,"Delos Wealth Advisors, LLC",959
31-MAR-2023,DeepCurrents Investment Group LLC,12929180
31-MAR-2023,"DecisionPoint Financial, LLC",35955
31-MAR-2023,David J Yvars Group,2614168
31-MAR-2023,Dakota Community Bank & Trust NA,5082
31-MAR-2023,"DZ BANK AG Deutsche Zentral Genossenschafts Bank, Frankfurt am Main",184782
31-MAR-2023,"Empower Advisory Group, LLC",451482
31-MAR-2023,"Empowered Funds, LLC",486016
31-MAR-2023,"Ensign Peak Advisors, Inc",54012763
31-MAR-2023,FIRST MANHATTAN CO. LLC.,42187
31-MAR-2023,Farmers & Merchants Trust Co of Chambersburg PA,48
31-MAR-2023,"FRED ALGER MANAGEMENT, LLC",28605606
31-MAR-2023,FOSTER DYKEMA CABOT & CO INC/MA,12
31-MAR-2023,FORTE CAPITAL LLC /ADV,220716
31-MAR-2023,FORSTA AP-FONDEN,11132375
31-MAR-2023,FORMULA GROWTH LTD,3116100
31-MAR-2023,"FNY Investment Advisers, LLC",11
31-MAR-2023,"FLAGSHIP HARBOR ADVISORS, LLC",2305673
31-MAR-2023,FIRST TRUST ADVISORS LP,66844085
31-MAR-2023,"FIRST REPUBLIC INVESTMENT MANAGEMENT, INC.",11871047
31-MAR-2023,FIRST FINANCIAL CORP /IN/,1917
31-MAR-2023,"Eqis Capital Management, Inc.",2004973
31-MAR-2023,FINANCIAL COUNSELORS INC,1856
31-MAR-2023,FFT WEALTH MANAGEMENT LLC,244494
31-MAR-2023,"FDx Advisors, Inc.",923
31-MAR-2023,"FAS Wealth Partners, Inc.",644793
31-MAR-2023,"FAIRFIELD, BUSH & CO.",657497
31-MAR-2023,"Evercore Wealth Management, LLC",127089
31-MAR-2023,"EverSource Wealth Advisors, LLC",169947
31-MAR-2023,"Evanson Asset Management, LLC",388914
31-MAR-2023,"Essex Financial Services, Inc.",227236
31-MAR-2023,Erste Asset Management GmbH,1626782
31-MAR-2023,CAMBRIDGE TRUST CO,23970
31-MAR-2023,CAISSE DE DEPOT ET PLACEMENT DU QUEBEC,63678434
31-MAR-2023,"VIAWEALTH, LLC",227716
31-MAR-2023,ALKEON CAPITAL MANAGEMENT LLC,208962723
31-MAR-2023,AGF MANAGEMENT LTD,16449151
31-MAR-2023,AE Wealth Management LLC,11195689
31-MAR-2023,ADVISORY RESEARCH INC,324458
31-MAR-2023,"ADVISOR GROUP HOLDINGS, INC.",2047781
31-MAR-2023,"ADVANCED RESEARCH INVESTMENT SOLUTIONS, LLC",237782
31-MAR-2023,"ADIRONDACK RETIREMENT SPECIALISTS, INC.",6628050
31-MAR-2023,ACORN FINANCIAL ADVISORY SERVICES INC /ADV,2464116
31-MAR-2023,"ACIMA PRIVATE WEALTH, LLC",161462
31-MAR-2023,25 LLC,1932
31-MAR-2023,1832 Asset Management L.P.,55186178
31-MAR-2023,Zweig-DiMenna Associates LLC,459361
31-MAR-2023,Zurcher Kantonalbank (Zurich Cantonalbank),16861169
31-MAR-2023,"Zullo Investment Group, Inc.",507589
31-MAR-2023,"Zions Bancorporation, N.A.",18505
31-MAR-2023,Zhang Financial LLC,285770
31-MAR-2023,Zenyatta Capital Management LP,838950
31-MAR-2023,ZEVENBERGEN CAPITAL INVESTMENTS LLC,101824512
31-MAR-2023,"Yarbrough Capital, LLC",4673191
31-MAR-2023,"YOUSIF CAPITAL MANAGEMENT, LLC",805871
31-MAR-2023,Y.D. More Investments Ltd,23970
31-MAR-2023,Y-Intercept (Hong Kong) Ltd,290804
31-MAR-2023,"X-Square Capital, LLC",587
31-MAR-2023,"Worth Asset Management, LLC",223640
31-MAR-2023,ALERUS FINANCIAL  NA,6710173
31-MAR-2023,AMF Tjanstepension AB,62980498
31-MAR-2023,C M BIDWELL & ASSOCIATES LTD,3835
31-MAR-2023,ARCADIA INVESTMENT MANAGEMENT CORP/MI,427146
31-MAR-2023,Ahrens Investment Partners LLC,6712
31-MAR-2023,Aequim Alternative Investments LP,12597000
31-MAR-2023,"Advisory Services Network, LLC",4455297
31-MAR-2023,Advisory Resource Group,647430
31-MAR-2023,"Advisors Asset Management, Inc.",20635054
31-MAR-2023,"AdvisorNet Financial, Inc",195116
31-MAR-2023,Addenda Capital Inc.,32019300
31-MAR-2023,Activest Wealth Management,24755
31-MAR-2023,Accuvest Global Advisors,280000
31-MAR-2023,Accredited Investors Inc.,333183
31-MAR-2023,Accel Wealth Management,48419
31-MAR-2023,Abound Wealth Management,86292
31-MAR-2023,"Abdiel Capital Advisors, LP",111450337
31-MAR-2023,"Abbot Financial Management, Inc.",328533
31-MAR-2023,"AXXCESS WEALTH MANAGEMENT, LLC",482996
31-MAR-2023,"AXQ CAPITAL, LP",1028601
31-MAR-2023,"AVANTAX ADVISORY SERVICES, INC.",2086780
31-MAR-2023,"ATALANTA SOSNOFF CAPITAL, LLC",4384640
31-MAR-2023,ASHFORD CAPITAL MANAGEMENT INC,225318
31-MAR-2023,"ASB Consultores, LLC",429351
31-MAR-2023,"ARTHUR M. COHEN & ASSOCIATES, LLC",1475114
31-MAR-2023,"ARMSTRONG ADVISORY GROUP, INC",11506
31-MAR-2023,ARK Investment Management LLC,670478821
31-MAR-2023,Winthrop Advisory Group LLC,217866
31-MAR-2023,"White Knight Strategic Wealth Advisors, LLC",210
31-MAR-2023,"Westside Investment Management, Inc.",2340431
31-MAR-2023,"Westmount Partners, LLC",241378
31-MAR-2023,WETHERBY ASSET MANAGEMENT INC,1217341
31-MAR-2023,WELCH & FORBES LLC,1738164
31-MAR-2023,WEDBUSH SECURITIES INC,1439
31-MAR-2023,WEALTH EFFECTS LLC,480119
31-MAR-2023,"WCM INVESTMENT MANAGEMENT, LLC",7871125
31-MAR-2023,WATERSHED PRIVATE WEALTH LLC,628014
31-MAR-2023,WASHINGTON TRUST Co,2399
31-MAR-2023,"WASHBURN CAPITAL MANAGEMENT, INC.",561138
31-MAR-2023,WADE G W & INC,7914
31-MAR-2023,"VitalStone Financial, LLC",14
31-MAR-2023,"Vise Technologies, Inc.",211991
31-MAR-2023,"Virtue Capital Management, LLC",345851
31-MAR-2023,"Vident Investment Advisory, LLC",92424
31-MAR-2023,"Vestmark Advisory Solutions, Inc.",302933
31-MAR-2023,"Versant Capital Management, Inc",2013
31-MAR-2023,Verition Fund Management LLC,4420000
31-MAR-2023,"Venturi Wealth Management, LLC",223305
31-MAR-2023,Venture Visionary Partners LLC,1883083
31-MAR-2023,Venator Capital Management Ltd.,881781
31-MAR-2023,"Vanguard Personalized Indexing Management, LLC",930803
31-MAR-2023,Vanguard Capital Wealth Advisors,316404
31-MAR-2023,"Valmark Advisers, Inc.",333087
31-MAR-2023,"Valeo Financial Advisors, LLC",1428429
31-MAR-2023,WHITTIER TRUST CO,227714
31-MAR-2023,WHITTIER TRUST CO OF NEVADA INC,59958
31-MAR-2023,WILBANKS SMITH & THOMAS ASSET MANAGEMENT LLC,293611
31-MAR-2023,Walleye Trading LLC,114653304
31-MAR-2023,"West Family Investments, Inc.",247946
31-MAR-2023,"Wellington Shields Capital Management, LLC",1773780
31-MAR-2023,"Wellington Shields & Co., LLC",1711937
31-MAR-2023,Weiss Multi-Strategy Advisers LLC,1438
31-MAR-2023,"Weinberger Asset Management, Inc",958800
31-MAR-2023,Wealthcare Advisory Partners LLC,208251
31-MAR-2023,"WealthPLAN Partners, LLC",124165
31-MAR-2023,"Wealth Management Partners, LLC",578971
31-MAR-2023,"Wealth Architects, LLC",465018
31-MAR-2023,Waypoint Wealth Partners Inc.,342771
31-MAR-2023,Walleye Capital LLC,3216774
31-MAR-2023,"WILLIAM BLAIR INVESTMENT MANAGEMENT, LLC",5291330
31-MAR-2023,Wahed Invest LLC,1343163
31-MAR-2023,"WR Wealth Planners, LLC",7431
31-MAR-2023,"WP Advisors, LLC",1293038
31-MAR-2023,"WORLD EQUITY GROUP, INC.",1859175
31-MAR-2023,WOODSTOCK CORP,565213
31-MAR-2023,WOODARD & CO ASSET MANAGEMENT GROUP INC /ADV,384479
31-MAR-2023,WOLFF WIESE MAGANA LLC,40749
31-MAR-2023,"WMS Partners, LLC",316884
31-MAR-2023,"WMG Financial Advisors, LLC",1013931
31-MAR-2023,WINTON GROUP Ltd,600065
31-MAR-2023,"Alan B. Lancz & Associates, Inc.",280929
31-MAR-2023,Alberta Investment Management Corp,86609325
31-MAR-2023,"Alliance Wealth Advisors, LLC /UT",200869
31-MAR-2023,"BLUE BELL PRIVATE WEALTH MANAGEMENT, LLC",36195
31-MAR-2023,"Bay Colony Advisory Group, Inc d/b/a Bay Colony Advisors",221992
31-MAR-2023,Barton Investment Management,100899031
31-MAR-2023,Bartlett & Co. LLC,72
31-MAR-2023,Banque Cantonale Vaudoise,11
31-MAR-2023,Bank of New Hampshire,62322
31-MAR-2023,"Bank Julius Baer & Co. Ltd, Zurich",77
31-MAR-2023,Bangor Savings Bank,7191
31-MAR-2023,"Banco Santander, S.A.",445554
31-MAR-2023,Balyasny Asset Management L.P.,9867826
31-MAR-2023,"Baldwin Investment Management, LLC",442103
31-MAR-2023,Baldrige Asset Management LLC,23
31-MAR-2023,"Baker Avenue Asset Management, LP",862920
31-MAR-2023,Baader Bank Aktiengesellschaft,599250
31-MAR-2023,"BUCKINGHAM STRATEGIC WEALTH, LLC",276187
31-MAR-2023,"BROWN, LISLE/CUMMINGS, INC.",273258
31-MAR-2023,BROWN CAPITAL MANAGEMENT LLC,29356586
31-MAR-2023,BROWN BROTHERS HARRIMAN & CO,151874
31-MAR-2023,BROWN ADVISORY INC,17258
31-MAR-2023,BRITISH COLUMBIA INVESTMENT MANAGEMENT Corp,116849468
31-MAR-2023,BRIGHTON JONES LLC,1737874
31-MAR-2023,BOYD WATTERSON ASSET MANAGEMENT LLC/OH,1262164
31-MAR-2023,BOURGEON CAPITAL MANAGEMENT LLC,35955
31-MAR-2023,"BOKF, NA",865940
31-MAR-2023,Baystate Wealth Management LLC,11697
31-MAR-2023,"Beacon Capital Management, LLC",89264
31-MAR-2023,"Beacon Pointe Advisors, LLC",899260
31-MAR-2023,"Blueshift Asset Management, LLC",2481183
31-MAR-2023,Brown Shipley& Co Ltd,17120
31-MAR-2023,Brookstone Capital Management,383419
31-MAR-2023,"Bristlecone Advisors, LLC",1173140
31-MAR-2023,"Bridgewater Associates, LP",6790318
31-MAR-2023,"Bridgefront Capital, LLC",202067
31-MAR-2023,Brainard Capital Management LLC,426665
31-MAR-2023,"Bouvel Investment Partners, LLC",786911
31-MAR-2023,Bordeaux Wealth Advisors LLC,383520
31-MAR-2023,"Bogart Wealth, LLC",3916986
31-MAR-2023,"Blume Capital Management, Inc.",768
31-MAR-2023,Blueprint Investment Partners LLC,307247
31-MAR-2023,"Bell Investment Advisors, Inc",5130
31-MAR-2023,"BlueMar Capital Management, LLC",1720519
31-MAR-2023,"Blue Zone Wealth Advisors, LLC",218127
31-MAR-2023,"Bleakley Financial Group, LLC",327574
31-MAR-2023,BlackRock Inc.,149949176
31-MAR-2023,"Biondo Investment Advisors, LLC",1471710
31-MAR-2023,"Beverly Hills Private Wealth, LLC",413530
31-MAR-2023,"BerganKDV Wealth Management, LLC",19176
31-MAR-2023,Belpointe Asset Management LLC,352646
31-MAR-2023,"Bellwether Advisors, LLC",335
31-MAR-2023,Bellecapital International Ltd.,2059071
31-MAR-2023,"BNP PARIBAS ARBITRAGE, SNC",1080616
31-MAR-2023,"BLB&B Advisors, LLC",339655
31-MAR-2023,Allworth Financial LP,486735
31-MAR-2023,BLAIR WILLIAM & CO/IL,16770227
31-MAR-2023,Artisan Partners Limited Partnership,119895159
31-MAR-2023,"Arthedge Capital Management, LLC",9012720
31-MAR-2023,Artemis Investment Management LLP,553081
31-MAR-2023,Arlington Partners LLC,6040
31-MAR-2023,Arkadios Wealth Advisors,642300
31-MAR-2023,"Arete Wealth Advisors, LLC",585197585
31-MAR-2023,Ardmore Road Asset Management LP,52734
31-MAR-2023,Archer Investment Corp,4315
31-MAR-2023,Aquatic Capital Management LLC,6429
31-MAR-2023,"Aptus Capital Advisors, LLC",507972
31-MAR-2023,"Apollon Wealth Management, LLC",5276612
31-MAR-2023,"Apexium Financial, LP",1236373
31-MAR-2023,"Annapolis Financial Services, LLC",24162
31-MAR-2023,Andar Capital Management HK Ltd,2109360
31-MAR-2023,"Ancora Advisors, LLC",627494
31-MAR-2023,"Anchor Investment Management, LLC",223257
31-MAR-2023,"Ameritas Advisory Services, LLC",904034
31-MAR-2023,"American Money Management, LLC",214771
31-MAR-2023,"Ambassador Advisors, LLC",69757
31-MAR-2023,"Alterity Financial Group, LLC",366741
31-MAR-2023,Alta Wealth Advisors LLC,916998
31-MAR-2023,"Alta Park Capital, LP",32821210
31-MAR-2023,"AlphaMark Advisors, LLC",6
31-MAR-2023,"Ashe Capital Management, LP",152075028
31-MAR-2023,Assenagon Asset Management S.A.,2529679
31-MAR-2023,"Asset Dedication, LLC",100
31-MAR-2023,BALDWIN BROTHERS LLC/MA,14382
31-MAR-2023,BIT Capital GmbH,24467138
31-MAR-2023,BERKSHIRE CAPITAL HOLDINGS INC,7765801
31-MAR-2023,"BEACON INVESTMENT ADVISORY SERVICES, INC.",299146
31-MAR-2023,"BDO Wealth Advisors, LLC",23970
31-MAR-2023,"BBR PARTNERS, LLC",370960
31-MAR-2023,"BASSO CAPITAL MANAGEMENT, L.P.",360390
31-MAR-2023,BARTLETT & CO. WEALTH MANAGEMENT LLC,71910
31-MAR-2023,"BARRETT & COMPANY, INC.",14382
31-MAR-2023,BARCLAYS PLC,410165
31-MAR-2023,BANK OF NOVA SCOTIA,67841231
31-MAR-2023,"BAKER TILLY WEALTH MANAGEMENT, LLC",1955425
31-MAR-2023,AtonRa Partners,847963
31-MAR-2023,BAILLIE GIFFORD & CO,608551175
31-MAR-2023,"B.O.S.S. Retirement Advisors, LLC",1557140
31-MAR-2023,"B. Riley Wealth Advisors, Inc.",1841626
31-MAR-2023,B & T Capital Management DBA Alpha Capital Management,2325293
31-MAR-2023,Avitas Wealth Management LLC,1076205
31-MAR-2023,Avion Wealth,46
31-MAR-2023,"Avestar Capital, LLC",402696
31-MAR-2023,"Ausdal Financial Partners, Inc.",256623
31-MAR-2023,Aubrey Capital Management Ltd,2636825
31-MAR-2023,"Atria Investments, Inc",3819332
31-MAR-2023,"Grey Street Capital, LLC",249918
31-MAR-2023,"Jarislowsky, Fraser Ltd",494066
31-MAR-2023,"Great Diamond Partners, LLC",304083
31-MAR-2023,Global Wealth Strategies & Associates,11985
31-MAR-2023,"Granite Bay Wealth Management, LLC",789
31-MAR-2023,"Gleason Group, Inc.",95880
31-MAR-2023,"Global Financial Private Client, LLC",128927
31-MAR-2023,"Global Retirement Partners, LLC",412266
31-MAR-2023,"Global Wealth Management Investment Advisory, Inc.",891396
31-MAR-2023,Glassman Wealth Services,44584
31-MAR-2023,GoalVest Advisory LLC,31017
31-MAR-2023,Gradient Investments LLC,36434
31-MAR-2023,Grandview Asset Management LLC,565
31-MAR-2023,"Good Life Advisors, LLC",1012639
31-MAR-2023,"Gould Capital, LLC",5993
31-MAR-2023,Gordian Capital Singapore Pte Ltd,1
31-DEC-2022,"Empirical Financial Services, LLC d.b.a. Empirical Wealth Management",252862
31-DEC-2022,FAS Wealth Partners,461747
31-DEC-2022,FARMERS TRUST CO,255
31-DEC-2022,"FAIRFIELD, BUSH & CO.",461643
31-DEC-2022,"Evolution Wealth Advisors, LLC",735193
31-DEC-2022,"EverSource Wealth Advisors, LLC",121867
31-DEC-2022,Erste Asset Management GmbH,1227989
31-DEC-2022,"Eqis Capital Management, Inc.",1798333
31-DEC-2022,"Ensign Peak Advisors, Inc",54484932
31-DEC-2022,Engineers Gate Manager LP,5503517
31-DEC-2022,"Elwood & Goetz Wealth Advisory Group, LLC",13606
31-DEC-2022,EMC Capital Management,87
31-DEC-2022,Eisler Capital (US) LLC,14542740
31-DEC-2022,"FDx Advisors, Inc.",923
31-DEC-2022,"EXCHANGE TRADED CONCEPTS, LLC",308012
31-DEC-2022,EVERMAY WEALTH MANAGEMENT LLC,27768
31-DEC-2022,EVERGREEN CAPITAL MANAGEMENT LLC,58313
31-DEC-2022,EULAV Asset Management,3505710
31-DEC-2022,"EQUITEC PROPRIETARY MARKETS, LLC",204789
31-DEC-2022,EQUITABLE TRUST CO,8005341
31-DEC-2022,"EP Wealth Advisors, LLC",266393
31-DEC-2022,ENVESTNET ASSET MANAGEMENT INC,27273899
31-DEC-2022,Eagle Bay Advisors LLC,1736
31-DEC-2022,FIRST FINANCIAL CORP /IN/,1388
31-DEC-2022,FINANCIAL COUNSELORS INC,1342
31-DEC-2022,ZEVENBERGEN CAPITAL INVESTMENTS LLC,91486813
31-DEC-2022,"Wellington Shields Capital Management, LLC",1325922
31-DEC-2022,"West Family Investments, Inc.",205171
31-DEC-2022,"Westside Investment Management, Inc.",354553
31-DEC-2022,"Worth Asset Management, LLC",108990
31-DEC-2022,"X-Square Capital, LLC",532
31-DEC-2022,XR Securities LLC,1785252
31-DEC-2022,Y.D. More Investments Ltd,101474
31-DEC-2022,"YOUSIF CAPITAL MANAGEMENT, LLC",1445324
31-DEC-2022,"Yarbrough Capital, LLC",3383531
31-DEC-2022,"ZEKE CAPITAL ADVISORS, LLC",5901
31-DEC-2022,"Zions Bancorporation, N.A.",13919
31-DEC-2022,EDMOND DE ROTHSCHILD HOLDING S.A.,3497955
31-DEC-2022,"Zullo Investment Group, Inc.",316555
31-DEC-2022,Zurcher Kantonalbank (Zurich Cantonalbank),11799352
31-DEC-2022,Zweig-DiMenna Associates LLC,1377987
31-DEC-2022,FORSTA AP-FONDEN,9433572
31-DEC-2022,FORMULA GROWTH LTD,5206500
31-DEC-2022,"FNY Investment Advisers, LLC",166
31-DEC-2022,"FLAGSHIP HARBOR ADVISORS, LLC",1694612
31-DEC-2022,FIRST TRUST ADVISORS LP,50252073
31-DEC-2022,"FIRST REPUBLIC INVESTMENT MANAGEMENT, INC.",14973547
31-DEC-2022,FIRST MANHATTAN CO,37278
31-DEC-2022,"ELEMENT POINTE ADVISORS, LLC",294445
31-DEC-2022,Dynamic Technology Lab Private Ltd,421
31-DEC-2022,EARNEST PARTNERS LLC,7052
31-DEC-2022,Core Wealth Partners LLC,350428
31-DEC-2022,"CreativeOne Wealth, LLC",448
31-DEC-2022,Creative Planning,6494582
31-DEC-2022,"Cravens & Co Advisors, LLC",376846
31-DEC-2022,Covestor Ltd,256
31-DEC-2022,"Covenant Asset Management, LLC",4635139
31-DEC-2022,"Coston, McIsaac & Partners",17
31-DEC-2022,Corton Capital Inc.,26032500
31-DEC-2022,Cornerstone Planning Group LLC,1142
31-DEC-2022,"Cornerstone Capital, Inc.",6720030
31-DEC-2022,"CoreCap Advisors, LLC",35821
31-DEC-2022,"Connor, Clark & Lunn Investment Management Ltd.",211276505
31-DEC-2022,Crestwood Advisors Group LLC,1968057
31-DEC-2022,Concord Wealth Partners,20826
31-DEC-2022,Compass Wealth Management LLC,149947
31-DEC-2022,"Column Capital Advisors, LLC",277749
31-DEC-2022,"Coastal Investment Advisors, Inc.",330335
31-DEC-2022,Clearview Wealth Advisors LLC,4859
31-DEC-2022,"Clearstead Advisors, LLC",214508
31-DEC-2022,"Clearbridge Investments, LLC",23255006
31-DEC-2022,Clean Yield Group,10413
31-DEC-2022,Claro Advisors LLC,473722
31-DEC-2022,"Cladis Investment Advisory, LLC",320346
31-DEC-2022,"Cresset Asset Management, LLC",1876528
31-DEC-2022,Crewe Advisors LLC,55953
31-DEC-2022,Weiss Multi-Strategy Advisers LLC,2610
31-DEC-2022,DUNCKER STREETT & CO INC,3471
31-DEC-2022,Dynamic Advisor Solutions LLC,709091
31-DEC-2022,"Domani Wealth, LLC",417000
31-DEC-2022,"Diligent Investors, LLC",240610
31-DEC-2022,"Destiny Wealth Partners, LLC",16314
31-DEC-2022,"Delos Wealth Advisors, LLC",8330
31-DEC-2022,DeepCurrents Investment Group LLC,12561844
31-DEC-2022,"DecisionPoint Financial, LLC",26033
31-DEC-2022,Davidson Kempner Capital Management LP,1978
31-DEC-2022,Dakota Community Bank & Trust NA,4
31-DEC-2022,"DZ BANK AG Deutsche Zentral Genossenschafts Bank, Frankfurt am Main",71562
31-DEC-2022,"DUALITY ADVISERS, LP",2190618
31-DEC-2022,"Cribstone Capital Management, LLC",52065
31-DEC-2022,"DMG Group, LLC",240
31-DEC-2022,DIMENSIONAL FUND ADVISORS LP,11025
31-DEC-2022,"DFPG INVESTMENTS, LLC",312327
31-DEC-2022,DF DENT & CO INC,8977394
31-DEC-2022,DAVIS-REA LTD.,252
31-DEC-2022,DAVENPORT & Co LLC,2384000
31-DEC-2022,D.A. DAVIDSON & CO.,1775833
31-DEC-2022,"Cypress Wealth Services, LLC",481358
31-DEC-2022,Cutler Group LLC / CA,2803
31-DEC-2022,"Crossmark Global Holdings, Inc.",2025
31-DEC-2022,"Wellington Shields & Co., LLC",1059002
31-DEC-2022,Waypoint Wealth Partners Inc.,248176
31-DEC-2022,"Weinberger Asset Management, Inc",694200
31-DEC-2022,"GHP Investment Advisors, Inc.",9094
31-DEC-2022,"GROUP ONE TRADING, L.P.",102651771
31-DEC-2022,"GRIFFIN ASSET MANAGEMENT, INC.",348940
31-DEC-2022,"GREENLEA LANE CAPITAL MANAGEMENT, LLC",15541055
31-DEC-2022,GREAT WEST LIFE ASSURANCE CO /CAN/,35445
31-DEC-2022,"GREAT VALLEY ADVISOR GROUP, INC.",432364
31-DEC-2022,GRAND JEAN CAPITAL MANAGEMENT INC,1066638
31-DEC-2022,"GODSEY & GIBB, INC",24297
31-DEC-2022,"GM Advisory Group, Inc.",254459
31-DEC-2022,GLUSKIN SHEFF & ASSOC INC,32035510
31-DEC-2022,"GILL CAPITAL PARTNERS, LLC",202915
31-DEC-2022,GATEWAY INVESTMENT ADVISERS LLC,2680167
31-DEC-2022,GUARDIAN CAPITAL ADVISORS LP,856072
31-DEC-2022,GAGNON SECURITIES LLC,275701
31-DEC-2022,GABLES CAPITAL MANAGEMENT INC.,633112
31-DEC-2022,"Full Sail Capital, LLC",555360
31-DEC-2022,Front Row Advisors LLC,1
31-DEC-2022,"Foundations Investment Advisors, LLC",269350
31-DEC-2022,"Forum Financial Management, LP",224921
31-DEC-2022,Fortune 45 LLC,231169
31-DEC-2022,"Focused Wealth Management, Inc",79316
31-DEC-2022,"Focus Financial Network, Inc.",9601931
31-DEC-2022,"First Horizon Advisors, Inc.",110863
31-DEC-2022,"GS Investments, Inc.",14821
31-DEC-2022,GUARDIAN CAPITAL LP,12886905
31-DEC-2022,"Wealth Architects, LLC",336340
31-DEC-2022,Global Wealth Strategies & Associates,8678
31-DEC-2022,"Great Diamond Partners, LLC",222769
31-DEC-2022,"Granite Point Capital Management, L.P.",312390
31-DEC-2022,"Granite Bay Wealth Management, LLC",563
31-DEC-2022,Grandview Asset Management LLC,470
31-DEC-2022,Gradient Investments LLC,26380
31-DEC-2022,"Gould Capital, LLC",3818
31-DEC-2022,"Gotham Asset Management, LLC",1016482
31-DEC-2022,Gordian Capital Singapore Pte Ltd,1
31-DEC-2022,"Good Life Advisors, LLC",723009
31-DEC-2022,GoalVest Advisory LLC,20132
31-DEC-2022,"Global Wealth Management Investment Advisory, Inc.",665842
31-DEC-2022,"GUARDIAN WEALTH ADVISORS, LLC / NC",275945
31-DEC-2022,"Global Retirement Partners, LLC",286288
31-DEC-2022,"Global Financial Private Client, LLC",93856
31-DEC-2022,"Glen Eagle Advisors, LLC",902
31-DEC-2022,"Gleason Group, Inc.",69420
31-DEC-2022,Glassman Wealth Services,65255
31-DEC-2022,Gifford Fong Associates,2430
31-DEC-2022,Gerber Kawasaki Wealth & Investment Management,573444
31-DEC-2022,Generali Investments Towarzystwo Funduszy Inwestycyjnych,381636
31-DEC-2022,Geneos Wealth Management Inc.,140576
31-DEC-2022,Gavilan Investment Partners LLC,7108608
31-DEC-2022,First Growth Investment Manager LP,1856985
31-DEC-2022,"First Command Financial Services, Inc.",171
31-DEC-2022,First Command Bank,171
31-DEC-2022,"WMG Financial Advisors, LLC",702879
31-DEC-2022,"WCM INVESTMENT MANAGEMENT, LLC",5821978
31-DEC-2022,WEALTH EFFECTS LLC,343282
31-DEC-2022,WEDBUSH SECURITIES INC,1003
31-DEC-2022,WELCH & FORBES LLC,782369
31-DEC-2022,WETHERBY ASSET MANAGEMENT INC,841718
31-DEC-2022,WEXFORD CAPITAL LP,247829
31-DEC-2022,WHITTIER TRUST CO,135191
31-DEC-2022,WHITTIER TRUST CO OF NEVADA INC,69504
31-DEC-2022,WILBANKS SMITH & THOMAS ASSET MANAGEMENT LLC,209336
31-DEC-2022,WINTON GROUP Ltd,285733
31-DEC-2022,"WMS Partners, LLC",231863
31-DEC-2022,First Bank & Trust,442
31-DEC-2022,WOLFF WIESE MAGANA LLC,26032
31-DEC-2022,WOODARD & CO ASSET MANAGEMENT GROUP INC /ADV,280110
31-DEC-2022,WOODSTOCK CORP,409231
31-DEC-2022,"WORLD EQUITY GROUP, INC.",247621
31-DEC-2022,"WP Advisors, LLC",936198
31-DEC-2022,"WR Wealth Planners, LLC",1388
31-DEC-2022,Wahed Invest LLC,851658
31-DEC-2022,Walleye Capital LLC,5011326
31-DEC-2022,Walleye Trading LLC,65945529
31-DEC-2022,Cipher Capital LP,778997
31-DEC-2022,WATERSHED PRIVATE WEALTH LLC,454701
31-DEC-2022,WASHINGTON TRUST Co,1738
31-DEC-2022,"WASHBURN CAPITAL MANAGEMENT, INC.",354042
31-DEC-2022,"VitalStone Financial, LLC",5000
31-DEC-2022,"Financial Synergies Wealth Advisors, Inc.",4513
31-DEC-2022,"Financial Perspectives, Inc",588022
31-DEC-2022,"Financial Management Professionals, Inc.",14
31-DEC-2022,"Financial Gravity Asset Management, Inc.",16951
31-DEC-2022,"Financial Freedom, LLC",8678
31-DEC-2022,"Financial Avengers, Inc.",1173719
31-DEC-2022,Financial Advocates Investment Management,1639249
31-DEC-2022,"FinTrust Capital Advisors, LLC",6595
31-DEC-2022,Fiera Capital Corp,286646
31-DEC-2022,Fiduciary Alliance LLC,13190
31-DEC-2022,"Farther Finance Advisors, LLC",59701
31-DEC-2022,Farmers & Merchants Trust Co of Chambersburg PA,35
31-DEC-2022,"Fairbanks Capital Management, Inc.",242970
31-DEC-2022,"FREEDOM WEALTH ALLIANCE, LLC",347
31-DEC-2022,"FRED ALGER MANAGEMENT, LLC",20263073
31-DEC-2022,"FOX RUN MANAGEMENT, L.L.C.",295382
31-DEC-2022,Veriti Management LLC,461608
31-DEC-2022,Verition Fund Management LLC,1407976
31-DEC-2022,"Vestmark Advisory Solutions, Inc.",228565
31-DEC-2022,Vigilare Wealth Management,386669
31-DEC-2022,"Virtue Capital Management, LLC",275129
31-DEC-2022,City State Bank,7
31-DEC-2022,"China Universal Asset Management Co., Ltd.",709661
31-DEC-2022,Cinctive Capital Management LP,832415
31-DEC-2022,Assenagon Asset Management S.A.,97873
31-DEC-2022,"B. Riley Wealth Advisors, Inc.",3090282
31-DEC-2022,B & T Capital Management DBA Alpha Capital Management,2325292
31-DEC-2022,Azora Capital LP,11417056
31-DEC-2022,Avitas Wealth Management LLC,785834
31-DEC-2022,Avion Wealth,35
31-DEC-2022,"Avestar Capital, LLC",293300
31-DEC-2022,"Ausdal Financial Partners, Inc.",258451
31-DEC-2022,"Atria Investments, Inc",2315643
31-DEC-2022,AtonRa Partners,771013
31-DEC-2022,"Asset Dedication, LLC",75
31-DEC-2022,"Ashe Capital Management, LP",110106888
31-DEC-2022,BAILLIE GIFFORD & CO,444502104
31-DEC-2022,Artisan Partners Limited Partnership,73025119
31-DEC-2022,"Arthedge Capital Management, LLC",6525480
31-DEC-2022,Artemis Investment Management LLP,830556
31-DEC-2022,Arlington Partners LLC,4377
31-DEC-2022,Arkadios Wealth Advisors,514715
31-DEC-2022,"Arete Wealth Advisors, LLC",333072330
31-DEC-2022,Ardmore Road Asset Management LP,12148500
31-DEC-2022,Archer Investment Corp,17356
31-DEC-2022,Aquatic Capital Management LLC,3747
31-DEC-2022,"Aptus Capital Advisors, LLC",313848
31-DEC-2022,"B.O.S.S. Retirement Advisors, LLC",1109644
31-DEC-2022,"BAKER TILLY WEALTH MANAGEMENT, LLC",1234600
31-DEC-2022,"Apexium Financial, LP",895171
31-DEC-2022,"BLB&B Advisors, LLC",216938
31-DEC-2022,BROWN CAPITAL MANAGEMENT LLC,22433038
31-DEC-2022,BROWN BROTHERS HARRIMAN & CO,107601
31-DEC-2022,BROWN ADVISORY INC,12496
31-DEC-2022,BRITISH COLUMBIA INVESTMENT MANAGEMENT Corp,80421803
31-DEC-2022,BRIGHTON JONES LLC,1086771
31-DEC-2022,BOYD WATTERSON ASSET MANAGEMENT LLC/OH,845674
31-DEC-2022,BOURGEON CAPITAL MANAGEMENT LLC,26032
31-DEC-2022,"BOKF, NA",261643
31-DEC-2022,"BLUEFIN CAPITAL MANAGEMENT, LLC",155792
31-DEC-2022,"BLUE BELL PRIVATE WEALTH MANAGEMENT, LLC",11628
31-DEC-2022,BLAIR WILLIAM & CO/IL,12223821
31-DEC-2022,BALDWIN BROTHERS LLC/MA,10413
31-DEC-2022,BIT Capital GmbH,21933908
31-DEC-2022,BERKSHIRE CAPITAL HOLDINGS INC,7492501
31-DEC-2022,"BEACON INVESTMENT ADVISORY SERVICES, INC.",242796
31-DEC-2022,"BDO Wealth Advisors, LLC",36098
31-DEC-2022,"BBR PARTNERS, LLC",215376
31-DEC-2022,"BASSO CAPITAL MANAGEMENT, L.P.",350038
31-DEC-2022,BARTLETT & CO. WEALTH MANAGEMENT LLC,52065
31-DEC-2022,"BARRETT & COMPANY, INC.",10413
31-DEC-2022,BARCLAYS PLC,399333
31-DEC-2022,BANK OF NOVA SCOTIA,44775000
31-DEC-2022,"Apollon Wealth Management, LLC",3889950
31-DEC-2022,"Annapolis Financial Services, LLC",17494
31-DEC-2022,"BUCKINGHAM STRATEGIC WEALTH, LLC",276187
31-DEC-2022,ARCADIA INVESTMENT MANAGEMENT CORP/MI,309266
31-DEC-2022,"AVANTAX ADVISORY SERVICES, INC.",1437688
31-DEC-2022,"ATTICUS WEALTH MANAGEMENT, LLC",347
31-DEC-2022,ATMOS CAPITAL GESTAO DE RECURSOS LTDA.,3833407
31-DEC-2022,"ATALANTA SOSNOFF CAPITAL, LLC",19823228
31-DEC-2022,"ASB Consultores, LLC",256542
31-DEC-2022,"ARTHUR M. COHEN & ASSOCIATES, LLC",1051713
31-DEC-2022,"ARMSTRONG ADVISORY GROUP, INC",13190
31-DEC-2022,"ARMISTICE CAPITAL, LLC",8885760
31-DEC-2022,ARK Investment Management LLC,460917665
31-DEC-2022,ARDSLEY ADVISORY PARTNERS LP,539741
31-DEC-2022,AMF Tjanstepension AB,57332493
31-DEC-2022,"Abbot Financial Management, Inc.",237868
31-DEC-2022,ALKEON CAPITAL MANAGEMENT LLC,162936187
31-DEC-2022,ALERUS FINANCIAL  NA,5226664
31-DEC-2022,AGF MANAGEMENT LTD,9581500
31-DEC-2022,AEGON ASSET MANAGEMENT UK Plc,25050
31-DEC-2022,AE Wealth Management LLC,8170333
31-DEC-2022,"ADVISOR GROUP HOLDINGS, INC.",1499559
31-DEC-2022,ADVENT CAPITAL MANAGEMENT /DE/,6383089
31-DEC-2022,"ADIRONDACK RETIREMENT SPECIALISTS, INC.",6003234
31-DEC-2022,ACORN FINANCIAL ADVISORY SERVICES INC /ADV,1178474
31-DEC-2022,1832 Asset Management L.P.,12433087
31-DEC-2022,"AXXCESS WEALTH MANAGEMENT, LLC",586404
31-DEC-2022,"Abdiel Capital Advisors, LP",163963
31-DEC-2022,Andar Capital Management HK Ltd,1561950
31-DEC-2022,Alberta Investment Management Corp,23651853
31-DEC-2022,"Ancora Advisors, LLC",462
31-DEC-2022,"Anchor Investment Management, LLC",161644
31-DEC-2022,"Ameritas Advisory Services, LLC",682919
31-DEC-2022,"Ambassador Advisors, LLC",68691
31-DEC-2022,"Alterity Financial Group, LLC",260325
31-DEC-2022,Alta Wealth Advisors LLC,658032
31-DEC-2022,"Alta Park Capital, LP",31753576
31-DEC-2022,"AlphaMark Advisors, LLC",4
31-DEC-2022,Allworth Financial LP,331203
31-DEC-2022,"All Terrain Financial Advisors, LLC",202706
31-DEC-2022,"Alan B. Lancz & Associates, Inc.",227507
31-DEC-2022,Abound Wealth Management,62478
31-DEC-2022,Aequim Alternative Investments LP,10519688
31-DEC-2022,"Advisory Services Network, LLC",3006610
31-DEC-2022,"Advisors Asset Management, Inc.",15447824
31-DEC-2022,"AdvisorNet Financial, Inc",146823
31-DEC-2022,Addenda Capital Inc.,23730180
31-DEC-2022,Activest Wealth Management,584752
31-DEC-2022,Accuvest Global Advisors,406000
31-DEC-2022,"Accurate Wealth Management, LLC",135598
31-DEC-2022,Accredited Investors Inc.,225962
31-DEC-2022,Accel Wealth Management,35057
31-DEC-2022,"BROWN, LISLE/CUMMINGS, INC.",197847
31-DEC-2022,Baader Bank Aktiengesellschaft,608985
31-DEC-2022,Greytown Advisors Inc.,593437
31-DEC-2022,"COMMONWEALTH EQUITY SERVICES, LLC",13351
31-DEC-2022,"CVA Family Office, LLC",30892
31-DEC-2022,"CTF Capital Management, LP",3228030
31-DEC-2022,CTC LLC,278880
31-DEC-2022,CREATIVE FINANCIAL DESIGNS INC /ADV,345712
31-DEC-2022,"CORRADO ADVISORS, LLC",468585
31-DEC-2022,"CONWAY CAPITAL MANAGEMENT, INC.",351439
31-DEC-2022,CONFLUENCE INVESTMENT MANAGEMENT LLC,311
31-DEC-2022,"CONCOURSE FINANCIAL GROUP SECURITIES, INC.",192709
31-DEC-2022,COMPASS FINANCIAL ADVISORS LLC,241859
31-DEC-2022,COMMONWEALTH OF PENNSYLVANIA PUBLIC SCHOOL EMPLS RETRMT SYS,4933
31-DEC-2022,COMMERCE BANK,129294
31-DEC-2022,Calamos Advisors LLC,12783900
31-DEC-2022,"COMERICA SECURITIES,INC.",87844
31-DEC-2022,COMERICA BANK,1879
31-DEC-2022,COBBLESTONE CAPITAL ADVISORS LLC /NY/,9842715
31-DEC-2022,CNB Bank,197361
31-DEC-2022,CLEAR STREET MARKETS LLC,349
31-DEC-2022,CLEAR STREET LLC,23602
31-DEC-2022,CLARET ASSET MANAGEMENT Corp,1134
31-DEC-2022,CKW FINANCIAL GROUP,42
31-DEC-2022,CIDEL ASSET MANAGEMENT INC,26778040
31-DEC-2022,CIBC WORLD MARKET INC.,235220
31-DEC-2022,"CWM, LLC",2079
31-DEC-2022,"Cambridge Investment Research Advisors, Inc.",9130
31-DEC-2022,"CI Private Wealth, LLC",1086628
31-DEC-2022,"CarsonAllaria Wealth Management, Ltd.",42
31-DEC-2022,Chimera Capital Management LLC,937587
31-DEC-2022,Chicago Partners Investment Group LLC,1185107
31-DEC-2022,"Cherry Creek Investment Advisors, Inc.",439429
31-DEC-2022,Cetera Investment Advisers,1992180
31-DEC-2022,Cetera Advisors LLC,4851590
31-DEC-2022,Cetera Advisor Networks LLC,3495575
31-DEC-2022,Cerity Partners LLC,1746898
31-DEC-2022,"Centiva Capital, LP",845882
31-DEC-2022,"Cavalier Investments, LLC",571951
31-DEC-2022,"Castleview Partners, LLC",1214
31-DEC-2022,"Carnegie Capital Asset Management, LLC",5225417
31-DEC-2022,"Camden Capital, LLC",682954
31-DEC-2022,"Carmichael Hill & Associates, Inc.",201804
31-DEC-2022,"Caption Management, LLC",14769105
31-DEC-2022,"Capstone Triton Financial Group, LLC",1093782
31-DEC-2022,"Capital Investment Advisory Services, LLC",218326
31-DEC-2022,"Capital CS Group, LLC",44856
31-DEC-2022,Capital Asset Advisory Services LLC,370356
31-DEC-2022,"Canvas Wealth Advisors, LLC",427423
31-DEC-2022,Candriam S.C.A.,4111318
31-DEC-2022,Candlestick Capital Management LP,18345242
31-DEC-2022,"Canal Capital Management, LLC",531476
31-DEC-2022,CIBC Asset Management Inc,117700404
31-DEC-2022,CI INVESTMENTS INC.,12849
31-DEC-2022,"Baker Avenue Asset Management, LP",624780
31-DEC-2022,"Beacon Capital Management, LLC",64630
31-DEC-2022,"Biltmore Wealth Management, LLC",8830298
31-DEC-2022,"Beverly Hills Private Wealth, LLC",285872
31-DEC-2022,"BerganKDV Wealth Management, LLC",6942
31-DEC-2022,Belpointe Asset Management LLC,99687
31-DEC-2022,"Bellwether Advisors, LLC",0
31-DEC-2022,Bellecapital International Ltd.,1313253
31-DEC-2022,"Bell Investment Advisors, Inc",6074
31-DEC-2022,"Beck Bode, LLC",53575
31-DEC-2022,"Beaird Harris Wealth Management, LLC",1388
31-DEC-2022,"Beacon Pointe Advisors, LLC",681219
31-DEC-2022,Baystate Wealth Management LLC,19
31-DEC-2022,BlackRock Inc.,98166857
31-DEC-2022,"Bayesian Capital Management, LP",4123895
31-DEC-2022,Barton Investment Management,74326363
31-DEC-2022,Bartlett & Co. LLC,52
31-DEC-2022,Banque Cantonale Vaudoise,8
31-DEC-2022,Bank of New Hampshire,45
31-DEC-2022,"Bank Julius Baer & Co. Ltd, Zurich",6
31-DEC-2022,Bangor Savings Bank,5
31-DEC-2022,"Banco Santander, S.A.",207427
31-DEC-2022,Balyasny Asset Management LLC,11409872
31-DEC-2022,"Baldwin Investment Management, LLC",432903
31-DEC-2022,"Biondo Investment Advisors, LLC",1043001
31-DEC-2022,"Bleakley Financial Group, LLC",222144
31-DEC-2022,CENTRAL TRUST Co,81916
31-DEC-2022,CALIFORNIA STATE TEACHERS RETIREMENT SYSTEM,3068156
31-DEC-2022,"CENTAURUS FINANCIAL, INC.",110
31-DEC-2022,"CEERA INVESTMENTS, LLC",251204
31-DEC-2022,CAPTRUST FINANCIAL ADVISORS,1307827
31-DEC-2022,"CAPSTONE WEALTH MANAGEMENT GROUP, LLC",300068
31-DEC-2022,"CAPROCK Group, Inc.",534985
31-DEC-2022,CAPITAL FUND MANAGEMENT S.A.,27559740
31-DEC-2022,CAPITAL ADVISORS INC/OK,285663
31-DEC-2022,CANADA PENSION PLAN INVESTMENT BOARD,176273968
31-DEC-2022,CAMDEN ASSET MANAGEMENT L P /CA,37138125
31-DEC-2022,CAMBRIDGE TRUST CO,20
31-DEC-2022,CAISSE DE DEPOT ET PLACEMENT DU QUEBEC,24634357
31-DEC-2022,Blueprint Investment Partners LLC,200797
31-DEC-2022,C M BIDWELL & ASSOCIATES LTD,2777
31-DEC-2022,"Burleson & Company, LLC",3124
31-DEC-2022,Brookstone Capital Management,282687
31-DEC-2022,"Bristlecone Advisors, LLC",827209
31-DEC-2022,Brainard Capital Management LLC,308920
31-DEC-2022,"Bouvel Investment Partners, LLC",553885
31-DEC-2022,Bordeaux Wealth Advisors LLC,277680
31-DEC-2022,"Bogart Wealth, LLC",2741916
31-DEC-2022,"Blume Capital Management, Inc.",278
31-DEC-2022,"Blueshift Asset Management, LLC",1679895
31-DEC-2022,Greenland Capital Management LP,816900
31-DEC-2022,WADE G W & INC,1196
31-DEC-2022,Grove Bank & Trust,7
31-DEC-2022,Privium Fund Management B.V.,19796400
31-DEC-2022,RESOURCES MANAGEMENT CORP /CT/ /ADV,2
31-DEC-2022,REGIONS FINANCIAL CORP,1632
31-DEC-2022,"REGATTA CAPITAL GROUP, LLC",402050
31-DEC-2022,READYSTATE ASSET MANAGEMENT LP,866292
31-DEC-2022,"RBF Capital, LLC",1874000
31-DEC-2022,RAYMOND JAMES & ASSOCIATES,30049905
31-DEC-2022,"Quent Capital, LLC",1310
31-DEC-2022,Qube Research & Technologies Ltd,8698916
31-DEC-2022,Quadrature Capital Ltd,49988093
31-DEC-2022,QUADRANT CAPITAL GROUP LLC,218499
31-DEC-2022,"Prosperity Wealth Management, Inc.",613916
31-DEC-2022,Prospera Financial Services Inc,827348
31-DEC-2022,"Procyon Advisors, LLC",302185
31-DEC-2022,Private Portfolio Partners LLC,351092
31-DEC-2022,RFP Financial Group LLC,30736
31-DEC-2022,"Private Advisor Group, LLC",776
31-DEC-2022,"Prime Capital Investment Advisors, LLC",366919
31-DEC-2022,Prestige Wealth Management Group LLC,1041
31-DEC-2022,"PrairieView Partners, LLC",6
31-DEC-2022,"Plante Moran Financial Advisors, LLC",28115
31-DEC-2022,"Pinnacle Bancorp, Inc.",14
31-DEC-2022,Phoenix Wealth Advisors,212425
31-DEC-2022,Perkins Coie Trust Co,2082
31-DEC-2022,Periscope Capital Inc.,3487253
31-DEC-2022,"Perigon Wealth Management, LLC",600552
31-DEC-2022,"Perennial Investment Advisors, LLC",534953
31-DEC-2022,"Pariax, LLC",551889
31-DEC-2022,"Parallel Advisors, LLC",1060593
31-DEC-2022,"RFG Advisory, LLC",262162
31-DEC-2022,RIVERPARK CAPITAL MANAGEMENT LLC,1382638
31-DEC-2022,"SANDS CAPITAL MANAGEMENT, LLC",860903
31-DEC-2022,"Revolve Wealth Partners, LLC",291668
31-DEC-2022,S.A. Mason LLC,17355
31-DEC-2022,Royal Bank of Canada,219787000
31-DEC-2022,Roundview Capital LLC,436270
31-DEC-2022,Rosenberg Matthew Hamilton,11107
31-DEC-2022,"Ronald Blue Trust, Inc.",8
31-DEC-2022,"Roble, Belko & Company, Inc",8
31-DEC-2022,"Robertson Stephens Wealth Management, LLC",305274
31-DEC-2022,"RiverPark Advisors, LLC",2773468
31-DEC-2022,River Street Advisors LLC,278617
31-DEC-2022,Ritter Daniher Financial Advisory LLC / DE,347
31-DEC-2022,"Rise Advisors, LLC",64040
31-DEC-2022,Riggs Asset Managment Co. Inc.,1736
31-DEC-2022,Richelieu Gestion PLC,2399
31-DEC-2022,"Retirement Group, LLC",1
31-DEC-2022,RMR Wealth Builders,257305
31-DEC-2022,Resurgent Financial Advisors LLC,47414
31-DEC-2022,"Resources Investment Advisors, LLC.",350224
31-DEC-2022,Resolute Advisors LLC,1469274
31-DEC-2022,Regal Investment Advisors LLC,916761
31-DEC-2022,"Rede Wealth, LLC",202949
31-DEC-2022,"Raymond James Financial Services Advisors, Inc.",14821691
31-DEC-2022,Rathbones Group Plc,26422640
31-DEC-2022,Raleigh Capital Management Inc.,18049
31-DEC-2022,"RWQ Financial Management Services, Inc.",1540256
31-DEC-2022,ROYAL LONDON ASSET MANAGEMENT LTD,10921744
31-DEC-2022,ROMANO BROTHERS AND COMPANY,18639
31-DEC-2022,ROMAN BUTLER FULLERTON & CO,352424
31-DEC-2022,"ROCKY MOUNTAIN ADVISERS, LLC",5
31-DEC-2022,"Parallax Volatility Advisers, L.P.",329118970
31-DEC-2022,"Pacer Advisors, Inc.",308433
31-DEC-2022,PUBLIC SECTOR PENSION INVESTMENT BOARD,27472317
31-DEC-2022,Neuberger Berman Group LLC,1736
31-DEC-2022,"O'Dell Group, LLC",242623
31-DEC-2022,"NorthCrest Asset Manangement, LLC",3492000
31-DEC-2022,North Star Investment Management Corp.,34710
31-DEC-2022,"Nikko Asset Management Americas, Inc.",342500683
31-DEC-2022,"Nicholas Investment Partners, LP",1867120
31-DEC-2022,Newlands Management Operations LLC,219542486
31-DEC-2022,"Newbridge Financial Services Group, Inc.",936476
31-DEC-2022,NewSquare Capital LLC,6248
31-DEC-2022,NewGen Asset Management Ltd,3124
31-DEC-2022,"NewEdge Wealth, LLC",286115
31-DEC-2022,"NewEdge Advisors, LLC",799233
31-DEC-2022,New Millennium Group LLC,14925
31-DEC-2022,New England Capital Financial Advisors LLC,123059
31-DEC-2022,Nepsis Inc.,12688726
31-DEC-2022,PUBLIC INVESTMENT FUND,43387500
31-DEC-2022,"Nelson, Van Denburg & Campbell Wealth Management Group, LLC",319540
31-DEC-2022,"Nadler Financial Group, Inc.",243317
31-DEC-2022,"NZS Capital, LLC",11531981
31-DEC-2022,"NVWM, LLC",56230
31-DEC-2022,"NORTHWEST INVESTMENT COUNSELORS, LLC",31933
31-DEC-2022,NORGES BANK,414365149
31-DEC-2022,NOMURA ASSET MANAGEMENT CO LTD,5240586
31-DEC-2022,NICOLET BANKSHARES INC,223880
31-DEC-2022,NICOLA WEALTH MANAGEMENT LTD.,1323491
31-DEC-2022,NEW YORK STATE COMMON RETIREMENT FUND,28589
31-DEC-2022,NATIXIS,883000
31-DEC-2022,"My Personal CFO, LLC",10413
31-DEC-2022,"Mutual Advisors, LLC",1271948
31-DEC-2022,"O'SHAUGHNESSY ASSET MANAGEMENT, LLC",1101695
31-DEC-2022,OLD NATIONAL BANCORP /IN/,243
31-DEC-2022,Gulf International Bank (UK) Ltd,380
31-DEC-2022,OMERS ADMINISTRATION Corp,12881250
31-DEC-2022,"PSI Advisors, LLC",211731
31-DEC-2022,PRIVATE MANAGEMENT GROUP INC,7085545
31-DEC-2022,PRIO WEALTH LIMITED PARTNERSHIP,248871
31-DEC-2022,PRICE T ROWE ASSOCIATES INC /MD/,793794
31-DEC-2022,"PRESCOTT GROUP CAPITAL MANAGEMENT, L.L.C.",764000
31-DEC-2022,POLEN CAPITAL MANAGEMENT LLC,29576322
31-DEC-2022,PITTENGER & ANDERSON INC,54842
31-DEC-2022,"PINEBRIDGE INVESTMENTS, L.P.",3056320
31-DEC-2022,PIN OAK INVESTMENT ADVISORS INC,14
31-DEC-2022,"PFS Partners, LLC",74974
31-DEC-2022,PERSONAL CAPITAL ADVISORS CORP,437346
31-DEC-2022,PECONIC PARTNERS LLC,66990
31-DEC-2022,PCJ Investment Counsel Ltd.,2180803
31-DEC-2022,"PATHSTONE FAMILY OFFICE, LLC",4354420
31-DEC-2022,"PARTNERS CAPITAL INVESTMENT GROUP, LLP",24297
31-DEC-2022,PARK CIRCLE Co,3471
31-DEC-2022,PARK AVENUE SECURITIES LLC,1061000
31-DEC-2022,"Owen LaRue, LLC",556718
31-DEC-2022,Orion Capital Management LLC,42346
31-DEC-2022,Operose Advisors LLC,69420
31-DEC-2022,"One Wealth Advisors, LLC",59701
31-DEC-2022,"Oder Investment Management, LLC",360845
31-DEC-2022,OXFORD FINANCIAL GROUP LTD,524121
31-DEC-2022,OPTIMUM INVESTMENT ADVISORS,138146
31-DEC-2022,OPPENHEIMER & CO INC,1144285
31-DEC-2022,ONTARIO TEACHERS PENSION PLAN BOARD,4289702
31-DEC-2022,"ONCE CAPITAL MANAGEMENT, LLC",1700790
31-DEC-2022,SALEM INVESTMENT COUNSELORS INC,782710
31-DEC-2022,"SCGE MANAGEMENT, L.P.",291806970
31-DEC-2022,"Moors & Cabot, Inc.",1732936
31-DEC-2022,TOTH FINANCIAL ADVISORY CORP,40958
31-DEC-2022,"Tanglewood Legacy Advisors, LLC",3471
31-DEC-2022,Tairen Capital Ltd,27957170
31-DEC-2022,TYBOURNE CAPITAL MANAGEMENT (HK) LTD,34432667
31-DEC-2022,"TWO SIGMA SECURITIES, LLC",9470415
31-DEC-2022,"TWO SIGMA INVESTMENTS, LP",8789613
31-DEC-2022,"TWO SIGMA ADVISERS, LP",2146814
31-DEC-2022,TWINBEECH CAPITAL LP,38845037
31-DEC-2022,TUCKER ASSET MANAGEMENT LLC,351
31-DEC-2022,"TSFG, LLC",82
31-DEC-2022,"TRUSTCORE FINANCIAL SERVICES, LLC",17702
31-DEC-2022,TRUST CO OF VERMONT,36446
31-DEC-2022,"TRANSCEND CAPITAL ADVISORS, LLC",204789
31-DEC-2022,TOWNSQUARE CAPITAL LLC,1408116
31-DEC-2022,TORONTO DOMINION BANK,51162
31-DEC-2022,Texas Yale Capital Corp.,4125284
31-DEC-2022,TOCQUEVILLE ASSET MANAGEMENT L.P.,4179882
31-DEC-2022,TOBAM,1101
31-DEC-2022,"TITLEIST ASSET MANAGEMENT, LTD.",6097263
31-DEC-2022,"TILIA FIDUCIARY PARTNERS, INC.",175031
31-DEC-2022,TIGER MANAGEMENT L.L.C.,253383
31-DEC-2022,TIGER GLOBAL MANAGEMENT LLC,3314805
31-DEC-2022,"THOROUGHBRED FINANCIAL SERVICES, LLC",3228
31-DEC-2022,THORNBURG INVESTMENT MANAGEMENT INC,607
31-DEC-2022,"TFC Financial Management, Inc.",277854
31-DEC-2022,TEACHERS RETIREMENT SYSTEM OF THE STATE OF KENTUCKY,17698
31-DEC-2022,TD Asset Management Inc,223376325
31-DEC-2022,"TCI Wealth Advisors, Inc.",44915
31-DEC-2022,"Synergy Financial Group, LTD",1964794
31-DEC-2022,"Ten Capital Wealth Advisors, LLC",1736
31-DEC-2022,Thrivent Financial for Lutherans,12998
31-DEC-2022,SCHRODER INVESTMENT MANAGEMENT GROUP,4043247
31-DEC-2022,"U.S. Capital Wealth Advisors, LLC",60048
31-DEC-2022,Venture Visionary Partners LLC,465357
31-DEC-2022,"Vanguard Personalized Indexing Management, LLC",628702
31-DEC-2022,Vanguard Capital Wealth Advisors,229086
31-DEC-2022,Value Star Asset Management (Hong Kong) Ltd,4739303
31-DEC-2022,"Valmark Advisers, Inc.",240887
31-DEC-2022,"Valeo Financial Advisors, LLC",988618
31-DEC-2022,"VIAWEALTH, LLC",238948
31-DEC-2022,"VETAMER CAPITAL MANAGEMENT, L.P.",749840
31-DEC-2022,VANGUARD GROUP INC,932755513
31-DEC-2022,VAN ECK ASSOCIATES CORP,931
31-DEC-2022,VALLEY NATIONAL ADVISERS INC,2
31-DEC-2022,V Wealth Advisors LLC,319020
31-DEC-2022,USS Investment Management Ltd,5878898
31-DEC-2022,Tyler-Stone Wealth Management,104
31-DEC-2022,"TimeScale Financial, Inc.",12123
31-DEC-2022,"Twin Tree Management, LP",189420448
31-DEC-2022,"Twin Lakes Capital Management, LLC",5207
31-DEC-2022,Tsai Capital Corp,2155769
31-DEC-2022,Truvestments Capital LLC,73481
31-DEC-2022,"True Wealth Design, LLC",174
31-DEC-2022,Triumph Capital Management,465426
31-DEC-2022,Trium Capital LLP,1861
31-DEC-2022,"Trifecta Capital Advisors, LLC",27768
31-DEC-2022,Triasima Portfolio Management inc.,17089713
31-DEC-2022,"Tradition Wealth Management, LLC",52
31-DEC-2022,"Tradewinds Capital Management, LLC",5206
31-DEC-2022,"Tortoise Investment Management, LLC",62547
31-DEC-2022,"Toroso Investments, LLC",522
31-DEC-2022,Swiss National Bank,173656019
31-DEC-2022,"Sunbelt Securities, Inc.",341998
31-DEC-2022,"Summit X, LLC",308968
31-DEC-2022,"SUMITOMO MITSUI FINANCIAL GROUP, INC.",13835472
31-DEC-2022,Semmax Financial Advisors Inc.,0
31-DEC-2022,"Select Equity Group, L.P.",18660096
31-DEC-2022,"Seaport Global Advisors, LLC",216035
31-DEC-2022,Schonfeld Strategic Advisors LLC,1551537
31-DEC-2022,Sassicaia Capital Advisers LLC,885105
31-DEC-2022,Sargent Bickham Lagudis LLC,8573
31-DEC-2022,Sandy Spring Bank,160708
31-DEC-2022,"Sand Hill Global Advisors, LLC",225615
31-DEC-2022,"Sanctuary Wealth Management, L.L.C.",1041
31-DEC-2022,San Luis Wealth Advisors LLC,1233
31-DEC-2022,SYMMETRY PEAK MANAGEMENT LLC,347100
31-DEC-2022,SWS Partners,1060
31-DEC-2022,SVB WEALTH LLC,146893
31-DEC-2022,STRS OHIO,10441
31-DEC-2022,"Summit Trail Advisors, LLC",292987
31-DEC-2022,"STONNINGTON GROUP, LLC",211700
31-DEC-2022,STATE OF WISCONSIN INVESTMENT BOARD,18747239
31-DEC-2022,STATE OF MICHIGAN RETIREMENT SYSTEM,5553600
31-DEC-2022,"SRS Investment Management, LLC",141131
31-DEC-2022,"SRS Capital Advisors, Inc.",148142
31-DEC-2022,SJS Investment Consulting Inc.,46858
31-DEC-2022,"SITTNER & NELSON, LLC",20826
31-DEC-2022,"SIMPLEX TRADING, LLC",209838
31-DEC-2022,"SIGNATUREFD, LLC",1437063
31-DEC-2022,SHELL ASSET MANAGEMENT CO,2084
31-DEC-2022,"SG Americas Securities, LLC",2382
31-DEC-2022,SEI INVESTMENTS CO,15221325
31-DEC-2022,SCHWARTZ INVESTMENT COUNSEL INC,324539
31-DEC-2022,"Sepio Capital, LP",958760
31-DEC-2022,"Sequoia Financial Advisors, LLC",587710
31-DEC-2022,SevenOneSeven Capital Management,274764
31-DEC-2022,Shay Capital LLC,260325
31-DEC-2022,"Sugarloaf Wealth Management, LLC",4165
31-DEC-2022,Strong Tower Advisory Services,2208823
31-DEC-2022,"Stratos Wealth Partners, LTD.",681427
31-DEC-2022,Strategy Capital LLC,109935317
31-DEC-2022,"Strategic Wealth Investment Group, LLC",382769
31-DEC-2022,Strategic Advisors LLC,920683
31-DEC-2022,"Stonegate Investment Group, LLC",1014318
31-DEC-2022,Stonebridge Capital Advisors LLC,64214
31-DEC-2022,"Steward Partners Investment Advisory, LLC",931269
31-DEC-2022,"Sterling Investment Advisors, Ltd.",1202632
31-DEC-2022,Steel Peak Wealth Management LLC,2380967
31-DEC-2022,Steadview Capital Management LLC,43116762
31-DEC-2022,State of Wyoming,8920
31-DEC-2022,"State of Tennessee, Treasury Department",23650
31-DEC-2022,"Stanley-Laman Group, Ltd.",4600637
31-DEC-2022,Spire Wealth Management,371
31-DEC-2022,Spence Asset Management,74
31-DEC-2022,"Sowa Financial Group, Inc.",411
31-DEC-2022,"Sound View Wealth Advisors Group, LLC",938098
31-DEC-2022,"Sound Income Strategies, LLC",3124
31-DEC-2022,Souders Financial Advisors,576707
31-DEC-2022,Snowden Capital Advisors LLC,948104
31-DEC-2022,Skye Global Management LP,11610495
31-DEC-2022,"SkyView Investment Advisors, LLC",267
31-DEC-2022,Silicon Valley Capital Partners,0
31-DEC-2022,Sigma Planning Corp,938524
31-DEC-2022,"Sheaff Brock Investment Advisors, LLC",279416
31-DEC-2022,"Moser Wealth Advisors, LLC",192312
31-DEC-2022,OLIVER LAGORE VANVALIN INVESTMENT GROUP,22562
31-DEC-2022,"Moloney Securities Asset Management, LLC",1471357
31-DEC-2022,MAVERICK CAPITAL LTD,6272236
31-DEC-2022,"LAM GROUP, INC.",1041
31-DEC-2022,LAKE STREET FINANCIAL LLC,400727
31-DEC-2022,LA FINANCIERE DE L'ECHIQUIER,10587
31-DEC-2022,L & S Advisors Inc,1172434
31-DEC-2022,"Kozak & Associates, Inc.",188
31-DEC-2022,"Kovack Advisors, Inc.",1713806
31-DEC-2022,Korea Investment CORP,13271673
31-DEC-2022,"Knowledge Leaders Capital, LLC",895171
31-DEC-2022,"Kistler-Tiffany Companies, LLC",551958
31-DEC-2022,"Kingsview Wealth Management, LLC",837518
31-DEC-2022,Key Financial Inc,1886
31-DEC-2022,"Kestra Advisory Services, LLC",2230499
31-DEC-2022,"Kesler, Norman & Wride, LLC",279207
31-DEC-2022,"Kercheville Advisors, LLC",273515
31-DEC-2022,Kelly Financial Services LLC,54529
31-DEC-2022,Kathleen S. Wright Associates Inc.,8000
31-DEC-2022,"KRS Capital Management, LLC",240540
31-DEC-2022,"KESTRA PRIVATE WEALTH SERVICES, LLC",865494
31-DEC-2022,KENNEDY INVESTMENT GROUP,548592
31-DEC-2022,"KB FINANCIAL PARTNERS, LLC",262
31-DEC-2022,K.J. Harrison & Partners Inc,300864
31-DEC-2022,Jeneq Management LP,475527
31-DEC-2022,"Jarislowsky, Fraser Ltd",411479
31-DEC-2022,Janney Montgomery Scott LLC,3936
31-DEC-2022,"Jaffetilchin Investment Partners, LLC",2379148
31-DEC-2022,JS Capital Management LLC,14578200
31-DEC-2022,JPMORGAN CHASE & CO,5
31-DEC-2022,"LANDSCAPE CAPITAL MANAGEMENT, L.L.C.",1221896
31-DEC-2022,LAZARD ASSET MANAGEMENT LLC,6
31-DEC-2022,"LEVEL FOUR ADVISORY SERVICES, LLC",259284
31-DEC-2022,Liontrust Investment Partners LLP,4903184
31-DEC-2022,MASSACHUSETTS FINANCIAL SERVICES CO /MA/,11089116
31-DEC-2022,MAI Capital Management,845536
31-DEC-2022,MADDEN SECURITIES Corp,13884
31-DEC-2022,MACROVIEW INVESTMENT MANAGEMENT LLC,347
31-DEC-2022,MACQUARIE GROUP LTD,3933000
31-DEC-2022,MACKENZIE FINANCIAL CORP,152030347
31-DEC-2022,M&R CAPITAL MANAGEMENT INC,34710
31-DEC-2022,M&G INVESTMENT MANAGEMENT LTD,233204
31-DEC-2022,"M Holdings Securities, Inc.",1918
31-DEC-2022,Lumina Fund Management LLC,347
31-DEC-2022,"Lumature Wealth Partners, LLC",1388
31-DEC-2022,Live Oak Investment Partners,3471
31-DEC-2022,"Lindbrook Capital, LLC",310488
31-DEC-2022,LINCOLN NATIONAL CORP,574416
31-DEC-2022,"Lido Advisors, LLC",666514
31-DEC-2022,"LexAurum Advisors, LLC",219714
31-DEC-2022,"Legal Advantage Investments, Inc.",847271
31-DEC-2022,"Laurel Wealth Advisors, Inc.",203
31-DEC-2022,"Lattice Capital Management, LLC",532451
31-DEC-2022,Larson Financial Group LLC,224782
31-DEC-2022,La Banque Postale Asset Management SA,897317
31-DEC-2022,"LYELL WEALTH MANAGEMENT, LP",4364956
31-DEC-2022,LPL Financial LLC,29554527
31-DEC-2022,LORING WOLCOTT & COOLIDGE FIDUCIARY ADVISORS LLP/MA,111039
31-DEC-2022,Mn Services Vermogensbeheer B.V.,18876
31-DEC-2022,LOGAN CAPITAL MANAGEMENT INC,876011
31-DEC-2022,JONES FINANCIAL COMPANIES LLLP,24000
31-DEC-2022,JOHNSON INVESTMENT COUNSEL INC,205483
31-DEC-2022,"JFS WEALTH ADVISORS, LLC",29399
31-DEC-2022,HOLLENCREST CAPITAL MANAGEMENT,92329
31-DEC-2022,Hillsdale Investment Management Inc.,5259160
31-DEC-2022,"Highlander Capital Management, LLC",9
31-DEC-2022,"HighTower Advisors, LLC",4415201
31-DEC-2022,HighMark Wealth Management LLC,13561
31-DEC-2022,High Net Worth Advisory Group LLC,24297
31-DEC-2022,Hexagon Capital Partners LLC,16279
31-DEC-2022,Henry James International Management Inc.,5434059
31-DEC-2022,"Hennion & Walsh Asset Management, Inc.",252
31-DEC-2022,"Harvest Fund Management Co., Ltd",92
31-DEC-2022,Hartford Financial Management Inc.,6352
31-DEC-2022,"Hamilton Wealth, LLC",240506
31-DEC-2022,HSBC HOLDINGS PLC,28971735
31-DEC-2022,"HMI Capital Management, L.P.",168997020
31-DEC-2022,"Horan Securities, Inc.",3054
31-DEC-2022,HIMENSION CAPITAL (SINGAPORE) PTE. LTD.,40424307
31-DEC-2022,HIGHLINE WEALTH PARTNERS LLC,29504
31-DEC-2022,"HHM Wealth Advisors, LLC",40264
31-DEC-2022,HEALTHCARE OF ONTARIO PENSION PLAN TRUST FUND,49807922
31-DEC-2022,HBW Advisory Services LLC,253
31-DEC-2022,HBK Sorce Advisory LLC,827
31-DEC-2022,"HARBOUR INVESTMENTS, INC.",1233871
31-DEC-2022,"HARBOR INVESTMENT ADVISORY, LLC",392605
31-DEC-2022,"HARBOR CAPITAL ADVISORS, INC.",935712
31-DEC-2022,"HAP Trading, LLC",3200
31-DEC-2022,"HANTZ FINANCIAL SERVICES, INC.",2263
31-DEC-2022,HALLMARK CAPITAL MANAGEMENT INC,74627
31-DEC-2022,"Holocene Advisors, LP",174238612
31-DEC-2022,"Horrell Capital Management, Inc.",9
31-DEC-2022,"JEPPSON WEALTH MANAGEMENT, LLC",929429
31-DEC-2022,Industrial Alliance Investment Management Inc.,88
31-DEC-2022,JAT Capital Mgmt LP,3931914
31-DEC-2022,"JARISLOWSKY, FRASER Ltd",411479142
31-DEC-2022,"JANICZEK WEALTH MANAGEMENT, LLC",4963
31-DEC-2022,"JAG CAPITAL MANAGEMENT, LLC",1735
31-DEC-2022,J.Safra Asset Management Corp,6
31-DEC-2022,J. Goldman & Co LP,24975893
31-DEC-2022,Investors Research Corp,694
31-DEC-2022,"Investment Research & Advisory Group, Inc.",7636
31-DEC-2022,Investment Management Corp of Ontario,13600443
31-DEC-2022,"Intrinsic Value Partners, LLC",627
31-DEC-2022,Integrated Advisors Network LLC,309336
31-DEC-2022,"Institute for Wealth Management, LLC.",212703
31-DEC-2022,"Independent Solutions Wealth Management, LLC",1427709
31-DEC-2022,"IAG Wealth Partners, LLC",4512
31-DEC-2022,Independent Advisor Alliance,1017
31-DEC-2022,Ilmarinen Mutual Pension Insurance Co,12153
31-DEC-2022,"Icon Wealth Advisors, LLC",329563
31-DEC-2022,INVESTMENT HOUSE LLC,285490
31-DEC-2022,"INTERNATIONAL ASSETS INVESTMENT MANAGEMENT, LLC",632347
31-DEC-2022,INTACT INVESTMENT MANAGEMENT INC.,11188068
31-DEC-2022,"INSTITUTIONAL & FAMILY ASSET MANAGEMENT, LLC",1041
31-DEC-2022,"IMC-Chicago, LLC",200007923
31-DEC-2022,"IHT Wealth Management, LLC",239568
31-DEC-2022,"IFP Advisors, Inc",1565
31-DEC-2022,"IEQ CAPITAL, LLC",360018
31-DEC-2022,"ICA Group Wealth Management, LLC",351411
31-DEC-2022,MASSMUTUAL TRUST CO FSB/ADV,25
31-DEC-2022,"LORD, ABBETT & CO. LLC",323676
31-DEC-2022,"MEANS INVESTMENT CO., INC.",436505
31-DEC-2022,Manchester Capital Management LLC,293994
31-DEC-2022,"Main Street Financial Solutions, LLC",246000
31-DEC-2022,Magellan Asset Management Ltd,96147
31-DEC-2022,"Venturi Wealth Management, LLC",161679
31-DEC-2022,MUFG Securities EMEA plc,8582
31-DEC-2022,MOSELEY INVESTMENT MANAGEMENT INC,210724
31-DEC-2022,MONTRUSCO BOLTON INVESTMENTS INC.,1773956
31-DEC-2022,MONTAG A & ASSOCIATES INC,609508
31-DEC-2022,MONEY CONCEPTS CAPITAL CORP,176641
31-DEC-2022,MMBG INVESTMENT ADVISORS CO.,3677674
31-DEC-2022,MITCHELL MCLEOD PUGH & WILLIAMS INC,247205
31-DEC-2022,"MISSION WEALTH MANAGEMENT, LP",478998
31-DEC-2022,MILLENNIUM MANAGEMENT LLC,4592
31-DEC-2022,MGO ONE SEVEN LLC,238909
31-DEC-2022,MERCER GLOBAL ADVISORS INC /ADV,1204
31-DEC-2022,"MEAG MUNICH ERGO, Kapitalanlagegesellschaft mbH",1110324
31-DEC-2022,"Malaga Cove Capital, LLC",772471
31-DEC-2022,Marcho Partners LLP,49856160
31-DEC-2022,"MBM Wealth Consultants, LLC",1
31-DEC-2022,"Marcum Wealth, LLC",216417
31-DEC-2022,Mitsubishi UFJ Trust & Banking Corp,54339199
31-DEC-2022,Missouri Trust & Investment Co,2
31-DEC-2022,"Mirae Asset Global Investments Co., Ltd.",4804419
31-DEC-2022,"MinichMacGregor Wealth Management, LLC",12495
31-DEC-2022,"Metis Global Partners, LLC",1574452
31-DEC-2022,"Merit Financial Group, LLC",273168
31-DEC-2022,"Meridian Wealth Management, LLC",2716995
31-DEC-2022,"Mendota Financial Group, LLC",3471
31-DEC-2022,"McIlrath & Eck, LLC",161054
31-DEC-2022,"McElhenny Sheffield Capital Management, LLC",3471
31-DEC-2022,"McClarren Financial Advisors, Inc.",18
31-DEC-2022,"Mayflower Financial Advisors, LLC",212390
31-DEC-2022,Masso Torrence Wealth Management Inc.,398991
31-DEC-2022,Mascoma Wealth Management LLC,4516
31-DEC-2022,"Mariner, LLC",7404
31-DEC-2022,MCF Advisors LLC,63866
31-DEC-2022,"Vident Investment Advisory, LLC",10062
30-SEP-2022,"Bayesian Capital Management, LP",728
30-SEP-2022,"Annapolis Financial Services, LLC",11
30-SEP-2022,Artemis Investment Management LLP,900
30-SEP-2022,Arlington Partners LLC,3
30-SEP-2022,Arkadios Wealth Advisors,364
30-SEP-2022,"Arete Wealth Advisors, LLC",274
30-SEP-2022,Archer Investment Corp,6735
30-SEP-2022,"Apollon Wealth Management, LLC",3161
30-SEP-2022,"Apexium Financial, LP",695
30-SEP-2022,"Ancora Advisors, LLC",559
30-SEP-2022,Artisan Partners Limited Partnership,51418
30-SEP-2022,"Anchor Investment Management, LLC",126753
30-SEP-2022,"Ameritas Advisory Services, LLC",492
30-SEP-2022,American Portfolios Advisors,1365036
30-SEP-2022,Ameliora Wealth Management Ltd.,13
30-SEP-2022,"Alyeska Investment Group, L.P.",104526
30-SEP-2022,"Alterity Financial Group, LLC",209
30-SEP-2022,Alta Wealth Advisors LLC,597
30-SEP-2022,"Arthedge Capital Management, LLC",5065
30-SEP-2022,"Ashe Capital Management, LP",90315
30-SEP-2022,AlphaCrest Capital Management LLC,1140
30-SEP-2022,"BAKER TILLY WEALTH MANAGEMENT, LLC",788
30-SEP-2022,BERKSHIRE CAPITAL HOLDINGS INC,4820
30-SEP-2022,"BEACON INVESTMENT ADVISORY SERVICES, INC.",270
30-SEP-2022,Avitas Wealth Management LLC,608
30-SEP-2022,Axiom Investment Management LLC,1
30-SEP-2022,Azora Capital LP,14759
30-SEP-2022,B & T Capital Management DBA Alpha Capital Management,1814
30-SEP-2022,BAILLIE GIFFORD & CO,321789
30-SEP-2022,BALDWIN BROTHERS LLC/MA,6
30-SEP-2022,Assenagon Asset Management S.A.,1470
30-SEP-2022,BANK OF NOVA SCOTIA,25126
30-SEP-2022,BARCLAYS PLC,56128
30-SEP-2022,"BARRETT & COMPANY, INC.",10413
30-SEP-2022,Avion Wealth,36
30-SEP-2022,"Avestar Capital, LLC",249
30-SEP-2022,AtonRa Partners,773
30-SEP-2022,"Asset Dedication, LLC",58
30-SEP-2022,"AlphaMark Advisors, LLC",5
30-SEP-2022,Allworth Financial LP,484
30-SEP-2022,BLAIR WILLIAM & CO/IL,8597
30-SEP-2022,ALERUS FINANCIAL  NA,3569
30-SEP-2022,"ARTHUR M. COHEN & ASSOCIATES, LLC",720
30-SEP-2022,"ARMISTICE CAPITAL, LLC",16838
30-SEP-2022,ARK Investment Management LLC,391506
30-SEP-2022,ARCADIA INVESTMENT MANAGEMENT CORP/MI,240
30-SEP-2022,AMF Tjanstepension AB,11611
30-SEP-2022,"ALPINE WOODS CAPITAL INVESTORS, LLC",369
30-SEP-2022,ALKEON CAPITAL MANAGEMENT LLC,97714
30-SEP-2022,AGF INVESTMENTS INC.,2502
30-SEP-2022,"ASSETMARK, INC",491
30-SEP-2022,AEGON ASSET MANAGEMENT UK Plc,9581
30-SEP-2022,AE Wealth Management LLC,6828
30-SEP-2022,ADVENT CAPITAL MANAGEMENT /DE/,12262
30-SEP-2022,"ADVANCED RESEARCH INVESTMENT SOLUTIONS, LLC",244
30-SEP-2022,"ADIRONDACK RETIREMENT SPECIALISTS, INC.",2349
30-SEP-2022,ACORN FINANCIAL ADVISORY SERVICES INC /ADV,935
30-SEP-2022,1832 Asset Management L.P.,11141
30-SEP-2022,"ASB Consultores, LLC",227
30-SEP-2022,"ATALANTA SOSNOFF CAPITAL, LLC",5294
30-SEP-2022,Alberta Investment Management Corp,14563
30-SEP-2022,Accel Wealth Management,35
30-SEP-2022,"Aigen Investment Management, LP",588
30-SEP-2022,Aequim Alternative Investments LP,12338
30-SEP-2022,"Advisory Services Network, LLC",2401
30-SEP-2022,"Advisors Asset Management, Inc.",12031
30-SEP-2022,"AdvisorNet Financial, Inc",303
30-SEP-2022,Addenda Capital Inc.,19453
30-SEP-2022,Activest Wealth Management,462
30-SEP-2022,"Absolute Capital Management, LLC",1262
30-SEP-2022,ATMOS CAPITAL GESTAO DE RECURSOS LTDA.,4851
30-SEP-2022,Abound Wealth Management,48492
30-SEP-2022,"Abdiel Capital Advisors, LP",142842
30-SEP-2022,"Abbrea Capital, LLC",202
30-SEP-2022,"AXXCESS WEALTH MANAGEMENT, LLC",381
30-SEP-2022,"AVANTAX ADVISORY SERVICES, INC.",1119
30-SEP-2022,"ATTICUS WEALTH MANAGEMENT, LLC",0
30-SEP-2022,ATRIA INVESTMENTS LLC,1459
30-SEP-2022,BIT Capital GmbH,80820
30-SEP-2022,"BLUE BELL PRIVATE WEALTH MANAGEMENT, LLC",9
30-SEP-2022,Baystate Wealth Management LLC,6
30-SEP-2022,CAMDEN ASSET MANAGEMENT L P /CA,29021
30-SEP-2022,"Burleson & Company, LLC",2
30-SEP-2022,C M BIDWELL & ASSOCIATES LTD,1
30-SEP-2022,CAAS CAPITAL MANAGEMENT LP,1032
30-SEP-2022,CAISSE DE DEPOT ET PLACEMENT DU QUEBEC,14021
30-SEP-2022,CALAMOS ADVISORS LLC,12381
30-SEP-2022,CALIFORNIA STATE TEACHERS RETIREMENT SYSTEM,2341
30-SEP-2022,CAMBRIDGE TRUST CO,16
30-SEP-2022,CANADA PENSION PLAN INVESTMENT BOARD,130469
30-SEP-2022,"Bristlecone Advisors, LLC",588
30-SEP-2022,CAPITAL ADVISORS INC/OK,215
30-SEP-2022,CAPITAL FUND MANAGEMENT S.A.,75753232
30-SEP-2022,"CONWAY CAPITAL MANAGEMENT, INC.",315198
30-SEP-2022,"CAPROCK Group, Inc.",613
30-SEP-2022,"CAPSTONE WEALTH MANAGEMENT GROUP, LLC",354
30-SEP-2022,CAPTRUST FINANCIAL ADVISORS,766
30-SEP-2022,CARY STREET PARTNERS ASSET MANAGEMENT LLC,2
30-SEP-2022,Brookstone Capital Management,219
30-SEP-2022,"Brandywine Global Investment Management, LLC",1645
30-SEP-2022,CASTLE WEALTH MANAGEMENT LLC,4
30-SEP-2022,Belpointe Asset Management LLC,154
30-SEP-2022,"Beacon Capital Management, LLC",72
30-SEP-2022,"Beacon Pointe Advisors, LLC",559
30-SEP-2022,"Beaird Harris Wealth Management, LLC",1
30-SEP-2022,"Beck Bode, LLC",169
30-SEP-2022,"Bell Investment Advisors, Inc",6
30-SEP-2022,Bellecapital International Ltd.,535
30-SEP-2022,"Bellwether Advisors, LLC",0
30-SEP-2022,"BerganKDV Wealth Management, LLC",5
30-SEP-2022,"Bouvel Investment Partners, LLC",416
30-SEP-2022,"Bienville Capital Management, LLC",229
30-SEP-2022,"Biondo Investment Advisors, LLC",832
30-SEP-2022,"Black Swift Group, LLC",444
30-SEP-2022,BlackRock Inc.,70283
30-SEP-2022,"Blueshift Asset Management, LLC",1722
30-SEP-2022,"Blume Capital Management, Inc.",0
30-SEP-2022,"Bogart Wealth, LLC",1911
30-SEP-2022,CARY STREET PARTNERS INVESTMENT ADVISORY LLC,955
30-SEP-2022,"CENTAURUS FINANCIAL, INC.",357
30-SEP-2022,"BLUEFIN CAPITAL MANAGEMENT, LLC",2834
30-SEP-2022,"BROWN, LISLE/CUMMINGS, INC.",153558
30-SEP-2022,"Bank Julius Baer & Co. Ltd, Zurich",4
30-SEP-2022,Bangor Savings Bank,4
30-SEP-2022,"Banco Santander, S.A.",299
30-SEP-2022,Balyasny Asset Management LLC,4849
30-SEP-2022,"Baldwin Investment Management, LLC",343
30-SEP-2022,"Baker Avenue Asset Management, LP",792
30-SEP-2022,Baader Bank Aktiengesellschaft,328661
30-SEP-2022,BROWN CAPITAL MANAGEMENT LLC,16946
30-SEP-2022,BARTLETT & CO. WEALTH MANAGEMENT LLC,40410
30-SEP-2022,BROWN BROTHERS HARRIMAN & CO,110
30-SEP-2022,BROWN ADVISORY INC,10
30-SEP-2022,BRITISH COLUMBIA INVESTMENT MANAGEMENT Corp,51214
30-SEP-2022,BRIGHTON JONES LLC,873
30-SEP-2022,BOURGEON CAPITAL MANAGEMENT LLC,20
30-SEP-2022,"BOKF, NA",420
30-SEP-2022,BLUESTEIN R H & CO LLC,283
30-SEP-2022,Bank of New Hampshire,49
30-SEP-2022,Banque Cantonale Vaudoise,6
30-SEP-2022,CENTRAL TRUST Co,3681
30-SEP-2022,CLEAR STREET MARKETS LLC,9995
30-SEP-2022,CFM WEALTH PARTNERS LLC,412
30-SEP-2022,CI INVESTMENTS INC.,9978
30-SEP-2022,CIBC Asset Management Inc,84481
30-SEP-2022,CIBC WORLD MARKET INC.,178854
30-SEP-2022,CIDEL ASSET MANAGEMENT INC,15708
30-SEP-2022,CKW FINANCIAL GROUP,33
30-SEP-2022,CLARET ASSET MANAGEMENT Corp,881
30-SEP-2022,CNB Bank,152
30-SEP-2022,Bartlett & Co. LLC,40
30-SEP-2022,COBBLESTONE CAPITAL ADVISORS LLC /NY/,7452
30-SEP-2022,COMERICA BANK,1395
30-SEP-2022,"COMMONWEALTH EQUITY SERVICES, LLC",10401
30-SEP-2022,COMMONWEALTH OF PENNSYLVANIA PUBLIC SCHOOL EMPLS RETRMT SYS,6261
30-SEP-2022,"CONCOURSE FINANCIAL GROUP SECURITIES, INC.",155
30-SEP-2022,CONFLUENCE INVESTMENT MANAGEMENT LLC,235
30-SEP-2022,Barton Investment Management,57952
30-SEP-2022,"BDO Wealth Advisors, LLC",30
30-SEP-2022,"JFS WEALTH ADVISORS, LLC",36
30-SEP-2022,"CORRADO ADVISORS, LLC",364
30-SEP-2022,Public Sector Pension Investment Board,39700
30-SEP-2022,Quadrature Capital Ltd,23104
30-SEP-2022,"Quantitative Investment Management, LLC",3794
30-SEP-2022,"Quent Capital, LLC",1
30-SEP-2022,RAYMOND JAMES & ASSOCIATES,25536
30-SEP-2022,"REGATTA CAPITAL GROUP, LLC",479
30-SEP-2022,REGIONS FINANCIAL CORP,1431
30-SEP-2022,RESOURCES MANAGEMENT CORP /CT/ /ADV,1
30-SEP-2022,RITHOLTZ WEALTH MANAGEMENT,225
30-SEP-2022,RIVERPARK CAPITAL MANAGEMENT LLC,1073
30-SEP-2022,"ROCKY MOUNTAIN ADVISERS, LLC",4
30-SEP-2022,ROMAN BUTLER FULLERTON & CO,251
30-SEP-2022,ROYAL BANK OF CANADA,23679
30-SEP-2022,ROYAL LONDON ASSET MANAGEMENT LTD,8544
30-SEP-2022,"RWQ Financial Management Services, Inc.",1057
30-SEP-2022,"Rafferty Asset Management, LLC",377
30-SEP-2022,QUADRANT CAPITAL GROUP LLC,127
30-SEP-2022,Prospera Financial Services Inc,514
30-SEP-2022,Man Group plc,12974
30-SEP-2022,"Procyon Advisors, LLC",217
30-SEP-2022,PUBLIC INVESTMENT FUND,33675
30-SEP-2022,"PYA Waltman Capital, LLC",9
30-SEP-2022,"Parallax Volatility Advisers, L.P.",126102
30-SEP-2022,"Parallel Advisors, LLC",1043
30-SEP-2022,"Pariax, LLC",633
30-SEP-2022,"Perennial Investment Advisors, LLC",415
30-SEP-2022,Periscope Capital Inc.,3367
30-SEP-2022,Perkins Coie Trust Co,2
30-SEP-2022,"Plante Moran Financial Advisors, LLC",14
30-SEP-2022,"PrairieView Partners, LLC",5
30-SEP-2022,Prestige Wealth Management Group LLC,1
30-SEP-2022,"Prime Capital Investment Advisors, LLC",241
30-SEP-2022,"Private Advisor Group, LLC",956
30-SEP-2022,Private Portfolio Partners LLC,271422
30-SEP-2022,Privium Fund Management B.V.,15848
30-SEP-2022,Raleigh Capital Management Inc.,14
30-SEP-2022,Rathbones Group Plc,35942
30-SEP-2022,"Raymond James Financial Services Advisors, Inc.",12531
30-SEP-2022,Regal Investment Advisors LLC,839
30-SEP-2022,SCHRODER INVESTMENT MANAGEMENT GROUP,1022
30-SEP-2022,SCHWARTZ INVESTMENT COUNSEL INC,252
30-SEP-2022,SEI INVESTMENTS CO,9913
30-SEP-2022,"SG Americas Securities, LLC",40693
30-SEP-2022,SHELL ASSET MANAGEMENT CO,1689
30-SEP-2022,"SIGNATUREFD, LLC",769
30-SEP-2022,"SILVER OAK SECURITIES, INCORPORATED",19318
30-SEP-2022,"SIMPLEX TRADING, LLC",139567
30-SEP-2022,"SITTNER & NELSON, LLC",16
30-SEP-2022,SJS Investment Consulting Inc.,36
30-SEP-2022,"SOA Wealth Advisors, LLC.",0
30-SEP-2022,"SRS Capital Advisors, Inc.",138
30-SEP-2022,"SRS Investment Management, LLC",282269
30-SEP-2022,STATE OF MICHIGAN RETIREMENT SYSTEM,4310
30-SEP-2022,STATE OF WISCONSIN INVESTMENT BOARD,11416
30-SEP-2022,"SCGE MANAGEMENT, L.P.",251081
30-SEP-2022,"SANDS CAPITAL MANAGEMENT, LLC",608312
30-SEP-2022,SALEM INVESTMENT COUNSELORS INC,13
30-SEP-2022,"RiverPark Advisors, LLC",3162
30-SEP-2022,Resolute Advisors LLC,1140
30-SEP-2022,"Resources Investment Advisors, LLC.",315
30-SEP-2022,"Retirement Group, LLC",5
30-SEP-2022,Richelieu Gestion PLC,1696
30-SEP-2022,Riggs Asset Managment Co. Inc.,1
30-SEP-2022,"Rise Advisors, LLC",52
30-SEP-2022,"Roberts Capital Advisors, LLC",135
30-SEP-2022,S.A. Mason LLC,13
30-SEP-2022,"Roble, Belko & Company, Inc",6
30-SEP-2022,"Ronald Blue Trust, Inc.",7
30-SEP-2022,Rosenberg Matthew Hamilton,9
30-SEP-2022,"Round Table Services, LLC",216
30-SEP-2022,Roundview Capital LLC,324
30-SEP-2022,"Russell Investments Group, Ltd.",993
30-SEP-2022,"PSI Advisors, LLC",159
30-SEP-2022,PRIVATE MANAGEMENT GROUP INC,6837416
30-SEP-2022,PRIO WEALTH LIMITED PARTNERSHIP,207438
30-SEP-2022,"NewEdge Wealth, LLC",221
30-SEP-2022,"Mutual Advisors, LLC",962
30-SEP-2022,NATIXIS,503
30-SEP-2022,NEW YORK STATE COMMON RETIREMENT FUND,37546
30-SEP-2022,NICOLA WEALTH MANAGEMENT LTD.,1036
30-SEP-2022,NOMURA ASSET MANAGEMENT CO LTD,1451936
30-SEP-2022,NOMURA HOLDINGS INC,13868
30-SEP-2022,NORGES BANK,334228835
30-SEP-2022,"NORTHWEST INVESTMENT COUNSELORS, LLC",25
30-SEP-2022,"NVWM, LLC",44
30-SEP-2022,"NZS Capital, LLC",7667
30-SEP-2022,Nellore Capital Management LLC,2425
30-SEP-2022,"Nelson, Van Denburg & Campbell Wealth Management Group, LLC",258
30-SEP-2022,Nepsis Inc.,9211
30-SEP-2022,Neuberger Berman Group LLC,1
30-SEP-2022,New Millennium Group LLC,1
30-SEP-2022,"Moser Wealth Advisors, LLC",144
30-SEP-2022,"Moors & Cabot, Inc.",208
30-SEP-2022,"Moloney Securities Asset Management, LLC",868
30-SEP-2022,"McIlrath & Eck, LLC",225
30-SEP-2022,Marcho Partners LLP,47748
30-SEP-2022,"Mariner, LLC",2741
30-SEP-2022,Mascoma Wealth Management LLC,4
30-SEP-2022,Masso Torrence Wealth Management Inc.,288
30-SEP-2022,"Mayflower Financial Advisors, LLC",217
30-SEP-2022,"McClarren Financial Advisors, Inc.",14
30-SEP-2022,"Meridian Wealth Management, LLC",2166
30-SEP-2022,Mn Services Vermogensbeheer B.V.,17013
30-SEP-2022,"Merit Financial Group, LLC",214
30-SEP-2022,"Metis Global Partners, LLC",989
30-SEP-2022,Mint Tower Capital Management B.V.,8280
30-SEP-2022,"Mirae Asset Global Investments Co., Ltd.",4085
30-SEP-2022,Missouri Trust & Investment Co,1
30-SEP-2022,Mitsubishi UFJ Trust & Banking Corp,42944
30-SEP-2022,"NewEdge Advisors, LLC",989
30-SEP-2022,"Newbridge Financial Services Group, Inc.",728
30-SEP-2022,PRICE T ROWE ASSOCIATES INC /MD/,864734
30-SEP-2022,"Nicholas Investment Partners, LP",469
30-SEP-2022,Orion Capital Management LLC,33
30-SEP-2022,Oxler Private Wealth LLC,48759
30-SEP-2022,PARK AVENUE SECURITIES LLC,884000
30-SEP-2022,PARK CIRCLE Co,3
30-SEP-2022,"PARTNERS CAPITAL INVESTMENT GROUP, LLP",3135
30-SEP-2022,"PATHSTONE FAMILY OFFICE, LLC",532205
30-SEP-2022,PCJ Investment Counsel Ltd.,1059
30-SEP-2022,"PDT Partners, LLC",221
30-SEP-2022,PECONIC PARTNERS LLC,52
30-SEP-2022,PERSONAL CAPITAL ADVISORS CORP,262
30-SEP-2022,"PFS Partners, LLC",23169
30-SEP-2022,PIN OAK INVESTMENT ADVISORS INC,11
30-SEP-2022,"PINEBRIDGE INVESTMENTS, L.P.",1930
30-SEP-2022,PITTENGER & ANDERSON INC,43
30-SEP-2022,POLEN CAPITAL MANAGEMENT LLC,14124
30-SEP-2022,Operose Advisors LLC,108
30-SEP-2022,"Once Capital Management, LLC",1320
30-SEP-2022,"Oder Investment Management, LLC",293
30-SEP-2022,"O'SHAUGHNESSY ASSET MANAGEMENT, LLC",493
30-SEP-2022,"Nikko Asset Management Americas, Inc.",301365
30-SEP-2022,"North Fourth Asset Management, LP",2425
30-SEP-2022,North Star Investment Management Corp.,27
30-SEP-2022,"NorthCrest Asset Manangement, LLC",5452
30-SEP-2022,"NuWave Investment Management, LLC",112
30-SEP-2022,"O'Dell Group, LLC",192
30-SEP-2022,OLD NATIONAL BANCORP /IN/,452
30-SEP-2022,Octahedron Capital Management L.P.,956
30-SEP-2022,OLIVER LAGORE VANVALIN INVESTMENT GROUP,18
30-SEP-2022,OMERS ADMINISTRATION Corp,12338
30-SEP-2022,ONTARIO TEACHERS PENSION PLAN BOARD,4075
30-SEP-2022,OPPENHEIMER & CO INC,897
30-SEP-2022,OPTIMUM INVESTMENT ADVISORS,115
30-SEP-2022,OXFORD FINANCIAL GROUP LTD,407
30-SEP-2022,STRS OHIO,3375
30-SEP-2022,"SUMITOMO MITSUI FINANCIAL GROUP, INC.",13024
30-SEP-2022,"SUMMIT PARTNERS PUBLIC ASSET MANAGEMENT, LLC",5388
30-SEP-2022,WETHERBY ASSET MANAGEMENT INC,522
30-SEP-2022,"Valmark Advisers, Inc.",206
30-SEP-2022,Value Star Asset Management (Hong Kong) Ltd,5052327
30-SEP-2022,"Vanguard Personalized Indexing Management, LLC",424
30-SEP-2022,Venture Visionary Partners LLC,486
30-SEP-2022,"Venturi Wealth Management, LLC",36
30-SEP-2022,Veriti Management LLC,339
30-SEP-2022,Verition Fund Management LLC,26998
30-SEP-2022,"Vident Investment Advisory, LLC",417
30-SEP-2022,Vigilare Wealth Management,310
30-SEP-2022,WADE G W & INC,723
30-SEP-2022,"WASHBURN CAPITAL MANAGEMENT, INC.",253
30-SEP-2022,WASHINGTON TRUST Co,1
30-SEP-2022,"WCM INVESTMENT MANAGEMENT, LLC",4265
30-SEP-2022,WEALTH EFFECTS LLC,345
30-SEP-2022,WEDBUSH SECURITIES INC,890
30-SEP-2022,"Valeo Financial Advisors, LLC",935
30-SEP-2022,"VOLORIDGE INVESTMENT MANAGEMENT, LLC",43757
30-SEP-2022,"VETAMER CAPITAL MANAGEMENT, L.P.",1474
30-SEP-2022,Tyler-Stone Wealth Management,80
30-SEP-2022,"Tradition Wealth Management, LLC",15
30-SEP-2022,Triumph Capital Management,504
30-SEP-2022,Truvestments Capital LLC,41
30-SEP-2022,Tsai Capital Corp,1761
30-SEP-2022,"Twin Lakes Capital Management, LLC",20
30-SEP-2022,"Twin Tree Management, LP",197993
30-SEP-2022,"UMB Bank, n.a.",1
30-SEP-2022,"VERUS CAPITAL PARTNERS, LLC",219
30-SEP-2022,UNITED MARITIME CAPITAL LLC,337
30-SEP-2022,USS Investment Management Ltd,4138
30-SEP-2022,V Wealth Advisors LLC,240
30-SEP-2022,VALLEY NATIONAL ADVISERS INC,19
30-SEP-2022,VAN ECK ASSOCIATES CORP,869
30-SEP-2022,VANGUARD GROUP INC,716658
30-SEP-2022,WELCH & FORBES LLC,908
30-SEP-2022,WHITTIER TRUST CO,14
30-SEP-2022,TownSquare Capital LLC,595
30-SEP-2022,WHITTIER TRUST CO OF NEVADA INC,30
30-SEP-2022,"Westside Investment Management, Inc.",246054
30-SEP-2022,"Worth Asset Management, LLC",84
30-SEP-2022,"X-Square Capital, LLC",403
30-SEP-2022,XR Securities LLC,1287
30-SEP-2022,"YOUSIF CAPITAL MANAGEMENT, LLC",561
30-SEP-2022,"Yarbrough Capital, LLC",2626
30-SEP-2022,ZAZOVE ASSOCIATES LLC,908
30-SEP-2022,"ZEKE CAPITAL ADVISORS, LLC",18
30-SEP-2022,ZEVENBERGEN CAPITAL INVESTMENTS LLC,71857
30-SEP-2022,"Zions Bancorporation, N.A.",5
30-SEP-2022,"Zullo Investment Group, Inc.",251
30-SEP-2022,Zurcher Kantonalbank (Zurich Cantonalbank),9843
30-SEP-2022,Zweig-DiMenna Associates LLC,1070
30-SEP-2022,qPULA Trading Management LP,375
30-SEP-2022,CREATIVE FINANCIAL DESIGNS INC /ADV,268
30-SEP-2022,"West Oak Capital, LLC",2
30-SEP-2022,"Wellington Shields Capital Management, LLC",1029
30-SEP-2022,"Wellington Shields & Co., LLC",1029
30-SEP-2022,"WP Advisors, LLC",905
30-SEP-2022,WINTON GROUP Ltd,365
30-SEP-2022,"WIPFLI FINANCIAL ADVISORS LLC,",94
30-SEP-2022,"WMG Financial Advisors, LLC",545
30-SEP-2022,WOLFF WIESE MAGANA LLC,32
30-SEP-2022,WOODARD & CO ASSET MANAGEMENT GROUP INC /ADV,256
30-SEP-2022,WOODSTOCK CORP,318
30-SEP-2022,"WR Wealth Planners, LLC",1078
30-SEP-2022,"Weinberger Asset Management, Inc",538800
30-SEP-2022,"Wagner Wealth Management, LLC",18
30-SEP-2022,Wahed Invest LLC,588
30-SEP-2022,Walleye Capital LLC,4141
30-SEP-2022,Walleye Trading LLC,40049
30-SEP-2022,"Wealth Architects, LLC",264
30-SEP-2022,Wealthsimple Inc.,536
30-SEP-2022,"Tradewinds Capital Management, LLC",3
30-SEP-2022,Tower View Investment Management & Research LLC,400
30-SEP-2022,SVB WEALTH LLC,76
30-SEP-2022,Strategy Capital LLC,83520
30-SEP-2022,"Sowa Financial Group, Inc.",319
30-SEP-2022,Spence Asset Management,29
30-SEP-2022,Spire Wealth Management,292
30-SEP-2022,"Stamos Capital Partners, L.P.",404
30-SEP-2022,"Stanley-Laman Group, Ltd.",3800
30-SEP-2022,"State of Tennessee, Treasury Department",55341
30-SEP-2022,State of Wyoming,3
30-SEP-2022,Steadview Capital Management LLC,33465
30-SEP-2022,Steel Peak Wealth Management LLC,2500
30-SEP-2022,"Stephens Consulting, LLC",1347
30-SEP-2022,"Sterling Investment Advisors, Ltd.",959
30-SEP-2022,"Steward Partners Investment Advisory, LLC",445
30-SEP-2022,Stonebridge Capital Advisors LLC,62
30-SEP-2022,"Stonegate Investment Group, LLC",21
30-SEP-2022,Strategic Advisors LLC,714
30-SEP-2022,"Sound View Wealth Advisors Group, LLC",219
30-SEP-2022,"Sound Income Strategies, LLC",2
30-SEP-2022,Souders Financial Advisors,477
30-SEP-2022,"Selective Wealth Management, Inc.",36
30-SEP-2022,SWS Partners,809
30-SEP-2022,San Luis Wealth Advisors LLC,849
30-SEP-2022,Sandy Spring Bank,147
30-SEP-2022,Sargent Bickham Lagudis LLC,9
30-SEP-2022,Sculptor Capital LP,4290
30-SEP-2022,"Seaport Global Advisors, LLC",250
30-SEP-2022,Semmax Financial Advisors Inc.,0
30-SEP-2022,"Solidarilty Wealth, LLC",761
30-SEP-2022,"Sepio Capital, LP",1633
30-SEP-2022,"Sheaff Brock Investment Advisors, LLC",217
30-SEP-2022,Sigma Planning Corp,769
30-SEP-2022,"SkyView Investment Advisors, LLC",207
30-SEP-2022,Skye Global Management LP,232
30-SEP-2022,Snowden Capital Advisors LLC,723
30-SEP-2022,"Strategic Wealth Advisors Group, LLC",3429
30-SEP-2022,"Stratos Wealth Partners, LTD.",708
30-SEP-2022,"Tortoise Investment Management, LLC",48
30-SEP-2022,Strong Tower Advisory Services,1655
30-SEP-2022,TRUST CO OF VERMONT,28
30-SEP-2022,"TRUSTCORE FINANCIAL SERVICES, LLC",15
30-SEP-2022,"TSFG, LLC",65
30-SEP-2022,TUCKER ASSET MANAGEMENT LLC,342
30-SEP-2022,TWINBEECH CAPITAL LP,6126
30-SEP-2022,"TWO SIGMA ADVISERS, LP",72861
30-SEP-2022,"TWO SIGMA INVESTMENTS, LP",13422
30-SEP-2022,"TWO SIGMA SECURITIES, LLC",29978
30-SEP-2022,TYBOURNE CAPITAL MANAGEMENT (HK) LTD,30345
30-SEP-2022,"Ten Capital Wealth Advisors, LLC",1
30-SEP-2022,"TenCore Partners, LP",9278
30-SEP-2022,Texas Yale Capital Corp.,3090
30-SEP-2022,Thrivent Financial for Lutherans,6863
30-SEP-2022,"TimeScale Financial, Inc.",12
30-SEP-2022,"Toroso Investments, LLC",432
30-SEP-2022,TOTH FINANCIAL ADVISORY CORP,37
30-SEP-2022,TORONTO DOMINION BANK,47277
30-SEP-2022,TOCQUEVILLE ASSET MANAGEMENT L.P.,3942
30-SEP-2022,"TCI Wealth Advisors, Inc.",54
30-SEP-2022,"Sugarloaf Wealth Management, LLC",20
30-SEP-2022,"Summit Trail Advisors, LLC",227
30-SEP-2022,"Sunbelt Securities, Inc.",261
30-SEP-2022,Swiss National Bank,139394
30-SEP-2022,"Synergy Financial Group, LTD",1734
30-SEP-2022,"T. Rowe Price Investment Management, Inc.",25402
30-SEP-2022,TD ASSET MANAGEMENT INC,213085
30-SEP-2022,TOBAM,470
30-SEP-2022,TEACHERS RETIREMENT SYSTEM OF THE STATE OF KENTUCKY,14088
30-SEP-2022,TFC Financial Management,31
30-SEP-2022,THORNBURG INVESTMENT MANAGEMENT INC,471
30-SEP-2022,"THOROUGHBRED FINANCIAL SERVICES, LLC",2129
30-SEP-2022,TIGER GLOBAL MANAGEMENT LLC,44781
30-SEP-2022,"TILIA FIDUCIARY PARTNERS, INC.",42
30-SEP-2022,Manchester Capital Management LLC,228
30-SEP-2022,"TITLEIST ASSET MANAGEMENT, LTD.",4593
30-SEP-2022,"Malaga Cove Capital, LLC",538
30-SEP-2022,"FinTrust Capital Advisors, LLC",5
30-SEP-2022,"Evolution Wealth Advisors, LLC",1006
30-SEP-2022,FAS Wealth Partners,354
30-SEP-2022,"FDx Advisors, Inc.",777
30-SEP-2022,FIERA CAPITAL CORP,231
30-SEP-2022,FINANCIAL COUNSELORS INC,1058
30-SEP-2022,FIRST FINANCIAL CORP /IN/,1
30-SEP-2022,FIRST MANHATTAN CO,16
30-SEP-2022,"FIRST REPUBLIC INVESTMENT MANAGEMENT, INC.",15182
30-SEP-2022,FIRST TRUST ADVISORS LP,60424
30-SEP-2022,"FLAGSHIP HARBOR ADVISORS, LLC",1272
30-SEP-2022,"FNY Investment Advisers, LLC",109
30-SEP-2022,FORMULA GROWTH LTD,6466
30-SEP-2022,FORSTA AP-FONDEN,7216
30-SEP-2022,"FRED ALGER MANAGEMENT, LLC",5166
30-SEP-2022,Family Management Corp,1073
30-SEP-2022,"Evoke Wealth, LLC",22
30-SEP-2022,"Everhart Financial Group, Inc.",207
30-SEP-2022,"EverSource Wealth Advisors, LLC",79
30-SEP-2022,Eisler Capital (UK) Ltd.,33
30-SEP-2022,ENVESTNET ASSET MANAGEMENT INC,21831
30-SEP-2022,EQUITABLE TRUST CO,8096
30-SEP-2022,EULAV Asset Management,2721
30-SEP-2022,"EXCHANGE TRADED CONCEPTS, LLC",317
30-SEP-2022,Eagle Bay Advisors LLC,1
30-SEP-2022,"Edgestream Partners, L.P.",366
30-SEP-2022,"Ellis Investment Partners, LLC",172
30-SEP-2022,Erste Asset Management GmbH,934658
30-SEP-2022,"Empirical Financial Services, LLC d.b.a. Empirical Wealth Management",246
30-SEP-2022,"Empowered Funds, LLC",311
30-SEP-2022,Engineers Gate Manager LP,1246
30-SEP-2022,"Ensign Peak Advisors, Inc",26388
30-SEP-2022,"Eqis Capital Management, Inc.",1511788
30-SEP-2022,Ergoteles LLC,353
30-SEP-2022,Farmers & Merchants Trust Co of Chambersburg PA,27
30-SEP-2022,Financial Advocates Investment Management,1249
30-SEP-2022,EDMOND DE ROTHSCHILD HOLDING S.A.,3361
30-SEP-2022,"Financial Avengers, Inc.",908
30-SEP-2022,GAGNON SECURITIES LLC,222
30-SEP-2022,GATEWAY INVESTMENT ADVISERS LLC,2006
30-SEP-2022,GENERATION INVESTMENT MANAGEMENT LLP,102598
30-SEP-2022,"GFG Capital, LLC",355
30-SEP-2022,"GHP Investment Advisors, Inc.",14
30-SEP-2022,GLUSKIN SHEFF & ASSOC INC,25654
30-SEP-2022,"GPS Wealth Strategies Group, LLC",220
30-SEP-2022,GRAND JEAN CAPITAL MANAGEMENT INC,843
30-SEP-2022,"GREAT VALLEY ADVISOR GROUP, INC.",350
30-SEP-2022,GREAT WEST LIFE ASSURANCE CO /CAN/,22457
30-SEP-2022,"GREENLEA LANE CAPITAL MANAGEMENT, LLC",21257
30-SEP-2022,"GRIFFIN ASSET MANAGEMENT, INC.",345
30-SEP-2022,"GROUP ONE TRADING, L.P.",89010
30-SEP-2022,GUARDIAN CAPITAL ADVISORS LP,762
30-SEP-2022,GUARDIAN CAPITAL LP,9582
30-SEP-2022,GABLES CAPITAL MANAGEMENT INC.,501
30-SEP-2022,"Full Sail Capital, LLC",432
30-SEP-2022,Front Row Advisors LLC,1
30-SEP-2022,First Command Bank,133
30-SEP-2022,Financial Enhancement Group LLC,9
30-SEP-2022,"Financial Gravity Asset Management, Inc.",3941
30-SEP-2022,"Financial Management Professionals, Inc.",32
30-SEP-2022,"Financial Perspectives, Inc",487183
30-SEP-2022,"Financial Synergies Wealth Advisors, Inc.",3503
30-SEP-2022,First Bank & Trust,298
30-SEP-2022,"First Command Financial Services, Inc.",133
30-SEP-2022,"FourThought Financial, LLC",15
30-SEP-2022,First Growth Investment Manager LP,1913
30-SEP-2022,"First Horizon Advisors, Inc.",88
30-SEP-2022,"Focus Financial Network, Inc.",7144569
30-SEP-2022,"Focused Wealth Management, Inc",66
30-SEP-2022,"Fortis Advisors, LLC",0
30-SEP-2022,"Foundations Investment Advisors, LLC",243
30-SEP-2022,EMC Capital Management,96
30-SEP-2022,EATON VANCE MANAGEMENT,13071
30-SEP-2022,Generali Investments Towarzystwo Funduszy Inwestycyjnych,296340
30-SEP-2022,"Clearstead Advisors, LLC",166
30-SEP-2022,"CarsonAllaria Wealth Management, Ltd.",32
30-SEP-2022,"Castleview Partners, LLC",1
30-SEP-2022,"Cavalier Investments, LLC",473
30-SEP-2022,"CenterStar Asset Management, LLC",122
30-SEP-2022,"Centiva Capital, LP",3256
30-SEP-2022,Cerity Partners LLC,1067
30-SEP-2022,Cetera Advisor Networks LLC,1590
30-SEP-2022,Cetera Advisors LLC,2364
30-SEP-2022,Cetera Investment Advisers,1187
30-SEP-2022,"Cherry Creek Investment Advisors, Inc.",290
30-SEP-2022,Chicago Partners Investment Group LLC,741
30-SEP-2022,City State Bank,5
30-SEP-2022,"Cladis Investment Advisory, LLC",355856
30-SEP-2022,ClariVest Asset Management LLC,2195
30-SEP-2022,Clean Yield Group,8
30-SEP-2022,"Carnegie Capital Asset Management, LLC",4862
30-SEP-2022,"Carmichael Hill & Associates, Inc.",157
30-SEP-2022,"Caption Management, LLC",7272
30-SEP-2022,"Cambridge Investment Research Advisors, Inc.",8366
30-SEP-2022,CSS LLC/IL,269
30-SEP-2022,"Main Street Financial Solutions, LLC",457
30-SEP-2022,CTC LLC,383949
30-SEP-2022,"CVA Family Office, LLC",24
30-SEP-2022,"CWM, LLC",518
30-SEP-2022,"Calton & Associates, Inc.",234
30-SEP-2022,"Camden Capital, LLC",618
30-SEP-2022,"Capstone Triton Financial Group, LLC",896
30-SEP-2022,"Canal Capital Management, LLC",346
30-SEP-2022,Candlestick Capital Management LP,10776
30-SEP-2022,Candriam S.C.A.,3898
30-SEP-2022,"Canvas Wealth Advisors, LLC",408
30-SEP-2022,Capital Asset Advisory Services LLC,716
30-SEP-2022,"Capital Group Private Client Services, Inc.",1957
30-SEP-2022,"Clearbridge Investments, LLC",17981
30-SEP-2022,Clearview Wealth Advisors LLC,4
30-SEP-2022,EARNEST PARTNERS LLC,4
30-SEP-2022,"Coastal Investment Advisors, Inc.",310
30-SEP-2022,"Cypress Wealth Services, LLC",361
30-SEP-2022,D.A. DAVIDSON & CO.,1744
30-SEP-2022,DAVENPORT & Co LLC,1471
30-SEP-2022,DF DENT & CO INC,8618
30-SEP-2022,DIMENSIONAL FUND ADVISORS LP,8252
30-SEP-2022,"DIVIDEND ASSETS CAPITAL, LLC",17
30-SEP-2022,"DUALITY ADVISERS, LP",1644
30-SEP-2022,DUNCKER STREETT & CO INC,3
30-SEP-2022,Dakota Wealth Management,266
30-SEP-2022,DeepCurrents Investment Group LLC,12044
30-SEP-2022,"Delos Wealth Advisors, LLC",6
30-SEP-2022,"Destiny Wealth Partners, LLC",13
30-SEP-2022,Durable Capital Partners LP,5347
30-SEP-2022,Dynamic Advisor Solutions LLC,490
30-SEP-2022,Dynamic Technology Lab Private Ltd,1067
30-SEP-2022,Cutler Group LLC / CA,2723
30-SEP-2022,"Crossmark Global Holdings, Inc.",1735
30-SEP-2022,"Cribstone Capital Management, LLC",40
30-SEP-2022,"Cornerstone Capital, Inc.",5655
30-SEP-2022,Collaborative Holdings Management LP,1334
30-SEP-2022,"Column Capital Advisors, LLC",173
30-SEP-2022,"Community Bank, N.A.",1
30-SEP-2022,"Connor, Clark & Lunn Investment Management Ltd.",138938
30-SEP-2022,Constellation Investimentos e Participacoes Ltda,113
30-SEP-2022,Core Alternative Capital,0
30-SEP-2022,"Cornerstone Wealth Management, LLC",275
30-SEP-2022,Crewe Advisors LLC,40
30-SEP-2022,"Covenant Asset Management, LLC",3450
30-SEP-2022,Covestor Ltd,132
30-SEP-2022,Creative Planning,4805
30-SEP-2022,"CreativeOne Wealth, LLC",407
30-SEP-2022,"Cresset Asset Management, LLC",1603
30-SEP-2022,Crestwood Advisors Group LLC,1608
30-SEP-2022,Geneos Wealth Management Inc.,52
30-SEP-2022,Covington Capital Management,200
30-SEP-2022,Gerber Kawasaki Wealth & Investment Management,711
30-SEP-2022,Laffer Tengler Investments,538
30-SEP-2022,"Knowledge Leaders Capital, LLC",312
30-SEP-2022,Korea Investment CORP,33174
30-SEP-2022,"Koshinski Asset Management, Inc.",289
30-SEP-2022,"Kovack Advisors, Inc.",1933
30-SEP-2022,"Kozak & Associates, Inc.",139
30-SEP-2022,L & S Advisors Inc,781
30-SEP-2022,LA FINANCIERE DE L'ECHIQUIER,7463
30-SEP-2022,LAKE STREET FINANCIAL LLC,398
30-SEP-2022,"LANDSCAPE CAPITAL MANAGEMENT, L.L.C.",711
30-SEP-2022,LAZARD ASSET MANAGEMENT LLC,19
30-SEP-2022,LINCOLN NATIONAL CORP,587
30-SEP-2022,LOGAN CAPITAL MANAGEMENT INC,434
30-SEP-2022,"LORD, ABBETT & CO. LLC",62934
30-SEP-2022,LORING WOLCOTT & COOLIDGE FIDUCIARY ADVISORS LLP/MA,77
30-SEP-2022,LPL Financial LLC,23429
30-SEP-2022,"Kistler-Tiffany Companies, LLC",36
30-SEP-2022,"Kingsview Wealth Management, LLC",1123
30-SEP-2022,Key Financial Inc,2
30-SEP-2022,"Jump Financial, LLC",6121
30-SEP-2022,JONES FINANCIAL COMPANIES LLLP,28
30-SEP-2022,JS Capital Management LLC,11854
30-SEP-2022,"Jaffetilchin Investment Partners, LLC",1821
30-SEP-2022,Janney Montgomery Scott LLC,1959
30-SEP-2022,"Jarislowsky, Fraser Ltd",332042
30-SEP-2022,"Johnson Midwest Financial, LLC",3
30-SEP-2022,"KB FINANCIAL PARTNERS, LLC",205
30-SEP-2022,"Kestra Advisory Services, LLC",2403401
30-SEP-2022,"KESTRA PRIVATE WEALTH SERVICES, LLC",811
30-SEP-2022,"KG&L Capital Management,LLC",218
30-SEP-2022,Kathleen S. Wright Associates Inc.,6
30-SEP-2022,Kelly Financial Services LLC,33163
30-SEP-2022,"Kercheville Advisors, LLC",219
30-SEP-2022,"Kesler, Norman & Wride, LLC",221
30-SEP-2022,"LYELL WEALTH MANAGEMENT, LP",3651
30-SEP-2022,Larson Financial Group LLC,148
30-SEP-2022,"JANICZEK WEALTH MANAGEMENT, LLC",3
30-SEP-2022,"Lattice Capital Management, LLC",413
30-SEP-2022,MCF Advisors LLC,50
30-SEP-2022,"MEAG MUNICH ERGO, Kapitalanlagegesellschaft mbH",865
30-SEP-2022,"MEANS INVESTMENT CO., INC.",352
30-SEP-2022,MERCER GLOBAL ADVISORS INC /ADV,895
30-SEP-2022,MGO ONE SEVEN LLC,202
30-SEP-2022,MILLENNIUM MANAGEMENT LLC,18048
30-SEP-2022,"MISSION WEALTH MANAGEMENT, LP",508
30-SEP-2022,MMBG INVESTMENT ADVISORS CO.,3343
30-SEP-2022,MONEY CONCEPTS CAPITAL CORP,35
30-SEP-2022,MONTAG A & ASSOCIATES INC,471
30-SEP-2022,MONTRUSCO BOLTON INVESTMENTS INC.,833
30-SEP-2022,"MOORE CAPITAL MANAGEMENT, LP",1616
30-SEP-2022,Gifford Fong Associates,1886
30-SEP-2022,MUFG Securities EMEA plc,7487
30-SEP-2022,"Mach-1 Financial Group, LLC",28
30-SEP-2022,MAVERICK CAPITAL LTD,730
30-SEP-2022,MASSMUTUAL TRUST CO FSB/ADV,15
30-SEP-2022,MASSACHUSETTS FINANCIAL SERVICES CO /MA/,21741
30-SEP-2022,Liontrust Investment Partners LLP,5007023
30-SEP-2022,"Leeward Financial Partners, LLC",220
30-SEP-2022,"Legacy Wealth Asset Management, LLC",377
30-SEP-2022,"Legal Advantage Investments, Inc.",658
30-SEP-2022,"LexAurum Advisors, LLC",332
30-SEP-2022,"Lido Advisors, LLC",812
30-SEP-2022,"Lindbrook Capital, LLC",254
30-SEP-2022,Lumina Fund Management LLC,269
30-SEP-2022,MARYLAND CAPITAL ADVISORS INC.,4
30-SEP-2022,"M Holdings Securities, Inc.",1503
30-SEP-2022,M&R CAPITAL MANAGEMENT INC,26
30-SEP-2022,MACKENZIE FINANCIAL CORP,120121
30-SEP-2022,MACQUARIE GROUP LTD,4567
30-SEP-2022,MACROVIEW INVESTMENT MANAGEMENT LLC,0
30-SEP-2022,MAI Capital Management,691
30-SEP-2022,"JEPPSON WEALTH MANAGEMENT, LLC",724
30-SEP-2022,"Lumature Wealth Partners, LLC",1
30-SEP-2022,J. Goldman & Co LP,396
30-SEP-2022,"Guardian Wealth Advisors, LLC",36
30-SEP-2022,HALLMARK CAPITAL MANAGEMENT INC,58
30-SEP-2022,"HANTZ FINANCIAL SERVICES, INC.",1199
30-SEP-2022,"HAP Trading, LLC",4426
30-SEP-2022,"HARBOR CAPITAL ADVISORS, INC.",742
30-SEP-2022,"HARBOR INVESTMENT ADVISORY, LLC",333
30-SEP-2022,"HARBOUR INVESTMENTS, INC.",870
30-SEP-2022,HBK Sorce Advisory LLC,230
30-SEP-2022,"HHM Wealth Advisors, LLC",58
30-SEP-2022,HIGHLINE WEALTH PARTNERS LLC,22899
30-SEP-2022,HIMENSION CAPITAL (SINGAPORE) PTE. LTD.,46225
30-SEP-2022,HM PAYSON & CO,7
30-SEP-2022,"HMI Capital Management, L.P.",183907
30-SEP-2022,HOWE & RUSLING INC,4
30-SEP-2022,HSBC HOLDINGS PLC,21421
30-SEP-2022,"HST Ventures, LLC",3703
30-SEP-2022,Gulf International Bank (UK) Ltd,259
30-SEP-2022,"Gs Investments, Inc.",12
30-SEP-2022,Hartford Financial Management Inc.,3
30-SEP-2022,"Granite Point Capital Management, L.P.",216
30-SEP-2022,Glassman Wealth Services,36
30-SEP-2022,"Gleason Group, Inc.",114
30-SEP-2022,Investors Research Corp,1
30-SEP-2022,Gladstone Institutional Advisory LLC,510
30-SEP-2022,"Glen Eagle Advisors, LLC",700
30-SEP-2022,"Global Financial Private Client, LLC",91164
30-SEP-2022,"Global Retirement Partners, LLC",324
30-SEP-2022,"Global Wealth Management Investment Advisory, Inc.",978
30-SEP-2022,GoalVest Advisory LLC,16
30-SEP-2022,"Good Life Advisors, LLC",557
30-SEP-2022,Gordian Capital Singapore Pte Ltd,1
30-SEP-2022,"Gould Capital, LLC",3
30-SEP-2022,Gradient Investments LLC,22
30-SEP-2022,Grandview Asset Management LLC,388
30-SEP-2022,"Granite Bay Wealth Management, LLC",438
30-SEP-2022,Hanson & Doremus Investment Management,12
30-SEP-2022,Greytown Advisors Inc.,493
30-SEP-2022,"Hennion & Walsh Asset Management, Inc.",218
30-SEP-2022,"IHT Wealth Management, LLC",221
30-SEP-2022,"INSTITUTIONAL & FAMILY ASSET MANAGEMENT, LLC",1
30-SEP-2022,INTACT INVESTMENT MANAGEMENT INC.,15268
30-SEP-2022,INVESTMENT HOUSE LLC,293
30-SEP-2022,"Icon Wealth Advisors, LLC",261
30-SEP-2022,Ilmarinen Mutual Pension Insurance Co,12221
30-SEP-2022,Independent Advisor Alliance,765
30-SEP-2022,Industrial Alliance Investment Management Inc.,81
30-SEP-2022,"Institute for Wealth Management, LLC.",320
30-SEP-2022,Integrated Advisors Network LLC,239
30-SEP-2022,"Interchange Capital Partners, LLC",204
30-SEP-2022,"Interval Partners, LP",458
30-SEP-2022,"Intrinsic Value Partners, LLC",521
30-SEP-2022,Henry James International Management Inc.,4159
30-SEP-2022,Investment Management Corp of Ontario,10560
30-SEP-2022,"Investment Research & Advisory Group, Inc.",6
30-SEP-2022,"IMC-Chicago, LLC",184585
30-SEP-2022,"Independent Solutions Wealth Management, LLC",673971
30-SEP-2022,"IFP Advisors, Inc",1676
30-SEP-2022,"Horan Securities, Inc.",2
30-SEP-2022,HighMark Wealth Management LLC,11
30-SEP-2022,"HighTower Advisors, LLC",3536
30-SEP-2022,High Net Worth Advisory Group LLC,19
30-SEP-2022,Hexagon Capital Partners LLC,13
30-SEP-2022,"HighTower Trust Company, N.A.",200
30-SEP-2022,"Highlander Capital Management, LLC",27
30-SEP-2022,Hillsdale Investment Management Inc.,2323
30-SEP-2022,"Horrell Capital Management, Inc.",7
30-SEP-2022,"Hudock, Inc.",6
30-SEP-2022,"IAG Wealth Partners, LLC",4
30-SEP-2022,"ICONIQ Capital, LLC",806
30-SEP-2022,"IEQ CAPITAL, LLC",283
30-JUN-2022,LAKE STREET FINANCIAL LLC,663
30-JUN-2022,"LAKE STREET ADVISORS GROUP, LLC",14
30-JUN-2022,"Kistler-Tiffany Companies, LLC",42
30-JUN-2022,"LANDSCAPE CAPITAL MANAGEMENT, L.L.C.",601
30-JUN-2022,LA FINANCIERE DE L'ECHIQUIER,8654
30-JUN-2022,L & S Advisors Inc,1589
30-JUN-2022,"Kozak & Associates, Inc.",169
30-JUN-2022,LAZARD ASSET MANAGEMENT LLC,23
30-JUN-2022,"Kovack Advisors, Inc.",2521
30-JUN-2022,Korea Investment CORP,37555
30-JUN-2022,"Kesler, Norman & Wride, LLC",262
30-JUN-2022,"Kingsview Wealth Management, LLC",1355
30-JUN-2022,Key Financial Inc,8
30-JUN-2022,"Kestra Advisory Services, LLC",2412
30-JUN-2022,"KESTRA PRIVATE WEALTH SERVICES, LLC",831
30-JUN-2022,MACKENZIE FINANCIAL CORP,133739
30-JUN-2022,Kelly Financial Services LLC,47172
30-JUN-2022,Kathleen S. Wright Associates Inc.,9
30-JUN-2022,"Jump Financial, LLC",915
30-JUN-2022,LINCOLN NATIONAL CORP,703
30-JUN-2022,"KB FINANCIAL PARTNERS, LLC",188
30-JUN-2022,"KG&L Capital Management,LLC",299
30-JUN-2022,"LEVEL FOUR ADVISORY SERVICES, LLC",217
30-JUN-2022,"LexAurum Advisors, LLC",420
30-JUN-2022,LOGAN CAPITAL MANAGEMENT INC,480
30-JUN-2022,LONE PINE CAPITAL LLC,781
30-JUN-2022,M&G INVESTMENT MANAGEMENT LTD,16399
30-JUN-2022,M&R CAPITAL MANAGEMENT INC,31
30-JUN-2022,MACKAY SHIELDS LLC,1269
30-JUN-2022,"Johnson Financial Group, LLC",1775
30-JUN-2022,Lumina Fund Management LLC,312
30-JUN-2022,"Lumature Wealth Partners, LLC",2
30-JUN-2022,Liontrust Investment Partners LLP,2567343
30-JUN-2022,"Lindbrook Capital, LLC",224
30-JUN-2022,"Lido Advisors, LLC",838
30-JUN-2022,"Level Financial Advisors, Inc.",59
30-JUN-2022,"Legal Advantage Investments, Inc.",763
30-JUN-2022,"Legacy Wealth Asset Management, LLC",299
30-JUN-2022,"Laurel Wealth Advisors, Inc.",242
30-JUN-2022,"Lattice Capital Management, LLC",493
30-JUN-2022,Larson Financial Group LLC,27
30-JUN-2022,Lake Point Wealth Management,5
30-JUN-2022,Laffer Tengler Investments,624
30-JUN-2022,"LYELL WEALTH MANAGEMENT, LP",4249
30-JUN-2022,LPL Financial LLC,25194
30-JUN-2022,LORING WOLCOTT & COOLIDGE FIDUCIARY ADVISORS LLP/MA,89
30-JUN-2022,"LORD, ABBETT & CO. LLC",25006
30-JUN-2022,"Johnson Midwest Financial, LLC",3
30-JUN-2022,Hillsdale Investment Management Inc.,5258
30-JUN-2022,"Jarislowsky, Fraser Ltd",390296
30-JUN-2022,High Net Worth Advisory Group LLC,22
30-JUN-2022,"IAG Wealth Partners, LLC",4
30-JUN-2022,Hudson Bay Capital Management LP,6908
30-JUN-2022,"Hudock, Inc.",7
30-JUN-2022,"Horrell Capital Management, Inc.",8
30-JUN-2022,"Horan Securities, Inc.",3
30-JUN-2022,"Highlander Capital Management, LLC",55
30-JUN-2022,"HighTower Trust Services, LTA",241
30-JUN-2022,"HighTower Advisors, LLC",4539
30-JUN-2022,HighPoint Advisor Group LLC,745
30-JUN-2022,HighMark Wealth Management LLC,9
30-JUN-2022,Hexagon Capital Partners LLC,6
30-JUN-2022,"IEQ CAPITAL, LLC",1014
30-JUN-2022,Heritage Wealth Advisors,44
30-JUN-2022,Henry James International Management Inc.,2406
30-JUN-2022,"Hennion & Walsh Asset Management, Inc.",249
30-JUN-2022,Hartford Financial Management Inc.,3
30-JUN-2022,"Harbour Capital Advisors, LLC",321
30-JUN-2022,Hanson & Doremus Investment Management,14
30-JUN-2022,MACROVIEW INVESTMENT MANAGEMENT LLC,0
30-JUN-2022,HSBC HOLDINGS PLC,14875
30-JUN-2022,"HMI Capital Management, L.P.",198044
30-JUN-2022,HOWE & RUSLING INC,5
30-JUN-2022,"ICONIQ Capital, LLC",958
30-JUN-2022,"IFP Advisors, Inc",1075
30-JUN-2022,Janney Montgomery Scott LLC,2405
30-JUN-2022,"Inscription Capital, LLC",236
30-JUN-2022,"Jaffetilchin Investment Partners, LLC",1928
30-JUN-2022,JS Capital Management LLC,16870
30-JUN-2022,"JFS WEALTH ADVISORS, LLC",48
30-JUN-2022,"JEPPSON WEALTH MANAGEMENT, LLC",684
30-JUN-2022,"JANICZEK WEALTH MANAGEMENT, LLC",5
30-JUN-2022,"J.W. COLE ADVISORS, INC.",229
30-JUN-2022,Investors Research Corp,1
30-JUN-2022,"Investment Research & Advisory Group, Inc.",7
30-JUN-2022,Investment Management Corp of Ontario,12246
30-JUN-2022,"Institute for Wealth Management, LLC.",297
30-JUN-2022,Industrial Alliance Investment Management Inc.,77
30-JUN-2022,"IHT Wealth Management, LLC",212
30-JUN-2022,"Independent Solutions Wealth Management, LLC",780391
30-JUN-2022,Independent Advisor Alliance,767
30-JUN-2022,Ilmarinen Mutual Pension Insurance Co,13975
30-JUN-2022,"Icon Wealth Partners, LLC",292
30-JUN-2022,ITHAKA GROUP LLC,2595
30-JUN-2022,IPG Investment Advisors LLC,424
30-JUN-2022,INVESTMENT HOUSE LLC,265
30-JUN-2022,INTACT INVESTMENT MANAGEMENT INC.,16585
30-JUN-2022,"INSTITUTIONAL & FAMILY ASSET MANAGEMENT, LLC",1
30-JUN-2022,"IMC-Chicago, LLC",425100
30-JUN-2022,MACQUARIE GROUP LTD,5764
30-JUN-2022,"Nicholas Investment Partners, LP",544
30-JUN-2022,MAI Capital Management,955
30-JUN-2022,Neuberger Berman Group LLC,1732
30-JUN-2022,"NuWave Investment Management, LLC",432
30-JUN-2022,"NorthCrest Asset Manangement, LLC",2982
30-JUN-2022,North Star Investment Management Corp.,32
30-JUN-2022,"Nikko Asset Management Americas, Inc.",296418
30-JUN-2022,"Night Owl Capital Management, LLC",2579
30-JUN-2022,"Newbridge Financial Services Group, Inc.",729
30-JUN-2022,NewSquare Capital LLC,5
30-JUN-2022,"NewEdge Wealth, LLC",505
30-JUN-2022,"NewEdge Advisors, LLC",1380
30-JUN-2022,New Millennium Group LLC,1
30-JUN-2022,Nepsis Inc.,3617
30-JUN-2022,"O'SHAUGHNESSY ASSET MANAGEMENT, LLC",316
30-JUN-2022,"Nelson, Van Denburg & Campbell Wealth Management Group, LLC",273
30-JUN-2022,Nellore Capital Management LLC,1897
30-JUN-2022,"Nadler Financial Group, Inc.",220
30-JUN-2022,"NZS Capital, LLC",371
30-JUN-2022,"NVWM, LLC",50
30-JUN-2022,"NORTHWEST INVESTMENT COUNSELORS, LLC",29
30-JUN-2022,NORTHERN OAK WEALTH MANAGEMENT INC,36
30-JUN-2022,NORGES BANK,367581668
30-JUN-2022,NOMURA HOLDINGS INC,35018
30-JUN-2022,NOMURA ASSET MANAGEMENT CO LTD,2138951
30-JUN-2022,"O'Dell Group, LLC",374
30-JUN-2022,OLD NATIONAL BANCORP /IN/,418
30-JUN-2022,MAKENA CAPITAL MANAGEMENT LLC,5296
30-JUN-2022,"PATHSTONE FAMILY OFFICE, LLC",289608
30-JUN-2022,PITTENGER & ANDERSON INC,49
30-JUN-2022,POLEN CAPITAL MANAGEMENT LLC,16021
30-JUN-2022,HIMENSION CAPITAL (SINGAPORE) PTE. LTD.,65491
30-JUN-2022,"PINEBRIDGE INVESTMENTS, L.P.",1577
30-JUN-2022,PIN OAK INVESTMENT ADVISORS INC,12
30-JUN-2022,"PFS Partners, LLC",26867
30-JUN-2022,PFS INVESTMENTS INC.,410
30-JUN-2022,PERSONAL CAPITAL ADVISORS CORP,312
30-JUN-2022,PECONIC PARTNERS LLC,60
30-JUN-2022,PCJ Investment Counsel Ltd.,1241
30-JUN-2022,"PARTNERS CAPITAL INVESTMENT GROUP, LLP",16796
30-JUN-2022,OLIVER LAGORE VANVALIN INVESTMENT GROUP,36
30-JUN-2022,Oxler Private Wealth LLC,56544
30-JUN-2022,Orion Capital Management LLC,42
30-JUN-2022,Operose Advisors LLC,125
30-JUN-2022,"Once Capital Management, LLC",781
30-JUN-2022,"Oder Investment Management, LLC",229
30-JUN-2022,Octahedron Capital Management L.P.,1109
30-JUN-2022,OXFORD FINANCIAL GROUP LTD,503
30-JUN-2022,OPTIMUM INVESTMENT ADVISORS,134
30-JUN-2022,OPPENHEIMER & CO INC,688
30-JUN-2022,OMERS ADMINISTRATION Corp,12563
30-JUN-2022,NICOLET BANKSHARES INC,201
30-JUN-2022,NICOLA WEALTH MANAGEMENT LTD.,1060
30-JUN-2022,"NFJ INVESTMENT GROUP, LLC",0
30-JUN-2022,MITCHELL MCLEOD PUGH & WILLIAMS INC,440
30-JUN-2022,"Malaga Cove Capital, LLC",548
30-JUN-2022,"Main Street Financial Solutions, LLC",530
30-JUN-2022,Magellan Asset Management Ltd,85
30-JUN-2022,"Mach-1 Financial Group, LLC",35
30-JUN-2022,MUFG Securities EMEA plc,5373
30-JUN-2022,MOSELEY INVESTMENT MANAGEMENT INC,214
30-JUN-2022,MONTRUSCO BOLTON INVESTMENTS INC.,921
30-JUN-2022,MONTAG A & ASSOCIATES INC,546
30-JUN-2022,MONEY CONCEPTS CAPITAL CORP,163
30-JUN-2022,MMBG INVESTMENT ADVISORS CO.,3620
30-JUN-2022,"MISSION WEALTH MANAGEMENT, LP",560
30-JUN-2022,NEW YORK STATE COMMON RETIREMENT FUND,47432
30-JUN-2022,MILLENNIUM MANAGEMENT LLC,56689
30-JUN-2022,"MIG Capital, LLC",5821
30-JUN-2022,MERCER GLOBAL ADVISORS INC /ADV,1076
30-JUN-2022,"MEANS INVESTMENT CO., INC.",231
30-JUN-2022,"MEAG MUNICH ERGO, Kapitalanlagegesellschaft mbH",1061
30-JUN-2022,MCF Advisors LLC,57
30-JUN-2022,MAVERICK CAPITAL LTD,313
30-JUN-2022,MASSMUTUAL TRUST CO FSB/ADV,19
30-JUN-2022,MASSACHUSETTS FINANCIAL SERVICES CO /MA/,18736
30-JUN-2022,MARSICO CAPITAL MANAGEMENT LLC,367
30-JUN-2022,Manchester Capital Management LLC,265
30-JUN-2022,Marcho Partners LLP,50730
30-JUN-2022,"Marcum Wealth, LLC",18
30-JUN-2022,"Mariner, LLC",2362
30-JUN-2022,NATIXIS,382
30-JUN-2022,"Mutual Advisors, LLC",1096
30-JUN-2022,Murchinson Ltd.,1562
30-JUN-2022,"Mount Yale Investment Advisors, LLC",754
30-JUN-2022,"Moser Wealth Advisors, LLC",164
30-JUN-2022,"Moors & Cabot, Inc.",349
30-JUN-2022,"Moloney Securities Asset Management, LLC",1169
30-JUN-2022,"Moisand Fitzgerald Tamayo, LLC",1
30-JUN-2022,Mn Services Vermogensbeheer B.V.,20951
30-JUN-2022,Mitsubishi UFJ Trust & Banking Corp,42642
30-JUN-2022,Missouri Trust & Investment Co,2
30-JUN-2022,"Mirae Asset Global Investments Co., Ltd.",70718
30-JUN-2022,Mirador Capital Partners LP,214
30-JUN-2022,"Metis Global Partners, LLC",1328
30-JUN-2022,"Meridian Wealth Management, LLC",2511
30-JUN-2022,Mechanics Bank Trust Department,336
30-JUN-2022,"McIlrath & Eck, LLC",261
30-JUN-2022,Matisse Capital,322
30-JUN-2022,Masso Torrence Wealth Management Inc.,340
30-JUN-2022,Mass Ave Global Inc.,3361
30-JUN-2022,Mascoma Wealth Management LLC,4
30-JUN-2022,HM PAYSON & CO,8
30-JUN-2022,Artemis Investment Management LLP,1454
30-JUN-2022,"HHM Wealth Advisors, LLC",54
30-JUN-2022,"DFPG INVESTMENTS, LLC",619
30-JUN-2022,Desjardins Global Asset Management Inc.,347
30-JUN-2022,"Delos Wealth Advisors, LLC",7
30-JUN-2022,DeepCurrents Investment Group LLC,14715
30-JUN-2022,Dakota Wealth Management,503
30-JUN-2022,"DZ BANK AG Deutsche Zentral Genossenschafts Bank, Frankfurt am Main",4
30-JUN-2022,DUNCKER STREETT & CO INC,4
30-JUN-2022,"DUALITY ADVISERS, LP",887
30-JUN-2022,DIXON HUBARD FEINOUR & BROWN INC/VA,1041
30-JUN-2022,"DIVIDEND ASSETS CAPITAL, LLC",20
30-JUN-2022,DIMENSIONAL FUND ADVISORS LP,9023
30-JUN-2022,"Asset Dedication, LLC",61
30-JUN-2022,"Ameritas Advisory Services, LLC",567
30-JUN-2022,Assenagon Asset Management S.A.,382
30-JUN-2022,"Ashe Capital Management, LP",60936
30-JUN-2022,"Arthedge Capital Management, LLC",5873
30-JUN-2022,Arlington Partners LLC,4
30-JUN-2022,Arkadios Wealth Advisors,287
30-JUN-2022,Archer Investment Corp,7810
30-JUN-2022,Aquatic Capital Management LLC,656
30-JUN-2022,"Apollon Wealth Management, LLC",3605
30-JUN-2022,"Annapolis Financial Services, LLC",13
30-JUN-2022,"Ancora Advisors, LLC",453
30-JUN-2022,"Destiny Wealth Partners, LLC",15
30-JUN-2022,"Diligent Investors, LLC",212
30-JUN-2022,Discovery Value Fund,28747
30-JUN-2022,Durable Capital Partners LP,46061
30-JUN-2022,"Empowered Funds, LLC",289
30-JUN-2022,"Empirical Financial Services, LLC d.b.a. Empirical Wealth Management",238
30-JUN-2022,"Ellis Investment Partners, LLC",196
30-JUN-2022,"Ellevest, Inc.",3
30-JUN-2022,Eagle Bay Advisors LLC,12655
30-JUN-2022,"EXCHANGE TRADED CONCEPTS, LLC",397
30-JUN-2022,EXANE DERIVATIVES,11806
30-JUN-2022,EULAV Asset Management,3155
30-JUN-2022,"EQUITEC PROPRIETARY MARKETS, LLC",62
30-JUN-2022,EQUITABLE TRUST CO,16284
30-JUN-2022,"EP Wealth Advisors, LLC",301
30-JUN-2022,ENVESTNET ASSET MANAGEMENT INC,36498
30-JUN-2022,EMJ Capital Ltd.,781
30-JUN-2022,ELEQUIN CAPITAL LP,0
30-JUN-2022,EFG Asset Management (North America) Corp.,3053
30-JUN-2022,EFG Asset Management (Americas) Corp.,1307
30-JUN-2022,EDMOND DE ROTHSCHILD HOLDING S.A.,3418
30-JUN-2022,EATON VANCE MANAGEMENT,15134
30-JUN-2022,EARNEST PARTNERS LLC,5
30-JUN-2022,Dynamic Technology Lab Private Ltd,566
30-JUN-2022,Dynamic Advisor Solutions LLC,324
30-JUN-2022,"Anchor Investment Management, LLC",242735
30-JUN-2022,American Portfolios Advisors,1653705
30-JUN-2022,"Ensign Peak Advisors, Inc",26550
30-JUN-2022,ALKEON CAPITAL MANAGEMENT LLC,127445
30-JUN-2022,"ATALANTA SOSNOFF CAPITAL, LLC",6367
30-JUN-2022,"ASSETMARK, INC",820
30-JUN-2022,"ASB Consultores, LLC",266
30-JUN-2022,"ARTHUR M. COHEN & ASSOCIATES, LLC",602
30-JUN-2022,"ARMISTICE CAPITAL, LLC",7498
30-JUN-2022,ARK Investment Management LLC,455203
30-JUN-2022,ARCADIA INVESTMENT MANAGEMENT CORP/MI,278
30-JUN-2022,"APPLIED RESEARCH INVESTMENTS, LLC",416
30-JUN-2022,AMF Tjanstepension AB,22144
30-JUN-2022,"ALPINE WOODS CAPITAL INVESTORS, LLC",3958
30-JUN-2022,AGF INVESTMENTS INC.,14784
30-JUN-2022,"Alyeska Investment Group, L.P.",12808
30-JUN-2022,AEGON ASSET MANAGEMENT UK Plc,10935
30-JUN-2022,AE Wealth Management LLC,8230
30-JUN-2022,ADVISOR PARTNERS LLC,393
30-JUN-2022,ADVENT CAPITAL MANAGEMENT /DE/,35885
30-JUN-2022,"ADVANCED RESEARCH INVESTMENT SOLUTIONS, LLC",282
30-JUN-2022,"ADIRONDACK RETIREMENT SPECIALISTS, INC.",2573
30-JUN-2022,ACORN FINANCIAL ADVISORY SERVICES INC /ADV,357
30-JUN-2022,ACG Wealth,56
30-JUN-2022,PRICE T ROWE ASSOCIATES INC /MD/,1003241
30-JUN-2022,1832 Asset Management L.P.,9308
30-JUN-2022,ATLAS CAPITAL ADVISORS LLC,937
30-JUN-2022,ATMOS CAPITAL GESTAO DE RECURSOS LTDA.,11089
30-JUN-2022,ATRIA INVESTMENTS LLC,2124
30-JUN-2022,"ATTICUS WEALTH MANAGEMENT, LLC",0
30-JUN-2022,Alta Wealth Advisors LLC,672
30-JUN-2022,"AlphaMark Advisors, LLC",4
30-JUN-2022,AlphaCrest Capital Management LLC,385
30-JUN-2022,Allworth Financial LP,291
30-JUN-2022,"Alera Investment Advisors, LLC",35
30-JUN-2022,Alberta Investment Management Corp,21503
30-JUN-2022,"Aigen Investment Management, LP",277
30-JUN-2022,Ahrens Investment Partners LLC,6
30-JUN-2022,Aequim Alternative Investments LP,2187
30-JUN-2022,"Advisory Services Network, LLC",2003
30-JUN-2022,Advisory Resource Group,353
30-JUN-2022,"Advisors Asset Management, Inc.",12633
30-JUN-2022,"AdvisorNet Financial, Inc",208
30-JUN-2022,Addenda Capital Inc.,24141
30-JUN-2022,Activest Wealth Management,72
30-JUN-2022,Accel Wealth Management,35
30-JUN-2022,"Abdiel Capital Advisors, LP",134187
30-JUN-2022,"Abbrea Capital, LLC",233
30-JUN-2022,"Abbot Financial Management, Inc.",216
30-JUN-2022,"AXXCESS WEALTH MANAGEMENT, LLC",410
30-JUN-2022,"AVANTAX ADVISORY SERVICES, INC.",1302
30-JUN-2022,"Enlightenment Research, LLC",856
30-JUN-2022,Erste Asset Management GmbH,1155856
30-JUN-2022,HEALTHCARE OF ONTARIO PENSION PLAN TRUST FUND,1406
30-JUN-2022,"GREENLEA LANE CAPITAL MANAGEMENT, LLC",21198
30-JUN-2022,Glassman Wealth Services,50
30-JUN-2022,Gladstone Institutional Advisory LLC,784
30-JUN-2022,Gifford Fong Associates,2187
30-JUN-2022,Gerber Kawasaki Wealth & Investment Management,880
30-JUN-2022,Generali Investments Towarzystwo Funduszy Inwestycyjnych,390500
30-JUN-2022,Geneos Wealth Management Inc.,125
30-JUN-2022,GUARDIAN CAPITAL LP,11358
30-JUN-2022,GUARDIAN CAPITAL ADVISORS LP,1045
30-JUN-2022,"GROUP ONE TRADING, L.P.",168987
30-JUN-2022,"GRIFFIN ASSET MANAGEMENT, INC.",550
30-JUN-2022,GREAT WEST LIFE ASSURANCE CO /CAN/,24714
30-JUN-2022,GATEWAY INVESTMENT ADVISERS LLC,769
30-JUN-2022,"GREAT VALLEY ADVISOR GROUP, INC.",346
30-JUN-2022,GRAND JEAN CAPITAL MANAGEMENT INC,979
30-JUN-2022,"GPS Wealth Strategies Group, LLC",227
30-JUN-2022,"GM Advisory Group, Inc.",236
30-JUN-2022,GLYNN CAPITAL MANAGEMENT LLC,13678
30-JUN-2022,GLUSKIN SHEFF & ASSOC INC,29673
30-JUN-2022,GLENMEDE TRUST CO NA,679
30-JUN-2022,"GILL CAPITAL PARTNERS, LLC",366
30-JUN-2022,"GHP Investment Advisors, Inc.",8
30-JUN-2022,"GFG Capital, LLC",286
30-JUN-2022,"Gleason Group, Inc.",133
30-JUN-2022,"Global Financial Private Client, LLC",79153
30-JUN-2022,"Global Retirement Partners, LLC",277
30-JUN-2022,"Global Wealth Management Investment Advisory, Inc.",694
30-JUN-2022,HBW Advisory Services LLC,223
30-JUN-2022,HBK Sorce Advisory LLC,386
30-JUN-2022,"HARBOUR INVESTMENTS, INC.",870
30-JUN-2022,"HARBOR INVESTMENT ADVISORY, LLC",318
30-JUN-2022,"HARBOR CAPITAL ADVISORS, INC.",1331
30-JUN-2022,"HAP Trading, LLC",2166
30-JUN-2022,"HANTZ FINANCIAL SERVICES, INC.",1383
30-JUN-2022,HANCOCK WHITNEY CORP,1090
30-JUN-2022,HALLMARK CAPITAL MANAGEMENT INC,134
30-JUN-2022,Gulf International Bank (UK) Ltd,276
30-JUN-2022,"Gs Investments, Inc.",18
30-JUN-2022,Greytown Advisors Inc.,571
30-JUN-2022,"Great Diamond Partners, LLC",239
30-JUN-2022,"Granite Point Capital Management, L.P.",250
30-JUN-2022,"Granite Bay Wealth Management, LLC",476
30-JUN-2022,Grandview Asset Management LLC,483
30-JUN-2022,Gradient Investments LLC,26
30-JUN-2022,"Gould Capital, LLC",3
30-JUN-2022,Gordian Capital Singapore Pte Ltd,1
30-JUN-2022,"Good Life Advisors, LLC",669
30-JUN-2022,GoalVest Advisory LLC,20
30-JUN-2022,GENERATION INVESTMENT MANAGEMENT LLP,234386
30-JUN-2022,GAM Holding AG,3669
30-JUN-2022,"EverSource Wealth Advisors, LLC",94
30-JUN-2022,FIRST FOUNDATION ADVISORS,526
30-JUN-2022,Family Management Corp,1320
30-JUN-2022,"FRED ALGER MANAGEMENT, LLC",4701
30-JUN-2022,"FOX RUN MANAGEMENT, L.L.C.",507
30-JUN-2022,FORTE CAPITAL LLC /ADV,1543
30-JUN-2022,FORSTA AP-FONDEN,7265
30-JUN-2022,FORMULA GROWTH LTD,7498
30-JUN-2022,"FLAGSHIP HARBOR ADVISORS, LLC",1451
30-JUN-2022,FIRST TRUST ADVISORS LP,58658
30-JUN-2022,"FIRST REPUBLIC INVESTMENT MANAGEMENT, INC.",12790
30-JUN-2022,FIRST MANHATTAN CO,82
30-JUN-2022,FINANCIAL COUNSELORS INC,1087
30-JUN-2022,GABLES CAPITAL MANAGEMENT INC.,615
30-JUN-2022,FIERA CAPITAL CORP,251
30-JUN-2022,FIDUCIENT ADVISORS LLC,239
30-JUN-2022,"FDx Advisors, Inc.",780
30-JUN-2022,FARMERS TRUST CO,230
30-JUN-2022,FARMERS & MERCHANTS INVESTMENTS INC,11
30-JUN-2022,"FAIRFIELD, BUSH & CO.",44
30-JUN-2022,"ExodusPoint Capital Management, LP",11048
30-JUN-2022,"Evolution Wealth Advisors, LLC",1065
30-JUN-2022,"Evoke Wealth, LLC",25
30-JUN-2022,"Everhart Financial Group, Inc.",242
30-JUN-2022,Farmer Steven Patrick,268
30-JUN-2022,Farmers & Merchants Trust Co of Chambersburg PA,31
30-JUN-2022,"Fieldpoint Private Securities, LLC",109
30-JUN-2022,"FinTrust Capital Advisors, LLC",13
30-JUN-2022,"Full Sail Capital, LLC",500
30-JUN-2022,"FourThought Financial, LLC",20
30-JUN-2022,"Foundations Investment Advisors, LLC",301
30-JUN-2022,Fortune 45 LLC,214
30-JUN-2022,"Fortis Advisors, LLC",31
30-JUN-2022,Fort Point Capital Partners LLC,252
30-JUN-2022,"Focused Wealth Management, Inc",74
30-JUN-2022,"Focus Financial Network, Inc.",8008062
30-JUN-2022,"First Horizon Advisors, Inc.",80
30-JUN-2022,First Growth Investment Manager LP,2327
30-JUN-2022,"First Command Financial Services, Inc.",17
30-JUN-2022,First Command Bank,17
30-JUN-2022,First Bank & Trust,292
30-JUN-2022,"Financial Synergies Wealth Advisors, Inc.",4062
30-JUN-2022,"Financial Perspectives, Inc",519209
30-JUN-2022,"Financial Management Professionals, Inc.",7
30-JUN-2022,"Financial Gravity Asset Management, Inc.",886
30-JUN-2022,Financial Enhancement Group LLC,8
30-JUN-2022,"Financial Avengers, Inc.",684
30-JUN-2022,Financial Advocates Investment Management,1336
30-JUN-2022,"Financial Advisory Service, Inc.",410
30-JUN-2022,PRAGMA GESTAO DE PATRIMONIO LTD,3998
30-JUN-2022,"Capstone Triton Financial Group, LLC",2686
30-JUN-2022,PRIO WEALTH LIMITED PARTNERSHIP,240548
30-JUN-2022,Congress Park Capital LLC,501
30-JUN-2022,"Cladis Investment Advisory, LLC",412655
30-JUN-2022,ClariVest Asset Management LLC,3155
30-JUN-2022,Clean Yield Group,9
30-JUN-2022,"Clearbridge Investments, LLC",17720
30-JUN-2022,"Clearstead Advisors, LLC",209
30-JUN-2022,Clearview Wealth Advisors LLC,4
30-JUN-2022,"Coastal Investment Advisors, Inc.",367
30-JUN-2022,"Column Capital Advisors, LLC",187
30-JUN-2022,Concord Wealth Partners,17
30-JUN-2022,"Confluence Wealth Services, Inc.",491
30-JUN-2022,"Connor, Clark & Lunn Investment Management Ltd.",131675
30-JUN-2022,"Cresset Asset Management, LLC",1934
30-JUN-2022,Cordasco Financial Network,12
30-JUN-2022,Core Alternative Capital,36
30-JUN-2022,"CoreCap Advisors, LLC",230
30-JUN-2022,"Cornerstone Capital, Inc.",3152
30-JUN-2022,"Cornerstone Wealth Management, LLC",227
30-JUN-2022,"Covenant Asset Management, LLC",4028
30-JUN-2022,"Covenant Partners, LLC",295
30-JUN-2022,Covestor Ltd,155
30-JUN-2022,Covington Capital Management,256
30-JUN-2022,Creative Planning,5394
30-JUN-2022,City State Bank,6
30-JUN-2022,Chimera Capital Management LLC,352
30-JUN-2022,Chicago Partners Investment Group LLC,576
30-JUN-2022,"Cherry Creek Investment Advisors, Inc.",290
30-JUN-2022,CX Institutional,33
30-JUN-2022,"Calton & Associates, Inc.",265
30-JUN-2022,"Cambridge Investment Research Advisors, Inc.",8727
30-JUN-2022,"Camden Capital, LLC",665
30-JUN-2022,"Canal Capital Management, LLC",311
30-JUN-2022,Candlestick Capital Management LP,35145
30-JUN-2022,Candriam S.C.A.,967
30-JUN-2022,"Canvas Wealth Advisors, LLC",473
30-JUN-2022,Capital Asset Advisory Services LLC,501
30-JUN-2022,"Capital Investment Advisory Services, LLC",242
30-JUN-2022,"Carmichael Hill & Associates, Inc.",180
30-JUN-2022,"Carnegie Capital Asset Management, LLC",26361
30-JUN-2022,"CarsonAllaria Wealth Management, Ltd.",37
30-JUN-2022,"Castleview Partners, LLC",624
30-JUN-2022,"Cavalier Investments, LLC",753
30-JUN-2022,"CenterStar Asset Management, LLC",184
30-JUN-2022,"Centiva Capital, LP",15308
30-JUN-2022,Cetera Advisor Networks LLC,1729
30-JUN-2022,Cetera Advisors LLC,2046
30-JUN-2022,Cetera Investment Advisers,1627
30-JUN-2022,"Checchi Capital Advisers, LLC",215
30-JUN-2022,"CreativeOne Wealth, LLC",345
30-JUN-2022,Crestwood Advisors Group LLC,1822
30-JUN-2022,"CVA Family Office, LLC",28
30-JUN-2022,WOODSTOCK CORP,368
30-JUN-2022,"Weinberger Asset Management, Inc",624800
30-JUN-2022,Wealthsimple Inc.,283
30-JUN-2022,"Wealth Architects, LLC",308
30-JUN-2022,Waypoint Wealth Partners Inc.,226
30-JUN-2022,Walleye Trading LLC,40501
30-JUN-2022,Wahed Invest LLC,331
30-JUN-2022,"Wagner Wealth Management, LLC",14
30-JUN-2022,"WR Wealth Planners, LLC",1250
30-JUN-2022,"WP Advisors, LLC",912
30-JUN-2022,"WORLD EQUITY GROUP, INC.",225240
30-JUN-2022,WOODARD & CO ASSET MANAGEMENT GROUP INC /ADV,274
30-JUN-2022,Crewe Advisors LLC,42
30-JUN-2022,WOLFF WIESE MAGANA LLC,273
30-JUN-2022,"WMS Partners, LLC",207
30-JUN-2022,"WMG Financial Advisors, LLC",631
30-JUN-2022,WHITTIER TRUST CO OF NEVADA INC,14
30-JUN-2022,WHITTIER TRUST CO,9
30-JUN-2022,WETHERBY ASSET MANAGEMENT INC,609
30-JUN-2022,WELCH & FORBES LLC,1025
30-JUN-2022,WEDBUSH SECURITIES INC,982
30-JUN-2022,"WEALTHSOURCE PARTNERS, LLC",203
30-JUN-2022,WEALTH EFFECTS LLC,410
30-JUN-2022,"Wellington Shields & Co., LLC",1359
30-JUN-2022,"Wellington Shields Capital Management, LLC",1554
30-JUN-2022,"West Family Investments, Inc.",266
30-JUN-2022,"Westside Investment Management, Inc.",312814
30-JUN-2022,"Cribstone Capital Management, LLC",47
30-JUN-2022,"Crossmark Global Holdings, Inc.",1895
30-JUN-2022,"Curi Wealth Management, LLC",2
30-JUN-2022,Cutler Group LP,8370
30-JUN-2022,"Cypress Capital, LLC",312
30-JUN-2022,"Cypress Wealth Services, LLC",405
30-JUN-2022,D.A. DAVIDSON & CO.,1967
30-JUN-2022,Zweig-DiMenna Associates LLC,912
30-JUN-2022,Zurcher Kantonalbank (Zurich Cantonalbank),12746
30-JUN-2022,"Zullo Investment Group, Inc.",236
30-JUN-2022,"Zions Bancorporation, N.A.",15
30-JUN-2022,Zenyatta Capital Management LP,625
30-JUN-2022,ZEVENBERGEN CAPITAL INVESTMENTS LLC,62373
30-JUN-2022,"ZEKE CAPITAL ADVISORS, LLC",315
30-JUN-2022,ZAZOVE ASSOCIATES LLC,7008
30-JUN-2022,"Yarbrough Capital, LLC",2101
30-JUN-2022,"YOUSIF CAPITAL MANAGEMENT, LLC",548
30-JUN-2022,Y-Intercept (Hong Kong) Ltd,1035
30-JUN-2022,XR Securities LLC,906
30-JUN-2022,"X-Square Capital, LLC",463
30-JUN-2022,"Worth Asset Management, LLC",105
30-JUN-2022,"CWM, LLC",588
30-JUN-2022,CTC LLC,714297
30-JUN-2022,WASHINGTON TRUST Co,2
30-JUN-2022,Bangor Savings Bank,5
30-JUN-2022,BOURGEON CAPITAL MANAGEMENT LLC,67
30-JUN-2022,BRIGHTON JONES LLC,594
30-JUN-2022,BRITISH COLUMBIA INVESTMENT MANAGEMENT Corp,70401
30-JUN-2022,BROWN ADVISORY INC,33
30-JUN-2022,BROWN BROTHERS HARRIMAN & CO,124
30-JUN-2022,BROWN CAPITAL MANAGEMENT LLC,11692
30-JUN-2022,"BROWN, LISLE/CUMMINGS, INC.",178068
30-JUN-2022,Baader Bank Aktiengesellschaft,250
30-JUN-2022,"Baker Avenue Asset Management, LP",312
30-JUN-2022,"Baldwin Investment Management, LLC",398
30-JUN-2022,"Bank Julius Baer & Co. Ltd, Zurich",102
30-JUN-2022,Belpointe Asset Management LLC,228
30-JUN-2022,Bank of New Hampshire,5
30-JUN-2022,Banque Cantonale Vaudoise,16
30-JUN-2022,Bartlett & Co. LLC,47
30-JUN-2022,Barton Investment Management,68161
30-JUN-2022,Baystate Wealth Management LLC,8
30-JUN-2022,"Beacon Capital Management, LLC",100
30-JUN-2022,"Beacon Pointe Advisors, LLC",702
30-JUN-2022,"Beck Bode, LLC",148
30-JUN-2022,"Bell Investment Advisors, Inc",6
30-JUN-2022,Bellecapital International Ltd.,272
30-JUN-2022,BLUESTEIN R H & CO LLC,328
30-JUN-2022,"BLUE BELL PRIVATE WEALTH MANAGEMENT, LLC",11
30-JUN-2022,"BLB&B Advisors, LLC",200
30-JUN-2022,BLAIR WILLIAM & CO/IL,8101
30-JUN-2022,DF DENT & CO INC,10635
30-JUN-2022,"Atalan Capital Partners, LP",36707
30-JUN-2022,AtonRa Partners,1760
30-JUN-2022,"Atreides Management, LP",86148
30-JUN-2022,"Ausdal Financial Partners, Inc.",3184
30-JUN-2022,AustralianSuper Pty Ltd,1703
30-JUN-2022,"Avestar Capital, LLC",305
30-JUN-2022,Avion Wealth,10
30-JUN-2022,Avitas Wealth Management LLC,552
30-JUN-2022,B & T Capital Management DBA Alpha Capital Management,1234
30-JUN-2022,"B. Riley Wealth Management, Inc.",16666
30-JUN-2022,BAILLIE GIFFORD & CO,331772
30-JUN-2022,"BAKER TILLY WEALTH MANAGEMENT, LLC",979
30-JUN-2022,BALDWIN BROTHERS LLC/MA,9
30-JUN-2022,BANK OF NOVA SCOTIA,497076
30-JUN-2022,BARCLAYS PLC,70044
30-JUN-2022,BARTLETT & CO. WEALTH MANAGEMENT LLC,46860
30-JUN-2022,"BBR PARTNERS, LLC",203
30-JUN-2022,"BDO Wealth Advisors, LLC",16
30-JUN-2022,"BEACON INVESTMENT ADVISORY SERVICES, INC.",337
30-JUN-2022,BERKSHIRE CAPITAL HOLDINGS INC,1
30-JUN-2022,"Bellwether Advisors, LLC",0
30-JUN-2022,"BerganKDV Wealth Management, LLC",6
30-JUN-2022,CREATIVE FINANCIAL DESIGNS INC /ADV,311
30-JUN-2022,CLEAR STREET LLC,40632
30-JUN-2022,CENTRAL TRUST Co,1374
30-JUN-2022,CERITY PARTNERS LLC,1157
30-JUN-2022,CFM WEALTH PARTNERS LLC,840
30-JUN-2022,CHILTON CAPITAL MANAGEMENT LLC,97
30-JUN-2022,CI INVESTMENTS INC.,11570
30-JUN-2022,CIBC Asset Management Inc,116608
30-JUN-2022,CIBC WORLD MARKET INC.,24303
30-JUN-2022,CIDEL ASSET MANAGEMENT INC,18088
30-JUN-2022,CKW FINANCIAL GROUP,38
30-JUN-2022,CLARET ASSET MANAGEMENT Corp,1014
30-JUN-2022,"CLOVERFIELDS CAPITAL GROUP, LP",1405
30-JUN-2022,"Bienville Capital Management, LLC",291
30-JUN-2022,CNB Bank,254
30-JUN-2022,COBBLESTONE CAPITAL ADVISORS LLC /NY/,9141
30-JUN-2022,COMERICA BANK,1808
30-JUN-2022,"COMMONWEALTH EQUITY SERVICES, LLC",11196
30-JUN-2022,COMMONWEALTH OF PENNSYLVANIA PUBLIC SCHOOL EMPLS RETRMT SYS,7260
30-JUN-2022,"CONCOURSE FINANCIAL GROUP SECURITIES, INC.",334
30-JUN-2022,CONFLUENCE INVESTMENT MANAGEMENT LLC,268
30-JUN-2022,CONNABLE OFFICE INC,331
30-JUN-2022,"CONWAY CAPITAL MANAGEMENT, INC.",396748
30-JUN-2022,"CORRADO ADVISORS, LLC",419
30-JUN-2022,CENTRAL BANK & TRUST CO,5
30-JUN-2022,CASTLE WEALTH MANAGEMENT LLC,5
30-JUN-2022,CARY STREET PARTNERS INVESTMENT ADVISORY LLC,1054
30-JUN-2022,CAPTRUST FINANCIAL ADVISORS,2308
30-JUN-2022,"Biondo Investment Advisors, LLC",917
30-JUN-2022,BlackRock Inc.,82490
30-JUN-2022,"Bogart Wealth, LLC",1424
30-JUN-2022,"Bouvel Investment Partners, LLC",477
30-JUN-2022,"Bridgefront Capital, LLC",229
30-JUN-2022,"Bristlecone Advisors, LLC",653
30-JUN-2022,Brookstone Capital Management,290
30-JUN-2022,Builders Union LLP,3190
30-JUN-2022,"Burleson & Company, LLC",3
30-JUN-2022,Byrne Asset Management LLC,3
30-JUN-2022,C M BIDWELL & ASSOCIATES LTD,1
30-JUN-2022,CAAS CAPITAL MANAGEMENT LP,437
30-JUN-2022,CAISSE DE DEPOT ET PLACEMENT DU QUEBEC,16152
30-JUN-2022,CALAMOS ADVISORS LLC,12589
30-JUN-2022,CALIFORNIA STATE TEACHERS RETIREMENT SYSTEM,1713
30-JUN-2022,CAMBRIDGE TRUST CO,18
30-JUN-2022,CANADA PENSION PLAN INVESTMENT BOARD,108658
30-JUN-2022,CAPITAL ADVISORS INC/OK,265
30-JUN-2022,CAPITAL FUND MANAGEMENT S.A.,57318902
30-JUN-2022,"CAPROCK Group, Inc.",386
30-JUN-2022,"CAPSTONE WEALTH MANAGEMENT GROUP, LLC",261
30-JUN-2022,"WCM INVESTMENT MANAGEMENT, LLC",488322
30-JUN-2022,"WASHBURN CAPITAL MANAGEMENT, INC.",358
30-JUN-2022,PRIVATE MANAGEMENT GROUP INC,5619
30-JUN-2022,"Round Table Services, LLC",312
30-JUN-2022,"SG Americas Securities, LLC",2486
30-JUN-2022,SEI INVESTMENTS CO,6908
30-JUN-2022,"SEGALL BRYANT & HAMILL, LLC",200
30-JUN-2022,SCHRODER INVESTMENT MANAGEMENT GROUP,14215
30-JUN-2022,"SCGE MANAGEMENT, L.P.",291157
30-JUN-2022,"SANDS CAPITAL MANAGEMENT, LLC",736038
30-JUN-2022,SALEM INVESTMENT COUNSELORS INC,6
30-JUN-2022,S.A. Mason LLC,16
30-JUN-2022,"Russell Investments Group, Ltd.",3014
30-JUN-2022,Roundview Capital LLC,377
30-JUN-2022,Rosenberg Matthew Hamilton,4
30-JUN-2022,Rathbones Group PLC,20317
30-JUN-2022,"Ronald Blue Trust, Inc.",17
30-JUN-2022,"Roberts Capital Advisors, LLC",157
30-JUN-2022,"RiverPark Advisors, LLC",4801
30-JUN-2022,"Rise Advisors, LLC",29
30-JUN-2022,Richelieu Gestion PLC,1590
30-JUN-2022,"Revolve Wealth Partners, LLC",203
30-JUN-2022,"Retirement Group, LLC",12
30-JUN-2022,"Resources Investment Advisors, LLC.",420
30-JUN-2022,Resolute Advisors LLC,1322
30-JUN-2022,Regal Investment Advisors LLC,955
30-JUN-2022,SHELL ASSET MANAGEMENT CO,2440
30-JUN-2022,SHENKMAN CAPITAL MANAGEMENT INC,10393
30-JUN-2022,"SIGNATUREFD, LLC",941
30-JUN-2022,"SIGNET FINANCIAL MANAGEMENT, LLC",0
30-JUN-2022,"Scissortail Wealth Management, LLC",146
30-JUN-2022,Schubert & Co,1
30-JUN-2022,"Sargent Investment Group, LLC",201
30-JUN-2022,"Sanford Advisory Services, LLC",212
30-JUN-2022,Sandy Spring Bank,107
30-JUN-2022,San Luis Wealth Advisors LLC,532
30-JUN-2022,SWS Partners,852
30-JUN-2022,SVB WEALTH LLC,216
30-JUN-2022,"SUMMIT PARTNERS PUBLIC ASSET MANAGEMENT, LLC",6248
30-JUN-2022,"SUMITOMO MITSUI FINANCIAL GROUP, INC.",21157
30-JUN-2022,STUDIO INVESTMENT MANAGEMENT LLC,3
30-JUN-2022,STRS OHIO,904
30-JUN-2022,"STONNINGTON GROUP, LLC",438
30-JUN-2022,STEELHEAD PARTNERS LLC,1258
30-JUN-2022,STATE OF WISCONSIN INVESTMENT BOARD,14668
30-JUN-2022,STATE OF MICHIGAN RETIREMENT SYSTEM,5067
30-JUN-2022,"SRS Investment Management, LLC",215766
30-JUN-2022,"SRS Capital Advisors, Inc.",193
30-JUN-2022,"SOA Wealth Advisors, LLC.",0
30-JUN-2022,"SITTNER & NELSON, LLC",47
30-JUN-2022,"SIMPLEX TRADING, LLC",303582
30-JUN-2022,"Raymond James Financial Services Advisors, Inc.",15491
30-JUN-2022,Raleigh Capital Management Inc.,22
30-JUN-2022,"Seaport Global Advisors, LLC",287
30-JUN-2022,Periscope Capital Inc.,5467
30-JUN-2022,"Prime Capital Investment Advisors, LLC",247
30-JUN-2022,Prestige Wealth Management Group LLC,1
30-JUN-2022,Prentice Wealth Management LLC,1
30-JUN-2022,"Precision Wealth Strategies, LLC",224
30-JUN-2022,"PrairieView Partners, LLC",6
30-JUN-2022,"Plante Moran Financial Advisors, LLC",10
30-JUN-2022,"Pinnacle Wealth Planning Services, Inc.",220
30-JUN-2022,"Pinnacle Bancorp, Inc.",9
30-JUN-2022,Phoenix Wealth Advisors,231
30-JUN-2022,Perkins Coie Trust Co,0
30-JUN-2022,"Perennial Investment Advisors, LLC",2454
30-JUN-2022,"Rafferty Asset Management, LLC",498
30-JUN-2022,"Patriot Financial Group Insurance Agency, LLC",31
30-JUN-2022,Parkwood LLC,1864
30-JUN-2022,"Pariax, LLC",449
30-JUN-2022,Parametrica Management Ltd,244
30-JUN-2022,"Parallel Advisors, LLC",1396
30-JUN-2022,"Parallax Volatility Advisers, L.P.",20656
30-JUN-2022,"Pacific Wealth Strategies Group, Inc.",281
30-JUN-2022,"PYA Waltman Capital, LLC",11
30-JUN-2022,PUBLIC INVESTMENT FUND,117150
30-JUN-2022,"PSI Advisors, LLC",117
30-JUN-2022,"Private Advisor Group, LLC",1061
30-JUN-2022,"Private Ocean, LLC",0
30-JUN-2022,Private Portfolio Partners LLC,336791
30-JUN-2022,Privium Fund Management B.V.,16886
30-JUN-2022,"RWQ Financial Management Services, Inc.",403
30-JUN-2022,RWC Asset Management LLP,336
30-JUN-2022,ROYAL LONDON ASSET MANAGEMENT LTD,2446
30-JUN-2022,ROYAL BANK OF CANADA,27493
30-JUN-2022,ROMAN BUTLER FULLERTON & CO,306
30-JUN-2022,"ROCKY MOUNTAIN ADVISERS, LLC",4
30-JUN-2022,RIVERPARK CAPITAL MANAGEMENT LLC,1867
30-JUN-2022,"RFG Advisory, LLC",301
30-JUN-2022,RESOURCES MANAGEMENT CORP /CT/ /ADV,2
30-JUN-2022,RENAISSANCE TECHNOLOGIES LLC,438508
30-JUN-2022,REGIONS FINANCIAL CORP,1574
30-JUN-2022,"REGATTA CAPITAL GROUP, LLC",361
30-JUN-2022,RAYMOND JAMES & ASSOCIATES,29872
30-JUN-2022,Quintet Private Bank (Europe) S.A.,44395
30-JUN-2022,"Quent Capital, LLC",1
30-JUN-2022,Qube Research & Technologies Ltd,25777
30-JUN-2022,"Quantitative Investment Management, LLC",6953
30-JUN-2022,Quadrature Capital Ltd,58926
30-JUN-2022,QUADRANT CAPITAL GROUP LLC,246
30-JUN-2022,Public Sector Pension Investment Board,9689
30-JUN-2022,Prospera Financial Services Inc,476
30-JUN-2022,"SeaCrest Wealth Management, LLC",303
30-JUN-2022,"Selective Wealth Management, Inc.",48
30-JUN-2022,WADE G W & INC,802
30-JUN-2022,TownSquare Capital LLC,1723
30-JUN-2022,Tyler-Stone Wealth Management,92
30-JUN-2022,"Twin Tree Management, LP",248600
30-JUN-2022,"Twin Lakes Capital Management, LLC",23
30-JUN-2022,Tsai Capital Corp,2042
30-JUN-2022,Truxt Investmentos Ltda.,5503739
30-JUN-2022,Truvestments Capital LLC,49
30-JUN-2022,Triumph Capital Management,523
30-JUN-2022,Trexquant Investment LP,1061
30-JUN-2022,"Tradition Wealth Management, LLC",20
30-JUN-2022,"Tradewinds Capital Management, LLC",3
30-JUN-2022,Tower View Investment Management & Research LLC,1315
30-JUN-2022,"TSFG, LLC",76
30-JUN-2022,"Total Clarity Wealth Management, Inc.",81
30-JUN-2022,"Tortoise Investment Management, LLC",56
30-JUN-2022,"Toroso Investments, LLC",439
30-JUN-2022,"TimeScale Financial, Inc.",14
30-JUN-2022,Thrivent Financial for Lutherans,3668
30-JUN-2022,Texas Yale Capital Corp.,3690
30-JUN-2022,"TenCore Partners, LP",12790
30-JUN-2022,TYBOURNE CAPITAL MANAGEMENT (HK) LTD,45819
30-JUN-2022,"TWO SIGMA SECURITIES, LLC",13463
30-JUN-2022,"TWO SIGMA INVESTMENTS, LP",37484
30-JUN-2022,"UMB Bank, n.a.",2
30-JUN-2022,UNITED MARITIME CAPITAL LLC,375
30-JUN-2022,USS Investment Management Ltd,7888
30-JUN-2022,"United Capital Management of KS, Inc.",236
30-JUN-2022,"Virtue Capital Management, LLC",312
30-JUN-2022,Vigilare Wealth Management,268
30-JUN-2022,"Vident Investment Advisory, LLC",440
30-JUN-2022,"Vestmark Advisory Solutions, Inc.",370
30-JUN-2022,Verition Fund Management LLC,592
30-JUN-2022,Veriti Management LLC,402
30-JUN-2022,"Veritable, L.P.",226
30-JUN-2022,Verdence Capital Advisors LLC,345
30-JUN-2022,Venture Visionary Partners LLC,491405
30-JUN-2022,"Vanguard Personalized Indexing Management, LLC",1142
30-JUN-2022,Vanguard Capital Wealth Advisors,206
30-JUN-2022,Value Star Asset Management (Hong Kong) Ltd,6557276
30-JUN-2022,"Valmark Advisers, Inc.",234
30-JUN-2022,"Valeo Financial Advisors, LLC",1057
30-JUN-2022,"VOLORIDGE INVESTMENT MANAGEMENT, LLC",53432
30-JUN-2022,"VETAMER CAPITAL MANAGEMENT, L.P.",1371
30-JUN-2022,"VERUS CAPITAL PARTNERS, LLC",234
30-JUN-2022,VANGUARD GROUP INC,810909
30-JUN-2022,VAN ECK ASSOCIATES CORP,818
30-JUN-2022,VALLEY NATIONAL ADVISERS INC,23
30-JUN-2022,V Wealth Advisors LLC,275
30-JUN-2022,"TWO SIGMA ADVISERS, LP",157064
30-JUN-2022,"TRUSTCORE FINANCIAL SERVICES, LLC",27
30-JUN-2022,"Sepio Capital, LP",2098
30-JUN-2022,"Sound View Wealth Advisors Group, LLC",255
30-JUN-2022,Stonebridge Capital Advisors LLC,117
30-JUN-2022,"Steward Partners Investment Advisory, LLC",521
30-JUN-2022,"Sterling Investment Advisors, Ltd.",1065
30-JUN-2022,"Stephens Consulting, LLC",1562
30-JUN-2022,Steel Peak Wealth Management LLC,2816
30-JUN-2022,Steadview Capital Management LLC,38806
30-JUN-2022,State of Wyoming,71
30-JUN-2022,"State of Tennessee, Treasury Department",31838
30-JUN-2022,Spire Wealth Management,936
30-JUN-2022,"Sowa Financial Group, Inc.",447
30-JUN-2022,"Sound Income Strategies, LLC",3
30-JUN-2022,TRUST CO OF VERMONT,37
30-JUN-2022,Souders Financial Advisors,500
30-JUN-2022,"Sonora Investment Management Group, LLC",17
30-JUN-2022,"Solidarilty Wealth, LLC",444
30-JUN-2022,Snowden Capital Advisors LLC,1083
30-JUN-2022,Skye Global Management LP,18338
30-JUN-2022,"SkyView Investment Advisors, LLC",194
30-JUN-2022,Skandinaviska Enskilda Banken AB (publ),1746
30-JUN-2022,"Single Point Partners, LLC",358
30-JUN-2022,Sigma Planning Corp,785
30-JUN-2022,"Sheaff Brock Investment Advisors, LLC",246
30-JUN-2022,"Stonegate Investment Group, LLC",458
30-JUN-2022,Strategic Advisors LLC,878
30-JUN-2022,"Strategic Wealth Advisors Group, LLC",3608
30-JUN-2022,Strategy Capital LLC,87284
30-JUN-2022,TOTH FINANCIAL ADVISORY CORP,42
30-JUN-2022,TORONTO DOMINION BANK,46668
30-JUN-2022,TOCQUEVILLE ASSET MANAGEMENT L.P.,4601
30-JUN-2022,TOBAM,492
30-JUN-2022,"TITLEIST ASSET MANAGEMENT, LTD.",4949
30-JUN-2022,"TILIA FIDUCIARY PARTNERS, INC.",55
30-JUN-2022,TIGER GLOBAL MANAGEMENT LLC,51928
30-JUN-2022,"THOROUGHBRED FINANCIAL SERVICES, LLC",2537
30-JUN-2022,THORNBURG INVESTMENT MANAGEMENT INC,2047
30-JUN-2022,TFC Financial Management,36
30-JUN-2022,TD ASSET MANAGEMENT INC,247346
30-JUN-2022,"TCI Wealth Advisors, Inc.",59
30-JUN-2022,"Synergy Financial Group, LTD",1945
30-JUN-2022,Swiss National Bank,159103
30-JUN-2022,"Surevest, LLC",9
30-JUN-2022,"Sunbelt Securities, Inc.",275
30-JUN-2022,"Summit X, LLC",312
30-JUN-2022,"Summit Trail Advisors, LLC",259
30-JUN-2022,"Sugarloaf Wealth Management, LLC",32
30-JUN-2022,Strong Tower Advisory Services,1914
30-JUN-2022,"Stratos Wealth Partners, LTD.",1044
30-JUN-2022,DAVIS-REA LTD.,454
31-MAR-2022,"Winfield Associates, Inc.",780
31-MAR-2022,1832 Asset Management L.P.,46081
31-MAR-2022,GLUSKIN SHEFF & ASSOC INC,28065
31-MAR-2022,Garner Asset Management Corp,227
31-MAR-2022,Gainplan LLC,511
31-MAR-2022,GUARDIAN CAPITAL LP,82199
31-MAR-2022,GUARDIAN CAPITAL ADVISORS LP,1162
31-MAR-2022,"GROUP ONE TRADING, L.P.",737393
31-MAR-2022,"GRIFFIN ASSET MANAGEMENT, INC.",1078
31-MAR-2022,"GREENLEA LANE CAPITAL MANAGEMENT, LLC",41826
31-MAR-2022,GREAT WEST LIFE ASSURANCE CO /CAN/,57120
31-MAR-2022,"GREAT VALLEY ADVISOR GROUP, INC.",690
31-MAR-2022,GRAND JEAN CAPITAL MANAGEMENT INC,4472
31-MAR-2022,"GPS Wealth Strategies Group, LLC",364
31-MAR-2022,"GM Advisory Group, Inc.",610
31-MAR-2022,GLYNN CAPITAL MANAGEMENT LLC,32141
31-MAR-2022,GLENMEDE TRUST CO NA,1894
31-MAR-2022,"EXCHANGE TRADED CONCEPTS, LLC",1182
31-MAR-2022,"GILL CAPITAL PARTNERS, LLC",366
31-MAR-2022,"GHP Investment Advisors, Inc.",20
31-MAR-2022,"GFS Advisors, LLC",218
31-MAR-2022,"GFG Capital, LLC",603
31-MAR-2022,GENERATION INVESTMENT MANAGEMENT LLP,56229
31-MAR-2022,GATEWAY INVESTMENT ADVISERS LLC,2917
31-MAR-2022,GAM Holding AG,12513
31-MAR-2022,GABLES CAPITAL MANAGEMENT INC.,1321
31-MAR-2022,"Full Sail Capital, LLC",1217
31-MAR-2022,"Frisch Financial Group, Inc.",351
31-MAR-2022,"Frank, Rimerman Advisors LLC",416391
31-MAR-2022,Franchise Capital Ltd,27295
31-MAR-2022,"Foundations Investment Advisors, LLC",220
31-MAR-2022,"Garrison Point Advisors, LLC",218
31-MAR-2022,Geneos Wealth Management Inc.,231
31-MAR-2022,Generali Investments Towarzystwo Funduszy Inwestycyjnych,844950
31-MAR-2022,Gerber Kawasaki Wealth & Investment Management,5469
31-MAR-2022,"HARBOR CAPITAL ADVISORS, INC.",2448
31-MAR-2022,"HAP Trading, LLC",4890
31-MAR-2022,"HANTZ FINANCIAL SERVICES, INC.",3129
31-MAR-2022,HANCOCK WHITNEY CORP,210
31-MAR-2022,Gulf International Bank (UK) Ltd,651
31-MAR-2022,"Gs Investments, Inc.",25
31-MAR-2022,Greytown Advisors Inc.,1063
31-MAR-2022,"Great Diamond Partners, LLC",417
31-MAR-2022,Graticule Asia Macro Advisors LLC,12032
31-MAR-2022,Grassi Investment Management,269
31-MAR-2022,"Granite Point Capital Management, L.P.",676
31-MAR-2022,"Granite Bay Wealth Management, LLC",998
31-MAR-2022,Grandview Asset Management LLC,1048
31-MAR-2022,Gradient Investments LLC,51
31-MAR-2022,"Gould Capital, LLC",7
31-MAR-2022,"Gotham Asset Management, LLC",536
31-MAR-2022,Gordian Capital Singapore Pte Ltd,1
31-MAR-2022,"Good Life Advisors, LLC",1424
31-MAR-2022,"Golden Green, Inc.",653
31-MAR-2022,GoalVest Advisory LLC,39
31-MAR-2022,"Global Retirement Partners, LLC",295
31-MAR-2022,"Global Financial Private Client, LLC",6237
31-MAR-2022,Glenview Trust Co,241
31-MAR-2022,"Gleason Group, Inc.",253
31-MAR-2022,Glassman Wealth Services,111
31-MAR-2022,Gladstone Institutional Advisory LLC,2766
31-MAR-2022,Gifford Fong Associates,4732
31-MAR-2022,"Forum Financial Management, LP",296
31-MAR-2022,Fortune 45 LLC,923
31-MAR-2022,"Fortress Wealth Group, LLC",285
31-MAR-2022,FLOW TRADERS U.S. LLC,498
31-MAR-2022,FIRST TRUST ADVISORS LP,97342
31-MAR-2022,"FIRST REPUBLIC INVESTMENT MANAGEMENT, INC.",28069
31-MAR-2022,FIRST MANHATTAN CO,177
31-MAR-2022,FIRST FOUNDATION ADVISORS,1070
31-MAR-2022,FINANCIAL COUNSELORS INC,2276
31-MAR-2022,FIERA CAPITAL CORP,612
31-MAR-2022,"FERGUSON WELLMAN CAPITAL MANAGEMENT, INC",249
31-MAR-2022,"FDx Advisors, Inc.",2068
31-MAR-2022,FARMERS TRUST CO,497
31-MAR-2022,FARMERS & MERCHANTS INVESTMENTS INC,24
31-MAR-2022,"FAIRFIELD, BUSH & CO.",169
31-MAR-2022,"Evolution Wealth Advisors, LLC",2281
31-MAR-2022,"Evoke Wealth, LLC",62
31-MAR-2022,"Everhart Financial Group, Inc.",494
31-MAR-2022,"Evercore Wealth Management, LLC",145
31-MAR-2022,"EverSource Wealth Advisors, LLC",32
31-MAR-2022,"Eudaimonia Partners, LLC",399
31-MAR-2022,"Essex Financial Services, Inc.",671
31-MAR-2022,Erste Asset Management GmbH,5281886
31-MAR-2022,"Eqis Capital Management, Inc.",1050
31-MAR-2022,"Ensign Peak Advisors, Inc",93405
31-MAR-2022,Engineers Gate Manager LP,1421
31-MAR-2022,"Empirical Financial Services, LLC d.b.a. Empirical Wealth Management",471
31-MAR-2022,"Ellis Investment Partners, LLC",51
31-MAR-2022,"Ellevest, Inc.",37
31-MAR-2022,Econ Financial Services Corp,3
31-MAR-2022,Eaton Vance Management,32296
31-MAR-2022,"FLAGSHIP HARBOR ADVISORS, LLC",3253
31-MAR-2022,"FORESIGHT CAPITAL MANAGEMENT ADVISORS, INC.",21
31-MAR-2022,Fortitude Advisory Group L.L.C.,12
31-MAR-2022,FORMULA GROWTH LTD,6760
31-MAR-2022,"Fortis Advisors, LLC",68
31-MAR-2022,Fort Point Capital Partners LLC,767
31-MAR-2022,"Focused Wealth Management, Inc",159
31-MAR-2022,"Focus Financial Network, Inc.",10599729
31-MAR-2022,"First Heartland Consultants, Inc.",316
31-MAR-2022,"First Command Financial Services, Inc.",400
31-MAR-2022,First Command Bank,400
31-MAR-2022,First Bank & Trust,400
31-MAR-2022,FineMark National Bank & Trust,239
31-MAR-2022,"Financial Perspectives, Inc",1123446
31-MAR-2022,"Financial Management Professionals, Inc.",5
31-MAR-2022,"Financial Gravity Asset Management, Inc.",4359
31-MAR-2022,Financial Enhancement Group LLC,18
31-MAR-2022,Financial Engines Advisors L.L.C.,2961
31-MAR-2022,"Financial Avengers, Inc.",850
31-MAR-2022,"Financial Architects, Inc",254
31-MAR-2022,Financial Advocates Investment Management,2113
31-MAR-2022,"Financial Advisory Service, Inc.",564
31-MAR-2022,"FinTrust Capital Advisors, LLC",24
31-MAR-2022,"Fieldpoint Private Securities, LLC",398
31-MAR-2022,"Ferris Capital, LLC",1352
31-MAR-2022,Farmers & Merchants Trust Co of Chambersburg PA,68
31-MAR-2022,Family Management Corp,3166
31-MAR-2022,"FSC Wealth Advisors, LLC",12
31-MAR-2022,"FRED ALGER MANAGEMENT, LLC",223013
31-MAR-2022,FORTE CAPITAL LLC /ADV,1248
31-MAR-2022,FORSTA AP-FONDEN,14824
31-MAR-2022,"HARBOR INVESTMENT ADVISORY, LLC",735
31-MAR-2022,"HB Wealth Management, LLC",310
31-MAR-2022,HBK Sorce Advisory LLC,585
31-MAR-2022,L.M. KOHN & COMPANY,895
31-MAR-2022,"Kozak & Associates, Inc.",379
31-MAR-2022,"Kovack Advisors, Inc.",5404
31-MAR-2022,"Koshinski Asset Management, Inc.",172370
31-MAR-2022,Korea Investment CORP,49127
31-MAR-2022,"Kistler-Tiffany Companies, LLC",105
31-MAR-2022,"Kingsview Wealth Management, LLC",2357073
31-MAR-2022,Kingsbury Capital Investment Advisors LLC,353
31-MAR-2022,Key Financial Inc,48
31-MAR-2022,"Kesler, Norman & Wride, LLC",222
31-MAR-2022,"Kercheville Advisors, LLC",710
31-MAR-2022,Kelly Financial Services LLC,73680
31-MAR-2022,Kathleen S. Wright Associates Inc.,53
31-MAR-2022,"KRS CAPITAL MANAGEMENT, LLC",410
31-MAR-2022,KINGS POINT CAPITAL MANAGEMENT,1291
31-MAR-2022,"KG&L Capital Management,LLC",2448
31-MAR-2022,"KB FINANCIAL PARTNERS, LLC",302
31-MAR-2022,"Joseph P. Lucia & Associates, LLC",3
31-MAR-2022,"Johnson Financial Group, LLC",3842
31-MAR-2022,Jeneq Management LP,32243
31-MAR-2022,"Jarislowsky, Fraser Ltd",775818
31-MAR-2022,Janney Montgomery Scott LLC,556
31-MAR-2022,"Jaffetilchin Investment Partners, LLC",1312
31-MAR-2022,"Jackson Wealth Management, LLC",203
31-MAR-2022,"Jackson Square Partners, LLC",161
31-MAR-2022,JT Stratford LLC,1067
31-MAR-2022,JS Capital Management LLC,676
31-MAR-2022,JOHNSON INVESTMENT COUNSEL INC,230
31-MAR-2022,L & S Advisors Inc,2274
31-MAR-2022,LA FINANCIERE DE L'ECHIQUIER,18725
31-MAR-2022,"JGP Wealth Management, LLC",243
31-MAR-2022,"LAKE STREET ADVISORS GROUP, LLC",16
31-MAR-2022,"Lindbrook Capital, LLC",386
31-MAR-2022,LifePro Asset Management,6943
31-MAR-2022,"Lido Advisors, LLC",1579
31-MAR-2022,"LexAurum Advisors, LLC",625
31-MAR-2022,"Level Financial Advisors, Inc.",47
31-MAR-2022,"Lenox Wealth Advisors, LLC",13
31-MAR-2022,"Legal Advantage Investments, Inc.",1269
31-MAR-2022,"Legacy Wealth Asset Management, LLC",629
31-MAR-2022,"Leeward Financial Partners, LLC",264
31-MAR-2022,"Laurel Wealth Advisors, Inc.",687
31-MAR-2022,"Lattice Capital Management, LLC",888968
31-MAR-2022,Larson Financial Group LLC,127
31-MAR-2022,Lake Point Wealth Management,11
31-MAR-2022,"Lake Hills Wealth Management, LLC",487
31-MAR-2022,Laidlaw Wealth Management LLC,326
31-MAR-2022,Laffer Tengler Investments,1351
31-MAR-2022,"LYELL WEALTH MANAGEMENT, LP",9196
31-MAR-2022,LPL Financial LLC,54427
31-MAR-2022,LORING WOLCOTT & COOLIDGE FIDUCIARY ADVISORS LLP/MA,606
31-MAR-2022,LONE PINE CAPITAL LLC,699147
31-MAR-2022,LOGAN CAPITAL MANAGEMENT INC,918
31-MAR-2022,LMR Partners LLP,1981
31-MAR-2022,LINCOLN NATIONAL CORP,1819
31-MAR-2022,Arlington Partners LLC,67
31-MAR-2022,"LEVEL FOUR ADVISORY SERVICES, LLC",317
31-MAR-2022,LAZARD ASSET MANAGEMENT LLC,52
31-MAR-2022,LAKE STREET FINANCIAL LLC,1124
31-MAR-2022,JJJ Advisors Inc.,7
31-MAR-2022,"JEPPSON WEALTH MANAGEMENT, LLC",767
31-MAR-2022,HBW Advisory Services LLC,461
31-MAR-2022,"ICA Group Wealth Management, LLC",533
31-MAR-2022,"IAG Wealth Partners, LLC",22
31-MAR-2022,"Hudock, Inc.",16
31-MAR-2022,"Horrell Capital Management, Inc.",17
31-MAR-2022,"Horan Securities, Inc.",6
31-MAR-2022,Holistic Financial Partners,341
31-MAR-2022,Hillsdale Investment Management Inc.,12933
31-MAR-2022,"Highlander Capital Management, LLC",118
31-MAR-2022,"HighTower Advisors, LLC",14252
31-MAR-2022,High Net Worth Advisory Group LLC,95
31-MAR-2022,"Herold Advisors, Inc.",2027
31-MAR-2022,Henry James International Management Inc.,7502
31-MAR-2022,"Hennion & Walsh Asset Management, Inc.",498
31-MAR-2022,Hartford Financial Management Inc.,7
31-MAR-2022,Hardy Reed LLC,11
31-MAR-2022,"Harbour Capital Advisors, LLC",541
31-MAR-2022,Hanson & Doremus Investment Management,1
31-MAR-2022,HWG Holdings LP,1
31-MAR-2022,HSBC HOLDINGS PLC,35825
31-MAR-2022,HOWE & RUSLING INC,10
31-MAR-2022,HOLLENCREST CAPITAL MANAGEMENT,195
31-MAR-2022,"HMI Capital Management, L.P.",188255
31-MAR-2022,HM PAYSON & CO,22
31-MAR-2022,HIMENSION CAPITAL (SINGAPORE) PTE. LTD.,133480
31-MAR-2022,"HHM Wealth Advisors, LLC",112
31-MAR-2022,"HGI Capital Management, LLC",1141
31-MAR-2022,HERITAGE INVESTORS MANAGEMENT CORP,304
31-MAR-2022,HEALTHCARE OF ONTARIO PENSION PLAN TRUST FUND,28334
31-MAR-2022,"IAM Advisory, LLC",770
31-MAR-2022,ICAPITAL WEALTH LLC,1157214
31-MAR-2022,JCIC Asset Management Inc.,3310
31-MAR-2022,"ICONIQ Capital, LLC",2064
31-MAR-2022,"JAG CAPITAL MANAGEMENT, LLC",6352
31-MAR-2022,"J.W. COLE ADVISORS, INC.",776
31-MAR-2022,J. Goldman & Co LP,240
31-MAR-2022,Investment Management Corp of Ontario,52996
31-MAR-2022,Investmark Advisory Group LLC,165
31-MAR-2022,Intersect Capital LLC,305
31-MAR-2022,"Interchange Capital Partners, LLC",345
31-MAR-2022,Integrated Advisors Network LLC,478
31-MAR-2022,"Institute for Wealth Management, LLC.",451
31-MAR-2022,"Inscription Capital, LLC",226
31-MAR-2022,Industrial Alliance Investment Management Inc.,74
31-MAR-2022,"Indie Asset Partners, LLC",298
31-MAR-2022,"Independent Solutions Wealth Management, LLC",1713728
31-MAR-2022,Independent Advisor Alliance,2300
31-MAR-2022,Ilmarinen Mutual Pension Insurance Co,27017
31-MAR-2022,"Icon Wealth Partners, LLC",534
31-MAR-2022,ITHAKA GROUP LLC,3317
31-MAR-2022,IPG Investment Advisors LLC,619
31-MAR-2022,"INVESTMENT PARTNERS, LTD.",260
31-MAR-2022,INVESTMENT HOUSE LLC,474
31-MAR-2022,INTACT INVESTMENT MANAGEMENT INC.,28667
31-MAR-2022,"INSTITUTIONAL & FAMILY ASSET MANAGEMENT, LLC",2
31-MAR-2022,"IMC-Chicago, LLC",903676
31-MAR-2022,"IHT Wealth Management, LLC",674
31-MAR-2022,"IFP Advisors, Inc",1177
31-MAR-2022,"IFG Advisors, LLC",811
31-MAR-2022,"IEQ CAPITAL, LLC",2806
31-MAR-2022,"EXENCIAL WEALTH ADVISORS, LLC",203
31-MAR-2022,EXANE DERIVATIVES,446106
31-MAR-2022,Liontrust Investment Partners LLP,5883544
31-MAR-2022,"Brinker Capital Investments, LLC",694
31-MAR-2022,CANADA PENSION PLAN INVESTMENT BOARD,153012
31-MAR-2022,CAMBRIDGE TRUST CO,60
31-MAR-2022,CALIFORNIA STATE TEACHERS RETIREMENT SYSTEM,3697
31-MAR-2022,CALAMOS WEALTH MANAGEMENT LLC,205
31-MAR-2022,CALAMOS ADVISORS LLC,11491
31-MAR-2022,CAISSE DE DEPOT ET PLACEMENT DU QUEBEC,84478
31-MAR-2022,C M BIDWELL & ASSOCIATES LTD,1
31-MAR-2022,Byrne Asset Management LLC,1
31-MAR-2022,"Burleson & Company, LLC",6
31-MAR-2022,Builders Union LLP,10148
31-MAR-2022,"Buckley Wealth Management, LLC",338
31-MAR-2022,Brookstone Capital Management,483
31-MAR-2022,"Bristlecone Advisors, LLC",1175
31-MAR-2022,"Bridgewater Associates, LP",4126
31-MAR-2022,EVERMAY WEALTH MANAGEMENT LLC,11
31-MAR-2022,"Bouvel Investment Partners, LLC",997
31-MAR-2022,"Bogart Wealth, LLC",2318
31-MAR-2022,"Blue Chip Partners, Inc.",137
31-MAR-2022,BlackRock Inc.,171145
31-MAR-2022,"Biondo Investment Advisors, LLC",1896
31-MAR-2022,"Bienville Capital Management, LLC",631
31-MAR-2022,"BerganKDV Wealth Management, LLC",14
31-MAR-2022,Belpointe Asset Management LLC,175
31-MAR-2022,"Bellwether Advisors, LLC",0
31-MAR-2022,Bellecapital International Ltd.,418
31-MAR-2022,"Bedel Financial Consulting, Inc.",113
31-MAR-2022,"Beaird Harris Wealth Management, LLC",3
31-MAR-2022,"Beacon Pointe Advisors, LLC",1627
31-MAR-2022,CAPITAL ADVISORS INC/OK,546
31-MAR-2022,CAPITAL FUND MANAGEMENT S.A.,46100472
31-MAR-2022,"CAPROCK Group, Inc.",726
31-MAR-2022,"CAPSTONE WEALTH MANAGEMENT GROUP, LLC",461
31-MAR-2022,"CONWAY CAPITAL MANAGEMENT, INC.",888211
31-MAR-2022,CONNABLE OFFICE INC,716
31-MAR-2022,CONFLUENCE INVESTMENT MANAGEMENT LLC,546
31-MAR-2022,"CONCOURSE FINANCIAL GROUP SECURITIES, INC.",679
31-MAR-2022,COMMONWEALTH OF PENNSYLVANIA PUBLIC SCHOOL EMPLS RETRMT SYS,6103
31-MAR-2022,"COMMONWEALTH EQUITY SERVICES, LLC",27780
31-MAR-2022,"COMERICA SECURITIES,INC.",414
31-MAR-2022,COMERICA BANK,2704
31-MAR-2022,COLONY GROUP LLC,276
31-MAR-2022,COLDSTREAM CAPITAL MANAGEMENT INC,214
31-MAR-2022,"COHEN & STEERS, INC.",9
31-MAR-2022,COBBLESTONE CAPITAL ADVISORS LLC /NY/,12069
31-MAR-2022,CNB Bank,268
31-MAR-2022,CLEAR STREET MARKETS LLC,338
31-MAR-2022,CLARET ASSET MANAGEMENT Corp,1041
31-MAR-2022,CKW FINANCIAL GROUP,84
31-MAR-2022,CIDEL ASSET MANAGEMENT INC,44597
31-MAR-2022,CIBC WORLD MARKET INC.,403885
31-MAR-2022,CIBC Asset Management Inc,234730
31-MAR-2022,CI INVESTMENTS INC.,12496
31-MAR-2022,"CHOREO, LLC",207
31-MAR-2022,CHILTON CAPITAL MANAGEMENT LLC,203
31-MAR-2022,CFM WEALTH PARTNERS LLC,1837
31-MAR-2022,CENTRAL TRUST Co,3293
31-MAR-2022,CENTRAL BANK & TRUST CO,10
31-MAR-2022,"CENTAURUS FINANCIAL, INC.",209
31-MAR-2022,CAPTRUST FINANCIAL ADVISORS,2145
31-MAR-2022,"Beacon Capital Management, LLC",100
31-MAR-2022,Baystate Wealth Management LLC,20
31-MAR-2022,Bay Rivers Group,774
31-MAR-2022,BLAIR WILLIAM & CO/IL,16855
31-MAR-2022,BERKSHIRE CAPITAL HOLDINGS INC,7
31-MAR-2022,BENEDICT FINANCIAL ADVISORS INC,264
31-MAR-2022,"BEACON INVESTMENT ADVISORY SERVICES, INC.",721
31-MAR-2022,"BDO Wealth Advisors, LLC",35
31-MAR-2022,BARTLETT & CO. WEALTH MANAGEMENT LLC,101394
31-MAR-2022,BARCLAYS PLC,137788
31-MAR-2022,BANK OF NOVA SCOTIA,614712
31-MAR-2022,BALDWIN BROTHERS LLC/MA,20
31-MAR-2022,"BAKER TILLY WEALTH MANAGEMENT, LLC",1198
31-MAR-2022,BAILLIE GIFFORD & CO,695435
31-MAR-2022,"B. Riley Wealth Management, Inc.",1951
31-MAR-2022,B & T Capital Management DBA Alpha Capital Management,2120
31-MAR-2022,Avitas Wealth Management LLC,1204
31-MAR-2022,Avion Wealth,5
31-MAR-2022,"Avestar Capital, LLC",958
31-MAR-2022,Avalon Global Asset Management LLC,3380
31-MAR-2022,AustralianSuper Pty Ltd,115968
31-MAR-2022,"Ausdal Financial Partners, Inc.",320
31-MAR-2022,AtonRa Partners,1343
31-MAR-2022,"Asset Dedication, LLC",149
31-MAR-2022,Assenagon Asset Management S.A.,82240
31-MAR-2022,"Ashe Capital Management, LP",84691
31-MAR-2022,"Ascent Wealth Partners, LLC",1680
31-MAR-2022,Artisan Partners Limited Partnership,336609
31-MAR-2022,"Arthedge Capital Management, LLC",9328
31-MAR-2022,Artemis Investment Management LLP,2520
31-MAR-2022,4J Wealth Management LLC,218
31-MAR-2022,BIT Capital GmbH,7692425
31-MAR-2022,"BLB&B Advisors, LLC",433
31-MAR-2022,"Bay Colony Advisory Group, Inc d/b/a Bay Colony Advisors",278
31-MAR-2022,"BLODGETT WEALTH ADVISORS, LLC",435
31-MAR-2022,Baskin Financial Services Inc.,230
31-MAR-2022,Barton Investment Management,150976
31-MAR-2022,Bartlett & Co. LLC,101
31-MAR-2022,"Bard Financial Services, Inc.",216
31-MAR-2022,Banque Cantonale Vaudoise,35
31-MAR-2022,Bank of New Hampshire,109
31-MAR-2022,"Bank Julius Baer & Co. Ltd, Zurich",213
31-MAR-2022,Balentine LLC,520
31-MAR-2022,"Baldwin Investment Management, LLC",870
31-MAR-2022,"Baker Avenue Asset Management, LP",676
31-MAR-2022,Baader Bank INC,541
31-MAR-2022,Baader Bank Aktiengesellschaft,541
31-MAR-2022,BURNS J W & CO INC/NY,241
31-MAR-2022,BURNEY CO/,237
31-MAR-2022,"BUCKINGHAM STRATEGIC WEALTH, LLC",349
31-MAR-2022,"BTC Capital Management, Inc.",106
31-MAR-2022,"BRR OpCo, LLC",267
31-MAR-2022,"BROWN, LISLE/CUMMINGS, INC.",385297
31-MAR-2022,BROWN CAPITAL MANAGEMENT LLC,24812
31-MAR-2022,BROWN BROTHERS HARRIMAN & CO,268
31-MAR-2022,BRITISH COLUMBIA INVESTMENT MANAGEMENT Corp,190414
31-MAR-2022,BRIGHTON JONES LLC,1789
31-MAR-2022,BOURGEON CAPITAL MANAGEMENT LLC,144
31-MAR-2022,"BOKF, NA",908
31-MAR-2022,"BMS Financial Advisors, LLC",316
31-MAR-2022,BLUESTEIN R H & CO LLC,741
31-MAR-2022,"BLUE BELL PRIVATE WEALTH MANAGEMENT, LLC",9
31-MAR-2022,"CORRADO ADVISORS, LLC",1743
31-MAR-2022,CREATIVE FINANCIAL DESIGNS INC /ADV,721
31-MAR-2022,CROSSLINK CAPITAL INC,5065
31-MAR-2022,DRAVO BAY LLC,4732
31-MAR-2022,"DONALDSON CAPITAL MANAGEMENT, LLC",251
31-MAR-2022,"DOLIVER ADVISORS, LP",256
31-MAR-2022,DOCKYARD CAPITAL MANAGEMENT LP,3042
31-MAR-2022,DIXON HUBARD FEINOUR & BROWN INC/VA,2332
31-MAR-2022,"DIVIDEND ASSETS CAPITAL, LLC",43
31-MAR-2022,"DFPG INVESTMENTS, LLC",4432
31-MAR-2022,DF DENT & CO INC,23929
31-MAR-2022,DAVIS-REA LTD.,492
31-MAR-2022,DAVENPORT & Co LLC,2299
31-MAR-2022,D.A. DAVIDSON & CO.,5076
31-MAR-2022,"Cypress Wealth Services, LLC",894
31-MAR-2022,"Cypress Capital, LLC",683
31-MAR-2022,Cutler Group LP,2353
31-MAR-2022,"Curi Wealth Management, LLC",4
31-MAR-2022,Cumberland Partners Ltd,338
31-MAR-2022,Csenge Advisory Group,330
31-MAR-2022,"Crossmark Global Holdings, Inc.",4664
31-MAR-2022,"Cribstone Capital Management, LLC",101
31-MAR-2022,Crewe Advisors LLC,62
31-MAR-2022,"Crestwood Capital Management, L.P.",4371
31-MAR-2022,Crestwood Advisors Group LLC,4136
31-MAR-2022,"Crestline Management, LP",1019
31-MAR-2022,"Cresset Asset Management, LLC",4502
31-MAR-2022,"CreativeOne Wealth, LLC",445
31-MAR-2022,Creative Planning,13660
31-MAR-2022,Covington Capital Management,216
31-MAR-2022,Covestor Ltd,253
31-MAR-2022,DOWLING & YAHNKE LLC,298
31-MAR-2022,"DUALITY ADVISERS, LP",373
31-MAR-2022,"Covenant Asset Management, LLC",8662
31-MAR-2022,DUNCKER STREETT & CO INC,8
31-MAR-2022,EVERGREEN CAPITAL MANAGEMENT LLC,341
31-MAR-2022,EULAV Asset Management,7841
31-MAR-2022,"EQUITEC PROPRIETARY MARKETS, LLC",270
31-MAR-2022,EQUITABLE TRUST CO,16475
31-MAR-2022,"EP Wealth Advisors, LLC",206
31-MAR-2022,ENVESTNET ASSET MANAGEMENT INC,79124
31-MAR-2022,"EMFO, LLC",152
31-MAR-2022,ELEQUIN CAPITAL LP,9
31-MAR-2022,"ELEMENT POINTE ADVISORS, LLC",410
31-MAR-2022,EFG Asset Management (North America) Corp.,6184
31-MAR-2022,EFG Asset Management (Americas) Corp.,2363
31-MAR-2022,EDMOND DE ROTHSCHILD HOLDING S.A.,3995
31-MAR-2022,EARNEST PARTNERS LLC,10
31-MAR-2022,EAGLE GLOBAL ADVISORS LLC,1006
31-MAR-2022,Dynamic Advisor Solutions LLC,630
31-MAR-2022,Durable Capital Partners LP,281161
31-MAR-2022,Dixon Hughes Goodman Wealth Advisors LLC,51
31-MAR-2022,Diversified Trust Co,206
31-MAR-2022,Discovery Value Fund,205451
31-MAR-2022,"Diligent Investors, LLC",366
31-MAR-2022,"Destiny Wealth Partners, LLC",1906
31-MAR-2022,Desjardins Global Asset Management Inc.,1217
31-MAR-2022,"Delos Wealth Advisors, LLC",16
31-MAR-2022,DeepCurrents Investment Group LLC,3452
31-MAR-2022,"DeDora Capital, Inc.",139
31-MAR-2022,Dakota Wealth Management,778
31-MAR-2022,"DZ BANK AG Deutsche Zentral Genossenschafts Bank, Frankfurt am Main",92
31-MAR-2022,"Covenant Partners, LLC",612
31-MAR-2022,Corton Capital Inc.,50697
31-MAR-2022,CSS LLC/IL,865
31-MAR-2022,Cetera Investment Advisers,3107
31-MAR-2022,Cetera Advisor Networks LLC,3110
31-MAR-2022,Cerity Partners LLC,1532
31-MAR-2022,"Centiva Capital, LP",10752
31-MAR-2022,"CenterStar Asset Management, LLC",1327
31-MAR-2022,"Cavalier Investments, LLC",681
31-MAR-2022,"Castleview Partners, LLC",1
31-MAR-2022,Castle Hook Partners LP,12081
31-MAR-2022,"CarsonAllaria Wealth Management, Ltd.",81
31-MAR-2022,"Carroll Investors, Inc",5
31-MAR-2022,"Carnegie Capital Asset Management, LLC",12695
31-MAR-2022,"Carmichael Hill & Associates, Inc.",376
31-MAR-2022,"Capstone Triton Financial Group, LLC",2787
31-MAR-2022,"Capital Investment Advisory Services, LLC",537
31-MAR-2022,"Capital Investment Advisors, LLC",256
31-MAR-2022,Capital Asset Advisory Services LLC,836
31-MAR-2022,"Capital Advisory Group Advisory Services, LLC",66
31-MAR-2022,"Canvas Wealth Advisors, LLC",1479
31-MAR-2022,Candriam Luxembourg S.C.A.,3651
31-MAR-2022,"Canal Capital Management, LLC",2688
31-MAR-2022,"Camden Capital, LLC",1902
31-MAR-2022,"Cambridge Investment Research Advisors, Inc.",12467
31-MAR-2022,"Calton & Associates, Inc.",1292
31-MAR-2022,"CWM, LLC",749
31-MAR-2022,"CVA Family Office, LLC",34
31-MAR-2022,CV Advisors LLC,219
31-MAR-2022,CULLINAN ASSOCIATES INC,292
31-MAR-2022,CTC LLC,1268436
31-MAR-2022,Cetera Advisors LLC,4464
31-MAR-2022,"Charter Oak Capital Management, LLC",1
31-MAR-2022,"Cornerstone Wealth Management, LLC",343
31-MAR-2022,"Checchi Capital Advisers, LLC",301
31-MAR-2022,"Cornerstone Wealth Group, LLC",373
31-MAR-2022,"Cornerstone Capital, Inc.",6820
31-MAR-2022,"CoreCap Advisors, LLC",310
31-MAR-2022,Cordasco Financial Network,26
31-MAR-2022,Constellation Investimentos e Participacoes Ltda,522
31-MAR-2022,"Conservest Capital Advisors, Inc.",299
31-MAR-2022,"Connor, Clark & Lunn Investment Management Ltd.",362164
31-MAR-2022,Congress Park Capital LLC,1237
31-MAR-2022,"Confluence Wealth Services, Inc.",954
31-MAR-2022,Concord Wealth Partners,51
31-MAR-2022,"Column Capital Advisors, LLC",274
31-MAR-2022,"Coastal Investment Advisors, Inc.",790
31-MAR-2022,Clearview Wealth Advisors LLC,9
31-MAR-2022,"Clearstead Advisors, LLC",523
31-MAR-2022,"Clearbridge Investments, LLC",43891
31-MAR-2022,"Clay Northam Wealth Management, LLC",658
31-MAR-2022,Claro Advisors LLC,201
31-MAR-2022,"Clarius Group, LLC",583
31-MAR-2022,"Clarity Wealth Advisors, LLC",216
31-MAR-2022,ClariVest Asset Management LLC,8326
31-MAR-2022,Clare Market Investments LLC,268356
31-MAR-2022,"Cladis Investment Advisory, LLC",409162
31-MAR-2022,City State Bank,23
31-MAR-2022,"Circle Wealth Management, LLC",222
31-MAR-2022,Chicago Partners Investment Group LLC,615
31-MAR-2022,Cheyne Capital Management (UK) LLP,1373
31-MAR-2022,"Cherry Creek Investment Advisors, Inc.",613
31-MAR-2022,"Linscomb & Williams, Inc.",354
31-MAR-2022,"JFS WEALTH ADVISORS, LLC",91
31-MAR-2022,"Lumature Wealth Partners, LLC",47
31-MAR-2022,Triumph Capital Management,801
31-MAR-2022,VALLEY NATIONAL ADVISERS INC,43
31-MAR-2022,V Wealth Advisors LLC,687
31-MAR-2022,United Super Pty Ltd in its capacity as Trustee for the Construction & Building Unions Superannuation Fund,7102
31-MAR-2022,"United Capital Management of KS, Inc.",462
31-MAR-2022,USS Investment Management Ltd,35264
31-MAR-2022,UNITED MARITIME CAPITAL LLC,2805
31-MAR-2022,UMB BANK N A/MO,55
31-MAR-2022,UBS ASSET MANAGEMENT AMERICAS INC,37601627
31-MAR-2022,Tyler-Stone Wealth Management,190
31-MAR-2022,"Twin Tree Management, LP",191008
31-MAR-2022,"Twin Lakes Capital Management, LLC",51
31-MAR-2022,Turim 21 Investimentos Ltda.,148
31-MAR-2022,Tsai Capital Corp,5166
31-MAR-2022,Triasima Portfolio Management inc.,9707
31-MAR-2022,"Sargent Investment Group, LLC",527
31-MAR-2022,"Traynor Capital Management, Inc.",740
31-MAR-2022,"Tradition Wealth Management, LLC",44
31-MAR-2022,"Tradewinds Capital Management, LLC",10
31-MAR-2022,TownSquare Capital LLC,2075
31-MAR-2022,"Tortoise Investment Management, LLC",95
31-MAR-2022,"Toroso Investments, LLC",950
31-MAR-2022,"TimeScale Financial, Inc.",49
31-MAR-2022,Thrivent Financial for Lutherans,4410
31-MAR-2022,"Thomas J. Herzfeld Advisors, Inc.",6
31-MAR-2022,Texas Yale Capital Corp.,7887
31-MAR-2022,"TenCore Partners, LP",21080
31-MAR-2022,"Ten Capital Wealth Advisors, LLC",3
31-MAR-2022,"Telos Capital Management, Inc.",220
31-MAR-2022,VAN ECK ASSOCIATES CORP,2166
31-MAR-2022,VANGUARD GROUP INC,1734561
31-MAR-2022,"VERUS CAPITAL PARTNERS, LLC",270
31-MAR-2022,"VESTOR CAPITAL, LLC",55
31-MAR-2022,"WASHBURN CAPITAL MANAGEMENT, INC.",1338
31-MAR-2022,WADE G W & INC,1727
31-MAR-2022,"Vista Wealth Management Group, LLC",231
31-MAR-2022,"Virtue Capital Management, LLC",984
31-MAR-2022,Vigilare Wealth Management,258
31-MAR-2022,Vienna Asset Management LLC,1536
31-MAR-2022,"Vident Investment Advisory, LLC",447
31-MAR-2022,"Vestmark Advisory Solutions, Inc.",620
31-MAR-2022,Verition Fund Management LLC,2552
31-MAR-2022,Veriti Management LLC,888
31-MAR-2022,"Veritable, L.P.",489
31-MAR-2022,Verdence Capital Advisors LLC,1051
31-MAR-2022,Veracity Capital LLC,215
31-MAR-2022,Venture Visionary Partners LLC,627
31-MAR-2022,Varma Mutual Pension Insurance Co,1361
31-MAR-2022,"Vantage Investment Partners, LLC",18927
31-MAR-2022,"Vanguard Personalized Indexing Management, LLC",567
31-MAR-2022,Vanguard Capital Wealth Advisors,446
31-MAR-2022,"Van Hulzen Asset Management, LLC",237
31-MAR-2022,Value Star Asset Management (Hong Kong) Ltd,8848316
31-MAR-2022,"Valmark Advisers, Inc.",506
31-MAR-2022,"Valeo Financial Advisors, LLC",1245
31-MAR-2022,"VOLORIDGE INVESTMENT MANAGEMENT, LLC",88587
31-MAR-2022,"VIRIDIAN RIA, LLC",3005
31-MAR-2022,VIRGINIA RETIREMENT SYSTEMS ET AL,13402
31-MAR-2022,VIKING GLOBAL INVESTORS LP,151226
31-MAR-2022,"VETAMER CAPITAL MANAGEMENT, L.P.",2909
31-MAR-2022,"Teamwork Financial Advisors, LLC",2386
31-MAR-2022,TYBOURNE CAPITAL MANAGEMENT (HK) LTD,63540
31-MAR-2022,"M Holdings Securities, Inc.",3862
31-MAR-2022,"Steward Partners Investment Advisory, LLC",1230
31-MAR-2022,"Stephens Consulting, LLC",3380
31-MAR-2022,Steel Peak Wealth Management LLC,6750
31-MAR-2022,"Steamboat Capital Partners, LLC",2611
31-MAR-2022,Steadview Capital Management LLC,70862
31-MAR-2022,State of Wyoming,204
31-MAR-2022,"State of Tennessee, Treasury Department",69471
31-MAR-2022,Spire Wealth Management,4450
31-MAR-2022,Spence Asset Management,72
31-MAR-2022,"Sowa Financial Group, Inc.",1452
31-MAR-2022,"Sovereign Financial Group, Inc.",431
31-MAR-2022,"Sound View Wealth Advisors Group, LLC",584
31-MAR-2022,"Sound Income Strategies, LLC",6
31-MAR-2022,Souders Financial Advisors,997
31-MAR-2022,Soltis Investment Advisors LLC,313
31-MAR-2022,"Solidarilty Wealth, LLC",511
31-MAR-2022,Snowden Capital Advisors LLC,4152
31-MAR-2022,Skye Global Management LP,100042
31-MAR-2022,"SkyView Investment Advisors, LLC",312
31-MAR-2022,Sigma Planning Corp,2805
31-MAR-2022,"Sheaff Brock Investment Advisors, LLC",692
31-MAR-2022,Seven Post Investment Office LP,331
31-MAR-2022,"Sequoia Financial Advisors, LLC",295
31-MAR-2022,"Selective Wealth Management, Inc.",101
31-MAR-2022,"Select Equity Group, L.P.",89047
31-MAR-2022,"Seaport Global Advisors, LLC",399
31-MAR-2022,"SeaCrest Wealth Management, LLC",650
31-MAR-2022,"Sculati Wealth Management, LLC",415
31-MAR-2022,"Sterling Investment Advisors, Ltd.",1931
31-MAR-2022,Stonebridge Capital Advisors LLC,268
31-MAR-2022,"TWO SIGMA INVESTMENTS, LP",14535
31-MAR-2022,Strategic Advisors LLC,1870
31-MAR-2022,"TWO SIGMA ADVISERS, LP",23872
31-MAR-2022,TWINBEECH CAPITAL LP,3026
31-MAR-2022,"TSFG, LLC",155
31-MAR-2022,"TRUSTCORE FINANCIAL SERVICES, LLC",27
31-MAR-2022,TOTH FINANCIAL ADVISORY CORP,90
31-MAR-2022,TORONTO DOMINION BANK,143235
31-MAR-2022,TOMPKINS FINANCIAL CORP,1
31-MAR-2022,TOCQUEVILLE ASSET MANAGEMENT L.P.,10487
31-MAR-2022,TOBAM,3030
31-MAR-2022,"TITLEIST ASSET MANAGEMENT, LTD.",9858
31-MAR-2022,"TILIA FIDUCIARY PARTNERS, INC.",94
31-MAR-2022,TIGER GLOBAL MANAGEMENT LLC,619298
31-MAR-2022,THORNBURG INVESTMENT MANAGEMENT INC,30764
31-MAR-2022,TFC Financial Management,95
31-MAR-2022,TEACHERS RETIREMENT SYSTEM OF THE STATE OF KENTUCKY,29904
31-MAR-2022,TD ASSET MANAGEMENT INC,559094
31-MAR-2022,TCWP LLC,47
31-MAR-2022,"TCTC Holdings, LLC",3
31-MAR-2022,"TCI Wealth Advisors, Inc.",82
31-MAR-2022,"Synergy Financial Group, LTD",4003
31-MAR-2022,Swiss National Bank,340986
31-MAR-2022,"Sunbelt Securities, Inc.",618
31-MAR-2022,"Summit Trail Advisors, LLC",760
31-MAR-2022,Strong Tower Advisory Services,1804
31-MAR-2022,"Stratos Wealth Partners, LTD.",1697
31-MAR-2022,Strategy Capital LLC,145245
31-MAR-2022,"Strategic Blueprint, LLC",205
31-MAR-2022,WASHINGTON TRUST Co,3
31-MAR-2022,"WCM INVESTMENT MANAGEMENT, LLC",1224115
31-MAR-2022,WD RUTHERFORD LLC,50
31-MAR-2022,"AXXCESS WEALTH MANAGEMENT, LLC",596
31-MAR-2022,"Abbot Financial Management, Inc.",241
31-MAR-2022,"Abbrea Capital, LLC",549
31-MAR-2022,"Abdiel Capital Advisors, LP",144130
31-MAR-2022,Accel Wealth Management,84
31-MAR-2022,"Accurate Wealth Management, LLC",260
31-MAR-2022,Accuvest Global Advisors,395
31-MAR-2022,"Acropolis Investment Management, LLC",103
31-MAR-2022,Activest Wealth Management,45
31-MAR-2022,Addenda Capital Inc.,51614
31-MAR-2022,"AdvisorNet Financial, Inc",378
31-MAR-2022,"Advisors Asset Management, Inc.",24585
31-MAR-2022,"Advisors Capital Management, LLC",337
31-MAR-2022,Advisory Resource Group,406
31-MAR-2022,"Advisory Services Network, LLC",5302
31-MAR-2022,Aequim Alternative Investments LP,6354
31-MAR-2022,Ahrens Investment Partners LLC,14
31-MAR-2022,Alberta Investment Management Corp,108764
31-MAR-2022,"Alera Investment Advisors, LLC",78
31-MAR-2022,"All Terrain Financial Advisors, LLC",332
31-MAR-2022,Allworth Financial LP,534
31-MAR-2022,"Alpha Cubed Investments, LLC",298
31-MAR-2022,AlphaCrest Capital Management LLC,1618
31-MAR-2022,"AlphaMark Advisors, LLC",8
31-MAR-2022,"Alphastar Capital Management, LLC",285
31-MAR-2022,Alta Wealth Advisors LLC,1470
31-MAR-2022,"Alyeska Investment Group, L.P.",40726
31-MAR-2022,"American Money Management, LLC",316
31-MAR-2022,Aaron Wealth Advisors LLC,21
31-MAR-2022,"ATTICUS WEALTH MANAGEMENT, LLC",1
31-MAR-2022,"Ameritas Advisory Services, LLC",1167
31-MAR-2022,ATRIA INVESTMENTS LLC,3507
31-MAR-2022,"9258 Wealth Management, LLC",365
31-MAR-2022,ACORN FINANCIAL ADVISORY SERVICES INC /ADV,501
31-MAR-2022,"ADIRONDACK RETIREMENT SPECIALISTS, INC.",5502
31-MAR-2022,"ADVANCED RESEARCH INVESTMENT SOLUTIONS, LLC",611
31-MAR-2022,ADVENT CAPITAL MANAGEMENT /DE/,51069
31-MAR-2022,ADVISOR PARTNERS LLC,674
31-MAR-2022,AE Wealth Management LLC,14433
31-MAR-2022,AEGON ASSET MANAGEMENT UK Plc,23972
31-MAR-2022,"AFT, FORSYTH & COMPANY, INC.",386
31-MAR-2022,AGF INVESTMENTS INC.,19408
31-MAR-2022,"AJ WEALTH STRATEGIES, LLC",309
31-MAR-2022,ALBION FINANCIAL GROUP /UT,1
31-MAR-2022,ALGERT GLOBAL LLC,343
31-MAR-2022,ALKEON CAPITAL MANAGEMENT LLC,195886
31-MAR-2022,"ALPINE WOODS CAPITAL INVESTORS, LLC",2718
31-MAR-2022,AMF Tjanstepension AB,43035
31-MAR-2022,APPLETON PARTNERS INC/MA,1505
31-MAR-2022,"APPLIED RESEARCH INVESTMENTS, LLC",1952
31-MAR-2022,ARCADIA INVESTMENT MANAGEMENT CORP/MI,602
31-MAR-2022,ARK Investment Management LLC,610434
31-MAR-2022,"ARTHUR M. COHEN & ASSOCIATES, LLC",1697
31-MAR-2022,"ASB Consultores, LLC",283
31-MAR-2022,ASHFORD CAPITAL MANAGEMENT INC,608
31-MAR-2022,"ASSETMARK, INC",1600
31-MAR-2022,"ATALANTA SOSNOFF CAPITAL, LLC",9075
31-MAR-2022,ATLAS CAPITAL ADVISORS LLC,129108
31-MAR-2022,ATMOS CAPITAL GESTAO DE RECURSOS LTDA.,21141
31-MAR-2022,American Portfolios Advisors,2336456
31-MAR-2022,"Anchor Investment Management, LLC",378538
31-MAR-2022,WEALTH EFFECTS LLC,843
31-MAR-2022,"Westside Investment Management, Inc.",312647
31-MAR-2022,"Western Pacific Wealth Management, LP",12
31-MAR-2022,"West Oak Capital, LLC",3
31-MAR-2022,"Wellington Shields Capital Management, LLC",3363
31-MAR-2022,"Wellington Shields & Co., LLC",2907
31-MAR-2022,Weiss Multi-Strategy Advisers LLC,369
31-MAR-2022,"Wealthspire Advisors, LLC",287
31-MAR-2022,Wealthsimple Inc.,684
31-MAR-2022,Wealthcare Advisory Partners LLC,264
31-MAR-2022,"Wealth Management Partners, LLC",495
31-MAR-2022,"We Are One Seven, LLC",244
31-MAR-2022,Walleye Trading LLC,259844
31-MAR-2022,Wahed Invest LLC,357
31-MAR-2022,"WR Wealth Planners, LLC",2704
31-MAR-2022,"WP Advisors, LLC",212
31-MAR-2022,"WORLD EQUITY GROUP, INC.",524545
31-MAR-2022,WOODSTOCK CORP,329
31-MAR-2022,WOLFF WIESE MAGANA LLC,220
31-MAR-2022,"WMS Partners, LLC",280
31-MAR-2022,"WMG Financial Advisors, LLC",2460
31-MAR-2022,WILBANKS SMITH & THOMAS ASSET MANAGEMENT LLC,508
31-MAR-2022,WHITTIER TRUST CO OF NEVADA INC,308
31-MAR-2022,WHITTIER TRUST CO,442
31-MAR-2022,WETHERBY ASSET MANAGEMENT INC,774
31-MAR-2022,WELCH & FORBES LLC,1473
31-MAR-2022,WEDBUSH SECURITIES INC,2151
31-MAR-2022,WEATHERLY ASSET MANAGEMENT L. P.,392
31-MAR-2022,"WEALTHSOURCE PARTNERS, LLC",449
31-MAR-2022,"Western Wealth Management, LLC",344
31-MAR-2022,Whale Rock Capital Management LLC,215157
31-MAR-2022,"Ancora Advisors, LLC",2336
31-MAR-2022,"White Knight Strategic Wealth Advisors, LLC",260
31-MAR-2022,Andesa Financial Management Inc.,226
31-MAR-2022,AnglePoint Asset Management Ltd,15273
31-MAR-2022,"Annapolis Financial Services, LLC",7
31-MAR-2022,"Apollon Wealth Management, LLC",7474
31-MAR-2022,"Aptus Capital Advisors, LLC",346
31-MAR-2022,Aquatic Capital Management LLC,135
31-MAR-2022,Arabesque Asset Management Ltd,2260
31-MAR-2022,"Arete Wealth Advisors, LLC",429
31-MAR-2022,Arkadios Wealth Advisors,585
31-MAR-2022,Zweig-DiMenna Associates LLC,1974
31-MAR-2022,Zurcher Kantonalbank (Zurich Cantonalbank),27424
31-MAR-2022,"Zullo Investment Group, Inc.",470
31-MAR-2022,"Zions Bancorporation, N.A.",6
31-MAR-2022,Zhang Financial LLC,351
31-MAR-2022,ZEVENBERGEN CAPITAL INVESTMENTS LLC,122197
31-MAR-2022,"ZEKE CAPITAL ADVISORS, LLC",504
31-MAR-2022,ZAZOVE ASSOCIATES LLC,23660
31-MAR-2022,ZACKS INVESTMENT MANAGEMENT,344
31-MAR-2022,"Yarbrough Capital, LLC",4547
31-MAR-2022,"YOUSIF CAPITAL MANAGEMENT, LLC",1192
31-MAR-2022,Y-Intercept (Hong Kong) Ltd,485
31-MAR-2022,"X-Square Capital, LLC",1034
31-MAR-2022,"Worth Asset Management, LLC",119
31-MAR-2022,Winthrop Advisory Group LLC,290
31-MAR-2022,"Winch Advisory Services, LLC",10
31-MAR-2022,"Willis Johnson & Associates, Inc.",323
31-MAR-2022,"Williams Jones Wealth Management, LLC.",292
31-MAR-2022,Schonfeld Strategic Advisors LLC,880
31-MAR-2022,"TWO SIGMA SECURITIES, LLC",18843
31-MAR-2022,Sargent Bickham Lagudis LLC,3
31-MAR-2022,"O'Dell Group, LLC",301
31-MAR-2022,"NorthCrest Asset Manangement, LLC",5918
31-MAR-2022,North Star Investment Management Corp.,69
31-MAR-2022,"Nikko Asset Management Americas, Inc.",539536
31-MAR-2022,"Night Owl Capital Management, LLC",5855
31-MAR-2022,"Nicholas Investment Partners, LP",1922
31-MAR-2022,"Newbridge Financial Services Group, Inc.",1189
31-MAR-2022,NewGen Asset Management Ltd,7571
31-MAR-2022,"NewEdge Wealth, LLC",927
31-MAR-2022,Neuberger Berman Group LLC,8998
31-MAR-2022,"Nepsis, Inc.",15726
31-MAR-2022,"Nelson, Van Denburg & Campbell Wealth Management Group, LLC",276
31-MAR-2022,Nellore Capital Management LLC,8112
31-MAR-2022,Nauset Wealth Management. LLC,462
31-MAR-2022,"Nadler Financial Group, Inc.",477
31-MAR-2022,"NZS Capital, LLC",1312
31-MAR-2022,"NVWM, LLC",110
31-MAR-2022,"NORTHWEST INVESTMENT COUNSELORS, LLC",62
31-MAR-2022,NORTHERN OAK WEALTH MANAGEMENT INC,54
31-MAR-2022,NORGES BANK,758465442
31-MAR-2022,NORDEA INVESTMENT MANAGEMENT AB,1711
31-MAR-2022,NOMURA HOLDINGS INC,5
31-MAR-2022,NOMURA ASSET MANAGEMENT CO LTD,16124238
31-MAR-2022,NICOLET BANKSHARES INC,440
31-MAR-2022,NICOLA WEALTH MANAGEMENT LTD.,2366
31-MAR-2022,"NFP Retirement, Inc.",238614
31-MAR-2022,"NFJ INVESTMENT GROUP, LLC",1
31-MAR-2022,NEXT CENTURY GROWTH INVESTORS LLC,659
31-MAR-2022,"NuWave Investment Management, LLC",1207
31-MAR-2022,"O'SHAUGHNESSY ASSET MANAGEMENT, LLC",5422
31-MAR-2022,NATIXIS,11671
31-MAR-2022,"OBERMEYER WOOD INVESTMENT COUNSEL, LLLP",348
31-MAR-2022,"PFS Partners, LLC",58133
31-MAR-2022,PFS INVESTMENTS INC.,734
31-MAR-2022,PFG Advisors,523
31-MAR-2022,PERSONAL CAPITAL ADVISORS CORP,672
31-MAR-2022,PECONIC PARTNERS LLC,130
31-MAR-2022,"PDS Planning, Inc",239
31-MAR-2022,PCJ Investment Counsel Ltd.,5613
31-MAR-2022,"PAX Financial Group, LLC",308
31-MAR-2022,"PATHSTONE FAMILY OFFICE, LLC",959
31-MAR-2022,"PARTNERS CAPITAL INVESTMENT GROUP, LLP",25674
31-MAR-2022,PARK AVENUE SECURITIES LLC,2305
31-MAR-2022,"PACES FERRY WEALTH ADVISORS, LLC",284
31-MAR-2022,"Oxbow Advisors, LLC",389
31-MAR-2022,Orion Capital Management LLC,91
31-MAR-2022,Operose Advisors LLC,135
31-MAR-2022,"Once Capital Management, LLC",946
31-MAR-2022,"Oder Investment Management, LLC",456
31-MAR-2022,Octahedron Capital Management L.P.,2940
31-MAR-2022,"Ocean Capital Management, LLC",660
31-MAR-2022,"Oakwell Private Wealth Management, LLC",255
31-MAR-2022,Oak Grove Capital LLC,333
31-MAR-2022,OXFORD FINANCIAL GROUP LTD,615
31-MAR-2022,OPTIMUM INVESTMENT ADVISORS,289
31-MAR-2022,OPPENHEIMER & CO INC,1810
31-MAR-2022,OMERS ADMINISTRATION Corp,14242
31-MAR-2022,OLIVER LAGORE VANVALIN INVESTMENT GROUP,90
31-MAR-2022,OLD NATIONAL BANCORP /IN/,642
31-MAR-2022,NEW YORK STATE COMMON RETIREMENT FUND,125378
31-MAR-2022,"Sanford Advisory Services, LLC",267
31-MAR-2022,PIN OAK INVESTMENT ADVISORS INC,27
31-MAR-2022,Magellan Asset Management Ltd,115
31-MAR-2022,MUFG Securities EMEA plc,1062723
31-MAR-2022,MOSELEY INVESTMENT MANAGEMENT INC,860
31-MAR-2022,MOODY NATIONAL BANK TRUST DIVISION,354
31-MAR-2022,MONTRUSCO BOLTON INVESTMENTS INC.,2243
31-MAR-2022,MONTAG A & ASSOCIATES INC,1120
31-MAR-2022,MONEY CONCEPTS CAPITAL CORP,640
31-MAR-2022,"MONECO Advisors, LLC",235
31-MAR-2022,MMBG INVESTMENT ADVISORS CO.,5900
31-MAR-2022,MITCHELL MCLEOD PUGH & WILLIAMS INC,475
31-MAR-2022,"MISSION WEALTH MANAGEMENT, LP",935
31-MAR-2022,MILLENNIUM MANAGEMENT LLC,163514
31-MAR-2022,"MILESTONE WEALTH, LLC",43
31-MAR-2022,"MIG Capital, LLC",14316
31-MAR-2022,MERCER GLOBAL ADVISORS INC /ADV,2526
31-MAR-2022,"MEAG MUNICH ERGO, Kapitalanlagegesellschaft mbH",3404
31-MAR-2022,MCF Advisors LLC,124
31-MAR-2022,MASSMUTUAL TRUST CO FSB/ADV,76
31-MAR-2022,MASSACHUSETTS FINANCIAL SERVICES CO /MA/,38991
31-MAR-2022,MARSICO CAPITAL MANAGEMENT LLC,795
31-MAR-2022,MAKENA CAPITAL MANAGEMENT LLC,11460
31-MAR-2022,MAI Capital Management,1814
31-MAR-2022,MACROVIEW INVESTMENT MANAGEMENT LLC,1
31-MAR-2022,MACQUARIE GROUP LTD,51
31-MAR-2022,MACKENZIE FINANCIAL CORP,313193
31-MAR-2022,MACKAY SHIELDS LLC,1438
31-MAR-2022,M&R CAPITAL MANAGEMENT INC,67
31-MAR-2022,M&G INVESTMENT MANAGEMENT LTD,41981
31-MAR-2022,"Mach-1 Financial Group, LLC",67
31-MAR-2022,"Main Street Financial Solutions, LLC",807
31-MAR-2022,"Mutual Advisors, LLC",1390
31-MAR-2022,"Malaga Cove Capital, LLC",406
31-MAR-2022,Must Asset Management Inc.,1241
31-MAR-2022,"Mount Yale Investment Advisors, LLC",2245
31-MAR-2022,"Moser Wealth Advisors, LLC",356
31-MAR-2022,"Moors & Cabot, Inc.",728
31-MAR-2022,"Moloney Securities Asset Management, LLC",2467
31-MAR-2022,"Moisand Fitzgerald Tamayo, LLC",3
31-MAR-2022,Mn Services Vermogensbeheer B.V.,54215
31-MAR-2022,Mitsubishi UFJ Trust & Banking Corp,99186
31-MAR-2022,Missouri Trust & Investment Co,3
31-MAR-2022,"Mirae Asset Global Investments Co., Ltd.",84010
31-MAR-2022,"Miracle Mile Advisors, LLC",1648
31-MAR-2022,"Metis Global Partners, LLC",2810
31-MAR-2022,"Meristem Family Wealth, LLC",291
31-MAR-2022,"Meridian Wealth Management, LLC",5348
31-MAR-2022,Mechanics Bank Trust Department,982
31-MAR-2022,"McIlrath & Eck, LLC",558
31-MAR-2022,"McClarren Financial Advisors, Inc.",11
31-MAR-2022,"Mayflower Financial Advisors, LLC",367
31-MAR-2022,Mattern Wealth Management LLC,212
31-MAR-2022,Matisse Capital,669
31-MAR-2022,"Mathes Company, Inc.",1614
31-MAR-2022,Mass Ave Global Inc.,5179
31-MAR-2022,Mascoma Wealth Management LLC,9
31-MAR-2022,Maryland Capital Management,216
31-MAR-2022,"Marcum Wealth, LLC",21
31-MAR-2022,Marcho Partners LLP,158627
31-MAR-2022,Manchester Capital Management LLC,569
31-MAR-2022,PICTON MAHONEY ASSET MANAGEMENT,4
31-MAR-2022,"NAPLES GLOBAL ADVISORS, LLC",348
31-MAR-2022,"PINEBRIDGE INVESTMENTS, L.P.",3695
31-MAR-2022,"SEGALL BRYANT & HAMILL, LLC",435
31-MAR-2022,"SANDS CAPITAL MANAGEMENT, LLC",1438160
31-MAR-2022,SALEM INVESTMENT COUNSELORS INC,263
31-MAR-2022,"Russell Investments Group, Ltd.",5350
31-MAR-2022,"Route One Investment Company, L.P.",172150
31-MAR-2022,Roundview Capital LLC,1630
31-MAR-2022,"Round Table Services, LLC",676
31-MAR-2022,"Round Rock Advisors, LLC",262
31-MAR-2022,Rosenberg Matthew Hamilton,8
31-MAR-2022,"Rockbridge Investment Management, LCC",5544
31-MAR-2022,"Roberts Capital Advisors, LLC",339
31-MAR-2022,"RiverPark Advisors, LLC",10448
31-MAR-2022,"Rise Advisors, LLC",51
31-MAR-2022,Richelieu Gestion PLC,3299
31-MAR-2022,"Revolve Wealth Partners, LLC",441
31-MAR-2022,"Retirement Group, LLC",22
31-MAR-2022,Resurgent Financial Advisors LLC,251
31-MAR-2022,"Resources Investment Advisors, LLC.",614
31-MAR-2022,Resolute Advisors LLC,2861
31-MAR-2022,Regal Investment Advisors LLC,2131
31-MAR-2022,"Redwood Investments, LLC",243
31-MAR-2022,Redwood Financial Network Corp,328
31-MAR-2022,"Red Door Wealth Management, LLC",291
31-MAR-2022,"Raymond James Financial Services Advisors, Inc.",33352
31-MAR-2022,Rathbones Group PLC,36131
31-MAR-2022,Raleigh Capital Management Inc.,35
31-MAR-2022,"Rafferty Asset Management, LLC",378
31-MAR-2022,"RWQ Financial Management Services, Inc.",3224
31-MAR-2022,SCHRODER INVESTMENT MANAGEMENT GROUP,33490
31-MAR-2022,SEI INVESTMENTS CO,87612
31-MAR-2022,ROYAL LONDON ASSET MANAGEMENT LTD,20462
31-MAR-2022,SENTINEL TRUST CO LBA,218
31-MAR-2022,Sandy Spring Bank,152
31-MAR-2022,PINNACLE ASSOCIATES LTD,200
31-MAR-2022,"Sandy Cove Advisors, LLC",34
31-MAR-2022,"Sand Hill Global Advisors, LLC",274
31-MAR-2022,San Luis Wealth Advisors LLC,1096
31-MAR-2022,SWS Partners,2021
31-MAR-2022,SWM Advisors,309
31-MAR-2022,SVB WEALTH LLC,269
31-MAR-2022,"SUMMIT PARTNERS PUBLIC ASSET MANAGEMENT, LLC",13519
31-MAR-2022,"SUMITOMO MITSUI FINANCIAL GROUP, INC.",49862
31-MAR-2022,STRS OHIO,1962
31-MAR-2022,"STONNINGTON GROUP, LLC",1346
31-MAR-2022,STOCK YARDS BANK & TRUST CO,172
31-MAR-2022,STATE OF WISCONSIN INVESTMENT BOARD,40783
31-MAR-2022,"SRS Investment Management, LLC",105070
31-MAR-2022,"SRS Capital Advisors, Inc.",354
31-MAR-2022,SJS Investment Consulting Inc.,125
31-MAR-2022,"SITTNER & NELSON, LLC",57
31-MAR-2022,"SIMPLEX TRADING, LLC",617817
31-MAR-2022,"SIMON QUICK ADVISORS, LLC",164
31-MAR-2022,SILVERCREST ASSET MANAGEMENT GROUP LLC,277
31-MAR-2022,"SIGNATUREFD, LLC",1318
31-MAR-2022,SHENKMAN CAPITAL MANAGEMENT INC,9537
31-MAR-2022,SHELL ASSET MANAGEMENT CO,4598
31-MAR-2022,"SG3 Management, LLC",4867
31-MAR-2022,"SG Americas Securities, LLC",139276
31-MAR-2022,"SFMG, LLC",257
31-MAR-2022,RWC Asset Management LLP,381
31-MAR-2022,"SCGE MANAGEMENT, L.P.",629995
31-MAR-2022,ROYAL BANK OF CANADA,113398
31-MAR-2022,Parametric Portfolio Associates LLC,49795
31-MAR-2022,"Plante Moran Financial Advisors, LLC",37
31-MAR-2022,"Pitti Group Wealth Management, LLC",644
31-MAR-2022,"Pinnacle Wealth Planning Services, Inc.",463
31-MAR-2022,"Pinnacle Holdings, LLC",9463
31-MAR-2022,"Pinnacle Bancorp, Inc.",19
31-MAR-2022,Perkins Coie Trust Co,4
31-MAR-2022,Periscope Capital Inc.,3330
31-MAR-2022,"Perigon Wealth Management, LLC",320
31-MAR-2022,"Perennial Investment Advisors, LLC",318
31-MAR-2022,"Pekin Hardy Strauss, Inc.",203
31-MAR-2022,Parkwood LLC,3062
31-MAR-2022,Parkside Financial Bank & Trust,14
31-MAR-2022,"Pariax, LLC",1352
31-MAR-2022,"Parallel Advisors, LLC",3533
31-MAR-2022,"Precision Wealth Strategies, LLC",363
31-MAR-2022,"Parallax Volatility Advisers, L.P.",204499
31-MAR-2022,"Paragon Advisors, LLC",1362
31-MAR-2022,"Paradiem, LLC",747
31-MAR-2022,"Pacific Wealth Strategies Group, Inc.",1063
31-MAR-2022,"PYA Waltman Capital, LLC",23
31-MAR-2022,PUBLIC INVESTMENT FUND,168990
31-MAR-2022,"PSI Advisors, LLC",224
31-MAR-2022,PRW Wealth Management LLC,1431
31-MAR-2022,PRIO WEALTH LIMITED PARTNERSHIP,509
31-MAR-2022,PRICE T ROWE ASSOCIATES INC /MD/,2408722
31-MAR-2022,PRAGMA GESTAO DE PATRIMONIO LTD,8652
31-MAR-2022,POLEN CAPITAL MANAGEMENT LLC,37112
31-MAR-2022,PITTENGER & ANDERSON INC,114
31-MAR-2022,"PrairieView Partners, LLC",54
31-MAR-2022,Parisi Gray Wealth Management,436
31-MAR-2022,"RB Capital Management, LLC",474
31-MAR-2022,"Quad-Cities Investment Group, LLC",243
31-MAR-2022,"ROCKY MOUNTAIN ADVISERS, LLC",9
31-MAR-2022,RMR Wealth Builders,339
31-MAR-2022,Prestige Wealth Management Group LLC,2
31-MAR-2022,RIVERPARK CAPITAL MANAGEMENT LLC,2861
31-MAR-2022,RITTER DANIHER FINANCIAL ADVISORY LLC,3
31-MAR-2022,RITHOLTZ WEALTH MANAGEMENT,428
31-MAR-2022,"RFG Advisory, LLC",276
31-MAR-2022,RESOURCES MANAGEMENT CORP /CT/ /ADV,3
31-MAR-2022,REGIONS FINANCIAL CORP,3490
31-MAR-2022,RAYMOND JAMES TRUST N.A.,353
31-MAR-2022,RAYMOND JAMES & ASSOCIATES,65471
31-MAR-2022,"Quent Capital, LLC",3
31-MAR-2022,Quadrature Capital Ltd,53439
31-MAR-2022,Quaero Capital S.A.,1906
31-MAR-2022,Qtron Investments LLC,313
31-MAR-2022,Proem Advisors LLC,5070
31-MAR-2022,"Prime Capital Investment Advisors, LLC",380
31-MAR-2022,"Private Advisor Group, LLC",13111
31-MAR-2022,"Private Ocean, LLC",1
31-MAR-2022,Private Portfolio Partners LLC,578524
31-MAR-2022,Privium Fund Management B.V.,31500
31-MAR-2022,"Procyon Advisors, LLC",262
31-MAR-2022,Prospera Financial Services Inc,945
31-MAR-2022,Prostatis Group LLC,527249
31-MAR-2022,Public Sector Pension Investment Board,21800
31-MAR-2022,QUADRANT CAPITAL GROUP LLC,348
31-DEC-2021,Value Star Asset Management (Hong Kong) Ltd,6997141
31-DEC-2021,"Vectors Research Management, LLC",6
31-DEC-2021,Varma Mutual Pension Insurance Co,2772
31-DEC-2021,Venator Capital Management Ltd.,6887
31-DEC-2021,Vanguard Capital Wealth Advisors,461
31-DEC-2021,"Van Hulzen Asset Management, LLC",486
31-DEC-2021,"WC Walker & Associates, Inc.",280
31-DEC-2021,"Valmark Advisers, Inc.",893
31-DEC-2021,"Valeo Financial Advisors, LLC",1610
31-DEC-2021,Vahanian & Associates Financial Planning Inc.,326
31-DEC-2021,"VIVID FINANCIAL MANAGEMENT, INC.",1262
31-DEC-2021,Veracity Capital LLC,423
31-DEC-2021,"VIRIDIAN RIA, LLC",5919
31-DEC-2021,"Venturi Wealth Management, LLC",260
31-DEC-2021,WADE G W & INC,3629
31-DEC-2021,Verdence Capital Advisors LLC,2452
31-DEC-2021,"Veritable, L.P.",990
31-DEC-2021,Veriti Management LLC,1807
31-DEC-2021,Verition Fund Management LLC,834004
31-DEC-2021,"Vestmark Advisory Solutions, Inc.",1395
31-DEC-2021,"Vident Investment Advisory, LLC",865
31-DEC-2021,Vienna Asset Management LLC,631
31-DEC-2021,Vigilare Wealth Management,1517
31-DEC-2021,"Virtue Capital Management, LLC",2094
31-DEC-2021,"Vision Capital Management, Inc.",275
31-DEC-2021,Visionary Wealth Advisors,346
31-DEC-2021,"Vista Wealth Management Group, LLC",438
31-DEC-2021,"WASHBURN CAPITAL MANAGEMENT, INC.",3358
31-DEC-2021,VICTORY CAPITAL MANAGEMENT INC,63703
31-DEC-2021,VIRGINIA RETIREMENT SYSTEMS ET AL,13651
31-DEC-2021,"Toroso Investments, LLC",1231
31-DEC-2021,"VETAMER CAPITAL MANAGEMENT, L.P.",8165
31-DEC-2021,Truvestments Capital LLC,242
31-DEC-2021,WD RUTHERFORD LLC,1872
31-DEC-2021,Titus Wealth Management,231
31-DEC-2021,"TimeScale Financial, Inc.",99
31-DEC-2021,"Tortoise Investment Management, LLC",193
31-DEC-2021,"Total Clarity Wealth Management, Inc.",291
31-DEC-2021,TownSquare Capital LLC,1344
31-DEC-2021,"Tradewinds Capital Management, LLC",51
31-DEC-2021,"Tradition Wealth Management, LLC",73
31-DEC-2021,"Transform Wealth, LLC",240
31-DEC-2021,"Traynor Capital Management, Inc.",622
31-DEC-2021,Triasima Portfolio Management inc.,142117
31-DEC-2021,Triumph Capital Management,660
31-DEC-2021,"True North Advisors, LLC",333
31-DEC-2021,"Twin Tree Management, LP",21135
31-DEC-2021,"VESTOR CAPITAL, LLC",113
31-DEC-2021,Tyler-Stone Wealth Management,353
31-DEC-2021,"U.S. Capital Wealth Advisors, LLC",649
31-DEC-2021,UBS ASSET MANAGEMENT AMERICAS INC,676621644
31-DEC-2021,UMB BANK N A/MO,48
31-DEC-2021,UNITED MARITIME CAPITAL LLC,1928
31-DEC-2021,USS Investment Management Ltd,34250
31-DEC-2021,"United Asset Strategies, Inc.",331
31-DEC-2021,"United Capital Management of KS, Inc.",769
31-DEC-2021,United Super Pty Ltd in its capacity as Trustee for the Construction & Building Unions Superannuation Fund,14154
31-DEC-2021,V Wealth Advisors LLC,1514
31-DEC-2021,VALLEY NATIONAL ADVISERS INC,18
31-DEC-2021,VAN ECK ASSOCIATES CORP,1143
31-DEC-2021,VANGUARD GROUP INC,3823162
31-DEC-2021,"WCM INVESTMENT MANAGEMENT, LLC",2829928
31-DEC-2021,Zurcher Kantonalbank (Zurich Cantonalbank),45225
31-DEC-2021,WEALTH EFFECTS LLC,1624
31-DEC-2021,Y-Intercept (Hong Kong) Ltd,1494
31-DEC-2021,Whale Rock Capital Management LLC,655041
31-DEC-2021,"White Knight Strategic Wealth Advisors, LLC",483
31-DEC-2021,"Williams Jones Wealth Management, LLC.",457
31-DEC-2021,"Willis Johnson & Associates, Inc.",613
31-DEC-2021,"Winch Advisory Services, LLC",43
31-DEC-2021,"Winfield Associates, Inc.",3291
31-DEC-2021,"Winslow Capital Management, LLC",32087
31-DEC-2021,Winthrop Advisory Group LLC,526
31-DEC-2021,Woodline Partners LP,10262
31-DEC-2021,"Worm Capital, LLC",36326
31-DEC-2021,"X-Square Capital, LLC",2029
31-DEC-2021,XR Securities LLC,251
31-DEC-2021,"Xcel Wealth Management, LLC",457
31-DEC-2021,"YHB Investment Advisors, Inc.",333
31-DEC-2021,"Western Wealth Management, LLC",467
31-DEC-2021,"YOUSIF CAPITAL MANAGEMENT, LLC",2428
31-DEC-2021,"Yarbrough Capital, LLC",16139
31-DEC-2021,Yorktown Management & Research Co Inc,269
31-DEC-2021,ZACKS INVESTMENT MANAGEMENT,749
31-DEC-2021,ZEVENBERGEN CAPITAL INVESTMENTS LLC,222640
31-DEC-2021,ZIMMERMANN INVESTMENT MANAGEMENT & PLANNING LLC,220
31-DEC-2021,ZWJ INVESTMENT COUNSEL INC,234
31-DEC-2021,"Ziegler Capital Management, LLC",4705
31-DEC-2021,"Zions Bancorporation, N.A.",320
31-DEC-2021,"Zullo Investment Group, Inc.",616
31-DEC-2021,Zweig-DiMenna Associates LLC,22683
31-DEC-2021,united american securities inc. (d/b/a uas asset management),2066
31-DEC-2021,"Thomas J. Herzfeld Advisors, Inc.",12
31-DEC-2021,"Westside Investment Management, Inc.",13
31-DEC-2021,"Western Pacific Wealth Management, LP",26
31-DEC-2021,"WEALTHSOURCE PARTNERS, LLC",810
31-DEC-2021,WT Wealth Management,220
31-DEC-2021,WEATHERLY ASSET MANAGEMENT L. P.,430
31-DEC-2021,WEDBUSH SECURITIES INC,4397
31-DEC-2021,WELCH & FORBES LLC,2305
31-DEC-2021,WESBANCO BANK INC,22
31-DEC-2021,WETHERBY ASSET MANAGEMENT INC,1954
31-DEC-2021,WHITTIER TRUST CO,211
31-DEC-2021,WHITTIER TRUST CO OF NEVADA INC,14
31-DEC-2021,WILBANKS SMITH & THOMAS ASSET MANAGEMENT LLC,1074
31-DEC-2021,"WILLIAM BLAIR INVESTMENT MANAGEMENT, LLC",4552
31-DEC-2021,"WMG Financial Advisors, LLC",294
31-DEC-2021,"WMS Partners, LLC",251
31-DEC-2021,WOLFF WIESE MAGANA LLC,489
31-DEC-2021,WOODSTOCK CORP,669
31-DEC-2021,"Wagner Wealth Management, LLC",15
31-DEC-2021,"West Oak Capital, LLC",7
31-DEC-2021,Walleye Trading LLC,405485
31-DEC-2021,"We Are One Seven, LLC",827
31-DEC-2021,"Wealth Alliance Advisory Group, LLC",369
31-DEC-2021,"Wealth Architects, LLC",267
31-DEC-2021,"WealthPLAN Partners, LLC",300
31-DEC-2021,Wealthcare Advisory Partners LLC,421
31-DEC-2021,Wealthsimple Inc.,1357
31-DEC-2021,"Wealthspire Advisors, LLC",696
31-DEC-2021,Weiss Multi-Strategy Advisers LLC,2070
31-DEC-2021,"Wellington Shields & Co., LLC",5924
31-DEC-2021,"Wellington Shields Capital Management, LLC",7734
31-DEC-2021,"Wellspring Financial Advisors, LLC",218
31-DEC-2021,"West Family Investments, Inc.",1050
31-DEC-2021,Thrivent Financial for Lutherans,17587
31-DEC-2021,"Summit X, LLC",1216
31-DEC-2021,Texas Yale Capital Corp.,16482
31-DEC-2021,EDMOND DE ROTHSCHILD HOLDING S.A.,5234
31-DEC-2021,EARNEST PARTNERS LLC,21
31-DEC-2021,EAGLE GLOBAL ADVISORS LLC,1230
31-DEC-2021,EAGLE ASSET MANAGEMENT INC,91978
31-DEC-2021,Dynamic Advisor Solutions LLC,1282
31-DEC-2021,Durable Capital Partners LP,618065
31-DEC-2021,"Douglass Winthrop Advisors, LLC",450
31-DEC-2021,"Douglas Lane & Associates, LLC",361
31-DEC-2021,Dixon Hughes Goodman Wealth Advisors LLC,105
31-DEC-2021,Diversified Trust Co,519
31-DEC-2021,Discovery Value Fund,550674
31-DEC-2021,"Diligent Investors, LLC",231
31-DEC-2021,"Detalus Advisors, LLC",219
31-DEC-2021,Delta Financial Advisors LLC,304
31-DEC-2021,"Delos Wealth Advisors, LLC",33
31-DEC-2021,DeepCurrents Investment Group LLC,14644
31-DEC-2021,Darsana Capital Partners LP,199722
31-DEC-2021,Dakota Wealth Management,2484
31-DEC-2021,"DZ BANK AG Deutsche Zentral Genossenschafts Bank, Frankfurt am Main",70
31-DEC-2021,DUNCKER STREETT & CO INC,17
31-DEC-2021,DOWLING & YAHNKE LLC,592
31-DEC-2021,"DONALDSON CAPITAL MANAGEMENT, LLC",484
31-DEC-2021,DOCKYARD CAPITAL MANAGEMENT LP,6887
31-DEC-2021,DOCK STREET ASSET MANAGEMENT INC,12554
31-DEC-2021,"DMG Group, LLC",455
31-DEC-2021,DIXON HUBARD FEINOUR & BROWN INC/VA,4763
31-DEC-2021,"DIVIDEND ASSETS CAPITAL, LLC",87
31-DEC-2021,"DFPG INVESTMENTS, LLC",2185
31-DEC-2021,DELTA ASSET MANAGEMENT LLC/TN,34
31-DEC-2021,"DCM Advisors, LLC",861
31-DEC-2021,EATON VANCE MANAGEMENT,175924
31-DEC-2021,EFG Asset Management (Americas) Corp.,4532
31-DEC-2021,"Evercore Wealth Management, LLC",295
31-DEC-2021,EFG Asset Management (North America) Corp.,11627
31-DEC-2021,Essex LLC,227
31-DEC-2021,"Essex Financial Services, Inc.",404
31-DEC-2021,Erste Asset Management GmbH,10447687
31-DEC-2021,Ergoteles LLC,2062
31-DEC-2021,"Eqis Capital Management, Inc.",5867
31-DEC-2021,"Epic Trust Investment Advisors, LLC",269
31-DEC-2021,"Ensign Peak Advisors, Inc",244852
31-DEC-2021,"Enlightenment Research, LLC",1515
31-DEC-2021,Engineers Gate Manager LP,1466
31-DEC-2021,"Empirical Financial Services, LLC d.b.a. Empirical Wealth Management",975
31-DEC-2021,"Elmwood Wealth Management, Inc.",69
31-DEC-2021,"Ellis Investment Partners, LLC",11
31-DEC-2021,"Ellevest, Inc.",74
31-DEC-2021,"Elite Wealth Management, Inc.",288
31-DEC-2021,Egerton Capital (UK) LLP,576909
31-DEC-2021,Edge Wealth Management LLC,12
31-DEC-2021,Econ Financial Services Corp,6
31-DEC-2021,Echo Street Capital Management LLC,44123
31-DEC-2021,"EXENCIAL WEALTH ADVISORS, LLC",409
31-DEC-2021,"EXCHANGE TRADED CONCEPTS, LLC",1525
31-DEC-2021,EXANE DERIVATIVES,734117
31-DEC-2021,EVERMAY WEALTH MANAGEMENT LLC,39
31-DEC-2021,EVERGREEN CAPITAL MANAGEMENT LLC,559
31-DEC-2021,EULAV Asset Management,19629
31-DEC-2021,EQUITABLE TRUST CO,16613
31-DEC-2021,"EP Wealth Advisors, LLC",804
31-DEC-2021,ENVESTNET ASSET MANAGEMENT INC,159559
31-DEC-2021,ENTERPRISE FINANCIAL SERVICES CORP,1
31-DEC-2021,"ELEMENT POINTE ADVISORS, LLC",1146
31-DEC-2021,DAVIS-REA LTD.,1000
31-DEC-2021,D1 Capital Partners L.P.,414422
31-DEC-2021,D.A. DAVIDSON & CO.,7863
31-DEC-2021,"Cypress Wealth Services, LLC",1855
31-DEC-2021,"Coastal Investment Advisors, Inc.",1432
31-DEC-2021,Clearview Wealth Advisors LLC,25
31-DEC-2021,"Clearstead Advisors, LLC",1114
31-DEC-2021,"Clearbridge Investments, LLC",5288
31-DEC-2021,"Clear Creek Financial Management, LLC",231
31-DEC-2021,"Clay Northam Wealth Management, LLC",1186
31-DEC-2021,Claro Advisors LLC,201
31-DEC-2021,"Clarius Group, LLC",583
31-DEC-2021,ClariVest Asset Management LLC,18625
31-DEC-2021,Clare Market Investments LLC,3596365
31-DEC-2021,City State Bank,39
31-DEC-2021,"Circle Wealth Management, LLC",697
31-DEC-2021,Chicago Partners Investment Group LLC,1243
31-DEC-2021,"Chicago Capital, LLC",21363
31-DEC-2021,Cheyne Capital Management (UK) LLP,1792
31-DEC-2021,Chesley Taft & Associates LLC,2516
31-DEC-2021,"Cherry Creek Investment Advisors, Inc.",1289
31-DEC-2021,"Checchi Capital Advisers, LLC",580
31-DEC-2021,Charles Schwab Trust Co,1377
31-DEC-2021,"Chapman Investment Management, LLC",393
31-DEC-2021,"Change Path, LLC",569
31-DEC-2021,Cetera Investment Advisers,5605
31-DEC-2021,Cetera Advisors LLC,6410
31-DEC-2021,Cetera Advisor Networks LLC,7175
31-DEC-2021,Cerity Partners LLC,3892
31-DEC-2021,"Centiva Capital, LP",25069
31-DEC-2021,"Center Lake Capital Management, LLC",19111
31-DEC-2021,"Cavalier Investments, LLC",1504
31-DEC-2021,Castle Hook Partners LP,25453
31-DEC-2021,"Codex Capital, L.L.C.",6334000
31-DEC-2021,"Column Capital Advisors, LLC",433
31-DEC-2021,Concord Wealth Partners,54
31-DEC-2021,Covington Capital Management,362
31-DEC-2021,"Cypress Capital, LLC",1377
31-DEC-2021,Cypress Capital Group,492
31-DEC-2021,"Curi Wealth Management, LLC",9
31-DEC-2021,"Cunning Capital Partners, LP",3186
31-DEC-2021,Csenge Advisory Group,361
31-DEC-2021,"Crossmark Global Holdings, Inc.",9095
31-DEC-2021,"Cribstone Capital Management, LLC",208
31-DEC-2021,Crewe Advisors LLC,125
31-DEC-2021,"Crestwood Capital Management, L.P.",13537
31-DEC-2021,Crestwood Advisors Group LLC,8679
31-DEC-2021,Crestone Asset Management LLC,205
31-DEC-2021,"Crescent Capital Consulting, LLC",1
31-DEC-2021,Creative Planning,28091
31-DEC-2021,Covestor Ltd,97
31-DEC-2021,"Concorde Asset Management, LLC",1773
31-DEC-2021,"Covenant Partners, LLC",1247
31-DEC-2021,"Covenant Asset Management, LLC",16500
31-DEC-2021,Corton Capital Inc.,103304
31-DEC-2021,"Cornerstone Wealth Management, LLC",785
31-DEC-2021,"Cornerstone Wealth Group, LLC",751
31-DEC-2021,"Cornerstone Advisory, LLC",81
31-DEC-2021,"CoreCap Advisors, LLC",161
31-DEC-2021,Cordatus Wealth Management LLC,2044
31-DEC-2021,Cordasco Financial Network,52
31-DEC-2021,Constellation Investimentos e Participacoes Ltda,1355
31-DEC-2021,"Conservest Capital Advisors, Inc.",510
31-DEC-2021,"Connor, Clark & Lunn Investment Management Ltd.",813477
31-DEC-2021,Congress Park Capital LLC,351
31-DEC-2021,"EverSource Wealth Advisors, LLC",158
31-DEC-2021,"Everhart Financial Group, Inc.",1027
31-DEC-2021,"Carroll Investors, Inc",88
31-DEC-2021,"Gotham Asset Management, LLC",1052
31-DEC-2021,"Good Life Advisors, LLC",3442
31-DEC-2021,"Golden Green, Inc.",1901
31-DEC-2021,Glenview Trust Co,566
31-DEC-2021,"Gleason Group, Inc.",276
31-DEC-2021,Glassman Wealth Services,72
31-DEC-2021,Gladstone Institutional Advisory LLC,5146
31-DEC-2021,Gifford Fong Associates,9642
31-DEC-2021,Gerber Kawasaki Wealth & Investment Management,5205
31-DEC-2021,Geneos Wealth Management Inc.,552
31-DEC-2021,"Garrison Point Advisors, LLC",426
31-DEC-2021,"GYL Financial Synergies, LLC",240
31-DEC-2021,"GUERRA PAN ADVISORS, LLC",357
31-DEC-2021,GUARDIAN CAPITAL LP,107906
31-DEC-2021,GUARDIAN CAPITAL ADVISORS LP,555
31-DEC-2021,"GROUP ONE TRADING, L.P.",1437857
31-DEC-2021,"GRIFFIN ASSET MANAGEMENT, INC.",1335
31-DEC-2021,"GREAT VALLEY ADVISOR GROUP, INC.",1258
31-DEC-2021,GRAND JEAN CAPITAL MANAGEMENT INC,9132
31-DEC-2021,"GPS Wealth Strategies Group, LLC",1346
31-DEC-2021,GOFEN & GLOSSBERG LLC /IL/,353
31-DEC-2021,"GM Advisory Group, Inc.",1307
31-DEC-2021,GLYNN CAPITAL MANAGEMENT LLC,63972
31-DEC-2021,GLENMEDE TRUST CO NA,3712
31-DEC-2021,"GFS Advisors, LLC",380
31-DEC-2021,"GFG Capital, LLC",371
31-DEC-2021,GATEWAY INVESTMENT ADVISERS LLC,3386
31-DEC-2021,GARDNER LEWIS ASSET MANAGEMENT L P,9605
31-DEC-2021,GABLES CAPITAL MANAGEMENT INC.,2694
31-DEC-2021,"Full Sail Capital, LLC",1428
31-DEC-2021,Gordian Capital Singapore Pte Ltd,2
31-DEC-2021,"Gould Capital, LLC",15
31-DEC-2021,"Evoke Wealth, LLC",274
31-DEC-2021,Gradient Investments LLC,248
31-DEC-2021,HM PAYSON & CO,120
31-DEC-2021,HIMENSION CAPITAL (SINGAPORE) PTE. LTD.,207128
31-DEC-2021,"HHM Wealth Advisors, LLC",220
31-DEC-2021,"HGI Capital Management, LLC",1167
31-DEC-2021,HERITAGE INVESTORS MANAGEMENT CORP,620
31-DEC-2021,HEALTHCARE OF ONTARIO PENSION PLAN TRUST FUND,10278
31-DEC-2021,HBW Advisory Services LLC,866
31-DEC-2021,HBK Sorce Advisory LLC,1756
31-DEC-2021,HBK INVESTMENTS L P,1928
31-DEC-2021,"HBC Financial Services, PLLC",27
31-DEC-2021,"HB Wealth Management, LLC",518
31-DEC-2021,"HARBOUR INVESTMENTS, INC.",1523
31-DEC-2021,"HARBOR INVESTMENT ADVISORY, LLC",1908
31-DEC-2021,"HARBOR CAPITAL ADVISORS, INC.",5503
31-DEC-2021,"HAP Trading, LLC",4617
31-DEC-2021,"HANTZ FINANCIAL SERVICES, INC.",2012
31-DEC-2021,HALLMARK CAPITAL MANAGEMENT INC,394
31-DEC-2021,Gulf International Bank (UK) Ltd,1328
31-DEC-2021,"Gs Investments, Inc.",67
31-DEC-2021,"Ground Swell Capital, LLC",284
31-DEC-2021,Greytown Advisors Inc.,614
31-DEC-2021,"Great Diamond Partners, LLC",402
31-DEC-2021,Gray Wealth Management Inc.,209
31-DEC-2021,Gratus Capital LLC,13439
31-DEC-2021,Graticule Asia Macro Advisors LLC,5828
31-DEC-2021,Grassi Investment Management,548
31-DEC-2021,"Granite Investment Partners, LLC",256
31-DEC-2021,"Granite Bay Wealth Management, LLC",1380
31-DEC-2021,Grandview Asset Management LLC,2063
31-DEC-2021,Fulcrum Asset Management LLP,311
31-DEC-2021,"Frisch Financial Group, Inc.",716
31-DEC-2021,"Frank, Rimerman Advisors LLC",1224500
31-DEC-2021,Franchise Capital Ltd,60980
31-DEC-2021,FULTON BREAKEFIELD BROENNIMAN LLC,792
31-DEC-2021,"FSC Wealth Advisors, LLC",25
31-DEC-2021,"FRED ALGER MANAGEMENT, LLC",623780
31-DEC-2021,FORTE CAPITAL LLC /ADV,1248
31-DEC-2021,"FORT PITT CAPITAL GROUP, LLC",234
31-DEC-2021,FORSTA AP-FONDEN,32679
31-DEC-2021,"FORESIGHT CAPITAL MANAGEMENT ADVISORS, INC.",43
31-DEC-2021,FLOW TRADERS U.S. LLC,804
31-DEC-2021,"FLAGSHIP HARBOR ADVISORS, LLC",12130
31-DEC-2021,FISHMAN JAY A LTD/MI,206608
31-DEC-2021,FIRST UNITED BANK & TRUST,420
31-DEC-2021,FIRST TRUST ADVISORS LP,116818
31-DEC-2021,"FIRST REPUBLIC INVESTMENT MANAGEMENT, INC.",83084
31-DEC-2021,FIRST NATIONAL CORP /MA/ /ADV,299
31-DEC-2021,FIRST MANHATTAN CO,86
31-DEC-2021,FIRST HAWAIIAN BANK,134
31-DEC-2021,FIRST FOUNDATION ADVISORS,1855
31-DEC-2021,FIRST CITIZENS BANK & TRUST CO,798
31-DEC-2021,FINANCIAL COUNSELORS INC,4253
31-DEC-2021,FIERA CAPITAL CORP,1233
31-DEC-2021,FIDUCIENT ADVISORS LLC,351
31-DEC-2021,FIDUCIARY TRUST CO,548
31-DEC-2021,"FERGUSON WELLMAN CAPITAL MANAGEMENT, INC",507
31-DEC-2021,"FDx Advisors, Inc.",3264
31-DEC-2021,FARMERS TRUST CO,992
31-DEC-2021,FARMERS & MERCHANTS TRUST Co OF LONG BEACH,293
31-DEC-2021,FARMERS & MERCHANTS INVESTMENTS INC,48
31-DEC-2021,"Executive Wealth Management, LLC",300
31-DEC-2021,"Evolution Wealth Advisors, LLC",376
31-DEC-2021,Family Management Corp,4255
31-DEC-2021,"Ferris Capital, LLC",2755
31-DEC-2021,"Fieldpoint Private Securities, LLC",734
31-DEC-2021,"First Pacific Advisors, LP",186
31-DEC-2021,"Foxhaven Asset Management, LP",98675
31-DEC-2021,"FourThought Financial, LLC",56
31-DEC-2021,"Founders Financial Alliance, LLC",226
31-DEC-2021,"Foundations Investment Advisors, LLC",415
31-DEC-2021,"Foster Victor Wealth Advisors, LLC",292
31-DEC-2021,Fortune 45 LLC,951
31-DEC-2021,"Fortress Wealth Group, LLC",299
31-DEC-2021,Fortitude Advisory Group L.L.C.,116
31-DEC-2021,"Fortis Advisors, LLC",138
31-DEC-2021,Fort Point Capital Partners LLC,1150
31-DEC-2021,"Focused Wealth Management, Inc",157
31-DEC-2021,"Focus Financial Network, Inc.",1411825
31-DEC-2021,"Flight Deck Capital, LP",7851
31-DEC-2021,First PREMIER Bank,7
31-DEC-2021,"FinTrust Capital Advisors, LLC",328
31-DEC-2021,"First Horizon Advisors, Inc.",239
31-DEC-2021,"First Heartland Consultants, Inc.",702
31-DEC-2021,"First Command Financial Services, Inc.",678
31-DEC-2021,First Command Bank,667
31-DEC-2021,First Bank & Trust,902
31-DEC-2021,FineMark National Bank & Trust,577
31-DEC-2021,"Financial Management Professionals, Inc.",7
31-DEC-2021,"Financial Gravity Asset Management, Inc.",21738
31-DEC-2021,Financial Enhancement Group LLC,41
31-DEC-2021,"Financial Avengers, Inc.",840
31-DEC-2021,"Financial Architects, Inc",515
31-DEC-2021,Financial Advocates Investment Management,3689
31-DEC-2021,"Financial Advisory Service, Inc.",752
31-DEC-2021,"CarsonAllaria Wealth Management, Ltd.",165
31-DEC-2021,"Carroll Financial Associates, Inc.",208
31-DEC-2021,Terra Nova Asset Management LLC,1959
31-DEC-2021,"Arete Wealth Advisors, LLC",1121
31-DEC-2021,"Aquire Wealth Advisors, LLC",1
31-DEC-2021,"Aptus Capital Advisors, LLC",698
31-DEC-2021,"Apollon Wealth Management, LLC",14093
31-DEC-2021,Antonetti Capital Management LLC,1652
31-DEC-2021,"Annex Advisory Services, LLC",240
31-DEC-2021,"Annapolis Financial Services, LLC",14
31-DEC-2021,AnglePoint Asset Management Ltd,3168
31-DEC-2021,"Angeles Investment Advisors, LLC",895
31-DEC-2021,"Ancora Advisors, LLC",1614
31-DEC-2021,"Anchor Investment Management, LLC",856737
31-DEC-2021,"Amplius Wealth Advisors, LLC",31
31-DEC-2021,"Ameritas Advisory Services, LLC",1485
31-DEC-2021,American Portfolios Advisors,4344288
31-DEC-2021,"American Money Management, LLC",584
31-DEC-2021,"Ambassador Advisors, LLC",179
31-DEC-2021,"Altimeter Capital Management, LP",275478
31-DEC-2021,"Alterity Financial Group, LLC",1344
31-DEC-2021,Alta Wealth Advisors LLC,2446
31-DEC-2021,"Alphastar Capital Management, LLC",341
31-DEC-2021,"AlphaMark Advisors, LLC",23
31-DEC-2021,AlphaCrest Capital Management LLC,3386
31-DEC-2021,"Alpha Cubed Investments, LLC",767
31-DEC-2021,"Almanack Investment Partners, LLC.",310
31-DEC-2021,Allworth Financial LP,1087
31-DEC-2021,"All Terrain Financial Advisors, LLC",260
31-DEC-2021,Alight Capital Management LP,1377
31-DEC-2021,"Alcosta Capital Management, Inc.",4314
31-DEC-2021,Alberta Investment Management Corp,290645
31-DEC-2021,"Alan B. Lancz & Associates, Inc.",737
31-DEC-2021,Arabesque Asset Management Ltd,3702
31-DEC-2021,Argent Trust Co,274
31-DEC-2021,BARTLETT & CO. WEALTH MANAGEMENT LLC,206609
31-DEC-2021,Arkadios Wealth Advisors,445
31-DEC-2021,BARCLAYS PLC,742418
31-DEC-2021,BANQUE PICTET & CIE SA,2534
31-DEC-2021,BANK OF NOVA SCOTIA,1245366
31-DEC-2021,BALDWIN BROTHERS LLC/MA,21
31-DEC-2021,BAILLIE GIFFORD & CO,1427679
31-DEC-2021,"B. Riley Wealth Management, Inc.",3532
31-DEC-2021,B & T Capital Management DBA Alpha Capital Management,4171
31-DEC-2021,"Axel Capital Management, LLC",6887
31-DEC-2021,Avitas Wealth Management LLC,6084
31-DEC-2021,Avion Wealth,11
31-DEC-2021,"Avidian Wealth Solutions, LLC",299
31-DEC-2021,"Aviance Capital Partners, LLC",5578
31-DEC-2021,"Avestar Capital, LLC",17754
31-DEC-2021,"Autumn Glory Partners, LLC",437
31-DEC-2021,AustralianSuper Pty Ltd,167899
31-DEC-2021,"Austin Private Wealth, LLC",328
31-DEC-2021,"Ausdal Financial Partners, Inc.",420
31-DEC-2021,Aubrey Capital Management Ltd,7576420
31-DEC-2021,AtonRa Partners,3459
31-DEC-2021,Atika Capital Management LLC,2211
31-DEC-2021,"Asset Dedication, LLC",337
31-DEC-2021,Assenagon Asset Management S.A.,1722
31-DEC-2021,"Ascent Wealth Partners, LLC",3531
31-DEC-2021,"Ascendant Capital Management, LLC",1377
31-DEC-2021,Artisan Partners Limited Partnership,634058
31-DEC-2021,"Arthedge Capital Management, LLC",19008
31-DEC-2021,"Artemis Wealth Advisors, LLC",2757535
31-DEC-2021,Artemis Investment Management LLP,2919
31-DEC-2021,Arlington Partners LLC,253
31-DEC-2021,Alaethes Wealth LLC,56
31-DEC-2021,Ahrens Investment Partners LLC,226
31-DEC-2021,Aequim Alternative Investments LP,16322
31-DEC-2021,"Advocacy Wealth Management Services, LLC",3
31-DEC-2021,"ARTHUR M. COHEN & ASSOCIATES, LLC",2027
31-DEC-2021,ARK Investment Management LLC,985151
31-DEC-2021,"ARGI Investment Services, LLC",295
31-DEC-2021,ARDSLEY ADVISORY PARTNERS LP,834
31-DEC-2021,ARCADIA INVESTMENT MANAGEMENT CORP/MI,1227
31-DEC-2021,ARBOR CAPITAL MANAGEMENT INC /ADV,275
31-DEC-2021,"APPLIED RESEARCH INVESTMENTS, LLC",33142
31-DEC-2021,APPLETON PARTNERS INC/MA,2818
31-DEC-2021,AMS Capital Ltda,5392
31-DEC-2021,AMF Tjanstepension AB,93577
31-DEC-2021,AMERICAN NATIONAL INSURANCE CO,1067
31-DEC-2021,"ALTERNA WEALTH MANAGEMENT, INC",444
31-DEC-2021,ALKEON CAPITAL MANAGEMENT LLC,693470
31-DEC-2021,"ALETHEA CAPITAL MANAGEMENT, LLC",264
31-DEC-2021,"AJ WEALTH STRATEGIES, LLC",354
31-DEC-2021,"AIGEN INVESTMENT MANAGEMENT, LP",2121
31-DEC-2021,AGF INVESTMENTS INC.,112373
31-DEC-2021,"AFT, FORSYTH & COMPANY, INC.",1496
31-DEC-2021,AEGON ASSET MANAGEMENT UK PLC,64191
31-DEC-2021,AE Wealth Management LLC,24112
31-DEC-2021,ADVISOR PARTNERS LLC,1456
31-DEC-2021,ADVENT CAPITAL MANAGEMENT /DE/,5310
31-DEC-2021,"ADVANCED RESEARCH INVESTMENT SOLUTIONS, LLC",683
31-DEC-2021,"ADIRONDACK RETIREMENT SPECIALISTS, INC.",10879
31-DEC-2021,ACORN FINANCIAL ADVISORY SERVICES INC /ADV,1041
31-DEC-2021,ACG Wealth,559
31-DEC-2021,"9258 Wealth Management, LLC",714
31-DEC-2021,4J Wealth Management LLC,358
31-DEC-2021,1832 Asset Management L.P.,175900
31-DEC-2021,"ASAHI LIFE ASSET MANAGEMENT CO., LTD.",128
31-DEC-2021,"ASB Consultores, LLC",313
31-DEC-2021,ASHFORD CAPITAL MANAGEMENT INC,1267
31-DEC-2021,Accel Wealth Management,180
31-DEC-2021,"Advisory Services Network, LLC",9625
31-DEC-2021,Advisory Resource Group,351
31-DEC-2021,"Advisors Capital Management, LLC",811
31-DEC-2021,"Advisors Asset Management, Inc.",43286
31-DEC-2021,"AdvisorNet Financial, Inc",514
31-DEC-2021,Advisor Resource Council,285
31-DEC-2021,"Advisor OS, LLC",1022
31-DEC-2021,Addenda Capital Inc.,103502
31-DEC-2021,Activest Wealth Management,25
31-DEC-2021,"Acropolis Investment Management, LLC",230
31-DEC-2021,Accuvest Global Advisors,689
31-DEC-2021,"Accurate Wealth Management, LLC",440
31-DEC-2021,Accredited Investors Inc.,230
31-DEC-2021,Absoluto Partners Gestao de Recursos Ltda,5357
31-DEC-2021,"ASPIRIANT, LLC",218
31-DEC-2021,"Absolute Capital Management, LLC",1377
31-DEC-2021,Abound Wealth Management,268591
31-DEC-2021,"Abdiel Capital Advisors, LP",320194
31-DEC-2021,"Abbrea Capital, LLC",1041
31-DEC-2021,"Abbot Financial Management, Inc.",417
31-DEC-2021,"AXXCESS WEALTH MANAGEMENT, LLC",1945
31-DEC-2021,AXIOM INVESTORS LLC /DE,26907
31-DEC-2021,"ATTICUS WEALTH MANAGEMENT, LLC",1
31-DEC-2021,ATRIA INVESTMENTS LLC,4397
31-DEC-2021,ATMOS CAPITAL GESTAO DE RECURSOS LTDA.,42408
31-DEC-2021,ATLAS CAPITAL ADVISORS LLC,263081
31-DEC-2021,"ATALANTA SOSNOFF CAPITAL, LLC",686
31-DEC-2021,"ASSETMARK, INC",2164
31-DEC-2021,BARR E S & CO,265
31-DEC-2021,"BDO Wealth Advisors, LLC",74
31-DEC-2021,"Carnegie Capital Asset Management, LLC",18987
31-DEC-2021,COLLECTIVE FAMILY OFFICE LLC,694
31-DEC-2021,"COHEN & STEERS, INC.",18
31-DEC-2021,COBBLESTONE CAPITAL ADVISORS LLC /NY/,24132
31-DEC-2021,CNB Bank,323
31-DEC-2021,CLARET ASSET MANAGEMENT Corp,2049
31-DEC-2021,CKW FINANCIAL GROUP,170
31-DEC-2021,CIDEL ASSET MANAGEMENT INC,99860
31-DEC-2021,CIBC World Markets Inc.,950129
31-DEC-2021,CIBC Asset Management Inc,476956
31-DEC-2021,CI INVESTMENTS INC.,25383
31-DEC-2021,CHILTON CAPITAL MANAGEMENT LLC,413
31-DEC-2021,CHICAGO TRUST Co NA,62
31-DEC-2021,"CHATHAM CAPITAL GROUP, INC.",207
31-DEC-2021,CFM WEALTH PARTNERS LLC,3856
31-DEC-2021,CENTRAL TRUST Co,6675
31-DEC-2021,CENTRAL BANK & TRUST CO,80
31-DEC-2021,"CENTAURUS FINANCIAL, INC.",712
31-DEC-2021,"CARRET ASSET MANAGEMENT, LLC",295
31-DEC-2021,CAROLINAS WEALTH CONSULTING LLC,50
31-DEC-2021,CAPTRUST FINANCIAL ADVISORS,4168
31-DEC-2021,"CAPSTONE WEALTH MANAGEMENT GROUP, LLC",813
31-DEC-2021,"CAPROCK Group, Inc.",1760
31-DEC-2021,CAPITAL MANAGEMENT ASSOCIATES /NY/,1171
31-DEC-2021,CAPITAL FUND MANAGEMENT S.A.,57459201
31-DEC-2021,CAPITAL ADVISORS INC/OK,529
31-DEC-2021,CANADA PENSION PLAN INVESTMENT BOARD,338199
31-DEC-2021,CAMPBELL CAPITAL MANAGEMENT INC,689
31-DEC-2021,CAMBRIDGE TRUST CO,138
31-DEC-2021,CALIFORNIA STATE TEACHERS RETIREMENT SYSTEM,7496
31-DEC-2021,CALAMOS WEALTH MANAGEMENT LLC,3255
31-DEC-2021,COLDSTREAM CAPITAL MANAGEMENT INC,916
31-DEC-2021,COLONY GROUP LLC,362
31-DEC-2021,"BEACON INVESTMENT ADVISORY SERVICES, INC.",1296
31-DEC-2021,COMERICA BANK,5163
31-DEC-2021,"Carmichael Hill & Associates, Inc.",732
31-DEC-2021,"Capstone Financial Advisors, Inc.",211
31-DEC-2021,"Capital Investment Advisory Services, LLC",1205
31-DEC-2021,"Capital Investment Advisors, LLC",474
31-DEC-2021,Capital Asset Advisory Services LLC,2067
31-DEC-2021,Capasso Planning Partners LLC,222
31-DEC-2021,Candriam Luxembourg S.C.A.,14182
31-DEC-2021,"Canal Capital Management, LLC",3577
31-DEC-2021,"Camden Capital, LLC",6987
31-DEC-2021,"Cambridge Investment Research Advisors, Inc.",30342
31-DEC-2021,"Calton & Associates, Inc.",895
31-DEC-2021,CYPRESS ASSET MANAGEMENT INC/TX,274
31-DEC-2021,CX Institutional,213
31-DEC-2021,"CWM, LLC",1709
31-DEC-2021,"CVA Family Office, LLC",113
31-DEC-2021,CV Advisors LLC,448
31-DEC-2021,CULLINAN ASSOCIATES INC,826
31-DEC-2021,CTC LLC,1583188
31-DEC-2021,CSS LLC/IL,2962
31-DEC-2021,CREATIVE FINANCIAL DESIGNS INC /ADV,1255
31-DEC-2021,"CORRADO ADVISORS, LLC",7572
31-DEC-2021,"CORBETT ROAD CAPITAL MANAGEMENT, LLC",240
31-DEC-2021,CONNABLE OFFICE INC,1314
31-DEC-2021,CONFLUENCE INVESTMENT MANAGEMENT LLC,1098
31-DEC-2021,"CONCOURSE FINANCIAL GROUP SECURITIES, INC.",1923
31-DEC-2021,COMPASS FINANCIAL ADVISORS LLC,202
31-DEC-2021,COMMONWEALTH OF PENNSYLVANIA PUBLIC SCHOOL EMPLS RETRMT SYS,12436
31-DEC-2021,"COMMONWEALTH EQUITY SERVICES, LLC",50831
31-DEC-2021,"COMERICA SECURITIES,INC.",946
31-DEC-2021,CALAMOS ADVISORS LLC,39752
31-DEC-2021,CAISSE DE DEPOT ET PLACEMENT DU QUEBEC,226407
31-DEC-2021,CABOT WEALTH MANAGEMENT INC,1328
31-DEC-2021,CAAS CAPITAL MANAGEMENT LP,6171
31-DEC-2021,"Bard Financial Services, Inc.",337
31-DEC-2021,Bank of New Hampshire,208
31-DEC-2021,"Bank Julius Baer & Co. Ltd, Zurich",2169
31-DEC-2021,"Baltimore-Washington Financial Advisors, Inc.",70
31-DEC-2021,Balentine LLC,900
31-DEC-2021,"Baldwin Investment Management, LLC",1720
31-DEC-2021,"Baker Avenue Asset Management, LP",1377
31-DEC-2021,BW Gestao de Investimentos Ltda.,689
31-DEC-2021,BURNS J W & CO INC/NY,623
31-DEC-2021,BURNEY CO/,463
31-DEC-2021,"BUCKINGHAM STRATEGIC WEALTH, LLC",645
31-DEC-2021,"BTC Capital Management, Inc.",91
31-DEC-2021,BROWN CAPITAL MANAGEMENT LLC,34374
31-DEC-2021,BROWN BROTHERS HARRIMAN & CO,683
31-DEC-2021,BRITISH COLUMBIA INVESTMENT MANAGEMENT Corp,297515
31-DEC-2021,BRIGHTON JONES LLC,3003
31-DEC-2021,BOURGEON CAPITAL MANAGEMENT LLC,293
31-DEC-2021,BOSTON PRIVATE WEALTH LLC,537
31-DEC-2021,"BOKF, NA",1806
31-DEC-2021,"BMS Financial Advisors, LLC",760
31-DEC-2021,BLUESTEIN R H & CO,1833
31-DEC-2021,"BLUE BELL PRIVATE WEALTH MANAGEMENT, LLC",25
31-DEC-2021,"BLODGETT WEALTH ADVISORS, LLC",742
31-DEC-2021,"BLB&B Advisors, LLC",840
31-DEC-2021,BLAIR WILLIAM & CO/IL,37909
31-DEC-2021,BIT Capital GmbH,1264444
31-DEC-2021,BIRINYI ASSOCIATES INC,3478
31-DEC-2021,BERKSHIRE CAPITAL HOLDINGS INC,7479
31-DEC-2021,BENEDICT FINANCIAL ADVISORS INC,537
31-DEC-2021,Bartlett & Co. LLC,207
31-DEC-2021,Barton Investment Management,309793
31-DEC-2021,Baskin Financial Services Inc.,468
31-DEC-2021,"Blueshift Asset Management, LLC",5157
31-DEC-2021,Byrne Asset Management LLC,7
31-DEC-2021,"Burns Matteson Capital Management, LLC",304403
31-DEC-2021,"Burleson & Company, LLC",12
31-DEC-2021,Builders Union LLP,15483
31-DEC-2021,"Budros, Ruhlin & Roe, Inc.",544
31-DEC-2021,"Buckley Wealth Management, LLC",689
31-DEC-2021,Brookstone Capital Management,1482
31-DEC-2021,"Bristlecone Advisors, LLC",1770
31-DEC-2021,"Brinker Capital Investments, LLC",1675
31-DEC-2021,"Bridgeworth, LLC",266
31-DEC-2021,"Bridgewater Associates, LP",3745
31-DEC-2021,"Bouvel Investment Partners, LLC",2019
31-DEC-2021,"Bogart Wealth, LLC",3909
31-DEC-2021,Blueprint Investment Partners LLC,125342
31-DEC-2021,"Bay Colony Advisory Group, Inc d/b/a Bay Colony Advisors",497
31-DEC-2021,"Blue Square Asset Management, LLC",748
31-DEC-2021,"Blue Chip Partners, Inc.",172
31-DEC-2021,BlackRock Inc.,830154
31-DEC-2021,"Black Swift Group, LLC",1410
31-DEC-2021,"Biondo Investment Advisors, LLC",1691
31-DEC-2021,"Bienville Capital Management, LLC",941
31-DEC-2021,"Berger Financial Group, Inc",201
31-DEC-2021,"BerganKDV Wealth Management, LLC",28
31-DEC-2021,Belpointe Asset Management LLC,424
31-DEC-2021,"Bell Investment Advisors, Inc",21
31-DEC-2021,"Beacon Pointe Advisors, LLC",908
31-DEC-2021,Baystate Wealth Management LLC,36
31-DEC-2021,Bay Rivers Group,1617
31-DEC-2021,HOLDERNESS INVESTMENTS CO,259
31-DEC-2021,HOLLENCREST CAPITAL MANAGEMENT,215
31-DEC-2021,HOWE & RUSLING INC,21
31-DEC-2021,"RFG Advisory, LLC",532
31-DEC-2021,"REILLY FINANCIAL ADVISORS, LLC",180
31-DEC-2021,REGIONS FINANCIAL CORP,6566
31-DEC-2021,REGENTATLANTIC CAPITAL LLC,281
31-DEC-2021,REDW Wealth LLC,324
31-DEC-2021,"RB Capital Management, LLC",442
31-DEC-2021,RAYMOND JAMES TRUST N.A.,722
31-DEC-2021,RAYMOND JAMES & ASSOCIATES,118790
31-DEC-2021,"Quent Capital, LLC",10
31-DEC-2021,Qube Research & Technologies Ltd,7994
31-DEC-2021,Quaero Capital S.A.,2534
31-DEC-2021,Quadrature Capital Ltd,31137
31-DEC-2021,"Quad-Cities Investment Group, LLC",296
31-DEC-2021,Qtron Investments LLC,638
31-DEC-2021,QUEST INVESTMENT MANAGEMENT LLC,7379
31-DEC-2021,QUEST CAPITAL MANAGEMENT INC /ADV,485
31-DEC-2021,QUADRANT CAPITAL GROUP LLC,552
31-DEC-2021,Public Sector Pension Investment Board,44920
31-DEC-2021,Prospera Financial Services Inc,3478
31-DEC-2021,"Professional Financial Advisors, LLC",278
31-DEC-2021,"Procyon Private Wealth Partners, LLC",362
31-DEC-2021,Privium Fund Management B.V.,44184
31-DEC-2021,Privium Fund Management (UK) Ltd,88368
31-DEC-2021,"Private Wealth Strategies, L.L.C.",345
31-DEC-2021,Private Portfolio Partners LLC,1491826
31-DEC-2021,"Private Ocean, LLC",84
31-DEC-2021,"Private Advisor Group, LLC",9601
31-DEC-2021,"Prime Capital Investment Advisors, LLC",380
31-DEC-2021,Prestige Wealth Management Group LLC,4
31-DEC-2021,"Presidio Capital Management, LLC",332
31-DEC-2021,RESOURCES MANAGEMENT CORP /CT/ /ADV,7
31-DEC-2021,RITHOLTZ WEALTH MANAGEMENT,1010
31-DEC-2021,"Round Rock Advisors, LLC",555
31-DEC-2021,"RITTER DANIHER FINANCIAL ADVISORY, LLC",7
31-DEC-2021,"Rockbridge Investment Management, LCC",92
31-DEC-2021,"RiverPark Advisors, LLC",10859
31-DEC-2021,"Rise Advisors, LLC",104682
31-DEC-2021,Rinkey Investments,2
31-DEC-2021,"Reynders McVeigh Capital Management, LLC",271
31-DEC-2021,"Revolve Wealth Partners, LLC",733
31-DEC-2021,Retirement Solution Inc.,335
31-DEC-2021,"Retirement Planning Co of New England, Inc.",132
31-DEC-2021,"Retirement Group, LLC",39
31-DEC-2021,"Resources Investment Advisors, LLC.",1302
31-DEC-2021,"Resource Management, LLC",457
31-DEC-2021,"Resonant Capital Advisors, LLC",237
31-DEC-2021,Resolute Advisors LLC,5830
31-DEC-2021,Regal Investment Advisors LLC,4076
31-DEC-2021,"Redwood Investments, LLC",658
31-DEC-2021,"Red Door Wealth Management, LLC",780
31-DEC-2021,"Raymond James Financial Services Advisors, Inc.",58105
31-DEC-2021,Rathbones Group PLC,111292
31-DEC-2021,Raleigh Capital Management Inc.,72
31-DEC-2021,"Rafferty Asset Management, LLC",442
31-DEC-2021,"RWQ Financial Management Services, Inc.",6446
31-DEC-2021,RWC Asset Management LLP,3857
31-DEC-2021,RSM US WEALTH MANAGEMENT LLC,404
31-DEC-2021,ROYAL LONDON ASSET MANAGEMENT LTD,39766
31-DEC-2021,ROYAL BANK OF CANADA,210730
31-DEC-2021,ROOSEVELT INVESTMENT GROUP LLC,541
31-DEC-2021,"ROCKY MOUNTAIN ADVISERS, LLC",19
31-DEC-2021,RMR Wealth Builders,576
31-DEC-2021,RIVERPARK CAPITAL MANAGEMENT LLC,1809
31-DEC-2021,"Precision Wealth Strategies, LLC",211
31-DEC-2021,"PrairieView Partners, LLC",110
31-DEC-2021,Polar Asset Management Partners Inc.,124228
31-DEC-2021,"Point Break Capital Management, LLC",4354
31-DEC-2021,PRAGMA GESTAO DE PATRIMONIO LTD,14876
31-DEC-2021,POLEN CAPITAL MANAGEMENT LLC,26172
31-DEC-2021,PITTENGER & ANDERSON INC,2497
31-DEC-2021,PINNACLE ASSOCIATES LTD,408
31-DEC-2021,"PINEBRIDGE INVESTMENTS, L.P.",11187
31-DEC-2021,PIN OAK INVESTMENT ADVISORS INC,55
31-DEC-2021,"PFS Partners, LLC",118456
31-DEC-2021,PFS INVESTMENTS INC.,2866
31-DEC-2021,PFG Advisors,837
31-DEC-2021,PERSONAL CAPITAL ADVISORS CORP,1519
31-DEC-2021,PENNSYLVANIA CAPITAL MANAGEMENT INC /ADV,292
31-DEC-2021,PECONIC PARTNERS LLC,266
31-DEC-2021,PECAUT & CO.,244
31-DEC-2021,"PDS Planning, Inc",390
31-DEC-2021,PCJ Investment Counsel Ltd.,11220
31-DEC-2021,"PAX Financial Group, LLC",1198
31-DEC-2021,"PATHSTONE FAMILY OFFICE, LLC",936
31-DEC-2021,"PARTNERS CAPITAL INVESTMENT GROUP, LLP",25703
31-DEC-2021,PARK NATIONAL CORP /OH/,453
31-DEC-2021,PARK AVENUE SECURITIES LLC,4609000
31-DEC-2021,Oxler Private Wealth LLC,1681
31-DEC-2021,Oxinas Partners Wealth Management LLC,503
31-DEC-2021,"Oxbow Advisors, LLC",579
31-DEC-2021,Outfitter Financial LLC,73
31-DEC-2021,Orion Capital Management LLC,185
31-DEC-2021,"Oribel Capital Management, LP",27547
31-DEC-2021,OneAscent Financial Services LLC,635
31-DEC-2021,"One Wealth Advisors, LLC",237
31-DEC-2021,"Oder Investment Management, LLC",636
31-DEC-2021,PRICE T ROWE ASSOCIATES INC /MD/,4579439
31-DEC-2021,PRIO WEALTH LIMITED PARTNERSHIP,1043
31-DEC-2021,PRW Wealth Management LLC,3764
31-DEC-2021,Parisi Gray Wealth Management,850
31-DEC-2021,"Plante Moran Financial Advisors, LLC",79
31-DEC-2021,"Pitti Group Wealth Management, LLC",1234
31-DEC-2021,"Pinnacle Wealth Planning Services, Inc.",799
31-DEC-2021,"Pinnacle Bancorp, Inc.",39
31-DEC-2021,Phoenix Wealth Advisors,979
31-DEC-2021,"Pettinga Financial Advisors, LLC",275
31-DEC-2021,Perkins Coie Trust Co,8
31-DEC-2021,Periscope Capital Inc.,626
31-DEC-2021,"Perigon Wealth Management, LLC",541
31-DEC-2021,"Perennial Investment Advisors, LLC",670
31-DEC-2021,"Pembroke Management, LTD",294
31-DEC-2021,"Patriot Financial Group Insurance Agency, LLC",1
31-DEC-2021,Parkside Financial Bank & Trust,56
31-DEC-2021,Parametric Portfolio Associates LLC,113038
31-DEC-2021,"PSI Advisors, LLC",285
31-DEC-2021,"Parallel Advisors, LLC",5866
31-DEC-2021,"Parallax Volatility Advisers, L.P.",369711
31-DEC-2021,Paragon Capital Management Ltd,1
31-DEC-2021,"Paragon Advisors, LLC",3083
31-DEC-2021,"Paradigm Financial Partners, LLC",2133
31-DEC-2021,"Paradigm Financial Advisors, LLC",278
31-DEC-2021,"Paradiem, LLC",1146
31-DEC-2021,Pallas Capital Advisors LLC,113
31-DEC-2021,"Pacific Wealth Strategies Group, Inc.",2307
31-DEC-2021,Pachira Investments Inc.,227
31-DEC-2021,"Pacer Advisors, Inc.",1202
31-DEC-2021,"PYA Waltman Capital, LLC",47
31-DEC-2021,PUBLIC INVESTMENT FUND,172174
31-DEC-2021,Rosenberg Matthew Hamilton,50
31-DEC-2021,Roundview Capital LLC,1854
31-DEC-2021,HOWLAND CAPITAL MANAGEMENT LLC,244
31-DEC-2021,Swiss National Bank,611690
31-DEC-2021,"Sunbelt Securities, Inc.",726
31-DEC-2021,"Summit Trail Advisors, LLC",748
31-DEC-2021,"Summit Financial Strategies, Inc.",284
31-DEC-2021,Successful Portfolios LLC,212
31-DEC-2021,Strong Tower Advisory Services,3432
31-DEC-2021,"Strid Group, LLC",204
31-DEC-2021,"Stratos Wealth Partners, LTD.",3399
31-DEC-2021,Strategy Capital LLC,272154
31-DEC-2021,"Strategic Blueprint, LLC",475
31-DEC-2021,Strategic Advisors LLC,8450
31-DEC-2021,Stony Point Capital LLC,18008
31-DEC-2021,Stonebridge Capital Advisors LLC,67
31-DEC-2021,"Steward Partners Investment Advisory, LLC",5659
31-DEC-2021,"Sterling Investment Advisors, Ltd.",3556
31-DEC-2021,"Stephens Consulting, LLC",27573
31-DEC-2021,Steel Peak Wealth Management LLC,10629
31-DEC-2021,"Steamboat Capital Partners, LLC",3402
31-DEC-2021,Steadview Capital Management LLC,144395
31-DEC-2021,State of Wyoming,335
31-DEC-2021,"State of Tennessee, Treasury Department",150568
31-DEC-2021,"Stanley-Laman Group, Ltd.",9259
31-DEC-2021,Spire Wealth Management,17205
31-DEC-2021,Spence Asset Management,16052
31-DEC-2021,"Spearhead Capital Advisors, LLC",288
31-DEC-2021,"Sowa Financial Group, Inc.",2961
31-DEC-2021,Southland Equity Partners LLC,300271
31-DEC-2021,Southern Farm Bureau Life Insurance,275
31-DEC-2021,"Sound View Wealth Advisors Group, LLC",1230
31-DEC-2021,"Sound Income Strategies, LLC",19
31-DEC-2021,"Sunflower Bank, N.A.",207
31-DEC-2021,"Symphony Financial, Ltd. Co.",334
31-DEC-2021,"Route One Investment Company, L.P.",204095
31-DEC-2021,"Synergy Financial Group, LTD",6266
31-DEC-2021,"TenCore Partners, LP",8264
31-DEC-2021,"Telos Capital Management, Inc.",517
31-DEC-2021,"Teamwork Financial Advisors, LLC",8275
31-DEC-2021,TYBOURNE CAPITAL MANAGEMENT (HK) LTD,370242
31-DEC-2021,"TWO SIGMA SECURITIES, LLC",8570
31-DEC-2021,"TWO SIGMA INVESTMENTS, LP",45631
31-DEC-2021,TWINBEECH CAPITAL LP,2943
31-DEC-2021,"TSFG, LLC",300
31-DEC-2021,"TRUSTCORE FINANCIAL SERVICES, LLC",48
31-DEC-2021,TRUST CO OF VERMONT,138
31-DEC-2021,"TRU INDEPENDENCE ASSET MANAGEMENT 2, LLC",680
31-DEC-2021,"TRANSCEND WEALTH COLLECTIVE, LLC",255
31-DEC-2021,TOWER BRIDGE ADVISORS,316800
31-DEC-2021,TOTH FINANCIAL ADVISORY CORP,183
31-DEC-2021,TOTAL INVESTMENT MANAGEMENT INC,299
31-DEC-2021,TORONTO DOMINION BANK,474922
31-DEC-2021,TOMPKINS FINANCIAL CORP,1
31-DEC-2021,TOCQUEVILLE ASSET MANAGEMENT L.P.,30811
31-DEC-2021,TOBAM,3664
31-DEC-2021,"TITLEIST ASSET MANAGEMENT, LTD.",17122
31-DEC-2021,"TILIA FIDUCIARY PARTNERS, INC.",247
31-DEC-2021,TIGER GLOBAL MANAGEMENT LLC,1111347
31-DEC-2021,THORNBURG INVESTMENT MANAGEMENT INC,142842
31-DEC-2021,TFC Financial Management,187
31-DEC-2021,TEACHERS RETIREMENT SYSTEM OF THE STATE OF KENTUCKY,60935
31-DEC-2021,TD ASSET MANAGEMENT INC,972177
31-DEC-2021,"TCI Wealth Advisors, Inc.",116
31-DEC-2021,"TCG Advisory Services, LLC",209
31-DEC-2021,"TAP Consulting, LLC",84
31-DEC-2021,Souders Financial Advisors,1300
31-DEC-2021,Soltis Investment Advisors LLC,636
31-DEC-2021,Snowhook Capital Management LP,31586
31-DEC-2021,Snowden Capital Advisors LLC,7731
31-DEC-2021,STRS OHIO,3998
31-DEC-2021,"STONNINGTON GROUP, LLC",16915
31-DEC-2021,STOCK YARDS BANK & TRUST CO,340
31-DEC-2021,STATE OF WISCONSIN INVESTMENT BOARD,93654
31-DEC-2021,SSI INVESTMENT MANAGEMENT LLC,13156
31-DEC-2021,"SRS Capital Advisors, Inc.",552
31-DEC-2021,SQN Investors LP,132804
31-DEC-2021,SJS Investment Consulting Inc.,154
31-DEC-2021,"SIMPLEX TRADING, LLC",773957
31-DEC-2021,"SIMON QUICK ADVISORS, LLC",216
31-DEC-2021,SILVERCREST ASSET MANAGEMENT GROUP LLC,453
31-DEC-2021,"SIGNET FINANCIAL MANAGEMENT, LLC",73
31-DEC-2021,"SIGNATUREFD, LLC",2781
31-DEC-2021,SIGNATURE ESTATE & INVESTMENT ADVISORS LLC,48
31-DEC-2021,SIGMA INVESTMENT COUNSELORS INC,237
31-DEC-2021,SHENKMAN CAPITAL MANAGEMENT INC,10692
31-DEC-2021,SHELL ASSET MANAGEMENT CO,11176
31-DEC-2021,"SG3 Management, LLC",15151
31-DEC-2021,"SG Americas Securities, LLC",192690
31-DEC-2021,"SFMG, LLC",470
31-DEC-2021,SENTINEL TRUST CO LBA,466
31-DEC-2021,SEI INVESTMENTS CO,213739
31-DEC-2021,"SEGALL BRYANT & HAMILL, LLC",966
31-DEC-2021,SCHRODER INVESTMENT MANAGEMENT GROUP,17591
31-DEC-2021,SCHAPER BENZ & WISE INVESTMENT COUNSEL INC/WI,357
31-DEC-2021,"SCGE MANAGEMENT, L.P.",1231387
31-DEC-2021,"SANDS CAPITAL MANAGEMENT, LLC",1932222
31-DEC-2021,SALEM INVESTMENT COUNSELORS INC,1236
31-DEC-2021,"Russell Investments Group, Ltd.",5589
31-DEC-2021,"SUMITOMO MITSUI FINANCIAL GROUP, INC.",2718
31-DEC-2021,"SUMMIT PARTNERS PUBLIC ASSET MANAGEMENT, LLC",27548
31-DEC-2021,SWM Advisors,846
31-DEC-2021,"SeaCrest Wealth Management, LLC",1510
31-DEC-2021,Skye Global Management LP,130163
31-DEC-2021,"SkyView Investment Advisors, LLC",386
31-DEC-2021,"SkyOak Wealth, LLC",1727
31-DEC-2021,Skandinaviska Enskilda Banken AB (publ),56
31-DEC-2021,Sigma Planning Corp,6880
31-DEC-2021,Shepherd Financial Partners LLC,1865
31-DEC-2021,"Sheaff Brock Investment Advisors, LLC",1648
31-DEC-2021,Shay Capital LLC,274
31-DEC-2021,Seven Post Investment Office LP,675
31-DEC-2021,"Sequoia Financial Advisors, LLC",634
31-DEC-2021,"Sender Co & Partners, Inc.",1906
31-DEC-2021,"Selective Wealth Management, Inc.",248
31-DEC-2021,"Seaport Global Advisors, LLC",893
31-DEC-2021,Sculptor Capital LP,87201
31-DEC-2021,SWS Partners,2448
31-DEC-2021,"Sculati Wealth Management, LLC",846
31-DEC-2021,"Scissortail Wealth Management, LLC",146
31-DEC-2021,Schonfeld Strategic Advisors LLC,7988
31-DEC-2021,"Sawtooth Solutions, LLC",642
31-DEC-2021,Saturna Capital CORP,211
31-DEC-2021,"Sargent Investment Group, LLC",951
31-DEC-2021,Sargent Bickham Lagudis LLC,164
31-DEC-2021,"Sanford Advisory Services, LLC",653
31-DEC-2021,Sandy Spring Bank,424
31-DEC-2021,"Sandy Cove Advisors, LLC",62
31-DEC-2021,"Sand Hill Global Advisors, LLC",579
31-DEC-2021,San Luis Wealth Advisors LLC,1096
31-DEC-2021,"Salvus Wealth Management, LLC",252
31-DEC-2021,"Octavia Wealth Advisors, LLC",240
31-DEC-2021,Octahedron Capital Management L.P.,366
31-DEC-2021,"Ocean Capital Management, LLC",1056
31-DEC-2021,Kore Private Wealth LLC,263
31-DEC-2021,"Kistler-Tiffany Companies, LLC",157
31-DEC-2021,"Kingsview Wealth Management, LLC",4120
31-DEC-2021,Key Financial Inc,37
31-DEC-2021,"Kestra Advisory Services, LLC",14322308
31-DEC-2021,"Kesler, Norman & Wride, LLC",468
31-DEC-2021,"Kercheville Advisors, LLC",2233
31-DEC-2021,"Kathmere Capital Management, LLC",264
31-DEC-2021,Kathleen S. Wright Associates Inc.,6
31-DEC-2021,Karp Capital Management Corp,598
31-DEC-2021,"KRS CAPITAL MANAGEMENT, LLC",816
31-DEC-2021,KINGS POINT CAPITAL MANAGEMENT,2656
31-DEC-2021,"KG&L Capital Management,LLC",1543
31-DEC-2021,"KB FINANCIAL PARTNERS, LLC",463
31-DEC-2021,KAYNE ANDERSON RUDNICK INVESTMENT MANAGEMENT LLC,1
31-DEC-2021,K.J. Harrison & Partners Inc,2373
31-DEC-2021,JustInvest LLC,1073
31-DEC-2021,"Johnson Financial Group, LLC",207
31-DEC-2021,"Jarislowsky, Fraser Ltd",774871
31-DEC-2021,Janney Montgomery Scott LLC,16293
31-DEC-2021,"James Reed Financial Services, Inc.",9
31-DEC-2021,"Jaffetilchin Investment Partners, LLC",3445
31-DEC-2021,Jacobi Capital Management LLC,222
31-DEC-2021,"Jackson Wealth Management, LLC",413
31-DEC-2021,"Jackson Square Partners, LLC",322
31-DEC-2021,JUPITER ASSET MANAGEMENT LTD,1264
31-DEC-2021,JT Stratford LLC,1635
31-DEC-2021,JS Capital Management LLC,33058
31-DEC-2021,JOHNSON INVESTMENT COUNSEL INC,493
31-DEC-2021,JNBA Financial Advisors,52
31-DEC-2021,"Kolinsky Wealth Management, LLC",431
31-DEC-2021,Korea Investment CORP,113187
31-DEC-2021,"Occidental Asset Management, LLC",200
31-DEC-2021,"Koshinski Asset Management, Inc.",900813
31-DEC-2021,"Legal Advantage Investments, Inc.",1857
31-DEC-2021,"Legacy Wealth Asset Management, LLC",1054
31-DEC-2021,"Legacy Advisors, LLC",262
31-DEC-2021,Lee Financial Co,21
31-DEC-2021,"Laurel Wealth Advisors, Inc.",1396
31-DEC-2021,"Lattice Capital Management, LLC",2113
31-DEC-2021,"Latitude Advisors, LLC",631
31-DEC-2021,Larson Financial Group LLC,172
31-DEC-2021,"Landmark Financial Advisors, LLC",306
31-DEC-2021,Lake Point Wealth Management,23
31-DEC-2021,"Lake Hills Wealth Management, LLC",1167
31-DEC-2021,Laidlaw Wealth Management LLC,738
31-DEC-2021,Laffer Tengler Investments,2754
31-DEC-2021,"LYELL WEALTH MANAGEMENT, LP",19731
31-DEC-2021,LPL Financial LLC,89229
31-DEC-2021,LORING WOLCOTT & COOLIDGE FIDUCIARY ADVISORS LLP/MA,1163
31-DEC-2021,"LORD, ABBETT & CO. LLC",152597
31-DEC-2021,LONE PINE CAPITAL LLC,1914069
31-DEC-2021,LOGAN CAPITAL MANAGEMENT INC,1164
31-DEC-2021,LINCOLN NATIONAL CORP,3657
31-DEC-2021,LGT Group Foundation,8
31-DEC-2021,"LEVEL FOUR ADVISORY SERVICES, LLC",388
31-DEC-2021,"LANDSCAPE CAPITAL MANAGEMENT, L.L.C.",6421
31-DEC-2021,LAKE STREET FINANCIAL LLC,1554
31-DEC-2021,"LAKE STREET ADVISORS GROUP, LLC",13
31-DEC-2021,LA FINANCIERE DE L'ECHIQUIER,44628
31-DEC-2021,L & S Advisors Inc,5654
31-DEC-2021,"Kozak & Associates, Inc.",379
31-DEC-2021,"Kovack Advisors, Inc.",11098
31-DEC-2021,JJJ Advisors Inc.,45
31-DEC-2021,"JGP Wealth Management, LLC",480
31-DEC-2021,"JFS WEALTH ADVISORS, LLC",146
31-DEC-2021,"JEPPSON WEALTH MANAGEMENT, LLC",1138
31-DEC-2021,"IAM Advisory, LLC",1222
31-DEC-2021,"IAG Wealth Partners, LLC",18
31-DEC-2021,"Hudock, Inc.",33
31-DEC-2021,Horst & Graben Wealth Management LLC,247
31-DEC-2021,"Horrell Capital Management, Inc.",34
31-DEC-2021,"Horan Securities, Inc.",12
31-DEC-2021,Honeycomb Asset Management LP,20661
31-DEC-2021,"Holocene Advisors, LP",84041
31-DEC-2021,"Holloway Wealth Management, LLC",8
31-DEC-2021,Holistic Financial Partners,529
31-DEC-2021,"Hoffman, Alan N Investment Management",621
31-DEC-2021,Hillsdale Investment Management Inc.,23417
31-DEC-2021,"Highlander Capital Management, LLC",69
31-DEC-2021,"HighTower Advisors, LLC",41499
31-DEC-2021,HighMark Wealth Management LLC,25
31-DEC-2021,High Net Worth Advisory Group LLC,177
31-DEC-2021,Henry James International Management Inc.,15699
31-DEC-2021,"Henrickson Nauta Wealth Advisors, Inc.",4
31-DEC-2021,"Hennion & Walsh Asset Management, Inc.",507
31-DEC-2021,"Hayden Royal, LLC",343
31-DEC-2021,"Harvest Fund Management Co., Ltd",4245
31-DEC-2021,Hartford Financial Management Inc.,14
31-DEC-2021,"Harrington Investments, INC",311
31-DEC-2021,"Harbour Capital Advisors, LLC",1156
31-DEC-2021,Harbor Advisors LLC,275
31-DEC-2021,Hanson & Doremus Investment Management,3
31-DEC-2021,"Hanlon Investment Management, Inc.",319
31-DEC-2021,HSBC HOLDINGS PLC,109681
31-DEC-2021,"HOYLECOHEN, LLC",347
31-DEC-2021,ICAPITAL WEALTH LLC,824
31-DEC-2021,"IEQ CAPITAL, LLC",7513
31-DEC-2021,"IFG Advisory, LLC",1050
31-DEC-2021,"Inscription Capital, LLC",249
31-DEC-2021,JCIC Asset Management Inc.,6781
31-DEC-2021,"JAG CAPITAL MANAGEMENT, LLC",18974
31-DEC-2021,J. Goldman & Co LP,431
31-DEC-2021,Investment Management Corp of Ontario,53994
31-DEC-2021,Investmark Advisory Group LLC,165
31-DEC-2021,Intersect Capital LLC,723
31-DEC-2021,"Interchange Capital Partners, LLC",657
31-DEC-2021,Interactive Financial Advisors,14
31-DEC-2021,"InterOcean Capital Group, LLC",331
31-DEC-2021,Integrated Wealth Concepts LLC,2397
31-DEC-2021,Integrated Advisors Network LLC,1278
31-DEC-2021,Insight Folios Inc,375
31-DEC-2021,"Insight Advisors, LLC/ PA",344
31-DEC-2021,Industrial Alliance Investment Management Inc.,67
31-DEC-2021,"IFP Advisors, Inc",427
31-DEC-2021,"Indie Asset Partners, LLC",635
31-DEC-2021,"Independent Solutions Wealth Management, LLC",3906622
31-DEC-2021,Independent Advisor Alliance,5184
31-DEC-2021,Ilmarinen Mutual Pension Insurance Co,51198
31-DEC-2021,"Icon Wealth Partners, LLC",844
31-DEC-2021,"INVESTMENT PARTNERS, LTD.",273
31-DEC-2021,INVESTMENT HOUSE LLC,309
31-DEC-2021,INVERNESS COUNSEL LLC /NY/,380
31-DEC-2021,"INTERNATIONAL ASSETS INVESTMENT MANAGEMENT, LLC",1876
31-DEC-2021,INTACT INVESTMENT MANAGEMENT INC.,57082
31-DEC-2021,"INSTITUTIONAL & FAMILY ASSET MANAGEMENT, LLC",4
31-DEC-2021,"IMC-Chicago, LLC",1327942
31-DEC-2021,"IHT Wealth Management, LLC",646
31-DEC-2021,"Lenox Wealth Advisors, LLC",7
31-DEC-2021,"Level Financial Advisors, Inc.",83
31-DEC-2021,"LexAurum Advisors, LLC",200
31-DEC-2021,"Metis Global Partners, LLC",263
31-DEC-2021,NORGES BANK,1578341
31-DEC-2021,NORDEA INVESTMENT MANAGEMENT AB,2731
31-DEC-2021,NOMURA ASSET MANAGEMENT CO LTD,34152068
31-DEC-2021,NICOLET BANKSHARES INC,893
31-DEC-2021,"NICOLET ADVISORY SERVICES, LLC",211
31-DEC-2021,"NFP Retirement, Inc.",482087
31-DEC-2021,"NFJ INVESTMENT GROUP, LLC",1
31-DEC-2021,"NEXT Financial Group, Inc",512
31-DEC-2021,NEXT CENTURY GROWTH INVESTORS LLC,1344
31-DEC-2021,NEW YORK STATE COMMON RETIREMENT FUND,112164
31-DEC-2021,NATIXIS,2580
31-DEC-2021,"NATIONS FINANCIAL GROUP INC, /IA/ /ADV",459
31-DEC-2021,"NAPLES GLOBAL ADVISORS, LLC",791
31-DEC-2021,"Mutual Advisors, LLC",2477
31-DEC-2021,"Mount Yale Investment Advisors, LLC",3999
31-DEC-2021,"Moser Wealth Advisors, LLC",496
31-DEC-2021,"Morton Brown Family Wealth, LLC",1
31-DEC-2021,"Morse Asset Management, Inc",3012
31-DEC-2021,"Moors & Cabot, Inc.",1979
31-DEC-2021,Monolith Advisors,43
31-DEC-2021,"Moloney Securities Asset Management, LLC",2178
31-DEC-2021,"Modera Wealth Management, LLC",214
31-DEC-2021,Mn Services Vermogensbeheer B.V.,118297
31-DEC-2021,"Miura Global Management, LLC",13774
31-DEC-2021,Mitsubishi UFJ Trust & Banking Corp,204429
31-DEC-2021,Missouri Trust & Investment Co,7
31-DEC-2021,"Mirae Asset Global Investments Co., Ltd.",9888
31-DEC-2021,Mirador Capital Partners LP,541
31-DEC-2021,"Miracle Mile Advisors, LLC",4029
31-DEC-2021,NORTHERN OAK WEALTH MANAGEMENT INC,143
31-DEC-2021,"NORTHWEST INVESTMENT COUNSELORS, LLC",127
31-DEC-2021,"NVWM, LLC",2189
31-DEC-2021,"NorthCrest Asset Manangement, LLC",884
31-DEC-2021,"Oakwell Private Wealth Management, LLC",430
31-DEC-2021,Oak Grove Capital LLC,333
31-DEC-2021,OXFORD FINANCIAL GROUP LTD,427
31-DEC-2021,OPTIMUM INVESTMENT ADVISORS,259
31-DEC-2021,OPPENHEIMER & CO INC,4131
31-DEC-2021,OMERS ADMINISTRATION Corp,333
31-DEC-2021,OLD NATIONAL BANCORP /IN/,2069
31-DEC-2021,OKABENA INVESTMENT SERVICES INC,2940
31-DEC-2021,OBERWEIS ASSET MANAGEMENT INC/,3581
31-DEC-2021,"OBERMEYER WOOD INVESTMENT COUNSEL, LLLP",709
31-DEC-2021,"O'Dell Group, LLC",271
31-DEC-2021,"NovaPoint Capital, LLC",244
31-DEC-2021,"NorthRock Partners, LLC",491
31-DEC-2021,North Star Investment Management Corp.,138
31-DEC-2021,NWAM LLC,2205
31-DEC-2021,"Nikko Asset Management Americas, Inc.",846838
31-DEC-2021,"Night Owl Capital Management, LLC",34376
31-DEC-2021,"Nicholas Investment Partners, LP",18018
31-DEC-2021,Newton One Investments LLC,1
31-DEC-2021,"Newman Dignan & Sheerar, Inc.",309
31-DEC-2021,"Newbridge Financial Services Group, Inc.",2200
31-DEC-2021,"NewEdge Wealth, LLC",1179
31-DEC-2021,"NewEdge Advisors, LLC",8950
31-DEC-2021,Neuberger Berman Group LLC,9240
31-DEC-2021,"Nelson, Van Denburg & Campbell Wealth Management Group, LLC",278
31-DEC-2021,Nauset Wealth Management. LLC,831
31-DEC-2021,"Nadler Financial Group, Inc.",2858
31-DEC-2021,"NZS Capital, LLC",9774
31-DEC-2021,Mint Tower Capital Management B.V.,35772
31-DEC-2021,"Merit Financial Group, LLC",799
31-DEC-2021,"Lido Advisors, LLC",2544
31-DEC-2021,"Meristem Family Wealth, LLC",517
31-DEC-2021,MITCHELL MCLEOD PUGH & WILLIAMS INC,961
31-DEC-2021,MITCHELL CAPITAL MANAGEMENT CO,883
31-DEC-2021,"MISSION WEALTH MANAGEMENT, LP",2220
31-DEC-2021,MILLENNIUM MANAGEMENT LLC,104823
31-DEC-2021,"MFA Wealth Advisors, LLC",329
31-DEC-2021,MERCER GLOBAL ADVISORS INC /ADV,5174
31-DEC-2021,"MEAG MUNICH ERGO, Kapitalanlagegesellschaft mbH",7131
31-DEC-2021,MCDANIEL TERRY & CO,296
31-DEC-2021,"MBM Wealth Consultants, LLC",3
31-DEC-2021,MBB PUBLIC MARKETS I LLC,1164
31-DEC-2021,"MAYPORT, LLC",252
31-DEC-2021,MATRIX PRIVATE CAPITAL GROUP LLC,212
31-DEC-2021,MASSMUTUAL TRUST CO FSB/ADV,156
31-DEC-2021,MASSACHUSETTS FINANCIAL SERVICES CO /MA/,241718
31-DEC-2021,MARSICO CAPITAL MANAGEMENT LLC,48636
31-DEC-2021,MAKENA CAPITAL MANAGEMENT LLC,19591
31-DEC-2021,MAI Capital Management,3255
31-DEC-2021,MAGNOLIA CAPITAL ADVISORS LLC,232
31-DEC-2021,MACROVIEW INVESTMENT MANAGEMENT LLC,1
31-DEC-2021,MACKENZIE FINANCIAL CORP,693897
31-DEC-2021,MACKAY SHIELDS LLC,1898
31-DEC-2021,M&G INVESTMENT MANAGEMENT LTD,81114
31-DEC-2021,"Lyon Street Capital, LLC",964
31-DEC-2021,"Lumature Wealth Partners, LLC",80
31-DEC-2021,Livingston Group Asset Management CO (operating as Southport Capital Management),230
31-DEC-2021,Liontrust Investment Partners LLP,10331716
31-DEC-2021,"Linscomb & Williams, Inc.",810
31-DEC-2021,"Lindbrook Capital, LLC",773
31-DEC-2021,LifePro Asset Management,12363
31-DEC-2021,MMBG INVESTMENT ADVISORS CO.,8613
31-DEC-2021,"MONECO Advisors, LLC",285
31-DEC-2021,MONETTA FINANCIAL SERVICES INC,964
31-DEC-2021,Mascoma Wealth Management LLC,18
31-DEC-2021,"Meridian Wealth Management, LLC",11099
31-DEC-2021,Members Trust Co,216
31-DEC-2021,Melqart Asset Management (UK) Ltd,7920
31-DEC-2021,Mechanics Bank Trust Department,1523
31-DEC-2021,"McIlrath & Eck, LLC",999
31-DEC-2021,McDonald Partners LLC,1377
31-DEC-2021,"McClarren Financial Advisors, Inc.",72
31-DEC-2021,"Mayflower Financial Advisors, LLC",751
31-DEC-2021,Mattern Wealth Management LLC,427
31-DEC-2021,Matisse Capital,882
31-DEC-2021,"Mathes Company, Inc.",3512
31-DEC-2021,Masso Torrence Wealth Management Inc.,14
31-DEC-2021,Mass Ave Global Inc.,11935
31-DEC-2021,Maryland Capital Management,302
31-DEC-2021,MONEY CONCEPTS CAPITAL CORP,550
31-DEC-2021,"Marcum Wealth, LLC",314
31-DEC-2021,Marcho Partners LLP,156153
31-DEC-2021,"Maple Capital Management, Inc.",275
31-DEC-2021,Manitou Investment Management Ltd.,14420
31-DEC-2021,Manchester Capital Management LLC,1380
31-DEC-2021,Main Street Research LLC,15246
31-DEC-2021,"Main Street Financial Solutions, LLC",1489
31-DEC-2021,MUFG Securities EMEA plc,96523
31-DEC-2021,MOSELEY INVESTMENT MANAGEMENT INC,1634
31-DEC-2021,MORGENS WATERFALL VINTIADIS & CO INC,11157
31-DEC-2021,MOODY NATIONAL BANK TRUST DIVISION,729
31-DEC-2021,MONTRUSCO BOLTON INVESTMENTS INC.,2652
31-DEC-2021,MONTAG A & ASSOCIATES INC,2286
31-DEC-2021,"Forum Financial Management, LP",599
30-SEP-2021,Verdence Capital Advisors LLC,2548
30-SEP-2021,"Veritable, L.P.",941
30-SEP-2021,"Miura Global Management, LLC",18981
30-SEP-2021,"Mirae Asset Global Investments Co., Ltd.",12824
30-SEP-2021,Mirador Capital Partners LP,514
30-SEP-2021,"Miracle Mile Advisors, LLC",3959
30-SEP-2021,"Merit Financial Group, LLC",685
30-SEP-2021,"Meristem Family Wealth, LLC",906
30-SEP-2021,"Meridian Wealth Partners, LLC",133
30-SEP-2021,"Meridian Wealth Management, LLC",8912
30-SEP-2021,Mechanics Bank Trust Department,1243
30-SEP-2021,"McIlrath & Eck, LLC",976
30-SEP-2021,"McClarren Financial Advisors, Inc.",70
30-SEP-2021,"Mayflower Financial Advisors, LLC",802
30-SEP-2021,Mattern Wealth Management LLC,419
30-SEP-2021,Matisse Capital,678
30-SEP-2021,"Mathes Company, Inc.",3595
30-SEP-2021,"Marcum Wealth, LLC",236
30-SEP-2021,Mitsubishi UFJ Trust & Banking Corp,205121
30-SEP-2021,Mn Services Vermogensbeheer B.V.,15704
30-SEP-2021,MACKAY SHIELDS LLC,4490
30-SEP-2021,"Moloney Securities Asset Management, LLC",2436
30-SEP-2021,NICOLET BANKSHARES INC,876
30-SEP-2021,"NICOLET ADVISORY SERVICES, LLC",235
30-SEP-2021,"NFP Retirement, Inc.",474523
30-SEP-2021,"NFJ INVESTMENT GROUP, LLC",1
30-SEP-2021,"NEXT Financial Group, Inc",300
30-SEP-2021,NEXT CENTURY GROWTH INVESTORS LLC,1903
30-SEP-2021,NEW YORK STATE COMMON RETIREMENT FUND,124623
30-SEP-2021,NATIXIS,2824
30-SEP-2021,"NATIONS FINANCIAL GROUP INC, /IA/ /ADV",424
30-SEP-2021,"NAPLES GLOBAL ADVISORS, LLC",1396
30-SEP-2021,"Mutual Advisors, LLC",1114
30-SEP-2021,"Mount Yale Investment Advisors, LLC",3971
30-SEP-2021,"Moser Wealth Advisors, LLC",480
30-SEP-2021,"Morse Asset Management, Inc",3356
30-SEP-2021,"Moors & Cabot, Inc.",1996
30-SEP-2021,Marcho Partners LLP,177904
30-SEP-2021,Marathon Trading Investment Management LLC,678
30-SEP-2021,Marathon Capital Management,204
30-SEP-2021,"Maple Capital Management, Inc.",271
30-SEP-2021,MERCER GLOBAL ADVISORS INC /ADV,4358
30-SEP-2021,"MEAG MUNICH ERGO, Kapitalanlagegesellschaft mbH",6066
30-SEP-2021,MCF Advisors LLC,176
30-SEP-2021,MCDANIEL TERRY & CO,291
30-SEP-2021,MAVERICK CAPITAL LTD,714
30-SEP-2021,MATRIX PRIVATE CAPITAL GROUP LLC,203
30-SEP-2021,MASSMUTUAL TRUST CO FSB/ADV,146
30-SEP-2021,MASSACHUSETTS FINANCIAL SERVICES CO /MA/,236458
30-SEP-2021,MARSICO CAPITAL MANAGEMENT LLC,47873
30-SEP-2021,"MARSHALL WACE, LLP",20054
30-SEP-2021,"MARK SHEPTOFF FINANCIAL PLANNING, LLC",230
30-SEP-2021,MARK ASSET MANAGEMENT LP,13603
30-SEP-2021,MAI Capital Management,2897
30-SEP-2021,MACROVIEW INVESTMENT MANAGEMENT LLC,1
30-SEP-2021,MACQUARIE GROUP LTD,5522
30-SEP-2021,"MFA Wealth Advisors, LLC",648
30-SEP-2021,MID ATLANTIC FINANCIAL MANAGEMENT INC/ADV,3099
30-SEP-2021,MILLENNIUM MANAGEMENT LLC,213262
30-SEP-2021,MOSELEY INVESTMENT MANAGEMENT INC,1626
30-SEP-2021,Manitou Investment Management Ltd.,14101
30-SEP-2021,Manchester Capital Management LLC,5866
30-SEP-2021,Main Street Research LLC,14497
30-SEP-2021,"Main Street Financial Solutions, LLC",1396
30-SEP-2021,Magnetar Financial LLC,7124
30-SEP-2021,MUFG Securities EMEA plc,2419
30-SEP-2021,MORGENS WATERFALL VINTIADIS & CO INC,11117
30-SEP-2021,"MISSION WEALTH MANAGEMENT, LP",2184
30-SEP-2021,MOODY NATIONAL BANK TRUST DIVISION,717
30-SEP-2021,MONTRUSCO BOLTON INVESTMENTS INC.,2764
30-SEP-2021,MONTAG A & ASSOCIATES INC,2233
30-SEP-2021,"MONECO Advisors, LLC",542
30-SEP-2021,MITCHELL MCLEOD PUGH & WILLIAMS INC,758
30-SEP-2021,MITCHELL CAPITAL MANAGEMENT CO,488
30-SEP-2021,NKCFO LLC,271
30-SEP-2021,NOMURA ASSET MANAGEMENT CO LTD,29449846
30-SEP-2021,NOMURA HOLDINGS INC,57049
30-SEP-2021,"Optimus Prime Fund Management Co., Ltd.",13829
30-SEP-2021,PERSONAL CAPITAL ADVISORS CORP,1440
30-SEP-2021,PENNSYLVANIA CAPITAL MANAGEMENT INC /ADV,302
30-SEP-2021,PECONIC PARTNERS LLC,475
30-SEP-2021,PECAUT & CO.,240
30-SEP-2021,"PDS Planning, Inc",416
30-SEP-2021,PCJ Investment Counsel Ltd.,12638
30-SEP-2021,"PAX Financial Group, LLC",1132
30-SEP-2021,"PATHSTONE FAMILY OFFICE, LLC",344
30-SEP-2021,"PARTNERS CAPITAL INVESTMENT GROUP, LLP",24408
30-SEP-2021,PARK NATIONAL CORP /OH/,447
30-SEP-2021,PARK AVENUE SECURITIES LLC,4019
30-SEP-2021,Oxler Private Wealth LLC,1655
30-SEP-2021,Oxinas Partners Wealth Management LLC,366
30-SEP-2021,"Oxbow Advisors, LLC",569
30-SEP-2021,Orion Capital Management LLC,318
30-SEP-2021,PFG Advisors,897
30-SEP-2021,PFS INVESTMENTS INC.,2480
30-SEP-2021,PIER 88 INVESTMENT PARTNERS LLC,43
30-SEP-2021,PRIO WEALTH LIMITED PARTNERSHIP,1026
30-SEP-2021,"Pacific Edge Advisors, LLC",374
30-SEP-2021,Pachira Investments Inc.,224
30-SEP-2021,"Pacer Advisors, Inc.",1200
30-SEP-2021,PUBLIC INVESTMENT FUND,169473
30-SEP-2021,"PSI Advisors, LLC",285
30-SEP-2021,PRW Wealth Management LLC,3807
30-SEP-2021,PRICE T ROWE ASSOCIATES INC /MD/,4273781
30-SEP-2021,PIN OAK INVESTMENT ADVISORS INC,81
30-SEP-2021,"PRELUDE CAPITAL MANAGEMENT, LLC",3885
30-SEP-2021,PRAGMA GESTAO DE PATRIMONIO LTD,16270
30-SEP-2021,POLEN CAPITAL MANAGEMENT LLC,25707
30-SEP-2021,PITTENGER & ANDERSON INC,2465
30-SEP-2021,PINNACLE ASSOCIATES LTD,397
30-SEP-2021,"PINEBRIDGE INVESTMENTS, L.P.",9759
30-SEP-2021,"Oribel Capital Management, LP",7050
30-SEP-2021,OneAscent Wealth Management LLC,678
30-SEP-2021,NORDEA INVESTMENT MANAGEMENT AB,7968
30-SEP-2021,OneAscent Financial Services LLC,580
30-SEP-2021,North Star Investment Management Corp.,75
30-SEP-2021,"Nikko Asset Management Americas, Inc.",871093
30-SEP-2021,"Night Owl Capital Management, LLC",42993
30-SEP-2021,"Nicholas Investment Partners, LP",13770
30-SEP-2021,Newton One Investments LLC,1
30-SEP-2021,"Newman Dignan & Sheerar, Inc.",301
30-SEP-2021,"Newbridge Financial Services Group, Inc.",1074
30-SEP-2021,"NewEdge Wealth, LLC",957
30-SEP-2021,Neuberger Berman Group LLC,9096
30-SEP-2021,"Nelson, Van Denburg & Campbell Wealth Management Group, LLC",273
30-SEP-2021,"Nadler Financial Group, Inc.",2792
30-SEP-2021,NWAM LLC,3032
30-SEP-2021,"NVWM, LLC",2129
30-SEP-2021,NORTHERN OAK WEALTH MANAGEMENT INC,108
30-SEP-2021,NORGES BANK,1503643
30-SEP-2021,"NorthRock Partners, LLC",410
30-SEP-2021,"NuWave Investment Management, LLC",205
30-SEP-2021,"O'Dell Group, LLC",240
30-SEP-2021,OPTIMUM INVESTMENT ADVISORS,468
30-SEP-2021,"One Wealth Advisors, LLC",233
30-SEP-2021,"Oder Investment Management, LLC",521
30-SEP-2021,"Octavia Wealth Advisors, LLC",243
30-SEP-2021,"Ocean Capital Management, LLC",1030
30-SEP-2021,"Oakwell Private Wealth Management, LLC",405
30-SEP-2021,Oak Grove Capital LLC,247
30-SEP-2021,OPPENHEIMER & CO INC,3703
30-SEP-2021,"O'SHAUGHNESSY ASSET MANAGEMENT, LLC",1814
30-SEP-2021,OMERS ADMINISTRATION Corp,328
30-SEP-2021,OLD NATIONAL BANCORP /IN/,2225
30-SEP-2021,OKABENA INVESTMENT SERVICES INC,1441
30-SEP-2021,OBERWEIS ASSET MANAGEMENT INC/,7240
30-SEP-2021,"OBERMEYER WOOD INVESTMENT COUNSEL, LLLP",575
30-SEP-2021,OAKMONT CORP,759
30-SEP-2021,MACKENZIE FINANCIAL CORP,597305
30-SEP-2021,M&G INVESTMENT MANAGEMENT LTD,79443
30-SEP-2021,HALLMARK CAPITAL MANAGEMENT INC,388
30-SEP-2021,INVESTMENT HOUSE LLC,304
30-SEP-2021,"INTERNATIONAL ASSETS INVESTMENT MANAGEMENT, LLC",835
30-SEP-2021,INTACT INVESTMENT MANAGEMENT INC.,73366
30-SEP-2021,"INSTITUTIONAL & FAMILY ASSET MANAGEMENT, LLC",14
30-SEP-2021,"IMC-Chicago, LLC",1253188
30-SEP-2021,"IHT Wealth Management, LLC",624
30-SEP-2021,"IFP Advisors, Inc",605
30-SEP-2021,"IFG Advisory, LLC",756
30-SEP-2021,"IEQ CAPITAL, LLC",5797
30-SEP-2021,"IAM Advisory, LLC",1494
30-SEP-2021,"Hudock, Inc.",46
30-SEP-2021,Horst & Graben Wealth Management LLC,243
30-SEP-2021,"Horrell Capital Management, Inc.",34
30-SEP-2021,Homrich & Berg,658
30-SEP-2021,"Holocene Advisors, LP",33444
30-SEP-2021,"Holloway Wealth Management, LLC",8
30-SEP-2021,INVERNESS COUNSEL LLC /NY/,358
30-SEP-2021,"Icon Wealth Partners, LLC",831
30-SEP-2021,"Lumature Wealth Partners, LLC",79
30-SEP-2021,Ilmarinen Mutual Pension Insurance Co,47237
30-SEP-2021,Investment Management Corp of Ontario,53146
30-SEP-2021,Invesco Ltd.,434
30-SEP-2021,Intersect Capital LLC,2910
30-SEP-2021,"Interchange Capital Partners, LLC",550
30-SEP-2021,"InterOcean Capital Group, LLC",325
30-SEP-2021,Integrated Wealth Concepts LLC,2065
30-SEP-2021,Integrated Advisors Network LLC,1472
30-SEP-2021,"Institute for Wealth Management, LLC.",946
30-SEP-2021,Insight Folios Inc,224
30-SEP-2021,"Insight Advisors, LLC/ PA",385
30-SEP-2021,"Inscription Capital, LLC",296
30-SEP-2021,"Indie Asset Partners, LLC",666
30-SEP-2021,"Independent Solutions Wealth Management, LLC",3915832
30-SEP-2021,Independent Advisor Alliance,5235
30-SEP-2021,Independence Bank of Kentucky,110
30-SEP-2021,Holistic Financial Partners,447
30-SEP-2021,"Hoffman, Alan N Investment Management",385
30-SEP-2021,Hillsdale Investment Management Inc.,33640
30-SEP-2021,"Highlander Capital Management, LLC",68
30-SEP-2021,HOLLENCREST CAPITAL MANAGEMENT,212
30-SEP-2021,HOLDERNESS INVESTMENTS CO,203
30-SEP-2021,"HOEY INVESTMENTS, INC",16
30-SEP-2021,HM PAYSON & CO,8
30-SEP-2021,HIMENSION CAPITAL (SINGAPORE) PTE. LTD.,179991
30-SEP-2021,"HHM Wealth Advisors, LLC",203
30-SEP-2021,HERITAGE INVESTORS MANAGEMENT CORP,610
30-SEP-2021,HEALTHCARE OF ONTARIO PENSION PLAN TRUST FUND,6711
30-SEP-2021,HBW Advisory Services LLC,854
30-SEP-2021,HBK Sorce Advisory LLC,1640
30-SEP-2021,HBK INVESTMENTS L P,6236
30-SEP-2021,"HBC Financial Services, PLLC",27
30-SEP-2021,"HARBOUR INVESTMENTS, INC.",2580
30-SEP-2021,"HARBOR INVESTMENT ADVISORY, LLC",1875
30-SEP-2021,"HAP Trading, LLC",21208
30-SEP-2021,HOWE & RUSLING INC,20
30-SEP-2021,HOWLAND CAPITAL MANAGEMENT LLC,480
30-SEP-2021,"HOYLECOHEN, LLC",267
30-SEP-2021,"Harvest Fund Management Co., Ltd",4161
30-SEP-2021,"HighTower Advisors, LLC",36389
30-SEP-2021,HighPoint Advisor Group LLC,3124
30-SEP-2021,"Herold Advisors, Inc.",4
30-SEP-2021,Henry James International Management Inc.,15331
30-SEP-2021,"Hennion & Walsh Asset Management, Inc.",355
30-SEP-2021,"Hayden Royal, LLC",337
30-SEP-2021,Hartford Financial Management Inc.,14
30-SEP-2021,HSBC HOLDINGS PLC,115776
30-SEP-2021,"Harrington Investments, INC",422
30-SEP-2021,"Harbour Capital Advisors, LLC",1123
30-SEP-2021,Harbor Advisors LLC,271
30-SEP-2021,Hanson & Doremus Investment Management,3
30-SEP-2021,"Hanlon Investment Management, Inc.",258
30-SEP-2021,HUNTINGTON NATIONAL BANK,1081
30-SEP-2021,"Invst, LLC",251
30-SEP-2021,"IronBridge Private Wealth, LLC",68
30-SEP-2021,J. Goldman & Co LP,136
30-SEP-2021,"Kowal Investment Group, LLC",3
30-SEP-2021,"LVW Advisors, LLC",201
30-SEP-2021,LPL Financial LLC,85807
30-SEP-2021,LORING WOLCOTT & COOLIDGE FIDUCIARY ADVISORS LLP/MA,1049
30-SEP-2021,"LORD, ABBETT & CO. LLC",166020
30-SEP-2021,LONE PINE CAPITAL LLC,1938948
30-SEP-2021,LOGAN CAPITAL MANAGEMENT INC,1159
30-SEP-2021,LINCOLN NATIONAL CORP,3377
30-SEP-2021,LIBERTY WEALTH MANAGEMENT LLC,79
30-SEP-2021,"LEVEL FOUR FINANCIAL, LLC",1125
30-SEP-2021,LAZARD ASSET MANAGEMENT LLC,271
30-SEP-2021,"LANDSCAPE CAPITAL MANAGEMENT, L.L.C.",377
30-SEP-2021,LAKE STREET FINANCIAL LLC,789
30-SEP-2021,"LAKE STREET ADVISORS GROUP, LLC",12
30-SEP-2021,LA FINANCIERE DE L'ECHIQUIER,31319
30-SEP-2021,L & S Advisors Inc,5837
30-SEP-2021,"LYELL WEALTH MANAGEMENT, LP",19271
30-SEP-2021,Laffer Tengler Investments,1355
30-SEP-2021,Laidlaw Wealth Management LLC,740
30-SEP-2021,"Lenox Wealth Advisors, LLC",7
30-SEP-2021,Liontrust Investment Partners LLP,6782857
30-SEP-2021,"Linscomb & Williams, Inc.",854
30-SEP-2021,Linden Rose Investment LLC,3280
30-SEP-2021,"Lindbrook Capital, LLC",772
30-SEP-2021,LifePro Asset Management,226
30-SEP-2021,"Lido Advisors, LLC",5760
30-SEP-2021,Leith Wheeler Investment Counsel Ltd.,287
30-SEP-2021,Lake Point Wealth Management,16
30-SEP-2021,"Legal Advantage Investments, Inc.",1841
30-SEP-2021,"Legacy Wealth Asset Management, LLC",771
30-SEP-2021,"Legacy Advisors, LLC",258
30-SEP-2021,"Laurel Wealth Advisors, Inc.",788
30-SEP-2021,Larson Financial Group LLC,144
30-SEP-2021,"Landsberg, Bennett, & Dubbaneh LLC",1066
30-SEP-2021,"Kozak & Associates, Inc.",896
30-SEP-2021,"Kovack Advisors, Inc.",11085
30-SEP-2021,"JAG CAPITAL MANAGEMENT, LLC",36739
30-SEP-2021,"Koshinski Asset Management, Inc.",938200
30-SEP-2021,Janney Montgomery Scott LLC,13636
30-SEP-2021,"Jaffetilchin Investment Partners, LLC",4107
30-SEP-2021,Jacobi Capital Management LLC,213
30-SEP-2021,"Jackson Square Partners, LLC",357
30-SEP-2021,JUPITER ASSET MANAGEMENT LTD,1221
30-SEP-2021,JT Stratford LLC,1521
30-SEP-2021,JS Capital Management LLC,13151
30-SEP-2021,JOHNSON INVESTMENT COUNSEL INC,491
30-SEP-2021,JNBA Financial Advisors,34
30-SEP-2021,JJJ Advisors Inc.,106
30-SEP-2021,"JGP Wealth Management, LLC",541
30-SEP-2021,"JFS WEALTH ADVISORS, LLC",141
30-SEP-2021,"JFG Wealth Management, LLC",1104
30-SEP-2021,"JEPPSON WEALTH MANAGEMENT, LLC",1054
30-SEP-2021,JCIC Asset Management Inc.,4834
30-SEP-2021,"Jarislowsky, Fraser Ltd",795904
30-SEP-2021,"Joseph P. Lucia & Associates, LLC",7
30-SEP-2021,JustInvest LLC,917
30-SEP-2021,"Kesler, Norman & Wride, LLC",443
30-SEP-2021,Korea Investment CORP,159122
30-SEP-2021,Kore Private Wealth LLC,287
30-SEP-2021,"Kistler-Tiffany Companies, LLC",107
30-SEP-2021,"Kingsview Wealth Management, LLC",3969
30-SEP-2021,Key Financial Inc,37
30-SEP-2021,"Kestra Advisory Services, LLC",515515
30-SEP-2021,"Kercheville Advisors, LLC",1937
30-SEP-2021,K.J. Harrison & Partners Inc,1968
30-SEP-2021,Kemnay Advisory Services Inc.,392
30-SEP-2021,"Kathmere Capital Management, LLC",251
30-SEP-2021,Karp Capital Management Corp,788
30-SEP-2021,KINGS POINT CAPITAL MANAGEMENT,2641
30-SEP-2021,"KG&L Capital Management,LLC",1087
30-SEP-2021,"KB FINANCIAL PARTNERS, LLC",277
30-SEP-2021,"Pacific Wealth Strategies Group, Inc.",2230
30-SEP-2021,Pacitti Group Inc.,33
30-SEP-2021,Pallas Capital Advisors LLC,358
30-SEP-2021,"Traynor Capital Management, Inc.",558
30-SEP-2021,"Tradition Wealth Management, LLC",46
30-SEP-2021,"Tradewinds Capital Management, LLC",46
30-SEP-2021,TownSquare Capital LLC,984
30-SEP-2021,"Total Clarity Wealth Management, Inc.",298
30-SEP-2021,"Tortoise Investment Management, LLC",190
30-SEP-2021,"Toroso Investments, LLC",1491
30-SEP-2021,Titus Wealth Management,204
30-SEP-2021,"TimeScale Financial, Inc.",95
30-SEP-2021,Thrivent Financial for Lutherans,15220
30-SEP-2021,"Thomas J. Herzfeld Advisors, Inc.",12
30-SEP-2021,Texas Yale Capital Corp.,16359
30-SEP-2021,Terra Nova Asset Management LLC,1943
30-SEP-2021,"TenCore Partners, LP",8135
30-SEP-2021,"Taylor, Cottrill, Erickson & Associates, Inc.",1536
30-SEP-2021,TYBOURNE CAPITAL MANAGEMENT (HK) LTD,189945
30-SEP-2021,"Transform Wealth, LLC",472
30-SEP-2021,Triasima Portfolio Management inc.,140253
30-SEP-2021,"Paradiem, LLC",1273
30-SEP-2021,"Triton Wealth Management, PLLC",292
30-SEP-2021,VANGUARD GROUP INC,3671046
30-SEP-2021,VAN ECK ASSOCIATES CORP,940
30-SEP-2021,VALLEY NATIONAL ADVISERS INC,18
30-SEP-2021,V Wealth Advisors LLC,3991
30-SEP-2021,"United Capital Management of KS, Inc.",701
30-SEP-2021,"United Asset Strategies, Inc.",378
30-SEP-2021,USS Investment Management Ltd,33566
30-SEP-2021,UNIVERSITY OF NOTRE DAME DU LAC,2092
30-SEP-2021,UNITED MARITIME CAPITAL LLC,678
30-SEP-2021,UBS ASSET MANAGEMENT AMERICAS INC,48885359
30-SEP-2021,"U.S. Capital Wealth Advisors, LLC",706
30-SEP-2021,"Twin Tree Management, LP",20618
30-SEP-2021,Truvestments Capital LLC,216
30-SEP-2021,"True North Advisors, LLC",324
30-SEP-2021,Triumph Capital Management,610
30-SEP-2021,"TWO SIGMA SECURITIES, LLC",28065
30-SEP-2021,"TWO SIGMA INVESTMENTS, LP",144779
30-SEP-2021,"TSFG, LLC",472
30-SEP-2021,"TRUSTCORE FINANCIAL SERVICES, LLC",54
30-SEP-2021,"Summit X, LLC",1208
30-SEP-2021,"Summit Trail Advisors, LLC",573
30-SEP-2021,"Summit Financial Strategies, Inc.",279
30-SEP-2021,"StrongBox Wealth, LLC",342
30-SEP-2021,Strong Tower Advisory Services,3829
30-SEP-2021,"Strid Group, LLC",201
30-SEP-2021,"Stratos Wealth Partners, LTD.",3490
30-SEP-2021,Strategy Capital LLC,250889
30-SEP-2021,"Strategic Blueprint, LLC",484
30-SEP-2021,Strategic Advisors LLC,2152
30-SEP-2021,Stony Point Capital LLC,9937
30-SEP-2021,Stonebridge Capital Advisors LLC,31
30-SEP-2021,"Steward Partners Investment Advisory, LLC",5729
30-SEP-2021,"Sterling Investment Advisors, Ltd.",2731
30-SEP-2021,Steel Peak Wealth Management LLC,10506
30-SEP-2021,"Sunbelt Securities, Inc.",1248
30-SEP-2021,Swiss National Bank,634691
30-SEP-2021,Symmetry Investments LP,13965
30-SEP-2021,TITAN GLOBAL CAPITAL MANAGEMENT USA LLC,26234
30-SEP-2021,"TRU INDEPENDENCE ASSET MANAGEMENT 2, LLC",739
30-SEP-2021,TOWER BRIDGE ADVISORS,352503
30-SEP-2021,TOTH FINANCIAL ADVISORY CORP,180
30-SEP-2021,TORONTO DOMINION BANK,265011
30-SEP-2021,TOCQUEVILLE ASSET MANAGEMENT L.P.,30422
30-SEP-2021,TOBAM,4786
30-SEP-2021,TIGER GLOBAL MANAGEMENT LLC,1195595
30-SEP-2021,"Symphony Financial, Ltd. Co.",353
30-SEP-2021,THORNBURG INVESTMENT MANAGEMENT INC,153595
30-SEP-2021,TFC Financial Management,184
30-SEP-2021,TEACHERS RETIREMENT SYSTEM OF THE STATE OF KENTUCKY,61064
30-SEP-2021,TD ASSET MANAGEMENT INC,757031
30-SEP-2021,"TCI Wealth Advisors, Inc.",108
30-SEP-2021,Syverson Strege & Co,23
30-SEP-2021,"VESTOR CAPITAL, LLC",110
30-SEP-2021,VICTORY CAPITAL MANAGEMENT INC,58877
30-SEP-2021,VICUS CAPITAL,533
30-SEP-2021,Wealthcare Advisory Partners LLC,365
30-SEP-2021,WELCH & FORBES LLC,2253
30-SEP-2021,WETHERBY ASSET MANAGEMENT INC,2208
30-SEP-2021,WHITTIER TRUST CO,207
30-SEP-2021,WHITTIER TRUST CO OF NEVADA INC,14
30-SEP-2021,WILBANKS SMITH & THOMAS ASSET MANAGEMENT LLC,1049
30-SEP-2021,"WILLIAM BLAIR INVESTMENT MANAGEMENT, LLC",5369
30-SEP-2021,"WMS Partners, LLC",213
30-SEP-2021,WOLFF WIESE MAGANA LLC,894
30-SEP-2021,WOODSTOCK CORP,659
30-SEP-2021,WT Wealth Management,226
30-SEP-2021,"Wagner Wealth Management, LLC",16
30-SEP-2021,Walleye Trading LLC,306034
30-SEP-2021,"We Are One Seven, LLC",879
30-SEP-2021,"Wealth Alliance Advisory Group, LLC",363
30-SEP-2021,"Wealth Architects, LLC",298
30-SEP-2021,WEDBUSH SECURITIES INC,4102
30-SEP-2021,WEATHERLY ASSET MANAGEMENT L. P.,437
30-SEP-2021,"WEALTHSOURCE PARTNERS, LLC",845
30-SEP-2021,"Vision Capital Management, Inc.",271
30-SEP-2021,Veriti Management LLC,1836
30-SEP-2021,Verition Fund Management LLC,141577
30-SEP-2021,"Vestmark Advisory Solutions, Inc.",1023
30-SEP-2021,"Vident Investment Advisory, LLC",1910
30-SEP-2021,Vigilare Wealth Management,1487
30-SEP-2021,"Virtue Capital Management, LLC",1548
30-SEP-2021,Visionary Wealth Advisors,323
30-SEP-2021,WD RUTHERFORD LLC,1810
30-SEP-2021,"Vista Wealth Management Group, LLC",442
30-SEP-2021,W.G. Shaheen & Associates DBA Whitney & Co,202
30-SEP-2021,WADE G W & INC,2139
30-SEP-2021,"WASHBURN CAPITAL MANAGEMENT, INC.",3349
30-SEP-2021,"WC Walker & Associates, Inc.",531
30-SEP-2021,"WCM INVESTMENT MANAGEMENT, LLC",2755148
30-SEP-2021,"WealthPLAN Partners, LLC",442
30-SEP-2021,"Wealthspire Advisors, LLC",861
30-SEP-2021,VIRGINIA RETIREMENT SYSTEMS ET AL,13707
30-SEP-2021,"Wellington Shields & Co., LLC",5858
30-SEP-2021,ZAZOVE ASSOCIATES LLC,1642
30-SEP-2021,ZEVENBERGEN CAPITAL INVESTMENTS LLC,226151
30-SEP-2021,ZWJ INVESTMENT COUNSEL INC,230
30-SEP-2021,"Ziegler Capital Management, LLC",6182
30-SEP-2021,"Zions Bancorporation, N.A.",64
30-SEP-2021,Zurcher Kantonalbank (Zurich Cantonalbank),50310
30-SEP-2021,Zweig-DiMenna Associates LLC,24449
30-SEP-2021,Veracity Capital LLC,377
30-SEP-2021,Varma Mutual Pension Insurance Co,2729
30-SEP-2021,Vanguard Capital Wealth Advisors,454
30-SEP-2021,"Van Hulzen Asset Management, LLC",499
30-SEP-2021,Value Star Asset Management (Hong Kong) Ltd,2021468
30-SEP-2021,"Valmark Advisers, Inc.",862
30-SEP-2021,"Valeo Financial Advisors, LLC",1204
30-SEP-2021,"VIVID FINANCIAL MANAGEMENT, INC.",1032
30-SEP-2021,ZACKS INVESTMENT MANAGEMENT,744
30-SEP-2021,Yorktown Management & Research Co Inc,264
30-SEP-2021,"YHB Investment Advisors, Inc.",327
30-SEP-2021,"Williams Jones Wealth Management, LLC.",418
30-SEP-2021,"Wellington Shields Capital Management, LLC",7613
30-SEP-2021,"Wellspring Financial Advisors, LLC",216
30-SEP-2021,"West Family Investments, Inc.",1090
30-SEP-2021,"West Oak Capital, LLC",7
30-SEP-2021,"Westside Investment Management, Inc.",13
30-SEP-2021,Whale Rock Capital Management LLC,656128
30-SEP-2021,"Willis Johnson & Associates, Inc.",561
30-SEP-2021,"Xcel Wealth Management, LLC",712
30-SEP-2021,"Winch Advisory Services, LLC",42
30-SEP-2021,"Winfield Associates, Inc.",3167
30-SEP-2021,Winthrop Advisory Group LLC,517
30-SEP-2021,"Worm Capital, LLC",50956
30-SEP-2021,"X-Square Capital, LLC",1945
30-SEP-2021,XR Securities LLC,5763
30-SEP-2021,"Steamboat Capital Partners, LLC",3725
30-SEP-2021,Steadview Capital Management LLC,144462
30-SEP-2021,State of Wyoming,646
30-SEP-2021,Qtron Investments LLC,628
30-SEP-2021,RMR Wealth Builders,628
30-SEP-2021,RIVERPARK CAPITAL MANAGEMENT LLC,2812
30-SEP-2021,"RITTER DANIHER FINANCIAL ADVISORY, LLC",7
30-SEP-2021,RITHOLTZ WEALTH MANAGEMENT,935
30-SEP-2021,"RFG Advisory, LLC",597
30-SEP-2021,RENAISSANCE TECHNOLOGIES LLC,2037
30-SEP-2021,"REILLY FINANCIAL ADVISORS, LLC",141
30-SEP-2021,REGIONS FINANCIAL CORP,6428
30-SEP-2021,REGENTATLANTIC CAPITAL LLC,293
30-SEP-2021,REDW Wealth LLC,319
30-SEP-2021,"RBF Capital, LLC",271
30-SEP-2021,"RB Capital Management, LLC",405
30-SEP-2021,RAYMOND JAMES TRUST N.A.,659
30-SEP-2021,RAYMOND JAMES & ASSOCIATES,114941
30-SEP-2021,Quaero Capital S.A.,613
30-SEP-2021,"ROCKY MOUNTAIN ADVISERS, LLC",19
30-SEP-2021,ROOSEVELT INVESTMENT GROUP LLC,747
30-SEP-2021,ROYAL BANK OF CANADA,143047
30-SEP-2021,"Raymond James Financial Services Advisors, Inc.",58543
30-SEP-2021,Resolute Advisors LLC,5739
30-SEP-2021,"Requisite Capital Management, LLC",1017
30-SEP-2021,Regal Investment Advisors LLC,4231
30-SEP-2021,"Redwood Investments, LLC",647
30-SEP-2021,"Redhawk Wealth Advisors, Inc.",328
30-SEP-2021,"Red Door Wealth Management, LLC",774
30-SEP-2021,Ratio Wealth Group,271156
30-SEP-2021,ROYAL LONDON ASSET MANAGEMENT LTD,40805
30-SEP-2021,Rathbone Brothers plc,105124
30-SEP-2021,"Rafferty Asset Management, LLC",293
30-SEP-2021,"RWQ Financial Management Services, Inc.",7213
30-SEP-2021,RWC Asset Management LLP,3567
30-SEP-2021,RSM US WEALTH MANAGEMENT LLC,365
30-SEP-2021,"RPG Investment Advisory, LLC",22
30-SEP-2021,Quadrature Capital Ltd,157405
30-SEP-2021,QUEST INVESTMENT MANAGEMENT LLC,13430
30-SEP-2021,"Resource Management, LLC",441
30-SEP-2021,QUEST CAPITAL MANAGEMENT INC /ADV,541
30-SEP-2021,Phoenix Wealth Advisors,1061
30-SEP-2021,"Pettinga Financial Advisors, LLC",339
30-SEP-2021,Perkins Coie Trust Co,49
30-SEP-2021,Periscope Capital Inc.,614
30-SEP-2021,"Perigon Wealth Management, LLC",938
30-SEP-2021,"Perennial Investment Advisors, LLC",640
30-SEP-2021,"Patriot Financial Group Insurance Agency, LLC",1
30-SEP-2021,Parkwood LLC,4669
30-SEP-2021,Parisi Gray Wealth Management,808
30-SEP-2021,Parametric Portfolio Associates LLC,107466
30-SEP-2021,"Parallel Advisors, LLC",10665
30-SEP-2021,"Parallax Volatility Advisers, L.P.",239520
30-SEP-2021,"Paragon Advisors, LLC",3400
30-SEP-2021,"Paradigm Financial Partners, LLC",319
30-SEP-2021,"Paradigm Financial Advisors, LLC",274
30-SEP-2021,"Pinnacle Bancorp, Inc.",38
30-SEP-2021,"Pinnacle Wealth Planning Services, Inc.",767
30-SEP-2021,"Plante Moran Financial Advisors, LLC",106
30-SEP-2021,Private Portfolio Partners LLC,1476564
30-SEP-2021,QUADRANT CAPITAL GROUP LLC,546
30-SEP-2021,Public Sector Pension Investment Board,52964
30-SEP-2021,Prospera Financial Services Inc,2495
30-SEP-2021,"Professional Financial Advisors, LLC",275
30-SEP-2021,Proem Advisors LLC,6779
30-SEP-2021,"Private Wealth Strategies, L.L.C.",340
30-SEP-2021,"Private Ocean, LLC",221
30-SEP-2021,"Point Break Capital Management, LLC",4287
30-SEP-2021,"Private Advisor Group, LLC",10667
30-SEP-2021,"Prime Capital Investment Advisors, LLC",228
30-SEP-2021,Prestige Wealth Management Group LLC,4
30-SEP-2021,"Precision Wealth Strategies, LLC",371
30-SEP-2021,"PrairieView Partners, LLC",216
30-SEP-2021,Polar Asset Management Partners Inc.,129871
30-SEP-2021,"Resonant Capital Advisors, LLC",270
30-SEP-2021,"Resources Investment Advisors, LLC.",1333
30-SEP-2021,"State of Tennessee, Treasury Department",156951
30-SEP-2021,SWS Partners,2355
30-SEP-2021,Shay Capital LLC,814
30-SEP-2021,Seven Post Investment Office LP,1328
30-SEP-2021,"Selective Wealth Management, Inc.",190
30-SEP-2021,"SeaCrest Wealth Management, LLC",1462
30-SEP-2021,Sculptor Capital LP,3389
30-SEP-2021,"Sculati Wealth Management, LLC",813
30-SEP-2021,"Sawtooth Solutions, LLC",358
30-SEP-2021,Saturna Capital CORP,203
30-SEP-2021,Sassicaia Capital Advisers LLC,542
30-SEP-2021,"Sargent Investment Group, LLC",891
30-SEP-2021,Sargent Bickham Lagudis LLC,191
30-SEP-2021,"Sanford Advisory Services, LLC",642
30-SEP-2021,Sandy Spring Bank,265
30-SEP-2021,"Sand Hill Global Advisors, LLC",569
30-SEP-2021,San Luis Wealth Advisors LLC,640
30-SEP-2021,"Sheaff Brock Investment Advisors, LLC",1607
30-SEP-2021,Sigma Planning Corp,6638
30-SEP-2021,"SkyOak Wealth, LLC",1700
30-SEP-2021,Southland Equity Partners LLC,295560
30-SEP-2021,"Stanley-Laman Group, Ltd.",9713
30-SEP-2021,Spire Wealth Management,9450
30-SEP-2021,Spence Asset Management,15202
30-SEP-2021,"Spearhead Capital Advisors, LLC",259
30-SEP-2021,Spark Investment Management LLC,3118
30-SEP-2021,"Sowa Financial Group, Inc.",2937
30-SEP-2021,Southern Farm Bureau Life Insurance,271
30-SEP-2021,"SkyView Investment Advisors, LLC",281
30-SEP-2021,"Sound View Wealth Advisors Group, LLC",1180
30-SEP-2021,"Sound Income Strategies, LLC",19
30-SEP-2021,Souders Financial Advisors,944
30-SEP-2021,Soltis Investment Advisors LLC,625
30-SEP-2021,Snowden Capital Advisors LLC,8271614
30-SEP-2021,Skye Global Management LP,45419
30-SEP-2021,"Salvus Wealth Management, LLC",228
30-SEP-2021,"SUMMIT PARTNERS PUBLIC ASSET MANAGEMENT, LLC",27116
30-SEP-2021,"Retirement Group, LLC",38
30-SEP-2021,"SUMITOMO MITSUI FINANCIAL GROUP, INC.",5784
30-SEP-2021,SEI INVESTMENTS CO,164529
30-SEP-2021,"SEGALL BRYANT & HAMILL, LLC",1326
30-SEP-2021,SCHRODER INVESTMENT MANAGEMENT GROUP,14137
30-SEP-2021,SCHAPER BENZ & WISE INVESTMENT COUNSEL INC/WI,351
30-SEP-2021,"SCGE MANAGEMENT, L.P.",1212067
30-SEP-2021,"SANDS CAPITAL MANAGEMENT, LLC",1826682
30-SEP-2021,SALEM INVESTMENT COUNSELORS INC,77
30-SEP-2021,"Russell Investments Group, Ltd.",6808
30-SEP-2021,"Route One Investment Company, L.P.",175506
30-SEP-2021,Roundview Capital LLC,1855
30-SEP-2021,"Round Rock Advisors, LLC",588
30-SEP-2021,Rosenberg Matthew Hamilton,42
30-SEP-2021,"Rockbridge Investment Management, LCC",91
30-SEP-2021,"RiverPark Advisors, LLC",16634
30-SEP-2021,Rinet Co LLC,588
30-SEP-2021,"SFMG, LLC",553
30-SEP-2021,"SG Americas Securities, LLC",425403
30-SEP-2021,"SG3 Management, LLC",2983
30-SEP-2021,"SONORA INVESTMENT MANAGEMENT, LLC",95
30-SEP-2021,"STONNINGTON GROUP, LLC",5359
30-SEP-2021,STOCK YARDS BANK & TRUST CO,335
30-SEP-2021,STATE OF WISCONSIN INVESTMENT BOARD,103839
30-SEP-2021,SSI INVESTMENT MANAGEMENT LLC,9494
30-SEP-2021,"SRS Capital Advisors, Inc.",544
30-SEP-2021,SQN Investors LP,133561
30-SEP-2021,"SIMPLEX TRADING, LLC",406390
30-SEP-2021,SHELL ASSET MANAGEMENT CO,9228
30-SEP-2021,"SIMON QUICK ADVISORS, LLC",225
30-SEP-2021,SILVERCREST ASSET MANAGEMENT GROUP LLC,401
30-SEP-2021,"SIGNATUREFD, LLC",2348
30-SEP-2021,SIGNATURE ESTATE & INVESTMENT ADVISORS LLC,4
30-SEP-2021,SIGMA INVESTMENT COUNSELORS INC,236
30-SEP-2021,SHENKMAN CAPITAL MANAGEMENT INC,9562
30-SEP-2021,"HANTZ FINANCIAL SERVICES, INC.",1891
30-SEP-2021,"NZS Capital, LLC",10997
30-SEP-2021,Gulf International Bank (UK) Ltd,1274
30-SEP-2021,"Bienville Capital Management, LLC",926
30-SEP-2021,Baskin Financial Services Inc.,461
30-SEP-2021,"Bay Colony Advisory Group, Inc d/b/a Bay Colony Advisors",541
30-SEP-2021,Bay Rivers Group,1323
30-SEP-2021,Baystate Wealth Management LLC,35
30-SEP-2021,"Beacon Pointe Advisors, LLC",652
30-SEP-2021,"Bedel Financial Consulting, Inc.",226
30-SEP-2021,"Bell Investment Advisors, Inc",11
30-SEP-2021,"Bellwether Advisors, LLC",6
30-SEP-2021,Belpointe Asset Management LLC,425
30-SEP-2021,"BerganKDV Wealth Management, LLC",41
30-SEP-2021,"Berman Capital Advisors, LLC",552
30-SEP-2021,"Better Money Decisions, LLC",69
30-SEP-2021,"Biondo Investment Advisors, LLC",1689
30-SEP-2021,"Budros, Ruhlin & Roe, Inc.",537
30-SEP-2021,BlackRock Inc.,668197
30-SEP-2021,"Blue Chip Partners, Inc.",136
30-SEP-2021,"Blue Square Asset Management, LLC",816
30-SEP-2021,"Blueshift Asset Management, LLC",626
30-SEP-2021,"Bogart Wealth, LLC",2333
30-SEP-2021,Botty Investors LLC,236
30-SEP-2021,"Bouvel Investment Partners, LLC",2565
30-SEP-2021,Brandywine Oak Private Wealth LLC,273
30-SEP-2021,"Bridgewater Associates, LP",2973
30-SEP-2021,"Brinker Capital Investments, LLC",1768
30-SEP-2021,"Bristlecone Advisors, LLC",1674
30-SEP-2021,Brookstone Capital Management,1564
30-SEP-2021,Barton Investment Management,303749
30-SEP-2021,Bartlett & Co. LLC,271
30-SEP-2021,"Barrett Asset Management, LLC",42
30-SEP-2021,"Bard Financial Services, Inc.",319
30-SEP-2021,"BDO Wealth Advisors, LLC",73
30-SEP-2021,"BEACON INVESTMENT ADVISORY SERVICES, INC.",1144
30-SEP-2021,BENEDICT FINANCIAL ADVISORS INC,529
30-SEP-2021,BERKSHIRE CAPITAL HOLDINGS INC,14
30-SEP-2021,BIRINYI ASSOCIATES INC,3457
30-SEP-2021,BIT Capital GmbH,1220202
30-SEP-2021,BLAIR WILLIAM & CO/IL,37470
30-SEP-2021,"BLB&B Advisors, LLC",827
30-SEP-2021,BLUESTEIN R H & CO,2482
30-SEP-2021,"BOKF, NA",1799
30-SEP-2021,BOSTON PRIVATE WEALTH LLC,838
30-SEP-2021,BOURGEON CAPITAL MANAGEMENT LLC,289
30-SEP-2021,BREWIN DOLPHIN LTD,9490
30-SEP-2021,BRIGHTON JONES LLC,3091
30-SEP-2021,BRITISH COLUMBIA INVESTMENT MANAGEMENT Corp,284369
30-SEP-2021,BROWN BROTHERS HARRIMAN & CO,599
30-SEP-2021,BROWN CAPITAL MANAGEMENT LLC,14992
30-SEP-2021,"BUCKINGHAM STRATEGIC WEALTH, LLC",647
30-SEP-2021,BURNEY CO/,456
30-SEP-2021,BURNS J W & CO INC/NY,613
30-SEP-2021,BW Gestao de Investimentos Ltda.,1356
30-SEP-2021,"Baldwin Investment Management, LLC",1829
30-SEP-2021,"Ballew Advisors, Inc",980
30-SEP-2021,"Bank Julius Baer & Co. Ltd, Zurich",1514
30-SEP-2021,Bank of New Hampshire,212
30-SEP-2021,"Buckley Wealth Management, LLC",678
30-SEP-2021,"Budros, Ruhlin & Roe, LLC",537
30-SEP-2021,"Capital Advisory Group Advisory Services, LLC",95
30-SEP-2021,"CONCOURSE FINANCIAL GROUP SECURITIES, INC.",1874
30-SEP-2021,CKW FINANCIAL GROUP,163
30-SEP-2021,CLEAR STREET MARKETS LLC,2169
30-SEP-2021,CNB Bank,304
30-SEP-2021,COBBLESTONE CAPITAL ADVISORS LLC /NY/,22918
30-SEP-2021,"COHEN & STEERS, INC.",18
30-SEP-2021,COLDSTREAM CAPITAL MANAGEMENT INC,610
30-SEP-2021,COLLECTIVE FAMILY OFFICE LLC,545
30-SEP-2021,COLONY GROUP LLC,235
30-SEP-2021,COMERICA BANK,8544
30-SEP-2021,"COMERICA SECURITIES,INC.",942
30-SEP-2021,"COMMONWEALTH EQUITY SERVICES, LLC",47970
30-SEP-2021,COMMONWEALTH OF PENNSYLVANIA PUBLIC SCHOOL EMPLS RETRMT SYS,12241
30-SEP-2021,CONFLUENCE INVESTMENT MANAGEMENT LLC,1563
30-SEP-2021,Builders Union LLP,13557
30-SEP-2021,CONNABLE OFFICE INC,1293
30-SEP-2021,"CORRADO ADVISORS, LLC",7588
30-SEP-2021,CREATIVE FINANCIAL DESIGNS INC /ADV,1203
30-SEP-2021,CTC LLC,2969600
30-SEP-2021,CULLINAN ASSOCIATES INC,813
30-SEP-2021,"CVA Family Office, LLC",51
30-SEP-2021,CX Institutional,210
30-SEP-2021,CYPRESS ASSET MANAGEMENT INC/TX,283
30-SEP-2021,"Calton & Associates, Inc.",1010
30-SEP-2021,"Cambridge Investment Research Advisors, Inc.",27353
30-SEP-2021,"Camden Capital, LLC",3445
30-SEP-2021,"Canal Capital Management, LLC",3487
30-SEP-2021,CIDEL ASSET MANAGEMENT INC,98781
30-SEP-2021,CIBC World Markets Inc.,929721
30-SEP-2021,CIBC Asset Management Inc,461255
30-SEP-2021,CI INVESTMENTS INC.,24700
30-SEP-2021,"Burleson & Company, LLC",12
30-SEP-2021,"Burns Matteson Capital Management, LLC",310474
30-SEP-2021,Busey Wealth Management,355
30-SEP-2021,CAAS CAPITAL MANAGEMENT LP,6074
30-SEP-2021,CABOT WEALTH MANAGEMENT INC,1268
30-SEP-2021,CAHILL FINANCIAL ADVISORS INC,7
30-SEP-2021,CAISSE DE DEPOT ET PLACEMENT DU QUEBEC,406175
30-SEP-2021,CALAMOS ADVISORS LLC,38462
30-SEP-2021,CALAMOS WEALTH MANAGEMENT LLC,2952
30-SEP-2021,CALIFORNIA STATE TEACHERS RETIREMENT SYSTEM,7344
30-SEP-2021,CANADA PENSION PLAN INVESTMENT BOARD,344542
30-SEP-2021,CAPITAL ADVISORS INC/OK,521
30-SEP-2021,CAPITAL FUND MANAGEMENT S.A.,143708612
30-SEP-2021,CAPITAL MANAGEMENT ASSOCIATES /NY/,1152
30-SEP-2021,"CAPROCK Group, Inc.",2190
30-SEP-2021,CAPTRUST FINANCIAL ADVISORS,3537
30-SEP-2021,"CARRET ASSET MANAGEMENT, LLC",290
30-SEP-2021,"CENTAURUS FINANCIAL, INC.",658
30-SEP-2021,CENTRAL BANK & TRUST CO,79
30-SEP-2021,CENTRAL TRUST Co,7671
30-SEP-2021,CFM WEALTH PARTNERS LLC,2987
30-SEP-2021,"CFS Investment Advisory Services, LLC",222
30-SEP-2021,"CHATHAM CAPITAL GROUP, INC.",203
30-SEP-2021,CHICAGO TRUST Co NA,61
30-SEP-2021,CHILTON CAPITAL MANAGEMENT LLC,407
30-SEP-2021,BBVA USA,54
30-SEP-2021,BARTLETT & CO. WEALTH MANAGEMENT LLC,271156
30-SEP-2021,BARR E S & CO,260
30-SEP-2021,Accredited Investors Inc.,226
30-SEP-2021,"ASSETMARK, INC",155
30-SEP-2021,"ATALANTA SOSNOFF CAPITAL, LLC",675
30-SEP-2021,ATLAS CAPITAL ADVISORS LLC,427070
30-SEP-2021,ATMOS CAPITAL GESTAO DE RECURSOS LTDA.,56536
30-SEP-2021,ATRIA INVESTMENTS LLC,3840
30-SEP-2021,"ATTICUS WEALTH MANAGEMENT, LLC",2
30-SEP-2021,AXIOM INVESTORS LLC /DE,23709
30-SEP-2021,"Abbot Financial Management, Inc.",403
30-SEP-2021,"Abbrea Capital, LLC",895
30-SEP-2021,"Abdiel Capital Advisors, LP",315170
30-SEP-2021,Absoluto Partners Gestao de Recursos Ltda,3962
30-SEP-2021,Accel Wealth Management,178
30-SEP-2021,"Accurate Wealth Management, LLC",440
30-SEP-2021,BARCLAYS PLC,243441
30-SEP-2021,Accuvest Global Advisors,3449
30-SEP-2021,"Acropolis Investment Management, LLC",224
30-SEP-2021,Activest Wealth Management,56
30-SEP-2021,Adams Wealth Management,878
30-SEP-2021,Addenda Capital Inc.,101350
30-SEP-2021,"Advisor OS, LLC",766
30-SEP-2021,"AdvisorNet Financial, Inc",500
30-SEP-2021,"Advisors Asset Management, Inc.",37133
30-SEP-2021,Advisory Resource Group,373
30-SEP-2021,"Advisory Services Network, LLC",9905
30-SEP-2021,"Advocacy Wealth Management Services, LLC",3
30-SEP-2021,Aequim Alternative Investments LP,16066
30-SEP-2021,ASHFORD CAPITAL MANAGEMENT INC,1247
30-SEP-2021,"ASAHI LIFE ASSET MANAGEMENT CO., LTD.",54
30-SEP-2021,"ARTHUR M. COHEN & ASSOCIATES, LLC",1914
30-SEP-2021,ARK Investment Management LLC,1250853
30-SEP-2021,"Guidance Point Advisors, LLC",2
30-SEP-2021,1832 Asset Management L.P.,206248
30-SEP-2021,4J Wealth Management LLC,344
30-SEP-2021,"9258 Wealth Management, LLC",702
30-SEP-2021,ACG Wealth,683
30-SEP-2021,ACORN FINANCIAL ADVISORY SERVICES INC /ADV,1012
30-SEP-2021,"ADE, LLC",11
30-SEP-2021,"ADIRONDACK RETIREMENT SPECIALISTS, INC.",10589
30-SEP-2021,"ADVANCED RESEARCH INVESTMENT SOLUTIONS, LLC",444696
30-SEP-2021,ADVENT CAPITAL MANAGEMENT /DE/,2785
30-SEP-2021,ADVISOR PARTNERS LLC,1418
30-SEP-2021,AE Wealth Management LLC,23063
30-SEP-2021,AEGON ASSET MANAGEMENT UK PLC,63256
30-SEP-2021,"AFT, FORSYTH & COMPANY, INC.",1554
30-SEP-2021,AGF INVESTMENTS INC.,80996
30-SEP-2021,"AIGEN INVESTMENT MANAGEMENT, LP",714
30-SEP-2021,"AJ WEALTH STRATEGIES, LLC",350
30-SEP-2021,ALKEON CAPITAL MANAGEMENT LLC,928622
30-SEP-2021,AMERICAN NATIONAL INSURANCE CO,5864
30-SEP-2021,AMF Pensionsforsakring AB,98204
30-SEP-2021,AMS Capital Ltda,2068
30-SEP-2021,APPLETON PARTNERS INC/MA,2687
30-SEP-2021,"APPLIED RESEARCH INVESTMENTS, LLC",31459
30-SEP-2021,ARCADIA INVESTMENT MANAGEMENT CORP/MI,1208
30-SEP-2021,"ARGI Investment Services, LLC",286
30-SEP-2021,Ahrens Investment Partners LLC,243
30-SEP-2021,Alberta Investment Management Corp,292905
30-SEP-2021,"Alcosta Capital Management, Inc.",4195
30-SEP-2021,Artisan Partners Limited Partnership,628629
30-SEP-2021,Aspen Investment Management Inc,370
30-SEP-2021,Assenagon Asset Management S.A.,108078
30-SEP-2021,"Asset Dedication, LLC",195
30-SEP-2021,"Athanor Capital, LP",8726
30-SEP-2021,Atika Capital Management LLC,2702
30-SEP-2021,Atlas Private Wealth Advisors,34
30-SEP-2021,AtonRa Partners,2028
30-SEP-2021,Aubrey Capital Management Ltd,7457028
30-SEP-2021,"Ausdal Financial Partners, Inc.",647
30-SEP-2021,"Austin Private Wealth, LLC",225
30-SEP-2021,AustralianSuper Pty Ltd,185803
30-SEP-2021,Avalon Global Asset Management LLC,7457
30-SEP-2021,Avalon Investment & Advisory,232
30-SEP-2021,"Avestar Capital, LLC",19116
30-SEP-2021,"Aviance Capital Partners, LLC",5491
30-SEP-2021,"Avidian Wealth Solutions, LLC",294
30-SEP-2021,Avion Wealth,11
30-SEP-2021,Avitas Wealth Management LLC,5887
30-SEP-2021,"Axel Capital Management, LLC",2712
30-SEP-2021,B & T Capital Management DBA Alpha Capital Management,4185
30-SEP-2021,"B. Riley Wealth Management, Inc.",3646
30-SEP-2021,BAILLIE GIFFORD & CO,1409392
30-SEP-2021,BALDWIN BROTHERS LLC/MA,18
30-SEP-2021,BANK OF NOVA SCOTIA,1221186
30-SEP-2021,BANQUE PICTET & CIE SA,610
30-SEP-2021,"Ascendant Capital Management, LLC",1356
30-SEP-2021,"Arthedge Capital Management, LLC",18710
30-SEP-2021,"All Terrain Financial Advisors, LLC",301
30-SEP-2021,"Artemis Wealth Advisors, LLC",2714272
30-SEP-2021,Allworth Financial LP,1070
30-SEP-2021,"Almanack Investment Partners, LLC.",302
30-SEP-2021,"Alpha Cubed Investments, LLC",767
30-SEP-2021,AlphaCrest Capital Management LLC,4310
30-SEP-2021,"AlphaMark Advisors, LLC",24
30-SEP-2021,"Alphastar Capital Management, LLC",464
30-SEP-2021,Alta Wealth Advisors LLC,2396
30-SEP-2021,"Altimeter Capital Management, LP",271156
30-SEP-2021,"American Money Management, LLC",575
30-SEP-2021,American Portfolios Advisors,4378028
30-SEP-2021,"Ameritas Investment Company, LLC",1544
30-SEP-2021,"Anchor Investment Management, LLC",283358
30-SEP-2021,"Ancora Advisors, LLC",1583
30-SEP-2021,Andra AP-fonden,860
30-SEP-2021,"Angeles Investment Advisors, LLC",1426
30-SEP-2021,"Annapolis Financial Services, LLC",12
30-SEP-2021,Antonetti Capital Management LLC,1627
30-SEP-2021,"Apollon Wealth Management, LLC",13220
30-SEP-2021,"Aptus Capital Advisors, LLC",693
30-SEP-2021,Arabesque Asset Management Ltd,1693
30-SEP-2021,"Arete Wealth Advisors, LLC",975
30-SEP-2021,Argent Trust Co,274
30-SEP-2021,Arkadios Wealth Advisors,383
30-SEP-2021,Arlington Partners LLC,115
30-SEP-2021,Artemis Investment Management LLP,2269
30-SEP-2021,Candriam Luxembourg S.C.A.,22620
30-SEP-2021,"Ascent Wealth Partners, LLC",3423
30-SEP-2021,Capital Asset Advisory Services LLC,2173
30-SEP-2021,Financial Advocates Investment Management,4219
30-SEP-2021,"FLAGSHIP HARBOR ADVISORS, LLC",6057
30-SEP-2021,FORSTA AP-FONDEN,31756
30-SEP-2021,FORTE CAPITAL LLC /ADV,1219
30-SEP-2021,FOUNDERS FINANCIAL SECURITIES LLC,252
30-SEP-2021,"FRED ALGER MANAGEMENT, LLC",386024
30-SEP-2021,FULTON BREAKEFIELD BROENNIMAN LLC,725
30-SEP-2021,Family Management Corp,3808
30-SEP-2021,FengHe Fund Management Pte. Ltd.,4474
30-SEP-2021,"Ferris Capital, LLC",3204
30-SEP-2021,"Fieldpoint Private Securities, LLC",719
30-SEP-2021,"FinTrust Capital Advisors, LLC",369
30-SEP-2021,"Financial Advisory Service, Inc.",778
30-SEP-2021,"Financial Architects, Inc",511
30-SEP-2021,"First Pacific Advisors, LP",183
30-SEP-2021,"Financial Avengers, Inc.",693
30-SEP-2021,Financial Enhancement Group LLC,35
30-SEP-2021,"Financial Gravity Asset Management, Inc.",1356
30-SEP-2021,"Financial Management Professionals, Inc.",7
30-SEP-2021,FineMark National Bank & Trust,668
30-SEP-2021,Firestone Capital Management,15
30-SEP-2021,First Bank & Trust,850
30-SEP-2021,First Command Bank,667
30-SEP-2021,"First Command Financial Services, Inc.",667
30-SEP-2021,First Growth Investment Manager LP,12649
30-SEP-2021,"First Heartland Consultants, Inc.",580
30-SEP-2021,"First Horizon Advisors, Inc.",560
30-SEP-2021,FIRST UNITED BANK & TRUST,259
30-SEP-2021,FIRST TRUST ADVISORS LP,122643
30-SEP-2021,"FIRST REPUBLIC INVESTMENT MANAGEMENT, INC.",77659
30-SEP-2021,FIRST NATIONAL CORP /MA/ /ADV,294
30-SEP-2021,"Ensign Peak Advisors, Inc",236273
30-SEP-2021,"Eqis Capital Management, Inc.",5703
30-SEP-2021,Erste Asset Management GmbH,14237385
30-SEP-2021,Essex LLC,203
30-SEP-2021,Ethic Inc.,258
30-SEP-2021,"Eudaimonia Partners, LLC",670
30-SEP-2021,"Evercore Wealth Management, LLC",290
30-SEP-2021,"Everhart Financial Group, Inc.",918
30-SEP-2021,"Evoke Wealth, LLC",222
30-SEP-2021,"Evolution Wealth Advisors, LLC",370
30-SEP-2021,"Executive Wealth Management, LLC",298
30-SEP-2021,FARMERS & MERCHANTS INVESTMENTS INC,47
30-SEP-2021,FARMERS & MERCHANTS TRUST Co OF LONG BEACH,289
30-SEP-2021,FARMERS TRUST CO,955
30-SEP-2021,FARR MILLER & WASHINGTON LLC/DC,678
30-SEP-2021,"FERGUSON WELLMAN CAPITAL MANAGEMENT, INC",499
30-SEP-2021,FFT WEALTH MANAGEMENT LLC,1245
30-SEP-2021,FIDUCIARY TRUST CO,465
30-SEP-2021,FIDUCIENT ADVISORS LLC,346
30-SEP-2021,FIERA CAPITAL CORP,1264
30-SEP-2021,FINANCIAL COUNSELORS INC,3986
30-SEP-2021,FIRST CITIZENS BANK & TRUST CO,700
30-SEP-2021,FIRST FOUNDATION ADVISORS,268
30-SEP-2021,FIRST HAWAIIAN BANK,142
30-SEP-2021,FIRST MANHATTAN CO,85
30-SEP-2021,First PREMIER Bank,7
30-SEP-2021,"Focus Financial Network, Inc.",7483906
30-SEP-2021,"Ellis Investment Partners, LLC",6
30-SEP-2021,"Global Retirement Partners, LLC",512
30-SEP-2021,GUARDIAN CAPITAL LP,106133
30-SEP-2021,GWM Advisors LLC,5406
30-SEP-2021,"GYL Financial Synergies, LLC",243
30-SEP-2021,"Galvin, Gaustad & Stein, LLC",339
30-SEP-2021,"Garrison Point Advisors, LLC",423
30-SEP-2021,Geneos Wealth Management Inc.,760
30-SEP-2021,Gerber Kawasaki Wealth & Investment Management,5008
30-SEP-2021,Gifford Fong Associates,9490
30-SEP-2021,Gladstone Institutional Advisory LLC,5596
30-SEP-2021,Glassman Wealth Services,183
30-SEP-2021,"Gleason Group, Inc.",271
30-SEP-2021,Glenview Trust Co,544
30-SEP-2021,"Golden Green, Inc.",1228
30-SEP-2021,"Focused Wealth Management, Inc",127
30-SEP-2021,"Good Life Advisors, LLC",3235
30-SEP-2021,"Gotham Asset Management, LLC",766
30-SEP-2021,Gradient Investments LLC,239
30-SEP-2021,Grandview Asset Management LLC,1918
30-SEP-2021,"Granite Investment Partners, LLC",252
30-SEP-2021,Grassi Investment Management,540
30-SEP-2021,Gratus Capital LLC,12655
30-SEP-2021,Gray Wealth Management Inc.,206
30-SEP-2021,"Great Diamond Partners, LLC",443
30-SEP-2021,Greytown Advisors Inc.,609
30-SEP-2021,"Capital CS Group, LLC",440
30-SEP-2021,"Gs Investments, Inc.",66
30-SEP-2021,GUARDIAN CAPITAL ADVISORS LP,764
30-SEP-2021,"GROUP ONE TRADING, L.P.",1380870
30-SEP-2021,"GRIFFIN ASSET MANAGEMENT, INC.",808
30-SEP-2021,"GREAT VALLEY ADVISOR GROUP, INC.",1242
30-SEP-2021,Fort Point Capital Partners LLC,1132
30-SEP-2021,"Fortis Advisors, LLC",611
30-SEP-2021,Fortis Capital Management LLC,1805
30-SEP-2021,"Fortress Wealth Group, LLC",316
30-SEP-2021,"Foster Victor Wealth Advisors, LLC",339
30-SEP-2021,"Foundations Investment Advisors, LLC",362
30-SEP-2021,"Founders Financial Alliance, LLC",200
30-SEP-2021,"FourThought Financial, LLC",55
30-SEP-2021,"Foxhaven Asset Management, LP",97127
30-SEP-2021,"Frank, Rimerman Advisors LLC",999210
30-SEP-2021,"Frisch Financial Group, Inc.",1970
30-SEP-2021,Fulcrum Asset Management LLP,311
30-SEP-2021,"Full Sail Capital, LLC",2169
30-SEP-2021,GABLES CAPITAL MANAGEMENT INC.,2652
30-SEP-2021,GARDNER LEWIS ASSET MANAGEMENT L P,9599
30-SEP-2021,GATEWAY INVESTMENT ADVISERS LLC,3069
30-SEP-2021,"GFG Capital, LLC",365
30-SEP-2021,"GFS Advisors, LLC",359
30-SEP-2021,GLENMEDE TRUST CO NA,3919
30-SEP-2021,GLUSKIN SHEFF & ASSOC INC,885
30-SEP-2021,GLYNN CAPITAL MANAGEMENT LLC,64132
30-SEP-2021,"GM Advisory Group, Inc.",1262
30-SEP-2021,GOFEN & GLOSSBERG LLC /IL/,339
30-SEP-2021,"GPS Wealth Strategies Group, LLC",1514
30-SEP-2021,GRAND JEAN CAPITAL MANAGEMENT INC,6485
30-SEP-2021,"Empirical Financial Services, LLC d.b.a. Empirical Wealth Management",963
30-SEP-2021,Franchise Capital Ltd,68598
30-SEP-2021,"Ellevest, Inc.",73
30-SEP-2021,"Claraphi Advisory Network, LLC",326
30-SEP-2021,ClariVest Asset Management LLC,22500
30-SEP-2021,"Clarius Group, LLC",454
30-SEP-2021,"Clearbridge Investments, LLC",143820
30-SEP-2021,"Clearstead Advisors, LLC",1041
30-SEP-2021,Clearview Wealth Advisors LLC,58
30-SEP-2021,"Coastal Investment Advisors, Inc.",1601
30-SEP-2021,"Codex Capital, L.L.C.",3116500
30-SEP-2021,"Column Capital Advisors, LLC",339
30-SEP-2021,Concord Wealth Partners,28
30-SEP-2021,"Concorde Asset Management, LLC",2116
30-SEP-2021,Congress Park Capital LLC,312
30-SEP-2021,"Connor, Clark & Lunn Investment Management Ltd.",836828
30-SEP-2021,"Conservest Capital Advisors, Inc.",489
30-SEP-2021,Consolidated Planning Corp,1
30-SEP-2021,Constellation Investimentos e Participacoes Ltda,1491
30-SEP-2021,Constitution Capital LLC,407
30-SEP-2021,Cordasco Financial Network,52
30-SEP-2021,Cordatus Wealth Management LLC,1112
30-SEP-2021,"Cornerstone Wealth Group, LLC",729
30-SEP-2021,"Cornerstone Wealth Management, LLC",937
30-SEP-2021,Cottage Street Advisors LLC,263
30-SEP-2021,"Covenant Asset Management, LLC",32352
30-SEP-2021,"Covenant Partners, LLC",1227
30-SEP-2021,Covington Capital Management,343
30-SEP-2021,"Crawford Lake Capital Management, LLC",15556
30-SEP-2021,Clare Market Investments LLC,2519039
30-SEP-2021,"Circle Wealth Management, LLC",677
30-SEP-2021,"Crescent Capital Consulting, LLC",1
30-SEP-2021,Chicago Partners Investment Group LLC,2310
30-SEP-2021,"Capital Investment Advisors, LLC",418
30-SEP-2021,"Capital Investment Advisory Services, LLC",1049
30-SEP-2021,"Elite Wealth Management, Inc.",370
30-SEP-2021,"Capstone Financial Advisors, Inc.",289
30-SEP-2021,"Capstone Triton Financial Group, LLC",9539
30-SEP-2021,"Cardan Capital Partners, LLC",847
30-SEP-2021,"Carmichael Hill & Associates, Inc.",715
30-SEP-2021,"Carnegie Capital Asset Management, LLC",20353
30-SEP-2021,"Carroll Financial Associates, Inc.",208
30-SEP-2021,"Cascadia Advisory Services, LLC",207
30-SEP-2021,Castle Hook Partners LP,29945
30-SEP-2021,"Cavalier Investments, LLC",1472
30-SEP-2021,"Center Lake Capital Management, LLC",9829
30-SEP-2021,"CenterStar Asset Management, LLC",416
30-SEP-2021,"Centiva Capital, LP",9158
30-SEP-2021,Cerity Partners LLC,2015
30-SEP-2021,Cetera Advisor Networks LLC,6231
30-SEP-2021,Cetera Advisors LLC,6121
30-SEP-2021,Cetera Investment Advisers,5423
30-SEP-2021,"Change Path, LLC",545
30-SEP-2021,"Chapman Investment Management, LLC",386
30-SEP-2021,"Checchi Capital Advisers, LLC",598
30-SEP-2021,"Cherry Creek Investment Advisors, Inc.",1276
30-SEP-2021,Chesley Taft & Associates LLC,2476
30-SEP-2021,"Chicago Capital, LLC",20154
30-SEP-2021,Creative Planning,27549
30-SEP-2021,Cheyne Capital Management (UK) LLP,1762
30-SEP-2021,Crestwood Advisors Group LLC,9240
30-SEP-2021,"ELEMENT POINTE ADVISORS, LLC",1493
30-SEP-2021,"Diligent Investors, LLC",250
30-SEP-2021,Discovery Value Fund,636691
30-SEP-2021,Diversified Trust Co,512
30-SEP-2021,"Douglas Lane & Associates, LLC",350
30-SEP-2021,"Douglass Winthrop Advisors, LLC",443
30-SEP-2021,Durable Capital Partners LP,727822
30-SEP-2021,Dynamic Advisor Solutions LLC,1825
30-SEP-2021,EAGLE ASSET MANAGEMENT INC,92297
30-SEP-2021,EAGLE GLOBAL ADVISORS LLC,1211
30-SEP-2021,EARNEST PARTNERS LLC,18
30-SEP-2021,EATON VANCE MANAGEMENT,86041
30-SEP-2021,EDMOND DE ROTHSCHILD HOLDING S.A.,3518
30-SEP-2021,ENTERPRISE FINANCIAL SERVICES CORP,1
30-SEP-2021,Delta Financial Advisors LLC,300
30-SEP-2021,ENVESTNET ASSET MANAGEMENT INC,152248
30-SEP-2021,"EP Wealth Advisors, LLC",1362
30-SEP-2021,EQUITABLE TRUST CO,15152
30-SEP-2021,EULAV Asset Management,20886
30-SEP-2021,EVERGREEN CAPITAL MANAGEMENT LLC,525
30-SEP-2021,EVERMAY WEALTH MANAGEMENT LLC,54
30-SEP-2021,EXANE DERIVATIVES,542293
30-SEP-2021,"EXCHANGE TRADED CONCEPTS, LLC",1467
30-SEP-2021,Egerton Capital (UK) LLP,437353
30-SEP-2021,"Crestwood Capital Management, L.P.",28772
30-SEP-2021,"EXENCIAL WEALTH ADVISORS, LLC",428
30-SEP-2021,Edge Wealth Management LLC,5
30-SEP-2021,"Detalus Advisors, LLC",228
30-SEP-2021,EFG Asset Management (Americas) Corp.,4193
30-SEP-2021,"Delos Wealth Advisors, LLC",33
30-SEP-2021,DELTA ASSET MANAGEMENT LLC/TN,34
30-SEP-2021,"Cribstone Capital Management, LLC",205
30-SEP-2021,"Crossmark Global Holdings, Inc.",9176
30-SEP-2021,Csenge Advisory Group,369
30-SEP-2021,Darsana Capital Partners LP,305051
30-SEP-2021,"Cunning Capital Partners, LP",3136
30-SEP-2021,"Cypress Capital, LLC",1356
30-SEP-2021,"Cypress Wealth Services, LLC",1799
30-SEP-2021,"D'Orazio & Associates, Inc.",26
30-SEP-2021,D.A. DAVIDSON & CO.,7160
30-SEP-2021,D1 Capital Partners L.P.,221670
30-SEP-2021,DAVIS-REA LTD.,1050
30-SEP-2021,"DCM Advisors, LLC",770
30-SEP-2021,Cumberland Partners Ltd,407
30-SEP-2021,Dakota Wealth Management,1624
30-SEP-2021,"DONALDSON CAPITAL MANAGEMENT, LLC",475
30-SEP-2021,"DZ BANK AG Deutsche Zentral Genossenschafts Bank, Frankfurt am Main",47
30-SEP-2021,"DFPG INVESTMENTS, LLC",2926
30-SEP-2021,DUNCKER STREETT & CO INC,16
30-SEP-2021,DUBUQUE BANK & TRUST CO,5
30-SEP-2021,DOWLING & YAHNKE LLC,580
30-SEP-2021,DOCK STREET ASSET MANAGEMENT INC,12271
30-SEP-2021,DIXON HUBARD FEINOUR & BROWN INC/VA,4593
30-SEP-2021,"DIVIDEND ASSETS CAPITAL, LLC",85
30-JUN-2021,"Focused Wealth Management, Inc",35
30-JUN-2021,"First Heartland Consultants, Inc.",593
30-JUN-2021,"First Horizon Advisors, Inc.",201
30-JUN-2021,First Growth Investment Manager LP,13631
30-JUN-2021,First PREMIER Bank,7
30-JUN-2021,"First Pacific Advisors, LP",197
30-JUN-2021,"Focus Financial Network, Inc.",4340572
30-JUN-2021,"FourThought Financial, LLC",59
30-JUN-2021,"Ford Financial Group, LLC",7
30-JUN-2021,Fort Point Capital Partners LLC,730
30-JUN-2021,"Fortis Advisors, LLC",146
30-JUN-2021,"First Command Financial Services, Inc.",719
30-JUN-2021,"Fortress Wealth Group, LLC",335
30-JUN-2021,"FRED ALGER MANAGEMENT, LLC",356009
30-JUN-2021,"Foster Victor Wealth Advisors, LLC",950
30-JUN-2021,"Foundations Investment Advisors, LLC",229
30-JUN-2021,Fortis Capital Management LLC,2181
30-JUN-2021,"Financial Management Professionals, Inc.",7
30-JUN-2021,First Command Bank,719
30-JUN-2021,"Financial Advisory Service, Inc.",839
30-JUN-2021,FOUNDERS FINANCIAL SECURITIES LLC,1787
30-JUN-2021,FORTE CAPITAL LLC /ADV,1322
30-JUN-2021,Family Management Corp,1040
30-JUN-2021,FengHe Fund Management Pte. Ltd.,4821
30-JUN-2021,"Fieldpoint Private Securities, LLC",798
30-JUN-2021,"FinTrust Capital Advisors, LLC",383
30-JUN-2021,Financial Advocates Investment Management,6041
30-JUN-2021,First Bank & Trust,1289
30-JUN-2021,FULTON BREAKEFIELD BROENNIMAN LLC,782
30-JUN-2021,"Financial Architects, Inc",551
30-JUN-2021,"Financial Avengers, Inc.",371
30-JUN-2021,Financial Enhancement Group LLC,38
30-JUN-2021,FineMark National Bank & Trust,698
30-JUN-2021,Firestone Capital Management,15
30-JUN-2021,"Founders Financial Alliance, LLC",543
30-JUN-2021,"Galvin, Gaustad & Stein, LLC",365
30-JUN-2021,"Foxhaven Asset Management, LP",105278
30-JUN-2021,Franchise Capital Ltd,88570
30-JUN-2021,GUARDIAN CAPITAL LP,113227
30-JUN-2021,GWM Advisors LLC,5373
30-JUN-2021,"GYL Financial Synergies, LLC",263
30-JUN-2021,Gainplan LLC,745
30-JUN-2021,"Garrison Point Advisors, LLC",494
30-JUN-2021,Geneos Wealth Management Inc.,818
30-JUN-2021,Gerber Kawasaki Wealth & Investment Management,4602
30-JUN-2021,Gifford Fong Associates,10227
30-JUN-2021,Gladstone Institutional Advisory LLC,5578
30-JUN-2021,Glassman Wealth Services,181
30-JUN-2021,"Gleason Group, Inc.",292
30-JUN-2021,"FORA Capital, LLC",6814000
30-JUN-2021,"Global Retirement Partners, LLC",1197
30-JUN-2021,"Glen Eagle Advisors, LLC",21915
30-JUN-2021,Glenview Trust Co,586
30-JUN-2021,GUARDIAN CAPITAL ADVISORS LP,857
30-JUN-2021,"GROUP ONE TRADING, L.P.",466331
30-JUN-2021,"GRIFFIN ASSET MANAGEMENT, INC.",837
30-JUN-2021,GATEWAY INVESTMENT ADVISERS LLC,3308
30-JUN-2021,"Frisch Financial Group, Inc.",622
30-JUN-2021,Frontier Wealth Management LLC,203
30-JUN-2021,Fulcrum Asset Management LLP,2434
30-JUN-2021,"Full Sail Capital, LLC",2338
30-JUN-2021,GABLES CAPITAL MANAGEMENT INC.,2887
30-JUN-2021,GARDNER LEWIS ASSET MANAGEMENT L P,9695
30-JUN-2021,"GFG Capital, LLC",405
30-JUN-2021,"GREAT VALLEY ADVISOR GROUP, INC.",1242
30-JUN-2021,"GFS Advisors, LLC",460
30-JUN-2021,GLENMEDE TRUST CO NA,4220
30-JUN-2021,GLYNN CAPITAL MANAGEMENT LLC,67323
30-JUN-2021,"GM Advisory Group, Inc.",1313
30-JUN-2021,"GPS Wealth Strategies Group, LLC",624
30-JUN-2021,GRAND JEAN CAPITAL MANAGEMENT INC,6995
30-JUN-2021,FORSTA AP-FONDEN,57065
30-JUN-2021,EAGLE ASSET MANAGEMENT INC,97892
30-JUN-2021,"FLAGSHIP HARBOR ADVISORS, LLC",6057
30-JUN-2021,Edge Wealth Management LLC,6
30-JUN-2021,EAGLE GLOBAL ADVISORS LLC,1305
30-JUN-2021,EARNEST PARTNERS LLC,19
30-JUN-2021,EATON VANCE MANAGEMENT,94234
30-JUN-2021,EDMOND DE ROTHSCHILD HOLDING S.A.,3647
30-JUN-2021,EFG Asset Management (Americas) Corp.,5151
30-JUN-2021,"ELEMENT POINTE ADVISORS, LLC",1806569
30-JUN-2021,ENGINE NO. 1 LLC,13812
30-JUN-2021,ENTERPRISE FINANCIAL SERVICES CORP,1
30-JUN-2021,ENVESTNET ASSET MANAGEMENT INC,158495
30-JUN-2021,"EP Wealth Advisors, LLC",527
30-JUN-2021,EQUITABLE TRUST CO,16313
30-JUN-2021,EULAV Asset Management,23091
30-JUN-2021,EVERGREEN CAPITAL MANAGEMENT LLC,548
30-JUN-2021,EXANE DERIVATIVES,2112394
30-JUN-2021,"EXCHANGE TRADED CONCEPTS, LLC",1544
30-JUN-2021,Dynamic Advisor Solutions LLC,1127
30-JUN-2021,Durable Capital Partners LP,849576
30-JUN-2021,Dubuque Bank & Trust Co,3
30-JUN-2021,Darsana Capital Partners LP,219147
30-JUN-2021,DUNCKER STREETT & CO INC,6
30-JUN-2021,"Golden Green, Inc.",1565
30-JUN-2021,DOWLING & YAHNKE LLC,631
30-JUN-2021,DORCHESTER WEALTH MANAGEMENT Co,546
30-JUN-2021,"DZ BANK AG Deutsche Zentral Genossenschafts Bank, Frankfurt am Main",110
30-JUN-2021,Dakota Wealth Management,1397
30-JUN-2021,"Delos Wealth Advisors, LLC",35
30-JUN-2021,"Douglass Winthrop Advisors, LLC",478
30-JUN-2021,Delta Financial Advisors LLC,323
30-JUN-2021,"Detalus Advisors, LLC",202
30-JUN-2021,"Diligent Investors, LLC",250
30-JUN-2021,Discovery Value Fund,768242
30-JUN-2021,Diversified Trust Co,549
30-JUN-2021,"Douglas Lane & Associates, LLC",403
30-JUN-2021,"EXENCIAL WEALTH ADVISORS, LLC",893
30-JUN-2021,Egerton Capital (UK) LLP,281277
30-JUN-2021,FIRST TRUST ADVISORS LP,293735
30-JUN-2021,"Elite Wealth Management, Inc.",362
30-JUN-2021,FARMERS TRUST CO,1023
30-JUN-2021,FARR MILLER & WASHINGTON LLC/DC,730
30-JUN-2021,"FDx Advisors, Inc.",2348
30-JUN-2021,"FERGUSON WELLMAN CAPITAL MANAGEMENT, INC",1122
30-JUN-2021,FFT WEALTH MANAGEMENT LLC,63
30-JUN-2021,FIDUCIARY TRUST CO,171
30-JUN-2021,FIDUCIENT ADVISORS LLC,373
30-JUN-2021,FIERA CAPITAL CORP,2387
30-JUN-2021,FINANCIAL COUNSELORS INC,4101
30-JUN-2021,FIRST CITIZENS BANK & TRUST CO,671
30-JUN-2021,FIRST FOUNDATION ADVISORS,283
30-JUN-2021,FIRST HAWAIIAN BANK,158
30-JUN-2021,FIRST MANHATTAN CO,87
30-JUN-2021,FIRST NATIONAL CORP /MA/ /ADV,229
30-JUN-2021,"FIRST REPUBLIC INVESTMENT MANAGEMENT, INC.",63341
30-JUN-2021,FARMERS & MERCHANTS TRUST Co OF LONG BEACH,260
30-JUN-2021,FARMERS & MERCHANTS INVESTMENTS INC,51
30-JUN-2021,"Executive Wealth Management, LLC",312
30-JUN-2021,"Ensign Peak Advisors, Inc",273683
30-JUN-2021,"Ellevest, Inc.",91
30-JUN-2021,"Ellis Investment Partners, LLC",7
30-JUN-2021,"Elmwood Wealth Management, Inc.",73
30-JUN-2021,"Empirical Financial Services, LLC d.b.a. Empirical Wealth Management",1065
30-JUN-2021,Engineers Gate Manager LP,1106
30-JUN-2021,"Enlightenment Research, LLC",1096
30-JUN-2021,"Eqis Capital Management, Inc.",6412
30-JUN-2021,"Evolution Wealth Advisors, LLC",396
30-JUN-2021,Erste Asset Management GmbH,15584683
30-JUN-2021,Ethic Inc.,1518
30-JUN-2021,"Eudaimonia Partners, LLC",695
30-JUN-2021,"Evercore Wealth Management, LLC",313
30-JUN-2021,"Everhart Financial Group, Inc.",990
30-JUN-2021,"Evoke Wealth, LLC",213
30-JUN-2021,GoalVest Advisory LLC,85
30-JUN-2021,Kemnay Advisory Services Inc.,1036
30-JUN-2021,"Gotham Asset Management, LLC",1401
30-JUN-2021,KINGS POINT CAPITAL MANAGEMENT,2853
30-JUN-2021,JJJ Advisors Inc.,31
30-JUN-2021,JNBA Financial Advisors,37
30-JUN-2021,JOHNSON INVESTMENT COUNSEL INC,555
30-JUN-2021,JS Capital Management LLC,16071
30-JUN-2021,JT Stratford LLC,1622
30-JUN-2021,JUPITER ASSET MANAGEMENT LTD,1301
30-JUN-2021,"Jackson Square Partners, LLC",385
30-JUN-2021,Jacobi Capital Management LLC,114
30-JUN-2021,"Jaffetilchin Investment Partners, LLC",6382
30-JUN-2021,Janney Montgomery Scott LLC,12646
30-JUN-2021,"Jarislowsky, Fraser Ltd",869817
30-JUN-2021,"Joseph P. Lucia & Associates, LLC",7
30-JUN-2021,JustInvest LLC,2142
30-JUN-2021,K.J. Harrison & Partners Inc,2635
30-JUN-2021,"KB FINANCIAL PARTNERS, LLC",279
30-JUN-2021,"JGP Wealth Management, LLC",566
30-JUN-2021,"JFS WEALTH ADVISORS, LLC",115
30-JUN-2021,"JFG Wealth Management, LLC",891
30-JUN-2021,Intersect Capital LLC,1557
30-JUN-2021,"Insight Advisors, LLC/ PA",391
30-JUN-2021,"Institute for Wealth Management, LLC.",988
30-JUN-2021,Integrated Advisors Network LLC,1509
30-JUN-2021,Integrated Wealth Concepts LLC,2098
30-JUN-2021,"InterOcean Capital Group, LLC",402
30-JUN-2021,"Interchange Capital Partners, LLC",552
30-JUN-2021,Invesco Ltd.,468
30-JUN-2021,"JEPPSON WEALTH MANAGEMENT, LLC",1132
30-JUN-2021,Investment Management Corp of Ontario,57270
30-JUN-2021,"Invst, LLC",264
30-JUN-2021,"IronBridge Private Wealth, LLC",73
30-JUN-2021,J. Goldman & Co LP,513
30-JUN-2021,"JAG CAPITAL MANAGEMENT, LLC",18955
30-JUN-2021,JCIC Asset Management Inc.,6463
30-JUN-2021,"KG&L Capital Management,LLC",1115
30-JUN-2021,Karp Capital Management Corp,818
30-JUN-2021,"Independent Solutions Wealth Management, LLC",4264966
30-JUN-2021,"Kathmere Capital Management, LLC",224
30-JUN-2021,"LEVEL FOUR FINANCIAL, LLC",1262
30-JUN-2021,LINCOLN NATIONAL CORP,4800
30-JUN-2021,LOGAN CAPITAL MANAGEMENT INC,1413
30-JUN-2021,LONE PINE CAPITAL LLC,4770246
30-JUN-2021,"LORD, ABBETT & CO. LLC",178883
30-JUN-2021,LORING WOLCOTT & COOLIDGE FIDUCIARY ADVISORS LLP/MA,1131
30-JUN-2021,LPL Financial LLC,89654
30-JUN-2021,"LYELL WEALTH MANAGEMENT, LP",20467
30-JUN-2021,Laidlaw Wealth Management LLC,866
30-JUN-2021,Lake Point Wealth Management,18
30-JUN-2021,"Landmark Financial Advisors, LLC",314
30-JUN-2021,"Landsberg, Bennett, & Dubbaneh LLC",678
30-JUN-2021,DOCK STREET ASSET MANAGEMENT INC,10147
30-JUN-2021,Laurel Wealth Advisors LLC,15
30-JUN-2021,Larson Financial Group LLC,177
30-JUN-2021,"LEVEL FOUR ADVISORY SERVICES, LLC",3585
30-JUN-2021,LAZARD ASSET MANAGEMENT LLC,6895
30-JUN-2021,"LANDSCAPE CAPITAL MANAGEMENT, L.L.C.",920
30-JUN-2021,"Kistler-Tiffany Companies, LLC",99
30-JUN-2021,"Keebeck Alpha, LP",335
30-JUN-2021,"Kercheville Advisors, LLC",2013
30-JUN-2021,"Kesler, Norman & Wride, LLC",490
30-JUN-2021,"Kestra Advisory Services, LLC",15688673
30-JUN-2021,Key Financial Inc,41
30-JUN-2021,"Kingsview Wealth Management, LLC",5075
30-JUN-2021,Kore Private Wealth LLC,430
30-JUN-2021,LAKE STREET FINANCIAL LLC,850
30-JUN-2021,Korea Investment CORP,239234
30-JUN-2021,"Koshinski Asset Management, Inc.",584
30-JUN-2021,"Kovack Advisors, Inc.",11979
30-JUN-2021,L & S Advisors Inc,7226
30-JUN-2021,LA FINANCIERE DE L'ECHIQUIER,31996
30-JUN-2021,"LAKE STREET ADVISORS GROUP, LLC",931
30-JUN-2021,"Indie Asset Partners, LLC",688
30-JUN-2021,Independent Advisor Alliance,5549
30-JUN-2021,Gradient Investments LLC,248
30-JUN-2021,"Harbour Capital Advisors, LLC",1096
30-JUN-2021,HBW Advisory Services LLC,931
30-JUN-2021,"HEADINVEST, LLC",201
30-JUN-2021,HEALTHCARE OF ONTARIO PENSION PLAN TRUST FUND,71444
30-JUN-2021,HERITAGE INVESTORS MANAGEMENT CORP,657
30-JUN-2021,"HHM Wealth Advisors, LLC",301
30-JUN-2021,HM PAYSON & CO,35
30-JUN-2021,"HOEY INVESTMENTS, INC",18
30-JUN-2021,HOLDERNESS INVESTMENTS CO,209
30-JUN-2021,HOLLENCREST CAPITAL MANAGEMENT,228
30-JUN-2021,HOWE & RUSLING INC,22
30-JUN-2021,HOWLAND CAPITAL MANAGEMENT LLC,259
30-JUN-2021,"HOYLECOHEN, LLC",266
30-JUN-2021,HSBC HOLDINGS PLC,129933
30-JUN-2021,HUNTINGTON NATIONAL BANK,805
30-JUN-2021,HWG Holdings LP,130
30-JUN-2021,HBK Sorce Advisory LLC,1854
30-JUN-2021,HBK INVESTMENTS L P,11103
30-JUN-2021,"HBC Financial Services, PLLC",29
30-JUN-2021,Greytown Advisors Inc.,655
30-JUN-2021,Grandview Asset Management LLC,1946
30-JUN-2021,"Granite Investment Partners, LLC",264
30-JUN-2021,"Grantham, Mayo, Van Otterloo & Co. LLC",439
30-JUN-2021,Grassi Investment Management,581
30-JUN-2021,Gratus Capital LLC,12984
30-JUN-2021,Gray Wealth Management Inc.,219
30-JUN-2021,"Gs Investments, Inc.",131
30-JUN-2021,"HARBOUR INVESTMENTS, INC.",2852
30-JUN-2021,Gulf International Bank (UK) Ltd,1723
30-JUN-2021,HALLMARK CAPITAL MANAGEMENT INC,314
30-JUN-2021,HANCOCK WHITNEY CORP,206
30-JUN-2021,"HANTZ FINANCIAL SERVICES, INC.",1674
30-JUN-2021,"HAP Trading, LLC",6637
30-JUN-2021,"HARBOR INVESTMENT ADVISORY, LLC",2002
30-JUN-2021,"Hanlon Investment Management, Inc.",278
30-JUN-2021,"Harrington Investments, INC",454
30-JUN-2021,Independence Bank of Kentucky,39
30-JUN-2021,Hartford Financial Management Inc.,15
30-JUN-2021,Horst & Graben Wealth Management LLC,262
30-JUN-2021,"Hudock, Inc.",49
30-JUN-2021,"IEQ CAPITAL, LLC",2776
30-JUN-2021,"IFG Advisory, LLC",810
30-JUN-2021,"IFP Advisors, Inc",564
30-JUN-2021,"IHT Wealth Management, LLC",678
30-JUN-2021,"IMC-Chicago, LLC",1361043
30-JUN-2021,"INSTITUTIONAL & FAMILY ASSET MANAGEMENT, LLC",13
30-JUN-2021,INTACT INVESTMENT MANAGEMENT INC.,60738
30-JUN-2021,"INTERNATIONAL ASSETS INVESTMENT MANAGEMENT, LLC",909
30-JUN-2021,INVERNESS COUNSEL LLC /NY/,386
30-JUN-2021,INVESTMENT HOUSE LLC,327
30-JUN-2021,IPG Investment Advisors LLC,211842
30-JUN-2021,"Icon Wealth Partners, LLC",779
30-JUN-2021,Ilmarinen Mutual Pension Insurance Co,58536
30-JUN-2021,"Horrell Capital Management, Inc.",37
30-JUN-2021,"Horan Securities, Inc.",1
30-JUN-2021,"Hoover Financial Advisors, Inc.",18
30-JUN-2021,HighPoint Advisor Group LLC,2843
30-JUN-2021,"Harvest Fund Management Co., Ltd",65
30-JUN-2021,"Hayden Royal, LLC",430
30-JUN-2021,Henry James International Management Inc.,19026
30-JUN-2021,Heritage Wealth Advisors,113
30-JUN-2021,Hexavest Inc.,12
30-JUN-2021,HighMark Wealth Management LLC,40
30-JUN-2021,"HighTower Advisors, LLC",38906
30-JUN-2021,Homrich & Berg,282
30-JUN-2021,"Highlander Capital Management, LLC",73
30-JUN-2021,Hillsdale Investment Management Inc.,32597
30-JUN-2021,Himension Fund,159273
30-JUN-2021,"Hoffman, Alan N Investment Management",430
30-JUN-2021,Holistic Financial Partners,476
30-JUN-2021,"Holocene Advisors, LP",40215
30-JUN-2021,"DONALDSON CAPITAL MANAGEMENT, LLC",512
30-JUN-2021,"American Money Management, LLC",618
30-JUN-2021,"DIVIDEND ASSETS CAPITAL, LLC",92
30-JUN-2021,AMF Pensionsforsakring AB,115097
30-JUN-2021,"Abbot Financial Management, Inc.",425
30-JUN-2021,AXIOM INVESTORS LLC /DE,30630
30-JUN-2021,"AVANTAX ADVISORY SERVICES, INC.",4978
30-JUN-2021,ATRIA INVESTMENTS LLC,4129
30-JUN-2021,ATMOS CAPITAL GESTAO DE RECURSOS LTDA.,53910
30-JUN-2021,ATLAS CAPITAL ADVISORS LLC,423684
30-JUN-2021,"ATALANTA SOSNOFF CAPITAL, LLC",728
30-JUN-2021,ASHFORD CAPITAL MANAGEMENT INC,2221
30-JUN-2021,"ASAHI LIFE ASSET MANAGEMENT CO., LTD.",70
30-JUN-2021,"ARTHUR M. COHEN & ASSOCIATES, LLC",2015
30-JUN-2021,ARK Investment Management LLC,1781399
30-JUN-2021,"ARGI Investment Services, LLC",308
30-JUN-2021,ARCADIA INVESTMENT MANAGEMENT CORP/MI,1302
30-JUN-2021,"APPLIED RESEARCH INVESTMENTS, LLC",30781
30-JUN-2021,APPLETON PARTNERS INC/MA,2716
30-JUN-2021,"Abbrea Capital, LLC",931
30-JUN-2021,"Abdiel Capital Advisors, LP",339625
30-JUN-2021,Absoluto Partners Gestao de Recursos Ltda,2170
30-JUN-2021,"Advisor OS, LLC",847
30-JUN-2021,"Advocacy Wealth Management Services, LLC",3
30-JUN-2021,"Advisory Services Network, LLC",11402
30-JUN-2021,Advisory Resource Group,384
30-JUN-2021,"Advisors Asset Management, Inc.",29965
30-JUN-2021,"AdvisorNet Financial, Inc",4428
30-JUN-2021,Advisor Resource Council,556
30-JUN-2021,Addenda Capital Inc.,109191
30-JUN-2021,Abundance Wealth Counselors,0
30-JUN-2021,Activest Wealth Management,88
30-JUN-2021,"Acropolis Investment Management, LLC",240
30-JUN-2021,Accuvest Global Advisors,2428
30-JUN-2021,"Accurate Wealth Management, LLC",451
30-JUN-2021,Accredited Investors Inc.,238
30-JUN-2021,Accel Wealth Management,191
30-JUN-2021,AMUSSEN HUNSAKER ASSOCIATES LLC,213
30-JUN-2021,AMERICAN NATIONAL INSURANCE CO,6326
30-JUN-2021,Ahrens Investment Partners LLC,283
30-JUN-2021,ALKEON CAPITAL MANAGEMENT LLC,1000890
30-JUN-2021,BRITISH COLUMBIA INVESTMENT MANAGEMENT Corp,562778
30-JUN-2021,BROWN BROTHERS HARRIMAN & CO,579
30-JUN-2021,BROWN CAPITAL MANAGEMENT LLC,16220
30-JUN-2021,BSW Wealth Partners,368
30-JUN-2021,"BUCKINGHAM STRATEGIC WEALTH, LLC",688
30-JUN-2021,BURNEY CO/,491
30-JUN-2021,BURNS J W & CO INC/NY,668
30-JUN-2021,BW Gestao de Investimentos Ltda.,1168784
30-JUN-2021,"Baldwin Investment Management, LLC",1971
30-JUN-2021,Balyasny Asset Management LLC,14268
30-JUN-2021,"Bank Julius Baer & Co. Ltd, Zurich",647
30-JUN-2021,Bank of New Hampshire,212
30-JUN-2021,Banque Cantonale Vaudoise,739
30-JUN-2021,"Bard Financial Services, Inc.",380
30-JUN-2021,"Barrett Asset Management, LLC",45
30-JUN-2021,BRIGHTON JONES LLC,3562
30-JUN-2021,BREWIN DOLPHIN LTD,10227
30-JUN-2021,1832 Asset Management L.P.,454440
30-JUN-2021,AE Wealth Management LLC,23883
30-JUN-2021,ALGERT GLOBAL LLC,363
30-JUN-2021,"AJ WEALTH STRATEGIES, LLC",377
30-JUN-2021,"AIGEN INVESTMENT MANAGEMENT, LP",4745
30-JUN-2021,AGF INVESTMENTS INC.,65313
30-JUN-2021,"AFT, FORSYTH & COMPANY, INC.",1550
30-JUN-2021,AEGON ASSET MANAGEMENT UK PLC,52337
30-JUN-2021,ADVISOR PARTNERS LLC,1531
30-JUN-2021,4J Wealth Management LLC,371
30-JUN-2021,ADVENT CAPITAL MANAGEMENT /DE/,4374
30-JUN-2021,"ADIRONDACK RETIREMENT SPECIALISTS, INC.",11505
30-JUN-2021,"ADE, LLC",12
30-JUN-2021,ACORN FINANCIAL ADVISORY SERVICES INC /ADV,1020
30-JUN-2021,ACG Wealth,725
30-JUN-2021,"9258 Wealth Management, LLC",747
30-JUN-2021,Aequim Alternative Investments LP,17313
30-JUN-2021,Alberta Investment Management Corp,295743
30-JUN-2021,Baskin Financial Services Inc.,497
30-JUN-2021,"Aurora Private Wealth, Inc.",520
30-JUN-2021,BANQUE PICTET & CIE SA,329
30-JUN-2021,BANK OF NOVA SCOTIA,1317292
30-JUN-2021,BALDWIN BROTHERS INC/MA,19
30-JUN-2021,BAILLIE GIFFORD & CO,1666698
30-JUN-2021,"B. Riley Wealth Management, Inc.",3918
30-JUN-2021,B & T Capital Management DBA Alpha Capital Management,4982
30-JUN-2021,"Axel Capital Management, LLC",5844
30-JUN-2021,Avondale Wealth Management,139
30-JUN-2021,Avitas Wealth Management LLC,6386
30-JUN-2021,Avion Wealth,12
30-JUN-2021,"Avidian Wealth Solutions, LLC",292
30-JUN-2021,"Aviance Capital Partners, LLC",5186
30-JUN-2021,"Avestar Capital, LLC",8189
30-JUN-2021,AustralianSuper Pty Ltd,200220
30-JUN-2021,"Austin Private Wealth, LLC",243
30-JUN-2021,BARCLAYS PLC,141074
30-JUN-2021,BAROMETER CAPITAL MANAGEMENT INC.,4820421
30-JUN-2021,BARR E S & CO,270
30-JUN-2021,BIT Capital GmbH,1314882
30-JUN-2021,BOURGEON CAPITAL MANAGEMENT LLC,311
30-JUN-2021,"Legacy Advisors, LLC",278
30-JUN-2021,BOSTON PRIVATE WEALTH LLC,904
30-JUN-2021,BLUESTEIN R H & CO,2967
30-JUN-2021,"BLB&B Advisors, LLC",891
30-JUN-2021,BLAIR WILLIAM & CO/IL,40208
30-JUN-2021,BIRINYI ASSOCIATES INC,3397
30-JUN-2021,BBVA USA,75
30-JUN-2021,BERKSHIRE CAPITAL HOLDINGS INC,51982
30-JUN-2021,BENEDICT FINANCIAL ADVISORS INC,545
30-JUN-2021,BEL AIR INVESTMENT ADVISORS LLC,638
30-JUN-2021,"BEESE FULMER INVESTMENT MANAGEMENT, INC.",209
30-JUN-2021,"BEACON INVESTMENT ADVISORY SERVICES, INC.",1141
30-JUN-2021,"BDO Wealth Advisors, LLC",79
30-JUN-2021,"Ausdal Financial Partners, Inc.",1921
30-JUN-2021,Aubrey Capital Management Ltd,8037515
30-JUN-2021,"Alcosta Capital Management, Inc.",4493
30-JUN-2021,AtonRa Partners,4594
30-JUN-2021,"Annapolis Financial Services, LLC",13
30-JUN-2021,"Angeles Investment Advisors, LLC",969
30-JUN-2021,Andra AP-fonden,725
30-JUN-2021,"Ancora Advisors, LLC",3792
30-JUN-2021,"Anchor Investment Management, LLC",341869
30-JUN-2021,"Ameritas Investment Company, LLC",1636
30-JUN-2021,American Portfolios Advisors,4143339
30-JUN-2021,"Altimeter Capital Management, LP",584392
30-JUN-2021,Alta Wealth Advisors LLC,2570
30-JUN-2021,"AlphaMark Advisors, LLC",26
30-JUN-2021,AlphaCrest Capital Management LLC,2048
30-JUN-2021,"Alpha Cubed Investments, LLC",894
30-JUN-2021,"Almanack Investment Partners, LLC.",456
30-JUN-2021,Allworth Financial LP,1123
30-JUN-2021,"Allen Capital Group, LLC",206
30-JUN-2021,"Apollon Wealth Management, LLC",13891
30-JUN-2021,"Aptus Capital Advisors, LLC",747
30-JUN-2021,Archer Investment Corp,147559
30-JUN-2021,"Ascendant Capital Management, LLC",1461
30-JUN-2021,Atlas Private Wealth Advisors,37
30-JUN-2021,Atika Capital Management LLC,2228
30-JUN-2021,"Athanor Capital, LP",22219
30-JUN-2021,"Asset Dedication, LLC",172
30-JUN-2021,Assenagon Asset Management S.A.,81930
30-JUN-2021,"Ascent Wealth Partners, LLC",3729
30-JUN-2021,Artisan Partners Limited Partnership,563443
30-JUN-2021,"Arete Wealth Advisors, LLC",276
30-JUN-2021,"Arthedge Capital Management, LLC",20162
30-JUN-2021,"Artemis Wealth Advisors, LLC",2924882
30-JUN-2021,Artemis Investment Management LLP,1923
30-JUN-2021,Arlington Partners LLC,124
30-JUN-2021,Arkadios Wealth Advisors,416
30-JUN-2021,Argent Trust Co,295
30-JUN-2021,Barton Investment Management,335755
30-JUN-2021,"Bay Colony Advisory Group, Inc d/b/a Bay Colony Advisors",362
30-JUN-2021,"DFPG INVESTMENTS, LLC",3135
30-JUN-2021,Clearview Wealth Advisors LLC,18
30-JUN-2021,Cetera Advisor Networks LLC,5948
30-JUN-2021,Cetera Advisors LLC,4652
30-JUN-2021,Cetera Investment Advisers,6298
30-JUN-2021,"Change Path, LLC",555
30-JUN-2021,"Chapman Investment Management, LLC",416
30-JUN-2021,"Checchi Capital Advisers, LLC",723
30-JUN-2021,"Cherry Creek Investment Advisors, Inc.",1379
30-JUN-2021,Chesley Taft & Associates LLC,2675
30-JUN-2021,Cheyne Capital Management (UK) LLP,1874
30-JUN-2021,"Chicago Capital, LLC",21961
30-JUN-2021,Chicago Partners Investment Group LLC,4800
30-JUN-2021,"Circle Wealth Management, LLC",729
30-JUN-2021,"Claraphi Advisory Network, LLC",1197
30-JUN-2021,"Clarius Group, LLC",473
30-JUN-2021,"Clearbridge Investments, LLC",152030
30-JUN-2021,Cerity Partners LLC,2099
30-JUN-2021,"Centiva Capital, LP",15339
30-JUN-2021,"CenterStar Asset Management, LLC",5286
30-JUN-2021,"Capstone Triton Financial Group, LLC",9886
30-JUN-2021,Candriam Luxembourg S.C.A.,4890
30-JUN-2021,"Capital Advisory Group Advisory Services, LLC",99
30-JUN-2021,Capital Asset Advisory Services LLC,2282
30-JUN-2021,"Capital Investment Advisors, LLC",456
30-JUN-2021,"Capital Investment Advisory Services, LLC",1102
30-JUN-2021,"Capstone Financial Advisors, Inc.",311
30-JUN-2021,"Cardan Capital Partners, LLC",884
30-JUN-2021,"Center Lake Capital Management, LLC",5844
30-JUN-2021,"Carmichael Hill & Associates, Inc.",477
30-JUN-2021,"Carnegie Capital Asset Management, LLC",20046
30-JUN-2021,"Carroll Financial Associates, Inc.",203
30-JUN-2021,"Cascadia Advisory Services, LLC",223
30-JUN-2021,Castle Hook Partners LP,67968
30-JUN-2021,"Cavalier Investments, LLC",1776
30-JUN-2021,"Clearstead Advisors, LLC",1093
30-JUN-2021,"Coastal Investment Advisors, Inc.",1765
30-JUN-2021,"Canal Capital Management, LLC",3644
30-JUN-2021,"Codex Capital, L.L.C.",3360300
30-JUN-2021,"Cresset Asset Management, LLC",4772
30-JUN-2021,Crestwood Advisors Group LLC,9939
30-JUN-2021,"Crestwood Capital Management, L.P.",20807
30-JUN-2021,"Cribstone Capital Management, LLC",221
30-JUN-2021,"Crossmark Global Holdings, Inc.",9493
30-JUN-2021,Csenge Advisory Group,361
30-JUN-2021,"Cunning Capital Partners, LP",3379
30-JUN-2021,"Cypress Wealth Services, LLC",1961
30-JUN-2021,"D'Orazio & Associates, Inc.",4
30-JUN-2021,D.A. DAVIDSON & CO.,7562
30-JUN-2021,D1 Capital Partners L.P.,207357
30-JUN-2021,DAVENPORT & Co LLC,724
30-JUN-2021,DAVIS-REA LTD.,408
30-JUN-2021,"DCM Advisors, LLC",735
30-JUN-2021,DELTA ASSET MANAGEMENT LLC/TN,37
30-JUN-2021,"Crescent Capital Consulting, LLC",1
30-JUN-2021,Creative Planning,31085
30-JUN-2021,"Crawford Lake Capital Management, LLC",1502
30-JUN-2021,"Conservest Capital Advisors, Inc.",527
30-JUN-2021,"Colonial River Wealth Management, LLC",348
30-JUN-2021,"Column Capital Advisors, LLC",339
30-JUN-2021,Concord Wealth Partners,38
30-JUN-2021,"Concorde Asset Management, LLC",1886
30-JUN-2021,Congress Park Capital LLC,316
30-JUN-2021,"Connor, Clark & Lunn Investment Management Ltd.",882539
30-JUN-2021,Constellation Investimentos e Participacoes Ltda,1972
30-JUN-2021,Covington Capital Management,370
30-JUN-2021,Cordasco Financial Network,48
30-JUN-2021,"Cornerstone Wealth Group, LLC",792
30-JUN-2021,"Cornerstone Wealth Management, LLC",716
30-JUN-2021,"Corundum Group, Inc.",221
30-JUN-2021,"Covenant Asset Management, LLC",17451
30-JUN-2021,"Covenant Partners, LLC",1322
30-JUN-2021,Candlestick Capital Management LP,65744
30-JUN-2021,"Camden Capital, LLC",3725
30-JUN-2021,Bay Rivers Group,1313
30-JUN-2021,CAPITAL MANAGEMENT ASSOCIATES /NY/,1242
30-JUN-2021,"Brinker Capital Investments, LLC",1768
30-JUN-2021,"Bristlecone Advisors, LLC",1893
30-JUN-2021,Brookstone Capital Management,790
30-JUN-2021,"Buckley Wealth Management, LLC",730
30-JUN-2021,"Budros, Ruhlin & Roe, Inc.",1017
30-JUN-2021,"Budros, Ruhlin & Roe, LLC",1017
30-JUN-2021,Builders Union LLP,14610
30-JUN-2021,"Burleson & Company, LLC",13
30-JUN-2021,"Burns Matteson Capital Management, LLC",344791
30-JUN-2021,CAAS CAPITAL MANAGEMENT LP,6545
30-JUN-2021,CAISSE DE DEPOT ET PLACEMENT DU QUEBEC,659971
30-JUN-2021,CALAMOS ADVISORS LLC,35668
30-JUN-2021,CALAMOS WEALTH MANAGEMENT LLC,3119
30-JUN-2021,CANADA PENSION PLAN INVESTMENT BOARD,658202
30-JUN-2021,CAPITAL ADVISORS INC/OK,561
30-JUN-2021,"Bridgewater Associates, LP",2732
30-JUN-2021,"Bouvel Investment Partners, LLC",3969
30-JUN-2021,"Bogart Wealth, LLC",2111
30-JUN-2021,"BerganKDV Wealth Management, LLC",44
30-JUN-2021,"Bayesian Capital Management, LP",744
30-JUN-2021,Baystate Wealth Management LLC,35
30-JUN-2021,"Beacon Pointe Advisors, LLC",741
30-JUN-2021,"Beck Bode, LLC",45
30-JUN-2021,"Bedel Financial Consulting, Inc.",244
30-JUN-2021,Belpointe Asset Management LLC,652
30-JUN-2021,"Berman Capital Advisors, LLC",447
30-JUN-2021,"Blueshift Asset Management, LLC",9542
30-JUN-2021,"Better Money Decisions, LLC",77
30-JUN-2021,"Bienville Capital Management, LLC",998
30-JUN-2021,"Black Swift Group, LLC",1587
30-JUN-2021,BlackRock Inc.,736369
30-JUN-2021,"Blue Chip Partners, Inc.",146
30-JUN-2021,"Blue Square Asset Management, LLC",847
30-JUN-2021,CAPITAL FUND MANAGEMENT S.A.,30981541
30-JUN-2021,"CAPROCK Group, Inc.",2821
30-JUN-2021,"Cambridge Investment Research Advisors, Inc.",28839
30-JUN-2021,CAPTRUST FINANCIAL ADVISORS,2935
30-JUN-2021,"COMERICA SECURITIES,INC.",1033
30-JUN-2021,"COMMONWEALTH EQUITY SERVICES, LLC",48551
30-JUN-2021,COMMONWEALTH OF PENNSYLVANIA PUBLIC SCHOOL EMPLS RETRMT SYS,13191
30-JUN-2021,"CONCOURSE FINANCIAL GROUP SECURITIES, INC.",2022
30-JUN-2021,CONFLUENCE INVESTMENT MANAGEMENT LLC,1695
30-JUN-2021,CONNABLE OFFICE INC,1474
30-JUN-2021,"CORRADO ADVISORS, LLC",7593
30-JUN-2021,CREATIVE FINANCIAL DESIGNS INC /ADV,1289
30-JUN-2021,CTC LLC,2757396
30-JUN-2021,CULLINAN ASSOCIATES INC,438
30-JUN-2021,"CVA Family Office, LLC",120
30-JUN-2021,"CWM, LLC",3150
30-JUN-2021,CX Institutional,240
30-JUN-2021,CYPRESS ASSET MANAGEMENT INC/TX,305
30-JUN-2021,"Calton & Associates, Inc.",1113
30-JUN-2021,COMERICA BANK,15261
30-JUN-2021,COLLECTIVE FAMILY OFFICE LLC,532
30-JUN-2021,COLDSTREAM CAPITAL MANAGEMENT INC,646
30-JUN-2021,CHILTON CAPITAL MANAGEMENT LLC,489
30-JUN-2021,"CARRET ASSET MANAGEMENT, LLC",316
30-JUN-2021,"CENTAURUS FINANCIAL, INC.",330
30-JUN-2021,CENTRAL BANK & TRUST CO,85
30-JUN-2021,CENTRAL TRUST Co,8081
30-JUN-2021,CFM WEALTH PARTNERS LLC,2646
30-JUN-2021,"CHATHAM CAPITAL GROUP, INC.",251
30-JUN-2021,CI INVESTMENTS INC.,26559
30-JUN-2021,"COHEN & STEERS, INC.",34
30-JUN-2021,CIBC Asset Management Inc,508029
30-JUN-2021,CIBC World Markets Inc.,986929
30-JUN-2021,CIDEL ASSET MANAGEMENT INC,104961
30-JUN-2021,CKW FINANCIAL GROUP,176
30-JUN-2021,CNB Bank,294
30-JUN-2021,COBBLESTONE CAPITAL ADVISORS LLC /NY/,25012
30-JUN-2021,"Laurel Wealth Advisors, Inc.",929
30-JUN-2021,"Nicholas Investment Partners, LP",13861
30-JUN-2021,"Legacy Wealth Asset Management, LLC",880
30-JUN-2021,Successful Portfolios LLC,225
30-JUN-2021,"Strid Group, LLC",214
30-JUN-2021,"Stratos Wealth Partners, LTD.",3420
30-JUN-2021,Strategy Capital LLC,261484
30-JUN-2021,"Strategic Blueprint, LLC",1651
30-JUN-2021,Strategic Advisors LLC,423
30-JUN-2021,Stony Point Capital LLC,10401
30-JUN-2021,Stonebridge Capital Advisors LLC,55
30-JUN-2021,"Steward Partners Investment Advisory, LLC",4108
30-JUN-2021,"Sterling Investment Advisors, Ltd.",2986
30-JUN-2021,Steel Peak Wealth Management LLC,10889
30-JUN-2021,"Steamboat Capital Partners, LLC",3962
30-JUN-2021,Steadview Capital Management LLC,155672
30-JUN-2021,State of Wyoming,1174
30-JUN-2021,"State of Tennessee, Treasury Department",169027
30-JUN-2021,"Stanley-Laman Group, Ltd.",10035
30-JUN-2021,Standard Family Office LLC,1554
30-JUN-2021,"Spouting Rock Asset Management, LLC",415
30-JUN-2021,Spire Wealth Management,10037
30-JUN-2021,Spence Asset Management,16125
30-JUN-2021,"Spearhead Capital Advisors, LLC",224
30-JUN-2021,Spark Investment Management LLC,4529
30-JUN-2021,"Sowa Financial Group, Inc.",3201
30-JUN-2021,Southland Equity Partners LLC,325799
30-JUN-2021,Southern Farm Bureau Life Insurance,292
30-JUN-2021,"Sound View Wealth Advisors Group, LLC",1251
30-JUN-2021,"StrongBox Wealth, LLC",364
30-JUN-2021,"Summit Financial Strategies, Inc.",301
30-JUN-2021,Souders Financial Advisors,1007
30-JUN-2021,"Summit Trail Advisors, LLC",1046
30-JUN-2021,"TWO SIGMA SECURITIES, LLC",21603
30-JUN-2021,"TWO SIGMA INVESTMENTS, LP",122868
30-JUN-2021,TWINBEECH CAPITAL LP,1264
30-JUN-2021,"TSFG, LLC",503
30-JUN-2021,"TRUSTCORE FINANCIAL SERVICES, LLC",58
30-JUN-2021,TRUST CO OF VERMONT,146
30-JUN-2021,"TRU INDEPENDENCE ASSET MANAGEMENT 2, LLC",330
30-JUN-2021,TOWER BRIDGE ADVISORS,379855
30-JUN-2021,TOTH FINANCIAL ADVISORY CORP,202
30-JUN-2021,TORONTO DOMINION BANK,480527
30-JUN-2021,TOCQUEVILLE ASSET MANAGEMENT L.P.,32964
30-JUN-2021,TOBAM,4629
30-JUN-2021,TITAN GLOBAL CAPITAL MANAGEMENT USA LLC,26101
30-JUN-2021,TIGER GLOBAL MANAGEMENT LLC,1274413
30-JUN-2021,THORNBURG INVESTMENT MANAGEMENT INC,102946
30-JUN-2021,TFC Financial Management,199
30-JUN-2021,TEACHERS RETIREMENT SYSTEM OF THE STATE OF KENTUCKY,66021
30-JUN-2021,TD ASSET MANAGEMENT INC,837496
30-JUN-2021,"TCI Wealth Advisors, Inc.",869
30-JUN-2021,"TCG Advisory Services, LLC",307
30-JUN-2021,"Symphony Financial, Ltd. Co.",384
30-JUN-2021,Symmetry Investments LP,2045
30-JUN-2021,Swiss National Bank,705838
30-JUN-2021,"Sunbelt Securities, Inc.",1248
30-JUN-2021,"Summit X, LLC",1222
30-JUN-2021,"Sound Income Strategies, LLC",3
30-JUN-2021,Soltis Investment Advisors LLC,669
30-JUN-2021,Tairen Capital Ltd,5717
30-JUN-2021,STOCK YARDS BANK & TRUST CO,364
30-JUN-2021,SSI INVESTMENT MANAGEMENT LLC,8382
30-JUN-2021,"SRS Capital Advisors, Inc.",520
30-JUN-2021,SQN Investors LP,143924
30-JUN-2021,SOROS CAPITAL MANAGEMENT LLC,6716
30-JUN-2021,"SONORA INVESTMENT MANAGEMENT, LLC",102
30-JUN-2021,"SIMPLEX TRADING, LLC",384011
30-JUN-2021,"SIMON QUICK ADVISORS, LLC",276
30-JUN-2021,SILVERCREST ASSET MANAGEMENT GROUP LLC,371
30-JUN-2021,"SIGNATUREFD, LLC",2247
30-JUN-2021,SIGNATURE ESTATE & INVESTMENT ADVISORS LLC,4
30-JUN-2021,SIGMA INVESTMENT COUNSELORS INC,262
30-JUN-2021,SHENKMAN CAPITAL MANAGEMENT INC,9751
30-JUN-2021,SHELL ASSET MANAGEMENT CO,9554
30-JUN-2021,"SG Americas Securities, LLC",11630
30-JUN-2021,"SFMG, LLC",595
30-JUN-2021,SEI INVESTMENTS CO,172864
30-JUN-2021,"SEGALL BRYANT & HAMILL, LLC",713
30-JUN-2021,SCHRODER INVESTMENT MANAGEMENT GROUP,13793
30-JUN-2021,SCHAPER BENZ & WISE INVESTMENT COUNSEL INC/WI,378
30-JUN-2021,"SCGE MANAGEMENT, L.P.",1306116
30-JUN-2021,"SANDS CAPITAL MANAGEMENT, LLC",1939090
30-JUN-2021,SANDLER CAPITAL MANAGEMENT,7978
30-JUN-2021,SAN FRANCISCO SENTRY INVESTMENT GROUP (CA),438
30-JUN-2021,SALEM INVESTMENT COUNSELORS INC,83
30-JUN-2021,"Russell Investments Group, Ltd.",8174
30-JUN-2021,STATE OF WISCONSIN INVESTMENT BOARD,108228
30-JUN-2021,"STONNINGTON GROUP, LLC",5744
30-JUN-2021,"Sofos Investments, Inc.",1461
30-JUN-2021,"SUMMIT PARTNERS PUBLIC ASSET MANAGEMENT, LLC",29220
30-JUN-2021,Snowden Capital Advisors LLC,9077069
30-JUN-2021,Skye Global Management LP,33018
30-JUN-2021,"SkyView Investment Advisors, LLC",1
30-JUN-2021,"SkyOak Wealth, LLC",2197
30-JUN-2021,Sigma Planning Corp,7242
30-JUN-2021,"Sheaff Brock Investment Advisors, LLC",2253
30-JUN-2021,Shay Capital LLC,4293
30-JUN-2021,"Seven Springs Wealth Group, LLC",603
30-JUN-2021,Seven Post Investment Office LP,1432
30-JUN-2021,"Sepio Capital, LP",4240
30-JUN-2021,"Selective Wealth Management, Inc.",37
30-JUN-2021,"SeaCrest Wealth Management, LLC",1708
30-JUN-2021,Sculptor Capital LP,3652
30-JUN-2021,"Sculati Wealth Management, LLC",891
30-JUN-2021,Schonfeld Strategic Advisors LLC,6858
30-JUN-2021,"Sawtooth Solutions, LLC",380
30-JUN-2021,Saturna Capital CORP,219
30-JUN-2021,Sassicaia Capital Advisers LLC,219
30-JUN-2021,"Sargent Investment Group, LLC",960
30-JUN-2021,Sargent Bickham Lagudis LLC,207
30-JUN-2021,"Sanford Advisory Services, LLC",693
30-JUN-2021,Sandy Spring Bank,285
30-JUN-2021,"Sand Hill Global Advisors, LLC",605
30-JUN-2021,"Salvus Wealth Management, LLC",239
30-JUN-2021,SWS Partners,2491
30-JUN-2021,TYBOURNE CAPITAL MANAGEMENT (HK) LTD,302423
30-JUN-2021,"Taylor, Cottrill, Erickson & Associates, Inc.",1661
30-JUN-2021,Roundview Capital LLC,1993
30-JUN-2021,"Wellspring Financial Advisors, LLC",205
30-JUN-2021,"Wellington Shields & Co., LLC",6298
30-JUN-2021,Weiss Multi-Strategy Advisers LLC,4814
30-JUN-2021,"Wealthpoint, LLC",205
30-JUN-2021,Wealthcare Advisory Partners LLC,378
30-JUN-2021,"WealthShield Partners, LLC",1690
30-JUN-2021,"WealthPLAN Partners, LLC",432
30-JUN-2021,"Wealth Architects, LLC",320
30-JUN-2021,"Wealth Alliance Advisory Group, LLC",392
30-JUN-2021,"We Are One Seven, LLC",832
30-JUN-2021,Walleye Trading LLC,249019
30-JUN-2021,"Wagner Wealth Management, LLC",16
30-JUN-2021,WOODSTOCK CORP,710
30-JUN-2021,WOLFF WIESE MAGANA LLC,482
30-JUN-2021,"WMS Partners, LLC",229
30-JUN-2021,"WILLIAM BLAIR INVESTMENT MANAGEMENT, LLC",10497
30-JUN-2021,WILBANKS SMITH & THOMAS ASSET MANAGEMENT LLC,1118
30-JUN-2021,WHITTIER TRUST CO OF NEVADA INC,15
30-JUN-2021,WHITTIER TRUST CO,212
30-JUN-2021,WETHERBY ASSET MANAGEMENT INC,2106
30-JUN-2021,WELCH & FORBES LLC,2384
30-JUN-2021,WEDBUSH SECURITIES INC,4346
30-JUN-2021,WEATHERLY ASSET MANAGEMENT L. P.,485
30-JUN-2021,"WEALTHSOURCE PARTNERS, LLC",812
30-JUN-2021,WD RUTHERFORD LLC,1934
30-JUN-2021,"WCM INVESTMENT MANAGEMENT, LLC",2924986
30-JUN-2021,"Wellington Shields Capital Management, LLC",8203
30-JUN-2021,"West Family Investments, Inc.",1160
30-JUN-2021,WBH ADVISORY INC,484
30-JUN-2021,"West Oak Capital, LLC",7
30-JUN-2021,"Legal Advantage Investments, Inc.",1991
30-JUN-2021,united american securities inc. (d/b/a uas asset management),1461
30-JUN-2021,Zweig-DiMenna Associates LLC,25915
30-JUN-2021,Zurcher Kantonalbank (Zurich Cantonalbank),46921
30-JUN-2021,"Zions Bancorporation, N.A.",54
30-JUN-2021,"Ziegler Capital Management, LLC",6802
30-JUN-2021,ZWJ INVESTMENT COUNSEL INC,248
30-JUN-2021,ZEVENBERGEN CAPITAL INVESTMENTS LLC,267045
30-JUN-2021,ZAZOVE ASSOCIATES LLC,3813
30-JUN-2021,ZACKS INVESTMENT MANAGEMENT,794
30-JUN-2021,Yorktown Management & Research Co Inc,285
30-JUN-2021,"YHB Investment Advisors, Inc.",326
30-JUN-2021,Y-Intercept (Hong Kong) Ltd,1090
30-JUN-2021,"Xcel Wealth Management, LLC",767
30-JUN-2021,"X-Square Capital, LLC",1996
30-JUN-2021,"Worm Capital, LLC",56129
30-JUN-2021,Winthrop Advisory Group LLC,554
30-JUN-2021,"Winslow Capital Management, LLC",18
30-JUN-2021,"Winfield Associates, Inc.",3404
30-JUN-2021,"Winch Advisory Services, LLC",13
30-JUN-2021,"Willis Johnson & Associates, Inc.",603
30-JUN-2021,"Williams Jones Wealth Management, LLC.",453
30-JUN-2021,Whale Rock Capital Management LLC,1587016
30-JUN-2021,"Westside Investment Management, Inc.",14
30-JUN-2021,"Western Wealth Management, LLC",325
30-JUN-2021,"WC Walker & Associates, Inc.",584
30-JUN-2021,"WASHBURN CAPITAL MANAGEMENT, INC.",3362
30-JUN-2021,"Teamwork Financial Advisors, LLC",9326
30-JUN-2021,VANGUARD GROUP INC,3855552
30-JUN-2021,VALLEY NATIONAL ADVISERS INC,9
30-JUN-2021,V Wealth Advisors LLC,2063
30-JUN-2021,"United Capital Management of KS, Inc.",703
30-JUN-2021,"United Asset Strategies, Inc.",411
30-JUN-2021,USS Investment Management Ltd,34156
30-JUN-2021,USCA RIA LLC,697
30-JUN-2021,UNIVERSITY OF NOTRE DAME DU LAC,1424
30-JUN-2021,"Twin Tree Management, LP",135141
30-JUN-2021,Truvestments Capital LLC,212
30-JUN-2021,"True North Advisors, LLC",337
30-JUN-2021,Trivest Advisors Ltd,56540
30-JUN-2021,"Triton Wealth Management, PLLC",298
30-JUN-2021,Triasima Portfolio Management inc.,154163
30-JUN-2021,"Traynor Capital Management, Inc.",1220
30-JUN-2021,"Transform Wealth, LLC",263
30-JUN-2021,"Tradition Wealth Management, LLC",42
30-JUN-2021,"Tradewinds Capital Management, LLC",41
30-JUN-2021,TownSquare Capital LLC,822
30-JUN-2021,"Total Clarity Wealth Management, Inc.",286
30-JUN-2021,"Tortoise Investment Management, LLC",205
30-JUN-2021,"Toroso Investments, LLC",1874
30-JUN-2021,Thrivent Financial for Lutherans,60650
30-JUN-2021,"Thomas J. Herzfeld Advisors, Inc.",13
30-JUN-2021,Texas Yale Capital Corp.,17628
30-JUN-2021,Terra Nova Asset Management LLC,1994
30-JUN-2021,VAN ECK ASSOCIATES CORP,2130
30-JUN-2021,"VESTOR CAPITAL, LLC",112
30-JUN-2021,WADE G W & INC,846
30-JUN-2021,VICTORY CAPITAL MANAGEMENT INC,66079
30-JUN-2021,W.G. Shaheen & Associates DBA Whitney & Co,221
30-JUN-2021,Voleon Capital Management LP,92042
30-JUN-2021,"Vista Wealth Management Group, LLC",454
30-JUN-2021,Visionary Wealth Advisors,333
30-JUN-2021,"Vision Capital Management, Inc.",292
30-JUN-2021,"Virtue Capital Management, LLC",1730
30-JUN-2021,Vigilare Wealth Management,1533
30-JUN-2021,"Vident Investment Advisory, LLC",2291
30-JUN-2021,"Vestmark Advisory Solutions, Inc.",907
30-JUN-2021,Verition Fund Management LLC,397
30-JUN-2021,Veriti Management LLC,2507
30-JUN-2021,"Veritable, L.P.",992
30-JUN-2021,Verdence Capital Advisors LLC,2684
30-JUN-2021,Veracity Capital LLC,844
30-JUN-2021,Varma Mutual Pension Insurance Co,2940
30-JUN-2021,"Van Hulzen Asset Management, LLC",551
30-JUN-2021,Value Star Asset Management (Hong Kong) Ltd,1314882
30-JUN-2021,"Valmark Advisers, Inc.",871
30-JUN-2021,"Valeo Financial Advisors, LLC",635
30-JUN-2021,"VOLORIDGE INVESTMENT MANAGEMENT, LLC",64913
30-JUN-2021,"VIVID FINANCIAL MANAGEMENT, INC.",1046
30-JUN-2021,"VIRIDIAN RIA, LLC",6159
30-JUN-2021,VIRGINIA RETIREMENT SYSTEMS ET AL,14347
30-JUN-2021,VIKING GLOBAL INVESTORS LP,152586
30-JUN-2021,VICUS CAPITAL,574
30-JUN-2021,"Route One Investment Company, L.P.",189124
30-JUN-2021,"TimeScale Financial, Inc.",102
30-JUN-2021,"Round Rock Advisors, LLC",634
30-JUN-2021,NORTHERN OAK WEALTH MANAGEMENT INC,117
30-JUN-2021,NORDEA INVESTMENT MANAGEMENT AB,2862
30-JUN-2021,NOMURA ASSET MANAGEMENT CO LTD,31734969
30-JUN-2021,NKCFO LLC,292
30-JUN-2021,NICOLET BANKSHARES INC,998
30-JUN-2021,"NICOLET ADVISORY SERVICES, LLC",400
30-JUN-2021,"NFP Retirement, Inc.",511343
30-JUN-2021,"NFJ INVESTMENT GROUP, LLC",1077
30-JUN-2021,"NEXT Financial Group, Inc",408
30-JUN-2021,NEXT CENTURY GROWTH INVESTORS LLC,2051
30-JUN-2021,NEW YORK STATE COMMON RETIREMENT FUND,136853
30-JUN-2021,"NATIONS FINANCIAL GROUP INC, /IA/ /ADV",421
30-JUN-2021,"NAPLES GLOBAL ADVISORS, LLC",752
30-JUN-2021,"Mutual Advisors, LLC",1214
30-JUN-2021,"Mount Yale Investment Advisors, LLC",3794
30-JUN-2021,"Moser Wealth Advisors, LLC",361
30-JUN-2021,"Morse Asset Management, Inc",3065
30-JUN-2021,"Moors & Cabot, Inc.",2180
30-JUN-2021,"Modus Advisors, LLC",4
30-JUN-2021,Mn Services Vermogensbeheer B.V.,101715
30-JUN-2021,"Miura Global Management, LLC",18993
30-JUN-2021,Mitsubishi UFJ Trust & Banking Corp,254754
30-JUN-2021,"Mirae Asset Global Investments Co., Ltd.",6713
30-JUN-2021,Mirador Capital Partners LP,573
30-JUN-2021,"Miracle Mile Advisors, LLC",4247
30-JUN-2021,"Merit Financial Group, LLC",663
30-JUN-2021,NORGES BANK,1588173
30-JUN-2021,"NVWM, LLC",2302
30-JUN-2021,"Meridian Wealth Management, LLC",9720
30-JUN-2021,NWAM LLC,3651
30-JUN-2021,"Occidental Asset Management, LLC",212
30-JUN-2021,"Oakwell Private Wealth Management, LLC",565
30-JUN-2021,OPTIMUM INVESTMENT ADVISORS,243
30-JUN-2021,OPPENHEIMER & CO INC,4467
30-JUN-2021,OMERS ADMINISTRATION Corp,354
30-JUN-2021,OLD NATIONAL BANCORP /IN/,2662
30-JUN-2021,OKABENA INVESTMENT SERVICES INC,1964
30-JUN-2021,"OGBORNE CAPITAL MANAGEMENT, LLC",53710
30-JUN-2021,OBERWEIS ASSET MANAGEMENT INC/,4850
30-JUN-2021,"OBERMEYER WOOD INVESTMENT COUNSEL, LLLP",707
30-JUN-2021,OAKMONT CORP,818
30-JUN-2021,"O'SHAUGHNESSY ASSET MANAGEMENT, LLC",25736
30-JUN-2021,"O'Neil Global Advisors, Inc.",26846
30-JUN-2021,"O'Dell Group, LLC",259
30-JUN-2021,"NorthRock Partners, LLC",459
30-JUN-2021,North Star Investment Management Corp.,80
30-JUN-2021,"Nikko Asset Management Americas, Inc.",1010391
30-JUN-2021,"Night Owl Capital Management, LLC",46096
30-JUN-2021,"Newman Dignan & Sheerar, Inc.",317
30-JUN-2021,"Newbridge Financial Services Group, Inc.",1224
30-JUN-2021,"NewEdge Wealth, LLC",888
30-JUN-2021,Neuberger Berman Group LLC,9772
30-JUN-2021,"Nelson, Van Denburg & Campbell Wealth Management Group, LLC",265
30-JUN-2021,"Nadler Financial Group, Inc.",3015
30-JUN-2021,"NZS Capital, LLC",15983
30-JUN-2021,"Meristem Family Wealth, LLC",706
30-JUN-2021,Mechanics Bank Trust Department,1026
30-JUN-2021,"Octavia Wealth Advisors, LLC",263
30-JUN-2021,MCF Advisors LLC,44
30-JUN-2021,MAVERICK CAPITAL LTD,5806
30-JUN-2021,MASSMUTUAL TRUST CO FSB/ADV,162
30-JUN-2021,MASSACHUSETTS FINANCIAL SERVICES CO /MA/,258373
30-JUN-2021,MARSICO CAPITAL MANAGEMENT LLC,41625
30-JUN-2021,"MARSHALL WACE, LLP",42527
30-JUN-2021,"MARK SHEPTOFF FINANCIAL PLANNING, LLC",248
30-JUN-2021,MARK ASSET MANAGEMENT LP,5734
30-JUN-2021,MAI Capital Management,3293
30-JUN-2021,MACROVIEW INVESTMENT MANAGEMENT LLC,1
30-JUN-2021,MACQUARIE GROUP LTD,5213
30-JUN-2021,MACKENZIE FINANCIAL CORP,652247
30-JUN-2021,MACKAY SHIELDS LLC,2496
30-JUN-2021,M&G INVESTMENT MANAGEMENT LTD,100091
30-JUN-2021,"Lumature Wealth Partners, LLC",85
30-JUN-2021,Livingston Group Asset Management CO (operating as Southport Capital Management),367
30-JUN-2021,"Linscomb & Williams, Inc.",865
30-JUN-2021,Linden Rose Investment LLC,1320
30-JUN-2021,"Lindbrook Capital, LLC",775
30-JUN-2021,"LifeSteps Financial, Inc.",216
30-JUN-2021,LifePro Asset Management,203
30-JUN-2021,"Lido Advisors, LLC",2785
30-JUN-2021,"LexAurum Advisors, LLC",212
30-JUN-2021,"Lenox Wealth Advisors, LLC",7
30-JUN-2021,Rosenberg Matthew Hamilton,45
30-JUN-2021,Leith Wheeler Investment Counsel Ltd.,310
30-JUN-2021,MCDANIEL TERRY & CO,314
30-JUN-2021,"MEAG MUNICH ERGO, Kapitalanlagegesellschaft mbH",6544
30-JUN-2021,"McMahon Financial Advisors, LLC",349
30-JUN-2021,MERCER GLOBAL ADVISORS INC /ADV,4764
30-JUN-2021,"McIlrath & Eck, LLC",1103
30-JUN-2021,"McClarren Financial Advisors, Inc.",75
30-JUN-2021,"Mayflower Financial Advisors, LLC",783
30-JUN-2021,Mattern Wealth Management LLC,446
30-JUN-2021,"Mathes Company, Inc.",4021
30-JUN-2021,"Marcum Wealth, LLC",260
30-JUN-2021,Marcho Partners LLP,187398
30-JUN-2021,Marathon Capital Management,219
30-JUN-2021,"Maple Capital Management, Inc.",300
30-JUN-2021,Manitou Investment Management Ltd.,15353
30-JUN-2021,Manchester Capital Management LLC,6307
30-JUN-2021,Main Street Research LLC,15130
30-JUN-2021,"Main Street Financial Solutions, LLC",1487
30-JUN-2021,Magnetar Financial LLC,2972
30-JUN-2021,MOSELEY INVESTMENT MANAGEMENT INC,1765
30-JUN-2021,MORGENS WATERFALL VINTIADIS & CO INC,12097
30-JUN-2021,MOODY NATIONAL BANK TRUST DIVISION,1546
30-JUN-2021,MONTRUSCO BOLTON INVESTMENTS INC.,3101
30-JUN-2021,MONTAG A & ASSOCIATES INC,2406
30-JUN-2021,"MONECO Advisors, LLC",538
30-JUN-2021,MITCHELL MCLEOD PUGH & WILLIAMS INC,1634
30-JUN-2021,MITCHELL CAPITAL MANAGEMENT CO,513
30-JUN-2021,"MISSION WEALTH MANAGEMENT, LP",1955
30-JUN-2021,MILLENNIUM MANAGEMENT LLC,204995
30-JUN-2021,MID ATLANTIC FINANCIAL MANAGEMENT INC/ADV,3230
30-JUN-2021,"Ocean Capital Management, LLC",1132
30-JUN-2021,Melvin Capital Management LP,146098
30-JUN-2021,"Oder Investment Management, LLC",574
30-JUN-2021,QUADRANT CAPITAL GROUP LLC,470
30-JUN-2021,REGIONS FINANCIAL CORP,6975
30-JUN-2021,REDW Wealth LLC,343
30-JUN-2021,"RBF Capital, LLC",730
30-JUN-2021,"RB Capital Management, LLC",854
30-JUN-2021,RAYMOND JAMES TRUST N.A.,703
30-JUN-2021,RAYMOND JAMES & ASSOCIATES,122174
30-JUN-2021,Qube Research & Technologies Ltd,5600
30-JUN-2021,Quantbot Technologies LP,3569
30-JUN-2021,Quadrature Capital Ltd,56985
30-JUN-2021,Qtron Investments LLC,799
30-JUN-2021,QUEST INVESTMENT MANAGEMENT LLC,12955
30-JUN-2021,QUEST CAPITAL MANAGEMENT INC /ADV,587
30-JUN-2021,Public Sector Pension Investment Board,62393
30-JUN-2021,"Point Break Capital Management, LLC",4620
30-JUN-2021,"Prudent Man Advisors, LLC",205
30-JUN-2021,Prostatis Group LLC,423684
30-JUN-2021,Prospera Financial Services Inc,5388
30-JUN-2021,Proem Advisors LLC,7305
30-JUN-2021,"Private Wealth Strategies, L.L.C.",367
30-JUN-2021,Private Portfolio Partners LLC,1601373
30-JUN-2021,"Private Ocean, LLC",234
30-JUN-2021,"Private Capital Advisors, Inc.",479
30-JUN-2021,"Private Advisor Group, LLC",10600
30-JUN-2021,"Prime Capital Investment Advisors, LLC",1275
30-JUN-2021,Prestige Wealth Management Group LLC,4
30-JUN-2021,"PrairieView Partners, LLC",117
30-JUN-2021,"REILLY FINANCIAL ADVISORS, LLC",150
30-JUN-2021,RENAISSANCE TECHNOLOGIES LLC,247342
30-JUN-2021,"RFG Advisory, LLC",650
30-JUN-2021,RITHOLTZ WEALTH MANAGEMENT,991
30-JUN-2021,"Rockbridge Investment Management, LCC",98
30-JUN-2021,"Robertson Stephens Wealth Management, LLC",219
30-JUN-2021,"One Wealth Advisors, LLC",251
30-JUN-2021,"RiverPark Advisors, LLC",17925
30-JUN-2021,Rinet Co LLC,425
30-JUN-2021,"Retirement Group, LLC",41
30-JUN-2021,"Resources Investment Advisors, LLC.",1350
30-JUN-2021,"Resource Management, LLC",332
30-JUN-2021,Regal Investment Advisors LLC,4766
30-JUN-2021,"Redwood Investments, LLC",764
30-JUN-2021,"Redhawk Wealth Advisors, Inc.",273
30-JUN-2021,"Red Door Wealth Management, LLC",775
30-JUN-2021,"Raymond James Financial Services Advisors, Inc.",65085
30-JUN-2021,Rathbone Brothers plc,109556
30-JUN-2021,"RWQ Financial Management Services, Inc.",9314
30-JUN-2021,RWC Asset Management LLP,4699
30-JUN-2021,RSM US WEALTH MANAGEMENT LLC,393
30-JUN-2021,"RPG Investment Advisory, LLC",25
30-JUN-2021,ROYAL LONDON ASSET MANAGEMENT LTD,63532
30-JUN-2021,ROYAL BANK OF CANADA,140790
30-JUN-2021,ROOSEVELT INVESTMENT GROUP LLC,805
30-JUN-2021,"ROCKY MOUNTAIN ADVISERS, LLC",20
30-JUN-2021,RMR Wealth Builders,672
30-JUN-2021,RIVERPARK CAPITAL MANAGEMENT LLC,3030
30-JUN-2021,"RITTER DANIHER FINANCIAL ADVISORY, LLC",7
30-JUN-2021,Polar Asset Management Partners Inc.,78925
30-JUN-2021,REGENTATLANTIC CAPITAL LLC,321
30-JUN-2021,PFS INVESTMENTS INC.,1772
30-JUN-2021,Pachira Investments Inc.,222
30-JUN-2021,"PSI Advisors, LLC",306
30-JUN-2021,PRIO WEALTH LIMITED PARTNERSHIP,1876
30-JUN-2021,PRICE T ROWE ASSOCIATES INC /MD/,4165776
30-JUN-2021,"PRELUDE CAPITAL MANAGEMENT, LLC",1984
30-JUN-2021,POLEN CAPITAL MANAGEMENT LLC,26147
30-JUN-2021,PITTENGER & ANDERSON INC,1801
30-JUN-2021,PINNACLE ASSOCIATES LTD,311
30-JUN-2021,"PINEBRIDGE INVESTMENTS, L.P.",11326
30-JUN-2021,PIN OAK INVESTMENT ADVISORS INC,88
30-JUN-2021,PIER 88 INVESTMENT PARTNERS LLC,46
30-JUN-2021,PFG Advisors,975
30-JUN-2021,PERSONAL CAPITAL ADVISORS CORP,1367
30-JUN-2021,PECONIC PARTNERS LLC,511
30-JUN-2021,PECAUT & CO.,257
30-JUN-2021,"PDS Planning, Inc",419
30-JUN-2021,PCJ Investment Counsel Ltd.,12636
30-JUN-2021,"PAX Financial Group, LLC",1202
30-JUN-2021,"PATHSTONE FAMILY OFFICE, LLC",738
30-JUN-2021,PARK NATIONAL CORP /OH/,497
30-JUN-2021,PARK AVENUE SECURITIES LLC,7402
30-JUN-2021,Oxler Private Wealth LLC,1783
30-JUN-2021,"Plante Moran Financial Advisors, LLC",114
30-JUN-2021,Oxinas Partners Wealth Management LLC,356
30-JUN-2021,"Oxbow Advisors, LLC",614
30-JUN-2021,Orion Capital Management LLC,210
30-JUN-2021,"Pacer Advisors, Inc.",1312
30-JUN-2021,PRAGMA GESTAO DE PATRIMONIO LTD,11688
30-JUN-2021,Pentwater Capital Management LP,2191
30-JUN-2021,Parametrica Management Ltd,438
30-JUN-2021,"Pettinga Financial Advisors, LLC",365
30-JUN-2021,Perkins Coie Trust Co,53
30-JUN-2021,"Pinnacle Bancorp, Inc.",41
30-JUN-2021,Periscope Capital Inc.,651
30-JUN-2021,"Perigon Wealth Management, LLC",316
30-JUN-2021,"Perennial Investment Advisors, LLC",679
30-JUN-2021,"Peregrine Asset Advisers, Inc.",2671
30-JUN-2021,"Pacific Edge Advisors, LLC",403
30-JUN-2021,"Patriot Financial Group Insurance Agency, LLC",34
30-JUN-2021,Parkwood LLC,5634
30-JUN-2021,Parkside Financial Bank & Trust,85
30-JUN-2021,Parisi Gray Wealth Management,872
30-JUN-2021,Parametric Portfolio Associates LLC,215136
30-JUN-2021,"Parallel Advisors, LLC",5384
30-JUN-2021,"Pinnacle Wealth Planning Services, Inc.",857
30-JUN-2021,"Parallax Volatility Advisers, L.P.",320058
30-JUN-2021,"Paragon Advisors, LLC",3628
30-JUN-2021,"Paradigm Financial Partners, LLC",332
30-JUN-2021,"Paradigm Financial Advisors, LLC",295
30-JUN-2021,"Paradiem, LLC",1176
30-JUN-2021,Pacitti Group Inc.,30
30-JUN-2021,"Pacific Wealth Strategies Group, Inc.",2326
30-JUN-2021,Phoenix Wealth Advisors,1170
31-MAR-2021,FARR MILLER & WASHINGTON LLC/DC,553
31-MAR-2021,FIDUCIARY TRUST CO,41
31-MAR-2021,FARMERS TRUST CO,775
31-MAR-2021,"FDx Advisors, Inc.",4323
31-MAR-2021,"FERGUSON WELLMAN CAPITAL MANAGEMENT, INC",383
31-MAR-2021,FIRST MANHATTAN CO,66
31-MAR-2021,FIDUCIENT ADVISORS LLC,282
31-MAR-2021,FIERA CAPITAL CORP,5409
31-MAR-2021,FINANCIAL COUNSELORS INC,3126
31-MAR-2021,FIRST CITIZENS BANK & TRUST CO,898
31-MAR-2021,FIRST FOUNDATION ADVISORS,219
31-MAR-2021,FIRST HAWAIIAN BANK,112
31-MAR-2021,"Executive Wealth Management, LLC",337
31-MAR-2021,FARMERS & MERCHANTS INVESTMENTS INC,39
31-MAR-2021,"First Heartland Consultants, Inc.",416
31-MAR-2021,"Evolution Wealth Advisors, LLC",300
31-MAR-2021,"Everhart Financial Group, Inc.",750
31-MAR-2021,"Evercore Wealth Management, LLC",237
31-MAR-2021,"Eudaimonia Partners, LLC",469
31-MAR-2021,Ethic Inc.,787
31-MAR-2021,Erste Asset Management GmbH,11068306
31-MAR-2021,"Eqis Capital Management, Inc.",6327
31-MAR-2021,Enterprise Financial Services Corp,1
31-MAR-2021,"Ensign Peak Advisors, Inc",211152
31-MAR-2021,Engineers Gate Manager LP,5588
31-MAR-2021,"Empirical Financial Services, LLC d.b.a. Empirical Wealth Management",796
31-MAR-2021,"FIRST REPUBLIC INVESTMENT MANAGEMENT, INC.",23222
31-MAR-2021,"Elmwood Wealth Management, Inc.",55
31-MAR-2021,"Ellis Investment Partners, LLC",6
31-MAR-2021,FIRST NATIONAL CORP /MA/ /ADV,229
31-MAR-2021,First Command Bank,544
31-MAR-2021,FIRST TRUST ADVISORS LP,107861
31-MAR-2021,"Financial Architects, Inc",417
31-MAR-2021,"Elite Wealth Management, Inc.",274
31-MAR-2021,"First Horizon Advisors, Inc.",115
31-MAR-2021,First PREMIER Bank,6
31-MAR-2021,First Growth Investment Manager LP,22827
31-MAR-2021,"First Command Financial Services, Inc.",544
31-MAR-2021,First Bank & Trust,960
31-MAR-2021,Firestone Capital Management,11
31-MAR-2021,FineMark National Bank & Trust,523
31-MAR-2021,"Financial Management Professionals, Inc.",3
31-MAR-2021,Financial Enhancement Group LLC,2099
31-MAR-2021,Financial Engines Advisors L.L.C.,3898
31-MAR-2021,"Financial Avengers, Inc.",103
31-MAR-2021,Financial Advocates Investment Management,3582
31-MAR-2021,"FLAGSHIP HARBOR ADVISORS, LLC",4560
31-MAR-2021,"Financial Advisory Service, Inc.",643
31-MAR-2021,"FinTrust Capital Advisors, LLC",293
31-MAR-2021,"Fieldpoint Private Securities, LLC",601
31-MAR-2021,"Ferris Capital, LLC",2355
31-MAR-2021,Family Management Corp,634
31-MAR-2021,FULTON BREAKEFIELD BROENNIMAN LLC,603
31-MAR-2021,"FRED ALGER MANAGEMENT, LLC",202726
31-MAR-2021,FOUNDERS FINANCIAL SECURITIES LLC,1389
31-MAR-2021,FORTE CAPITAL LLC /ADV,1241
31-MAR-2021,FORSTA AP-FONDEN,21636
31-MAR-2021,"FORA Capital, LLC",315000
31-MAR-2021,"FNY Investment Advisers, LLC",4
31-MAR-2021,"Ellevest, Inc.",66
31-MAR-2021,Activest Wealth Management,65
31-MAR-2021,Egerton Capital (UK) LLP,117132
31-MAR-2021,"AMUNDI ASSET MANAGEMENT US, INC.",7192
31-MAR-2021,APPALOOSA LP,4149
31-MAR-2021,APPLETON PARTNERS INC/MA,1936
31-MAR-2021,"APPLIED RESEARCH INVESTMENTS, LLC",23107
31-MAR-2021,ARCADIA INVESTMENT MANAGEMENT CORP/MI,986
31-MAR-2021,"ARGI Investment Services, LLC",249
31-MAR-2021,ARK Investment Management LLC,1187853
31-MAR-2021,"ARTHUR M. COHEN & ASSOCIATES, LLC",1535
31-MAR-2021,"ASAHI LIFE ASSET MANAGEMENT CO., LTD.",97
31-MAR-2021,ASHFORD CAPITAL MANAGEMENT INC,7523
31-MAR-2021,ASSET MANAGEMENT CORP /IL/ /ADV,494
31-MAR-2021,"ATALANTA SOSNOFF CAPITAL, LLC",487
31-MAR-2021,ATLAS CAPITAL ADVISORS LLC,320885
31-MAR-2021,ATRIA INVESTMENTS LLC,3538
31-MAR-2021,AXIOM INVESTORS LLC /DE,18460
31-MAR-2021,"Abbot Financial Management, Inc.",263
31-MAR-2021,"Abbrea Capital, LLC",738
31-MAR-2021,"Abdiel Capital Advisors, LP",257221
31-MAR-2021,Absoluto Partners Gestao de Recursos Ltda,2193
31-MAR-2021,Accel Wealth Management,160
31-MAR-2021,Accuvest Global Advisors,1924
31-MAR-2021,"Acropolis Investment Management, LLC",176
31-MAR-2021,Addenda Capital Inc.,94731
31-MAR-2021,"Advisor OS, LLC",11
31-MAR-2021,"AdvisorNet Financial, Inc",3375
31-MAR-2021,"Focus Financial Network, Inc.",2656707
31-MAR-2021,"Advisors Asset Management, Inc.",14691
31-MAR-2021,Advisory Resource Group,256
31-MAR-2021,AMUSSEN HUNSAKER ASSOCIATES LLC,210
31-MAR-2021,AMP Capital Investors Ltd,531
31-MAR-2021,Edge Wealth Management LLC,4
31-MAR-2021,AMF Pensionsforsakring AB,90846
31-MAR-2021,"EXENCIAL WEALTH ADVISORS, LLC",648
31-MAR-2021,"EXCHANGE TRADED CONCEPTS, LLC",1224
31-MAR-2021,EXANE DERIVATIVES,390577
31-MAR-2021,"EVOKE WEALTH, LLC",22
31-MAR-2021,EVERGREEN CAPITAL MANAGEMENT LLC,343
31-MAR-2021,EULAV Asset Management,19365
31-MAR-2021,EQUITABLE TRUST CO,12306
31-MAR-2021,"EP Wealth Advisors, LLC",377
31-MAR-2021,ENVESTNET ASSET MANAGEMENT INC,117371
31-MAR-2021,ENGINE NO. 1 LLC,10461
31-MAR-2021,1832 Asset Management L.P.,56779
31-MAR-2021,"20/20 Capital Management, Inc.",204
31-MAR-2021,4J Wealth Management LLC,279
31-MAR-2021,"9258 Wealth Management, LLC",595
31-MAR-2021,ACG Wealth,531
31-MAR-2021,ACORN FINANCIAL ADVISORY SERVICES INC /ADV,761
31-MAR-2021,"ADE, LLC",9
31-MAR-2021,"ADIRONDACK RETIREMENT SPECIALISTS, INC.",10105
31-MAR-2021,ADVENT CAPITAL MANAGEMENT /DE/,9212
31-MAR-2021,ADVISOR PARTNERS LLC,2178
31-MAR-2021,AE Wealth Management LLC,16531
31-MAR-2021,"AFT, FORSYTH & COMPANY, INC.",1052
31-MAR-2021,AGF INVESTMENTS INC.,58285
31-MAR-2021,"AJ WEALTH STRATEGIES, LLC",460
31-MAR-2021,ALGERT GLOBAL LLC,274
31-MAR-2021,ALKEON CAPITAL MANAGEMENT LLC,555763
31-MAR-2021,AMERICAN NATIONAL INSURANCE CO,6021
31-MAR-2021,"First Pacific Advisors, LP",118
31-MAR-2021,Integrated Wealth Concepts LLC,1473
31-MAR-2021,"Focused Wealth Management, Inc",111
31-MAR-2021,Hexavest Inc.,11
31-MAR-2021,"Hudock, Inc.",37
31-MAR-2021,"Horrell Capital Management, Inc.",28
31-MAR-2021,"Hoover Financial Advisors, Inc.",13
31-MAR-2021,Honeycomb Asset Management LP,32089
31-MAR-2021,Homrich & Berg,200
31-MAR-2021,"Holocene Advisors, LP",60724
31-MAR-2021,Holistic Financial Partners,309
31-MAR-2021,"Hoffman, Alan N Investment Management",224
31-MAR-2021,Himension Fund,63112
31-MAR-2021,Hillsdale Investment Management Inc.,27561
31-MAR-2021,"Highlander Capital Management, LLC",55
31-MAR-2021,"HighTower Advisors, LLC",28853
31-MAR-2021,HighPoint Advisor Group LLC,2786
31-MAR-2021,"Henry James International Management, Inc.",15822
31-MAR-2021,Fort Point Capital Partners LLC,553
31-MAR-2021,"Hayden Royal, LLC",345
31-MAR-2021,"Harvest Fund Management Co., Ltd",49
31-MAR-2021,Hartford Financial Management Inc.,11
31-MAR-2021,"Harrington Investments, INC",373
31-MAR-2021,"Harbour Capital Advisors, LLC",827
31-MAR-2021,Hanson & Doremus Investment Management,2
31-MAR-2021,"Hanlon Investment Management, Inc.",210
31-MAR-2021,HWG Holdings LP,159
31-MAR-2021,HSBC HOLDINGS PLC,86379
31-MAR-2021,"HOYLECOHEN, LLC",201
31-MAR-2021,HOWE & RUSLING INC,17
31-MAR-2021,HOLLENCREST CAPITAL MANAGEMENT,173
31-MAR-2021,"HOEY INVESTMENTS, INC",2
31-MAR-2021,"IAM Advisory, LLC",1230
31-MAR-2021,"IEQ CAPITAL, LLC",1904
31-MAR-2021,"IFG Advisory, LLC",370
31-MAR-2021,"IFP Advisors, Inc",479
31-MAR-2021,"Advocacy Wealth Management Services, LLC",2
31-MAR-2021,JCIC Asset Management Inc.,3963
31-MAR-2021,"JAG CAPITAL MANAGEMENT, LLC",6877
31-MAR-2021,J. Goldman & Co LP,825
31-MAR-2021,"IronBridge Private Wealth, LLC",55
31-MAR-2021,Investment Management Corp of Ontario,43375
31-MAR-2021,Invesco Ltd.,708
31-MAR-2021,Intersect Capital LLC,1191
31-MAR-2021,"Interchange Capital Partners, LLC",928
31-MAR-2021,"InterOcean Capital Group, LLC",304
31-MAR-2021,Integrated Advisors Network LLC,1118
31-MAR-2021,"Institute for Wealth Management, LLC.",668
31-MAR-2021,"Insight Advisors, LLC/ PA",300
31-MAR-2021,"Inscription Capital, LLC",214
31-MAR-2021,"Indie Asset Partners, LLC",550
31-MAR-2021,"Independent Solutions Wealth Management, LLC",3150206
31-MAR-2021,Independent Advisor Alliance,4148
31-MAR-2021,Independence Bank of Kentucky,30
31-MAR-2021,Ilmarinen Mutual Pension Insurance Co,43857
31-MAR-2021,"Icon Wealth Partners, LLC",849
31-MAR-2021,INVESTMENT HOUSE LLC,220
31-MAR-2021,INVERNESS COUNSEL LLC /NY/,292
31-MAR-2021,"INTERNATIONAL ASSETS INVESTMENT MANAGEMENT, LLC",304
31-MAR-2021,INTACT INVESTMENT MANAGEMENT INC.,43621
31-MAR-2021,"INSTITUTIONAL & FAMILY ASSET MANAGEMENT, LLC",8
31-MAR-2021,"IMC-Chicago, LLC",730213
31-MAR-2021,"IHT Wealth Management, LLC",460
31-MAR-2021,HM PAYSON & CO,236
31-MAR-2021,"HHM Wealth Advisors, LLC",84
31-MAR-2021,HERITAGE INVESTORS MANAGEMENT CORP,498
31-MAR-2021,"Galvin, Gaustad & Stein, LLC",277
31-MAR-2021,GWM Advisors LLC,4037
31-MAR-2021,GUARDIAN CAPITAL LP,103913
31-MAR-2021,GUARDIAN CAPITAL ADVISORS LP,666
31-MAR-2021,GSA CAPITAL PARTNERS LLP,2877
31-MAR-2021,"GROUP ONE TRADING, L.P.",246860
31-MAR-2021,"GRIFFIN ASSET MANAGEMENT, INC.",521
31-MAR-2021,"GREAT VALLEY ADVISOR GROUP, INC.",1018
31-MAR-2021,GRAND JEAN CAPITAL MANAGEMENT INC,5370
31-MAR-2021,"GPS Wealth Strategies Group, LLC",434
31-MAR-2021,"GM Advisory Group, Inc.",993
31-MAR-2021,GLYNN CAPITAL MANAGEMENT LLC,58692
31-MAR-2021,GLENMEDE TRUST CO NA,3256
31-MAR-2021,"GFS Advisors, LLC",349
31-MAR-2021,"GFG Capital, LLC",298
31-MAR-2021,GATEWAY INVESTMENT ADVISERS LLC,2560
31-MAR-2021,GARDNER LEWIS ASSET MANAGEMENT L P,5506
31-MAR-2021,GABLES CAPITAL MANAGEMENT INC.,3310
31-MAR-2021,"Full Sail Capital, LLC",1850
31-MAR-2021,Fulcrum Asset Management LLP,459
31-MAR-2021,"Frisch Financial Group, Inc.",402
31-MAR-2021,Franchise Capital Ltd,49066
31-MAR-2021,"Foxhaven Asset Management, LP",79734
31-MAR-2021,"FourThought Financial, LLC",44
31-MAR-2021,"Founders Financial Alliance, LLC",401
31-MAR-2021,"Foster Victor Wealth Advisors, LLC",807
31-MAR-2021,Fortis Capital Management LLC,2040
31-MAR-2021,"Fortis Advisors, LLC",111
31-MAR-2021,"GYL Financial Synergies, LLC",201
31-MAR-2021,"Garrison Point Advisors, LLC",428
31-MAR-2021,HEALTHCARE OF ONTARIO PENSION PLAN TRUST FUND,10930
31-MAR-2021,Geneos Wealth Management Inc.,1536
31-MAR-2021,HBW Advisory Services LLC,689
31-MAR-2021,HBK Sorce Advisory LLC,1389
31-MAR-2021,HBK INVESTMENTS L P,18770
31-MAR-2021,"HBC Financial Services, PLLC",24166
31-MAR-2021,"HARBOUR INVESTMENTS, INC.",2651
31-MAR-2021,"HARBOR INVESTMENT ADVISORY, LLC",1548
31-MAR-2021,"HARBOR FINANCIAL SERVICES, LLC",996
31-MAR-2021,"HAP Trading, LLC",2281
31-MAR-2021,HALLMARK CAPITAL MANAGEMENT INC,238
31-MAR-2021,Gulf International Bank (UK) Ltd,1388
31-MAR-2021,"Gs Investments, Inc.",100
31-MAR-2021,Greytown Advisors Inc.,493
31-MAR-2021,Gratus Capital LLC,9024
31-MAR-2021,Grassi Investment Management,385
31-MAR-2021,"Granite Investment Partners, LLC",200
31-MAR-2021,Grandview Asset Management LLC,1651
31-MAR-2021,Gradient Investments LLC,188
31-MAR-2021,"Gotham Asset Management, LLC",2849
31-MAR-2021,"Golden Green, Inc.",1196
31-MAR-2021,GoalVest Advisory LLC,64
31-MAR-2021,"Global Retirement Partners, LLC",876
31-MAR-2021,Glenview Trust Co,444
31-MAR-2021,"Gleason Group, Inc.",221
31-MAR-2021,Glassman Wealth Services,124
31-MAR-2021,Gladstone Institutional Advisory LLC,3414
31-MAR-2021,Gifford Fong Associates,7746
31-MAR-2021,Gerber Kawasaki Wealth & Investment Management,3452
31-MAR-2021,"Advisory Services Network, LLC",9803
31-MAR-2021,"DONALDSON CAPITAL MANAGEMENT, LLC",292
31-MAR-2021,Aequim Alternative Investments LP,7082
31-MAR-2021,Castle Hook Partners LP,36478
31-MAR-2021,"Camden Capital, LLC",2611
31-MAR-2021,"Canal Capital Management, LLC",2780
31-MAR-2021,Candriam Luxembourg S.C.A.,4405
31-MAR-2021,"Capital Advisory Group Advisory Services, LLC",73
31-MAR-2021,Capital Asset Advisory Services LLC,1443
31-MAR-2021,"Capital Investment Advisors, LLC",374
31-MAR-2021,"Capital Investment Advisory Services, LLC",829
31-MAR-2021,"Capstone Financial Advisors, Inc.",236
31-MAR-2021,"Capstone Triton Financial Group, LLC",7675
31-MAR-2021,"Cardan Capital Partners, LLC",697
31-MAR-2021,"Carmichael Hill & Associates, Inc.",377
31-MAR-2021,"Carnegie Capital Asset Management, LLC",14077
31-MAR-2021,"Carroll Financial Associates, Inc.",291
31-MAR-2021,"Cavalier Investments, LLC",1346
31-MAR-2021,CAPTRUST FINANCIAL ADVISORS,2698
31-MAR-2021,"Cedar Wealth Management, LLC",23
31-MAR-2021,"CenterStar Asset Management, LLC",18229
31-MAR-2021,"Centiva Capital, LP",4426
31-MAR-2021,Central Asset Investments & Management Holdings (HK) Ltd,1327
31-MAR-2021,Cerity Partners LLC,1612
31-MAR-2021,Cetera Advisor Networks LLC,3816
31-MAR-2021,Cetera Advisors LLC,3774
31-MAR-2021,Cetera Investment Advisers,3515
31-MAR-2021,"Change Path, LLC",509
31-MAR-2021,"Chapman Investment Management, LLC",315
31-MAR-2021,"Checchi Capital Advisers, LLC",538
31-MAR-2021,Chesley Taft & Associates LLC,2192
31-MAR-2021,Cheyne Capital Management (UK) LLP,1137
31-MAR-2021,"Cambridge Investment Research Advisors, Inc.",21149
31-MAR-2021,"Calton & Associates, Inc.",862
31-MAR-2021,CYPRESS ASSET MANAGEMENT INC/TX,231
31-MAR-2021,CX Institutional,181
31-MAR-2021,CENTRAL BANK & TRUST CO,64
31-MAR-2021,CENTRAL TRUST Co,6068
31-MAR-2021,CERITY PARTNERS LLC,1701
31-MAR-2021,CFM WEALTH PARTNERS LLC,1632
31-MAR-2021,CI INVESTMENTS INC.,20115
31-MAR-2021,CIBC Asset Management Inc,369229
31-MAR-2021,CIBC World Markets Inc.,737441
31-MAR-2021,CIDEL ASSET MANAGEMENT INC,65336
31-MAR-2021,CKW FINANCIAL GROUP,134
31-MAR-2021,CLEAR STREET MARKETS LLC,2214
31-MAR-2021,CNB Bank,198
31-MAR-2021,COBBLESTONE CAPITAL ADVISORS LLC /NY/,19179
31-MAR-2021,"COHEN & STEERS, INC.",25
31-MAR-2021,COLDSTREAM CAPITAL MANAGEMENT INC,495
31-MAR-2021,COLLECTIVE FAMILY OFFICE LLC,425
31-MAR-2021,COMERICA BANK,11265
31-MAR-2021,"COMERICA SECURITIES,INC.",851
31-MAR-2021,"COMMONWEALTH EQUITY SERVICES, LLC",36016
31-MAR-2021,COMMONWEALTH OF PENNSYLVANIA PUBLIC SCHOOL EMPLS RETRMT SYS,9991
31-MAR-2021,CONFLUENCE INVESTMENT MANAGEMENT LLC,1248
31-MAR-2021,CONNABLE OFFICE INC,1172
31-MAR-2021,CREATIVE FINANCIAL DESIGNS INC /ADV,976
31-MAR-2021,CTC LLC,1337068
31-MAR-2021,CULLINAN ASSOCIATES INC,332
31-MAR-2021,"CVA Family Office, LLC",65
31-MAR-2021,"CWM Advisors, LLC",536
31-MAR-2021,"CWM, LLC",2677
31-MAR-2021,"Chicago Capital, LLC",16622
31-MAR-2021,Chicago Partners Investment Group LLC,1684
31-MAR-2021,"Circle Wealth Management, LLC",444
31-MAR-2021,"Cypress Wealth Services, LLC",1558
31-MAR-2021,D.A. DAVIDSON & CO.,5621
31-MAR-2021,"D.B. Root & Company, LLC",237
31-MAR-2021,D1 Capital Partners L.P.,136686
31-MAR-2021,DAVIS-REA LTD.,208
31-MAR-2021,DELTA ASSET MANAGEMENT LLC/TN,39
31-MAR-2021,"DFPG INVESTMENTS, LLC",2189
31-MAR-2021,"DIVIDEND ASSETS CAPITAL, LLC",70
31-MAR-2021,DOCK STREET ASSET MANAGEMENT INC,7718
31-MAR-2021,"JFG Wealth Management, LLC",664
31-MAR-2021,DORCHESTER WEALTH MANAGEMENT Co,404
31-MAR-2021,DOWLING & YAHNKE LLC,464
31-MAR-2021,DUNCKER STREETT & CO INC,4
31-MAR-2021,Dakota Wealth Management,1062
31-MAR-2021,Darsana Capital Partners LP,127248
31-MAR-2021,DeepCurrents Investment Group LLC,7162
31-MAR-2021,Delta Financial Advisors LLC,200
31-MAR-2021,Discovery Value Fund,726879
31-MAR-2021,Diversified Trust Co,415
31-MAR-2021,"Douglas Lane & Associates, LLC",279
31-MAR-2021,"Douglass Winthrop Advisors, LLC",359
31-MAR-2021,Durable Capital Partners LP,530843
31-MAR-2021,Dynamic Advisor Solutions LLC,676
31-MAR-2021,EAGLE ASSET MANAGEMENT INC,77329
31-MAR-2021,EAGLE GLOBAL ADVISORS LLC,498
31-MAR-2021,EARNEST PARTNERS LLC,14
31-MAR-2021,EATON VANCE MANAGEMENT,70305
31-MAR-2021,EDMOND DE ROTHSCHILD HOLDING S.A.,3794
31-MAR-2021,"D'Orazio & Associates, Inc.",1
31-MAR-2021,"Cunning Capital Partners, LP",1591
31-MAR-2021,"Claraphi Advisory Network, LLC",489
31-MAR-2021,Csenge Advisory Group,304
31-MAR-2021,"Clarius Group, LLC",379
31-MAR-2021,"Clearbridge Investments, LLC",259325
31-MAR-2021,"Clearstead Advisors, LLC",890
31-MAR-2021,Clearview Wealth Advisors LLC,131
31-MAR-2021,Close Asset Management Ltd,85
31-MAR-2021,"Coastal Capital Group, Inc.",77
31-MAR-2021,"Coastal Investment Advisors, Inc.",1446
31-MAR-2021,"Colony Family Offices, LLC",996
31-MAR-2021,"Column Capital Advisors, LLC",253
31-MAR-2021,Concord Wealth Partners,39
31-MAR-2021,"Concorde Asset Management, LLC",643
31-MAR-2021,"Connor, Clark & Lunn Investment Management Ltd.",650849
31-MAR-2021,"Conservest Capital Advisors, Inc.",399
31-MAR-2021,Constellation Investimentos e Participacoes Ltda,730
31-MAR-2021,Cordasco Financial Network,37
31-MAR-2021,Cordatus Wealth Management LLC,1064
31-MAR-2021,"Cornerstone Wealth Group, LLC",614
31-MAR-2021,"Cornerstone Wealth Management, LLC",505
31-MAR-2021,"Covenant Asset Management, LLC",13499
31-MAR-2021,"Covenant Partners, LLC",1001
31-MAR-2021,Covington Capital Management,291
31-MAR-2021,"Crescent Capital Consulting, LLC",1
31-MAR-2021,"Cresset Asset Management, LLC",3588
31-MAR-2021,Crestwood Advisors Group LLC,7396
31-MAR-2021,"Crestwood Capital Management, L.P.",21336
31-MAR-2021,"Cribstone Capital Management, LLC",167
31-MAR-2021,"Crossmark Global Holdings, Inc.",7935
31-MAR-2021,"CENTAURUS FINANCIAL, INC.",260
31-MAR-2021,"CAPROCK Group, Inc.",1798
31-MAR-2021,Ahrens Investment Partners LLC,215
31-MAR-2021,"Axel Capital Management, LLC",10512
31-MAR-2021,"Ascent Wealth Partners, LLC",3016
31-MAR-2021,Assenagon Asset Management S.A.,218
31-MAR-2021,"Asset Dedication, LLC",55
31-MAR-2021,"Athanor Capital, LP",18976
31-MAR-2021,"Aurora Private Wealth, Inc.",401
31-MAR-2021,"Ausdal Financial Partners, Inc.",1061
31-MAR-2021,AustralianSuper Pty Ltd,151640
31-MAR-2021,Avalon Global Asset Management LLC,3873
31-MAR-2021,"Avestar Capital, LLC",496
31-MAR-2021,"Aviance Capital Partners, LLC",3375
31-MAR-2021,Avion Wealth,9
31-MAR-2021,Avitas Wealth Management LLC,4721
31-MAR-2021,Avondale Wealth Management,105
31-MAR-2021,Axiom Investment Management LLC,2448
31-MAR-2021,CAPITAL MANAGEMENT ASSOCIATES /NY/,941
31-MAR-2021,B & T Capital Management DBA Alpha Capital Management,3748
31-MAR-2021,"B. Riley Wealth Management, Inc.",3495
31-MAR-2021,"BAILARD, INC.",269
31-MAR-2021,BAILLIE GIFFORD & CO,1229329
31-MAR-2021,"BAKER TILLY WEALTH MANAGEMENT, LLC",312
31-MAR-2021,BALDWIN BROTHERS INC/MA,14
31-MAR-2021,BANK OF NOVA SCOTIA,980021
31-MAR-2021,BANQUE PICTET & CIE SA,249
31-MAR-2021,BARCLAYS PLC,99379
31-MAR-2021,BARR E S & CO,205
31-MAR-2021,BAXTER BROS INC,254
31-MAR-2021,"BDO Wealth Advisors, LLC",61
31-MAR-2021,"BEACON INVESTMENT ADVISORY SERVICES, INC.",710
31-MAR-2021,"Ascendant Capital Management, LLC",1107
31-MAR-2021,Artisan Partners Limited Partnership,337256
31-MAR-2021,"Arthedge Capital Management, LLC",15270
31-MAR-2021,"Artemis Wealth Advisors, LLC",2215213
31-MAR-2021,Alberta Investment Management Corp,218735
31-MAR-2021,"Allred Capital Management, LLC",136100
31-MAR-2021,Allworth Financial LP,1017
31-MAR-2021,"Almanack Investment Partners, LLC.",213
31-MAR-2021,"Alpha Cubed Investments, LLC",804
31-MAR-2021,Alpha DNA Investment Management LLC,84
31-MAR-2021,AlphaCrest Capital Management LLC,4135
31-MAR-2021,"AlphaMark Advisors, LLC",20
31-MAR-2021,"Alpine Global Management, LLC",3338
31-MAR-2021,Alta Wealth Advisors LLC,1910
31-MAR-2021,"Altimeter Capital Management, LP",111176
31-MAR-2021,"American Money Management, LLC",464
31-MAR-2021,American Portfolios Advisors,2497371
31-MAR-2021,"Ameritas Investment Company, LLC",908437
31-MAR-2021,"Anchor Investment Management, LLC",212448
31-MAR-2021,"Ancora Advisors, LLC",2854
31-MAR-2021,"Angeles Investment Advisors, LLC",1077
31-MAR-2021,"Annapolis Financial Services, LLC",10
31-MAR-2021,"Apollon Wealth Management, LLC",10274
31-MAR-2021,"Aptus Capital Advisors, LLC",565
31-MAR-2021,Archer Investment Corp,74136
31-MAR-2021,Arden Trust Co,549
31-MAR-2021,"Arete Wealth Advisors, LLC",582
31-MAR-2021,Argent Trust Co,149
31-MAR-2021,Arkadios Wealth Advisors,267
31-MAR-2021,Arlington Partners LLC,166
31-MAR-2021,Arrow Financial Corp,40
31-MAR-2021,BENEDICT FINANCIAL ADVISORS INC,413
31-MAR-2021,BERKSHIRE CAPITAL HOLDINGS INC,36094
31-MAR-2021,"BFSG, LLC",801
31-MAR-2021,"Beacon Pointe Advisors, LLC",327
31-MAR-2021,Belpointe Asset Management LLC,583
31-MAR-2021,"BerganKDV Wealth Management, LLC",22
31-MAR-2021,"Berman Capital Advisors, LLC",337
31-MAR-2021,"Better Money Decisions, LLC",59
31-MAR-2021,"Bienville Capital Management, LLC",756
31-MAR-2021,"Black Swift Group, LLC",775
31-MAR-2021,BlackRock Inc.,485308
31-MAR-2021,"Blue Square Asset Management, LLC",609
31-MAR-2021,"Blueshift Asset Management, LLC",1672
31-MAR-2021,"Bogart Wealth, LLC",1296
31-MAR-2021,"Bouvel Investment Partners, LLC",2983
31-MAR-2021,"Bridgewater Associates, LP",1625
31-MAR-2021,"Brinker Capital Investments, LLC",3894
31-MAR-2021,"Bristlecone Advisors, LLC",1382
31-MAR-2021,"Buckley Wealth Management, LLC",553
31-MAR-2021,"Budros, Ruhlin & Roe, Inc.",449
31-MAR-2021,Builders Union Fund LP,28215
31-MAR-2021,Builders Union LLP,9405
31-MAR-2021,"Burleson & Company, LLC",10
31-MAR-2021,"Burns Matteson Capital Management, LLC",274412
31-MAR-2021,CAAS CAPITAL MANAGEMENT LP,19586
31-MAR-2021,CAISSE DE DEPOT ET PLACEMENT DU QUEBEC,528766
31-MAR-2021,CALAMOS ADVISORS LLC,34694
31-MAR-2021,CALAMOS WEALTH MANAGEMENT LLC,2324
31-MAR-2021,CANADA PENSION PLAN INVESTMENT BOARD,525426
31-MAR-2021,CAPITAL ADVISORS INC/OK,200
31-MAR-2021,CAPITAL FUND MANAGEMENT S.A.,38187528
31-MAR-2021,"Bedel Financial Consulting, Inc.",185
31-MAR-2021,Baystate Wealth Management LLC,27
31-MAR-2021,BIRINYI ASSOCIATES INC,2777
31-MAR-2021,"Bayesian Capital Management, LP",1054
31-MAR-2021,BIT Capital GmbH,6196400
31-MAR-2021,BLAIR WILLIAM & CO/IL,30288
31-MAR-2021,"BLB&B Advisors, LLC",675
31-MAR-2021,BLUESTEIN R H & CO,2078
31-MAR-2021,BOARDMAN BAY CAPITAL MANAGEMENT LLC,3564
31-MAR-2021,"BOKF, NA",1411
31-MAR-2021,BOSTON PRIVATE WEALTH LLC,269
31-MAR-2021,BOURGEON CAPITAL MANAGEMENT LLC,236
31-MAR-2021,BREWIN DOLPHIN LTD,7746
31-MAR-2021,BRIGHTON JONES LLC,1511
31-MAR-2021,BRITISH COLUMBIA INVESTMENT MANAGEMENT Corp,123738
31-MAR-2021,BROWN BROTHERS HARRIMAN & CO,438
31-MAR-2021,BROWN CAPITAL MANAGEMENT LLC,6061
31-MAR-2021,BSW Wealth Partners,209
31-MAR-2021,"BUCKINGHAM STRATEGIC WEALTH, LLC",536
31-MAR-2021,BURNEY CO/,372
31-MAR-2021,BURNS J W & CO INC/NY,578
31-MAR-2021,BW Gestao de Investimentos Ltda.,442600
31-MAR-2021,"Baldwin Investment Management, LLC",1505
31-MAR-2021,"Ballew Advisors, Inc",1724
31-MAR-2021,"Bank Julius Baer & Co. Ltd, Zurich",9
31-MAR-2021,Banque Cantonale Vaudoise,576
31-MAR-2021,"Bard Financial Services, Inc.",288
31-MAR-2021,"Barrett Asset Management, LLC",34
31-MAR-2021,Barton Investment Management,258737
31-MAR-2021,Baskin Financial Services Inc.,456
31-MAR-2021,Bay Rivers Group,954
31-MAR-2021,"JEPPSON WEALTH MANAGEMENT, LLC",765
31-MAR-2021,Polar Capital Holdings Plc,5593
31-MAR-2021,"JFS WEALTH ADVISORS, LLC",87
31-MAR-2021,"Sheaff Brock Investment Advisors, LLC",1906
31-MAR-2021,Southland Equity Partners LLC,246750
31-MAR-2021,Southern Farm Bureau Life Insurance,221
31-MAR-2021,South Shore Capital Advisors,206
31-MAR-2021,"Sound View Wealth Advisors Group, LLC",939
31-MAR-2021,"Sound Income Strategies, LLC",57538
31-MAR-2021,Souders Financial Advisors,727
31-MAR-2021,Soltis Investment Advisors LLC,500
31-MAR-2021,"Sofos Investments, Inc.",24826
31-MAR-2021,Snowden Capital Advisors LLC,6911199
31-MAR-2021,Skye Global Management LP,1925
31-MAR-2021,"SkyView Investment Advisors, LLC",1
31-MAR-2021,"SkyOak Wealth, LLC",1924
31-MAR-2021,Sigma Planning Corp,5282
31-MAR-2021,"Seven Springs Wealth Group, LLC",332
31-MAR-2021,THORNBURG INVESTMENT MANAGEMENT INC,74776
31-MAR-2021,Seven Post Investment Office LP,1106
31-MAR-2021,"SeaCrest Wealth Management, LLC",1251
31-MAR-2021,Sculptor Capital LP,13622
31-MAR-2021,"Sculati Wealth Management, LLC",664
31-MAR-2021,Sciencast Management LP,239
31-MAR-2021,Schonfeld Strategic Advisors LLC,4588
31-MAR-2021,"Sawtooth Solutions, LLC",261
31-MAR-2021,Sassicaia Capital Advisers LLC,708
31-MAR-2021,"Sargent Investment Group, LLC",715
31-MAR-2021,Sargent Bickham Lagudis LLC,157
31-MAR-2021,"Sanford Advisory Services, LLC",524
31-MAR-2021,Sandy Spring Bank,216
31-MAR-2021,Sandhill Capital Partners LLC,11989
31-MAR-2021,"Sowa Financial Group, Inc.",2424
31-MAR-2021,Sowell Financial Services LLC,883
31-MAR-2021,Spark Investment Management LLC,3430
31-MAR-2021,Spence Asset Management,12044
31-MAR-2021,TEACHERS RETIREMENT SYSTEM OF THE STATE OF KENTUCKY,51331
31-MAR-2021,TD ASSET MANAGEMENT INC,591004
31-MAR-2021,"TCI Wealth Advisors, Inc.",105
31-MAR-2021,"Symphony Financial, Ltd. Co.",289
31-MAR-2021,Swiss National Bank,492401
31-MAR-2021,"Sunbelt Securities, Inc.",842
31-MAR-2021,"Summit X, LLC",888
31-MAR-2021,"Summit Trail Advisors, LLC",559
31-MAR-2021,"Summit Financial Strategies, Inc.",228
31-MAR-2021,"StrongBox Wealth, LLC",253
31-MAR-2021,"Strid Group, LLC",205
31-MAR-2021,"Stratos Wealth Partners, LTD.",2425
31-MAR-2021,"Stratos Wealth Advisors, LLC",437
31-MAR-2021,Strategy Capital LLC,192269
31-MAR-2021,Stony Point Capital LLC,11231
31-MAR-2021,Stonebridge Capital Advisors LLC,30
31-MAR-2021,"Steward Partners Investment Advisory, LLC",9186164
31-MAR-2021,"Sterling Investment Advisors, Ltd.",2407
31-MAR-2021,Steel Peak Wealth Management LLC,8269
31-MAR-2021,"Steamboat Capital Partners, LLC",3480
31-MAR-2021,Steadview Capital Management LLC,108219
31-MAR-2021,State of Wyoming,486
31-MAR-2021,"State of Tennessee, Treasury Department",129275
31-MAR-2021,"Stanley-Laman Group, Ltd.",7445
31-MAR-2021,Standard Family Office LLC,371
31-MAR-2021,"Spouting Rock Asset Management, LLC",343
31-MAR-2021,Spire Wealth Management,7465
31-MAR-2021,SWS Partners,1057
31-MAR-2021,"SUMMIT PARTNERS PUBLIC ASSET MANAGEMENT, LLC",23218
31-MAR-2021,"STONNINGTON GROUP, LLC",3875
31-MAR-2021,"Rockbridge Investment Management, LCC",76
31-MAR-2021,Rinet Co LLC,322
31-MAR-2021,"Rikoon Group, LLC",206
31-MAR-2021,"Retirement Group, LLC",302
31-MAR-2021,"Resources Investment Advisors, LLC.",1006
31-MAR-2021,"Resource Management, LLC",251
31-MAR-2021,"Requisite Capital Management, LLC",509
31-MAR-2021,"Redwood Investments, LLC",675
31-MAR-2021,"Redhawk Wealth Advisors, Inc.",200
31-MAR-2021,"Red Door Wealth Management, LLC",424
31-MAR-2021,"Raymond James Financial Services Advisors, Inc.",52418
31-MAR-2021,Rathbone Brothers plc,79647
31-MAR-2021,RWC Asset Management LLP,5258
31-MAR-2021,RSM US WEALTH MANAGEMENT LLC,298
31-MAR-2021,"RPG Investment Advisory, LLC",22
31-MAR-2021,ROYAL LONDON ASSET MANAGEMENT LTD,50683
31-MAR-2021,ROYAL BANK OF CANADA,63314
31-MAR-2021,ROOSEVELT INVESTMENT GROUP LLC,610
31-MAR-2021,"ROCKY MOUNTAIN ADVISERS, LLC",15
31-MAR-2021,RIVERPARK CAPITAL MANAGEMENT LLC,2295
31-MAR-2021,RITHOLTZ WEALTH MANAGEMENT,678
31-MAR-2021,"RFG Advisory, LLC",342
31-MAR-2021,RENAISSANCE TECHNOLOGIES LLC,269336
31-MAR-2021,"REILLY FINANCIAL ADVISORS, LLC",127
31-MAR-2021,REGIONS FINANCIAL CORP,5447
31-MAR-2021,REGENTATLANTIC CAPITAL LLC,242
31-MAR-2021,REDW Wealth LLC,271
31-MAR-2021,"RBF Capital, LLC",553
31-MAR-2021,"RiverPark Advisors, LLC",13576
31-MAR-2021,Rosenberg Matthew Hamilton,34
31-MAR-2021,STOCK YARDS BANK & TRUST CO,276
31-MAR-2021,"Round Rock Advisors, LLC",480
31-MAR-2021,STATE OF WISCONSIN INVESTMENT BOARD,53874
31-MAR-2021,SSI INVESTMENT MANAGEMENT LLC,7494
31-MAR-2021,SQN Investors LP,105698
31-MAR-2021,SPX Equities Gestao de Recursos Ltda,0
31-MAR-2021,SOROS CAPITAL MANAGEMENT LLC,5005
31-MAR-2021,"SONORA INVESTMENT MANAGEMENT, LLC",77
31-MAR-2021,"SIMPLEX TRADING, LLC",416050
31-MAR-2021,"SIMON QUICK ADVISORS, LLC",242
31-MAR-2021,SILVERCREST ASSET MANAGEMENT GROUP LLC,278
31-MAR-2021,"SIGNATUREFD, LLC",1412
31-MAR-2021,SIGNATURE ESTATE & INVESTMENT ADVISORS LLC,1
31-MAR-2021,SHENKMAN CAPITAL MANAGEMENT INC,8477
31-MAR-2021,SHELL ASSET MANAGEMENT CO,9427
31-MAR-2021,"SG3 Management, LLC",13278
31-MAR-2021,"SG Americas Securities, LLC",81145
31-MAR-2021,"SFMG, LLC",450
31-MAR-2021,SEI INVESTMENTS CO,105460
31-MAR-2021,"SEGALL BRYANT & HAMILL, LLC",539
31-MAR-2021,SCHRODER INVESTMENT MANAGEMENT GROUP,17116
31-MAR-2021,SCHAPER BENZ & WISE INVESTMENT COUNSEL INC/WI,287
31-MAR-2021,"SCGE MANAGEMENT, L.P.",989211
31-MAR-2021,"SANDS CAPITAL MANAGEMENT, LLC",2828922
31-MAR-2021,SAN FRANCISCO SENTRY INVESTMENT GROUP (CA),332
31-MAR-2021,SALEM INVESTMENT COUNSELORS INC,63
31-MAR-2021,"Russell Investments Group, Ltd.",6188
31-MAR-2021,"Route One Investment Company, L.P.",143236
31-MAR-2021,Roundview Capital LLC,1648
31-MAR-2021,TFC Financial Management,150
31-MAR-2021,TIGER GLOBAL MANAGEMENT LLC,572669
31-MAR-2021,"JGP Wealth Management, LLC",420
31-MAR-2021,WHITTIER TRUST CO,267
31-MAR-2021,"WealthPLAN Partners, LLC",333
31-MAR-2021,"Wealth Architects, LLC",238
31-MAR-2021,"Wealth Alliance Advisory Group, LLC",297
31-MAR-2021,"We Are One Seven, LLC",1031
31-MAR-2021,Walleye Trading LLC,78565
31-MAR-2021,Walleye Capital LLC,251
31-MAR-2021,"Wagner Wealth Management, LLC",12
31-MAR-2021,"WOODWARD DIVERSIFIED CAPITAL, LLC",715
31-MAR-2021,WOODSTOCK CORP,538
31-MAR-2021,WOLFF WIESE MAGANA LLC,351
31-MAR-2021,"WILLIAM BLAIR INVESTMENT MANAGEMENT, LLC",10453
31-MAR-2021,WILBANKS SMITH & THOMAS ASSET MANAGEMENT LLC,846
31-MAR-2021,WHITTIER TRUST CO OF NEVADA INC,11
31-MAR-2021,WETHERBY ASSET MANAGEMENT INC,403
31-MAR-2021,TITAN GLOBAL CAPITAL MANAGEMENT USA LLC,16144
31-MAR-2021,WELCH & FORBES LLC,1297
31-MAR-2021,WEDBUSH SECURITIES INC,3505
31-MAR-2021,"WEBSTER BANK, N. A.",122
31-MAR-2021,WEATHERLY ASSET MANAGEMENT L. P.,362
31-MAR-2021,"WEALTHSOURCE PARTNERS, LLC",647
31-MAR-2021,WD RUTHERFORD LLC,1415
31-MAR-2021,"WCM INVESTMENT MANAGEMENT, LLC",2196643
31-MAR-2021,"WC Walker & Associates, Inc.",452
31-MAR-2021,WBH ADVISORY INC,339
31-MAR-2021,WASHINGTON TRUST Co,44
31-MAR-2021,"WASHBURN CAPITAL MANAGEMENT, INC.",2586
31-MAR-2021,WADE G W & INC,674
31-MAR-2021,"Vista Wealth Management Group, LLC",332
31-MAR-2021,"WealthShield Partners, LLC",20
31-MAR-2021,"WealthStone, Inc.",212
31-MAR-2021,Wealthcare Advisory Partners LLC,281
31-MAR-2021,"Wealthspire Advisors, LLC",830
31-MAR-2021,"TCG Advisory Services, LLC",201
31-MAR-2021,"ELEMENT POINTE ADVISORS, LLC",1165
31-MAR-2021,Zweig-DiMenna Associates LLC,18921
31-MAR-2021,Zurcher Kantonalbank (Zurich Cantonalbank),35743
31-MAR-2021,"Zions Bancorporation, N.A.",54
31-MAR-2021,"Ziegler Capital Management, LLC",5441
31-MAR-2021,ZEVENBERGEN CAPITAL INVESTMENTS LLC,218570
31-MAR-2021,ZAZOVE ASSOCIATES LLC,10328
31-MAR-2021,ZACKS INVESTMENT MANAGEMENT,600
31-MAR-2021,Yorktown Management & Research Co Inc,216
31-MAR-2021,"York Capital Management Global Advisors, LLC",1411
31-MAR-2021,"YHB Investment Advisors, Inc.",269
31-MAR-2021,Y-Intercept (Hong Kong) Ltd,1339
31-MAR-2021,"Xcel Wealth Management, LLC",692
31-MAR-2021,XR Securities LLC,1847
31-MAR-2021,"X-Square Capital, LLC",1353
31-MAR-2021,"Worm Capital, LLC",62713
31-MAR-2021,Winthrop Advisory Group LLC,428
31-MAR-2021,"Winfield Associates, Inc.",2689
31-MAR-2021,"Winch Advisory Services, LLC",15
31-MAR-2021,"Willis Johnson & Associates, Inc.",510
31-MAR-2021,Whale Rock Capital Management LLC,470492
31-MAR-2021,"Westside Investment Management, Inc.",11
31-MAR-2021,"Western Wealth Management, LLC",447
31-MAR-2021,"West Oak Capital, LLC",6
31-MAR-2021,"Wellington Shields Capital Management, LLC",6219
31-MAR-2021,"Wellington Shields & Co., LLC",4758
31-MAR-2021,Visionary Wealth Advisors,238
31-MAR-2021,"Vision Capital Management, Inc.",221
31-MAR-2021,"Virtue Capital Management, LLC",1217
31-MAR-2021,Turim 21 Investimentos Ltda.,7
31-MAR-2021,Triasima Portfolio Management inc.,134581
31-MAR-2021,Trexquant Investment LP,2109
31-MAR-2021,"Traynor Capital Management, Inc.",472
31-MAR-2021,"Tradewinds Capital Management, LLC",31
31-MAR-2021,"TownSquare Capital, LLC",333
31-MAR-2021,"Total Clarity Wealth Management, Inc.",147
31-MAR-2021,"Tortoise Investment Management, LLC",155
31-MAR-2021,"Toroso Investments, LLC",1653
31-MAR-2021,Thrivent Financial for Lutherans,24299
31-MAR-2021,"Thomas J. Herzfeld Advisors, Inc.",6
31-MAR-2021,Third Point LLC,132780
31-MAR-2021,Texas Yale Capital Corp.,13550
31-MAR-2021,Terra Nova Asset Management LLC,1502
31-MAR-2021,"Teamwork Financial Advisors, LLC",5987
31-MAR-2021,"Taylor, Cottrill, Erickson & Associates, Inc.",1280
31-MAR-2021,Tacita Capital Inc,490
31-MAR-2021,TYBOURNE CAPITAL MANAGEMENT (HK) LTD,211784
31-MAR-2021,"TWO SIGMA SECURITIES, LLC",1448
31-MAR-2021,"TWO SIGMA INVESTMENTS, LP",38877
31-MAR-2021,TWINBEECH CAPITAL LP,5206
31-MAR-2021,"TSFG, LLC",212
31-MAR-2021,"TRUSTCORE FINANCIAL SERVICES, LLC",24
31-MAR-2021,TRUST CO OF VERMONT,111
31-MAR-2021,TOTH FINANCIAL ADVISORY CORP,153
31-MAR-2021,TORONTO DOMINION BANK,161028
31-MAR-2021,TOCQUEVILLE ASSET MANAGEMENT L.P.,15643
31-MAR-2021,TOBAM,4258
31-MAR-2021,Truvestments Capital LLC,167
31-MAR-2021,"Twin Tree Management, LP",60901
31-MAR-2021,Vigilare Wealth Management,1196
31-MAR-2021,UBS ASSET MANAGEMENT AMERICAS INC,81327750
31-MAR-2021,"Vident Investment Advisory, LLC",1575
31-MAR-2021,"Vestmark Advisory Solutions, Inc.",671
31-MAR-2021,Verition Fund Management LLC,903
31-MAR-2021,Veriti Management LLC,882
31-MAR-2021,"Veritable, L.P.",755
31-MAR-2021,Verdence Capital Advisors LLC,2066
31-MAR-2021,Veracity Capital LLC,558
31-MAR-2021,Varma Mutual Pension Insurance Co,2219
31-MAR-2021,"Van Hulzen Asset Management, LLC",540
31-MAR-2021,"Valmark Advisers, Inc.",741
31-MAR-2021,"Valeo Financial Advisors, LLC",404
31-MAR-2021,"VIVID FINANCIAL MANAGEMENT, INC.",634
31-MAR-2021,"VIRIDIAN RIA, LLC",4612
31-MAR-2021,VIRGINIA RETIREMENT SYSTEMS ET AL,12032
31-MAR-2021,VIKING GLOBAL INVESTORS LP,117921
31-MAR-2021,VICUS CAPITAL,435
31-MAR-2021,VICTORY CAPITAL MANAGEMENT INC,52578
31-MAR-2021,"VESTOR CAPITAL, LLC",85
31-MAR-2021,VANGUARD GROUP INC,2835280
31-MAR-2021,VAN ECK ASSOCIATES CORP,4035
31-MAR-2021,VALLEY NATIONAL ADVISERS INC,7
31-MAR-2021,V Wealth Advisors LLC,1663
31-MAR-2021,"United Capital Management of KS, Inc.",451
31-MAR-2021,"United Asset Strategies, Inc.",322
31-MAR-2021,USS Investment Management Ltd,25878
31-MAR-2021,USCA RIA LLC,417
31-MAR-2021,UNIVERSITY OF NOTRE DAME DU LAC,20027
31-MAR-2021,"RB Capital Management, LLC",245
31-MAR-2021,RAYMOND JAMES TRUST N.A.,740
31-MAR-2021,RAYMOND JAMES & ASSOCIATES,105182
31-MAR-2021,"MARK SHEPTOFF FINANCIAL PLANNING, LLC",188
31-MAR-2021,MITCHELL MCLEOD PUGH & WILLIAMS INC,561
31-MAR-2021,"MISSION WEALTH MANAGEMENT, LP",634
31-MAR-2021,MILLENNIUM MANAGEMENT LLC,632164
31-MAR-2021,MID ATLANTIC FINANCIAL MANAGEMENT INC/ADV,2167
31-MAR-2021,MERCER GLOBAL ADVISORS INC /ADV,6874
31-MAR-2021,"MEAG MUNICH ERGO, Kapitalanlagegesellschaft mbH",4934
31-MAR-2021,MCF Advisors LLC,33
31-MAR-2021,MCDANIEL TERRY & CO,243
31-MAR-2021,MAVERICK CAPITAL LTD,1762
31-MAR-2021,MASSMUTUAL TRUST CO FSB/ADV,95
31-MAR-2021,MASSACHUSETTS FINANCIAL SERVICES CO /MA/,202100
31-MAR-2021,MARSICO CAPITAL MANAGEMENT LLC,29080
31-MAR-2021,"MARSHALL WACE, LLP",42611
31-MAR-2021,MANCHESTER FINANCIAL INC,76
31-MAR-2021,Quantbot Technologies LP,587
31-MAR-2021,MAI Capital Management,2392
31-MAR-2021,MACROVIEW INVESTMENT MANAGEMENT LLC,4
31-MAR-2021,MACQUARIE GROUP LTD,3948
31-MAR-2021,MACKENZIE FINANCIAL CORP,466373
31-MAR-2021,MACKAY SHIELDS LLC,2157
31-MAR-2021,M&G INVESTMENT MANAGEMENT LTD,75392
31-MAR-2021,"M Holdings Securities, Inc.",5562
31-MAR-2021,"Luxor Capital Group, LP",2992
31-MAR-2021,"Lumature Wealth Partners, LLC",65
31-MAR-2021,Livingston Group Asset Management CO (operating as Southport Capital Management),256
31-MAR-2021,"Linscomb & Williams, Inc.",845
31-MAR-2021,Linden Rose Investment LLC,1004
31-MAR-2021,"Lindbrook Capital, LLC",569
31-MAR-2021,"MONECO Advisors, LLC",407
31-MAR-2021,MONEY CONCEPTS CAPITAL CORP,272
31-MAR-2021,MONTAG A & ASSOCIATES INC,1789
31-MAR-2021,MONTRUSCO BOLTON INVESTMENTS INC.,2643
31-MAR-2021,Mirador Capital Partners LP,297
31-MAR-2021,"Miracle Mile Advisors, LLC",3210
31-MAR-2021,"Meridian Wealth Partners, LLC",125
31-MAR-2021,"Meridian Wealth Management, LLC",7322
31-MAR-2021,Melqart Asset Management (UK) Ltd,22900
31-MAR-2021,Mechanics Bank Trust Department,482
31-MAR-2021,"McMahon Financial Advisors, LLC",351
31-MAR-2021,"McIlrath & Eck, LLC",738
31-MAR-2021,"McClarren Financial Advisors, Inc.",19
31-MAR-2021,"Mayflower Financial Advisors, LLC",583
31-MAR-2021,Mattern Wealth Management LLC,336
31-MAR-2021,"Mathes Company, Inc.",3035
31-MAR-2021,Mark Stevens,1
31-MAR-2021,"Marcum Wealth, LLC",690
31-MAR-2021,Marcho Partners LLP,130256
31-MAR-2021,Marathon Trading Investment Management LLC,1106
31-MAR-2021,"Maple Capital Management, Inc.",221
31-MAR-2021,Manitou Investment Management Ltd.,11699
31-MAR-2021,Manchester Capital Management LLC,4762
31-MAR-2021,Main Street Research LLC,11061
31-MAR-2021,"Main Street Financial Solutions, LLC",1122
31-MAR-2021,Magnetar Financial LLC,230
31-MAR-2021,"Mach-1 Financial Group, Inc.",12
31-MAR-2021,MUFG Securities EMEA plc,124627
31-MAR-2021,MOSELEY INVESTMENT MANAGEMENT INC,1293
31-MAR-2021,MORGENS WATERFALL VINTIADIS & CO INC,9162
31-MAR-2021,MOODY NATIONAL BANK TRUST DIVISION,692
31-MAR-2021,"Lighthouse Financial Advisors, Inc.",4076
31-MAR-2021,LifePro Asset Management,17207
31-MAR-2021,"Lido Advisors, LLC",2287
31-MAR-2021,Korea Investment CORP,161856
31-MAR-2021,"Kistler-Tiffany Companies, LLC",44
31-MAR-2021,"Kingsview Wealth Management, LLC",3260
31-MAR-2021,Key Financial Inc,8
31-MAR-2021,"Kesler, Norman & Wride, LLC",353
31-MAR-2021,"Kercheville Advisors, LLC",1587
31-MAR-2021,Kemnay Advisory Services Inc.,745
31-MAR-2021,"Kathmere Capital Management, LLC",214
31-MAR-2021,Karp Capital Management Corp,285
31-MAR-2021,KINGS POINT CAPITAL MANAGEMENT,1934
31-MAR-2021,"KG&L Capital Management,LLC",707
31-MAR-2021,KEYWISE CAPITAL MANAGEMENT (HK) Ltd,553
31-MAR-2021,KEYSTONE WEALTH PARTNERS,222
31-MAR-2021,"KB FINANCIAL PARTNERS, LLC",212
31-MAR-2021,KAMES CAPITAL plc,83408
31-MAR-2021,K.J. Harrison & Partners Inc,1258
31-MAR-2021,JustInvest LLC,1393
31-MAR-2021,"Joseph P. Lucia & Associates, LLC",7
31-MAR-2021,"Jarislowsky, Fraser Ltd",472686
31-MAR-2021,Janney Montgomery Scott LLC,10314
31-MAR-2021,"Jaffetilchin Investment Partners, LLC",2793
31-MAR-2021,Jacobi Capital Management LLC,86
31-MAR-2021,"Jackson Square Partners, LLC",292
31-MAR-2021,JUPITER ASSET MANAGEMENT LTD,1134
31-MAR-2021,JT Stratford LLC,799
31-MAR-2021,JS Capital Management LLC,9959
31-MAR-2021,JOHNSON INVESTMENT COUNSEL INC,415
31-MAR-2021,JJJ Advisors Inc.,22
31-MAR-2021,Kore Private Wealth LLC,280
31-MAR-2021,"Koshinski Asset Management, Inc.",818
31-MAR-2021,"Lenox Wealth Advisors, LLC",6
31-MAR-2021,"Kovack Advisors, Inc.",8633
31-MAR-2021,Leith Wheeler Investment Counsel Ltd.,235
31-MAR-2021,"Legal Advantage Investments, Inc.",1499
31-MAR-2021,"Legacy Wealth Asset Management, LLC",770
31-MAR-2021,"Legacy Capital Wealth Partners, LLC",245
31-MAR-2021,"Legacy Advisors, LLC",210
31-MAR-2021,Lee Capital Holdings LLC,1411
31-MAR-2021,Laurion Capital Management LP,71600
31-MAR-2021,"Laurel Wealth Advisors, Inc.",617
31-MAR-2021,Laurel Wealth Advisors LLC,11
31-MAR-2021,Larson Financial Group LLC,271
31-MAR-2021,"Lakeview Capital Partners, LLC",268
31-MAR-2021,Laidlaw Wealth Management LLC,548
31-MAR-2021,"LYELL WEALTH MANAGEMENT, LP",15656
31-MAR-2021,LPL Financial LLC,64615
31-MAR-2021,LORING WOLCOTT & COOLIDGE FIDUCIARY ADVISORS LLP/MA,596
31-MAR-2021,"LORD, ABBETT & CO. LLC",67321
31-MAR-2021,LONE PINE CAPITAL LLC,1894870
31-MAR-2021,LOGAN CAPITAL MANAGEMENT INC,911
31-MAR-2021,LINCOLN NATIONAL CORP,2188
31-MAR-2021,LIBERTY WEALTH MANAGEMENT LLC,11
31-MAR-2021,"LEVEL FOUR ADVISORY SERVICES, LLC",3155
31-MAR-2021,LAZARD ASSET MANAGEMENT LLC,1486
31-MAR-2021,"LANDSCAPE CAPITAL MANAGEMENT, L.L.C.",697
31-MAR-2021,LAKE STREET FINANCIAL LLC,583
31-MAR-2021,"LAKE STREET ADVISORS GROUP, LLC",570
31-MAR-2021,LA FINANCIERE DE L'ECHIQUIER,22794
31-MAR-2021,L & S Advisors Inc,4910
31-MAR-2021,"Mirae Asset Global Investments Co., Ltd.",9068
31-MAR-2021,Mitsubishi UFJ Trust & Banking Corp,199699
31-MAR-2021,"Miura Global Management, LLC",7746
31-MAR-2021,"Patriot Financial Group Insurance Agency, LLC",25
31-MAR-2021,Parisi Gray Wealth Management,627
31-MAR-2021,Parametrica Management Ltd,2204
31-MAR-2021,Parametric Portfolio Associates LLC,69511
31-MAR-2021,"Parallel Advisors, LLC",3592
31-MAR-2021,"Parallax Volatility Advisers, L.P.",65747
31-MAR-2021,"Paragon Advisors, LLC",2984
31-MAR-2021,"Paradigm Financial Advisors, LLC",224
31-MAR-2021,"Paradiem, LLC",883
31-MAR-2021,Pacitti Group Inc.,23
31-MAR-2021,"Pacific Wealth Strategies Group, Inc.",1725
31-MAR-2021,"Pacific Edge Advisors, LLC",305
31-MAR-2021,"Pacer Advisors, Inc.",938
31-MAR-2021,PRW Wealth Management LLC,3058
31-MAR-2021,"PROEQUITIES, INC.",1426
31-MAR-2021,PRIO WEALTH LIMITED PARTNERSHIP,1428
31-MAR-2021,PRICE T ROWE ASSOCIATES INC /MD/,3066852
31-MAR-2021,PRAGMA GESTAO DE PATRIMONIO LTD,8299
31-MAR-2021,PITTENGER & ANDERSON INC,1362
31-MAR-2021,PINNACLE ASSOCIATES LTD,363
31-MAR-2021,"PINEBRIDGE INVESTMENTS, L.P.",8811
31-MAR-2021,PIN OAK INVESTMENT ADVISORS INC,66
31-MAR-2021,PILLAR PACIFIC CAPITAL MANAGEMENT LLC,136
31-MAR-2021,PIER 88 INVESTMENT PARTNERS LLC,40
31-MAR-2021,PFS INVESTMENTS INC.,403
31-MAR-2021,PFG Advisors,351
31-MAR-2021,PERSONAL CAPITAL ADVISORS CORP,1125
31-MAR-2021,PECONIC PARTNERS LLC,387
31-MAR-2021,Parkside Financial Bank & Trust,67
31-MAR-2021,Pentwater Capital Management LP,8254
31-MAR-2021,"PDS Planning, Inc",242
31-MAR-2021,"Perennial Investment Advisors, LLC",8966
31-MAR-2021,Quaero Capital S.A.,687
31-MAR-2021,Quadrature Capital Ltd,77969
31-MAR-2021,Qtron Investments LLC,783
31-MAR-2021,QUEST INVESTMENT MANAGEMENT LLC,15337
31-MAR-2021,QUEST CAPITAL MANAGEMENT INC /ADV,497
31-MAR-2021,QUADRANT CAPITAL GROUP LLC,195
31-MAR-2021,"QCM Cayman, Ltd.",252
31-MAR-2021,Q CAPITAL SOLUTIONS,4896
31-MAR-2021,Public Sector Pension Investment Board,190071
31-MAR-2021,Prospera Financial Services Inc,2098
31-MAR-2021,Proem Advisors LLC,2766
31-MAR-2021,"Private Wealth Strategies, L.L.C.",277
31-MAR-2021,Private Portfolio Partners LLC,711083
31-MAR-2021,"Private Ocean, LLC",183
31-MAR-2021,"Private Advisor Group, LLC",7566
31-MAR-2021,"Prime Capital Investment Advisors, LLC",412
31-MAR-2021,"PrairieView Partners, LLC",89
31-MAR-2021,"Point Break Capital Management, LLC",3501
31-MAR-2021,"Plante Moran Financial Advisors, LLC",323
31-MAR-2021,"Pinz Capital Management, LP",332
31-MAR-2021,"Pinnacle Wealth Planning Services, Inc.",582
31-MAR-2021,"Pinnacle Bancorp, Inc.",31
31-MAR-2021,Phoenix Wealth Advisors,868
31-MAR-2021,"Pettinga Financial Advisors, LLC",277
31-MAR-2021,Perkins Coie Trust Co,40
31-MAR-2021,Periscope Capital Inc.,568
31-MAR-2021,"Perigon Wealth Management, LLC",258
31-MAR-2021,PECAUT & CO.,277
31-MAR-2021,PCJ Investment Counsel Ltd.,8613
31-MAR-2021,"Moors & Cabot, Inc.",1562
31-MAR-2021,"Nicholas Investment Partners, LP",7192
31-MAR-2021,"Newman Dignan & Sheerar, Inc.",238
31-MAR-2021,"Newbridge Financial Services Group, Inc.",912
31-MAR-2021,"NewEdge Wealth, LLC",727
31-MAR-2021,Neuberger Berman Group LLC,7534
31-MAR-2021,"Nelson, Van Denburg & Campbell Wealth Management Group, LLC",101
31-MAR-2021,Navellier & Associates Inc,2153
31-MAR-2021,"Nadler Financial Group, Inc.",2448
31-MAR-2021,"NWK Group, Inc.",46
31-MAR-2021,NWAM LLC,6998
31-MAR-2021,"NVWM, LLC",1705
31-MAR-2021,"NORTHWEST INVESTMENT COUNSELORS, LLC",102
31-MAR-2021,NORGES BANK,1189067
31-MAR-2021,NORDEA INVESTMENT MANAGEMENT AB,2041
31-MAR-2021,NOMURA ASSET MANAGEMENT CO LTD,15617252
31-MAR-2021,NICOLET BANKSHARES INC,756
31-MAR-2021,"NFP Retirement, Inc.",387275
31-MAR-2021,"NFJ INVESTMENT GROUP, LLC",1
31-MAR-2021,"NEXT Financial Group, Inc",572
31-MAR-2021,NEXT CENTURY GROWTH INVESTORS LLC,1139
31-MAR-2021,NEW YORK STATE COMMON RETIREMENT FUND,150059
31-MAR-2021,NATIXIS,95957
31-MAR-2021,"NATIONS FINANCIAL GROUP INC, /IA/ /ADV",316
31-MAR-2021,"NAPLES GLOBAL ADVISORS, LLC",570
31-MAR-2021,"Mutual Advisors, LLC",849
31-MAR-2021,"Mount Yale Investment Advisors, LLC",3064
31-MAR-2021,"Moser Wealth Advisors, LLC",168
31-MAR-2021,"Morse Asset Management, Inc",718
31-MAR-2021,NexWave Capital Partners LLC,293
31-MAR-2021,"Night Owl Capital Management, LLC",34646
31-MAR-2021,"PAX Financial Group, LLC",939
31-MAR-2021,"Nikko Asset Management Americas, Inc.",609826
31-MAR-2021,PARK NATIONAL CORP /OH/,374
31-MAR-2021,PARK AVENUE SECURITIES LLC,3250
31-MAR-2021,Oxler Private Wealth LLC,1019
31-MAR-2021,"Oxbow Advisors, LLC",466
31-MAR-2021,"Otter Creek Advisors, LLC",775
31-MAR-2021,Orion Capital Management LLC,159
31-MAR-2021,"Oribel Capital Management, LP",7303
31-MAR-2021,OneAscent Wealth Management LLC,1160
31-MAR-2021,OneAscent Financial Services LLC,550
31-MAR-2021,"Oder Investment Management, LLC",440
31-MAR-2021,"Ocean Capital Management, LLC",766
31-MAR-2021,"Oakwell Private Wealth Management, LLC",417
31-MAR-2021,OPTIMUM INVESTMENT ADVISORS,156
31-MAR-2021,OPPENHEIMER & CO INC,2586
31-MAR-2021,OMERS ADMINISTRATION Corp,268
31-MAR-2021,OLD NATIONAL BANCORP /IN/,1959
31-MAR-2021,OKABENA INVESTMENT SERVICES INC,1620
31-MAR-2021,"OGBORNE CAPITAL MANAGEMENT, LLC",11065
31-MAR-2021,OBERWEIS ASSET MANAGEMENT INC/,3231
31-MAR-2021,"OBERMEYER WOOD INVESTMENT COUNSEL, LLLP",502
31-MAR-2021,OAKMONT CORP,620
31-MAR-2021,OAK RIDGE INVESTMENTS LLC,450
31-MAR-2021,"O'SHAUGHNESSY ASSET MANAGEMENT, LLC",23060
31-MAR-2021,"O'Neil Global Advisors, Inc.",1867
31-MAR-2021,"NuWave Investment Management, LLC",158
31-MAR-2021,"NorthRock Partners, LLC",357
31-MAR-2021,North Star Investment Management Corp.,61
31-MAR-2021,EFG Asset Management (Americas) Corp.,3410
31-DEC-2020,"AFT, FORSYTH & COMPANY, INC.",1020
31-DEC-2020,EULAV Asset Management,19810
31-DEC-2020,Invictus RG,201
31-DEC-2020,KINGS POINT CAPITAL MANAGEMENT,1983
31-DEC-2020,"Kamunting Street Capital Management, L.P.",5770
31-DEC-2020,"Kathmere Capital Management, LLC",212
31-DEC-2020,Kemnay Advisory Services Inc.,983
31-DEC-2020,"Kercheville Advisors, LLC",1620
31-DEC-2020,"Kesler, Norman & Wride, LLC",338
31-DEC-2020,"Kestra Advisory Services, LLC",12634622
31-DEC-2020,Key Financial Inc,8
31-DEC-2020,"Kingsview Wealth Management, LLC",2426
31-DEC-2020,"Kistler-Tiffany Companies, LLC",37
31-DEC-2020,Kore Private Wealth LLC,348
31-DEC-2020,Korea Investment CORP,225610
31-DEC-2020,"Koshinski Asset Management, Inc.",1658
31-DEC-2020,"Kovack Advisors, Inc.",8547
31-DEC-2020,"Kozak & Associates, Inc.",683
31-DEC-2020,"Krueger & Catalano Capital Partners, LLC",2416
31-DEC-2020,L & S Advisors Inc,6659
31-DEC-2020,LAKE STREET FINANCIAL LLC,610
31-DEC-2020,"LANDSCAPE CAPITAL MANAGEMENT, L.L.C.",752
31-DEC-2020,LCM Capital Management Inc,1019
31-DEC-2020,"LEVEL FOUR ADVISORY SERVICES, LLC",3199
31-DEC-2020,"KG&L Capital Management,LLC",727
31-DEC-2020,KEYSTONE WEALTH PARTNERS,279
31-DEC-2020,"KESTRA PRIVATE WEALTH SERVICES, LLC",3026023
31-DEC-2020,JUPITER ASSET MANAGEMENT LTD,1177
31-DEC-2020,J. Goldman & Co LP,1224
31-DEC-2020,JCIC Asset Management Inc.,60
31-DEC-2020,"JEPPSON WEALTH MANAGEMENT, LLC",791
31-DEC-2020,"JFS WEALTH ADVISORS, LLC",7
31-DEC-2020,"JGP Wealth Management, LLC",455
31-DEC-2020,JJJ Advisors Inc.,6
31-DEC-2020,JOHNSON INVESTMENT COUNSEL INC,370
31-DEC-2020,JONES FINANCIAL COMPANIES LLLP,8
31-DEC-2020,JS Capital Management LLC,21507
31-DEC-2020,"Jackson Square Partners, LLC",217
31-DEC-2020,KAYNE ANDERSON RUDNICK INVESTMENT MANAGEMENT LLC,2
31-DEC-2020,"Jackson, Grant Investment Advisers, Inc.",6
31-DEC-2020,Jacobi Capital Management LLC,83
31-DEC-2020,"Jaffetilchin Investment Partners, LLC",3121
31-DEC-2020,Janney Montgomery Scott LLC,11507
31-DEC-2020,"Jarislowsky, Fraser Ltd",501781
31-DEC-2020,"Joseph P. Lucia & Associates, LLC",7
31-DEC-2020,JustInvest LLC,1505
31-DEC-2020,K.J. Harrison & Partners Inc,1301
31-DEC-2020,KAMES CAPITAL plc,53942
31-DEC-2020,LIBERTY WEALTH MANAGEMENT LLC,11
31-DEC-2020,LMR Partners LLP,2264
31-DEC-2020,LOGAN CAPITAL MANAGEMENT INC,628
31-DEC-2020,MANCHESTER FINANCIAL INC,43
31-DEC-2020,"Linscomb & Williams, Inc.",936
31-DEC-2020,Livingston Group Asset Management CO (operating as Southport Capital Management),206
31-DEC-2020,"Luxor Capital Group, LP",3061
31-DEC-2020,M&G INVESTMENT MANAGEMENT LTD,78030
31-DEC-2020,MACKAY SHIELDS LLC,2345
31-DEC-2020,MACKENZIE FINANCIAL CORP,229539
31-DEC-2020,MACQUARIE GROUP LTD,4507
31-DEC-2020,MACROVIEW INVESTMENT MANAGEMENT LLC,5
31-DEC-2020,MAI Capital Management,2425
31-DEC-2020,MARK ASSET MANAGEMENT LP,2077
31-DEC-2020,Linden Advisors LP,25457
31-DEC-2020,"MARK SHEPTOFF FINANCIAL PLANNING, LLC",192
31-DEC-2020,"MARSHALL WACE, LLP",17164
31-DEC-2020,MARSICO CAPITAL MANAGEMENT LLC,20176
31-DEC-2020,MASSACHUSETTS FINANCIAL SERVICES CO /MA/,472036
31-DEC-2020,MASSMUTUAL TRUST CO FSB/ADV,85
31-DEC-2020,MAVERICK CAPITAL LTD,572
31-DEC-2020,MCDANIEL TERRY & CO,249
31-DEC-2020,MCF Advisors LLC,34
31-DEC-2020,MCKINLEY CAPITAL MANAGEMENT LLC /DELAWARE,10910
31-DEC-2020,Linden Rose Investment LLC,994
31-DEC-2020,"Lindbrook Capital, LLC",516
31-DEC-2020,LONE PINE CAPITAL LLC,2032179
31-DEC-2020,Laurion Capital Management LP,159493
31-DEC-2020,"LORD, ABBETT & CO. LLC",106030
31-DEC-2020,LORING WOLCOTT & COOLIDGE FIDUCIARY ADVISORS LLP/MA,555
31-DEC-2020,LPL Financial LLC,56756
31-DEC-2020,"LYELL WEALTH MANAGEMENT, LP",17373
31-DEC-2020,Laidlaw Wealth Management LLC,501
31-DEC-2020,"Lakeview Capital Partners, LLC",258
31-DEC-2020,Larson Financial Group LLC,149
31-DEC-2020,Laurel Wealth Advisors LLC,11
31-DEC-2020,"Laurel Wealth Advisors, Inc.",740
31-DEC-2020,Lee Capital Holdings LLC,340
31-DEC-2020,"Lighthouse Financial Advisors, Inc.",3789
31-DEC-2020,Lee Financial Co,113
31-DEC-2020,"Legacy Advisors, LLC",215
31-DEC-2020,"Legacy Capital Wealth Partners, LLC",233
31-DEC-2020,"Legacy Wealth Asset Management, LLC",807
31-DEC-2020,"Legal Advantage Investments, Inc.",1302
31-DEC-2020,Leith Wheeler Investment Counsel Ltd.,332
31-DEC-2020,"Lenox Wealth Advisors, LLC",10
31-DEC-2020,"Lido Advisors, LLC",2168
31-DEC-2020,LifePro Asset Management,15556
31-DEC-2020,"IronBridge Private Wealth, LLC",57
31-DEC-2020,Investment Management Corp of Ontario,80199
31-DEC-2020,"RiverPark Advisors, LLC",13752
31-DEC-2020,Invesco Ltd.,1041
31-DEC-2020,Greenwoods Asset Management Ltd,10485
31-DEC-2020,Greytown Advisors Inc.,419
31-DEC-2020,"Gs Investments, Inc.",108
31-DEC-2020,Gulf International Bank (UK) Ltd,1741
31-DEC-2020,HALLMARK CAPITAL MANAGEMENT INC,243
31-DEC-2020,"HAP Trading, LLC",6981
31-DEC-2020,"HARBOR FINANCIAL SERVICES, LLC",1278
31-DEC-2020,"HARBOR INVESTMENT ADVISORY, LLC",1613
31-DEC-2020,"HARVEST GROUP WEALTH MANAGEMENT, LLC",57
31-DEC-2020,"HBC Financial Services, PLLC",29
31-DEC-2020,HBK Sorce Advisory LLC,1331
31-DEC-2020,HBW Advisory Services LLC,791
31-DEC-2020,HEALTHCARE OF ONTARIO PENSION PLAN TRUST FUND,12158
31-DEC-2020,HERITAGE INVESTORS MANAGEMENT CORP,509
31-DEC-2020,"HHM Wealth Advisors, LLC",86
31-DEC-2020,HM PAYSON & CO,111
31-DEC-2020,HOLLENCREST CAPITAL MANAGEMENT,255
31-DEC-2020,HOWE & RUSLING INC,17
31-DEC-2020,HOWLAND CAPITAL MANAGEMENT LLC,212
31-DEC-2020,HSBC HOLDINGS PLC,78878
31-DEC-2020,HWG Holdings LP,88
31-DEC-2020,Grassi Investment Management,394
31-DEC-2020,"Granite Investment Partners, LLC",300
31-DEC-2020,Grandview Asset Management LLC,1645
31-DEC-2020,"Genovese Burford & Brothers Wealth & Retirement Plan Management, LLC",414
31-DEC-2020,"GROUP ONE TRADING, L.P.",194242
31-DEC-2020,GUARDIAN CAPITAL ADVISORS LP,427
31-DEC-2020,GUARDIAN CAPITAL LP,89566
31-DEC-2020,GWM Advisors LLC,4064
31-DEC-2020,Gainplan LLC,603
31-DEC-2020,"Galvin, Gaustad & Stein, LLC",340
31-DEC-2020,"Garrison Point Advisors, LLC",438
31-DEC-2020,Geneos Wealth Management Inc.,651
31-DEC-2020,"Geneva Partners, LLC",4477
31-DEC-2020,Gerber Kawasaki Wealth & Investment Management,3121
31-DEC-2020,Gradient Investments LLC,174
31-DEC-2020,Gifford Fong Associates,7924
31-DEC-2020,Gladstone Institutional Advisory LLC,2694
31-DEC-2020,Glassman Wealth Services,112
31-DEC-2020,"Gleason Group, Inc.",226
31-DEC-2020,Glenview Trust Co,397
31-DEC-2020,"Global Retirement Partners, LLC",680
31-DEC-2020,GoalVest Advisory LLC,66
31-DEC-2020,"Golden Green, Inc.",1592
31-DEC-2020,"Gotham Asset Management, LLC",882
31-DEC-2020,Haafor (Singapore) Pte. Ltd.,348
31-DEC-2020,"Harrington Investments, INC",554
31-DEC-2020,Hartford Financial Management Inc.,11
31-DEC-2020,"Indie Asset Partners, LLC",636
31-DEC-2020,INTACT INVESTMENT MANAGEMENT INC.,74534
31-DEC-2020,"INTERNATIONAL ASSETS INVESTMENT MANAGEMENT, LLC",87247
31-DEC-2020,INVERNESS COUNSEL LLC /NY/,299
31-DEC-2020,INVESTMENT HOUSE LLC,408
31-DEC-2020,"Icon Wealth Partners, LLC",954
31-DEC-2020,Ilmarinen Mutual Pension Insurance Co,45129
31-DEC-2020,Independence Bank of Kentucky,31
31-DEC-2020,Independent Advisor Alliance,3220
31-DEC-2020,"Independent Solutions Wealth Management, LLC",2984952
31-DEC-2020,Infini Capital Management Ltd,226
31-DEC-2020,"IMC-Chicago, LLC",836244
31-DEC-2020,Infini Master Fund,226
31-DEC-2020,"Inscription Capital, LLC",201
31-DEC-2020,"Insight Advisors, LLC/ PA",281
31-DEC-2020,"Institute for Wealth Management, LLC.",662
31-DEC-2020,Integrated Advisors Network LLC,809
31-DEC-2020,Integrated Wealth Concepts LLC,316
31-DEC-2020,"InterOcean Capital Group, LLC",311
31-DEC-2020,"Interchange Capital Partners, LLC",752
31-DEC-2020,Intersect Capital LLC,1167
31-DEC-2020,"INSTITUTIONAL & FAMILY ASSET MANAGEMENT, LLC",9
31-DEC-2020,"IHT Wealth Management, LLC",469
31-DEC-2020,"Harvest Fund Management Co., Ltd",194
31-DEC-2020,Himension Fund,49630
31-DEC-2020,"Hayden Royal, LLC",358
31-DEC-2020,"Henry James International Management, Inc.",17241
31-DEC-2020,Heritage Wealth Advisors,113
31-DEC-2020,Hexavest Inc.,11
31-DEC-2020,HighMark Wealth Management LLC,37
31-DEC-2020,HighPoint Advisor Group LLC,3369
31-DEC-2020,"HighTower Advisors, LLC",29232
31-DEC-2020,"Highlander Capital Management, LLC",68
31-DEC-2020,Hillsdale Investment Management Inc.,26823
31-DEC-2020,Holistic Financial Partners,316
31-DEC-2020,"IFP Advisors, Inc",491
31-DEC-2020,"Holocene Advisors, LP",45178
31-DEC-2020,"Hoover Financial Advisors, Inc.",14
31-DEC-2020,"Horan Securities, Inc.",7
31-DEC-2020,"Horrell Capital Management, Inc.",57
31-DEC-2020,Horst & Graben Wealth Management LLC,203
31-DEC-2020,"Hudock, Inc.",15
31-DEC-2020,Hudson Bay Capital Management LP,5094
31-DEC-2020,"IAM Advisory, LLC",1309
31-DEC-2020,"IFG Advisory, LLC",272
31-DEC-2020,"MEAG MUNICH ERGO, Kapitalanlagegesellschaft mbH",5113
31-DEC-2020,MERCER GLOBAL ADVISORS INC /ADV,3052
31-DEC-2020,MID ATLANTIC FINANCIAL MANAGEMENT INC/ADV,2056
31-DEC-2020,MILLENNIUM MANAGEMENT LLC,34966
31-DEC-2020,Parisi Gray Wealth Management,630
31-DEC-2020,Park Capital Group,4149
31-DEC-2020,Parkside Financial Bank & Trust,3
31-DEC-2020,"Patriot Financial Group Insurance Agency, LLC",1
31-DEC-2020,Paul John Balson,1410
31-DEC-2020,Pentwater Capital Management LP,885
31-DEC-2020,"Perennial Investment Advisors, LLC",8714
31-DEC-2020,"Perigon Wealth Management, LLC",131
31-DEC-2020,Periscope Capital Inc.,588
31-DEC-2020,Perkins Coie Trust Co,41
31-DEC-2020,"Pettinga Financial Advisors, LLC",240
31-DEC-2020,Phoenix Wealth Advisors,455
31-DEC-2020,Pinnacle Bank,14
31-DEC-2020,"Pinnacle Wealth Planning Services, Inc.",563
31-DEC-2020,"Plante Moran Financial Advisors, LLC",182
31-DEC-2020,"Point Break Capital Management, LLC",2368
31-DEC-2020,PointState Capital LP,59090
31-DEC-2020,Polar Capital Holdings Plc,11785
31-DEC-2020,"PrairieView Partners, LLC",91
31-DEC-2020,"Prime Capital Investment Advisors, LLC",196
31-DEC-2020,"Private Advisor Group, LLC",6939
31-DEC-2020,Parametric Portfolio Associates LLC,67633
31-DEC-2020,"Parallel Advisors, LLC",3528
31-DEC-2020,"Parallax Volatility Advisers, L.P.",19432
31-DEC-2020,"PINEBRIDGE INVESTMENTS, L.P.",7175
31-DEC-2020,PECAUT & CO.,283
31-DEC-2020,PECONIC PARTNERS LLC,396
31-DEC-2020,"PEDDOCK CAPITAL ADVISORS, LLC",57
31-DEC-2020,PERSONAL CAPITAL ADVISORS CORP,627
31-DEC-2020,PFG Advisors,325
31-DEC-2020,PHILADELPHIA TRUST CO,1268
31-DEC-2020,PIER 88 INVESTMENT PARTNERS LLC,10387
31-DEC-2020,PILLAR PACIFIC CAPITAL MANAGEMENT LLC,139
31-DEC-2020,PIN OAK INVESTMENT ADVISORS INC,129
31-DEC-2020,PITTENGER & ANDERSON INC,1399
31-DEC-2020,"Paragon Advisors, LLC",2400
31-DEC-2020,PRICE T ROWE ASSOCIATES INC /MD/,2985045
31-DEC-2020,PRIO WEALTH LIMITED PARTNERSHIP,1407
31-DEC-2020,"PROEQUITIES, INC.",1359
31-DEC-2020,PRW Wealth Management LLC,3380
31-DEC-2020,"Pacer Advisors, Inc.",1011
31-DEC-2020,"Pacific Wealth Strategies Group, Inc.",1460
31-DEC-2020,Pacitti Group Inc.,23
31-DEC-2020,"Paradiem, LLC",550
31-DEC-2020,"Paradigm Financial Advisors, LLC",203
31-DEC-2020,"Private Capital Group, LLC",54
31-DEC-2020,"Private Ocean, LLC",465
31-DEC-2020,Private Portfolio Partners LLC,699111
31-DEC-2020,"Reby Advisors, LLC",2
31-DEC-2020,"ROCKY MOUNTAIN ADVISERS, LLC",16
31-DEC-2020,ROOSEVELT INVESTMENT GROUP LLC,1273
31-DEC-2020,ROYAL BANK OF CANADA,47548
31-DEC-2020,"RPG Investment Advisory, LLC",23
31-DEC-2020,RSM US WEALTH MANAGEMENT LLC,304
31-DEC-2020,RWC Asset Management LLP,8707
31-DEC-2020,"RWM Asset Management, LLC",419
31-DEC-2020,Rathbone Brothers plc,61069
31-DEC-2020,"Raymond James Financial Services Advisors, Inc.",59492
31-DEC-2020,"Red Door Wealth Management, LLC",432
31-DEC-2020,RITHOLTZ WEALTH MANAGEMENT,533
31-DEC-2020,"Redhawk Wealth Advisors, Inc.",273
31-DEC-2020,"Redwood Investments, LLC",705
31-DEC-2020,Regal Investment Advisors LLC,3583
31-DEC-2020,Regent Peak Wealth Advisors LLC,3
31-DEC-2020,"Requisite Capital Management, LLC",566
31-DEC-2020,"Resonant Capital Advisors, LLC",254
31-DEC-2020,"Resource Management, LLC",285
31-DEC-2020,"Resources Investment Advisors, LLC.",1014
31-DEC-2020,"Retirement Group, LLC",309
31-DEC-2020,RIVERPARK CAPITAL MANAGEMENT LLC,2589
31-DEC-2020,"RFG Advisory, LLC",405
31-DEC-2020,"Private Wealth Strategies, L.L.C.",284
31-DEC-2020,Qtron Investments LLC,439
31-DEC-2020,Proem Advisors LLC,2830
31-DEC-2020,"Professional Financial Advisors, LLC",394
31-DEC-2020,Prospera Financial Services Inc,1957
31-DEC-2020,Public Sector Pension Investment Board,143378
31-DEC-2020,Q CAPITAL SOLUTIONS,5065
31-DEC-2020,"QCM Cayman, Ltd.",1172
31-DEC-2020,QUADRANT CAPITAL GROUP LLC,66
31-DEC-2020,QUEST CAPITAL MANAGEMENT INC /ADV,584
31-DEC-2020,QUEST INVESTMENT MANAGEMENT LLC,3292
31-DEC-2020,Quadrature Capital Ltd,19950
31-DEC-2020,RENAISSANCE TECHNOLOGIES LLC,223602
31-DEC-2020,Quaero Capital S.A.,945
31-DEC-2020,Quantbot Technologies LP,1196
31-DEC-2020,Qube Research & Technologies Ltd,12554
31-DEC-2020,RAYMOND JAMES & ASSOCIATES,106617
31-DEC-2020,RAYMOND JAMES TRUST N.A.,701
31-DEC-2020,REDW Wealth LLC,277
31-DEC-2020,REGENTATLANTIC CAPITAL LLC,223
31-DEC-2020,REGIONS FINANCIAL CORP,4845
31-DEC-2020,"REILLY FINANCIAL ADVISORS, LLC",128
31-DEC-2020,"PDT Partners, LLC",357
31-DEC-2020,PCJ Investment Counsel Ltd.,11192
31-DEC-2020,"PAX Financial Group, LLC",499
31-DEC-2020,Mn Services Vermogensbeheer B.V.,103787
31-DEC-2020,Melqart Asset Management (UK) Ltd,6789
31-DEC-2020,"Meridian Wealth Advisors, LLC",32
31-DEC-2020,"Meridian Wealth Management, LLC",7517
31-DEC-2020,"Meridian Wealth Partners, LLC",106
31-DEC-2020,Mint Tower Capital Management B.V.,1177
31-DEC-2020,"Miracle Mile Advisors, LLC",3313
31-DEC-2020,Mirador Capital Partners LP,257
31-DEC-2020,"Mirae Asset Global Investments Co., Ltd.",10156
31-DEC-2020,Mitsubishi UFJ Trust & Banking Corp,211842
31-DEC-2020,Monashee Investment Management LLC,2388
31-DEC-2020,"McMahon Financial Advisors, LLC",395
31-DEC-2020,"Moors & Cabot, Inc.",1358
31-DEC-2020,"Moser Wealth Advisors, LLC",88
31-DEC-2020,"Mount Yale Investment Advisors, LLC",2976
31-DEC-2020,"Mutual Advisors, LLC",850
31-DEC-2020,N.E.W. Advisory Services LLC,1247
31-DEC-2020,"NAPLES GLOBAL ADVISORS, LLC",633
31-DEC-2020,"NATIONS FINANCIAL GROUP INC, /IA/ /ADV",224
31-DEC-2020,NATIXIS,43949
31-DEC-2020,NEW YORK STATE COMMON RETIREMENT FUND,172241
31-DEC-2020,Mechanics Bank Trust Department,252
31-DEC-2020,"McIlrath & Eck, LLC",719
31-DEC-2020,"NEXT Financial Group, Inc",489
31-DEC-2020,"Mach-1 Financial Group, Inc.",827
31-DEC-2020,"MISSION WEALTH MANAGEMENT, LP",619
31-DEC-2020,MITCHELL MCLEOD PUGH & WILLIAMS INC,574
31-DEC-2020,"MONECO Advisors, LLC",437
31-DEC-2020,MONTAG A & ASSOCIATES INC,1830
31-DEC-2020,MONTRUSCO BOLTON INVESTMENTS INC.,6041
31-DEC-2020,"MOORE CAPITAL MANAGEMENT, LP",32067
31-DEC-2020,MORGENS WATERFALL VINTIADIS & CO INC,9882
31-DEC-2020,MOSELEY INVESTMENT MANAGEMENT INC,1109
31-DEC-2020,MUFG Securities EMEA plc,15444
31-DEC-2020,"Main Street Financial Solutions, LLC",1108
31-DEC-2020,"McClarren Financial Advisors, Inc.",56
31-DEC-2020,Main Street Research LLC,10879
31-DEC-2020,Manchester Capital Management LLC,4814
31-DEC-2020,Manitou Investment Management Ltd.,17663
31-DEC-2020,"Maple Capital Management, Inc.",226
31-DEC-2020,Marcho Partners LLP,67757
31-DEC-2020,Marshall Wace North America L.P.,2606
31-DEC-2020,"Mathes Company, Inc.",3379
31-DEC-2020,Mattern Wealth Management LLC,344
31-DEC-2020,"Mayflower Financial Advisors, LLC",630
31-DEC-2020,NEXT CENTURY GROWTH INVESTORS LLC,1257
31-DEC-2020,"NFP Retirement, Inc.",396183
31-DEC-2020,"PATTON ALBERTSON MILLER GROUP, LLC",713
31-DEC-2020,OneAscent Financial Services LLC,1628
31-DEC-2020,OLD NATIONAL BANCORP /IN/,2022
31-DEC-2020,OMERS ADMINISTRATION Corp,842
31-DEC-2020,OPPENHEIMER & CO INC,2003
31-DEC-2020,OPTIMUM INVESTMENT ADVISORS,131
31-DEC-2020,"Oakwell Private Wealth Management, LLC",414
31-DEC-2020,"Ocean Capital Management, LLC",616
31-DEC-2020,"Octavia Wealth Advisors, LLC",248
31-DEC-2020,"Oder Investment Management, LLC",467
31-DEC-2020,"OmniStar Financial Group, Inc.",439
31-DEC-2020,OneAscent Wealth Management LLC,1105
31-DEC-2020,OBERWEIS ASSET MANAGEMENT INC/,567
31-DEC-2020,"Oribel Capital Management, LP",1620
31-DEC-2020,Orion Capital Management LLC,191
31-DEC-2020,"Otter Creek Advisors, LLC",5660
31-DEC-2020,"Oxbow Advisors, LLC",306
31-DEC-2020,Oxler Private Wealth LLC,294
31-DEC-2020,PARADIGM ASSET MANAGEMENT CO LLC,3905810
31-DEC-2020,PARK AVENUE SECURITIES LLC,2570
31-DEC-2020,PARK NATIONAL CORP /OH/,381
31-DEC-2020,"PATHSTONE FAMILY OFFICE, LLC",216
31-DEC-2020,OKABENA INVESTMENT SERVICES INC,1680
31-DEC-2020,"OBERMEYER WOOD INVESTMENT COUNSEL, LLLP",509
31-DEC-2020,NOMURA ASSET MANAGEMENT CO LTD,15976455
31-DEC-2020,New Capital Management LP,32
31-DEC-2020,NORDEA INVESTMENT MANAGEMENT AB,1758
31-DEC-2020,NORGES BANK,1171041
31-DEC-2020,"NVWM, LLC",1754
31-DEC-2020,NWAM LLC,8615
31-DEC-2020,"NWK Group, Inc.",48
31-DEC-2020,"Nadler Financial Group, Inc.",2547
31-DEC-2020,Navellier & Associates Inc,2086
31-DEC-2020,"Nelson, Van Denburg & Campbell Wealth Management Group, LLC",64
31-DEC-2020,Neuberger Berman Group LLC,7056
31-DEC-2020,"Newbridge Financial Services Group, Inc.",818
31-DEC-2020,OAKMONT CORP,634
31-DEC-2020,"Newman Dignan & Sheerar, Inc.",243
31-DEC-2020,NexWave Capital Partners LLC,300
31-DEC-2020,"Nicholas Investment Partners, LP",4710
31-DEC-2020,"Night Owl Capital Management, LLC",49178
31-DEC-2020,"Nikko Asset Management Americas, Inc.",304947
31-DEC-2020,North Star Investment Management Corp.,62
31-DEC-2020,"NorthRock Partners, LLC",359
31-DEC-2020,"NuWave Investment Management, LLC",1305
31-DEC-2020,"O'SHAUGHNESSY ASSET MANAGEMENT, LLC",800
31-DEC-2020,"GRIFFIN ASSET MANAGEMENT, INC.",256
31-DEC-2020,"GREAT VALLEY ADVISOR GROUP, INC.",1144
31-DEC-2020,GRAND JEAN CAPITAL MANAGEMENT INC,5493
31-DEC-2020,CONFLUENCE INVESTMENT MANAGEMENT LLC,1415
31-DEC-2020,BRIGHTON JONES LLC,730
31-DEC-2020,BRITISH COLUMBIA INVESTMENT MANAGEMENT Corp,294874
31-DEC-2020,BROWN BROTHERS HARRIMAN & CO,448
31-DEC-2020,BROWN CAPITAL MANAGEMENT LLC,6197
31-DEC-2020,"BUCKINGHAM STRATEGIC WEALTH, LLC",531
31-DEC-2020,BURNEY CO/,372
31-DEC-2020,BURNS J W & CO INC/NY,555
31-DEC-2020,"Baldwin Investment Management, LLC",1550
31-DEC-2020,"Bank Julius Baer & Co. Ltd, Zurich",3030
31-DEC-2020,Banque Cantonale Vaudoise,444
31-DEC-2020,"Bard Financial Services, Inc.",266
31-DEC-2020,"Baron Silver Stevens Financial Advisors, LLC",14
31-DEC-2020,Barton Investment Management,282791
31-DEC-2020,Baskin Financial Services Inc.,397
31-DEC-2020,"Bayesian Capital Management, LP",251
31-DEC-2020,Baystate Wealth Management LLC,19
31-DEC-2020,"Beacon Pointe Advisors, LLC",936
31-DEC-2020,"Bedel Financial Consulting, Inc.",134
31-DEC-2020,Bellecapital International Ltd.,217
31-DEC-2020,Belpointe Asset Management LLC,507
31-DEC-2020,"BerganKDV Wealth Management, LLC",23
31-DEC-2020,BREWIN DOLPHIN LTD,19243
31-DEC-2020,BOURGEON CAPITAL MANAGEMENT LLC,241
31-DEC-2020,BOSTON PRIVATE WEALTH LLC,226
31-DEC-2020,"BEACON INVESTMENT ADVISORY SERVICES, INC.",499
31-DEC-2020,BAILLIE GIFFORD & CO,1311409
31-DEC-2020,"BAKER TILLY FINANCIAL, LLC",461
31-DEC-2020,BALDWIN BROTHERS INC/MA,16
31-DEC-2020,BANK OF NOVA SCOTIA,754123
31-DEC-2020,BARCLAYS PLC,98412
31-DEC-2020,BAROMETER CAPITAL MANAGEMENT INC.,2874640
31-DEC-2020,BARR E S & CO,209
31-DEC-2020,BAXTER BROS INC,272
31-DEC-2020,"BDO Wealth Advisors, LLC",8
31-DEC-2020,"BECK CAPITAL MANAGEMENT, LLC",428
31-DEC-2020,"BOKF, NA",1565
31-DEC-2020,"BELLEVUE ASSET MANAGEMENT, LLC",4
31-DEC-2020,BENEDICT FINANCIAL ADVISORS INC,422
31-DEC-2020,BERKSHIRE CAPITAL HOLDINGS INC,36279
31-DEC-2020,"BFSG, LLC",801
31-DEC-2020,BIRINYI ASSOCIATES INC,3000
31-DEC-2020,BIT Capital GmbH,27356968
31-DEC-2020,BLAIR WILLIAM & CO/IL,31361
31-DEC-2020,"BLB&B Advisors, LLC",711
31-DEC-2020,BLUESTEIN R H & CO,2239
31-DEC-2020,"Berman Capital Advisors, LLC",712
31-DEC-2020,Bernardo Wealth Planning LLC,330
31-DEC-2020,"Bienville Capital Management, LLC",380
31-DEC-2020,CIBC World Markets Inc.,781608
31-DEC-2020,"CARILLON TOWER ADVISERS, INC.",80358
31-DEC-2020,CAROLINAS WEALTH CONSULTING LLC,49
31-DEC-2020,CAXTON ASSOCIATES LP,2943
31-DEC-2020,"CENTAURUS FINANCIAL, INC.",258
31-DEC-2020,CENTRAL BANK & TRUST CO,66
31-DEC-2020,CENTRAL TRUST Co,4821
31-DEC-2020,CHARLES SCHWAB INVESTMENT MANAGEMENT INC,7425
31-DEC-2020,CI INVESTMENTS INC.,20578
31-DEC-2020,CIBC Asset Management Inc,415901
31-DEC-2020,CIDEL ASSET MANAGEMENT INC,65462
31-DEC-2020,"CAPROCK Group, Inc.",1853
31-DEC-2020,CKW FINANCIAL GROUP,137
31-DEC-2020,CNB Bank,141
31-DEC-2020,COBBLESTONE CAPITAL ADVISORS LLC /NY/,19999
31-DEC-2020,"COHEN & STEERS, INC.",26
31-DEC-2020,COLDSTREAM CAPITAL MANAGEMENT INC,509
31-DEC-2020,COLLECTIVE FAMILY OFFICE LLC,204
31-DEC-2020,COMERICA BANK,10895
31-DEC-2020,"COMERICA SECURITIES,INC.",875
31-DEC-2020,"COMMONWEALTH EQUITY SERVICES, LLC",32972
31-DEC-2020,CAPTRUST FINANCIAL ADVISORS,2026
31-DEC-2020,CAPITAL MANAGEMENT ASSOCIATES /NY/,1189
31-DEC-2020,"Birchcreek Wealth Management, LLC",20
31-DEC-2020,"Bristlecone Advisors, LLC",1475
31-DEC-2020,"Black Swift Group, LLC",57
31-DEC-2020,BlackRock Inc.,535646
31-DEC-2020,"Blue Square Asset Management, LLC",590
31-DEC-2020,"Blueshift Asset Management, LLC",2328
31-DEC-2020,"Bogart Wealth, LLC",921
31-DEC-2020,"Bouvel Investment Partners, LLC",6132
31-DEC-2020,"Bridgefront Capital, LLC",841
31-DEC-2020,"Bridgewater Associates, LP",598
31-DEC-2020,"Brinker Capital Investments, LLC",8659
31-DEC-2020,"Buckley Wealth Management, LLC",566
31-DEC-2020,CAPITAL FUND MANAGEMENT S.A.,69728120
31-DEC-2020,"Budros, Ruhlin & Roe, Inc.",473
31-DEC-2020,Builders Union LLP,29202
31-DEC-2020,"Burns Matteson Capital Management, LLC",244501
31-DEC-2020,CAAS CAPITAL MANAGEMENT LP,14020
31-DEC-2020,CAISSE DE DEPOT ET PLACEMENT DU QUEBEC,175531
31-DEC-2020,CALAMOS ADVISORS LLC,35168
31-DEC-2020,CALAMOS WEALTH MANAGEMENT LLC,2253
31-DEC-2020,CANADA PENSION PLAN INVESTMENT BOARD,244903
31-DEC-2020,CAPITAL ADVISORS INC/OK,205
31-DEC-2020,"B. Riley Wealth Management, Inc.",3682
31-DEC-2020,B & T Capital Management DBA Alpha Capital Management,3761
31-DEC-2020,"Axel Capital Management, LLC",17545
31-DEC-2020,"Abbrea Capital, LLC",575
31-DEC-2020,ASHFORD CAPITAL MANAGEMENT INC,18558
31-DEC-2020,ASSET MANAGEMENT CORP /IL/ /ADV,1033
31-DEC-2020,"ATALANTA SOSNOFF CAPITAL, LLC",7978
31-DEC-2020,ATLAS CAPITAL ADVISORS LLC,476550
31-DEC-2020,ATRIA INVESTMENTS LLC,3900
31-DEC-2020,"AVANTAX ADVISORY SERVICES, INC.",1913
31-DEC-2020,AXIOM INTERNATIONAL INVESTORS LLC /DE,68375
31-DEC-2020,"Abacus Wealth Partners, LLC",362224
31-DEC-2020,"Abbot Financial Management, Inc.",222
31-DEC-2020,"Abdiel Capital Advisors, LP",262538
31-DEC-2020,ARK Investment Management LLC,544582
31-DEC-2020,Absoluto Partners Gestao de Recursos Ltda,1340
31-DEC-2020,Accel Wealth Management,164
31-DEC-2020,"Acropolis Investment Management, LLC",158
31-DEC-2020,"Actinver Wealth Management, Inc.",363
31-DEC-2020,Addenda Capital Inc.,74359
31-DEC-2020,"Advisor OS, LLC",442
31-DEC-2020,"AdvisorNet Financial, Inc",3435
31-DEC-2020,"Advisors Asset Management, Inc.",8776
31-DEC-2020,Advisory Resource Group,234
31-DEC-2020,"ARTHUR M. COHEN & ASSOCIATES, LLC",1563
31-DEC-2020,"ARGI Investment Services, LLC",254
31-DEC-2020,"Advocacy Wealth Management Services, LLC",2
31-DEC-2020,AE Wealth Management LLC,14281
31-DEC-2020,1832 Asset Management L.P.,168379
31-DEC-2020,4J Wealth Management LLC,225
31-DEC-2020,"9258 Wealth Management, LLC",614
31-DEC-2020,ACG Wealth,517
31-DEC-2020,ACORN FINANCIAL ADVISORY SERVICES INC /ADV,724
31-DEC-2020,"ADE, LLC",9
31-DEC-2020,"ADIRONDACK RETIREMENT SPECIALISTS, INC.",10176
31-DEC-2020,ADVENT CAPITAL MANAGEMENT /DE/,19358
31-DEC-2020,ADVISOR PARTNERS LLC,1932
31-DEC-2020,AGF INVESTMENTS INC.,67750
31-DEC-2020,ARCADIA INVESTMENT MANAGEMENT CORP/MI,1009
31-DEC-2020,"AJ WEALTH STRATEGIES, LLC",355
31-DEC-2020,ALGERT GLOBAL LLC,280
31-DEC-2020,ALKEON CAPITAL MANAGEMENT LLC,1187710
31-DEC-2020,AMF Pensionsforsakring AB,81201
31-DEC-2020,AMUNDI PIONEER ASSET MANAGEMENT INC,14716
31-DEC-2020,AMUSSEN HUNSAKER ASSOCIATES LLC,215
31-DEC-2020,"ANGLEPOINT ASSET MANAGEMENT, LTD.",263518
31-DEC-2020,APPLETON PARTNERS INC/MA,1525
31-DEC-2020,"APPLIED RESEARCH INVESTMENTS, LLC",17183
31-DEC-2020,"Advisory Services Network, LLC",7463
31-DEC-2020,Aequim Alternative Investments LP,9820
31-DEC-2020,Avondale Wealth Management,80
31-DEC-2020,"Arthedge Capital Management, LLC",11780
31-DEC-2020,Archon Partners LLC,7267
31-DEC-2020,Arden Trust Co,824
31-DEC-2020,"Arete Wealth Advisors, LLC",560
31-DEC-2020,Argent Trust Co,153
31-DEC-2020,Arkadios Wealth Advisors,175
31-DEC-2020,Arlington Partners LLC,40
31-DEC-2020,Arrow Financial Corp,41
31-DEC-2020,Artemis Investment Management LLP,14530
31-DEC-2020,"Artemis Wealth Advisors, LLC",2266164
31-DEC-2020,"Ascendant Capital Management, LLC",1870
31-DEC-2020,"Aptus Capital Advisors, LLC",579
31-DEC-2020,"Ascent Wealth Partners, LLC",4267
31-DEC-2020,"Asset Dedication, LLC",134
31-DEC-2020,"Athanor Capital, LP",19723
31-DEC-2020,"Aurora Private Wealth, Inc.",410
31-DEC-2020,"Ausdal Financial Partners, Inc.",943
31-DEC-2020,Avalon Investment & Advisory,1493
31-DEC-2020,"Aviance Capital Partners, LLC",3877
31-DEC-2020,Avion Wealth,20
31-DEC-2020,Avitas Wealth Management LLC,6332
31-DEC-2020,Archer Investment Corp,35090
31-DEC-2020,"Apollon Wealth Management, LLC",6103
31-DEC-2020,Ahrens Investment Partners LLC,255
31-DEC-2020,"Altman Advisors, Inc.",4565
31-DEC-2020,Alberta Investment Management Corp,214435
31-DEC-2020,Allworth Financial LP,325
31-DEC-2020,"Almanack Investment Partners, LLC.",202
31-DEC-2020,"Alpha Cubed Investments, LLC",898
31-DEC-2020,Alpha DNA Investment Management LLC,719
31-DEC-2020,AlphaCrest Capital Management LLC,2157
31-DEC-2020,"AlphaMark Advisors, LLC",20
31-DEC-2020,Alta Wealth Advisors LLC,2627
31-DEC-2020,"Altimeter Capital Management, LP",83170
31-DEC-2020,Altus Wealth Group LLC,12
31-DEC-2020,"Aperture Investors, LLC",718
31-DEC-2020,"American Money Management, LLC",483
31-DEC-2020,American Portfolios Advisors,1547376
31-DEC-2020,"Ameritas Investment Company, LLC",955
31-DEC-2020,"Anchor Investment Management, LLC",43014
31-DEC-2020,"Anchorage Capital Group, L.L.C.",14149
31-DEC-2020,"Ancora Advisors, LLC",3006
31-DEC-2020,"Angeles Investment Advisors, LLC",934
31-DEC-2020,"Annapolis Financial Services, LLC",10
31-DEC-2020,"Aperio Group, LLC",766
31-DEC-2020,"COMPASS CAPITAL MANAGEMENT, INC",226
31-DEC-2020,CONNABLE OFFICE INC,1123
31-DEC-2020,"GPS Wealth Strategies Group, LLC",342
31-DEC-2020,"CORBETT ROAD CAPITAL MANAGEMENT, LLC",404
31-DEC-2020,Erste Asset Management GmbH,12345976
31-DEC-2020,"Essex Financial Services, Inc.",452
31-DEC-2020,Ethic Inc.,676
31-DEC-2020,"Eudaimonia Partners, LLC",654
31-DEC-2020,"Evercore Wealth Management, LLC",242
31-DEC-2020,"Everhart Financial Group, Inc.",997
31-DEC-2020,"Evolution Wealth Advisors, LLC",290
31-DEC-2020,FARMERS & MERCHANTS INVESTMENTS INC,40
31-DEC-2020,FARMERS TRUST CO,1515
31-DEC-2020,FARR MILLER & WASHINGTON LLC/DC,566
31-DEC-2020,"FDx Advisors, Inc.",3218
31-DEC-2020,"FERGUSON WELLMAN CAPITAL MANAGEMENT, INC",204
31-DEC-2020,FIERA CAPITAL CORP,1268
31-DEC-2020,FINANCIAL COUNSELORS INC,3150
31-DEC-2020,FIRST FOUNDATION ADVISORS,208
31-DEC-2020,FIRST MANHATTAN CO,67
31-DEC-2020,FIRST NATIONAL CORP /MA/ /ADV,234
31-DEC-2020,"FIRST REPUBLIC INVESTMENT MANAGEMENT, INC.",36055
31-DEC-2020,FIRST TRUST ADVISORS LP,126399
31-DEC-2020,"FLAGSHIP HARBOR ADVISORS, LLC",4726
31-DEC-2020,"FNY Investment Advisers, LLC",5
31-DEC-2020,"Ensign Peak Advisors, Inc",253990
31-DEC-2020,"Empirical Financial Services, LLC d.b.a. Empirical Wealth Management",874
31-DEC-2020,"Ellis Investment Partners, LLC",6
31-DEC-2020,ENTERPRISE FINANCIAL SERVICES CORP,1
31-DEC-2020,Durable Capital Partners LP,488854
31-DEC-2020,Dynamic Advisor Solutions LLC,634
31-DEC-2020,EAGLE ASSET MANAGEMENT INC,114135
31-DEC-2020,EARNEST PARTNERS LLC,15
31-DEC-2020,EATON VANCE MANAGEMENT,143720
31-DEC-2020,EDMOND DE ROTHSCHILD HOLDING S.A.,3236
31-DEC-2020,EFG Asset Management (Americas) Corp.,3155
31-DEC-2020,"ENCOMPASS WEALTH ADVISORS, LLC",40
31-DEC-2020,ENGINE NO. 1 LLC,10701
31-DEC-2020,ENVESTNET ASSET MANAGEMENT INC,96362
31-DEC-2020,"Ellevest, Inc.",68
31-DEC-2020,"EP Wealth Advisors, LLC",275
31-DEC-2020,EQUITABLE TRUST CO,14669
31-DEC-2020,"EVOKE WEALTH, LLC",74
31-DEC-2020,EXANE DERIVATIVES,908914
31-DEC-2020,"EXCHANGE TRADED CONCEPTS, LLC",1146
31-DEC-2020,"EXENCIAL WEALTH ADVISORS, LLC",663
31-DEC-2020,Edge Wealth Management LLC,6
31-DEC-2020,Egerton Capital (UK) LLP,193733
31-DEC-2020,"Elite Wealth Management, Inc.",269
31-DEC-2020,FORSTA AP-FONDEN,20872
31-DEC-2020,FORTE CAPITAL LLC /ADV,1342
31-DEC-2020,FOUNDERS FINANCIAL SECURITIES LLC,1529
31-DEC-2020,Fulcrum Asset Management LLP,769
31-DEC-2020,"Focused Wealth Management, Inc",95
31-DEC-2020,"FormulaFolio Investments, LLC",540
31-DEC-2020,"Fortis Advisors, LLC",170
31-DEC-2020,Fortis Capital Management LLC,2301
31-DEC-2020,"Foster Victor Wealth Advisors, LLC",1189
31-DEC-2020,"Founders Financial Alliance, LLC",511
31-DEC-2020,"FourThought Financial, LLC",45
31-DEC-2020,"Foxhaven Asset Management, LP",122165
31-DEC-2020,"Frisch Financial Group, Inc.",371
31-DEC-2020,"Full Sail Capital, LLC",1856
31-DEC-2020,"First Pacific Advisors, LP",83
31-DEC-2020,Fullerton Fund Management Co Ltd.,19659
31-DEC-2020,GABLES CAPITAL MANAGEMENT INC.,3605
31-DEC-2020,GARDNER LEWIS ASSET MANAGEMENT L P,4564
31-DEC-2020,GATEWAY INVESTMENT ADVISERS LLC,5324
31-DEC-2020,"GFG Capital, LLC",299
31-DEC-2020,"GFS Advisors, LLC",374
31-DEC-2020,GLENMEDE TRUST CO NA,2910
31-DEC-2020,GLYNN CAPITAL MANAGEMENT LLC,47536
31-DEC-2020,"GM Advisory Group, Inc.",1310
31-DEC-2020,"Focus Financial Network, Inc.",2159761
31-DEC-2020,"First Horizon Advisors, Inc.",75
31-DEC-2020,"FRED ALGER MANAGEMENT, LLC",161380
31-DEC-2020,"Financial Avengers, Inc.",70
31-DEC-2020,FRIESS ASSOCIATES LLC,25695
31-DEC-2020,FULTON BREAKEFIELD BROENNIMAN LLC,577
31-DEC-2020,Family Management Corp,513
31-DEC-2020,"Ferris Capital, LLC",1149
31-DEC-2020,"Fieldpoint Private Securities, LLC",652
31-DEC-2020,"FinTrust Capital Advisors, LLC",300
31-DEC-2020,"Financial Advisory Service, Inc.",676
31-DEC-2020,Financial Advocates Investment Management,4310
31-DEC-2020,"Financial Architects, Inc",455
31-DEC-2020,Financial Engines Advisors L.L.C.,2283
31-DEC-2020,"First Heartland Consultants, Inc.",419
31-DEC-2020,Financial Enhancement Group LLC,1885
31-DEC-2020,"Financial Management Professionals, Inc.",3
31-DEC-2020,FineMark National Bank & Trust,534
31-DEC-2020,Firestone Capital Management,11
31-DEC-2020,First Bank & Trust,527
31-DEC-2020,First Command Bank,557
31-DEC-2020,"First Command Financial Services, Inc.",557
31-DEC-2020,First Growth Capital Management LLC,10312
31-DEC-2020,First Growth Investment Manager LP,10312
31-DEC-2020,"Douglass Winthrop Advisors, LLC",353
31-DEC-2020,"Douglas Lane & Associates, LLC",257
31-DEC-2020,Diversified Trust Co,380
31-DEC-2020,"Change Path, LLC",484
31-DEC-2020,"Carroll Financial Associates, Inc.",160
31-DEC-2020,Castle Hook Partners LP,48267
31-DEC-2020,"Cavalier Investments, LLC",1376
31-DEC-2020,"CenterStar Asset Management, LLC",5344
31-DEC-2020,"Centiva Capital, LP",4392
31-DEC-2020,Cerity Partners LLC,1543
31-DEC-2020,Cetera Advisor Networks LLC,4273
31-DEC-2020,Cetera Advisors LLC,3699
31-DEC-2020,Cetera Investment Advisers,4360
31-DEC-2020,Charles Winkler,5094
31-DEC-2020,Carmignac Gestion,18867
31-DEC-2020,"Checchi Capital Advisers, LLC",515
31-DEC-2020,Chesley Taft & Associates LLC,2237
31-DEC-2020,"Chicago Capital, LLC",17219
31-DEC-2020,Chicago Partners Investment Group LLC,1912
31-DEC-2020,Cinctive Capital Management LP,2519
31-DEC-2020,"Circle Wealth Management, LLC",428
31-DEC-2020,"Claraphi Advisory Network, LLC",364
31-DEC-2020,"Clarius Group, LLC",273
31-DEC-2020,"Clearbridge Investments, LLC",297000
31-DEC-2020,"Carnegie Capital Asset Management, LLC",14903
31-DEC-2020,"Carmichael Hill & Associates, Inc.",505
31-DEC-2020,Clearview Wealth Advisors LLC,80
31-DEC-2020,"Camden Capital, LLC",513
31-DEC-2020,CREATIVE FINANCIAL DESIGNS INC /ADV,989
31-DEC-2020,CTC LLC,682064
31-DEC-2020,CULLINAN ASSOCIATES INC,453
31-DEC-2020,"CVA Family Office, LLC",57
31-DEC-2020,"CWM, LLC",2898
31-DEC-2020,CX Institutional,186
31-DEC-2020,CYPRESS ASSET MANAGEMENT INC/TX,237
31-DEC-2020,"Calton & Associates, Inc.",852
31-DEC-2020,"Cambridge Investment Research Advisors, Inc.",22758
31-DEC-2020,"Canal Capital Management, LLC",2411
31-DEC-2020,"Cardan Capital Partners, LLC",770
31-DEC-2020,Candriam Luxembourg S.C.A.,4586
31-DEC-2020,"Capital Advisory Group Advisory Services, LLC",23
31-DEC-2020,"Capital Analysts, LLC",135
31-DEC-2020,Capital Asset Advisory Services LLC,1149
31-DEC-2020,"Capital CS Group, LLC",1906
31-DEC-2020,"Capital Investment Advisors, LLC",454
31-DEC-2020,"Capital Investment Advisory Services, LLC",842
31-DEC-2020,"Capstone Triton Financial Group, LLC",7961
31-DEC-2020,"Caption Management, LLC",79688
31-DEC-2020,"Clearstead Advisors, LLC",1004
31-DEC-2020,"Coastal Capital Group, Inc.",79
31-DEC-2020,Discovery Value Fund,965476
31-DEC-2020,DOCK STREET ASSET MANAGEMENT INC,5329
31-DEC-2020,Csenge Advisory Group,286
31-DEC-2020,"Cunning Capital Partners, LP",9735
31-DEC-2020,Curi Capital,4
31-DEC-2020,"Cypress Wealth Services, LLC",1575
31-DEC-2020,"D'Orazio & Associates, Inc.",1
31-DEC-2020,D.A. DAVIDSON & CO.,3967
31-DEC-2020,DAVIS-REA LTD.,219
31-DEC-2020,"DEFINED WEALTH MANAGEMENT, LLC",59
31-DEC-2020,"DFPG INVESTMENTS, LLC",3479
31-DEC-2020,"DONALDSON CAPITAL MANAGEMENT, LLC",400
31-DEC-2020,"Cribstone Capital Management, LLC",1
31-DEC-2020,DORCHESTER WEALTH MANAGEMENT Co,410
31-DEC-2020,DOWLING & YAHNKE LLC,475
31-DEC-2020,DUNCKER STREETT & CO INC,12
31-DEC-2020,Dakota Wealth Management,972
31-DEC-2020,David Loasby,236
31-DEC-2020,DeepCurrents Investment Group LLC,21044
31-DEC-2020,DekaBank Deutsche Girozentrale,1
31-DEC-2020,"DiMeo Schneider & Associates, L.L.C.",289
31-DEC-2020,"Diligent Investors, LLC",260
31-DEC-2020,"Crossmark Global Holdings, Inc.",8567
31-DEC-2020,"Crestwood Capital Management, L.P.",21826
31-DEC-2020,"Coastal Investment Advisors, Inc.",2017
31-DEC-2020,Cordasco Financial Network,41
31-DEC-2020,"Colonial River Wealth Management, LLC",343
31-DEC-2020,Concord Wealth Partners,23
31-DEC-2020,"Concorde Asset Management, LLC",1266
31-DEC-2020,Congress Park Capital LLC,245
31-DEC-2020,"Connor, Clark & Lunn Investment Management Ltd.",736004
31-DEC-2020,"Conservest Capital Advisors, Inc.",409
31-DEC-2020,Constellation Investimentos e Participacoes Ltda,215
31-DEC-2020,Cooper Financial Group,235
31-DEC-2020,Corbenic Partners LLC,20
31-DEC-2020,Cordatus Wealth Management LLC,700
31-DEC-2020,Crestwood Advisors Group LLC,7686
31-DEC-2020,"Cornerstone Wealth Group, LLC",602
31-DEC-2020,"Cornerstone Wealth Management, LLC",531
31-DEC-2020,"Covenant Asset Management, LLC",13642
31-DEC-2020,"Covenant Partners, LLC",1117
31-DEC-2020,Covington Capital Management,298
31-DEC-2020,"Crawford Lake Capital Management, LLC",2824
31-DEC-2020,Creative Planning,31608
31-DEC-2020,"Crescent Capital Consulting, LLC",1
31-DEC-2020,"Cresset Asset Management, LLC",2956
31-DEC-2020,"Rikoon Group, LLC",203
31-DEC-2020,PEREGRINE CAPITAL MANAGEMENT LLC,25
31-DEC-2020,"Rockbridge Investment Management, LCC",45
31-DEC-2020,"Van Hulzen Asset Management, LLC",549
31-DEC-2020,VICTORY CAPITAL MANAGEMENT INC,51300
31-DEC-2020,VICUS CAPITAL,445
31-DEC-2020,VIRGINIA RETIREMENT SYSTEMS ET AL,12297
31-DEC-2020,"VIRIDIAN RIA, LLC",4572
31-DEC-2020,"VISTA CAPITAL PARTNERS, INC.",251
31-DEC-2020,"VIVID FINANCIAL MANAGEMENT, INC.",538
31-DEC-2020,"VOLORIDGE INVESTMENT MANAGEMENT, LLC",8355
31-DEC-2020,"Valeo Financial Advisors, LLC",351
31-DEC-2020,"Valmark Advisers, Inc.",803
31-DEC-2020,Value Star Asset Management (Hong Kong) Ltd,2264
31-DEC-2020,Varma Mutual Pension Insurance Co,13213
31-DEC-2020,VANGUARD GROUP INC,3055807
31-DEC-2020,Veracity Capital LLC,556
31-DEC-2020,Verde Servicos Internacionais S.A.,10745
31-DEC-2020,Verdence Capital Advisors LLC,2442
31-DEC-2020,"Veritable, L.P.",812
31-DEC-2020,Veriti Management LLC,936
31-DEC-2020,Verition Fund Management LLC,3062
31-DEC-2020,"Vident Investment Advisory, LLC",800
31-DEC-2020,Vigilare Wealth Management,739
31-DEC-2020,"Virtue Capital Management, LLC",1241
31-DEC-2020,"Vision Capital Management, Inc.",226
31-DEC-2020,"VESTOR CAPITAL, LLC",53
31-DEC-2020,VALLEY NATIONAL ADVISERS INC,5
31-DEC-2020,WADE G W & INC,402
31-DEC-2020,"Transform Wealth, LLC",224
31-DEC-2020,"Taylor, Cottrill, Erickson & Associates, Inc.",1361
31-DEC-2020,"Teamwork Financial Advisors, LLC",5873
31-DEC-2020,"Ten Capital Wealth Advisors, LLC",14
31-DEC-2020,Terra Nova Asset Management LLC,1761
31-DEC-2020,Texas Yale Capital Corp.,14762
31-DEC-2020,"Thomas J. Herzfeld Advisors, Inc.",6
31-DEC-2020,Thrivent Financial for Lutherans,62810
31-DEC-2020,"Toroso Investments, LLC",1005
31-DEC-2020,"Tortoise Investment Management, LLC",158
31-DEC-2020,"Tradewinds Capital Management, LLC",54
31-DEC-2020,"Traynor Capital Management, Inc.",479
31-DEC-2020,V Wealth Advisors LLC,1696
31-DEC-2020,Triasima Portfolio Management inc.,185270
31-DEC-2020,Truvestments Capital LLC,161
31-DEC-2020,Tuttle Tactical Management,314
31-DEC-2020,"Twin Tree Management, LP",42368
31-DEC-2020,UBS ASSET MANAGEMENT AMERICAS INC,239244772
31-DEC-2020,UNIVERSITY OF NOTRE DAME DU LAC,14376
31-DEC-2020,USCA RIA LLC,409
31-DEC-2020,USS Investment Management Ltd,26405
31-DEC-2020,"United Asset Strategies, Inc.",328
31-DEC-2020,"United Capital Management of KS, Inc.",371
31-DEC-2020,Visionary Wealth Advisors,241
31-DEC-2020,"WASHBURN CAPITAL MANAGEMENT, INC.",3130
31-DEC-2020,Tacita Capital Inc,548
31-DEC-2020,"X-Square Capital, LLC",1297
31-DEC-2020,"Wellington Shields Capital Management, LLC",6475
31-DEC-2020,"Western Wealth Management, LLC",266
31-DEC-2020,Whale Rock Capital Management LLC,508199
31-DEC-2020,"Willis Johnson & Associates, Inc.",522
31-DEC-2020,"Winch Advisory Services, LLC",25
31-DEC-2020,"Winfield Associates, Inc.",2609
31-DEC-2020,"Winslow Capital Management, LLC",35819
31-DEC-2020,"Winslow, Evans & Crocker, Inc.",121
31-DEC-2020,Winthrop Advisory Group LLC,434
31-DEC-2020,"Worm Capital, LLC",39462
31-DEC-2020,XR Securities LLC,993
31-DEC-2020,Weiss Multi-Strategy Advisers LLC,108902
31-DEC-2020,"YHB Investment Advisors, Inc.",247
31-DEC-2020,ZACKS INVESTMENT MANAGEMENT,614
31-DEC-2020,ZAZOVE ASSOCIATES LLC,2103
31-DEC-2020,ZEVENBERGEN CAPITAL INVESTMENTS LLC,231152
31-DEC-2020,"Zions Bancorporation, N.A.",306
31-DEC-2020,Zurcher Kantonalbank (Zurich Cantonalbank),36096
31-DEC-2020,Zweig-DiMenna Associates LLC,9622
31-DEC-2020,black-and-white Capital LP,9899
31-DEC-2020,tru Independence LLC,33959
31-DEC-2020,Ropes Wealth Advisors LLC,155
31-DEC-2020,"Wellington Shields & Co., LLC",4867
31-DEC-2020,"Wealthspire Advisors, LLC",479
31-DEC-2020,WBH ADVISORY INC,367
31-DEC-2020,WHITTIER TRUST CO OF NEVADA INC,11
31-DEC-2020,"WC Walker & Associates, Inc.",561
31-DEC-2020,"WCM INVESTMENT MANAGEMENT, LLC",4384216
31-DEC-2020,WD RUTHERFORD LLC,1335
31-DEC-2020,"WEALTHSOURCE PARTNERS, LLC",469
31-DEC-2020,"WEBSTER BANK, N. A.",125
31-DEC-2020,WEDBUSH SECURITIES INC,2053
31-DEC-2020,WELCH & FORBES LLC,1327
31-DEC-2020,WETHERBY ASSET MANAGEMENT INC,525
31-DEC-2020,WHITE SQUARE CAPITAL LLP,1367
31-DEC-2020,WHITTIER TRUST CO,77
31-DEC-2020,WILBANKS SMITH & THOMAS ASSET MANAGEMENT LLC,892
31-DEC-2020,Wealthcare Advisory Partners LLC,304
31-DEC-2020,"WILLIAM BLAIR INVESTMENT MANAGEMENT, LLC",7803
31-DEC-2020,WOLFF WIESE MAGANA LLC,343
31-DEC-2020,WOODSTOCK CORP,550
31-DEC-2020,Walleye Capital LLC,546
31-DEC-2020,Walleye Trading LLC,69603
31-DEC-2020,"We Are One Seven, LLC",1665
31-DEC-2020,"Wealth Alliance Advisory Group, LLC",389
31-DEC-2020,"Wealth Architects, LLC",232
31-DEC-2020,"Wealth Management Partners, LLC",546
31-DEC-2020,"WealthPLAN Partners, LLC",373
31-DEC-2020,Tairen Capital Ltd,8508
31-DEC-2020,"Xcel Wealth Management, LLC",707
31-DEC-2020,TYBOURNE CAPITAL MANAGEMENT (HK) LTD,270989
31-DEC-2020,"Sawtooth Solutions, LLC",3778
31-DEC-2020,STATE OF WISCONSIN INVESTMENT BOARD,77659
31-DEC-2020,STEELHEAD PARTNERS LLC,8294
31-DEC-2020,STOCK YARDS BANK & TRUST CO,282
31-DEC-2020,"SUMMIT PARTNERS PUBLIC ASSET MANAGEMENT, LLC",23934
31-DEC-2020,SWS Partners,977
31-DEC-2020,Sandhill Capital Partners LLC,12139
31-DEC-2020,Sandy Spring Bank,225
31-DEC-2020,"Sanford Advisory Services, LLC",537
31-DEC-2020,Sargent Bickham Lagudis LLC,381
31-DEC-2020,"Sargent Investment Group, LLC",597
31-DEC-2020,Schonfeld Strategic Advisors LLC,7360
31-DEC-2020,SSI INVESTMENT MANAGEMENT LLC,7467
31-DEC-2020,"Sculati Wealth Management, LLC",679
31-DEC-2020,"SeaCrest Wealth Management, LLC",1419
31-DEC-2020,"Sepio Capital, LP",213
31-DEC-2020,Seven Post Investment Office LP,1132
31-DEC-2020,"Sheaff Brock Investment Advisors, LLC",1507
31-DEC-2020,Sigma Planning Corp,4599
31-DEC-2020,Simplify Asset Management Inc.,88
31-DEC-2020,"SkyOak Wealth, LLC",1713
31-DEC-2020,"SkyView Investment Advisors, LLC",1
31-DEC-2020,Skye Global Management LP,5773
31-DEC-2020,"STA Wealth Management, LLC",204
31-DEC-2020,"SRS Capital Advisors, Inc.",311
31-DEC-2020,"Sofos Investments, Inc.",26
31-DEC-2020,"SEGALL BRYANT & HAMILL, LLC",563
31-DEC-2020,Rosenberg Matthew Hamilton,35
31-DEC-2020,"TWO SIGMA SECURITIES, LLC",4414
31-DEC-2020,"Round Rock Advisors, LLC",491
31-DEC-2020,Roundview Capital LLC,3020
31-DEC-2020,"Russell Investments Group, Ltd.",6024
31-DEC-2020,SALEM INVESTMENT COUNSELORS INC,113
31-DEC-2020,"SANDS CAPITAL MANAGEMENT, LLC",2005530
31-DEC-2020,"SCGE MANAGEMENT, L.P.",1011963
31-DEC-2020,SCHAPER BENZ & WISE INVESTMENT COUNSEL INC/WI,293
31-DEC-2020,SCHRODER INVESTMENT MANAGEMENT GROUP,19482
31-DEC-2020,SEI INVESTMENTS CO,59420
31-DEC-2020,SQN Investors LP,74564
31-DEC-2020,"SFMG, LLC",414
31-DEC-2020,"SG Americas Securities, LLC",12481
31-DEC-2020,"SG3 Management, LLC",5660
31-DEC-2020,SHELL ASSET MANAGEMENT CO,10337
31-DEC-2020,SHENKMAN CAPITAL MANAGEMENT INC,8769
31-DEC-2020,"SIGNATUREFD, LLC",1199
31-DEC-2020,SILVERCREST ASSET MANAGEMENT GROUP LLC,235
31-DEC-2020,"SIMON QUICK ADVISORS, LLC",259
31-DEC-2020,"SIMPLEX TRADING, LLC",466745
31-DEC-2020,"SONORA INVESTMENT MANAGEMENT, LLC",57
31-DEC-2020,Snowden Capital Advisors LLC,6617380
31-DEC-2020,SAN FRANCISCO SENTRY INVESTMENT GROUP (CA),28
31-DEC-2020,Soltis Investment Advisors LLC,511
31-DEC-2020,"Summit X, LLC",1059
31-DEC-2020,Swiss National Bank,489839
31-DEC-2020,Symmetry Investments LP,4076
31-DEC-2020,"TCG Advisory Services, LLC",248
31-DEC-2020,"TCI Wealth Advisors, Inc.",132
31-DEC-2020,TD ASSET MANAGEMENT INC,570415
31-DEC-2020,TEACHERS RETIREMENT SYSTEM OF THE STATE OF KENTUCKY,51041
31-DEC-2020,TFC Financial Management,154
31-DEC-2020,THORNBURG INVESTMENT MANAGEMENT INC,59021
31-DEC-2020,TIGER GLOBAL MANAGEMENT LLC,219390
31-DEC-2020,TITAN GLOBAL CAPITAL MANAGEMENT USA LLC,12414
31-DEC-2020,TOBAM,4490
31-DEC-2020,TOCQUEVILLE ASSET MANAGEMENT L.P.,15756
31-DEC-2020,TORONTO DOMINION BANK,409452
31-DEC-2020,TOTH FINANCIAL ADVISORY CORP,147
31-DEC-2020,TOWNSQUARE CAPITAL LLC,1880
31-DEC-2020,"TRU INDEPENDENCE ASSET MANAGEMENT 2, LLC",40
31-DEC-2020,"TRUSTCORE FINANCIAL SERVICES, LLC",27
31-DEC-2020,"TSFG, LLC",217
31-DEC-2020,"TWO SIGMA INVESTMENTS, LP",54447
31-DEC-2020,Souders Financial Advisors,302
31-DEC-2020,"TWO SIGMA ADVISERS, LP",5224
31-DEC-2020,"Sunbelt Securities, Inc.",766
31-DEC-2020,TRUST CO OF VERMONT,113
31-DEC-2020,"Summit Trail Advisors, LLC",402
31-DEC-2020,"State of Tennessee, Treasury Department",135369
31-DEC-2020,"StrongBox Wealth, LLC",261
31-DEC-2020,South Shore Capital Advisors,421
31-DEC-2020,Southern Farm Bureau Life Insurance,226
31-DEC-2020,"Sowa Financial Group, Inc.",2480
31-DEC-2020,Sowell Financial Services LLC,4266
31-DEC-2020,Spark Investment Management LLC,1811
31-DEC-2020,Spence Asset Management,12265
31-DEC-2020,"Sound Income Strategies, LLC",59
31-DEC-2020,"Spouting Rock Asset Management, LLC",540
31-DEC-2020,Southland Equity Partners LLC,266008
31-DEC-2020,Steadview Capital Management LLC,69516
31-DEC-2020,Strategic Advisors LLC,426
31-DEC-2020,"Stratos Wealth Partners, LTD.",3763
31-DEC-2020,Steel Peak Wealth Management LLC,8207
31-DEC-2020,"Stratos Wealth Advisors, LLC",422
31-DEC-2020,Strategy Capital LLC,199478
31-DEC-2020,"Sound View Wealth Advisors Group, LLC",960
31-DEC-2020,"Stonebridge Financial Planning Group, LLC",28
31-DEC-2020,"Steward Partners Investment Advisory, LLC",2490
31-DEC-2020,Stony Point Capital LLC,7697
31-DEC-2020,"Sterling Investment Advisors, Ltd.",2473
30-SEP-2020,"JFS WEALTH ADVISORS, LLC",6
30-SEP-2020,"Jump Financial, LLC",921
30-SEP-2020,"Kathmere Capital Management, LLC",183
30-SEP-2020,"Kamunting Street Capital Management, L.P.",1023
30-SEP-2020,KINGS POINT CAPITAL MANAGEMENT,1792
30-SEP-2020,"KG&L Capital Management,LLC",384
30-SEP-2020,"KESTRA PRIVATE WEALTH SERVICES, LLC",5008000
30-SEP-2020,KAMES CAPITAL plc,49257
30-SEP-2020,K.J. Harrison & Partners Inc,1226
30-SEP-2020,JustInvest LLC,1311
30-SEP-2020,"Jarislowsky, Fraser Ltd",460270
30-SEP-2020,"Jeneq Management, LP",19436
30-SEP-2020,Janney Montgomery Scott LLC,10931
30-SEP-2020,"Jaffetilchin Investment Partners, LLC",493
30-SEP-2020,JS Capital Management LLC,17390
30-SEP-2020,JOHNSON INVESTMENT COUNSEL INC,333
30-SEP-2020,"JEPPSON WEALTH MANAGEMENT, LLC",705
30-SEP-2020,JJJ Advisors Inc.,5
30-SEP-2020,"Keebeck Alpha, LP",564
30-SEP-2020,"JGP Wealth Management, LLC",368
30-SEP-2020,Jacobi Capital Management LLC,10
30-SEP-2020,LAKE STREET FINANCIAL LLC,421
30-SEP-2020,Kemnay Advisory Services Inc.,598
30-SEP-2020,LOGAN CAPITAL MANAGEMENT INC,507
30-SEP-2020,"Laurel Wealth Advisors, Inc.",821
30-SEP-2020,Larson Financial Group LLC,86
30-SEP-2020,"Lakeview Capital Partners, LLC",208
30-SEP-2020,J. Goldman & Co LP,727
30-SEP-2020,Laidlaw Wealth Management LLC,263
30-SEP-2020,"LYELL WEALTH MANAGEMENT, LP",15944
30-SEP-2020,LPL Financial LLC,44393
30-SEP-2020,"LORD, ABBETT & CO. LLC",102629
30-SEP-2020,LONE PINE CAPITAL LLC,3524230
30-SEP-2020,"LIGHT STREET CAPITAL MANAGEMENT, LLC",36049
30-SEP-2020,"Kestra Advisory Services, LLC",17656000
30-SEP-2020,"LEVEL FOUR ADVISORY SERVICES, LLC",2915
30-SEP-2020,"LANDSCAPE CAPITAL MANAGEMENT, L.L.C.",679
30-SEP-2020,L & S Advisors Inc,4136
30-SEP-2020,"Krueger & Catalano Capital Partners, LLC",2137
30-SEP-2020,"Kovack Advisors, Inc.",7691
30-SEP-2020,"Koshinski Asset Management, Inc.",917
30-SEP-2020,Korea Investment CORP,193580
30-SEP-2020,"Kistler-Tiffany Companies, LLC",12
30-SEP-2020,"Kingsview Wealth Management, LLC",1591
30-SEP-2020,"JACKSON SQUARE CAPITAL, LLC",8
30-SEP-2020,"Holocene Advisors, LP",22809
30-SEP-2020,Invesco Ltd.,941
30-SEP-2020,HSBC HOLDINGS PLC,38227
30-SEP-2020,HighMark Wealth Management LLC,34
30-SEP-2020,Hexavest Inc.,10
30-SEP-2020,Heritage Wealth Advisors,102297
30-SEP-2020,"Henry James International Management, Inc.",16438
30-SEP-2020,"Hayden Royal, LLC",304
30-SEP-2020,"Harvest Fund Management Co., Ltd",216
30-SEP-2020,"Harrington Investments, INC",491
30-SEP-2020,"Harbour Capital Advisors, LLC",699
30-SEP-2020,HWG Holdings LP,9
30-SEP-2020,HOWE & RUSLING INC,20
30-SEP-2020,Intersect Capital LLC,1055
30-SEP-2020,HM PAYSON & CO,123
30-SEP-2020,HERITAGE INVESTORS MANAGEMENT CORP,460
30-SEP-2020,HEALTHCARE OF ONTARIO PENSION PLAN TRUST FUND,101074
30-SEP-2020,"Cornerstone Wealth Management, LLC",447
30-SEP-2020,HBW Advisory Services LLC,657
30-SEP-2020,HBK Sorce Advisory LLC,1083
30-SEP-2020,Lee Financial Co,56
30-SEP-2020,HARVEY CAPITAL MANAGEMENT INC,2864
30-SEP-2020,"HBC Financial Services, PLLC",23
30-SEP-2020,HighPoint Advisor Group LLC,1829
30-SEP-2020,"HighTower Advisors, LLC",22839
30-SEP-2020,Hillsdale Investment Management Inc.,22848
30-SEP-2020,Holistic Financial Partners,329
30-SEP-2020,Integrated Wealth Concepts LLC,258
30-SEP-2020,Integrated Advisors Network LLC,544
30-SEP-2020,"Institute for Wealth Management, LLC.",721
30-SEP-2020,"Indie Asset Partners, LLC",712
30-SEP-2020,"Independent Solutions Wealth Management, LLC",2792708
30-SEP-2020,Independent Advisor Alliance,3087
30-SEP-2020,Ilmarinen Mutual Pension Insurance Co,30510
30-SEP-2020,"Icon Wealth Partners, LLC",747
30-SEP-2020,INVESTMENT HOUSE LLC,368
30-SEP-2020,INTACT INVESTMENT MANAGEMENT INC.,86694
30-SEP-2020,"IMC-Chicago, LLC",639152
30-SEP-2020,"IHT Wealth Management, LLC",333
30-SEP-2020,"IFP Advisors, Inc",293
30-SEP-2020,"IEQ CAPITAL, LLC",1272
30-SEP-2020,"Hudock, Inc.",17
30-SEP-2020,Horst & Graben Wealth Management LLC,214
30-SEP-2020,"Horrell Capital Management, Inc.",51
30-SEP-2020,"Horan Securities, Inc.",16
30-SEP-2020,Honeycomb Asset Management LP,29052
30-SEP-2020,Laurion Capital Management LP,2583
30-SEP-2020,Mitsubishi UFJ Trust & Banking Corp,202275
30-SEP-2020,Leith Wheeler Investment Counsel Ltd.,235
30-SEP-2020,NATIXIS,7343
30-SEP-2020,"NVWM, LLC",1530
30-SEP-2020,"NORTHWEST INVESTMENT COUNSELORS, LLC",17
30-SEP-2020,NORRIS PERNE & FRENCH LLP/MI,205
30-SEP-2020,NORGES BANK,1008573
30-SEP-2020,NORDEA INVESTMENT MANAGEMENT AB,1011
30-SEP-2020,NOMURA ASSET MANAGEMENT CO LTD,36725
30-SEP-2020,"NFP Retirement, Inc.",358040
30-SEP-2020,"NEXT Financial Group, Inc",299
30-SEP-2020,NEW YORK STATE COMMON RETIREMENT FUND,158173
30-SEP-2020,"NATIONS FINANCIAL GROUP INC, /IA/ /ADV",233
30-SEP-2020,"NWK Group, Inc.",43
30-SEP-2020,"NAPLES GLOBAL ADVISORS, LLC",572
30-SEP-2020,N.E.W. Advisory Services LLC,1537
30-SEP-2020,"Mutual Advisors, LLC",739
30-SEP-2020,"Mount Yale Investment Advisors, LLC",2651
30-SEP-2020,"Moser Wealth Advisors, LLC",37
30-SEP-2020,"Moors & Cabot, Inc.",1406
30-SEP-2020,Monashee Investment Management LLC,2557
30-SEP-2020,Monaco Asset Management SAM,7161
30-SEP-2020,Mn Services Vermogensbeheer B.V.,92914
30-SEP-2020,NWAM LLC,6623
30-SEP-2020,"Nachman Norwood & Parrott, Inc",79
30-SEP-2020,"Lenox Wealth Advisors, LLC",9
30-SEP-2020,"NorthRock Partners, LLC",324
30-SEP-2020,OPPENHEIMER & CO INC,1549
30-SEP-2020,"HARBOR INVESTMENT ADVISORY, LLC",1125
30-SEP-2020,ONTARIO TEACHERS PENSION PLAN BOARD,910
30-SEP-2020,OLD NATIONAL BANCORP/IN/,991
30-SEP-2020,OKABENA INVESTMENT SERVICES INC,1646
30-SEP-2020,OBERWEIS ASSET MANAGEMENT INC/,367
30-SEP-2020,"OBERMEYER WOOD INVESTMENT COUNSEL, LLLP",460
30-SEP-2020,OAKMONT CORP,573
30-SEP-2020,"O'SHAUGHNESSY ASSET MANAGEMENT, LLC",620
30-SEP-2020,North Star Investment Management Corp.,56
30-SEP-2020,"Nadler Financial Group, Inc.",4067
30-SEP-2020,"Nikko Asset Management Americas, Inc.",9666
30-SEP-2020,"Night Owl Capital Management, LLC",44147
30-SEP-2020,NexWave Capital Partners LLC,515
30-SEP-2020,"Newman Dignan & Sheerar, Inc.",220
30-SEP-2020,"Newbridge Financial Services Group, Inc.",680
30-SEP-2020,New Capital Management LP,29
30-SEP-2020,Neuberger Berman Group LLC,5909
30-SEP-2020,"Nelson, Van Denburg & Campbell Wealth Management Group, LLC",58
30-SEP-2020,Navellier & Associates Inc,1593
30-SEP-2020,"Mirae Asset Global Investments Co., Ltd.",4976
30-SEP-2020,"Miracle Mile Advisors, LLC",3026
30-SEP-2020,"Meridian Wealth Partners, LLC",91
30-SEP-2020,MACROVIEW INVESTMENT MANAGEMENT LLC,1
30-SEP-2020,MCDANIEL TERRY & CO,205
30-SEP-2020,MASSMUTUAL TRUST CO FSB/ADV,100
30-SEP-2020,MASSACHUSETTS FINANCIAL SERVICES CO /MA/,210109
30-SEP-2020,MARSICO CAPITAL MANAGEMENT LLC,19747
30-SEP-2020,"MARSHALL WACE, LLP",217
30-SEP-2020,"MARK SHEPTOFF FINANCIAL PLANNING, LLC",174
30-SEP-2020,MARK ASSET MANAGEMENT LP,2864
30-SEP-2020,MANCHESTER FINANCIAL INC,39
30-SEP-2020,MAI Capital Management,2005
30-SEP-2020,MACQUARIE GROUP LTD,4073
30-SEP-2020,"Meridian Wealth Management, LLC",7195
30-SEP-2020,MACKENZIE FINANCIAL CORP,171029
30-SEP-2020,M&G INVESTMENT MANAGEMENT LTD,56672
30-SEP-2020,"Linscomb & Williams, Inc.",862
30-SEP-2020,"Lindbrook Capital, LLC",464
30-SEP-2020,"Lighthouse Financial Advisors, Inc.",3148
30-SEP-2020,"LifeSteps Financial, Inc.",237
30-SEP-2020,LifePro Asset Management,11950
30-SEP-2020,"LifePlan Financial Group, Inc",29
30-SEP-2020,"Lido Advisors, LLC",1233
30-SEP-2020,MCKINLEY CAPITAL MANAGEMENT LLC /DELAWARE,10062
30-SEP-2020,"MEAG MUNICH ERGO, Kapitalanlagegesellschaft mbH",3660
30-SEP-2020,MERCER GLOBAL ADVISORS INC /ADV,2436
30-SEP-2020,MID ATLANTIC FINANCIAL MANAGEMENT INC/ADV,1391
30-SEP-2020,Melqart Asset Management (UK) Ltd,9452
30-SEP-2020,"McMahon Financial Advisors, LLC",377
30-SEP-2020,"McIlrath & Eck, LLC",416
30-SEP-2020,Mattern Wealth Management LLC,319
30-SEP-2020,"Mathes Company, Inc.",3230
30-SEP-2020,Marcho Partners LLP,42172
30-SEP-2020,Manitou Investment Management Ltd.,12903
30-SEP-2020,Manchester Capital Management LLC,4351
30-SEP-2020,Main Street Research LLC,9061
30-SEP-2020,Magnetar Financial LLC,1972
30-SEP-2020,MUFG Securities EMEA plc,3937
30-SEP-2020,MOSELEY INVESTMENT MANAGEMENT INC,656
30-SEP-2020,MORGENS WATERFALL VINTIADIS & CO INC,8777
30-SEP-2020,"MOORE CAPITAL MANAGEMENT, LP",31350
30-SEP-2020,MONTRUSCO BOLTON INVESTMENTS INC.,7430
30-SEP-2020,"MONECO Advisors, LLC",372
30-SEP-2020,MITCHELL MCLEOD PUGH & WILLIAMS INC,519
30-SEP-2020,"MISSION WEALTH MANAGEMENT, LP",596
30-SEP-2020,MILLENNIUM MANAGEMENT LLC,25189
30-SEP-2020,"HARVEST GROUP WEALTH MANAGEMENT, LLC",56
30-SEP-2020,BlackRock Inc.,429480
30-SEP-2020,"HAP Trading, LLC",5760
30-SEP-2020,BIRINYI ASSOCIATES INC,2302
30-SEP-2020,BRIGHTON JONES LLC,2057
30-SEP-2020,BREWIN DOLPHIN LTD,17390
30-SEP-2020,BOURGEON CAPITAL MANAGEMENT LLC,218
30-SEP-2020,"BOKF, NA",789
30-SEP-2020,BOGLE INVESTMENT MANAGEMENT L P /DE/,936
30-SEP-2020,"BNC WEALTH MANAGEMENT, LLC",10
30-SEP-2020,BLUESTEIN R H & CO,2443
30-SEP-2020,"BLB&B Advisors, LLC",642
30-SEP-2020,BLAIR WILLIAM & CO/IL,29162
30-SEP-2020,"BFSG, LLC",708
30-SEP-2020,BROWN BROTHERS HARRIMAN & CO,405
30-SEP-2020,BERKSHIRE CAPITAL HOLDINGS INC,30945
30-SEP-2020,BENEDICT FINANCIAL ADVISORS INC,762
30-SEP-2020,"BECK CAPITAL MANAGEMENT, LLC",309
30-SEP-2020,"BEACON INVESTMENT ADVISORY SERVICES, INC.",248
30-SEP-2020,"BDO Wealth Advisors, LLC",2
30-SEP-2020,BAXTER BROS INC,256
30-SEP-2020,BAROMETER CAPITAL MANAGEMENT INC.,1974451
30-SEP-2020,BARCLAYS PLC,77242
30-SEP-2020,BANK OF NOVA SCOTIA,665376
30-SEP-2020,BRITISH COLUMBIA INVESTMENT MANAGEMENT Corp,331815
30-SEP-2020,BROWN CAPITAL MANAGEMENT LLC,5730
30-SEP-2020,Gulf International Bank (UK) Ltd,1822
30-SEP-2020,"Beck Bode, LLC",819
30-SEP-2020,"Bogart Wealth, LLC",637
30-SEP-2020,"Blueshift Asset Management, LLC",314
30-SEP-2020,"BlueMar Capital Management, LLC",1968
30-SEP-2020,"Blue Square Asset Management, LLC",412
30-SEP-2020,"Ocean Capital Management, LLC",534
30-SEP-2020,Bernardo Wealth Planning LLC,248
30-SEP-2020,"Berman Capital Advisors, LLC",275
30-SEP-2020,Belpointe Asset Management LLC,1576
30-SEP-2020,"Bedel Financial Consulting, Inc.",121
30-SEP-2020,"Beacon Pointe Advisors, LLC",899
30-SEP-2020,"BUCKINGHAM STRATEGIC WEALTH, LLC",541
30-SEP-2020,Baystate Wealth Management LLC,17
30-SEP-2020,"Bay Harbor Wealth Management, LLC",15
30-SEP-2020,Baskin Financial Services Inc.,351
30-SEP-2020,Barton Investment Management,261697
30-SEP-2020,"Bank Julius Baer & Co. Ltd, Zurich",1726
30-SEP-2020,Balyasny Asset Management LLC,68581
30-SEP-2020,"Baldwin Investment Management, LLC",1426
30-SEP-2020,BURNS J W & CO INC/NY,476
30-SEP-2020,BURNEY CO/,367
30-SEP-2020,BALDWIN BROTHERS INC/MA,14
30-SEP-2020,BAILLIE GIFFORD & CO,1244080
30-SEP-2020,"B. Riley Wealth Management, Inc.",3807
30-SEP-2020,Alberta Investment Management Corp,204607
30-SEP-2020,American Portfolios Advisors,1262345
30-SEP-2020,"Alyeska Investment Group, L.P.",20459
30-SEP-2020,"Altman Advisors, Inc.",4121
30-SEP-2020,"Altimeter Capital Management, LP",50126
30-SEP-2020,"AlphaMark Advisors, LLC",20
30-SEP-2020,AlphaCrest Capital Management LLC,2873
30-SEP-2020,"Alpha Cubed Investments, LLC",780
30-SEP-2020,Allworth Financial LP,415
30-SEP-2020,Alight Capital Management LP,4092
30-SEP-2020,"Advisory Services Network, LLC",3106
30-SEP-2020,B & T Capital Management DBA Alpha Capital Management,3260
30-SEP-2020,Advisory Resource Group,210
30-SEP-2020,"Advisory Alpha, LLC",3357
30-SEP-2020,"Advisors Asset Management, Inc.",2872
30-SEP-2020,"AdvisorNet Financial, Inc",3057
30-SEP-2020,"Advisor OS, LLC",345
30-SEP-2020,Addenda Capital Inc.,57673
30-SEP-2020,"Actinver Wealth Management, Inc.",328
30-SEP-2020,"Acropolis Investment Management, LLC",143
30-SEP-2020,"Abdiel Capital Advisors, LP",267951
30-SEP-2020,"Ameritas Investment Company, LLC",437
30-SEP-2020,"Anchor Investment Management, LLC",38873
30-SEP-2020,"Anchorage Capital Group, L.L.C.",12787
30-SEP-2020,"Ancora Advisors, LLC",2598
30-SEP-2020,"Axel Capital Management, LLC",16367
30-SEP-2020,Avondale Wealth Management,60
30-SEP-2020,Avitas Wealth Management LLC,4589
30-SEP-2020,Avion Wealth,18
30-SEP-2020,Avalon Investment & Advisory,1015
30-SEP-2020,"Ausdal Financial Partners, Inc.",352
30-SEP-2020,"Aurora Private Wealth, Inc.",376
30-SEP-2020,"Athanor Capital, LP",595
30-SEP-2020,"Asset Dedication, LLC",171
30-SEP-2020,"Ascent Wealth Partners, LLC",4267
30-SEP-2020,"Artemis Wealth Advisors, LLC",2047986
30-SEP-2020,Arkadios Wealth Advisors,39486
30-SEP-2020,"Arete Wealth Advisors, LLC",573
30-SEP-2020,Arden Trust Co,748
30-SEP-2020,Archer Investment Corp,56263
30-SEP-2020,"Aptus Capital Advisors, LLC",516
30-SEP-2020,"Apollon Wealth Management, LLC",8427
30-SEP-2020,"Aperio Group, LLC",487
30-SEP-2020,"Angeles Investment Advisors, LLC",655
30-SEP-2020,"Brinker Capital Investments, LLC",3269
30-SEP-2020,"Bristlecone Advisors, LLC",1049
30-SEP-2020,"Buckley Wealth Management, LLC",511
30-SEP-2020,Castle Hook Partners LP,22359
30-SEP-2020,Cetera Investment Advisers,969
30-SEP-2020,Cetera Advisors LLC,4133
30-SEP-2020,Cetera Advisor Networks LLC,3172
30-SEP-2020,Cerity Partners LLC,1376
30-SEP-2020,"Cerebellum GP, LLC",64
30-SEP-2020,Central Asset Investments & Management Holdings (HK) Ltd,859
30-SEP-2020,"Centiva Capital, LP",501
30-SEP-2020,"CenterStar Asset Management, LLC",1555
30-SEP-2020,"Cavalier Investments, LLC",970
30-SEP-2020,"Carroll Financial Associates, Inc.",144
30-SEP-2020,"Capital Advisory Group Advisory Services, LLC",12
30-SEP-2020,"Carnegie Capital Asset Management, LLC",16025
30-SEP-2020,Carmignac Gestion,9333
30-SEP-2020,"Carmichael Hill & Associates, Inc.",456
30-SEP-2020,"Cardan Capital Partners, LLC",696
30-SEP-2020,"Caption Management, LLC",181680
30-SEP-2020,"Capstone Financial Group, Inc.",7804
30-SEP-2020,"Capital Investment Advisory Services, LLC",756
30-SEP-2020,"Capital Investment Advisors, LLC",403
30-SEP-2020,Capital Asset Advisory Services LLC,815
30-SEP-2020,"Checchi Capital Advisers, LLC",331
30-SEP-2020,Chesley Taft & Associates LLC,2157
30-SEP-2020,Cheyne Capital Management (UK) LLP,4577
30-SEP-2020,"Chicago Capital, LLC",15469
30-SEP-2020,"Gs Investments, Inc.",97
30-SEP-2020,Greytown Advisors Inc.,342
30-SEP-2020,"Cornerstone Wealth Group, LLC",544
30-SEP-2020,Cordatus Wealth Management LLC,204
30-SEP-2020,Cordasco Financial Network,37
30-SEP-2020,Corbenic Partners LLC,18
30-SEP-2020,"Conservest Capital Advisors, Inc.",369
30-SEP-2020,"Connor, Clark & Lunn Investment Management Ltd.",711055
30-SEP-2020,Congress Park Capital LLC,211
30-SEP-2020,"Concorde Asset Management, LLC",968
30-SEP-2020,"Coastal Investment Advisors, Inc.",2066
30-SEP-2020,"Coastal Capital Group, Inc.",74
30-SEP-2020,"Clearstead Advisors, LLC",723
30-SEP-2020,"Clearbridge Investments, LLC",259812
30-SEP-2020,"Clarius Group, LLC",235
30-SEP-2020,"Claraphi Advisory Network, LLC",394
30-SEP-2020,"Circle Wealth Management, LLC",359
30-SEP-2020,Cinctive Capital Management LP,4348
30-SEP-2020,Chicago Partners Investment Group LLC,1199
30-SEP-2020,"Capital Analysts, LLC",838
30-SEP-2020,"Canton Hathaway, LLC",133
30-SEP-2020,"Budros, Ruhlin & Roe, Inc.",405
30-SEP-2020,"CATALYST PRIVATE WEALTH, LLC",21
30-SEP-2020,CKW FINANCIAL GROUP,173
30-SEP-2020,CIDEL ASSET MANAGEMENT INC,51023
30-SEP-2020,CIBC World Markets Inc.,705456
30-SEP-2020,CIBC Asset Management Inc,347952
30-SEP-2020,CI INVESTMENTS INC.,13606
30-SEP-2020,CHARLES SCHWAB INVESTMENT MANAGEMENT INC,6801
30-SEP-2020,CENTRAL TRUST Co,204
30-SEP-2020,CENTRAL BANK & TRUST CO,59
30-SEP-2020,"CENTAURUS FINANCIAL, INC.",214
30-SEP-2020,CAROLINAS WEALTH CONSULTING LLC,55
30-SEP-2020,Candriam Luxembourg S.C.A.,1406
30-SEP-2020,CAPTRUST FINANCIAL ADVISORS,1681
30-SEP-2020,"CAPROCK Group, Inc.",1677
30-SEP-2020,CAPITAL MANAGEMENT ASSOCIATES /NY/,1074
30-SEP-2020,CAPITAL FUND MANAGEMENT S.A.,65776971
30-SEP-2020,CANADA PENSION PLAN INVESTMENT BOARD,102203
30-SEP-2020,CALAMOS WEALTH MANAGEMENT LLC,1114
30-SEP-2020,CALAMOS ADVISORS LLC,9859
30-SEP-2020,CAAS CAPITAL MANAGEMENT LP,1943
30-SEP-2020,"Budros, Ruhlin & Roe, LLC",405
30-SEP-2020,CNB Bank,101
30-SEP-2020,COATUE MANAGEMENT LLC,63963
30-SEP-2020,COBBLESTONE CAPITAL ADVISORS LLC /NY/,22093
30-SEP-2020,COLDSTREAM CAPITAL MANAGEMENT INC,610
30-SEP-2020,Candlestick Capital Management LP,8152
30-SEP-2020,"Canal Capital Management, LLC",2036
30-SEP-2020,"Camden Capital, LLC",286
30-SEP-2020,"Cambridge Investment Research Advisors, Inc.",19671
30-SEP-2020,"Calton & Associates, Inc.",1005
30-SEP-2020,CYPRESS ASSET MANAGEMENT INC/TX,265
30-SEP-2020,CX Institutional,270
30-SEP-2020,"CWM, LLC",2589
30-SEP-2020,"CVA Family Office, LLC",51
30-SEP-2020,CULLINAN ASSOCIATES INC,409
30-SEP-2020,CTC LLC,575054
30-SEP-2020,CREATIVE FINANCIAL DESIGNS INC /ADV,872
30-SEP-2020,"CORBETT ROAD CAPITAL MANAGEMENT, LLC",391
30-SEP-2020,CONNABLE OFFICE INC,1059
30-SEP-2020,CONFLUENCE INVESTMENT MANAGEMENT LLC,1775
30-SEP-2020,"COMPASS CAPITAL MANAGEMENT, INC",205
30-SEP-2020,"COMMONWEALTH EQUITY SERVICES, LLC",29060
30-SEP-2020,"COMERICA SECURITIES,INC.",685
30-SEP-2020,COMERICA BANK,8348
30-SEP-2020,OPTIMUM INVESTMENT ADVISORS,134
30-SEP-2020,SHELL ASSET MANAGEMENT CO,7666
30-SEP-2020,"OmniStar Financial Group, Inc.",428
30-SEP-2020,Gradient Investments LLC,174
30-SEP-2020,"Genovese Burford & Brothers Wealth & Retirement Plan Management, LLC",272
30-SEP-2020,Gerber Kawasaki Wealth & Investment Management,1643
30-SEP-2020,Gladstone Institutional Advisory LLC,2788
30-SEP-2020,Glassman Wealth Services,89
30-SEP-2020,"Gleason Group, Inc.",205
30-SEP-2020,Glenview Trust Co,420
30-SEP-2020,"Global Retirement Partners, LLC",653
30-SEP-2020,"Global Wealth Management Investment Advisory, Inc.",764
30-SEP-2020,"Gotham Asset Management, LLC",1238
30-SEP-2020,Grandview Asset Management LLC,1431
30-SEP-2020,"Garrison Point Advisors, LLC",419
30-SEP-2020,"Granite Investment Partners, LLC",271
30-SEP-2020,black-and-white Capital LP,34679
30-SEP-2020,Zweig-DiMenna Associates LLC,8868
30-SEP-2020,Zurcher Kantonalbank (Zurich Cantonalbank),29507
30-SEP-2020,"Zions Bancorporation, N.A.",311
30-SEP-2020,ZEVENBERGEN CAPITAL INVESTMENTS LLC,241392
30-SEP-2020,ZACKS INVESTMENT MANAGEMENT,563
30-SEP-2020,"YHB Investment Advisors, Inc.",215
30-SEP-2020,"Xcel Wealth Management, LLC",613
30-SEP-2020,Geneos Wealth Management Inc.,525
30-SEP-2020,GWM Advisors LLC,5133
30-SEP-2020,VICUS CAPITAL,424
30-SEP-2020,"GFS Advisors, LLC",338
30-SEP-2020,"Foster Victor Wealth Advisors, LLC",1176
30-SEP-2020,"Founders Financial Alliance, LLC",409
30-SEP-2020,"Frisch Financial Group, Inc.",215
30-SEP-2020,Fulcrum Asset Management LLP,458
30-SEP-2020,"Full Sail Capital, LLC",1855
30-SEP-2020,Fullerton Fund Management Co Ltd.,8854
30-SEP-2020,GABLES CAPITAL MANAGEMENT INC.,3422
30-SEP-2020,GARDNER LEWIS ASSET MANAGEMENT L P,3540
30-SEP-2020,GATEWAY INVESTMENT ADVISERS LLC,4805
30-SEP-2020,GLENMEDE TRUST CO NA,2417
30-SEP-2020,GUARDIAN CAPITAL LP,76542
30-SEP-2020,GLYNN CAPITAL MANAGEMENT LLC,27758
30-SEP-2020,"GM Advisory Group, Inc.",1127
30-SEP-2020,GQG Partners LLC,229787
30-SEP-2020,GRAND JEAN CAPITAL MANAGEMENT INC,5008
30-SEP-2020,"GREAT VALLEY ADVISOR GROUP, INC.",1030
30-SEP-2020,GREAT WEST LIFE ASSURANCE CO /CAN/,10773
30-SEP-2020,"GRIFFIN ASSET MANAGEMENT, INC.",252
30-SEP-2020,"GROUP ONE TRADING, L.P.",118050
30-SEP-2020,GUARDIAN CAPITAL ADVISORS LP,456
30-SEP-2020,"X-Square Capital, LLC",1137
30-SEP-2020,"Worm Capital, LLC",38596
30-SEP-2020,Winthrop Advisory Group LLC,392
30-SEP-2020,Verition Fund Management LLC,203
30-SEP-2020,"WEALTHSOURCE PARTNERS, LLC",451
30-SEP-2020,"WCM INVESTMENT MANAGEMENT, LLC",1893184
30-SEP-2020,WBH ADVISORY INC,313
30-SEP-2020,"WASHBURN CAPITAL MANAGEMENT, INC.",2838
30-SEP-2020,WADE G W & INC,332
30-SEP-2020,"Vision Capital Management, Inc.",205
30-SEP-2020,"Virtue Capital Management, LLC",560
30-SEP-2020,Vigilare Wealth Management,774
30-SEP-2020,"Vident Investment Advisory, LLC",622
30-SEP-2020,"Veritable, L.P.",732
30-SEP-2020,"Winslow, Evans & Crocker, Inc.",38
30-SEP-2020,Verdence Capital Advisors LLC,2291
30-SEP-2020,Veracity Capital LLC,424
30-SEP-2020,Varma Mutual Pension Insurance Co,1607
30-SEP-2020,"Van Hulzen Asset Management, LLC",588
30-SEP-2020,"Valmark Advisers, Inc.",305
30-SEP-2020,"Valeo Financial Advisors, LLC",230
30-SEP-2020,"VOLORIDGE INVESTMENT MANAGEMENT, LLC",130399
30-SEP-2020,"VISTA CAPITAL PARTNERS, INC.",414
30-SEP-2020,"VIRIDIAN RIA, LLC",4302
30-SEP-2020,WEDBUSH SECURITIES INC,1854
30-SEP-2020,WELCH & FORBES LLC,1511
30-SEP-2020,WELD CAPITAL MANAGEMENT LLC,574
30-SEP-2020,WETHERBY ASSET MANAGEMENT INC,239
30-SEP-2020,"Winslow Capital Management, LLC",34072
30-SEP-2020,"Winfield Associates, Inc.",2312
30-SEP-2020,"Winch Advisory Services, LLC",33
30-SEP-2020,Whale Rock Capital Management LLC,764943
30-SEP-2020,"Western Wealth Management, LLC",242
30-SEP-2020,"Wellington Shields Capital Management, LLC",6567
30-SEP-2020,"Wellington Shields & Co., LLC",4808
30-SEP-2020,Weiss Multi-Strategy Advisers LLC,4782
30-SEP-2020,Weaver Consulting Group,79
30-SEP-2020,Wealthcare Advisory Partners LLC,286
30-SEP-2020,"WealthPLAN Partners, LLC",284
30-SEP-2020,"Wealth Architects, LLC",288
30-SEP-2020,"Wealth Alliance Advisory Group, LLC",360
30-SEP-2020,"We Are One Seven, LLC",814
30-SEP-2020,Walleye Trading LLC,53106
30-SEP-2020,Walleye Capital LLC,1935
30-SEP-2020,WOODSTOCK CORP,497
30-SEP-2020,"WILLIAM BLAIR INVESTMENT MANAGEMENT, LLC",8070
30-SEP-2020,WILBANKS SMITH & THOMAS ASSET MANAGEMENT LLC,795
30-SEP-2020,"Fortis Group Advisors, LLC",7
30-SEP-2020,"Fortis Advisors, LLC",153
30-SEP-2020,"FormulaFolio Investments, LLC",207
30-SEP-2020,EARNEST PARTNERS LLC,13
30-SEP-2020,"Darwin Advisors, LLC",2826
30-SEP-2020,"Diligent Investors, LLC",331
30-SEP-2020,Discovery Value Fund,856668
30-SEP-2020,Diversified Trust Co,472
30-SEP-2020,"Douglas Lane & Associates, LLC",232
30-SEP-2020,Durable Capital Partners LP,390881
30-SEP-2020,Dynamic Advisor Solutions LLC,513
30-SEP-2020,Dynamic Technology Lab Private Ltd,317
30-SEP-2020,EAGLE ASSET MANAGEMENT INC,90482
30-SEP-2020,EATON VANCE MANAGEMENT,100423
30-SEP-2020,"EXENCIAL WEALTH ADVISORS, LLC",666
30-SEP-2020,EFG Asset Management (Americas) Corp.,3349
30-SEP-2020,ENTERPRISE FINANCIAL SERVICES CORP,19
30-SEP-2020,ENVESTNET ASSET MANAGEMENT INC,72022
30-SEP-2020,"EP Wealth Advisors, LLC",311
30-SEP-2020,EQUITABLE TRUST CO,14259
30-SEP-2020,ETRADE Capital Management LLC,602
30-SEP-2020,EULAV Asset Management,17902
30-SEP-2020,"EVOKE WEALTH, LLC",171
30-SEP-2020,EXANE DERIVATIVES,955402
30-SEP-2020,Dakota Wealth Management,761
30-SEP-2020,"DWM Financial Group, Inc.",205
30-SEP-2020,DUNCKER STREETT & CO INC,12
30-SEP-2020,DOWLING & YAHNKE LLC,332
30-SEP-2020,"Abbot Financial Management, Inc.",201
30-SEP-2020,"Covenant Partners, LLC",1010
30-SEP-2020,Covington Capital Management,269
30-SEP-2020,Creative Planning,21342
30-SEP-2020,"Cresset Asset Management, LLC",1771
30-SEP-2020,Crestwood Advisors Group LLC,7351
30-SEP-2020,"Crestwood Capital Management, L.P.",20277
30-SEP-2020,"Crossmark Global Holdings, Inc.",7628
30-SEP-2020,"Cunning Capital Partners, LP",8798
30-SEP-2020,Cutler Group LP,4206
30-SEP-2020,"Cypress Wealth Services, LLC",1397
30-SEP-2020,"D'Orazio & Associates, Inc.",1
30-SEP-2020,"D. B. Root & Company, LLC",575
30-SEP-2020,D.A. DAVIDSON & CO.,3233
30-SEP-2020,"DFPG INVESTMENTS, LLC",2762
30-SEP-2020,DIMENSION CAPITAL MANAGEMENT LLC,9
30-SEP-2020,DOCK STREET ASSET MANAGEMENT INC,4816
30-SEP-2020,"DONALDSON CAPITAL MANAGEMENT, LLC",722
30-SEP-2020,DORCHESTER WEALTH MANAGEMENT Co,299
30-SEP-2020,"EXCHANGE TRADED CONCEPTS, LLC",920
30-SEP-2020,"Ellevest, Inc.",64
30-SEP-2020,"Focused Wealth Management, Inc",30
30-SEP-2020,"Financial Management Professionals, Inc.",3
30-SEP-2020,FULTON BREAKEFIELD BROENNIMAN LLC,501
30-SEP-2020,Family Management Corp,453
30-SEP-2020,"Ferris Capital, LLC",696
30-SEP-2020,"Fieldpoint Private Securities, LLC",554
30-SEP-2020,"FinTrust Capital Advisors, LLC",791
30-SEP-2020,"Financial Advisory Service, Inc.",609
30-SEP-2020,Financial Advocates Investment Management,4018
30-SEP-2020,"Financial Architects, Inc",437
30-SEP-2020,Financial Engines Advisors L.L.C.,2040
30-SEP-2020,FineMark National Bank & Trust,472
30-SEP-2020,"Ellis Investment Partners, LLC",5
30-SEP-2020,Firestone Capital Management,10
30-SEP-2020,"First Allied Advisory Services, Inc.",2370
30-SEP-2020,First Bank & Trust,495
30-SEP-2020,First Command Bank,503
30-SEP-2020,"First Command Financial Services, Inc.",503
30-SEP-2020,"First Heartland Consultants, Inc.",355
30-SEP-2020,"First Horizon Advisors, Inc.",52
30-SEP-2020,"Fisher Asset Management, LLC",3196
30-SEP-2020,"Focus Financial Network, Inc.",1281781
30-SEP-2020,"FRED ALGER MANAGEMENT, LLC",219955
30-SEP-2020,FOUNDERS FINANCIAL SECURITIES LLC,1847
30-SEP-2020,FORTE CAPITAL LLC /ADV,817
30-SEP-2020,FORSTA AP-FONDEN,14985
30-SEP-2020,"Empirical Financial Services, LLC d.b.a. Empirical Wealth Management",688
30-SEP-2020,"Endurance Wealth Management, Inc.",1
30-SEP-2020,"Ensign Peak Advisors, Inc",284669
30-SEP-2020,Erste Asset Management GmbH,4607784
30-SEP-2020,Ethic Inc.,474
30-SEP-2020,"Eudaimonia Partners, LLC",921
30-SEP-2020,"Evercore Wealth Management, LLC",219
30-SEP-2020,"Evolution Wealth Advisors, LLC",304
30-SEP-2020,"ExodusPoint Capital Management, LP",2242
30-SEP-2020,FARMERS & MERCHANTS INVESTMENTS INC,36
30-SEP-2020,FARMERS TRUST CO,723
30-SEP-2020,FARR MILLER & WASHINGTON LLC/DC,511
30-SEP-2020,FIERA CAPITAL CORP,15318
30-SEP-2020,FINANCIAL COUNSELORS INC,2593
30-SEP-2020,FIRST MANHATTAN CO,61
30-SEP-2020,FIRST NATIONAL CORP /MA/ /ADV,229
30-SEP-2020,"FIRST REPUBLIC INVESTMENT MANAGEMENT, INC.",21473
30-SEP-2020,FIRST TRUST ADVISORS LP,105051
30-SEP-2020,"FLAGSHIP HARBOR ADVISORS, LLC",4307
30-SEP-2020,VIRGINIA RETIREMENT SYSTEMS ET AL,11214
30-SEP-2020,VICTORY CAPITAL MANAGEMENT INC,46218
30-SEP-2020,One Day In July LLC,747
30-SEP-2020,QUEST CAPITAL MANAGEMENT INC /ADV,585
30-SEP-2020,REGIONS FINANCIAL CORP,2456
30-SEP-2020,REDW Wealth LLC,251
30-SEP-2020,RAYMOND JAMES TRUST N.A.,745
30-SEP-2020,RAYMOND JAMES & ASSOCIATES,85264
30-SEP-2020,Qube Research & Technologies Ltd,6197
30-SEP-2020,Quantbot Technologies LP,1077
30-SEP-2020,Quadrature Capital Ltd,9152
30-SEP-2020,Qtron Investments LLC,283
30-SEP-2020,QUEST INVESTMENT MANAGEMENT LLC,3303
30-SEP-2020,QUADRANT CAPITAL GROUP LLC,52
30-SEP-2020,"RFG Advisory, LLC",355
30-SEP-2020,"QS Investors, LLC",505
30-SEP-2020,"QCM Cayman, Ltd.",511
30-SEP-2020,Public Sector Pension Investment Board,142369
30-SEP-2020,Prospera Financial Services Inc,708
30-SEP-2020,"Professional Financial Advisors, LLC",269
30-SEP-2020,"Private Wealth Strategies, L.L.C.",205
30-SEP-2020,Private Portfolio Partners LLC,635899
30-SEP-2020,"Private Ocean, LLC",568
30-SEP-2020,"Private Capital Group, LLC",49
30-SEP-2020,"REILLY FINANCIAL ADVISORS, LLC",124
30-SEP-2020,RITHOLTZ WEALTH MANAGEMENT,385
30-SEP-2020,VANGUARD GROUP INC,2891568
30-SEP-2020,"Resource Management, LLC",326
30-SEP-2020,"Russell Investments Group, Ltd.",3911
30-SEP-2020,Roundview Capital LLC,2786
30-SEP-2020,Rosenberg Matthew Hamilton,32
30-SEP-2020,Ropes Wealth Advisors LLC,134
30-SEP-2020,"Rockbridge Investment Management, LCC",41
30-SEP-2020,"RiverPark Advisors, LLC",8024
30-SEP-2020,"Rikoon Group, LLC",244
30-SEP-2020,"Retirement Group, LLC",550
30-SEP-2020,"Resources Investment Advisors, LLC.",814
30-SEP-2020,"Resonant Capital Advisors, LLC",229
30-SEP-2020,RIVERPARK CAPITAL MANAGEMENT LLC,1859
30-SEP-2020,"Requisite Capital Management, LLC",307
30-SEP-2020,"Redwood Investments, LLC",1559
30-SEP-2020,"Red Door Wealth Management, LLC",373
30-SEP-2020,"Raymond James Financial Services Advisors, Inc.",53572
30-SEP-2020,Rathbone Brothers plc,53516
30-SEP-2020,"RPG Investment Advisory, LLC",20
30-SEP-2020,ROYAL BANK OF CANADA,10295
30-SEP-2020,ROOSEVELT INVESTMENT GROUP INC,1151
30-SEP-2020,"ROCKY MOUNTAIN ADVISERS, LLC",14
30-SEP-2020,"Private Capital Advisors, Inc.",511
30-SEP-2020,"Private Advisor Group, LLC",6776
30-SEP-2020,"Prime Capital Investment Advisors, LLC",346
30-SEP-2020,PECAUT & CO.,256
30-SEP-2020,PRIO WEALTH LIMITED PARTNERSHIP,1228
30-SEP-2020,PRICE T ROWE ASSOCIATES INC /MD/,2862945
30-SEP-2020,PITTENGER & ANDERSON INC,773
30-SEP-2020,"PINEBRIDGE INVESTMENTS, L.P.",6261
30-SEP-2020,PIN OAK INVESTMENT ADVISORS INC,122
30-SEP-2020,PFG Advisors,295
30-SEP-2020,PERSONAL CAPITAL ADVISORS CORP,566
30-SEP-2020,PEREGRINE CAPITAL MANAGEMENT LLC,23
30-SEP-2020,PECONIC PARTNERS LLC,1534
30-SEP-2020,"PDT Partners, LLC",1330
30-SEP-2020,"PrairieView Partners, LLC",82
30-SEP-2020,PCJ Investment Counsel Ltd.,10550
30-SEP-2020,"PATTON ALBERTSON MILLER GROUP, LLC",531
30-SEP-2020,PARK NATIONAL CORP /OH/,383
30-SEP-2020,PARK AVENUE SECURITIES LLC,1474
30-SEP-2020,PARADIGM ASSET MANAGEMENT CO LLC,3529231
30-SEP-2020,"PACIFIC CAPITAL WEALTH ADVISORS, INC",124
30-SEP-2020,"Otter Creek Advisors, LLC",1023
30-SEP-2020,"Oribel Capital Management, LP",3887
30-SEP-2020,OneAscent Financial Services LLC,883
30-SEP-2020,"PROEQUITIES, INC.",1176
30-SEP-2020,PRW Wealth Management LLC,3106
30-SEP-2020,Pachira Investments Inc.,254
30-SEP-2020,"Pacific Wealth Strategies Group, Inc.",385
30-SEP-2020,Polar Capital LLP,49966
30-SEP-2020,"Point Break Capital Management, LLC",2756
30-SEP-2020,"Plante Moran Financial Advisors, LLC",338
30-SEP-2020,"Pinz Capital Management, LP",3427
30-SEP-2020,"Pinnacle Wealth Planning Services, Inc.",399
30-SEP-2020,"Pinnacle Family Advisors, LLC",640
30-SEP-2020,Perkins Coie Trust Co,37
30-SEP-2020,"Perennial Investment Advisors, LLC",7516
30-SEP-2020,Paul John Balson,1048
30-SEP-2020,"Patriot Financial Group Insurance Agency, LLC",1
30-SEP-2020,Parkwood LLC,867
30-SEP-2020,Parkside Financial Bank & Trust,20
30-SEP-2020,Parisi Gray Wealth Management,533
30-SEP-2020,Parametric Portfolio Associates LLC,53332
30-SEP-2020,"Parallel Advisors, LLC",3003
30-SEP-2020,"Parallax Volatility Advisers, L.P.",53942
30-SEP-2020,"Paragon Advisors, LLC",1766
30-SEP-2020,"Paradigm Financial Advisors, LLC",358
30-SEP-2020,Pacitti Group Inc.,21
30-SEP-2020,SAN FRANCISCO SENTRY INVESTMENT GROUP (CA),26
30-SEP-2020,"SANDS CAPITAL MANAGEMENT, LLC",1830210
30-SEP-2020,"SCGE MANAGEMENT, L.P.",914535
30-SEP-2020,TOBAM,3846
30-SEP-2020,"TWO SIGMA INVESTMENTS, LP",147106
30-SEP-2020,"TWO SIGMA ADVISERS, LP",14833
30-SEP-2020,"TWIN FOCUS CAPITAL PARTNERS, LLC",285
30-SEP-2020,"TSFG, LLC",232
30-SEP-2020,"TRUSTCORE FINANCIAL SERVICES, LLC",17
30-SEP-2020,TOWNSQUARE CAPITAL LLC,1058
30-SEP-2020,TOTH FINANCIAL ADVISORY CORP,131
30-SEP-2020,TORONTO DOMINION BANK,405993
30-SEP-2020,TOCQUEVILLE ASSET MANAGEMENT L.P.,14106
30-SEP-2020,TIGER MANAGEMENT L.L.C.,614
30-SEP-2020,"Stratos Wealth Partners, LTD.",3449
30-SEP-2020,TIGER GLOBAL MANAGEMENT LLC,89511
30-SEP-2020,TFC Financial Management,139
30-SEP-2020,TEACHERS RETIREMENT SYSTEM OF THE STATE OF KENTUCKY,46332
30-SEP-2020,TD ASSET MANAGEMENT INC,470686
30-SEP-2020,"TCI Wealth Advisors, Inc.",117
30-SEP-2020,"Syntal Capital Partners, LLC",1503
30-SEP-2020,Swiss National Bank,459902
30-SEP-2020,"Sunbelt Securities, Inc.",235
30-SEP-2020,"Summit X, LLC",76723
30-SEP-2020,"TWO SIGMA SECURITIES, LLC",5422
30-SEP-2020,TYBOURNE CAPITAL MANAGEMENT (HK) LTD,152934
30-SEP-2020,Tairen Capital Ltd,88732
30-SEP-2020,"Taylor, Cottrill, Erickson & Associates, Inc.",1230
30-SEP-2020,VALLEY NATIONAL ADVISERS INC,4
30-SEP-2020,V Wealth Advisors LLC,897
30-SEP-2020,"United Capital Management of KS, Inc.",303
30-SEP-2020,"United Asset Strategies, Inc.",322
30-SEP-2020,USS Investment Management Ltd,9075
30-SEP-2020,UNIVERSITY OF NOTRE DAME DU LAC,9785
30-SEP-2020,UBS ASSET MANAGEMENT AMERICAS INC,80303145
30-SEP-2020,"Twin Tree Management, LP",85793
30-SEP-2020,Trexquant Investment LP,2002
30-SEP-2020,"Traynor Capital Management, Inc.",431
30-SEP-2020,"Transform Wealth, LLC",244
30-SEP-2020,"Tradewinds Capital Management, LLC",42
30-SEP-2020,"Tortoise Investment Management, LLC",143
30-SEP-2020,"Toroso Investments, LLC",572
30-SEP-2020,Thrivent Financial for Lutherans,2830
30-SEP-2020,"Thomas J. Herzfeld Advisors, Inc.",5
30-SEP-2020,Texas Yale Capital Corp.,13343
30-SEP-2020,"Telemus Capital, LLC",1708
30-SEP-2020,"Teamwork Financial Advisors, LLC",5311
30-SEP-2020,"Summit Financial Strategies, Inc.",211
30-SEP-2020,Strategy Capital LLC,199034
30-SEP-2020,SCHAPER BENZ & WISE INVESTMENT COUNSEL INC/WI,265
30-SEP-2020,STOCK YARDS BANK & TRUST CO,255
30-SEP-2020,Schonfeld Strategic Advisors LLC,43770
30-SEP-2020,"Sawtooth Solutions, LLC",2181
30-SEP-2020,"Sargent Investment Group, LLC",566
30-SEP-2020,Sargent Bickham Lagudis LLC,203
30-SEP-2020,Sandy Spring Bank,199
30-SEP-2020,SYQUANT CAPITAL SAS,1739
30-SEP-2020,SWS Partners,790
30-SEP-2020,"Covenant Asset Management, LLC",22566
30-SEP-2020,"SUMMIT PARTNERS PUBLIC ASSET MANAGEMENT, LLC",41526
30-SEP-2020,STATE OF WISCONSIN INVESTMENT BOARD,95133
30-SEP-2020,Strategic Advisors LLC,392
30-SEP-2020,"SRS Capital Advisors, Inc.",242
30-SEP-2020,SQN Investors LP,46337
30-SEP-2020,"SIMPLEX TRADING, LLC",364724
30-SEP-2020,"SIGNATUREFD, LLC",1081
30-SEP-2020,SHINE INVESTMENT ADVISORY SERVICES INC,446
30-SEP-2020,"SG Americas Securities, LLC",3408
30-SEP-2020,SEI INVESTMENTS CO,94684
30-SEP-2020,"SEGALL BRYANT & HAMILL, LLC",507
30-SEP-2020,SCHRODER INVESTMENT MANAGEMENT GROUP,9017
30-SEP-2020,"Sculati Wealth Management, LLC",614
30-SEP-2020,"SeaCrest Wealth Management, LLC",1165
30-SEP-2020,Seven Post Investment Office LP,1022
30-SEP-2020,"Sheaff Brock Investment Advisors, LLC",1882
30-SEP-2020,Stony Point Capital LLC,6956
30-SEP-2020,"Stonebridge Financial Planning Group, LLC",27
30-SEP-2020,"Steward Partners Investment Advisory, LLC",1394
30-SEP-2020,"Sterling Investment Advisors, Ltd.",2583
30-SEP-2020,Steel Peak Wealth Management LLC,7829
30-SEP-2020,"State of Tennessee, Treasury Department",127076
30-SEP-2020,"Spotlight Asset Group, Inc.",389
30-SEP-2020,Spence Asset Management,10876
30-SEP-2020,Spark Investment Management LLC,1636
30-SEP-2020,Sowell Financial Services LLC,1347
30-SEP-2020,"Sowa Financial Group, Inc.",2241
30-SEP-2020,"Sound View Wealth Advisors Group, LLC",920
30-SEP-2020,"Sound Income Strategies, LLC",53
30-SEP-2020,Souders Financial Advisors,296
30-SEP-2020,Soltis Investment Advisors LLC,432
30-SEP-2020,"Solstein Capital, LLC",191
30-SEP-2020,Snowden Capital Advisors LLC,4585975
30-SEP-2020,"SkyOak Wealth, LLC",1533
30-SEP-2020,Sigma Planning Corp,3598
30-SEP-2020,"Abbrea Capital, LLC",249
30-SEP-2020,Greenwoods Asset Management Ltd,18952
30-SEP-2020,AXIOM INTERNATIONAL INVESTORS LLC /DE,58334
30-SEP-2020,Grassi Investment Management,356
30-SEP-2020,1832 Asset Management L.P.,129207
30-SEP-2020,"9258 Wealth Management, LLC",487
30-SEP-2020,ACORN FINANCIAL ADVISORY SERVICES INC /ADV,606
30-SEP-2020,ADVISOR PARTNERS LLC,1538
30-SEP-2020,AE Wealth Management LLC,11300
30-SEP-2020,AGF INVESTMENTS INC.,45530
30-SEP-2020,"AJ WEALTH STRATEGIES, LLC",266
30-SEP-2020,ALGERT GLOBAL LLC,253
30-SEP-2020,ALKEON CAPITAL MANAGEMENT LLC,417362
30-SEP-2020,AMF Pensionsforsakring AB,78965
30-SEP-2020,AMUNDI PIONEER ASSET MANAGEMENT INC,8900
30-SEP-2020,AMUSSEN HUNSAKER ASSOCIATES LLC,418
30-SEP-2020,"ANGLEPOINT ASSET MANAGEMENT, LTD.",137078
30-SEP-2020,APPLETON PARTNERS INC/MA,1137
30-SEP-2020,"APPLIED RESEARCH INVESTMENTS, LLC",13937
30-SEP-2020,ARCADIA INVESTMENT MANAGEMENT CORP/MI,911
30-SEP-2020,ARK Investment Management LLC,192
30-SEP-2020,ARROW FINANCIAL CORP,37
30-SEP-2020,"ARTHUR M. COHEN & ASSOCIATES, LLC",1381
30-SEP-2020,"ASAHI LIFE ASSET MANAGEMENT CO., LTD.",714
30-SEP-2020,ASHFORD CAPITAL MANAGEMENT INC,16861
30-SEP-2020,ASSET MANAGEMENT CORP /IL/ /ADV,1512
30-SEP-2020,"ATALANTA SOSNOFF CAPITAL, LLC",9964
30-SEP-2020,ATLAS CAPITAL ADVISORS LLC,835766
30-SEP-2020,ATRIA INVESTMENTS LLC,6911
30-SEP-2020,"AVANTAX ADVISORY SERVICES, INC.",5754
14-AUG-2020,"Sunbelt Securities, Inc.",303
30-JUN-2020,"Zions Bancorporation, N.A.",13
30-JUN-2020,FARR MILLER & WASHINGTON LLC/DC,475
30-JUN-2020,FARMERS & MERCHANTS INVESTMENTS INC,68
30-JUN-2020,"F3Logic, LLC",474
30-JUN-2020,"ExodusPoint Capital Management, LP",2514
30-JUN-2020,"Evolution Wealth Advisors, LLC",238
30-JUN-2020,"Evercore Wealth Management, LLC",203
30-JUN-2020,"Eudaimonia Partners, LLC",448
30-JUN-2020,Ethic Inc.,212
30-JUN-2020,Erste Asset Management GmbH,9274443
30-JUN-2020,"Ensign Peak Advisors, Inc",298372
30-JUN-2020,"Enlightenment Research, LLC",2278
30-JUN-2020,Engrave Wealth Partners LLC,46
30-JUN-2020,"Empirical Financial Services, LLC d.b.a. Empirical Wealth Management",705
30-JUN-2020,"Ellevest, Inc.",60
30-JUN-2020,"EXENCIAL WEALTH ADVISORS, LLC",336
30-JUN-2020,"EXCHANGE TRADED CONCEPTS, LLC",177
30-JUN-2020,EXANE DERIVATIVES,510635
30-JUN-2020,"EVOKE WEALTH, LLC",176
30-JUN-2020,EULAV Asset Management,16611
30-JUN-2020,ETRADE Capital Management LLC,526
30-JUN-2020,FARMERS TRUST CO,664
30-JUN-2020,"FDx Advisors, Inc.",2018
30-JUN-2020,"Financial Advisory Service, Inc.",617
30-JUN-2020,FIERA CAPITAL CORP,10926
30-JUN-2020,"Filbrandt Wealth Management, LLC",2
30-JUN-2020,"Fieldpoint Private Securities, LLC",712
30-JUN-2020,"Ferris Capital, LLC",645
30-JUN-2020,"Fairhaven Wealth Management, LLC",221
30-JUN-2020,FULTON BREAKEFIELD BROENNIMAN LLC,465
30-JUN-2020,FUKOKU MUTUAL LIFE INSURANCE Co,285
30-JUN-2020,FRONTIER INVESTMENT MGMT CO,344
30-JUN-2020,"FRED ALGER MANAGEMENT, LLC",155713
30-JUN-2020,FOUNDERS FINANCIAL SECURITIES LLC,3188
30-JUN-2020,FORTE CAPITAL LLC /ADV,649
30-JUN-2020,FORSTA AP-FONDEN,11837
30-JUN-2020,"FORA Capital, LLC",1280000
30-JUN-2020,"FLAGSHIP HARBOR ADVISORS, LLC",3805
30-JUN-2020,FIRST TRUST ADVISORS LP,118647
30-JUN-2020,FIRST SABREPOINT CAPITAL MANAGEMENT LP,3227
30-JUN-2020,"FIRST REPUBLIC INVESTMENT MANAGEMENT, INC.",17936
30-JUN-2020,FIRST NATIONAL CORP /MA/ /ADV,196
30-JUN-2020,FIRST MANHATTAN CO,52
30-JUN-2020,FINANCIAL COUNSELORS INC,1649
30-JUN-2020,EQUITABLE TRUST CO,15232
30-JUN-2020,"EP Wealth Advisors, LLC",285
30-JUN-2020,ENVESTNET ASSET MANAGEMENT INC,93890
30-JUN-2020,ENTERPRISE FINANCIAL SERVICES CORP,18
30-JUN-2020,"Crestwood Capital Management, L.P.",22659
30-JUN-2020,Crestwood Advisors Group LLC,7379
30-JUN-2020,Creative Planning,18484
30-JUN-2020,Covington Capital Management,247
30-JUN-2020,"Covenant Partners, LLC",2115
30-JUN-2020,"Covenant Asset Management, LLC",21118
30-JUN-2020,"Cornerstone Wealth Management, LLC",402
30-JUN-2020,"Cornerstone Wealth Group, LLC",505
30-JUN-2020,Cordasco Financial Network,34
30-JUN-2020,Corbenic Partners LLC,17
30-JUN-2020,"Conservest Capital Advisors, Inc.",343
30-JUN-2020,"Connor, Clark & Lunn Investment Management Ltd.",671955
30-JUN-2020,"Coastal Investment Advisors, Inc.",914
30-JUN-2020,"Coastal Capital Group, Inc.",63
30-JUN-2020,"Clearstead Advisors, LLC",101
30-JUN-2020,"Claraphi Advisory Network, LLC",305
30-JUN-2020,"Circle Wealth Management, LLC",333
30-JUN-2020,Chicago Partners Investment Group LLC,1234
30-JUN-2020,"Chicago Capital, LLC",14352
30-JUN-2020,"Crossmark Global Holdings, Inc.",7377
30-JUN-2020,"Cunning Capital Partners, LP",8163
30-JUN-2020,Cutler Group LP,4192
30-JUN-2020,"Diligent Investors, LLC",216
30-JUN-2020,EFG Asset Management (Americas) Corp.,4579
30-JUN-2020,EATON VANCE MANAGEMENT,186410
30-JUN-2020,EARNEST PARTNERS LLC,12
30-JUN-2020,EAGLE ASSET MANAGEMENT INC,81900
30-JUN-2020,Dynamic Advisor Solutions LLC,424
30-JUN-2020,Durable Capital Partners LP,221083
30-JUN-2020,Diversified Trust Co,442
30-JUN-2020,Discovery Value Fund,1242280
30-JUN-2020,Dakota Wealth Management,381
30-JUN-2020,"Cypress Wealth Services, LLC",1275
30-JUN-2020,DUNCKER STREETT & CO INC,11
30-JUN-2020,DOWLING & YAHNKE LLC,323
30-JUN-2020,DORCHESTER WEALTH MANAGEMENT Co,416
30-JUN-2020,"DONALDSON CAPITAL MANAGEMENT, LLC",335
30-JUN-2020,DOCK STREET ASSET MANAGEMENT INC,5418
30-JUN-2020,"DFPG INVESTMENTS, LLC",4049
30-JUN-2020,D.A. DAVIDSON & CO.,2111
30-JUN-2020,"D. B. Root & Company, LLC",433
30-JUN-2020,"FinTrust Capital Advisors, LLC",23
30-JUN-2020,Financial Advocates Investment Management,5242
30-JUN-2020,Invesco Ltd.,873
30-JUN-2020,Henry James International Management Inc.,16520
30-JUN-2020,"Harwood Advisory Group, LLC",3645
30-JUN-2020,"Harvest Fund Management Co., Ltd",373
30-JUN-2020,Hartford Financial Management Inc.,142
30-JUN-2020,"Harrington Investments, INC",456
30-JUN-2020,"Harbour Capital Advisors, LLC",525
30-JUN-2020,HOWE & RUSLING INC,5
30-JUN-2020,HM PAYSON & CO,1
30-JUN-2020,HERITAGE INVESTORS MANAGEMENT CORP,427
30-JUN-2020,HEALTHCARE OF ONTARIO PENSION PLAN TRUST FUND,168312
30-JUN-2020,HBW Advisory Services LLC,607
30-JUN-2020,HBK Sorce Advisory LLC,906
30-JUN-2020,"HARVEST GROUP WEALTH MANAGEMENT, LLC",78
30-JUN-2020,"HARBOR INVESTMENT ADVISORY, LLC",1229
30-JUN-2020,"HAP Trading, LLC",6635
30-JUN-2020,Gunderson Capital Management Inc.,4609
30-JUN-2020,Gulf International Bank (UK) Ltd,1858
30-JUN-2020,"Gs Investments, Inc.",94920
30-JUN-2020,Greytown Advisors Inc.,317
30-JUN-2020,Grassi Investment Management,330
30-JUN-2020,"Hayden Royal, LLC",223062
30-JUN-2020,HighMark Wealth Management LLC,31
30-JUN-2020,"Financial Architects, Inc",405
30-JUN-2020,HighPoint Advisor Group LLC,1545
30-JUN-2020,Intersect Capital LLC,924
30-JUN-2020,Integrated Wealth Concepts LLC,293
30-JUN-2020,"Institute for Wealth Management, LLC.",730
30-JUN-2020,"Indie Asset Partners, LLC",684
30-JUN-2020,"Independent Solutions Wealth Management, LLC",2768816
30-JUN-2020,Independent Advisor Alliance,2774
30-JUN-2020,Ilmarinen Mutual Pension Insurance Co,23562
30-JUN-2020,"Icon Wealth Partners, LLC",596
30-JUN-2020,INVESTMENT HOUSE LLC,342
30-JUN-2020,INTACT INVESTMENT MANAGEMENT INC.,84504
30-JUN-2020,"IMC-Chicago, LLC",527566
30-JUN-2020,"IHT Wealth Management, LLC",271
30-JUN-2020,"IFP Advisors, Inc",561
30-JUN-2020,"Hudock, Inc.",16
30-JUN-2020,"Horrell Capital Management, Inc.",47
30-JUN-2020,"Horan Securities, Inc.",27
30-JUN-2020,"Hoover Financial Advisors, Inc.",11
30-JUN-2020,Hillsdale Investment Management Inc.,25990
30-JUN-2020,"HighTower Advisors, LLC",23985
30-JUN-2020,"Granite Investment Partners, LLC",295
30-JUN-2020,Grandview Asset Management LLC,1063
30-JUN-2020,Gradient Investments LLC,66
30-JUN-2020,"Gotham Asset Management, LLC",783
30-JUN-2020,GARDNER LEWIS ASSET MANAGEMENT L P,3299
30-JUN-2020,GABLES CAPITAL MANAGEMENT INC.,3208
30-JUN-2020,"Full Sail Capital, LLC",1825
30-JUN-2020,Fulcrum Asset Management LLP,769
30-JUN-2020,"Foster Victor Wealth Advisors, LLC",1234
30-JUN-2020,"Fortis Advisors, LLC",142
30-JUN-2020,"Focused Wealth Management, Inc",813
30-JUN-2020,"Focus Financial Network, Inc.",1044120
30-JUN-2020,"Fisher Asset Management, LLC",469
30-JUN-2020,"Firsthand Capital Management, Inc.",9492
30-JUN-2020,"First Horizon Advisors, Inc.",3
30-JUN-2020,"First Heartland Consultants, Inc.",347
30-JUN-2020,"First Command Financial Services, Inc.",934
30-JUN-2020,First Command Bank,934
30-JUN-2020,"First Allied Advisory Services, Inc.",1864
30-JUN-2020,Firestone Capital Management,9
30-JUN-2020,FineMark National Bank & Trust,458
30-JUN-2020,"Financial Management Professionals, Inc.",3
30-JUN-2020,Financial Engines Advisors L.L.C.,1704
30-JUN-2020,GATEWAY INVESTMENT ADVISERS LLC,769
30-JUN-2020,"GFS Advisors, LLC",242
30-JUN-2020,"GILL CAPITAL PARTNERS, LLC",259
30-JUN-2020,"Garrison Point Advisors, LLC",432
30-JUN-2020,"Good Life Advisors, LLC",475
30-JUN-2020,"Global Retirement Partners, LLC",498
30-JUN-2020,Glenview Trust Co,357
30-JUN-2020,"Gleason Group, Inc.",190
30-JUN-2020,Glassman Wealth Services,119
30-JUN-2020,Gladstone Institutional Advisory LLC,1283
30-JUN-2020,Gerber Kawasaki Wealth & Investment Management,1654
30-JUN-2020,Geneos Wealth Management Inc.,514
30-JUN-2020,GWM Advisors LLC,3522
30-JUN-2020,GLENMEDE TRUST CO NA,2010
30-JUN-2020,GUARDIAN CAPITAL LP,104972
30-JUN-2020,GUARDIAN CAPITAL ADVISORS LP,437
30-JUN-2020,"GROUP ONE TRADING, L.P.",105171
30-JUN-2020,"GRIFFIN ASSET MANAGEMENT, INC.",364
30-JUN-2020,GREAT WEST LIFE ASSURANCE CO /CAN/,2363
30-JUN-2020,"GREAT VALLEY ADVISOR GROUP, INC.",556
30-JUN-2020,GRAND JEAN CAPITAL MANAGEMENT INC,5082
30-JUN-2020,"GM Advisory Group, Inc.",1046
30-JUN-2020,Chesley Taft & Associates LLC,2035
30-JUN-2020,"Checchi Capital Advisers, LLC",306
30-JUN-2020,Cetera Investment Advisers,1040
30-JUN-2020,Avitas Wealth Management LLC,4603
30-JUN-2020,Avalon Global Asset Management LLC,4271
30-JUN-2020,"Ausdal Financial Partners, Inc.",315
30-JUN-2020,"Aurora Private Wealth, Inc.",327
30-JUN-2020,"Aureus Asset Management, LLC",232
30-JUN-2020,Atom Investors LP,2750
30-JUN-2020,Atlas Private Wealth Management,5
30-JUN-2020,"Athanor Capital, LP",2234
30-JUN-2020,"Asset Dedication, LLC",95
30-JUN-2020,"Ascent Wealth Partners, LLC",3922
30-JUN-2020,ArrowMark Colorado Holdings LLC,4271
30-JUN-2020,Arkadios Wealth Advisors,16564
30-JUN-2020,"Arete Wealth Advisors, LLC",584
30-JUN-2020,Arden Trust Co,712
30-JUN-2020,Archer Investment Corp,37968
30-JUN-2020,Arabesque Asset Management Ltd,2337
30-JUN-2020,"Aptus Capital Advisors, LLC",356
30-JUN-2020,"Apollon Wealth Management, LLC",7197
30-JUN-2020,"Aperio Group, LLC",512
30-JUN-2020,"Angeles Investment Advisors, LLC",513
30-JUN-2020,Avalon Investment & Advisory,1236
30-JUN-2020,"Axel Capital Management, LLC",1898
30-JUN-2020,Cetera Advisors LLC,3357
30-JUN-2020,B & T Capital Management DBA Alpha Capital Management,657
30-JUN-2020,BOGLE INVESTMENT MANAGEMENT L P /DE/,893
30-JUN-2020,BOARDMAN BAY CAPITAL MANAGEMENT LLC,570
30-JUN-2020,BLUESTEIN R H & CO,2675
30-JUN-2020,"BLB&B Advisors, LLC",601
30-JUN-2020,BLAIR WILLIAM & CO/IL,28086
30-JUN-2020,BIT Capital GmbH,949200
30-JUN-2020,BIRINYI ASSOCIATES INC,2231
30-JUN-2020,BERKSHIRE CAPITAL HOLDINGS INC,33630
30-JUN-2020,BENEDICT FINANCIAL ADVISORS INC,707
30-JUN-2020,"BEESE FULMER INVESTMENT MANAGEMENT, INC.",4
30-JUN-2020,"BECK CAPITAL MANAGEMENT, LLC",211
30-JUN-2020,"BDO Wealth Advisors, LLC",62
30-JUN-2020,BAXTER BROS INC,237
30-JUN-2020,BAROMETER CAPITAL MANAGEMENT INC.,6964758
30-JUN-2020,BARCLAYS PLC,102191
30-JUN-2020,BANK OF NOVA SCOTIA,789330
30-JUN-2020,BALDWIN BROTHERS INC/MA,42
30-JUN-2020,BAILLIE GIFFORD & CO,1189103
30-JUN-2020,"B. Riley Wealth Management, Inc.",1722
30-JUN-2020,"Ancora Advisors, LLC",2378
30-JUN-2020,"Anchor Investment Management, LLC",36070
30-JUN-2020,"Ameritas Investment Company, LLC",437
30-JUN-2020,American Portfolios Advisors,984320
30-JUN-2020,"ATALANTA SOSNOFF CAPITAL, LLC",45176
30-JUN-2020,ASHFORD CAPITAL MANAGEMENT INC,20825
30-JUN-2020,"ASAHI LIFE ASSET MANAGEMENT CO., LTD.",492
30-JUN-2020,"ARTHUR M. COHEN & ASSOCIATES, LLC",1057
30-JUN-2020,ARROW FINANCIAL CORP,34
30-JUN-2020,ARK Investment Management LLC,500
30-JUN-2020,"APPLIED RESEARCH INVESTMENTS, LLC",10088
30-JUN-2020,APPLETON PARTNERS INC/MA,983
30-JUN-2020,ANDERSON FISHER LLC,1
30-JUN-2020,AMUNDI PIONEER ASSET MANAGEMENT INC,16231
30-JUN-2020,AMF Pensionsforsakring AB,65383
30-JUN-2020,ALKEON CAPITAL MANAGEMENT LLC,314300
30-JUN-2020,ALGERT GLOBAL LLC,235
30-JUN-2020,AGF INVESTMENTS INC.,41570
30-JUN-2020,AE Wealth Management LLC,16161
30-JUN-2020,ADVISOR PARTNERS LLC,920
30-JUN-2020,ACORN FINANCIAL ADVISORY SERVICES INC /ADV,814
30-JUN-2020,"9258 Wealth Management, LLC",499
30-JUN-2020,1832 Asset Management L.P.,167624
30-JUN-2020,ATLAS CAPITAL ADVISORS LLC,839093
30-JUN-2020,ATRIA INVESTMENTS LLC,9477
30-JUN-2020,"AVANTAX ADVISORY SERVICES, INC.",1717
30-JUN-2020,"Advisors Asset Management, Inc.",1001
30-JUN-2020,"Alyeska Investment Group, L.P.",612
30-JUN-2020,"Altman Advisors, Inc.",3763
30-JUN-2020,"AlphaMark Advisors, LLC",21
30-JUN-2020,"Alpha Cubed Investments, LLC",916
30-JUN-2020,Allworth Financial LP,290
30-JUN-2020,Alberta Investment Management Corp,176535
30-JUN-2020,"Advisory Services Network, LLC",1513
30-JUN-2020,Advisory Resource Group,213
30-JUN-2020,"AdvisorNet Financial, Inc",3226
30-JUN-2020,AXIOM INTERNATIONAL INVESTORS LLC /DE,30638
30-JUN-2020,"Advisor OS, LLC",252
30-JUN-2020,Addenda Capital Inc.,56517
30-JUN-2020,"Actinver Wealth Management, Inc.",305
30-JUN-2020,"Acropolis Investment Management, LLC",133
30-JUN-2020,Accuvest Global Advisors,13
30-JUN-2020,"Abdiel Capital Advisors, LP",362532
30-JUN-2020,"Abbrea Capital, LLC",517
30-JUN-2020,"Abbot Financial Management, Inc.",215
30-JUN-2020,BOURGEON CAPITAL MANAGEMENT LLC,12
30-JUN-2020,BREAKLINE CAPITAL LLC,1092
30-JUN-2020,BREITER CAPITAL MANAGEMENT INC,214
30-JUN-2020,CIBC World Markets Inc.,650768
30-JUN-2020,CX Institutional,156
30-JUN-2020,"CWM, LLC",3278
30-JUN-2020,"CVA Family Office, LLC",47
30-JUN-2020,CULLINAN ASSOCIATES INC,380
30-JUN-2020,CTC LLC,694219
30-JUN-2020,CSS LLC/IL,5886
30-JUN-2020,CREATIVE FINANCIAL DESIGNS INC /ADV,804
30-JUN-2020,"CORBETT ROAD CAPITAL MANAGEMENT, LLC",448
30-JUN-2020,CONNABLE OFFICE INC,2111
30-JUN-2020,CONFLUENCE INVESTMENT MANAGEMENT LLC,2011
30-JUN-2020,"COMMONWEALTH EQUITY SERVICES, LLC",28200
30-JUN-2020,"COMERICA SECURITIES,INC.",902
30-JUN-2020,COMERICA BANK,7494
30-JUN-2020,COLDSTREAM CAPITAL MANAGEMENT INC,1137
30-JUN-2020,COBBLESTONE CAPITAL ADVISORS LLC /NY/,21974
30-JUN-2020,COATUE MANAGEMENT LLC,67036
30-JUN-2020,CNB Bank,86
30-JUN-2020,CLEAR STREET MARKETS LLC,950
30-JUN-2020,CKW FINANCIAL GROUP,21
30-JUN-2020,CYPRESS ASSET MANAGEMENT INC/TX,3991
30-JUN-2020,"Calton & Associates, Inc.",1010
30-JUN-2020,"Cambridge Investment Research Advisors, Inc.",15556
30-JUN-2020,"Caption Management, LLC",201389
30-JUN-2020,Cetera Advisor Networks LLC,2717
30-JUN-2020,Cerity Partners LLC,1838
30-JUN-2020,Central Asset Investments & Management Holdings (HK) Ltd,1252
30-JUN-2020,"CenterStar Asset Management, LLC",847
30-JUN-2020,"Carroll Financial Associates, Inc.",118
30-JUN-2020,"Carnegie Capital Asset Management, LLC",18199
30-JUN-2020,"Carmichael Hill & Associates, Inc.",422
30-JUN-2020,"Cardan Capital Partners, LLC",645
30-JUN-2020,"Capstone Financial Group, Inc.",9092
30-JUN-2020,"Camden Capital, LLC",234
30-JUN-2020,"Capital Investment Advisory Services, LLC",711
30-JUN-2020,"Capital Investment Advisors, LLC",711
30-JUN-2020,"Capital Impact Advisors, LLC",2373
30-JUN-2020,Capital Asset Advisory Services LLC,847
30-JUN-2020,"Capital Analysts, LLC",777
30-JUN-2020,"Capital Advisory Group Advisory Services, LLC",216
30-JUN-2020,Candriam Luxembourg S.C.A.,1341
30-JUN-2020,Candlestick Capital Management LP,2818
30-JUN-2020,CIDEL ASSET MANAGEMENT INC,97220
30-JUN-2020,CIBC Asset Management Inc,248364
30-JUN-2020,BREWIN DOLPHIN LTD,2848
30-JUN-2020,CI INVESTMENTS INC.,8858
30-JUN-2020,Biltmore Capital Advisors LLC,451
30-JUN-2020,Belpointe Asset Management LLC,1526
30-JUN-2020,"Bedel Financial Consulting, Inc.",110
30-JUN-2020,"Beacon Pointe Advisors, LLC",815
30-JUN-2020,Baystate Wealth Management LLC,16
30-JUN-2020,"Bayesian Capital Management, LP",2402
30-JUN-2020,Baskin Financial Services Inc.,323
30-JUN-2020,Barton Investment Management,253928
30-JUN-2020,"Bank Julius Baer & Co. Ltd, Zurich",636
30-JUN-2020,Balyasny Asset Management LLC,64343
30-JUN-2020,Balentine LLC,128
30-JUN-2020,"Baldwin Investment Management, LLC",1337
30-JUN-2020,BURNS J W & CO INC/NY,351
30-JUN-2020,BURNEY CO/,312
30-JUN-2020,BROWN CAPITAL MANAGEMENT LLC,7845
30-JUN-2020,BROWN BROTHERS HARRIMAN & CO,376
30-JUN-2020,BRITISH COLUMBIA INVESTMENT MANAGEMENT Corp,242183
30-JUN-2020,BRINKER CAPITAL INC,2564
30-JUN-2020,BRIGHTON JONES LLC,1876
30-JUN-2020,BlackRock Inc.,405187
30-JUN-2020,"Blue Square Asset Management, LLC",358
30-JUN-2020,Braun-Bostich & Associates Inc.,10
30-JUN-2020,CAPITAL MANAGEMENT ASSOCIATES /NY/,997
30-JUN-2020,CFM WEALTH PARTNERS LLC,35
30-JUN-2020,CENTRAL TRUST Co,198
30-JUN-2020,CENTRAL BANK & TRUST CO,14
30-JUN-2020,"CENTAURUS FINANCIAL, INC.",247
30-JUN-2020,CAROLINAS WEALTH CONSULTING LLC,47
30-JUN-2020,"CARILLON TOWER ADVISERS, INC.",67385
30-JUN-2020,CAPTRUST FINANCIAL ADVISORS,1726
30-JUN-2020,"CAPROCK Group, Inc.",1459
30-JUN-2020,CAPITAL FUND MANAGEMENT S.A.,48883800
30-JUN-2020,"Bristlecone Advisors, LLC",813
30-JUN-2020,CANADA PENSION PLAN INVESTMENT BOARD,369057
30-JUN-2020,CALAMOS WEALTH MANAGEMENT LLC,868
30-JUN-2020,CALAMOS ADVISORS LLC,3918
30-JUN-2020,CAAS CAPITAL MANAGEMENT LP,1804
30-JUN-2020,"Budros, Ruhlin & Roe, LLC",376
30-JUN-2020,"Budros, Ruhlin & Roe, Inc.",376
30-JUN-2020,"Buckley Wealth Management, LLC",475
30-JUN-2020,"Buckingham Asset Management, LLC",304
30-JUN-2020,"Interval Partners, LP",384
30-JUN-2020,"JACKSON SQUARE CAPITAL, LLC",15
30-JUN-2020,ZEVENBERGEN CAPITAL INVESTMENTS LLC,248968
30-JUN-2020,"Solstein Capital, LLC",185
30-JUN-2020,Skye Global Management LP,3037
30-JUN-2020,"SkyOak Wealth, LLC",2095
30-JUN-2020,Sigma Planning Corp,6427
30-JUN-2020,"Sheaff Brock Investment Advisors, LLC",1309
30-JUN-2020,Seven Post Investment Office LP,950
30-JUN-2020,"Secure Asset Management, LLC",206
30-JUN-2020,"SeaCrest Wealth Management, LLC",947
30-JUN-2020,"Sculati Wealth Management, LLC",664
30-JUN-2020,Schonfeld Strategic Advisors LLC,30820
30-JUN-2020,"Sawtooth Solutions, LLC",6632
30-JUN-2020,Sargent Bickham Lagudis LLC,200
30-JUN-2020,Sandy Spring Bank,185
30-JUN-2020,"Samalin Investment Counsel, LLC",562
30-JUN-2020,SWS Partners,707
30-JUN-2020,"SUMMIT PARTNERS PUBLIC ASSET MANAGEMENT, LLC",37968
30-JUN-2020,STOCK YARDS BANK & TRUST CO,233
30-JUN-2020,STATE OF WISCONSIN INVESTMENT BOARD,72874
30-JUN-2020,"STA Wealth Management, LLC",665
30-JUN-2020,"SRS Capital Advisors, Inc.",295
30-JUN-2020,Snowden Capital Advisors LLC,6702301
30-JUN-2020,Soltis Investment Advisors LLC,401
30-JUN-2020,"Syntal Capital Partners, LLC",1473
30-JUN-2020,Souders Financial Advisors,284
30-JUN-2020,"Summit X, LLC",793
30-JUN-2020,"Summit Wealth Partners, LLC",466057
30-JUN-2020,"Summit Trail Advisors, LLC",427
30-JUN-2020,"Sugarloaf Wealth Management, LLC",57
30-JUN-2020,"Stratos Wealth Partners, LTD.",3096
30-JUN-2020,Strategy Capital LLC,200591
30-JUN-2020,Strategic Advisors LLC,352
30-JUN-2020,Stony Point Capital LLC,6455
30-JUN-2020,"Stonebridge Financial Planning Group, LLC",26
30-JUN-2020,"Steward Partners Investment Advisory, LLC",823
30-JUN-2020,"Sterling Investment Advisors, Ltd.",2914
30-JUN-2020,Steel Peak Wealth Management LLC,6152
30-JUN-2020,"State of Tennessee, Treasury Department",163072
30-JUN-2020,"Spotlight Asset Group, Inc.",360
30-JUN-2020,Spence Asset Management,9800
30-JUN-2020,Sowell Financial Services LLC,1690
30-JUN-2020,"Sowa Financial Group, Inc.",2080
30-JUN-2020,"Sound View Wealth Advisors Group, LLC",821
30-JUN-2020,"Sound Income Strategies, LLC",49
30-JUN-2020,"SONORA INVESTMENT MANAGEMENT, LLC",38
30-JUN-2020,SOFTBANK GROUP CORP,114113
30-JUN-2020,"SIMPLEX TRADING, LLC",483567
30-JUN-2020,"SIGNATUREFD, LLC",831
30-JUN-2020,"Requisite Capital Management, LLC",1187
30-JUN-2020,Regal Investment Advisors LLC,3534
30-JUN-2020,"Redwood Investments, LLC",1430
30-JUN-2020,"Red Door Wealth Management, LLC",317
30-JUN-2020,"Raymond James Financial Services Advisors, Inc.",52435
30-JUN-2020,Rathbone Brothers plc,1317
30-JUN-2020,RSM US WEALTH MANAGEMENT LLC,285
30-JUN-2020,"RPG Investment Advisory, LLC",19
30-JUN-2020,ROYAL BANK OF CANADA,91588
30-JUN-2020,ROOSEVELT INVESTMENT GROUP INC,1186
30-JUN-2020,"ROCKY MOUNTAIN ADVISERS, LLC",13
30-JUN-2020,RMR Wealth Builders,243
30-JUN-2020,RIVERPARK CAPITAL MANAGEMENT LLC,2031
30-JUN-2020,RITHOLTZ WEALTH MANAGEMENT,296
30-JUN-2020,"RFG Advisory, LLC",351
30-JUN-2020,RENAISSANCE TECHNOLOGIES LLC,144183
30-JUN-2020,"REILLY FINANCIAL ADVISORS, LLC",139
30-JUN-2020,REGIONS FINANCIAL CORP,327
30-JUN-2020,REDW Wealth LLC,233
30-JUN-2020,"Resonant Capital Advisors, LLC",364
30-JUN-2020,"Resource Management, LLC",321
30-JUN-2020,"Resources Investment Advisors, LLC.",638
30-JUN-2020,SAN FRANCISCO SENTRY INVESTMENT GROUP (CA),353
30-JUN-2020,SHINE INVESTMENT ADVISORY SERVICES INC,541
30-JUN-2020,SHELL ASSET MANAGEMENT CO,6626
30-JUN-2020,"SG Americas Securities, LLC",1211
30-JUN-2020,SEI INVESTMENTS CO,30490
30-JUN-2020,SCHRODER INVESTMENT MANAGEMENT GROUP,4900
30-JUN-2020,SCHAPER BENZ & WISE INVESTMENT COUNSEL INC/WI,246
30-JUN-2020,"SCGE MANAGEMENT, L.P.",801125
30-JUN-2020,"SANDS CAPITAL MANAGEMENT, LLC",894639
30-JUN-2020,"Russell Investments Group, Ltd.",2728
30-JUN-2020,"Retirement Group, LLC",84
30-JUN-2020,"Rudd International, Inc.",1718
30-JUN-2020,Roundview Capital LLC,2602
30-JUN-2020,Rosenberg Matthew Hamilton,29
30-JUN-2020,Ropes Wealth Advisors LLC,124
30-JUN-2020,"Rockbridge Investment Management, LCC",34
30-JUN-2020,"RiverPark Advisors, LLC",4774
30-JUN-2020,"Rikoon Group, LLC",257
30-JUN-2020,Zurcher Kantonalbank (Zurich Cantonalbank),22003
30-JUN-2020,Swiss National Bank,420267
30-JUN-2020,"TCG Advisors, LP",210
30-JUN-2020,"JFS WEALTH ADVISORS, LLC",9
30-JUN-2020,Waratah Capital Advisors Ltd.,14
30-JUN-2020,Walleye Capital LLC,225
30-JUN-2020,WOODSTOCK CORP,461
30-JUN-2020,WOODARD & CO ASSET MANAGEMENT GROUP INC /ADV,992
30-JUN-2020,"WILLIAM BLAIR INVESTMENT MANAGEMENT, LLC",7942
30-JUN-2020,WILBANKS SMITH & THOMAS ASSET MANAGEMENT LLC,571
30-JUN-2020,WELCH & FORBES LLC,1408
30-JUN-2020,WEDBUSH SECURITIES INC,1712
30-JUN-2020,"WEALTHSOURCE PARTNERS, LLC",419
30-JUN-2020,"WCM INVESTMENT MANAGEMENT, LLC",3114400
30-JUN-2020,WBH ADVISORY INC,242
30-JUN-2020,"WASHBURN CAPITAL MANAGEMENT, INC.",3021
30-JUN-2020,WADE G W & INC,308
30-JUN-2020,Vigilare Wealth Management,807
30-JUN-2020,"Vident Investment Advisory, LLC",6931
30-JUN-2020,"Veritable, L.P.",802
30-JUN-2020,Verdence Capital Advisors LLC,2205
30-JUN-2020,Varma Mutual Pension Insurance Co,8658
30-JUN-2020,"Van Hulzen Asset Management, LLC",778
30-JUN-2020,"Valmark Advisers, Inc.",270
30-JUN-2020,Walleye Trading LLC,36012
30-JUN-2020,"We Are One Seven, LLC",1181
30-JUN-2020,"TCI Wealth Advisors, Inc.",136
30-JUN-2020,"Wealth Alliance Advisory Group, LLC",368
30-JUN-2020,ZACKS INVESTMENT MANAGEMENT,494
30-JUN-2020,"Xcel Wealth Management, LLC",616
30-JUN-2020,"X-Square Capital, LLC",1001
30-JUN-2020,"Worm Capital, LLC",20523
30-JUN-2020,Woodline Partners LP,10630
30-JUN-2020,Winthrop Advisory Group LLC,305
30-JUN-2020,"Winslow, Evans & Crocker, Inc.",35
30-JUN-2020,"Winfield Associates, Inc.",1984
30-JUN-2020,"Winch Advisory Services, LLC",28
30-JUN-2020,"Williams Jones Wealth Management, LLC.",978
30-JUN-2020,Whale Rock Capital Management LLC,750072
30-JUN-2020,"Western Wealth Management, LLC",255
30-JUN-2020,"Wellington Shields Capital Management, LLC",6331
30-JUN-2020,"Wellington Shields & Co., LLC",4461
30-JUN-2020,Weiss Multi-Strategy Advisers LLC,6360
30-JUN-2020,Weaver Consulting Group,68
30-JUN-2020,Wealthcare Advisory Partners LLC,285
30-JUN-2020,"WealthPLAN Partners, LLC",277
30-JUN-2020,"Wealth Architects, LLC",219
30-JUN-2020,"Valeo Financial Advisors, LLC",757
30-JUN-2020,"VOLORIDGE INVESTMENT MANAGEMENT, LLC",11413
30-JUN-2020,"VISTA CAPITAL PARTNERS, INC.",384
30-JUN-2020,"VIRIDIAN RIA, LLC",4895
30-JUN-2020,Tairen Capital Ltd,99699
30-JUN-2020,"TWO SIGMA SECURITIES, LLC",21832
30-JUN-2020,"TWO SIGMA INVESTMENTS, LP",105584
30-JUN-2020,"TWO SIGMA ADVISERS, LP",7404
30-JUN-2020,"TWIN FOCUS CAPITAL PARTNERS, LLC",247
30-JUN-2020,"TSFG, LLC",213
30-JUN-2020,"TRUSTCORE FINANCIAL SERVICES, LLC",16
30-JUN-2020,TRUEWEALTH LLC,392
30-JUN-2020,TOWNSQUARE CAPITAL LLC,237
30-JUN-2020,TOTH FINANCIAL ADVISORY CORP,119
30-JUN-2020,TOTAL INVESTMENT MANAGEMENT INC,240
30-JUN-2020,TORONTO DOMINION BANK,649336
30-JUN-2020,TOCQUEVILLE ASSET MANAGEMENT L.P.,10108
30-JUN-2020,TOBAM,3713
30-JUN-2020,TIGER GLOBAL MANAGEMENT LLC,66444
30-JUN-2020,"THOROUGHBRED FINANCIAL SERVICES, LLC",514
30-JUN-2020,"TELEMUS CAPITAL, LLC",1153
30-JUN-2020,TEACHERS RETIREMENT SYSTEM OF THE STATE OF KENTUCKY,44033
30-JUN-2020,TD ASSET MANAGEMENT INC,402050
30-JUN-2020,"Taylor, Cottrill, Erickson & Associates, Inc.",1376
30-JUN-2020,"Teamwork Financial Advisors, LLC",5384
30-JUN-2020,Texas Yale Capital Corp.,12351
30-JUN-2020,UBS ASSET MANAGEMENT AMERICAS INC,74512200
30-JUN-2020,VIRGINIA RETIREMENT SYSTEMS ET AL,2083
30-JUN-2020,VICUS CAPITAL,388
30-JUN-2020,VICTORY CAPITAL MANAGEMENT INC,43766
30-JUN-2020,VANGUARD GROUP INC,2705748
30-JUN-2020,VALLEY NATIONAL ADVISERS INC,14
30-JUN-2020,V Wealth Advisors LLC,848
30-JUN-2020,"United Asset Strategies, Inc.",275
30-JUN-2020,USS Investment Management Ltd,8441
30-JUN-2020,"Twin Tree Management, LP",14807
30-JUN-2020,"Thomas J. Herzfeld Advisors, Inc.",4
30-JUN-2020,Tuttle Tactical Management,1739
30-JUN-2020,Truvestments Capital LLC,87
30-JUN-2020,"Traynor Capital Management, Inc.",414
30-JUN-2020,"Transform Wealth, LLC",220
30-JUN-2020,"Tradewinds Capital Management, LLC",36
30-JUN-2020,"Tortoise Investment Management, LLC",133
30-JUN-2020,"Titan Capital Management, LLC /CA",484
30-JUN-2020,Thrivent Financial for Lutherans,1213
30-JUN-2020,RAYMOND JAMES TRUST N.A.,501
30-JUN-2020,RAYMOND JAMES & ASSOCIATES,83935
30-JUN-2020,Qube Research & Technologies Ltd,3867
30-JUN-2020,"MISSION WEALTH MANAGEMENT, LP",551
30-JUN-2020,MID ATLANTIC FINANCIAL MANAGEMENT INC/ADV,1924
30-JUN-2020,MERCER GLOBAL ADVISORS INC /ADV,1937
30-JUN-2020,"MEAG MUNICH ERGO, Kapitalanlagegesellschaft mbH",4036
30-JUN-2020,MCKINLEY CAPITAL MANAGEMENT LLC /DELAWARE,9479
30-JUN-2020,MASTRAPASQUA ASSET MANAGEMENT INC,1044
30-JUN-2020,MASSMUTUAL TRUST CO FSB/ADV,108
30-JUN-2020,MASSACHUSETTS INSTITUTE OF TECHNOLOGY,7023
30-JUN-2020,MASSACHUSETTS FINANCIAL SERVICES CO /MA/,375444
30-JUN-2020,MARSICO CAPITAL MANAGEMENT LLC,18002
30-JUN-2020,"MARSHALL WACE, LLP",2845
30-JUN-2020,"MARK SHEPTOFF FINANCIAL PLANNING, LLC",185
30-JUN-2020,MARK ASSET MANAGEMENT LP,3037
30-JUN-2020,MANCHESTER FINANCIAL INC,36
30-JUN-2020,MAI Capital Management,1323
30-JUN-2020,MACROVIEW INVESTMENT MANAGEMENT LLC,3
30-JUN-2020,MACKENZIE FINANCIAL CORP,134755
30-JUN-2020,M&G INVESTMENT MANAGEMENT LTD,50843
30-JUN-2020,"M Holdings Securities, Inc.",9510
30-JUN-2020,Livingston Group Asset Management CO (operating as Southport Capital Management),277
30-JUN-2020,MILLENNIUM MANAGEMENT LLC,5848
30-JUN-2020,MITCHELL MCLEOD PUGH & WILLIAMS INC,486
30-JUN-2020,Quantitative Systematic Strategies LLC,390
30-JUN-2020,"MONECO Advisors, LLC",383
30-JUN-2020,Monaco Asset Management SAM,6644
30-JUN-2020,Mn Services Vermogensbeheer B.V.,84770
30-JUN-2020,Mitsubishi UFJ Trust & Banking Corp,397754
30-JUN-2020,"Mirae Asset Global Investments Co., Ltd.",11034
30-JUN-2020,"Miracle Mile Advisors, LLC",5465
30-JUN-2020,"Meristem Family Wealth, LLC",202
30-JUN-2020,"Meridian Wealth Partners, LLC",75
30-JUN-2020,"Meridian Wealth Management, LLC",6291
30-JUN-2020,"McMahon Financial Advisors, LLC",350255
30-JUN-2020,"McIlrath & Eck, LLC",386
30-JUN-2020,Mattern Wealth Management LLC,296
30-JUN-2020,"Mathes Company, Inc.",4675
30-JUN-2020,Marshall Wace North America L.P.,2767
30-JUN-2020,Manchester Capital Management LLC,4094
30-JUN-2020,MUFG Securities EMEA plc,54913
30-JUN-2020,MOSELEY INVESTMENT MANAGEMENT INC,693
30-JUN-2020,MORGENS WATERFALL VINTIADIS & CO INC,9274
30-JUN-2020,MONTRUSCO BOLTON INVESTMENTS INC.,6795
30-JUN-2020,MONETA GROUP INVESTMENT ADVISORS LLC,203
30-JUN-2020,"Linscomb & Williams, Inc.",829
30-JUN-2020,"Lindbrook Capital, LLC",427
30-JUN-2020,"Lighthouse Financial Advisors, Inc.",3302
30-JUN-2020,"LifeSteps Financial, Inc.",242
30-JUN-2020,"Koshinski Asset Management, Inc.",666
30-JUN-2020,Korea Investment CORP,175181
30-JUN-2020,Kore Private Wealth LLC,45
30-JUN-2020,Knights of Columbus Asset Advisors LLC,1589
30-JUN-2020,"Kistler-Tiffany Companies, LLC",9
30-JUN-2020,"Kingsview Wealth Management, LLC",1461
30-JUN-2020,Zweig-DiMenna Associates LLC,5036
30-JUN-2020,KINGS POINT CAPITAL MANAGEMENT,1172
30-JUN-2020,KEYWISE CAPITAL MANAGEMENT (HK) Ltd,475
30-JUN-2020,KAMES CAPITAL plc,44061
30-JUN-2020,K.J. Harrison & Partners Inc,2084
30-JUN-2020,JustInvest LLC,1034
30-JUN-2020,"Joseph P. Lucia & Associates, LLC",9
30-JUN-2020,"Jarislowsky, Fraser Ltd",545262
30-JUN-2020,Janney Montgomery Scott LLC,9848
30-JUN-2020,Jacobi Capital Management LLC,18
30-JUN-2020,JS Capital Management LLC,7879
30-JUN-2020,JOHNSON INVESTMENT COUNSEL INC,309
30-JUN-2020,"JGP Wealth Management, LLC",349
30-JUN-2020,"Kovack Advisors, Inc.",6396
30-JUN-2020,"Krueger & Catalano Capital Partners, LLC",2094
30-JUN-2020,L & S Advisors Inc,5916
30-JUN-2020,"Laurel Wealth Advisors, Inc.",609
30-JUN-2020,"LifePlan Financial Group, Inc",27
30-JUN-2020,"Lido Advisors, LLC",1033
30-JUN-2020,Liberty Wealth Management LLC,11
30-JUN-2020,"Lenox Wealth Management, Inc.",292
30-JUN-2020,"Lenox Wealth Advisors, LLC",32
30-JUN-2020,Leith Wheeler Investment Counsel Ltd.,337
30-JUN-2020,Lee Financial Co,52
30-JUN-2020,Laurion Capital Management LP,108306
30-JUN-2020,Larson Financial Group LLC,260
30-JUN-2020,LAKE STREET FINANCIAL LLC,245
30-JUN-2020,Laidlaw Wealth Management LLC,338
30-JUN-2020,"LYELL WEALTH MANAGEMENT, LP",15493
30-JUN-2020,LPL Financial LLC,38132
30-JUN-2020,"LORD, ABBETT & CO. LLC",93829
30-JUN-2020,LONE PINE CAPITAL LLC,1588716
30-JUN-2020,LOGAN CAPITAL MANAGEMENT INC,430
30-JUN-2020,"LEVEL FOUR ADVISORY SERVICES, LLC",3103
30-JUN-2020,"LANDSCAPE CAPITAL MANAGEMENT, L.L.C.",4344
30-JUN-2020,"Moors & Cabot, Inc.",1359
30-JUN-2020,"Mount Yale Investment Advisors, LLC",4611
30-JUN-2020,"Mutual Advisors, LLC",599
30-JUN-2020,PEREGRINE CAPITAL MANAGEMENT LLC,28
30-JUN-2020,"Patriot Financial Group Insurance Agency, LLC",1
30-JUN-2020,"Parkside Investments, LLC",284
30-JUN-2020,Parkside Financial Bank & Trust,32
30-JUN-2020,Parisi Gray Wealth Management,342
30-JUN-2020,Parametric Portfolio Associates LLC,48562
30-JUN-2020,"Parallel Advisors, LLC",2502
30-JUN-2020,"Parallax Volatility Advisers, L.P.",63062
30-JUN-2020,"Paragon Advisors, LLC",1338
30-JUN-2020,"Paradigm Financial Advisors, LLC",432
30-JUN-2020,Pacitti Group Inc.,21
30-JUN-2020,Pachira Investments Inc.,203
30-JUN-2020,PRW Wealth Management LLC,2968
30-JUN-2020,PROFESSIONAL PLANNING,477
30-JUN-2020,"PROEQUITIES, INC.",1447
30-JUN-2020,PRIO WEALTH LIMITED PARTNERSHIP,1139
30-JUN-2020,PRICE T ROWE ASSOCIATES INC /MD/,1855901
30-JUN-2020,PITTENGER & ANDERSON INC,86
30-JUN-2020,"PINEBRIDGE INVESTMENTS, L.P.",5757
30-JUN-2020,PFG Advisors,281
30-JUN-2020,Patriot Investment Management Inc.,97767
30-JUN-2020,Paul John Balson,877
30-JUN-2020,"Perennial Investment Advisors, LLC",6574
30-JUN-2020,"Private Ocean, LLC",526
30-JUN-2020,QUEST CAPITAL MANAGEMENT INC /ADV,539
30-JUN-2020,QUADRANT CAPITAL GROUP LLC,106
30-JUN-2020,"QCM Cayman, Ltd.",816
30-JUN-2020,Public Sector Pension Investment Board,124047
30-JUN-2020,Prospera Financial Services Inc,1054
30-JUN-2020,"Professional Financial Advisors, LLC",263
30-JUN-2020,"Procyon Private Wealth Partners, LLC",24
30-JUN-2020,Private Portfolio Partners LLC,566
30-JUN-2020,"Private Capital Group, LLC",46
30-JUN-2020,Perkins Coie Trust Co,34
30-JUN-2020,"Private Advisor Group, LLC",6889
30-JUN-2020,Principle Wealth Partners LLC,95
30-JUN-2020,"Prime Capital Investment Advisors, LLC",301
30-JUN-2020,"PrairieView Partners, LLC",85
30-JUN-2020,"Point Break Capital Management, LLC",2183
30-JUN-2020,"Plante Moran Financial Advisors, LLC",128
30-JUN-2020,"Pinnacle Wealth Planning Services, Inc.",605
30-JUN-2020,"Pinnacle Family Advisors, LLC",368
30-JUN-2020,PERSONAL CAPITAL ADVISORS CORP,465
30-JUN-2020,PENNSYLVANIA CAPITAL MANAGEMENT INC /ADV,477
30-JUN-2020,N.E.W. Advisory Services LLC,380
30-JUN-2020,PECONIC PARTNERS LLC,1424
30-JUN-2020,"Night Owl Capital Management, LLC",45557
30-JUN-2020,NexWave Capital Partners LLC,244
30-JUN-2020,"Newman Dignan & Sheerar, Inc.",237
30-JUN-2020,New Vernon Capital Holdings II LLC,308
30-JUN-2020,New Capital Management LP,27
30-JUN-2020,Neuberger Berman Group LLC,2195
30-JUN-2020,"Nelson, Van Denburg & Campbell Wealth Management Group, LLC",35
30-JUN-2020,"Nadler Financial Group, Inc.",3772
30-JUN-2020,"NWK Group, Inc.",40
30-JUN-2020,NWAM LLC,2693
30-JUN-2020,"NVWM, LLC",2321
30-JUN-2020,NORRIS PERNE & FRENCH LLP/MI,475
30-JUN-2020,NORGES BANK,857919
30-JUN-2020,NORDEA INVESTMENT MANAGEMENT AB,1086
30-JUN-2020,"NICOLET ADVISORY SERVICES, LLC",209
30-JUN-2020,"NFP Retirement, Inc.",332220
30-JUN-2020,"NEXT Financial Group, Inc",280
30-JUN-2020,NEW YORK STATE COMMON RETIREMENT FUND,155053
30-JUN-2020,"NAPLES GLOBAL ADVISORS, LLC",507
30-JUN-2020,North Star Investment Management Corp.,104
30-JUN-2020,"NorthRock Partners, LLC",680
30-JUN-2020,"O'SHAUGHNESSY ASSET MANAGEMENT, LLC",404
30-JUN-2020,"Orion Portfolio Solutions, LLC",19
30-JUN-2020,PECAUT & CO.,237
30-JUN-2020,"PDT Partners, LLC",1234
30-JUN-2020,PCJ Investment Counsel Ltd.,10272
30-JUN-2020,"PATTON ALBERTSON MILLER GROUP, LLC",498
30-JUN-2020,PARK NATIONAL CORP /OH/,601
30-JUN-2020,PARK AVENUE SECURITIES LLC,1481
30-JUN-2020,PARADIGM ASSET MANAGEMENT CO LLC,3267039
30-JUN-2020,"Otter Creek Advisors, LLC",6454
30-JUN-2020,"Oribel Capital Management, LP",72424
30-JUN-2020,OAKMONT CORP,532
30-JUN-2020,OneAscent Financial Services LLC,679
30-JUN-2020,One Day In July LLC,706
30-JUN-2020,"OmniStar Financial Group, Inc.",356
30-JUN-2020,"Ocean Capital Management, LLC",410
30-JUN-2020,OPTIMUM INVESTMENT ADVISORS,71
30-JUN-2020,OPPENHEIMER & CO INC,1520
30-JUN-2020,OKABENA INVESTMENT SERVICES INC,1528
30-JUN-2020,"OBERMEYER WOOD INVESTMENT COUNSEL, LLLP",515
30-JUN-2020,Kemnay Advisory Services Inc.,499
31-MAR-2020,Zweig-DiMenna Associates LLC,11323
31-MAR-2020,ARROW FINANCIAL CORP,15
31-MAR-2020,"Evolution Wealth Advisors, LLC",59
31-MAR-2020,FIRST MANHATTAN CO,18
31-MAR-2020,FINANCIAL COUNSELORS INC,774
31-MAR-2020,FIERA CAPITAL CORP,6367
31-MAR-2020,"FDx Advisors, Inc.",1508
31-MAR-2020,FARMERS TRUST CO,250
31-MAR-2020,FARMERS & MERCHANTS INVESTMENTS INC,30
31-MAR-2020,"Eudaimonia Partners, LLC",241
31-MAR-2020,"Fisher Asset Management, LLC",352
31-MAR-2020,Erste Asset Management GmbH,858605
31-MAR-2020,"Ensign Peak Advisors, Inc",189468
31-MAR-2020,"Enlightenment Research, LLC",1066
31-MAR-2020,Engrave Wealth Partners LLC,10
31-MAR-2020,"Empirical Financial Services, LLC d.b.a. Empirical Wealth Management",260
31-MAR-2020,"Elmwood Wealth Management, Inc.",622950
31-MAR-2020,"FIRST REPUBLIC INVESTMENT MANAGEMENT, INC.",7354
31-MAR-2020,FIRST TRUST ADVISORS LP,66635
31-MAR-2020,"FLAGSHIP HARBOR ADVISORS, LLC",1676
31-MAR-2020,"FORA Capital, LLC",1096000
31-MAR-2020,FORSTA AP-FONDEN,4971
31-MAR-2020,FOUNDERS FINANCIAL SECURITIES LLC,1179
31-MAR-2020,"FRED ALGER MANAGEMENT, LLC",129826
31-MAR-2020,"Ferris Capital, LLC",284
31-MAR-2020,"Fieldpoint Private Securities, LLC",682
31-MAR-2020,"Filbrandt Wealth Management, LLC",2
31-MAR-2020,"FinTrust Capital Advisors, LLC",13
31-MAR-2020,"Financial Advisory Service, Inc.",321
31-MAR-2020,Financial Advocates Investment Management,1548
31-MAR-2020,"Financial Architects, Inc",214
31-MAR-2020,Firestone Capital Management,4
31-MAR-2020,"First Allied Advisory Services, Inc.",845
31-MAR-2020,First Command Bank,224
31-MAR-2020,"Ellis Investment Partners, LLC",4
31-MAR-2020,"Ellevest, Inc.",34
31-MAR-2020,"EXCHANGE TRADED CONCEPTS, LLC",10
31-MAR-2020,"DFPG INVESTMENTS, LLC",1821
31-MAR-2020,"Covenant Asset Management, LLC",15358
31-MAR-2020,"Covenant Partners, LLC",922
31-MAR-2020,Covington Capital Management,108
31-MAR-2020,Cox Capital Mgt LLC,15
31-MAR-2020,"Crawford Lake Capital Management, LLC",2466
31-MAR-2020,Creative Planning,8199
31-MAR-2020,Crestwood Advisors Group LLC,3184
31-MAR-2020,"Crestwood Capital Management, L.P.",12430
31-MAR-2020,"Crossmark Global Holdings, Inc.",3019
31-MAR-2020,Crossvault Capital Management LLC,1401
31-MAR-2020,"Cunning Capital Partners, LP",3586
31-MAR-2020,Cutler Group LP,205
31-MAR-2020,"Cypress Wealth Services, LLC",1156
31-MAR-2020,D.A. DAVIDSON & CO.,1764
31-MAR-2020,DORCHESTER WEALTH MANAGEMENT Co,214
31-MAR-2020,"EVOKE WEALTH, LLC",140505
31-MAR-2020,DUNCKER STREETT & CO INC,1
31-MAR-2020,Dakota Wealth Management,204
31-MAR-2020,Discovery Value Fund,291143
31-MAR-2020,Dynamic Technology Lab Private Ltd,208
31-MAR-2020,EAGLE ASSET MANAGEMENT INC,68362
31-MAR-2020,EARNEST PARTNERS LLC,5
31-MAR-2020,EATON VANCE MANAGEMENT,40928
31-MAR-2020,EFG Asset Management (Americas) Corp.,2839
31-MAR-2020,ENTERPRISE FINANCIAL SERVICES CORP,8
31-MAR-2020,ENVESTNET ASSET MANAGEMENT INC,39043
31-MAR-2020,EPG Wealth Management LLC,25
31-MAR-2020,EQUITABLE TRUST CO,7058
31-MAR-2020,ETRADE Capital Management LLC,132
31-MAR-2020,EULAV Asset Management,10886
31-MAR-2020,"First Command Financial Services, Inc.",224
31-MAR-2020,"Fortis Advisors, LLC",63
31-MAR-2020,Cordasco Financial Network,15
31-MAR-2020,HighMark Wealth Management LLC,13772
31-MAR-2020,"Hudock, Inc.",7
31-MAR-2020,"Horrell Capital Management, Inc.",21
31-MAR-2020,"Holocene Advisors, LP",46019
31-MAR-2020,Hillsdale Investment Management Inc.,6711
31-MAR-2020,"HighTower Advisors, LLC",3389
31-MAR-2020,HighPoint Advisor Group LLC,2941
31-MAR-2020,Henry James International Management Inc.,10722
31-MAR-2020,"Foster Victor Wealth Advisors, LLC",761
31-MAR-2020,"Hayden Royal, LLC",252243
31-MAR-2020,"Harvest Fund Management Co., Ltd",137
31-MAR-2020,Hartford Financial Management Inc.,63
31-MAR-2020,"Harrington Investments, INC",243
31-MAR-2020,HOWE & RUSLING INC,1
31-MAR-2020,HM PAYSON & CO,30
31-MAR-2020,"IFP Advisors, Inc",308
31-MAR-2020,"IMC-Chicago, LLC",200585
31-MAR-2020,INTACT INVESTMENT MANAGEMENT INC.,29838
31-MAR-2020,"Icon Wealth Partners, LLC",246
31-MAR-2020,Ilmarinen Mutual Pension Insurance Co,10341
31-MAR-2020,Independent Advisor Alliance,949
31-MAR-2020,"Independent Solutions Wealth Management, LLC",1124043
31-MAR-2020,"Indie Asset Partners, LLC",296
31-MAR-2020,"Institute for Wealth Management, LLC.",319
31-MAR-2020,"Intercontinental Wealth Advisors, LLC",250
31-MAR-2020,Intersect Capital LLC,588
31-MAR-2020,"Investment Research & Advisory Group, Inc.",0
31-MAR-2020,Investors Research Corp,10
31-MAR-2020,"JACKSON SQUARE CAPITAL, LLC",7
31-MAR-2020,"JFS WEALTH ADVISORS, LLC",4
31-MAR-2020,Jacobi Capital Management LLC,3
31-MAR-2020,Janney Montgomery Scott LLC,3315
31-MAR-2020,HERITAGE INVESTORS MANAGEMENT CORP,208
31-MAR-2020,HEALTHCARE OF ONTARIO PENSION PLAN TRUST FUND,20523
31-MAR-2020,HBK Sorce Advisory LLC,367
31-MAR-2020,Geller Advisors LLC,314
31-MAR-2020,"Full Sail Capital, LLC",1439
31-MAR-2020,Fulton Breakefield Broenniman LLC,204
31-MAR-2020,GABLES CAPITAL MANAGEMENT INC.,1475
31-MAR-2020,GARDNER LEWIS ASSET MANAGEMENT L P,1610
31-MAR-2020,"GHP Investment Advisors, Inc.",834
31-MAR-2020,GLENMEDE TRUST CO NA,531
31-MAR-2020,GRAND JEAN CAPITAL MANAGEMENT INC,3215
31-MAR-2020,GREAT WEST LIFE ASSURANCE CO /CAN/,157
31-MAR-2020,"GRIFFIN ASSET MANAGEMENT, INC.",3561
31-MAR-2020,"GROUP ONE TRADING, L.P.",50449
31-MAR-2020,GUARDIAN CAPITAL ADVISORS LP,231
31-MAR-2020,GUARDIAN CAPITAL LP,50245
31-MAR-2020,GWM Advisors LLC,996
31-MAR-2020,"Garrison Point Advisors, LLC",269
31-MAR-2020,Geneos Wealth Management Inc.,266
31-MAR-2020,"HARVEST GROUP WEALTH MANAGEMENT, LLC",34
31-MAR-2020,Gerber Kawasaki Wealth & Investment Management,747
31-MAR-2020,Gladstone Institutional Advisory LLC,465
31-MAR-2020,"Gleason Group, Inc.",83
31-MAR-2020,"Global Retirement Partners, LLC",188
31-MAR-2020,"Global Wealth Management Investment Advisory, Inc.",529
31-MAR-2020,"Golden State Wealth Management, LLC",311
31-MAR-2020,"Gotham Asset Management, LLC",812
31-MAR-2020,Gradient Investments LLC,67
31-MAR-2020,Grassi Investment Management,266
31-MAR-2020,"Gs Investments, Inc.",48781
31-MAR-2020,Gulf International Bank (UK) Ltd,727
31-MAR-2020,Gunderson Capital Management Inc.,5126
31-MAR-2020,HANCOCK WHITNEY CORP,213
31-MAR-2020,"HARBOR INVESTMENT ADVISORY, LLC",324
31-MAR-2020,"Cornerstone Wealth Group, LLC",210
31-MAR-2020,Corbenic Partners LLC,8
31-MAR-2020,"Joseph P. Lucia & Associates, LLC",4
31-MAR-2020,"Ascent Wealth Partners, LLC",2436
31-MAR-2020,"Axel Capital Management, LLC",4378
31-MAR-2020,Avitas Wealth Management LLC,2076
31-MAR-2020,Avalon Global Asset Management LLC,4586
31-MAR-2020,"Ausdal Financial Partners, Inc.",201
31-MAR-2020,"Aurora Private Wealth, Inc.",323
31-MAR-2020,"Asset Dedication, LLC",50
31-MAR-2020,ArrowMark Colorado Holdings LLC,1876
31-MAR-2020,BROWN BROTHERS HARRIMAN & CO,167
31-MAR-2020,Arkadios Wealth Advisors,2502
31-MAR-2020,"Arete Wealth Management, LLC",312
31-MAR-2020,Arden Trust Co,331
31-MAR-2020,Archer Investment Corp,21
31-MAR-2020,"Apollon Wealth Management, LLC",2344
31-MAR-2020,"Aperio Group, LLC",280
31-MAR-2020,"B. Riley Wealth Management, Inc.",757
31-MAR-2020,BAILLIE GIFFORD & CO,541924
31-MAR-2020,BALDWIN BROTHERS INC/MA,73
31-MAR-2020,BALLAST ADVISORS LLC,10
31-MAR-2020,BANK OF NOVA SCOTIA,336592
31-MAR-2020,BARCLAYS PLC,137820
31-MAR-2020,BAROMETER CAPITAL MANAGEMENT INC.,3773568
31-MAR-2020,"BDO Wealth Advisors, LLC",52
31-MAR-2020,BENEDICT FINANCIAL ADVISORS INC,311
31-MAR-2020,BERKSHIRE CAPITAL HOLDINGS INC,15710
31-MAR-2020,BLAIR WILLIAM & CO/IL,13626
31-MAR-2020,"BLB&B Advisors, LLC",264
31-MAR-2020,BLUESTEIN R H & CO,1167
31-MAR-2020,"BOOTHBAY FUND MANAGEMENT, LLC",542
31-MAR-2020,BOURGEON CAPITAL MANAGEMENT LLC,10
31-MAR-2020,BRIGHTON JONES LLC,913
31-MAR-2020,BRINKER CAPITAL INC,831
31-MAR-2020,"Angeles Investment Advisors, LLC",328
31-MAR-2020,"Ancora Advisors, LLC",2068
31-MAR-2020,"Anchor Investment Management, LLC",12508
31-MAR-2020,ATRIA INVESTMENTS LLC,1178
31-MAR-2020,"ACCURATE INVESTMENT SOLUTIONS, INC.",13
31-MAR-2020,"9258 Wealth Management, LLC",331
31-MAR-2020,1832 Asset Management L.P.,63139
31-MAR-2020,AE Wealth Management LLC,5962
31-MAR-2020,AGF INVESTMENTS INC.,29329
31-MAR-2020,"AIGEN INVESTMENT MANAGEMENT, LP",2
31-MAR-2020,ALKEON CAPITAL MANAGEMENT LLC,162261
31-MAR-2020,AMF Pensionsforsakring AB,26343
31-MAR-2020,AMUNDI PIONEER ASSET MANAGEMENT INC,7130
31-MAR-2020,APPLETON PARTNERS INC/MA,369
31-MAR-2020,ARK Investment Management LLC,168
31-MAR-2020,ASHFORD CAPITAL MANAGEMENT INC,12117
31-MAR-2020,"ATALANTA SOSNOFF CAPITAL, LLC",34093
31-MAR-2020,ATLAS CAPITAL ADVISORS LLC,774239
31-MAR-2020,"AVANTAX ADVISORY SERVICES, INC.",678
31-MAR-2020,"Ameritas Investment Company, LLC",263
31-MAR-2020,"Abdiel Capital Advisors, LP",255134
31-MAR-2020,Accuvest Global Advisors,10
31-MAR-2020,Addenda Capital Inc.,24986
31-MAR-2020,"AdvisorNet Financial, Inc",2450
31-MAR-2020,"Advisors Asset Management, Inc.",327
31-MAR-2020,"Advisory Alpha, LLC",139610
31-MAR-2020,"Advisory Services Network, LLC",430
31-MAR-2020,Alberta Investment Management Corp,58638
31-MAR-2020,"Allred Capital Management, LLC",24182
31-MAR-2020,Allworth Financial LP,269
31-MAR-2020,"Alpha Cubed Investments, LLC",517
31-MAR-2020,"AlphaMark Advisors, LLC",9
31-MAR-2020,"Altman Advisors, Inc.",1685
31-MAR-2020,American Portfolios Advisors,461542
31-MAR-2020,BRITISH COLUMBIA INVESTMENT MANAGEMENT Corp,61337
31-MAR-2020,BROWN CAPITAL MANAGEMENT LLC,2804
31-MAR-2020,Consolidated Investment Group LLC,417
31-MAR-2020,"Cambridge Investment Research Advisors, Inc.",6678
31-MAR-2020,"Capital Investment Advisory Services, LLC",285
31-MAR-2020,"Capital Investment Advisors, LLC",268
31-MAR-2020,Capital Asset Advisory Services LLC,837
31-MAR-2020,"Capital Analysts, LLC",502
31-MAR-2020,Candriam Luxembourg S.C.A.,515
31-MAR-2020,"Camden Capital, LLC",276
31-MAR-2020,"Calton & Associates, Inc.",379
31-MAR-2020,"Baldwin Investment Management, LLC",632
31-MAR-2020,CYPRESS ASSET MANAGEMENT INC/TX,1667
31-MAR-2020,CX Institutional,110
31-MAR-2020,"CWM, LLC",1937
31-MAR-2020,"CVA Family Office, LLC",21
31-MAR-2020,CTC LLC,378887
31-MAR-2020,CREATIVE FINANCIAL DESIGNS INC /ADV,42
31-MAR-2020,"Capstone Financial Group, Inc.",4760
31-MAR-2020,"Cardan Capital Partners, LLC",229
31-MAR-2020,"Carmichael Hill & Associates, Inc.",181
31-MAR-2020,"Carnegie Capital Asset Management, LLC",8828
31-MAR-2020,"Carroll Financial Associates, Inc.",58
31-MAR-2020,"CenterStar Asset Management, LLC",30
31-MAR-2020,Cerity Partners LLC,370
31-MAR-2020,Cetera Advisor Networks LLC,1129
31-MAR-2020,Cetera Advisors LLC,1400
31-MAR-2020,Cetera Investment Advisers,527
31-MAR-2020,Chesley Taft & Associates LLC,1110
31-MAR-2020,Chicago Partners Investment Group LLC,1054
31-MAR-2020,"Claraphi Advisory Network, LLC",66
31-MAR-2020,"Clear Perspective Advisors, LLC",233
31-MAR-2020,"Clearstead Advisors, LLC",44
31-MAR-2020,"Coastal Capital Group, Inc.",57
31-MAR-2020,"Connor, Clark & Lunn Investment Management Ltd.",267918
31-MAR-2020,CONNABLE OFFICE INC,996
31-MAR-2020,CONFLUENCE INVESTMENT MANAGEMENT LLC,3096
31-MAR-2020,"COMMONWEALTH EQUITY SERVICES, LLC",12026
31-MAR-2020,CAPTRUST FINANCIAL ADVISORS,689
31-MAR-2020,Barton Investment Management,116051
31-MAR-2020,"Bay Harbor Wealth Management, LLC",0
31-MAR-2020,"Bedel Financial Consulting, Inc.",48
31-MAR-2020,Belpointe Asset Management LLC,388
31-MAR-2020,BlackRock Inc.,177248
31-MAR-2020,"Blue Square Asset Management, LLC",300
31-MAR-2020,"Blueshift Asset Management, LLC",258
31-MAR-2020,Braun-Bostich & Associates Inc.,4
31-MAR-2020,"Buckley Wealth Management, LLC",208
31-MAR-2020,CAAS CAPITAL MANAGEMENT LP,12841
31-MAR-2020,CALAMOS ADVISORS LLC,2806
31-MAR-2020,CALAMOS WEALTH MANAGEMENT LLC,391
31-MAR-2020,CANADA PENSION PLAN INVESTMENT BOARD,167411
31-MAR-2020,CAPITAL FUND MANAGEMENT S.A.,61289
31-MAR-2020,"CARILLON TOWER ADVISERS, INC.",50304835
31-MAR-2020,COMMERZBANK AKTIENGESELLSCHAFT /FI,4562
31-MAR-2020,CARLSON CAPITAL L P,1224
31-MAR-2020,"CENTAURUS FINANCIAL, INC.",100
31-MAR-2020,CENTRAL BANK & TRUST CO,17
31-MAR-2020,CENTRAL TRUST Co,87
31-MAR-2020,CFM WEALTH PARTNERS LLC,16
31-MAR-2020,CIBC Asset Management Inc,98660
31-MAR-2020,CIBC World Markets Inc.,280228
31-MAR-2020,CIDEL ASSET MANAGEMENT INC,40690
31-MAR-2020,CKW FINANCIAL GROUP,268
31-MAR-2020,CNB Bank,38
31-MAR-2020,COBBLESTONE CAPITAL ADVISORS LLC /NY/,14151
31-MAR-2020,COLDSTREAM CAPITAL MANAGEMENT INC,490
31-MAR-2020,COMERICA BANK,4926
31-MAR-2020,"COMERICA SECURITIES,INC.",620
31-MAR-2020,"Jarislowsky, Fraser Ltd",194358
31-MAR-2020,KAMES CAPITAL plc,10454
31-MAR-2020,ADVISOR PARTNERS LLC,213
31-MAR-2020,"SkyOak Wealth, LLC",813
31-MAR-2020,Sowell Financial Services LLC,536
31-MAR-2020,"Sowa Financial Group, Inc.",893000
31-MAR-2020,"Sound View Wealth Advisors Group, LLC",317
31-MAR-2020,"Sound Income Strategies, LLC",22
31-MAR-2020,"Sofos Investments, Inc.",129010
31-MAR-2020,Snowden Capital Advisors LLC,1915793
31-MAR-2020,Sigma Planning Corp,1717
31-MAR-2020,"TELEMUS CAPITAL, LLC",875
31-MAR-2020,"Sheaff Brock Investment Advisors, LLC",547
31-MAR-2020,Seven Post Investment Office LP,416
31-MAR-2020,"SeaCrest Wealth Management, LLC",470
31-MAR-2020,"Sculati Wealth Management, LLC",292
31-MAR-2020,Schonfeld Strategic Advisors LLC,1669
31-MAR-2020,"Sawtooth Solutions, LLC",1203
31-MAR-2020,Spence Asset Management,6630
31-MAR-2020,Squar Milner Financial Services LLC,33
31-MAR-2020,"State of Tennessee, Treasury Department",108735
31-MAR-2020,Steel Peak Wealth Management LLC,3623
31-MAR-2020,"Sterling Investment Advisors, Ltd.",1342
31-MAR-2020,"Steward Partners Investment Advisory, LLC",577
31-MAR-2020,"Stonebridge Financial Planning Group, LLC",10
31-MAR-2020,Stony Point Capital LLC,2919
31-MAR-2020,Strategy Capital LLC,98757
31-MAR-2020,"Stratos Wealth Partners, LTD.",1608
31-MAR-2020,"Sugarloaf Wealth Management, LLC",35
31-MAR-2020,"Summit Wealth Partners, LLC",268503
31-MAR-2020,"Summit X, LLC",433
31-MAR-2020,"Sunbelt Securities, Inc.",961
31-MAR-2020,Swiss National Bank,167334
31-MAR-2020,"TCI Wealth Advisors, Inc.",81
31-MAR-2020,TD ASSET MANAGEMENT INC,153296
31-MAR-2020,Sargent Bickham Lagudis LLC,83
31-MAR-2020,Sandy Spring Bank,77
31-MAR-2020,"SUMMIT PARTNERS PUBLIC ASSET MANAGEMENT, LLC",29185
31-MAR-2020,Roundview Capital LLC,1657
31-MAR-2020,"REILLY FINANCIAL ADVISORS, LLC",110
31-MAR-2020,RENAISSANCE TECHNOLOGIES LLC,31562
31-MAR-2020,RIVERPARK CAPITAL MANAGEMENT LLC,921
31-MAR-2020,ROYAL BANK OF CANADA,33856
31-MAR-2020,"RPG Investment Advisory, LLC",6
31-MAR-2020,Rathbone Brothers plc,226
31-MAR-2020,"Raymond James Financial Services Advisors, Inc.",26970
31-MAR-2020,"Red Door Wealth Management, LLC",14
31-MAR-2020,"Redwood Investments, LLC",969
31-MAR-2020,"Requisite Capital Management, LLC",417
31-MAR-2020,"Resonant Capital Advisors, LLC",226
31-MAR-2020,"Resources Investment Advisors, LLC.",234
31-MAR-2020,"RiverPark Advisors, LLC",831
31-MAR-2020,Ropes Wealth Advisors LLC,55
31-MAR-2020,"Rudd International, Inc.",759
31-MAR-2020,STOCK YARDS BANK & TRUST CO,94
31-MAR-2020,"Russell Investments Group, Ltd.",2992
31-MAR-2020,"SANDS CAPITAL MANAGEMENT, LLC",524187
31-MAR-2020,"SCGE MANAGEMENT, L.P.",351889
31-MAR-2020,SCHRODER INVESTMENT MANAGEMENT GROUP,1534
31-MAR-2020,SECURITY NATIONAL TRUST CO,8
31-MAR-2020,SEI INVESTMENTS CO,8754
31-MAR-2020,"SG Americas Securities, LLC",1458
31-MAR-2020,SHELL ASSET MANAGEMENT CO,3232
31-MAR-2020,SHINE INVESTMENT ADVISORY SERVICES INC,238
31-MAR-2020,"SIGNATUREFD, LLC",384
31-MAR-2020,"SIMPLEX TRADING, LLC",152412
31-MAR-2020,"SRS Capital Advisors, Inc.",63
31-MAR-2020,"STA Wealth Management, LLC",479
31-MAR-2020,STATE OF WISCONSIN INVESTMENT BOARD,30540
31-MAR-2020,TEACHERS RETIREMENT SYSTEM OF THE STATE OF KENTUCKY,19437
31-MAR-2020,"THOROUGHBRED FINANCIAL SERVICES, LLC",2652
31-MAR-2020,RAYMOND JAMES TRUST N.A.,222
31-MAR-2020,WILBANKS SMITH & THOMAS ASSET MANAGEMENT LLC,728
31-MAR-2020,Wealth Quarterback LLC,5837
31-MAR-2020,"We Are One Seven, LLC",501
31-MAR-2020,Walleye Trading LLC,16835
31-MAR-2020,Walleye Capital LLC,524
31-MAR-2020,WOODARD & CO ASSET MANAGEMENT GROUP INC /ADV,474
31-MAR-2020,"WILLIAM BLAIR INVESTMENT MANAGEMENT, LLC",5620
31-MAR-2020,WHITTIER TRUST CO,0
31-MAR-2020,TIGER GLOBAL MANAGEMENT LLC,29185
31-MAR-2020,WELCH & FORBES LLC,626
31-MAR-2020,WEDBUSH SECURITIES INC,770
31-MAR-2020,"WEALTHSOURCE PARTNERS, LLC",418
31-MAR-2020,"WCM INVESTMENT MANAGEMENT, LLC",1372004
31-MAR-2020,"WASHBURN CAPITAL MANAGEMENT, INC.",1361
31-MAR-2020,Vigilare Wealth Management,334
31-MAR-2020,"WealthPLAN Partners, LLC",206
31-MAR-2020,Wealthcare Advisory Partners LLC,107
31-MAR-2020,Weaver Consulting Group,35
31-MAR-2020,Weiss Multi-Strategy Advisers LLC,3594
31-MAR-2020,"Wellington Shields & Co., LLC",1960
31-MAR-2020,"Wellington Shields Capital Management, LLC",2781
31-MAR-2020,Whale Rock Capital Management LLC,314556
31-MAR-2020,"Williams Jones Wealth Management, LLC.",422
31-MAR-2020,Willingdon Wealth Management,131
31-MAR-2020,"Winfield Associates, Inc.",840
31-MAR-2020,"Winslow, Evans & Crocker, Inc.",16
31-MAR-2020,World Asset Management Inc,410
31-MAR-2020,"Worm Capital, LLC",1626
31-MAR-2020,XR Securities LLC,354
31-MAR-2020,"Xcel Wealth Management, LLC",1263
31-MAR-2020,ZACKS INVESTMENT MANAGEMENT,214
31-MAR-2020,ZEVENBERGEN CAPITAL INVESTMENTS LLC,148010
31-MAR-2020,"Vident Investment Advisory, LLC",1000
31-MAR-2020,"Veritable, L.P.",350
31-MAR-2020,Verdence Capital Advisors LLC,801
31-MAR-2020,Texas Yale Capital Corp.,5669
31-MAR-2020,TOBAM,553
31-MAR-2020,TOCQUEVILLE ASSET MANAGEMENT L.P.,6411
31-MAR-2020,TORONTO DOMINION BANK,37418
31-MAR-2020,TOTH FINANCIAL ADVISORY CORP,10
31-MAR-2020,TOWNSQUARE CAPITAL LLC,243
31-MAR-2020,TRADITION ASSET MANAGEMENT LLC,204
31-MAR-2020,TRUEWEALTH LLC,162
31-MAR-2020,"TRUSTCORE FINANCIAL SERVICES, LLC",10
31-MAR-2020,"TSFG, LLC",93
31-MAR-2020,"TWO SIGMA ADVISERS, LP",116303
31-MAR-2020,"TWO SIGMA INVESTMENTS, LP",50353
31-MAR-2020,"TWO SIGMA SECURITIES, LLC",3794
31-MAR-2020,"Taylor, Cottrill, Erickson & Associates, Inc.",630
31-MAR-2020,"Teamwork Financial Advisors, LLC",3183
31-MAR-2020,Thrivent Financial for Lutherans,533
31-MAR-2020,"Van Hulzen Asset Management, LLC",386
31-MAR-2020,"Tortoise Investment Management, LLC",58
31-MAR-2020,Tower View Investment Management & Research LLC,1133
31-MAR-2020,"Tradewinds Capital Management, LLC",8
31-MAR-2020,"Traynor Capital Management, Inc.",237
31-MAR-2020,"Trellus Management Company, LLC",417
31-MAR-2020,Truvestments Capital LLC,3
31-MAR-2020,Tuttle Tactical Management,1022
31-MAR-2020,"Twin Tree Management, LP",7192
31-MAR-2020,V Wealth Advisors LLC,502
31-MAR-2020,VANGUARD GROUP INC,1155829
31-MAR-2020,"VERUS CAPITAL PARTNERS, LLC",10
31-MAR-2020,VICTORY CAPITAL MANAGEMENT INC,41226
31-MAR-2020,"VIRIDIAN RIA, LLC",2456
31-MAR-2020,"Valeo Financial Advisors, LLC",425
31-MAR-2020,REGIONS FINANCIAL CORP,161
31-MAR-2020,RAYMOND JAMES & ASSOCIATES,37374
31-MAR-2020,KINGS POINT CAPITAL MANAGEMENT,876
31-MAR-2020,MILLENNIUM MANAGEMENT LLC,4768
31-MAR-2020,MOSELEY INVESTMENT MANAGEMENT INC,254
31-MAR-2020,MORGENS WATERFALL VINTIADIS & CO INC,4524
31-MAR-2020,MONTRUSCO BOLTON INVESTMENTS INC.,2485
31-MAR-2020,"MONECO Advisors, LLC",321
31-MAR-2020,MITCHELL MCLEOD PUGH & WILLIAMS INC,213
31-MAR-2020,"MISSION WEALTH MANAGEMENT, LP",476
31-MAR-2020,MID ATLANTIC FINANCIAL MANAGEMENT INC/ADV,669
31-MAR-2020,"NEXT Financial Group, Inc",185
31-MAR-2020,MERCER GLOBAL ADVISORS INC /ADV,741
31-MAR-2020,"MEAG MUNICH ERGO, Kapitalanlagegesellschaft mbH",2643
31-MAR-2020,MCKINLEY CAPITAL MANAGEMENT LLC /DELAWARE,9337
31-MAR-2020,"MBE Wealth Management, LLC",53
31-MAR-2020,MASTRAPASQUA ASSET MANAGEMENT INC,667
31-MAR-2020,MASSMUTUAL TRUST CO FSB/ADV,45
31-MAR-2020,MUFG Securities EMEA plc,129322
31-MAR-2020,Manchester Capital Management LLC,1769
31-MAR-2020,Manitou Investment Management Ltd.,389
31-MAR-2020,"Mathes Company, Inc.",2745
31-MAR-2020,"McIlrath & Eck, LLC",170
31-MAR-2020,"Meridian Wealth Management, LLC",432
31-MAR-2020,"Miracle Mile Advisors, LLC",1678
31-MAR-2020,"Mirae Asset Global Investments Co., Ltd.",3122
31-MAR-2020,Mitsubishi UFJ Trust & Banking Corp,123913
31-MAR-2020,"Miura Global Management, LLC",8339
31-MAR-2020,Mn Services Vermogensbeheer B.V.,35081
31-MAR-2020,"Moloney Securities Asset Management, LLC",250
31-MAR-2020,Monaco Asset Management SAM,2919
31-MAR-2020,"Moors & Cabot, Inc.",531
31-MAR-2020,"Mount Yale Investment Advisors, LLC",2012
31-MAR-2020,"Mutual Advisors, LLC",257
31-MAR-2020,"NAPLES GLOBAL ADVISORS, LLC",223
31-MAR-2020,MASSACHUSETTS FINANCIAL SERVICES CO /MA/,195112
31-MAR-2020,MARSICO CAPITAL MANAGEMENT LLC,8106
31-MAR-2020,"MARSHALL WACE, LLP",105
31-MAR-2020,"Laurel Wealth Advisors, Inc.",266
31-MAR-2020,Key Financial Inc,34
31-MAR-2020,"Kingsview Wealth Management, LLC",680
31-MAR-2020,Kore Private Wealth LLC,99
31-MAR-2020,Korea Investment CORP,73774
31-MAR-2020,"Kovack Advisors, Inc.",2430
31-MAR-2020,L & S Advisors Inc,2004
31-MAR-2020,"LEVEL FOUR ADVISORY SERVICES, LLC",330
31-MAR-2020,LONE PINE CAPITAL LLC,696329
31-MAR-2020,"LORD, ABBETT & CO. LLC",113985
31-MAR-2020,LPL Financial LLC,17347
31-MAR-2020,"LYELL WEALTH MANAGEMENT, LP",6856
31-MAR-2020,Lake Point Wealth Management,17
31-MAR-2020,Larson Financial Group LLC,121
31-MAR-2020,Laurel Wealth Advisors LLC,8
31-MAR-2020,Laurion Capital Management LP,61125
31-MAR-2020,Zurcher Kantonalbank (Zurich Cantonalbank),11009
31-MAR-2020,"Lenox Wealth Advisors, LLC",4
31-MAR-2020,"Lenox Wealth Management, Inc.",166
31-MAR-2020,Liberty Wealth Management LLC,6
31-MAR-2020,"Lido Advisors, LLC",641
31-MAR-2020,"LifePlan Financial Group, Inc",21
31-MAR-2020,"Lighthouse Financial Advisors, Inc.",1493
31-MAR-2020,"Lindbrook Capital, LLC",229
31-MAR-2020,"Linscomb & Williams, Inc.",228
31-MAR-2020,"M Holdings Securities, Inc.",4178
31-MAR-2020,M&G INVESTMENT MANAGEMENT LTD,24463
31-MAR-2020,MACKENZIE FINANCIAL CORP,58853
31-MAR-2020,MAI Capital Management,640
31-MAR-2020,MANCHESTER FINANCIAL INC,16
31-MAR-2020,"MARK SHEPTOFF FINANCIAL PLANNING, LLC",71
31-MAR-2020,NEW YORK STATE COMMON RETIREMENT FUND,76252
31-MAR-2020,NORDEA INVESTMENT MANAGEMENT AB,1915
31-MAR-2020,Qube Research & Technologies Ltd,904
31-MAR-2020,"Parallel Advisors, LLC",769
31-MAR-2020,Pennsylvania Trust Co,295
31-MAR-2020,Paul John Balson,361
31-MAR-2020,"Patriot Financial Group Insurance Agency, LLC",0
31-MAR-2020,Parkwood LLC,1089
31-MAR-2020,Parkside Financial Bank & Trust,8
31-MAR-2020,Parametric Portfolio Associates LLC,16201
31-MAR-2020,"Parallax Volatility Advisers, L.P.",25191
31-MAR-2020,NORGES BANK,400948
31-MAR-2020,"Paragon Advisors, LLC",288
31-MAR-2020,Pacitti Group Inc.,41
31-MAR-2020,PRW Wealth Management LLC,1846
31-MAR-2020,"PROEQUITIES, INC.",807
31-MAR-2020,PRIO WEALTH LIMITED PARTNERSHIP,500
31-MAR-2020,PRICE T ROWE ASSOCIATES INC /MD/,789644
31-MAR-2020,"Perennial Investment Advisors, LLC",3057
31-MAR-2020,Perkins Coie Trust Co,15
31-MAR-2020,"PineBridge Investments, L.P.",6011
31-MAR-2020,"Pinnacle Wealth Planning Services, Inc.",249
31-MAR-2020,"Plante Moran Financial Advisors, LLC",31
31-MAR-2020,"Point Break Capital Management, LLC",959
31-MAR-2020,Polar Asset Management Partners Inc.,10423
31-MAR-2020,"PrairieView Partners, LLC",76
31-MAR-2020,"Prime Capital Investment Advisors, LLC",224
31-MAR-2020,"Private Advisor Group, LLC",2179
31-MAR-2020,"Private Capital Group, LLC",20
31-MAR-2020,"Private Ocean, LLC",243
31-MAR-2020,"Procyon Private Wealth Partners, LLC",42
31-MAR-2020,Prospera Financial Services Inc,461
31-MAR-2020,Public Sector Pension Investment Board,60476
31-MAR-2020,QUEST CAPITAL MANAGEMENT INC /ADV,234
31-MAR-2020,Quantbot Technologies LP,35
31-MAR-2020,PITTENGER & ANDERSON INC,13
31-MAR-2020,PERSONAL CAPITAL ADVISORS CORP,200
31-MAR-2020,PEREGRINE CAPITAL MANAGEMENT LLC,15
31-MAR-2020,OKABENA INVESTMENT SERVICES INC,845
31-MAR-2020,"NVWM, LLC",1154
31-MAR-2020,NWAM LLC,649
31-MAR-2020,"NWK Group, Inc.",18
31-MAR-2020,"Nadler Financial Group, Inc.",1670
31-MAR-2020,National Pension Service,80747
31-MAR-2020,"Nelson, Van Denburg & Campbell Wealth Management Group, LLC",2
31-MAR-2020,Neuberger Berman Group LLC,1051
31-MAR-2020,New Capital Management LP,4
31-MAR-2020,"Night Owl Capital Management, LLC",26054
31-MAR-2020,North Star Investment Management Corp.,46
31-MAR-2020,NumerixS Investment Technologies Inc,396
31-MAR-2020,"O'SHAUGHNESSY ASSET MANAGEMENT, LLC",23
31-MAR-2020,OAKMONT CORP,233
31-MAR-2020,"OBERMEYER WOOD INVESTMENT COUNSEL, LLLP",226
31-MAR-2020,OPPENHEIMER & CO INC,527
31-MAR-2020,PECONIC PARTNERS LLC,625
31-MAR-2020,OPTIMUM INVESTMENT ADVISORS,206
31-MAR-2020,OXFORD FINANCIAL GROUP LTD,452
31-MAR-2020,Oasis Management Co Ltd.,4169
31-MAR-2020,"OmniStar Financial Group, Inc.",169
31-MAR-2020,One Day In July LLC,310
31-MAR-2020,OneAscent Financial Services LLC,360
31-MAR-2020,"Orion Portfolio Solutions, LLC",9
31-MAR-2020,Osborn Williams & Donohoe LLC,219
31-MAR-2020,"Otter Creek Advisors, LLC",2793
31-MAR-2020,PARADIGM ASSET MANAGEMENT CO LLC,1429156
31-MAR-2020,PARK AVENUE SECURITIES LLC,541
31-MAR-2020,PARK NATIONAL CORP /OH/,271
31-MAR-2020,"PATTON ALBERTSON MILLER GROUP, LLC",219
31-MAR-2020,PCJ Investment Counsel Ltd.,4763
31-MAR-2020,ACORN FINANCIAL ADVISORY SERVICES INC /ADV,359
31-DEC-2019,Intersect Capital LLC,579
31-DEC-2019,"Landsberg, Bennett, & Dubbaneh LLC",609
31-DEC-2019,"FinTrust Capital Advisors, LLC",17
31-DEC-2019,"Financial Architects, Inc",199
31-DEC-2019,Firestone Capital Management,80
31-DEC-2019,"First Allied Advisory Services, Inc.",750
31-DEC-2019,First Command Bank,214
31-DEC-2019,"First Command Financial Services, Inc.",214
31-DEC-2019,"Fortis Advisors, LLC",60
31-DEC-2019,"Foster Victor Wealth Advisors, LLC",348
31-DEC-2019,"Foxhaven Asset Management, LP",34492
31-DEC-2019,"Full Sail Capital, LLC",850
31-DEC-2019,GABLES CAPITAL MANAGEMENT INC.,1542
31-DEC-2019,"GHP Investment Advisors, Inc.",278
31-DEC-2019,GLENMEDE TRUST CO NA,531
31-DEC-2019,GRAND JEAN CAPITAL MANAGEMENT INC,6132
31-DEC-2019,GREAT WEST LIFE ASSURANCE CO /CAN/,1248
31-DEC-2019,"GRIFFIN ASSET MANAGEMENT, INC.",3719
31-DEC-2019,"GROUP ONE TRADING, L.P.",64766
31-DEC-2019,GWM Advisors LLC,896
31-DEC-2019,"Garrison Point Advisors, LLC",270
31-DEC-2019,Geneos Wealth Management Inc.,253
31-DEC-2019,Gerber Kawasaki Wealth & Investment Management,701
31-DEC-2019,Gladstone Institutional Advisory LLC,280
31-DEC-2019,"Gleason Group, Inc.",80
31-DEC-2019,"Global Retirement Partners, LLC",177
31-DEC-2019,"Global Wealth Management Investment Advisory, Inc.",524
31-DEC-2019,"Gotham Asset Management, LLC",562
31-DEC-2019,Gradient Investments LLC,64
31-DEC-2019,"Gs Investments, Inc.",729
31-DEC-2019,Gulf International Bank (UK) Ltd,643
31-DEC-2019,"HAP Trading, LLC",886
31-DEC-2019,Financial Advocates Investment Management,1390
31-DEC-2019,"Fieldpoint Private Securities, LLC",1164
31-DEC-2019,DORCHESTER WEALTH MANAGEMENT Co,278
31-DEC-2019,"FRED ALGER MANAGEMENT, LLC",88446
31-DEC-2019,Destination Wealth Management,239
31-DEC-2019,Discovery Value Fund,92442
31-DEC-2019,Dynamic Advisor Solutions LLC,464
31-DEC-2019,EAGLE ASSET MANAGEMENT INC,135894
31-DEC-2019,EARNEST PARTNERS LLC,5
31-DEC-2019,EATON VANCE MANAGEMENT,38999
31-DEC-2019,EFG Asset Management (Americas) Corp.,3963
31-DEC-2019,ENTERPRISE FINANCIAL SERVICES CORP,8
31-DEC-2019,ENVESTNET ASSET MANAGEMENT INC,54961
31-DEC-2019,EPG Wealth Management LLC,23
31-DEC-2019,EQUITABLE TRUST CO,5641
31-DEC-2019,ETRADE Capital Management LLC,33
31-DEC-2019,"EXCHANGE TRADED CONCEPTS, LLC",77
31-DEC-2019,"Ellevest, Inc.",23
31-DEC-2019,"Ellis Investment Partners, LLC",12
31-DEC-2019,Engrave Wealth Partners LLC,4
31-DEC-2019,"Ensign Peak Advisors, Inc",182043
31-DEC-2019,Erste Asset Management GmbH,0
31-DEC-2019,"Eudaimonia Partners, LLC",187
31-DEC-2019,"Evolution Wealth Advisors, LLC",5
31-DEC-2019,FARMERS & MERCHANTS INVESTMENTS INC,47
31-DEC-2019,FARMERS TRUST CO,239
31-DEC-2019,"FDx Advisors, Inc.",1417
31-DEC-2019,FIERA CAPITAL CORP,6662
31-DEC-2019,FIRST MANHATTAN CO,198
31-DEC-2019,"FIRST REPUBLIC INVESTMENT MANAGEMENT, INC.",7818
31-DEC-2019,FIRST TRUST ADVISORS LP,61644
31-DEC-2019,"FLAGSHIP HARBOR ADVISORS, LLC",1590
31-DEC-2019,FOUNDERS FINANCIAL SECURITIES LLC,1091
31-DEC-2019,"HARBOR INVESTMENT ADVISORY, LLC",278
31-DEC-2019,"HARVEST GROUP WEALTH MANAGEMENT, LLC",32
31-DEC-2019,HBK Sorce Advisory LLC,289
31-DEC-2019,HBW Advisory Services LLC,239
31-DEC-2019,"Kovack Advisors, Inc.",2107
31-DEC-2019,L & S Advisors Inc,2623
31-DEC-2019,"LEVEL FOUR ADVISORY SERVICES, LLC",3404
31-DEC-2019,LONE PINE CAPITAL LLC,720674
31-DEC-2019,"LORD, ABBETT & CO. LLC",91087
31-DEC-2019,LPL Financial LLC,15484
31-DEC-2019,"LYELL WEALTH MANAGEMENT, LP",6560
31-DEC-2019,Lake Point Wealth Management,16
31-DEC-2019,ALKEON CAPITAL MANAGEMENT LLC,217307
31-DEC-2019,Larson Financial Group LLC,166
31-DEC-2019,Laurel Wealth Advisors LLC,8
31-DEC-2019,"Laurel Wealth Advisors, Inc.",239
31-DEC-2019,Laurion Capital Management LP,99593
31-DEC-2019,"Lenox Wealth Advisors, LLC",2
31-DEC-2019,"Lenox Wealth Management, Inc.",31
31-DEC-2019,Liberty Wealth Management LLC,9
31-DEC-2019,"Lido Advisors, LLC",653
31-DEC-2019,"LifePlan Financial Group, Inc",20
31-DEC-2019,"Lighthouse Financial Advisors, Inc.",1473
31-DEC-2019,"Linscomb & Williams, Inc.",260
31-DEC-2019,Lionsbridge Wealth Management LLC,0
31-DEC-2019,"M Holdings Securities, Inc.",4075
31-DEC-2019,M&G INVESTMENT MANAGEMENT LTD,22539
31-DEC-2019,MACKENZIE FINANCIAL CORP,51071
31-DEC-2019,MACROVIEW INVESTMENT MANAGEMENT LLC,4
31-DEC-2019,MAI Capital Management,908
31-DEC-2019,MANCHESTER FINANCIAL INC,18
31-DEC-2019,"MARK SHEPTOFF FINANCIAL PLANNING, LLC",60
31-DEC-2019,MASSACHUSETTS FINANCIAL SERVICES CO /MA/,99402
31-DEC-2019,Korea Investment CORP,61854
31-DEC-2019,"Kingsview Wealth Management, LLC",584
31-DEC-2019,KINGS POINT CAPITAL MANAGEMENT,1356
31-DEC-2019,"IFP Advisors, Inc",349
31-DEC-2019,HEALTHCARE OF ONTARIO PENSION PLAN TRUST FUND,55655
31-DEC-2019,HM PAYSON & CO,29
31-DEC-2019,"Harrington Investments, INC",232
31-DEC-2019,"Harvest Fund Management Co., Ltd",67
31-DEC-2019,Henry James International Management Inc.,10243
31-DEC-2019,"High Falls Advisors, Inc",1353
31-DEC-2019,HighMark Wealth Management LLC,11
31-DEC-2019,HighPoint Advisor Group LLC,307
31-DEC-2019,"HighTower Advisors, LLC",5232
31-DEC-2019,Highstreet Asset Management Inc.,831
31-DEC-2019,Hillsdale Investment Management Inc.,4046
31-DEC-2019,"Horrell Capital Management, Inc.",20
31-DEC-2019,"Hudock Capital Group, LLC",7
31-DEC-2019,"IMC-Chicago, LLC",130884
31-DEC-2019,"Joseph P. Lucia & Associates, LLC",4
31-DEC-2019,INTACT INVESTMENT MANAGEMENT INC.,45128
31-DEC-2019,Ilmarinen Mutual Pension Insurance Co,9933
31-DEC-2019,Independent Advisor Alliance,761
31-DEC-2019,"Independent Solutions Wealth Management, LLC",1093345
31-DEC-2019,"Indie Asset Partners, LLC",245
31-DEC-2019,"Institute for Wealth Management, LLC.",696
31-DEC-2019,"Investment Research & Advisory Group, Inc.",40
31-DEC-2019,Investors Research Corp,10
31-DEC-2019,"Invst, LLC",223
31-DEC-2019,"J.W. COLE ADVISORS, INC.",288
31-DEC-2019,"JACKSON SQUARE CAPITAL, LLC",11
31-DEC-2019,"Jackson Wealth Management, LLC",470
31-DEC-2019,Janney Montgomery Scott LLC,2812
31-DEC-2019,DUNCKER STREETT & CO INC,1
31-DEC-2019,"DFPG INVESTMENTS, LLC",1861
31-DEC-2019,MASTERS CAPITAL MANAGEMENT LLC,38168
31-DEC-2019,"Athanor Capital, LP",2823
31-DEC-2019,"B. Riley Wealth Management, Inc.",393
31-DEC-2019,BAILLIE GIFFORD & CO,521548
31-DEC-2019,BANK OF NOVA SCOTIA,313442
31-DEC-2019,BARCLAYS PLC,83435
31-DEC-2019,BAROMETER CAPITAL MANAGEMENT INC.,5731
31-DEC-2019,BENEDICT FINANCIAL ADVISORS INC,296
31-DEC-2019,BERKSHIRE CAPITAL HOLDINGS INC,9435
31-DEC-2019,BLAIR WILLIAM & CO/IL,14371
31-DEC-2019,"BLB&B Advisors, LLC",258
31-DEC-2019,BLUESTEIN R H & CO,1511
31-DEC-2019,"BOOTHBAY FUND MANAGEMENT, LLC",398
31-DEC-2019,"BRANDYWINE MANAGERS, LLC",2837
31-DEC-2019,BRIGHTON JONES LLC,1186
31-DEC-2019,BRINKER CAPITAL INC,611
31-DEC-2019,BRITISH COLUMBIA INVESTMENT MANAGEMENT Corp,62578
31-DEC-2019,BROWN BROTHERS HARRIMAN & CO,243
31-DEC-2019,BROWN CAPITAL MANAGEMENT LLC,2607
31-DEC-2019,"Baldwin Investment Management, LLC",596
31-DEC-2019,Balyasny Asset Management LLC,3976
31-DEC-2019,Barton Investment Management,117724
31-DEC-2019,"Bay Harbor Wealth Management, LLC",1
31-DEC-2019,"Beacon Pointe Advisors, LLC",224
31-DEC-2019,"Bedel Financial Consulting, Inc.",46
31-DEC-2019,Belpointe Asset Management LLC,357
31-DEC-2019,"Berman Capital Advisors, LLC",409
31-DEC-2019,BlackRock Inc.,164893
31-DEC-2019,"Blueshift Asset Management, LLC",635
31-DEC-2019,CALAMOS ADVISORS LLC,6591
31-DEC-2019,CANADA PENSION PLAN INVESTMENT BOARD,44395
31-DEC-2019,Avitas Wealth Management LLC,3399
31-DEC-2019,"Asset Dedication, LLC",40
31-DEC-2019,D.A. DAVIDSON & CO.,1729
31-DEC-2019,"Ascent Wealth Partners, LLC",2345
31-DEC-2019,ARK Investment Management LLC,9766
31-DEC-2019,ARROW FINANCIAL CORP,14
31-DEC-2019,ASHFORD CAPITAL MANAGEMENT INC,14733
31-DEC-2019,"ATALANTA SOSNOFF CAPITAL, LLC",15173
31-DEC-2019,ATLAS CAPITAL ADVISORS LLC,750631
31-DEC-2019,"AVANTAX ADVISORY SERVICES, INC.",792
31-DEC-2019,AXIOM INTERNATIONAL INVESTORS LLC /DE,1659
31-DEC-2019,"Abdiel Capital Advisors, LP",375932
31-DEC-2019,Accuvest Global Advisors,14
31-DEC-2019,Addenda Capital Inc.,22995
31-DEC-2019,"AdvisorNet Financial, Inc",2385
31-DEC-2019,"Advisors Asset Management, Inc.",358
31-DEC-2019,"Advisory Alpha, LLC",115786
31-DEC-2019,"Advisory Services Network, LLC",444
31-DEC-2019,Alberta Investment Management Corp,22656
31-DEC-2019,"Allred Capital Management, LLC",15506
31-DEC-2019,"Alpha Cubed Investments, LLC",419
31-DEC-2019,"AlphaMark Advisors, LLC",9
31-DEC-2019,"Altman Advisors, Inc.",1178
31-DEC-2019,American Portfolios Advisors,419844
31-DEC-2019,"Americana Partners, LLC",19
31-DEC-2019,"Ameritas Investment Company, LLC",155
31-DEC-2019,"Anchor Investment Management, LLC",11927
31-DEC-2019,"Ancora Advisors, LLC",933
31-DEC-2019,"Aperio Group, LLC",293
31-DEC-2019,"Apollon Wealth Management, LLC",2113
31-DEC-2019,Archer Investment Corp,60
31-DEC-2019,Arden Trust Co,429
31-DEC-2019,Arkadios Wealth Advisors,5863
31-DEC-2019,CAPITAL FUND MANAGEMENT S.A.,142334
31-DEC-2019,CAPTRUST FINANCIAL ADVISORS,882
31-DEC-2019,"CARILLON TOWER ADVISERS, INC.",53417258
31-DEC-2019,"CENTAURUS FINANCIAL, INC.",161
31-DEC-2019,"Caption Management, LLC",5964
31-DEC-2019,"Carmichael Hill & Associates, Inc.",167
31-DEC-2019,"Carnegie Capital Asset Management, LLC",8457
31-DEC-2019,"Carroll Financial Associates, Inc.",53
31-DEC-2019,"CenterStar Asset Management, LLC",8
31-DEC-2019,Cerity Partners LLC,343
31-DEC-2019,Cetera Advisor Networks LLC,1073
31-DEC-2019,Cetera Advisors LLC,1582
31-DEC-2019,Cetera Investment Advisers,445
31-DEC-2019,Chesley Taft & Associates LLC,989
31-DEC-2019,Chicago Partners Investment Group LLC,585
31-DEC-2019,"Clear Perspective Advisors, LLC",200
31-DEC-2019,"Coastal Capital Group, Inc.",55
31-DEC-2019,"Coastal Investment Advisors, Inc.",350
31-DEC-2019,"Concorde Asset Management, LLC",5167
31-DEC-2019,"Connor, Clark & Lunn Investment Management Ltd.",202356
31-DEC-2019,Corbenic Partners LLC,7
31-DEC-2019,Cordasco Financial Network,13
31-DEC-2019,"Cornerstone Wealth Group, LLC",200
31-DEC-2019,"Covenant Asset Management, LLC",7252
31-DEC-2019,"Covenant Partners, LLC",2366
31-DEC-2019,Covington Capital Management,103
31-DEC-2019,Creative Planning,8572
31-DEC-2019,"Cresset Asset Management, LLC",1684
31-DEC-2019,Crestwood Advisors Group LLC,3095
31-DEC-2019,"Crestwood Capital Management, L.P.",15430
31-DEC-2019,"Crossmark Global Holdings, Inc.",2547
31-DEC-2019,Cutler Group LP,1421
31-DEC-2019,"Cypress Wealth Services, LLC",551
31-DEC-2019,"Capstone Financial Group, Inc.",6283
31-DEC-2019,"Capital Investment Advisory Services, LLC",241
31-DEC-2019,"Capital Investment Advisors, LLC",686
31-DEC-2019,"COMMONWEALTH EQUITY SERVICES, LLC",12705
31-DEC-2019,CENTRAL BANK & TRUST CO,10
31-DEC-2019,CENTRAL TRUST Co,120
31-DEC-2019,CI INVESTMENTS INC.,54756
31-DEC-2019,CIBC Asset Management Inc,85884
31-DEC-2019,CIBC WORLD MARKETS CORP,3976
31-DEC-2019,CIBC World Markets Inc.,276279
31-DEC-2019,CKW FINANCIAL GROUP,277
31-DEC-2019,CLEAR STREET MARKETS LLC,2386
31-DEC-2019,COBBLESTONE CAPITAL ADVISORS LLC /NY/,16276
31-DEC-2019,COLDSTREAM CAPITAL MANAGEMENT INC,765
31-DEC-2019,COMERICA BANK,4100
31-DEC-2019,"COMERICA SECURITIES,INC.",808
31-DEC-2019,COMMERZBANK AKTIENGESELLSCHAFT /FI,91424
31-DEC-2019,CONFLUENCE INVESTMENT MANAGEMENT LLC,2952
31-DEC-2019,Capital Asset Advisory Services LLC,858
31-DEC-2019,CONNABLE OFFICE INC,1609
31-DEC-2019,CREATIVE FINANCIAL DESIGNS INC /ADV,31
31-DEC-2019,CTC LLC,303087
31-DEC-2019,"CWM, LLC",1919
31-DEC-2019,CX Institutional,101
31-DEC-2019,CXI Advisors,22
31-DEC-2019,CYPRESS ASSET MANAGEMENT INC/TX,1664
31-DEC-2019,"Calton & Associates, Inc.",209
31-DEC-2019,"Cambridge Investment Research Advisors, Inc.",5712
31-DEC-2019,"Camden Capital, LLC",247
31-DEC-2019,Candriam Luxembourg S.C.A.,1
31-DEC-2019,"Capital Advisory Group Advisory Services, LLC",451
31-DEC-2019,"Capital Analysts, LLC",479
31-DEC-2019,MASSMUTUAL TRUST CO FSB/ADV,37
31-DEC-2019,MASTRAPASQUA ASSET MANAGEMENT INC,437
31-DEC-2019,AMF Pensionsforsakring AB,20458
31-DEC-2019,Sandy Spring Bank,54
31-DEC-2019,"Sawtooth Solutions, LLC",1399
31-DEC-2019,"Sculati Wealth Management, LLC",278
31-DEC-2019,"SeaCrest Wealth Management, LLC",501
31-DEC-2019,"Sheaff Brock Investment Advisors, LLC",323
31-DEC-2019,Sigma Planning Corp,1805
31-DEC-2019,"Silicon Hills Wealth Management, LLC",8
31-DEC-2019,"SkyOak Wealt, LLC",971
31-DEC-2019,Snowden Capital Advisors LLC,803112
31-DEC-2019,"Sound Income Strategies, LLC",94
31-DEC-2019,"Sound View Wealth Advisors Group, LLC",238
31-DEC-2019,"Sowa Financial Group, Inc.",800000
31-DEC-2019,Sowell Financial Services LLC,398
31-DEC-2019,Squar Milner Financial Services LLC,15
31-DEC-2019,"State of Tennessee, Treasury Department",90784
31-DEC-2019,Steel Peak Wealth Management LLC,3050
31-DEC-2019,"Sterling Investment Advisors, Ltd.",1244
31-DEC-2019,"Steward Partners Investment Advisory, LLC",353
31-DEC-2019,"Stonebridge Financial Planning Group, LLC",10
31-DEC-2019,Stony Point Capital LLC,6481
31-DEC-2019,Strategy Capital LLC,122299
31-DEC-2019,"Stratos Wealth Partners, LTD.",684
31-DEC-2019,"Sugarloaf Wealth Management, LLC",34
31-DEC-2019,"Summit X, LLC",441
31-DEC-2019,"Sunbelt Securities, Inc.",39857
31-DEC-2019,Swiss National Bank,139941
31-DEC-2019,"TCI Wealth Advisors, Inc.",77
31-DEC-2019,TD ASSET MANAGEMENT INC,140395
31-DEC-2019,Sargent Bickham Lagudis LLC,40
31-DEC-2019,"Samalin Investment Counsel, LLC",131
31-DEC-2019,TIGER GLOBAL MANAGEMENT LLC,27831
31-DEC-2019,SYMMETRY PEAK MANAGEMENT LLC,1988
31-DEC-2019,RAYMOND JAMES TRUST N.A.,227
31-DEC-2019,"REILLY FINANCIAL ADVISORS, LLC",85
31-DEC-2019,ROYAL BANK OF CANADA,80102
31-DEC-2019,"RPG Investment Advisory, LLC",5021
31-DEC-2019,"Raymond James Financial Services Advisors, Inc.",24969
31-DEC-2019,MCKINLEY CAPITAL MANAGEMENT LLC /DELAWARE,14771
31-DEC-2019,"Requisite Capital Management, LLC",994
31-DEC-2019,"Resonant Capital Advisors, LLC",219
31-DEC-2019,"Retirement Group, LLC",7
31-DEC-2019,Ropes Wealth Advisors LLC,42
31-DEC-2019,Roundview Capital LLC,1772
31-DEC-2019,"Rudd International, Inc.",720
31-DEC-2019,"SANDS CAPITAL MANAGEMENT, LLC",623145
31-DEC-2019,"SCGE MANAGEMENT, L.P.",335558
31-DEC-2019,SCHRODER INVESTMENT MANAGEMENT GROUP,328
31-DEC-2019,SECURITY NATIONAL TRUST CO,8
31-DEC-2019,SEI INVESTMENTS CO,3742
31-DEC-2019,SHELL ASSET MANAGEMENT CO,3186
31-DEC-2019,SHINE INVESTMENT ADVISORY SERVICES INC,274
31-DEC-2019,"SIGNATUREFD, LLC",74
31-DEC-2019,"SIMON QUICK ADVISORS, LLC",2
31-DEC-2019,"SIMPLEX TRADING, LLC",268977
31-DEC-2019,"SRS Capital Advisors, Inc.",101
31-DEC-2019,"STA Wealth Management, LLC",445
31-DEC-2019,STATE OF WISCONSIN INVESTMENT BOARD,24746
31-DEC-2019,STOCK YARDS BANK & TRUST CO,80
31-DEC-2019,"SUMMIT PARTNERS PUBLIC ASSET MANAGEMENT, LLC",23855
31-DEC-2019,"THOROUGHBRED FINANCIAL SERVICES, LLC",2224
31-DEC-2019,TOBAM,648
31-DEC-2019,Qube Research & Technologies Ltd,1153
31-DEC-2019,"WCM INVESTMENT MANAGEMENT, LLC",3784536
31-DEC-2019,WEDBUSH SECURITIES INC,941
31-DEC-2019,WELCH & FORBES LLC,596
31-DEC-2019,WHITTIER TRUST CO,0
31-DEC-2019,WILBANKS SMITH & THOMAS ASSET MANAGEMENT LLC,435
31-DEC-2019,"WILLIAM BLAIR INVESTMENT MANAGEMENT, LLC",8738
31-DEC-2019,WOODARD & CO ASSET MANAGEMENT GROUP INC /ADV,411
31-DEC-2019,Walleye Capital LLC,3706
31-DEC-2019,Walleye Trading LLC,57336
31-DEC-2019,"We Are One Seven, LLC",338
31-DEC-2019,"Wealth Architects, LLC",219
31-DEC-2019,Wealth Quarterback LLC,9940
31-DEC-2019,Wealthcare Advisory Partners LLC,87
31-DEC-2019,Weaver Consulting Group,25
31-DEC-2019,"Wellington Shields & Co., LLC",1869
31-DEC-2019,"Wellington Shields Capital Management, LLC",2515
31-DEC-2019,Whale Rock Capital Management LLC,280327
31-DEC-2019,"Williams Jones Wealth Management, LLC.",487
31-DEC-2019,Willingdon Wealth Management,139
31-DEC-2019,"Winfield Associates, Inc.",765
31-DEC-2019,"Winslow, Evans & Crocker, Inc.",164
31-DEC-2019,World Asset Management Inc,391
31-DEC-2019,XR Securities LLC,1026
31-DEC-2019,ZEVENBERGEN CAPITAL INVESTMENTS LLC,150697
31-DEC-2019,Zurcher Kantonalbank (Zurich Cantonalbank),8622
31-DEC-2019,Zweig-DiMenna Associates LLC,14134
31-DEC-2019,1492 Capital Management LLC,676
31-DEC-2019,1 NORTH WEALTH SERVICES LLC,54
31-DEC-2019,"WEALTHSOURCE PARTNERS, LLC",489
31-DEC-2019,"WASHBURN CAPITAL MANAGEMENT, INC.",1308
31-DEC-2019,TOCQUEVILLE ASSET MANAGEMENT L.P.,7403
31-DEC-2019,Vigilare Wealth Management,538
31-DEC-2019,TORONTO DOMINION BANK,125858
31-DEC-2019,TOWNSQUARE CAPITAL LLC,105
31-DEC-2019,TRUE Private Wealth Advisors,15
31-DEC-2019,TRUEWEALTH LLC,138
31-DEC-2019,"TRUSTCORE FINANCIAL SERVICES, LLC",9
31-DEC-2019,"TSFG, LLC",89
31-DEC-2019,"TWO SIGMA ADVISERS, LP",192667
31-DEC-2019,"TWO SIGMA INVESTMENTS, LP",84851
31-DEC-2019,"TWO SIGMA SECURITIES, LLC",35674
31-DEC-2019,Taylor Frigon Capital Management LLC,2360
31-DEC-2019,"Taylor, Cottrill, Erickson & Associates, Inc.",666
31-DEC-2019,"Teamwork Financial Advisors, LLC",824
31-DEC-2019,Texas Yale Capital Corp.,5272
31-DEC-2019,"Tortoise Investment Management, LLC",56
31-DEC-2019,"Total Clarity Wealth Management, Inc.",45
31-DEC-2019,"Tradewinds Capital Management, LLC",4
31-DEC-2019,Tuscan Ridge Asset Management LLC,10735
31-DEC-2019,VALLEY NATIONAL ADVISERS INC,12
31-DEC-2019,VANGUARD GROUP INC,1070597
31-DEC-2019,"VERUS CAPITAL PARTNERS, LLC",10
31-DEC-2019,"VIRIDIAN RIA, LLC",2345
31-DEC-2019,"VOLORIDGE INVESTMENT MANAGEMENT, LLC",10477
31-DEC-2019,"Valeo Financial Advisors, LLC",278
31-DEC-2019,Varma Mutual Pension Insurance Co,7156
31-DEC-2019,Verdence Capital Advisors LLC,606
31-DEC-2019,"Veritable, L.P.",435
31-DEC-2019,Verition Fund Management LLC,285
31-DEC-2019,RAYMOND JAMES & ASSOCIATES,35322
31-DEC-2019,"Redwood Investments, LLC",869
31-DEC-2019,Quantbot Technologies LP,1329
31-DEC-2019,Osborn Williams & Donohoe LLC,201
31-DEC-2019,NOMURA ASSET MANAGEMENT CO LTD,0
31-DEC-2019,NORDEA INVESTMENT MANAGEMENT AB,1557
31-DEC-2019,NORGES BANK,338911
31-DEC-2019,NORTH STAR ASSET MANAGEMENT INC,415
31-DEC-2019,"NVWM, LLC",1073
31-DEC-2019,NWAM LLC,610
31-DEC-2019,"NWK Group, Inc.",14
31-DEC-2019,"Nadler Financial Group, Inc.",1549
31-DEC-2019,National Pension Service,68948
31-DEC-2019,"Nelson, Van Denburg & Campbell Wealth Management Group, LLC",2
31-DEC-2019,Neuberger Berman Group LLC,1474
31-DEC-2019,New Capital Management LP,40
31-DEC-2019,"Newport Wealth Strategies, Inc.",226
31-DEC-2019,"Night Owl Capital Management, LLC",25764
31-DEC-2019,"Nikko Asset Management Americas, Inc.",77779
31-DEC-2019,North Star Investment Management Corp.,91
31-DEC-2019,Norway Savings Bank,20
31-DEC-2019,NumerixS Investment Technologies Inc,3184
31-DEC-2019,"O'SHAUGHNESSY ASSET MANAGEMENT, LLC",1
31-DEC-2019,OAKMONT CORP,223
31-DEC-2019,"OBERMEYER WOOD INVESTMENT COUNSEL, LLLP",204
31-DEC-2019,OPPENHEIMER & CO INC,466
31-DEC-2019,OPTIMUM INVESTMENT ADVISORS,173
31-DEC-2019,One Day In July LLC,290
31-DEC-2019,Quadrature Capital Ltd,18455
31-DEC-2019,NINE MASTS CAPITAL Ltd,588
31-DEC-2019,"NEXT Financial Group, Inc",190
31-DEC-2019,NEW YORK STATE COMMON RETIREMENT FUND,71361
31-DEC-2019,Manchester Capital Management LLC,1642
31-DEC-2019,MEAG MUNICH ERGO KAPITALANLAGEGESELLSCHAFT MBH,3081
31-DEC-2019,MERCER GLOBAL ADVISORS INC /ADV,388
31-DEC-2019,MID ATLANTIC FINANCIAL MANAGEMENT INC/ADV,468
31-DEC-2019,MILLENNIUM MANAGEMENT LLC,286
31-DEC-2019,"MISSION WEALTH MANAGEMENT, LP",227
31-DEC-2019,"MONECO Advisors, LLC",348
31-DEC-2019,MONTRUSCO BOLTON INVESTMENTS INC.,1285
31-DEC-2019,MORGENS WATERFALL VINTIADIS & CO INC,3976
31-DEC-2019,MOSELEY INVESTMENT MANAGEMENT INC,210
31-DEC-2019,"MYCIO WEALTH PARTNERS, LLC",1193
31-DEC-2019,Magnus Financial Group LLC,253
31-DEC-2019,"Mathes Company, Inc.",2727
31-DEC-2019,"NAPLES GLOBAL ADVISORS, LLC",212
31-DEC-2019,"McIlrath & Eck, LLC",252
31-DEC-2019,"Meridian Wealth Management, LLC",453
31-DEC-2019,"Meridian Wealth Partners, LLC",32
31-DEC-2019,"Miracle Mile Advisors, LLC",24183
31-DEC-2019,"Mirae Asset Global Investments Co., Ltd.",1410
31-DEC-2019,Mitsubishi UFJ Trust & Banking Corp,119528
31-DEC-2019,"Miura Global Management, LLC",1590
31-DEC-2019,Mn Services Vermogensbeheer B.V.,35634
31-DEC-2019,Monaco Asset Management SAM,4373
31-DEC-2019,"Moors & Cabot, Inc.",456
31-DEC-2019,"Mount Yale Investment Advisors, LLC",3632
31-DEC-2019,"Orion Portfolio Solutions, LLC",8
31-DEC-2019,OneAscent Financial Services LLC,412
31-DEC-2019,PRIO WEALTH LIMITED PARTNERSHIP,477
31-DEC-2019,"PATHSTONE FAMILY OFFICE, LLC",676
31-DEC-2019,PECONIC PARTNERS LLC,596
31-DEC-2019,PEREGRINE CAPITAL MANAGEMENT LLC,15
31-DEC-2019,PERSONAL CAPITAL ADVISORS CORP,260
31-DEC-2019,"PINEBRIDGE INVESTMENTS, L.P.",12971
31-DEC-2019,PITTENGER & ANDERSON INC,12
31-DEC-2019,PRICE T ROWE ASSOCIATES INC /MD/,1041143
31-DEC-2019,"PROEQUITIES, INC.",774
31-DEC-2019,PRW Wealth Management LLC,1688
31-DEC-2019,"PSI Advisors, LLC",39
31-DEC-2019,PUBLIC SECTOR PENSION INVESTMENT BOARD,48017
31-DEC-2019,"Paragon Advisors, LLC",421
31-DEC-2019,"Parallax Volatility Advisers, L.P.",14057
31-DEC-2019,"Parallel Advisors, LLC",779
31-DEC-2019,Parametric Portfolio Associates LLC,16344
31-DEC-2019,Parkwood LLC,1279
31-DEC-2019,"Patriot Financial Group Insurance Agency, LLC",0
31-DEC-2019,Pennsylvania Trust Co,255
31-DEC-2019,"Perennial Investment Advisors, LLC",2642
31-DEC-2019,"Pinnacle Wealth Planning Services, Inc.",404
31-DEC-2019,"Plante Moran Financial Advisors, LLC",15
31-DEC-2019,"Point Break Capital Management, LLC",1353
31-DEC-2019,"Prime Capital Investment Advisors, LLC",47
31-DEC-2019,"Private Advisor Group, LLC",2341
31-DEC-2019,"Private Capital Group, LLC",19
31-DEC-2019,"Private Ocean, LLC",233
31-DEC-2019,"Procyon Private Wealth Partners, LLC",40
31-DEC-2019,Prospera Financial Services Inc,437
31-DEC-2019,QUATTRO FINANCIAL ADVISORS LLC,116482
31-DEC-2019,QUEST CAPITAL MANAGEMENT INC /ADV,467
31-DEC-2019,PCJ Investment Counsel Ltd.,3747
31-DEC-2019,APPLETON PARTNERS INC/MA,240
31-DEC-2019,PARK NATIONAL CORP /OH/,404
31-DEC-2019,ACORN FINANCIAL ADVISORY SERVICES INC /ADV,322
31-DEC-2019,PARK AVENUE SECURITIES LLC,749
31-DEC-2019,"ALETHEA CAPITAL MANAGEMENT, LLC",330
31-DEC-2019,"AIGEN INVESTMENT MANAGEMENT, LP",8
31-DEC-2019,AE Wealth Management LLC,3940
31-DEC-2019,AGF INVESTMENTS INC.,11951
31-DEC-2019,"ACCURATE INVESTMENT SOLUTIONS, INC.",12
31-DEC-2019,"9258 Wealth Management, LLC",217
31-DEC-2019,1832 Asset Management L.P.,79880
31-DEC-2019,"180 WEALTH ADVISORS, LLC",227
31-DEC-2019,"Otter Creek Advisors, LLC",3578
30-SEP-2019,MASSACHUSETTS FINANCIAL SERVICES CO /MA/,28912
30-SEP-2019,"Capital Advisory Group Advisory Services, LLC",436
30-SEP-2019,NORGES BANK,266115
30-SEP-2019,One Day In July LLC,228
30-SEP-2019,Silphium Asset Management Ltd,934980
30-SEP-2019,Snowden Capital Advisors LLC,460634
30-SEP-2019,"TSFG, LLC",70
30-SEP-2019,Verdence Capital Advisors LLC,466
30-SEP-2019,Erste Asset Management GmbH,0
30-SEP-2019,"Focus Financial Network, Inc.",293584
30-SEP-2019,Candriam Luxembourg S.C.A.,618
30-SEP-2019,"Anchor Investment Management, LLC",9350
30-SEP-2019,"CWM, LLC",1575
30-SEP-2019,"Kingsview Wealth Management, LLC",437
30-SEP-2019,American Portfolios Advisors,315712
30-SEP-2019,Geneos Wealth Management Inc.,223
30-SEP-2019,Archer Investment Corp,47
30-SEP-2019,Belpointe Asset Management LLC,372
30-SEP-2019,COMMERZBANK AKTIENGESELLSCHAFT /FI,39926
30-SEP-2019,BARTLETT & CO. WEALTH MANAGEMENT LLC,1558
30-JUN-2019,"Capital Advisory Group Advisory Services, LLC",481
30-JUN-2019,American Portfolios Advisors,367384
30-JUN-2019,"Anchor Investment Management, LLC",9005
30-JUN-2019,Archer Investment Corp,3
30-JUN-2019,COMMERZBANK AKTIENGESELLSCHAFT /FI,32115
30-JUN-2019,CONFLUENCE INVESTMENT MANAGEMENT LLC,1463
30-JUN-2019,"CWM, LLC",1575
30-JUN-2019,Geneos Wealth Management Inc.,208
30-JUN-2019,Erste Asset Management GmbH,0
30-JUN-2019,"Kingsview Wealth Management, LLC",433
30-JUN-2019,NORGES BANK,233400
30-JUN-2019,Snowden Capital Advisors LLC,6005
30-JUN-2019,"TSFG, LLC",67
30-JUN-2019,Verdence Capital Advisors LLC,266
30-JUN-2019,One Day In July LLC,219
31-MAR-2019,"TSFG, LLC",46
31-MAR-2019,Sargent Bickham Lagudis LLC,7
31-MAR-2019,COMMERZBANK AKTIENGESELLSCHAFT /FI,18912
31-MAR-2019,"CWM, LLC",1575
31-MAR-2019,"Capital Advisory Group Advisory Services, LLC",20
31-MAR-2019,Erste Asset Management GmbH,0
31-MAR-2019,Geneos Wealth Management Inc.,113
31-MAR-2019,"Glen Eagle Advisors, LLC",16530
31-MAR-2019,"Kingsview Wealth Management, LLC",334
31-MAR-2019,NORGES BANK,184952
31-MAR-2019,American Portfolios Advisors,262821
31-DEC-2018,"Glen Eagle Advisors, LLC",11076
31-DEC-2018,Sargent Bickham Lagudis LLC,5
31-DEC-2018,Geneos Wealth Management Inc.,69
31-DEC-2018,Erste Asset Management GmbH,0
31-DEC-2018,COMMERZBANK AKTIENGESELLSCHAFT /FI,12061
31-DEC-2018,American Portfolios Advisors,161710
30-SEP-2018,Sargent Bickham Lagudis LLC,6
30-SEP-2018,"Kingsview Wealth Management, LLC",247
30-SEP-2018,"Glen Eagle Advisors, LLC",13157
30-SEP-2018,Geneos Wealth Management Inc.,79
30-SEP-2018,American Portfolios Advisors,132061
30-SEP-2018,COMMERZBANK AKTIENGESELLSCHAFT /FI,14811
30-JUN-2018,"Glen Eagle Advisors, LLC",11671
30-JUN-2018,American Portfolios Advisors,206143
30-JUN-2018,Sargent Bickham Lagudis LLC,5
30-JUN-2018,Geneos Wealth Management Inc.,60
30-JUN-2018,COMMERZBANK AKTIENGESELLSCHAFT /FI,10652
31-MAR-2018,American Portfolios Advisors,243324
31-MAR-2018,"Glen Eagle Advisors, LLC",9968
31-MAR-2018,Geneos Wealth Management Inc.,197
31-MAR-2018,COMMERZBANK AKTIENGESELLSCHAFT /FI,10328
31-DEC-2017,American Portfolios Advisors,5050
31-DEC-2017,COMMERZBANK AKTIENGESELLSCHAFT /FI,8252
31-DEC-2017,Geneos Wealth Management Inc.,98
31-DEC-2017,"Glen Eagle Advisors, LLC",4040
30-SEP-2017,Geneos Wealth Management Inc.,171
30-SEP-2017,"Glen Eagle Advisors, LLC",10484
30-SEP-2017,"Kingsview Wealth Management, LLC",205
30-JUN-2017,"Glen Eagle Advisors, LLC",16511
30-JUN-2017,Geneos Wealth Management Inc.,78
31-MAR-2017,"Glen Eagle Advisors, LLC",12937
31-DEC-2016,"Glen Eagle Advisors, LLC",8145
30-JUN-2010,Antonetti Capital Management LLC,292
31-MAR-2010,"Sanctuary Wealth Management, L.L.C.",1438
