FILINGMANAGER_NAME,2020Q1,2020Q2,2020Q3,2020Q4,2021Q1,2021Q2,2021Q3,2021Q4,2022Q1,2022Q2,2022Q3,2022Q4,2023Q1,2023Q2,2023Q3,2023Q4,2024Q1,2024Q2,2024Q3,2024Q4
" CALDWELL SUTTER CAPITAL, INC.",0.0,0.0,0.0,0.0,0.0,0.0,0.0,0.0,0.0,0.0,0.0,0.0,0.0,0.0,0.0,0.0,0.0,811.0,689.0,926.0
 NEUBERGER BERMAN GROUP LLC,0.0,0.0,0.0,0.0,0.0,0.0,0.0,0.0,0.0,0.0,0.0,0.0,0.0,0.0,0.0,2587.0,19715.0,3512.0,0.0,0.0
" ONCE CAPITAL MANAGEMENT, LLC",0.0,0.0,0.0,0.0,0.0,0.0,0.0,0.0,0.0,0.0,0.0,0.0,0.0,0.0,0.0,0.0,0.0,5538690.0,7856424.0,11874129.0
&PARTNERS,0.0,0.0,0.0,0.0,0.0,0.0,0.0,0.0,0.0,0.0,0.0,0.0,0.0,0.0,0.0,0.0,0.0,208444.0,1400488.0,4290194.0
12 West Capital Management LP,0.0,0.0,0.0,0.0,0.0,0.0,0.0,0.0,0.0,8622.0,19749.0,0.0,0.0,0.0,0.0,0.0,0.0,0.0,0.0,0.0
"1620 INVESTMENT ADVISORS, INC.",0.0,0.0,0.0,0.0,0.0,0.0,0.0,0.0,0.0,0.0,0.0,0.0,0.0,0.0,0.0,0.0,323.0,270.0,230.0,0.0
1623 Capital LLC,0.0,0.0,0.0,0.0,52.0,0.0,0.0,0.0,0.0,0.0,0.0,0.0,0.0,0.0,0.0,0.0,0.0,0.0,0.0,0.0
"180 WEALTH ADVISORS, LLC",0.0,0.0,0.0,0.0,501.0,662.0,906.0,1010.0,1182.0,1141.0,1382.0,1425179.0,1527471.0,1775210.0,1709038.0,2102825.0,2150977.0,2528349.0,3158018.0,4275536.0
1832 Asset Management L.P.,0.0,0.0,0.0,0.0,0.0,0.0,550.0,180699.0,0.0,57334.0,201624.0,245955790.0,200746719.0,143758062.0,169162221.0,334459300.0,0.0,35987976.0,0.0,160067582.0
"1858 WEALTH MANAGEMENT, LLC",0.0,0.0,0.0,0.0,0.0,0.0,0.0,0.0,0.0,0.0,0.0,0.0,0.0,0.0,0.0,0.0,0.0,0.0,0.0,279173.0
"1888 Investments, LLC",0.0,0.0,0.0,0.0,0.0,0.0,0.0,0.0,0.0,20570.0,16942.0,14309.0,6880.0,0.0,0.0,0.0,0.0,0.0,0.0,0.0
25 LLC,0.0,0.0,0.0,0.0,0.0,0.0,0.0,0.0,0.0,0.0,0.0,0.0,0.0,553.0,0.0,0.0,0.0,0.0,0.0,0.0
"360 Financial, Inc.",0.0,0.0,0.0,0.0,0.0,209.0,226.0,247.0,0.0,0.0,0.0,0.0,0.0,0.0,0.0,0.0,0.0,0.0,0.0,0.0
3G Capital Partners LP,0.0,0.0,10040.0,11256.0,9171.0,21762.0,24194.0,27100.0,12602.0,0.0,0.0,3588500.0,0.0,0.0,0.0,0.0,0.0,0.0,0.0,0.0
40 North Management LLC,0.0,0.0,10040.0,11256.0,0.0,0.0,0.0,0.0,0.0,0.0,0.0,0.0,0.0,0.0,0.0,0.0,0.0,0.0,0.0,0.0
ACCOUNT MANAGEMENT LLC,0.0,0.0,0.0,0.0,0.0,0.0,0.0,0.0,1831.0,863.0,1054.0,0.0,0.0,0.0,0.0,0.0,0.0,0.0,0.0,0.0
ACG Wealth,0.0,0.0,0.0,212.0,225.0,275.0,354.0,315.0,0.0,82.0,0.0,0.0,0.0,0.0,0.0,0.0,0.0,0.0,0.0,0.0
ACORN FINANCIAL ADVISORY SERVICES INC /ADV,0.0,0.0,0.0,1727.0,1433.0,0.0,0.0,0.0,0.0,0.0,0.0,0.0,0.0,0.0,0.0,0.0,0.0,0.0,0.0,0.0
"ACT CAPITAL MANAGEMENT, LLC",0.0,0.0,0.0,0.0,0.0,0.0,0.0,0.0,0.0,0.0,170.0,0.0,0.0,0.0,0.0,0.0,0.0,0.0,0.0,0.0
"ADAGE CAPITAL PARTNERS GP, L.L.C.",0.0,0.0,0.0,0.0,0.0,0.0,0.0,0.0,0.0,0.0,0.0,8612400.0,0.0,0.0,0.0,11940000.0,0.0,11482650.0,14931800.0,16599075.0
ADVENT CAPITAL MANAGEMENT /DE/,0.0,0.0,0.0,0.0,0.0,0.0,0.0,0.0,0.0,0.0,0.0,0.0,0.0,2815680.0,5194180.0,0.0,12225.0,0.0,1722900.0,0.0
"ADVISOR GROUP HOLDINGS, INC.",0.0,0.0,0.0,0.0,0.0,0.0,0.0,0.0,0.0,0.0,0.0,259233.0,1480721.0,0.0,0.0,0.0,0.0,0.0,0.0,0.0
ADVISORY RESEARCH INC,0.0,0.0,0.0,0.0,0.0,0.0,0.0,0.0,0.0,0.0,0.0,0.0,0.0,801061.0,0.0,0.0,0.0,0.0,0.0,0.0
"ADVISORY SERVICES NETWORK, LLC",0.0,0.0,0.0,0.0,0.0,0.0,0.0,0.0,0.0,0.0,0.0,0.0,0.0,695473.0,0.0,0.0,0.0,0.0,0.0,0.0
AE Wealth Management LLC,0.0,0.0,0.0,0.0,0.0,210.0,1730.0,1337.0,409.0,757.0,1547.0,1154268.0,1354090.0,2308099.0,2259473.0,4652966.0,0.0,0.0,0.0,0.0
AEGON ASSET MANAGEMENT UK PLC,0.0,0.0,0.0,0.0,0.0,0.0,0.0,9640.0,0.0,0.0,0.0,0.0,0.0,0.0,0.0,0.0,0.0,0.0,0.0,0.0
AEGON ASSET MANAGEMENT UK Plc,0.0,0.0,0.0,0.0,0.0,0.0,0.0,0.0,7394.0,4488.0,5492.0,9270.0,4980.0,5682.0,0.0,10797.0,10504.0,0.0,0.0,0.0
"AFT, FORSYTH & COMPANY, INC.",0.0,0.0,0.0,0.0,0.0,875.0,1211.0,1357.0,459.0,279.0,341.0,287798.0,414269.0,570703.0,513766.0,669237.0,645269.0,0.0,0.0,0.0
AFTON CAPITAL MANAGEMENT LLC,0.0,0.0,0.0,0.0,0.0,0.0,0.0,0.0,0.0,0.0,1700.0,0.0,0.0,0.0,0.0,0.0,0.0,0.0,0.0,0.0
AGF INVESTMENTS INC.,0.0,0.0,0.0,0.0,0.0,479.0,600.0,489.0,0.0,0.0,0.0,0.0,0.0,0.0,0.0,0.0,0.0,0.0,0.0,0.0
AGF MANAGEMENT LTD,0.0,0.0,0.0,0.0,0.0,0.0,0.0,0.0,0.0,0.0,0.0,599279.0,0.0,0.0,0.0,382279.0,0.0,366094.0,0.0,0.0
AI-Squared Management Ltd,0.0,0.0,0.0,0.0,0.0,0.0,0.0,0.0,0.0,0.0,0.0,0.0,0.0,0.0,0.0,0.0,0.0,1594062.0,0.0,0.0
"AIGEN INVESTMENT MANAGEMENT, LP",0.0,0.0,0.0,0.0,0.0,2456.0,0.0,4170.0,0.0,0.0,0.0,0.0,0.0,0.0,0.0,0.0,0.0,0.0,0.0,0.0
"AJ WEALTH STRATEGIES, LLC",0.0,0.0,0.0,566.0,726.0,732.0,1002.0,1490.0,1058.0,279.0,335.0,330.0,0.0,269425.0,0.0,0.0,0.0,0.0,0.0,0.0
"AJOVista, LLC",0.0,0.0,0.0,0.0,0.0,0.0,0.0,0.0,0.0,0.0,0.0,0.0,0.0,0.0,0.0,104276.0,0.0,0.0,0.0,0.0
AKRE CAPITAL MANAGEMENT LLC,0.0,0.0,0.0,0.0,0.0,0.0,0.0,0.0,0.0,139060.0,169960.0,0.0,0.0,0.0,0.0,0.0,0.0,0.0,0.0,0.0
ALBION FINANCIAL GROUP /UT,0.0,0.0,260.0,294.0,0.0,267.0,355.0,4633.0,1518.0,922.0,1126.0,933297.0,1003194.0,1146334.0,993311.0,1293898.0,764853.0,639381.0,0.0,0.0
ALERUS FINANCIAL  NA,0.0,0.0,0.0,0.0,0.0,0.0,0.0,0.0,0.0,7223.0,8434.0,475688.0,315370.0,245316.0,0.0,254521.0,206686.0,0.0,0.0,0.0
ALGERT GLOBAL LLC,0.0,0.0,0.0,0.0,0.0,0.0,989.0,1114.0,0.0,0.0,0.0,0.0,0.0,0.0,0.0,569.0,331.0,0.0,0.0,0.0
ALKEON CAPITAL MANAGEMENT LLC,0.0,0.0,28213.0,1894.0,772.0,102491.0,1018.0,0.0,0.0,0.0,0.0,0.0,0.0,0.0,0.0,0.0,0.0,0.0,0.0,0.0
ALLSTATE CORP,0.0,0.0,0.0,0.0,0.0,0.0,0.0,6703.0,2635.0,1467.0,1762.0,1513773.0,0.0,0.0,0.0,0.0,0.0,0.0,0.0,1375330.0
ALLSTATE INVESTMENT MANAGEMENT CO,0.0,0.0,0.0,0.0,0.0,0.0,0.0,0.0,0.0,0.0,0.0,1513773.0,0.0,0.0,0.0,0.0,0.0,0.0,0.0,0.0
ALTFEST L J & CO INC,0.0,0.0,0.0,0.0,0.0,0.0,0.0,0.0,0.0,0.0,0.0,0.0,266.0,299.0,260.0,336.0,374.0,0.0,0.0,0.0
AM INVESTMENT STRATEGIES LLC,0.0,0.0,0.0,0.0,0.0,0.0,0.0,0.0,0.0,0.0,0.0,0.0,0.0,0.0,0.0,0.0,0.0,0.0,233.0,279.0
AMALGAMATED BANK,0.0,0.0,0.0,0.0,0.0,2037.0,3602.0,12052.0,10354.0,2995.0,5846.0,4950.0,5492.0,5975.0,5590.0,6406.0,3414.0,2887.0,2394.0,3296.0
AMERICAN ASSETS INC,0.0,0.0,0.0,0.0,0.0,0.0,0.0,0.0,0.0,0.0,0.0,0.0,0.0,0.0,0.0,0.0,0.0,0.0,459440.0,0.0
AMERICAN NATIONAL BANK,0.0,0.0,0.0,0.0,0.0,0.0,0.0,0.0,0.0,0.0,1.0,0.0,0.0,0.0,0.0,0.0,0.0,5404.0,0.0,0.0
"AMERIFLEX GROUP, INC.",0.0,0.0,0.0,0.0,0.0,0.0,0.0,0.0,0.0,0.0,0.0,0.0,0.0,0.0,0.0,0.0,0.0,0.0,0.0,2723.0
AMF Tjanstepension AB,0.0,0.0,0.0,0.0,0.0,0.0,0.0,0.0,0.0,0.0,0.0,0.0,0.0,0.0,0.0,24030046.0,25938901.0,0.0,0.0,8563733.0
AMUSSEN HUNSAKER ASSOCIATES LLC,0.0,0.0,0.0,0.0,0.0,0.0,0.0,0.0,0.0,0.0,0.0,1205449.0,1681872.0,1971503.0,1690579.0,2300639.0,0.0,0.0,0.0,0.0
ANDERSON HOAGLAND & CO,0.0,0.0,0.0,0.0,0.0,0.0,0.0,0.0,0.0,0.0,0.0,0.0,0.0,2292315.0,1989982.0,2373941.0,2842642.0,2554419.0,2131842.0,3173791.0
"ANGLEPOINT ASSET MANAGEMENT, LTD.",0.0,0.0,502.0,36695.0,0.0,0.0,0.0,0.0,0.0,0.0,0.0,0.0,0.0,0.0,0.0,0.0,0.0,0.0,0.0,0.0
"AO Asset Management, LP",0.0,0.0,4242.0,14763.0,20979.0,19223.0,24043.0,18970.0,5388.0,0.0,0.0,0.0,0.0,0.0,0.0,0.0,0.0,0.0,0.0,0.0
ARCADIA INVESTMENT ADVISORS LLC,0.0,0.0,0.0,0.0,0.0,242.0,0.0,0.0,0.0,0.0,0.0,0.0,0.0,0.0,0.0,0.0,0.0,0.0,0.0,0.0
ARCADIA INVESTMENT MANAGEMENT CORP/MI,0.0,0.0,0.0,0.0,0.0,0.0,151.0,169.0,115.0,70.0,85.0,71770.0,77145.0,87990.0,76385.0,99500.0,80800.0,67545.0,0.0,0.0
ARDSLEY ADVISORY PARTNERS LP,0.0,0.0,0.0,0.0,688.0,0.0,0.0,0.0,0.0,3477.0,0.0,0.0,0.0,5323395.0,0.0,0.0,0.0,0.0,861450.0,7566090.0
"ARISTEIA CAPITAL, L.L.C.",0.0,0.0,0.0,0.0,0.0,0.0,0.0,0.0,0.0,0.0,0.0,0.0,0.0,0.0,0.0,0.0,0.0,0.0,3767408.0,0.0
ARK Investment Management LLC,0.0,0.0,25.0,28.0,22.0,24.0,30.0,224.0,200.0,108.0,0.0,0.0,0.0,0.0,0.0,0.0,0.0,0.0,0.0,0.0
"ARMISTICE CAPITAL, LLC",0.0,0.0,0.0,0.0,0.0,0.0,0.0,20833.0,7332.0,0.0,0.0,0.0,0.0,0.0,0.0,0.0,0.0,0.0,0.0,0.0
"ARMSTRONG ADVISORY GROUP, INC",0.0,0.0,0.0,0.0,0.0,0.0,0.0,0.0,0.0,0.0,0.0,0.0,0.0,0.0,0.0,0.0,0.0,0.0,0.0,2934.0
"ASAHI LIFE ASSET MANAGEMENT CO., LTD.",0.0,0.0,0.0,356.0,0.0,0.0,0.0,0.0,403.0,168.0,153.0,0.0,0.0,402994.0,0.0,406955.0,0.0,0.0,0.0,0.0
"ASB Consultores, LLC",0.0,0.0,0.0,0.0,0.0,0.0,0.0,313.0,381.0,231.0,284.0,325262.0,441732.0,424640.0,212235.0,334683.0,471197.0,0.0,0.0,0.0
ASHFORD CAPITAL MANAGEMENT INC,0.0,0.0,0.0,0.0,0.0,0.0,254.0,0.0,0.0,0.0,0.0,0.0,0.0,0.0,0.0,0.0,0.0,0.0,0.0,0.0
"ASHTON THOMAS SECURITIES, LLC",0.0,0.0,0.0,0.0,0.0,0.0,0.0,0.0,0.0,0.0,0.0,0.0,0.0,0.0,0.0,0.0,0.0,0.0,919.0,325496.0
"ASPIRIANT, LLC",0.0,0.0,0.0,0.0,0.0,0.0,245.0,766.0,583.0,683.0,544.0,489615.0,640458.0,730493.0,634148.0,826049.0,676619.0,560894.0,476899.0,0.0
"ASSETMARK, INC",0.0,0.0,0.0,0.0,0.0,0.0,0.0,1169.0,1946.0,1289.0,351.0,0.0,0.0,0.0,383758.0,568742.0,466701.0,15130.0,0.0,3397.0
ATMOS CAPITAL GESTAO DE RECURSOS LTDA.,0.0,0.0,0.0,0.0,0.0,25679.0,19900.0,22034.0,11263.0,0.0,0.0,0.0,0.0,0.0,0.0,0.0,0.0,0.0,0.0,0.0
"ATTICUS WEALTH MANAGEMENT, LLC",0.0,0.0,0.0,0.0,0.0,17.0,42.0,24.0,22.0,17.0,17.0,17512.0,14812.0,4576.0,8549.0,5174.0,4202.0,3513.0,2987.0,4015.0
ATWOOD & PALMER INC,0.0,0.0,6.0,7.0,6.0,6.0,16.0,8.0,6.0,3.0,4.0,0.0,0.0,0.0,0.0,0.0,0.0,0.0,0.0,0.0
"AVAII WEALTH MANAGEMENT, LLC",0.0,0.0,0.0,0.0,0.0,0.0,0.0,0.0,272.0,220.0,214.0,0.0,0.0,0.0,0.0,0.0,0.0,0.0,0.0,0.0
"AVANTAX ADVISORY SERVICES, INC.",0.0,0.0,204.0,0.0,362.0,498.0,686.0,828.0,634.0,400.0,555.0,420457.0,421859.0,560178.0,570778.0,939717.0,860713.0,1024279.0,1012743.0,1686650.0
AVISO WEALTH MANAGEMENT,0.0,0.0,0.0,0.0,0.0,0.0,0.0,0.0,0.0,0.0,0.0,0.0,0.0,0.0,0.0,237805.0,0.0,0.0,0.0,0.0
AXIOM INTERNATIONAL INVESTORS LLC /DE,0.0,0.0,25.0,0.0,0.0,0.0,0.0,0.0,0.0,0.0,0.0,0.0,0.0,0.0,0.0,0.0,0.0,0.0,0.0,0.0
"AXQ CAPITAL, LP",0.0,0.0,0.0,0.0,0.0,0.0,0.0,0.0,0.0,0.0,0.0,215310.0,0.0,0.0,1909625.0,337106.0,1389760.0,3985155.0,1903000.0,0.0
AXS Investments LLC,0.0,0.0,0.0,0.0,0.0,2237.0,0.0,0.0,0.0,0.0,0.0,0.0,0.0,0.0,0.0,0.0,0.0,0.0,0.0,0.0
"AXXCESS WEALTH MANAGEMENT, LLC",0.0,0.0,0.0,0.0,0.0,0.0,0.0,277.0,281.0,0.0,0.0,0.0,0.0,0.0,0.0,0.0,0.0,0.0,0.0,0.0
AZZAD ASSET MANAGEMENT INC /ADV,0.0,0.0,0.0,0.0,0.0,0.0,0.0,0.0,0.0,0.0,0.0,0.0,0.0,0.0,0.0,0.0,0.0,0.0,1937713.0,0.0
Aaron Wealth Advisors LLC,0.0,0.0,0.0,0.0,0.0,0.0,0.0,0.0,112.0,0.0,0.0,0.0,0.0,0.0,0.0,0.0,0.0,0.0,233970.0,236556.0
"Abbrea Capital, LLC",0.0,0.0,0.0,0.0,0.0,0.0,0.0,218.0,0.0,0.0,0.0,0.0,0.0,0.0,0.0,0.0,0.0,0.0,0.0,0.0
Able Wealth Management LLC,0.0,0.0,0.0,0.0,0.0,0.0,0.0,0.0,0.0,0.0,0.0,0.0,0.0,0.0,0.0,3184.0,0.0,0.0,0.0,0.0
Abound Wealth Management,0.0,0.0,0.0,0.0,0.0,0.0,0.0,0.0,0.0,0.0,5302.0,4307.0,4629.0,5984.0,4584.0,5970.0,5286.0,99697.0,84767.0,219564.0
Absolute Gestao de Investimentos Ltda.,0.0,0.0,0.0,0.0,0.0,0.0,0.0,0.0,0.0,0.0,0.0,0.0,0.0,0.0,0.0,218900.0,0.0,0.0,0.0,0.0
Absoluto Partners Gestao de Recursos Ltda,0.0,0.0,0.0,0.0,0.0,0.0,0.0,1730.0,1622.0,631.0,780.0,409950.0,167250.0,0.0,0.0,1016890.0,0.0,0.0,0.0,0.0
Abundance Wealth Counselors,0.0,0.0,0.0,0.0,163.0,0.0,0.0,0.0,0.0,0.0,0.0,0.0,0.0,0.0,0.0,0.0,0.0,0.0,0.0,0.0
Accel Wealth Management,0.0,0.0,0.0,0.0,0.0,0.0,0.0,0.0,2.0,1.0,2.0,1435.0,1543.0,0.0,0.0,0.0,0.0,0.0,0.0,0.0
"Accent Capital Management, LLC",0.0,0.0,0.0,0.0,0.0,0.0,0.0,0.0,0.0,0.0,0.0,0.0,0.0,0.0,0.0,24875.0,0.0,45931.0,8615.0,1068517.0
"Accurate Wealth Management, LLC",0.0,0.0,0.0,0.0,0.0,0.0,0.0,0.0,0.0,0.0,0.0,27174.0,0.0,0.0,0.0,0.0,0.0,0.0,0.0,0.0
Activest Wealth Management,0.0,0.0,0.0,0.0,3.0,6.0,3.0,4.0,7.0,8.0,0.0,0.0,1697.0,0.0,0.0,0.0,7757.0,3377.0,2872.0,4169.0
Adalta Capital Management LLC,0.0,0.0,0.0,0.0,0.0,0.0,0.0,0.0,80.0,334.0,359.0,261.0,278.0,318.0,276.0,359195.0,281184.0,235057.0,199856.0,268673.0
Addison Advisors LLC,0.0,0.0,0.0,0.0,0.0,0.0,0.0,0.0,0.0,0.0,0.0,0.0,0.0,0.0,1987.0,2587.0,2101.0,1757.0,1494.0,2008.0
"Adero Partners, LLC",0.0,0.0,0.0,0.0,0.0,0.0,0.0,0.0,0.0,0.0,0.0,0.0,0.0,35618880.0,33489628.0,46207386.0,35226525.0,32200717.0,26793613.0,32550928.0
Advisor Resource Council,0.0,0.0,0.0,0.0,0.0,155.0,0.0,0.0,0.0,0.0,0.0,0.0,0.0,257811.0,0.0,1072252.0,358300.0,0.0,0.0,0.0
"AdvisorNet Financial, Inc",0.0,0.0,0.0,0.0,115.0,121.0,155.0,176.0,129.0,144.0,175.0,147703.0,166016.0,183899.0,159645.0,220094.0,182931.0,241946.0,243273.0,294769.0
"Advisors Asset Management, Inc.",0.0,0.0,0.0,0.0,157.0,389.0,565.0,765.0,541.0,255.0,249.0,182009.0,154753.0,139904.0,131229.0,170742.0,146410.0,124958.0,99928.0,230843.0
"Advisors Capital Management, LLC",0.0,0.0,0.0,0.0,0.0,0.0,0.0,0.0,0.0,0.0,0.0,0.0,0.0,0.0,0.0,0.0,3594.0,1873.0,1643.0,0.0
Advisory Resource Group,0.0,0.0,0.0,0.0,0.0,0.0,1010.0,639.0,535.0,724.0,890.0,779709.0,898276.0,1055176.0,956493.0,1165145.0,646238.0,0.0,0.0,0.0
"Advisory Services Network, LLC",0.0,0.0,17.0,504.0,1225.0,921.0,1834.0,2038.0,1636.0,622.0,555.0,441817.0,621481.0,0.0,721532.0,1175549.0,1114700.0,1024915.0,1024915.0,398353.0
"Affiance Financial, LLC",0.0,0.0,0.0,0.0,0.0,0.0,0.0,0.0,0.0,0.0,0.0,60717.0,0.0,0.0,0.0,0.0,0.0,0.0,0.0,0.0
Ahrens Investment Partners LLC,0.0,0.0,0.0,0.0,0.0,0.0,0.0,0.0,42.0,7.0,0.0,0.0,11572.0,0.0,0.0,0.0,0.0,0.0,0.0,0.0
"Aigen Investment Management, LP",0.0,0.0,0.0,0.0,0.0,0.0,0.0,0.0,2830.0,2229.0,1149.0,3363573.0,0.0,0.0,0.0,2793761.0,837250.0,0.0,837674.0,413047.0
"Akaris Global Partners, LP",0.0,0.0,2424.0,0.0,0.0,0.0,0.0,0.0,0.0,0.0,0.0,0.0,0.0,0.0,0.0,0.0,0.0,0.0,0.0,0.0
Alberta Investment Management Corp,0.0,0.0,8418.0,8485.0,6193.0,7788.0,20155.0,22575.0,15270.0,11876.0,14515.0,12258460.0,13978828.0,32204692.0,13978608.0,18208699.0,14786562.0,11536821.0,37344087.0,24156518.0
Alden Global Capital LLC,0.0,0.0,0.0,0.0,0.0,0.0,0.0,0.0,0.0,0.0,0.0,0.0,0.0,0.0,0.0,2129300.0,0.0,0.0,0.0,0.0
"Alera Investment Advisors, LLC",0.0,0.0,0.0,0.0,0.0,0.0,0.0,0.0,58.0,60.0,80.0,53540.0,58939.0,82535.0,71649.0,114226.0,96474.0,0.0,0.0,0.0
Alight Capital Management LP,0.0,0.0,0.0,0.0,2293.0,4836.0,4536.0,3388.0,917.0,556.0,1020.0,0.0,771450.0,2287740.0,3055400.0,2587000.0,4040000.0,8105400.0,8040200.0,7720500.0
AllSquare Wealth Management LLC,0.0,0.0,0.0,0.0,0.0,0.0,0.0,0.0,0.0,0.0,0.0,287.0,309.0,317.0,0.0,0.0,0.0,0.0,0.0,0.0
Allegheny Financial Group,0.0,0.0,0.0,0.0,0.0,0.0,0.0,0.0,0.0,0.0,0.0,0.0,0.0,0.0,0.0,0.0,0.0,0.0,0.0,291680.0
Allegheny Financial Group LTD,0.0,0.0,0.0,0.0,0.0,0.0,0.0,2710.0,0.0,0.0,0.0,0.0,0.0,0.0,0.0,495709.0,304131.0,253159.0,216971.0,0.0
"Allen Capital Group, LLC",0.0,0.0,0.0,0.0,0.0,0.0,0.0,0.0,0.0,0.0,0.0,0.0,0.0,0.0,0.0,0.0,324654.0,1822364.0,1871299.0,2815358.0
"Allred Capital Management, LLC",0.0,0.0,0.0,251.0,253813.0,321.0,479.0,444.0,0.0,0.0,0.0,0.0,0.0,0.0,0.0,0.0,0.0,0.0,0.0,0.0
Allworth Financial LP,0.0,0.0,0.0,0.0,40.0,127.0,4769.0,4978.0,189.0,132.0,378.0,89425.0,93809.0,132865.0,104495.0,133529.0,112525.0,88210.0,2144932.0,2393864.0
Alpha DNA Investment Management LLC,0.0,0.0,0.0,0.0,0.0,0.0,0.0,0.0,0.0,0.0,0.0,0.0,0.0,0.0,0.0,28656.0,0.0,0.0,0.0,703646.0
"Alpha Paradigm Partners, LLC",0.0,0.0,0.0,0.0,676000.0,0.0,0.0,0.0,0.0,0.0,0.0,0.0,0.0,0.0,0.0,0.0,0.0,0.0,0.0,0.0
Alpha Square Group S LLC,0.0,0.0,0.0,0.0,0.0,0.0,0.0,0.0,0.0,0.0,0.0,0.0,0.0,0.0,0.0,1284943.0,1091931.0,912803.0,741651.0,0.0
"Alpha Square Group S, LLC",0.0,0.0,0.0,0.0,0.0,0.0,0.0,271.0,1342.0,648.0,588.0,496218.0,764816.0,1030715.0,1062821.0,0.0,0.0,0.0,0.0,0.0
"Alpha Wave Global, LP",0.0,0.0,0.0,0.0,0.0,0.0,0.0,0.0,0.0,0.0,0.0,0.0,0.0,0.0,0.0,0.0,16359092.0,0.0,0.0,0.0
AlphaCrest Capital Management LLC,0.0,0.0,0.0,0.0,0.0,0.0,0.0,966.0,0.0,463.0,0.0,0.0,0.0,0.0,0.0,0.0,0.0,0.0,0.0,0.0
"AlphaStar Capital Management, LLC",0.0,0.0,0.0,0.0,0.0,0.0,0.0,0.0,0.0,0.0,0.0,0.0,0.0,0.0,0.0,709435.0,0.0,0.0,1967782.0,0.0
Alpine Bank Wealth Management,0.0,0.0,0.0,0.0,0.0,0.0,0.0,0.0,0.0,0.0,0.0,0.0,0.0,0.0,0.0,0.0,0.0,0.0,3561.0,0.0
"Alpine Global Management, LLC",0.0,0.0,10919.0,0.0,688.0,0.0,21123.0,0.0,0.0,0.0,0.0,0.0,0.0,0.0,0.0,0.0,0.0,0.0,0.0,0.0
Alta Advisers Ltd,0.0,0.0,0.0,0.0,0.0,0.0,0.0,0.0,0.0,0.0,136.0,115.0,0.0,0.0,0.0,0.0,0.0,0.0,0.0,0.0
"Alta Park Capital, LP",0.0,0.0,0.0,0.0,0.0,0.0,0.0,0.0,0.0,0.0,0.0,0.0,0.0,39549569.0,0.0,0.0,19381658.0,0.0,0.0,0.0
Alta Wealth Advisors LLC,0.0,0.0,0.0,0.0,373.0,740.0,967.0,1124.0,936.0,572.0,713.0,550045.0,591239.0,606784.0,517129.0,673217.0,519220.0,417292.0,368700.0,438215.0
"Altimeter Capital Management, LP",0.0,0.0,105420.0,2670929.0,7387649.0,12060059.0,6362321.0,5759358.0,4043218.0,2364270.0,2889625.0,2206132.0,2371353829.0,2704717395.0,2352678472.0,2472563856.0,1661423982.0,1290210277.0,993304571.0,768700848.0
Altus Wealth Group LLC,0.0,0.0,0.0,29.0,0.0,0.0,0.0,0.0,0.0,0.0,0.0,0.0,0.0,0.0,0.0,0.0,0.0,0.0,0.0,0.0
"Alyeska Investment Group, L.P.",0.0,0.0,18864.0,0.0,0.0,0.0,0.0,0.0,51228.0,0.0,16996.0,0.0,0.0,0.0,0.0,0.0,0.0,0.0,113141120.0,13686594.0
Amalgamated Financial Corp.,0.0,0.0,0.0,0.0,0.0,0.0,0.0,0.0,5177.0,0.0,0.0,0.0,0.0,0.0,0.0,0.0,0.0,0.0,0.0,0.0
Ameliora Wealth Management Ltd.,0.0,0.0,0.0,0.0,0.0,0.0,0.0,0.0,0.0,0.0,0.0,0.0,0.0,0.0,0.0,0.0,0.0,0.0,0.0,100521.0
"American Assets Investment Management, LLC",0.0,0.0,0.0,0.0,0.0,3923.0,4907.0,5420.0,3666.0,2225.0,2719.0,430620.0,462870.0,527940.0,458310.0,597000.0,484800.0,405270.0,344580.0,463230.0
"American Capital Advisory, LLC",0.0,0.0,0.0,0.0,0.0,0.0,0.0,0.0,0.0,0.0,0.0,0.0,0.0,0.0,0.0,10945.0,8486.0,10945.0,0.0,0.0
American Portfolios Advisors,0.0,0.0,1255.0,3442085.0,170355.0,179657.0,203233.0,309618.0,203467.0,142397.0,139707.0,0.0,0.0,0.0,0.0,0.0,0.0,0.0,0.0,0.0
American Trust,0.0,0.0,0.0,0.0,0.0,0.0,0.0,0.0,0.0,0.0,0.0,0.0,0.0,0.0,0.0,0.0,0.0,0.0,0.0,330437.0
"Americana Partners, LLC",0.0,0.0,0.0,0.0,0.0,0.0,0.0,0.0,0.0,0.0,0.0,0.0,0.0,0.0,0.0,0.0,0.0,0.0,0.0,2665580.0
"Ameritas Advisory Services, LLC",0.0,0.0,0.0,0.0,0.0,0.0,0.0,746.0,415.0,283.0,349.0,369472.0,329600.0,257621.0,236587.0,689618.0,562382.0,536713.0,0.0,0.0
"Ameritas Investment Company, LLC",0.0,0.0,0.0,0.0,59842.0,386.0,0.0,0.0,0.0,0.0,0.0,0.0,0.0,0.0,0.0,0.0,0.0,0.0,0.0,0.0
"Ameritas Investment Partners, Inc.",0.0,0.0,0.0,2.0,1.0,1.0,2.0,2.0,1.0,1.0,1.0,1148.0,1234.0,1408.0,1222.0,1592.0,1293.0,1081.0,919.0,1235.0
Amitell Capital Pte Ltd,0.0,0.0,0.0,0.0,0.0,0.0,0.0,0.0,0.0,0.0,0.0,0.0,0.0,0.0,0.0,0.0,0.0,5294177.0,4501363.0,4539654.0
Anatole Investment Management Ltd,0.0,0.0,0.0,0.0,0.0,0.0,87523.0,0.0,0.0,0.0,0.0,0.0,0.0,0.0,0.0,17473593.0,64822446.0,27872039.0,0.0,0.0
"Anchor Investment Management, LLC",0.0,0.0,0.0,0.0,0.0,0.0,0.0,23713.0,16039.0,9734.0,11897.0,10048.0,10800.0,0.0,0.0,0.0,0.0,0.0,9189.0,0.0
Ancora Advisors LLC,0.0,0.0,0.0,0.0,0.0,0.0,0.0,0.0,0.0,0.0,0.0,0.0,0.0,0.0,0.0,27353.0,183812.0,420535.0,357559.0,485311.0
"Ancora Advisors, LLC",0.0,0.0,0.0,2.0,132.0,6.0,13.0,19.0,72.0,139.0,251.0,529.0,476602.0,24188.0,20998.0,0.0,0.0,0.0,0.0,0.0
Andar Capital Management HK Ltd,0.0,0.0,0.0,0.0,0.0,0.0,0.0,0.0,0.0,0.0,0.0,0.0,0.0,0.0,0.0,0.0,0.0,1891260.0,0.0,2779380.0
Andra AP-fonden,0.0,0.0,0.0,281.0,0.0,9043.0,10887.0,10772.0,0.0,3866.0,2124.0,1751.0,3903537.0,2463720.0,0.0,0.0,0.0,3228651.0,1251974.0,0.0
"Angeles Investment Advisors, LLC",0.0,0.0,0.0,0.0,0.0,0.0,0.0,0.0,0.0,0.0,0.0,0.0,0.0,0.0,347857.0,682968.0,567701.0,380819.0,201235.0,0.0
AnglePoint Asset Management Ltd,0.0,0.0,0.0,0.0,0.0,0.0,0.0,0.0,1283.0,7112.0,4346.0,0.0,0.0,0.0,0.0,557200.0,888800.0,1621080.0,0.0,0.0
"Annis Gardner Whiting Capital Advisors, LLC",0.0,0.0,0.0,0.0,0.0,0.0,0.0,0.0,0.0,0.0,0.0,0.0,0.0,0.0,458310.0,667645.0,542168.0,540360.0,0.0,773.0
"Anomaly Capital Management, LP",0.0,0.0,0.0,0.0,0.0,0.0,0.0,0.0,0.0,0.0,0.0,0.0,0.0,0.0,0.0,0.0,0.0,0.0,0.0,22285532.0
"Aperio Group, LLC",0.0,0.0,0.0,550.0,0.0,0.0,0.0,0.0,0.0,0.0,0.0,0.0,0.0,0.0,0.0,0.0,0.0,0.0,0.0,0.0
"Aperture Investors, LLC",0.0,0.0,1255.0,0.0,0.0,0.0,0.0,0.0,0.0,0.0,0.0,0.0,0.0,0.0,0.0,0.0,0.0,0.0,0.0,0.0
"Apollon Wealth Management, LLC",0.0,0.0,0.0,0.0,334.0,876.0,1331.0,2036.0,804.0,469.0,594.0,543299.0,590184.0,833969.0,724192.0,1869503.0,1562104.0,1269507.0,981420.0,1458786.0
Appian Way Asset Management LP,0.0,0.0,0.0,5628.0,0.0,0.0,0.0,0.0,0.0,0.0,0.0,0.0,0.0,0.0,0.0,0.0,0.0,0.0,0.0,0.0
"Aptus Capital Advisors, LLC",0.0,0.0,0.0,0.0,0.0,0.0,0.0,0.0,0.0,0.0,0.0,0.0,306420.0,0.0,0.0,0.0,0.0,0.0,0.0,447635.0
Aquatic Capital Management LLC,0.0,0.0,0.0,0.0,0.0,0.0,0.0,0.0,0.0,0.0,0.0,373.0,0.0,1390.0,122.0,19980.0,15481280.0,24667434.0,27865036.0,28941375.0
"Aquire Wealth Advisors, LLC",0.0,0.0,0.0,0.0,0.0,0.0,0.0,0.0,0.0,0.0,0.0,0.0,0.0,0.0,0.0,0.0,0.0,0.0,0.0,0.0
Archer Investment Corp,0.0,0.0,0.0,0.0,0.0,0.0,0.0,0.0,0.0,0.0,0.0,9474.0,5092.0,5807.0,5041.0,6567.0,5333.0,9726.0,8270.0,11118.0
"Archford Capital Strategies, LLC",0.0,0.0,0.0,0.0,473.0,484.0,605.0,1016.0,1033.0,772.0,534.0,486888.0,747341.0,893053.0,781877.0,549837.0,446501.0,453767.0,363445.0,546766.0
Arden Trust Co,0.0,0.0,0.0,0.0,0.0,0.0,0.0,0.0,0.0,181.0,321.0,427163.0,400.0,362.0,328299.0,306659.0,231573.0,152247.0,0.0,0.0
Ardevora Asset Management LLP,0.0,0.0,0.0,0.0,0.0,0.0,0.0,69545.0,0.0,0.0,0.0,0.0,0.0,0.0,0.0,0.0,0.0,0.0,0.0,0.0
Ardmore Road Asset Management LP,0.0,0.0,0.0,0.0,0.0,0.0,0.0,0.0,0.0,0.0,0.0,0.0,0.0,0.0,0.0,0.0,0.0,0.0,0.0,18529200.0
"Ariadne Wealth Management, LP",0.0,0.0,0.0,0.0,0.0,0.0,0.0,0.0,0.0,0.0,0.0,0.0,0.0,0.0,0.0,0.0,0.0,0.0,300326.0,0.0
Aries Wealth Management,0.0,0.0,0.0,0.0,0.0,0.0,0.0,474.0,0.0,0.0,0.0,0.0,0.0,0.0,0.0,0.0,0.0,0.0,0.0,0.0
"Aristotle Atlantic Partners, LLC",0.0,0.0,0.0,0.0,0.0,10443.0,13171.0,15153.0,15038.0,5631.0,6928.0,0.0,0.0,0.0,0.0,0.0,0.0,0.0,0.0,0.0
Arizona State Retirement System,0.0,0.0,2209.0,2625.0,1638.0,1717.0,16233.0,19542.0,13243.0,8180.0,10287.0,8708859.0,9436531.0,13078834.0,11273968.0,17459265.0,12980358.0,11779443.0,9923330.0,13332686.0
Arkadios Wealth Advisors,0.0,0.0,0.0,112.0,91.0,108.0,174.0,0.0,0.0,0.0,0.0,0.0,0.0,0.0,0.0,0.0,0.0,0.0,0.0,0.0
"Arkfeld Wealth Strategies, L.L.C.",0.0,0.0,0.0,0.0,0.0,0.0,0.0,0.0,0.0,0.0,0.0,0.0,0.0,358818.0,590531.0,738966.0,805081.0,744517.0,500523.0,695525.0
Arkos Global Advisors,0.0,0.0,0.0,0.0,0.0,0.0,0.0,0.0,0.0,0.0,219.0,0.0,0.0,227.0,246.0,320.0,269.0,225.0,0.0,209.0
Arlington Partners LLC,0.0,0.0,0.0,0.0,0.0,0.0,0.0,18.0,0.0,0.0,0.0,0.0,6172.0,7039.0,6111.0,0.0,0.0,0.0,0.0,0.0
Arlington Trust Co LLC,0.0,0.0,0.0,0.0,0.0,0.0,0.0,0.0,0.0,0.0,0.0,0.0,0.0,0.0,6111.0,1592.0,0.0,0.0,0.0,0.0
Arnhold LLC,0.0,0.0,0.0,0.0,0.0,0.0,6177.0,0.0,723.0,5114.0,0.0,0.0,1844537.0,3450088.0,3641578.0,5500957.0,0.0,0.0,0.0,0.0
"Arrow Capital Management, LLC",0.0,0.0,0.0,0.0,4586.0,5150.0,4173.0,0.0,0.0,0.0,0.0,0.0,0.0,0.0,0.0,0.0,0.0,0.0,0.0,0.0
Arrow Financial Corp,0.0,0.0,0.0,0.0,0.0,0.0,0.0,0.0,0.0,0.0,0.0,0.0,0.0,0.0,0.0,44974.0,41854.0,34988.0,23776.0,31963.0
Artemis Investment Management LLP,0.0,0.0,0.0,0.0,0.0,0.0,0.0,0.0,0.0,0.0,0.0,0.0,0.0,0.0,0.0,0.0,0.0,13917512.0,0.0,0.0
"Arthedge Capital Management, LLC",0.0,0.0,0.0,0.0,0.0,0.0,0.0,0.0,0.0,6828.0,9705.0,8196134.0,8809959.0,11280318.0,9792557.0,12755900.0,10358560.0,8659269.0,7362526.0,9897681.0
Artisan Partners Limited Partnership,0.0,0.0,0.0,0.0,0.0,0.0,0.0,0.0,0.0,0.0,92252.0,82465165.0,98389344.0,100040406.0,75736491.0,80683157.0,94145413.0,88506780.0,74538397.0,86246632.0
"Ashfield Capital Partners, LLC",0.0,0.0,0.0,0.0,0.0,0.0,0.0,211.0,0.0,573.0,768.0,0.0,0.0,0.0,0.0,0.0,0.0,0.0,0.0,0.0
"Ashton Thomas Private Wealth, LLC",0.0,0.0,0.0,0.0,0.0,0.0,0.0,0.0,0.0,0.0,0.0,0.0,0.0,642503.0,857345.0,1456680.0,1292638.0,1277816.0,1298722.0,1745451.0
"Asio Capital, LLC",0.0,0.0,0.0,0.0,0.0,0.0,0.0,0.0,0.0,0.0,0.0,0.0,0.0,0.0,1035170.0,1740852.0,2101285.0,2233443.0,0.0,0.0
"Aspect Partners, LLC",0.0,0.0,0.0,0.0,0.0,0.0,0.0,0.0,0.0,0.0,0.0,0.0,0.0,0.0,0.0,0.0,3232.0,2702.0,0.0,0.0
"Aspen Grove Capital, LLC",0.0,0.0,0.0,0.0,0.0,0.0,0.0,0.0,0.0,0.0,0.0,214737.0,232207.0,281921.0,246265.0,329543.0,627492.0,816483.0,0.0,591700.0
Assenagon Asset Management S.A.,0.0,0.0,0.0,0.0,0.0,0.0,6069.0,66011.0,56864.0,44403.0,10485.0,3186.0,9615970.0,5801533.0,7212119.0,10669783.0,70657499.0,71894223.0,120075678.0,22591109.0
"Asset Dedication, LLC",0.0,0.0,3.0,4.0,0.0,3.0,22.0,58.0,26.0,0.0,71.0,95.0,122.0,140.0,122.0,158.0,128.0,116583.0,99125.0,142367.0
"Asset Management Advisors, LLC",0.0,0.0,0.0,0.0,0.0,0.0,0.0,0.0,0.0,4262.0,5011.0,4312803.0,4649683.0,5305093.0,4629848.0,5960249.0,4717266.0,4017442.0,0.0,0.0
"AssuredPartners Investment Advisors, LLC",0.0,0.0,0.0,0.0,0.0,0.0,0.0,0.0,0.0,0.0,0.0,0.0,0.0,0.0,0.0,0.0,0.0,0.0,0.0,237019.0
Aster Capital Management (DIFC) Ltd,0.0,0.0,0.0,0.0,0.0,0.0,0.0,0.0,0.0,0.0,0.0,0.0,0.0,0.0,0.0,0.0,0.0,0.0,0.0,21463.0
Atala Financial Inc,0.0,0.0,0.0,0.0,0.0,0.0,0.0,0.0,0.0,0.0,0.0,0.0,0.0,0.0,0.0,0.0,0.0,0.0,0.0,18220.0
"Athanor Capital, LP",0.0,0.0,0.0,4436.0,21892.0,10738.0,0.0,0.0,0.0,0.0,0.0,0.0,0.0,0.0,0.0,0.0,0.0,0.0,0.0,0.0
Atika Capital Management LLC,0.0,0.0,0.0,0.0,0.0,0.0,410.0,0.0,974.0,0.0,0.0,0.0,0.0,0.0,0.0,0.0,0.0,0.0,0.0,0.0
"Atlas Principals, LLC",0.0,0.0,0.0,0.0,0.0,0.0,0.0,0.0,0.0,209.0,0.0,0.0,0.0,0.0,0.0,0.0,0.0,0.0,0.0,0.0
Atom Investors LP,0.0,0.0,0.0,0.0,0.0,2774.0,0.0,0.0,0.0,2166.0,1259.0,0.0,0.0,0.0,0.0,0.0,0.0,0.0,0.0,0.0
"Atomi Financial Group, Inc.",0.0,0.0,0.0,0.0,0.0,0.0,0.0,0.0,0.0,0.0,0.0,0.0,0.0,0.0,0.0,367155.0,0.0,0.0,0.0,0.0
AtonRa Partners,0.0,0.0,0.0,0.0,1291.0,2708.0,1789.0,2570.0,1254.0,806.0,1053.0,691432.0,547884.0,511574.0,386661.0,429840.0,0.0,0.0,0.0,0.0
"Atreides Management, LP",0.0,0.0,0.0,0.0,0.0,0.0,0.0,0.0,0.0,0.0,0.0,0.0,0.0,0.0,0.0,0.0,0.0,0.0,0.0,116852392.0
"Atria Investments, Inc",0.0,0.0,0.0,0.0,0.0,0.0,0.0,0.0,0.0,0.0,0.0,0.0,0.0,0.0,0.0,1406838.0,0.0,908688.0,758995.0,678323.0
"Ausdal Financial Partners, Inc.",0.0,0.0,0.0,0.0,0.0,0.0,0.0,0.0,0.0,0.0,0.0,0.0,0.0,0.0,0.0,230840.0,209434.0,228302.0,0.0,246438.0
AustralianSuper Pty Ltd,0.0,0.0,0.0,0.0,0.0,0.0,0.0,0.0,0.0,0.0,0.0,0.0,595097.0,0.0,0.0,0.0,0.0,0.0,0.0,0.0
"Authentikos Wealth Advisory, LLC",0.0,0.0,0.0,0.0,0.0,0.0,0.0,0.0,0.0,0.0,0.0,0.0,0.0,0.0,917.0,0.0,0.0,0.0,0.0,0.0
Avalon Global Asset Management LLC,0.0,0.0,0.0,0.0,16050.0,12090.0,18146.0,13550.0,13748.0,6953.0,11897.0,8612.0,7715.0,8852.0,11504.0,14905.0,16144.0,18223.0,6892.0,19301.0
Avalon Investment & Advisory,0.0,0.0,0.0,0.0,0.0,391.0,596.0,444.0,0.0,0.0,0.0,0.0,0.0,0.0,0.0,0.0,0.0,0.0,0.0,0.0
"Avestar Capital, LLC",0.0,0.0,0.0,0.0,503.0,7124.0,2457.0,2919.0,1124.0,0.0,327.0,234401.0,281116.0,656053.0,543708.0,737295.0,970570.0,811756.0,653668.0,601890.0
"Aviance Capital Partners, LLC",0.0,0.0,0.0,704.0,459.0,0.0,0.0,0.0,0.0,0.0,0.0,0.0,771450.0,0.0,0.0,0.0,1050400.0,540360.0,0.0,0.0
Avion Wealth,0.0,0.0,0.0,0.0,0.0,0.0,0.0,0.0,0.0,0.0,0.0,0.0,0.0,2.0,2.0,4.0,3.0,9.0,8.0,9.0
"Avior Wealth Management, LLC",0.0,0.0,0.0,0.0,0.0,0.0,0.0,0.0,0.0,0.0,0.0,0.0,0.0,0.0,5346.0,6965.0,53651.0,12698.0,12749.0,48464.0
Aviso Financial Inc.,0.0,0.0,0.0,0.0,0.0,0.0,0.0,0.0,0.0,0.0,0.0,0.0,0.0,0.0,0.0,0.0,0.0,21343.0,825614.0,5868.0
Avitas Wealth Management LLC,0.0,0.0,0.0,0.0,0.0,0.0,0.0,565.0,346.0,231.0,225.0,257798.0,269390.0,305149.0,0.0,247755.0,0.0,0.0,0.0,259718.0
Aware Super Pty Ltd as trustee of Aware Super,0.0,0.0,0.0,0.0,0.0,0.0,0.0,0.0,0.0,0.0,0.0,0.0,0.0,0.0,0.0,0.0,0.0,0.0,0.0,3083877.0
"Axiom Advisory, LLC",0.0,0.0,0.0,0.0,0.0,0.0,0.0,0.0,0.0,0.0,0.0,0.0,0.0,0.0,0.0,0.0,0.0,1742136.0,598132.0,0.0
B & T Capital Management DBA Alpha Capital Management,0.0,0.0,0.0,0.0,0.0,262.0,377.0,475.0,338.0,991.0,1339.0,1140138.0,1140139.0,1140139.0,5796400.0,7341508.0,5844426.0,4986983.0,4169648.0,5752480.0
"B&D White Capital Company, LLC",0.0,0.0,0.0,154.0,0.0,0.0,0.0,0.0,0.0,0.0,0.0,0.0,0.0,0.0,0.0,0.0,0.0,0.0,0.0,0.0
"B. Riley Wealth Advisors, Inc.",0.0,0.0,0.0,0.0,0.0,0.0,0.0,0.0,0.0,0.0,0.0,1402960.0,1167050.0,2213652.0,3203892.0,5762614.0,3203892.0,746689.0,462058.0,571780.0
"B. Riley Wealth Management, Inc.",0.0,0.0,0.0,0.0,0.0,0.0,526.0,530.0,275.0,0.0,0.0,0.0,0.0,0.0,0.0,0.0,0.0,0.0,0.0,0.0
"BAILARD, INC.",0.0,0.0,0.0,0.0,0.0,0.0,0.0,0.0,302.0,1093.0,2319.0,1076694.0,1159644.0,1236435.0,1560698.0,2105619.0,2239938.0,335158.0,0.0,0.0
BAILLIE GIFFORD & CO,0.0,0.0,169260.0,104166.0,89301.0,360881.0,444174.0,496713.0,377244.0,231691.0,340661.0,287799280.0,307598407.0,349814628.0,303138608.0,392145619.0,229312986.0,186912280.0,158805666.0,211487348.0
"BAKER TILLY WEALTH MANAGEMENT, LLC",0.0,0.0,0.0,0.0,0.0,0.0,57046.0,63926.0,43211.0,26234.0,32077.0,27087146.0,29145381.0,33239630.0,28839310.0,37528216.0,28859336.0,0.0,0.0,0.0
BANK OF NOVA SCOTIA,0.0,0.0,0.0,0.0,0.0,0.0,125206.0,8275.0,25555.0,0.0,0.0,281338.0,449542.0,919496.0,957965.0,19263747.0,11055379.0,1984742.0,5754831.0,5430625.0
BANQUE PICTET & CIE SA,0.0,0.0,0.0,6087.0,4973.0,3424.0,7864.0,8808.0,2979.0,1594.0,1948591.0,1645686.0,1768935.0,1885626.0,3637148.0,1333300.0,1082720.0,905103.0,769562.0,1034547.0
BARCLAYS PLC,0.0,0.0,0.0,0.0,0.0,0.0,0.0,0.0,196117.0,72697.0,51138.0,103850.0,89699.0,98764.0,51514.0,284203.0,193113.0,109676.0,227370.0,362579.0
BAROMETER CAPITAL MANAGEMENT INC.,0.0,0.0,0.0,0.0,0.0,0.0,0.0,0.0,0.0,0.0,0.0,0.0,0.0,0.0,0.0,825452.0,0.0,0.0,0.0,0.0
"BARRETT & COMPANY, INC.",0.0,0.0,0.0,0.0,0.0,0.0,0.0,0.0,0.0,0.0,0.0,0.0,309.0,352.0,306.0,398.0,0.0,0.0,0.0,0.0
BARTLETT & CO. WEALTH MANAGEMENT LLC,0.0,0.0,0.0,0.0,0.0,0.0,0.0,0.0,0.0,2503.0,0.0,0.0,0.0,0.0,0.0,0.0,0.0,0.0,0.0,0.0
"BBJS FINANCIAL ADVISORS, LLC",0.0,0.0,0.0,0.0,0.0,0.0,0.0,0.0,0.0,0.0,0.0,3301.0,3549.0,4048.0,3514.0,4577.0,0.0,0.0,0.0,0.0
"BBR PARTNERS, LLC",0.0,0.0,0.0,0.0,0.0,0.0,0.0,692.0,431.0,905.0,393.0,332869.0,0.0,0.0,0.0,0.0,0.0,0.0,0.0,0.0
"BDO Wealth Advisors, LLC",0.0,0.0,57.0,64.0,49.0,54.0,66.0,24.0,16.0,7.0,15.0,17950.0,10265.0,11708.0,0.0,0.0,0.0,0.0,0.0,0.0
BEACON FINANCIAL GROUP,0.0,0.0,0.0,564.0,564.0,517.0,575.0,670.0,503.0,299.0,343.0,289.0,229.0,247.0,247.0,342131.0,267973.0,226445.0,210797.0,263308.0
"BECK CAPITAL MANAGEMENT, LLC",0.0,0.0,0.0,324.0,0.0,0.0,0.0,0.0,0.0,0.0,0.0,0.0,0.0,0.0,0.0,0.0,0.0,0.0,0.0,0.0
BEL AIR INVESTMENT ADVISORS LLC,0.0,0.0,0.0,0.0,0.0,4770.0,0.0,0.0,0.0,0.0,0.0,0.0,0.0,0.0,0.0,0.0,0.0,0.0,0.0,0.0
"BELLEVUE ASSET MANAGEMENT, LLC",0.0,0.0,0.0,7.0,7.0,6.0,0.0,0.0,0.0,4.0,4.0,6362.0,6943.0,9678.0,3819.0,4975.0,4040.0,3377.0,2871.0,3860.0
BERKSHIRE CAPITAL HOLDINGS INC,0.0,0.0,0.0,23570.0,35259.0,2.0,37737.0,32628.0,14552.0,20716.0,18126.0,13410942.0,10403775.0,14312453.0,6075663.0,11016640.0,1616.0,1351.0,1149.0,1544.0
"BFSG, LLC",0.0,0.0,0.0,0.0,0.0,0.0,973.0,851.0,0.0,0.0,0.0,0.0,0.0,0.0,0.0,40994.0,10181.0,8511.0,7237.0,9728.0
BIRINYI ASSOCIATES INC,0.0,0.0,0.0,0.0,0.0,0.0,0.0,0.0,0.0,0.0,0.0,0.0,1165.0,1830.0,519.0,0.0,0.0,0.0,0.0,0.0
BIT Capital GmbH,0.0,0.0,0.0,0.0,0.0,9360078.0,21355490.0,30877740.0,15384934.0,810442.0,6692005.0,0.0,0.0,0.0,0.0,0.0,0.0,0.0,0.0,0.0
BLAIR WILLIAM & CO/IL,0.0,0.0,0.0,245.0,1338.0,1510.0,1776.0,1880.0,2042.0,2515.0,3609.0,3229363.0,3854010.0,4487138.0,4345848.0,5722444.0,6174058.0,5281344.0,4608298.0,7419194.0
"BLODGETT WEALTH ADVISORS, LLC",0.0,0.0,0.0,0.0,0.0,0.0,0.0,527.0,0.0,0.0,0.0,0.0,0.0,0.0,0.0,0.0,0.0,0.0,0.0,0.0
"BLUE BELL PRIVATE WEALTH MANAGEMENT, LLC",0.0,0.0,0.0,0.0,0.0,0.0,0.0,4.0,3.0,3.0,4.0,4019.0,4320.0,3168.0,4278.0,6567.0,4848.0,6079.0,8729.0,33970.0
"BLUEFIN CAPITAL MANAGEMENT, LLC",0.0,0.0,0.0,0.0,0.0,0.0,0.0,0.0,0.0,0.0,0.0,303.0,0.0,0.0,0.0,0.0,0.0,5797.0,0.0,0.0
BLUESTEIN R H & CO,0.0,0.0,0.0,0.0,0.0,242.0,0.0,203.0,0.0,0.0,0.0,0.0,0.0,0.0,0.0,0.0,0.0,0.0,0.0,0.0
"BMS Financial Advisors, LLC",0.0,0.0,0.0,0.0,0.0,0.0,0.0,0.0,0.0,0.0,218.0,0.0,271550.0,256051.0,0.0,0.0,0.0,0.0,0.0,0.0
BOARDMAN BAY CAPITAL MANAGEMENT LLC,0.0,0.0,1702.0,0.0,0.0,0.0,0.0,0.0,0.0,0.0,0.0,0.0,0.0,0.0,0.0,0.0,0.0,0.0,0.0,0.0
BOCHK Asset Management Ltd,0.0,0.0,0.0,0.0,0.0,0.0,0.0,0.0,0.0,0.0,0.0,0.0,0.0,0.0,0.0,0.0,0.0,0.0,0.0,7504326.0
"BOK Financial Private Wealth, Inc.",0.0,0.0,0.0,0.0,0.0,0.0,0.0,0.0,0.0,0.0,0.0,0.0,0.0,0.0,0.0,10945.0,8888.0,0.0,17229.0,0.0
"BOKF, NA",0.0,0.0,0.0,0.0,0.0,0.0,0.0,0.0,0.0,0.0,0.0,0.0,11880.0,2640.0,5370.0,103878.0,11557.0,4728.0,7843.0,210548.0
BOURGEON CAPITAL MANAGEMENT LLC,0.0,0.0,0.0,0.0,0.0,0.0,0.0,0.0,0.0,0.0,0.0,0.0,0.0,0.0,0.0,0.0,0.0,0.0,0.0,5851367.0
"BRANDYWINE MANAGERS, LLC",0.0,0.0,0.0,0.0,0.0,0.0,0.0,0.0,0.0,354.0,433.0,365883.0,393285.0,448573.0,389411.0,507251.0,411918.0,344344.0,572922.0,770197.0
BREAKLINE CAPITAL LLC,0.0,0.0,0.0,0.0,0.0,0.0,0.0,0.0,0.0,0.0,0.0,492486.0,0.0,0.0,0.0,0.0,0.0,0.0,0.0,0.0
BREWIN DOLPHIN LTD,0.0,0.0,34387.0,105525.0,114411.0,171920.0,225613.0,68.0,0.0,0.0,0.0,0.0,0.0,0.0,0.0,0.0,0.0,0.0,0.0,0.0
"BRIDGEWAY CAPITAL MANAGEMENT, LLC",0.0,0.0,0.0,0.0,0.0,0.0,0.0,0.0,0.0,0.0,0.0,0.0,0.0,0.0,0.0,0.0,775680.0,0.0,0.0,0.0
BRIGHTON JONES LLC,0.0,0.0,0.0,7522.0,8811.0,8961.0,10882.0,10575.0,7141.0,5418.0,6586.0,7368309.0,8051245.0,9313138.0,8332371.0,17283560.0,13119506.0,9800078.0,3740444.0,9555693.0
BRITISH COLUMBIA INVESTMENT MANAGEMENT Corp,0.0,0.0,1264.0,1534.0,953.0,2272.0,10769.0,12544.0,7451.0,3458.0,3750.0,2831327.0,3077005.0,4126203.0,16269241.0,20808833.0,18895565.0,7782400.0,5774242.0,10282471.0
BROWN ADVISORY INC,0.0,0.0,0.0,0.0,299.0,1563.0,2041.0,2853.0,4341.0,2382.0,894.0,689566.0,730255.0,0.0,0.0,0.0,0.0,0.0,0.0,0.0
BROWN BROTHERS HARRIMAN & CO,0.0,0.0,0.0,0.0,468.0,0.0,0.0,0.0,2600.0,8918.0,10902.0,3738356.0,2165614.0,114563.0,153.0,199.0,5010.0,6079.0,5743.0,46323.0
"BROWN, LISLE/CUMMINGS, INC.",0.0,0.0,0.0,0.0,0.0,0.0,0.0,255756.0,172993.0,86913.0,106225.0,89713.0,92574.0,105588.0,91662.0,119400.0,0.0,0.0,0.0,0.0
BRYN MAWR TRUST Co,0.0,0.0,0.0,0.0,0.0,0.0,0.0,0.0,0.0,0.0,0.0,0.0,0.0,0.0,0.0,0.0,0.0,0.0,0.0,0.0
"BUCKINGHAM STRATEGIC WEALTH, LLC",0.0,0.0,0.0,0.0,0.0,0.0,0.0,0.0,0.0,0.0,0.0,0.0,0.0,0.0,0.0,0.0,0.0,249277.0,0.0,0.0
BURNEY CO/,0.0,0.0,0.0,0.0,0.0,0.0,0.0,0.0,0.0,0.0,0.0,0.0,0.0,0.0,0.0,215716.0,0.0,0.0,0.0,0.0
BW Gestao de Investimentos Ltda.,0.0,0.0,2008.0,0.0,0.0,0.0,0.0,0.0,0.0,0.0,0.0,0.0,0.0,0.0,0.0,0.0,0.0,16210800.0,13783200.0,0.0
Baader Bank Aktiengesellschaft,0.0,0.0,0.0,0.0,0.0,0.0,0.0,0.0,0.0,0.0,0.0,0.0,0.0,0.0,0.0,449670.0,581760.0,0.0,0.0,0.0
"Baker Avenue Asset Management, LP",0.0,0.0,0.0,0.0,0.0,0.0,0.0,0.0,0.0,0.0,0.0,2727.0,2469.0,2816.0,2905380.0,5166426.0,2543584.0,2145229.0,2732949.0,3467292.0
Balboa Wealth Partners,0.0,0.0,0.0,0.0,0.0,0.0,0.0,0.0,0.0,0.0,0.0,0.0,0.0,0.0,0.0,0.0,212827.0,405945.0,583489.0,469252.0
Balentine LLC,0.0,0.0,0.0,0.0,0.0,0.0,0.0,0.0,234.0,732.0,459.0,368180.0,231589.0,346505.0,286291.0,508644.0,586770.0,0.0,0.0,0.0
"Ballentine Partners, LLC",0.0,0.0,0.0,0.0,229.0,242.0,302.0,339.0,229.0,0.0,170.0,143540.0,154444.0,175980.0,152770.0,199000.0,161600.0,135090.0,0.0,154410.0
Balyasny Asset Management L.P.,0.0,0.0,0.0,0.0,0.0,0.0,0.0,0.0,0.0,0.0,0.0,0.0,23260915.0,82399291.0,15485989.0,41669406.0,40347965.0,1794671.0,17745181.0,136846171.0
Balyasny Asset Management LLC,0.0,0.0,47311.0,0.0,19024.0,0.0,14792.0,61719.0,14845.0,0.0,11897.0,11603343.0,0.0,0.0,0.0,0.0,0.0,0.0,0.0,0.0
"Banco Santander, S.A.",0.0,0.0,0.0,0.0,0.0,0.0,60486.0,0.0,0.0,0.0,0.0,246171.0,264607.0,375717.0,249932.0,325564.0,837573.0,994938.0,0.0,35248252.0
Bangor Savings Bank,0.0,0.0,0.0,0.0,0.0,0.0,0.0,0.0,0.0,1732.0,2135.0,1668.0,1792850.0,1917654.0,1601488.0,2066018.0,1609536.0,1361707.0,1133438.0,115344.0
"Bank Julius Baer & Co. Ltd, Zurich",0.0,0.0,376.0,10814.0,19197.0,19533.0,21922.0,5099.0,3013.0,1142.0,897.0,1186.0,1421.0,787950.0,1324.0,4541917.0,1582691.0,2186856.0,1650576.0,2077416.0
Bank Pictet & Cie (Europe) AG,0.0,0.0,0.0,0.0,0.0,0.0,0.0,0.0,0.0,0.0,0.0,0.0,0.0,2938866.0,2551259.0,3323300.0,2609840.0,2181704.0,1854989.0,2493722.0
Bank of Jackson Hole Trust,0.0,0.0,0.0,0.0,0.0,0.0,0.0,0.0,0.0,0.0,0.0,0.0,0.0,0.0,0.0,0.0,0.0,0.0,0.0,1853.0
Bank of New Hampshire,0.0,0.0,0.0,0.0,0.0,0.0,0.0,0.0,47.0,16.0,6.0,5.0,5400.0,6159.0,5347.0,6965.0,5656.0,4728.0,4020.0,0.0
Banque Cantonale Vaudoise,0.0,0.0,29.0,32.0,518.0,583.0,597.0,3088.0,1813.0,781.0,930.0,887.0,779.0,789.0,687.0,778.0,1948.0,983.0,518.0,0.0
"Bard Financial Services, Inc.",0.0,0.0,0.0,0.0,0.0,0.0,0.0,0.0,269.0,0.0,208.0,0.0,227578.0,246372.0,213878.0,258700.0,0.0,0.0,0.0,0.0
"Barrier Capital Management, LLC",0.0,0.0,0.0,0.0,0.0,0.0,0.0,0.0,0.0,0.0,0.0,0.0,0.0,0.0,3436408.0,4747941.0,0.0,0.0,0.0,0.0
Bartlett & Co. LLC,0.0,0.0,0.0,0.0,0.0,0.0,0.0,0.0,0.0,3.0,0.0,0.0,0.0,0.0,0.0,0.0,0.0,0.0,0.0,0.0
"Battery Global Advisors, LLC",0.0,0.0,0.0,0.0,0.0,0.0,0.0,0.0,0.0,0.0,0.0,0.0,0.0,0.0,0.0,554613.0,450379.0,0.0,0.0,0.0
"Bay Colony Advisory Group, Inc d/b/a Bay Colony Advisors",0.0,0.0,369.0,416.0,375.0,546.0,892.0,1038.0,765.0,486.0,458.0,409950.0,402313.0,552753.0,455560.0,506455.0,315120.0,238029.0,0.0,0.0
"Bay Harbor Wealth Management, LLC",0.0,0.0,36.0,39.0,0.0,0.0,0.0,0.0,4.0,3.0,3.0,3.0,2777.0,3167.0,2749.0,3582.0,2908.0,2431.0,0.0,0.0
"Bayesian Capital Management, LP",0.0,0.0,0.0,0.0,0.0,1806.0,0.0,890.0,298.0,584.0,3144.0,1837312.0,0.0,0.0,0.0,4891221.0,0.0,6224812.0,0.0,3995976.0
Baystate Wealth Management LLC,0.0,0.0,0.0,0.0,0.0,0.0,0.0,0.0,0.0,0.0,4.0,4.0,6634.0,7089.0,21307.0,23774.0,0.0,0.0,0.0,0.0
"Beacon Capital Management, LLC",0.0,0.0,0.0,0.0,0.0,0.0,0.0,0.0,0.0,0.0,0.0,0.0,0.0,0.0,0.0,0.0,0.0,0.0,11486.0,15441.0
"Beacon Pointe Advisors, LLC",0.0,0.0,0.0,0.0,0.0,0.0,322.0,326.0,357.0,311.0,421.0,361292.0,411607.0,382584.0,345873.0,415711.0,522130.0,428370.0,2253094.0,15827643.0
"Beaird Harris Wealth Management, LLC",0.0,0.0,0.0,0.0,0.0,0.0,0.0,14.0,10.0,0.0,0.0,3876.0,0.0,4400.0,3820.0,4975.0,4040.0,3378.0,22972.0,0.0
"Bear Mountain Capital, Inc.",0.0,0.0,0.0,0.0,0.0,0.0,0.0,0.0,0.0,0.0,0.0,0.0,0.0,0.0,0.0,940.0,0.0,0.0,0.0,0.0
"Bedel Financial Consulting, Inc.",0.0,0.0,0.0,0.0,15.0,31.0,39.0,0.0,33.0,0.0,0.0,0.0,0.0,0.0,0.0,0.0,0.0,0.0,0.0,0.0
"Bedell Frazier Investment Counselling, LLC",0.0,0.0,0.0,0.0,0.0,0.0,0.0,0.0,0.0,0.0,0.0,0.0,0.0,0.0,0.0,0.0,204263.0,0.0,0.0,248755.0
"Bell Investment Advisors, Inc",0.0,0.0,0.0,0.0,0.0,0.0,18.0,28.0,0.0,11.0,24.0,24832.0,20367.0,24286.0,21999.0,25870.0,19716.0,15671.0,11142.0,10500.0
"Belmont Capital, LLC",0.0,0.0,0.0,0.0,0.0,0.0,7.0,8.0,5.0,3.0,4.0,3.0,3549.0,4048.0,3514.0,4577.0,3717.0,138197.0,114860.0,0.0
Belpointe Asset Management LLC,0.0,0.0,0.0,100.0,196.0,144.0,236.0,249.0,492.0,263.0,323.0,295549.0,398532.0,0.0,0.0,0.0,336451.0,346641.0,280948.0,300311.0
"BerganKDV Wealth Management, LLC",0.0,0.0,0.0,11.0,18.0,0.0,14.0,36.0,23.0,14.0,18.0,9617.0,26230.0,10207.0,0.0,0.0,0.0,0.0,0.0,0.0
"Berman Capital Advisors, LLC",0.0,0.0,251.0,1046.0,667.0,639.0,703.0,0.0,0.0,0.0,0.0,0.0,0.0,0.0,0.0,0.0,0.0,0.0,0.0,0.0
Bernard Wealth Management Corp.,0.0,0.0,0.0,0.0,0.0,0.0,0.0,0.0,0.0,0.0,0.0,0.0,0.0,0.0,0.0,0.0,0.0,0.0,0.0,18663.0
"Beverly Hills Private Wealth, LLC",0.0,0.0,0.0,0.0,0.0,0.0,0.0,0.0,0.0,0.0,0.0,0.0,261984.0,350507.0,275139.0,349842.0,308333.0,250457.0,212951.0,413510.0
"Bienville Capital Management, LLC",0.0,0.0,0.0,0.0,0.0,0.0,0.0,0.0,0.0,0.0,0.0,0.0,0.0,0.0,0.0,0.0,0.0,0.0,10888153.0,7192109.0
"Birchcreek Wealth Management, LLC",0.0,0.0,0.0,34.0,0.0,0.0,0.0,0.0,0.0,0.0,0.0,0.0,0.0,0.0,0.0,0.0,0.0,0.0,0.0,0.0
"Black Swift Group, LLC",0.0,0.0,0.0,0.0,0.0,0.0,0.0,0.0,0.0,0.0,0.0,0.0,0.0,0.0,0.0,3042710.0,1662864.0,0.0,0.0,810653.0
BlackRock Inc.,0.0,0.0,236769.0,328481.0,358690.0,792113.0,2670361.0,3261497.0,2607230.0,1390238.0,2135951.0,1867997838.0,2069618750.0,2479209505.0,2237947980.0,3109706046.0,2608090218.0,2266097417.0,0.0,0.0
"BlackRock, Inc.",0.0,0.0,0.0,0.0,0.0,0.0,0.0,0.0,0.0,0.0,0.0,0.0,0.0,0.0,0.0,0.0,0.0,0.0,1895798165.0,2916683088.0
"Blankinship & Foster, LLC",0.0,0.0,0.0,0.0,0.0,0.0,0.0,0.0,0.0,0.0,0.0,0.0,0.0,0.0,0.0,0.0,0.0,0.0,895908.0,0.0
"Bleakley Financial Group, LLC",0.0,0.0,0.0,0.0,0.0,0.0,0.0,0.0,0.0,0.0,0.0,1782898.0,1568343.0,1759710.0,1256228.0,1537872.0,1129261.0,270720.0,0.0,0.0
"Blue Fin Capital, Inc.",0.0,0.0,0.0,0.0,326.0,532.0,778.0,1196.0,1044.0,639.0,714.0,568705.0,609901.0,697761.0,593359.0,667048.0,555419.0,465610.0,0.0,0.0
"Blue Trust, Inc.",0.0,0.0,0.0,0.0,0.0,0.0,0.0,0.0,0.0,0.0,0.0,0.0,0.0,0.0,0.0,24.0,37814.0,31997.0,108342.0,151289.0
"BluePointe Capital Management, LLC",0.0,0.0,0.0,0.0,0.0,0.0,0.0,0.0,0.0,0.0,0.0,0.0,0.0,0.0,0.0,688739.0,559298.0,356503.0,0.0,0.0
"Blueshift Asset Management, LLC",0.0,0.0,526.0,0.0,0.0,711.0,12671.0,0.0,402.0,1492.0,0.0,0.0,0.0,0.0,0.0,0.0,0.0,0.0,0.0,0.0
"Blume Capital Management, Inc.",0.0,0.0,0.0,0.0,0.0,0.0,0.0,0.0,0.0,0.0,0.0,0.0,0.0,0.0,0.0,0.0,0.0,0.0,1379.0,0.0
Board of Trustees of The Leland Stanford Junior University,0.0,0.0,0.0,0.0,99929.0,0.0,0.0,0.0,0.0,0.0,0.0,0.0,0.0,0.0,0.0,12202083.0,0.0,0.0,0.0,0.0
"Bogart Wealth, LLC",0.0,0.0,0.0,0.0,0.0,0.0,0.0,1.0,1.0,27.0,29.0,38756.0,41658.0,47515.0,58053.0,74625.0,63832.0,21614.0,18378.0,24706.0
"Boothe Investment Group, Inc.",0.0,0.0,0.0,0.0,0.0,0.0,0.0,0.0,0.0,0.0,0.0,0.0,0.0,0.0,0.0,0.0,0.0,3691.0,0.0,0.0
Bordeaux Wealth Advisors LLC,0.0,0.0,0.0,0.0,0.0,0.0,0.0,910.0,620.0,373.0,458.0,601433.0,1054264.0,999567.0,943202.0,2440138.0,444562.0,380819.0,353310.0,800019.0
Bornite Capital Management LP,0.0,0.0,0.0,0.0,0.0,0.0,0.0,0.0,0.0,0.0,8498.0,3589000.0,0.0,0.0,0.0,0.0,0.0,0.0,0.0,0.0
Bray Capital Advisors,0.0,0.0,0.0,0.0,0.0,0.0,0.0,0.0,0.0,0.0,0.0,0.0,0.0,0.0,0.0,0.0,0.0,0.0,0.0,926460.0
Breakwater Capital Group,0.0,0.0,0.0,0.0,0.0,0.0,0.0,0.0,0.0,0.0,0.0,0.0,0.0,0.0,0.0,354362.0,348086.0,462548.0,330337.0,453657.0
"Bridgefront Capital, LLC",0.0,0.0,0.0,0.0,775.0,0.0,0.0,378.0,0.0,0.0,203.0,0.0,0.0,375189.0,0.0,0.0,0.0,0.0,1050165.0,995790.0
"Bridgewater Associates, LP",0.0,0.0,0.0,0.0,0.0,0.0,0.0,0.0,3925.0,2960.0,2223.0,4584955.0,0.0,1620776.0,1550616.0,1832790.0,17912229.0,11579239.0,1057861.0,37628791.0
"Brinker Capital Investments, LLC",0.0,0.0,0.0,0.0,0.0,209.0,209.0,270.0,317.0,254.0,289.0,217463.0,0.0,0.0,0.0,0.0,0.0,0.0,0.0,0.0
Brookstone Capital Management,0.0,0.0,0.0,0.0,0.0,364.0,0.0,0.0,0.0,0.0,0.0,0.0,0.0,0.0,0.0,0.0,0.0,0.0,0.0,0.0
"Brown Miller Wealth Management, LLC",0.0,0.0,0.0,0.0,0.0,0.0,0.0,0.0,0.0,0.0,0.0,0.0,0.0,445674.0,480636.0,977669.0,909423.0,729810.0,649377.0,941592.0
Brown University,0.0,0.0,0.0,0.0,0.0,0.0,0.0,0.0,0.0,0.0,0.0,0.0,3256908.0,0.0,0.0,0.0,0.0,0.0,0.0,0.0
"Bruce G. Allen Investments, LLC",0.0,0.0,0.0,0.0,0.0,0.0,0.0,0.0,0.0,0.0,0.0,0.0,0.0,0.0,0.0,995.0,0.0,0.0,0.0,0.0
"Buck Wealth Strategies, LLC",0.0,0.0,0.0,0.0,0.0,0.0,0.0,0.0,0.0,0.0,0.0,0.0,2314.0,2640.0,2292.0,0.0,0.0,0.0,0.0,0.0
Bullseye Asset Management LLC,0.0,0.0,49.0,0.0,0.0,0.0,0.0,0.0,0.0,0.0,0.0,0.0,0.0,0.0,0.0,0.0,0.0,0.0,0.0,0.0
"Bulltick Wealth Management, LLC",0.0,0.0,0.0,0.0,233866.0,265496.0,0.0,0.0,434430.0,235150.0,0.0,0.0,0.0,0.0,0.0,0.0,0.0,3540844.0,7015075.0,5261521.0
"Burleson & Company, LLC",0.0,0.0,0.0,9085.0,20216.0,23529.0,28053.0,28581.0,14704.0,11041.0,12011.0,6673892.0,0.0,0.0,0.0,0.0,0.0,0.0,0.0,0.0
Byrne Asset Management LLC,0.0,0.0,0.0,0.0,0.0,0.0,0.0,11.0,0.0,0.0,0.0,0.0,0.0,0.0,0.0,0.0,0.0,0.0,0.0,0.0
C M BIDWELL & ASSOCIATES LTD,0.0,0.0,0.0,0.0,0.0,0.0,0.0,0.0,118.0,0.0,0.0,0.0,0.0,0.0,0.0,0.0,0.0,0.0,0.0,0.0
CAAS CAPITAL MANAGEMENT LP,0.0,0.0,35140.0,25326.0,23834.0,0.0,0.0,0.0,0.0,0.0,7640.0,1435400.0,0.0,0.0,0.0,0.0,0.0,0.0,666102.0,0.0
CABOT WEALTH MANAGEMENT INC,0.0,0.0,0.0,0.0,0.0,0.0,0.0,0.0,0.0,0.0,0.0,0.0,0.0,612.0,557.0,1495485.0,1325120.0,1105712.0,0.0,0.0
CAISSE DE DEPOT ET PLACEMENT DU QUEBEC,0.0,0.0,0.0,0.0,0.0,0.0,0.0,5691.0,2566.0,0.0,459.0,0.0,0.0,0.0,0.0,7453147.0,9707312.0,27207127.0,61438614.0,7313012.0
CALAMOS ADVISORS LLC,0.0,0.0,14171.0,13102.0,15782.0,21126.0,26304.0,19808.0,13291.0,16329.0,11230.0,0.0,0.0,0.0,0.0,0.0,0.0,0.0,0.0,0.0
CALAMOS WEALTH MANAGEMENT LLC,0.0,0.0,0.0,0.0,255.0,354.0,442.0,494.0,331.0,3047.0,3856.0,0.0,0.0,0.0,0.0,0.0,0.0,0.0,0.0,0.0
"CALDWELL SUTTER CAPITAL, INC.",0.0,0.0,0.0,0.0,0.0,0.0,0.0,0.0,0.0,0.0,0.0,0.0,0.0,4400.0,4278.0,7363.0,970.0,0.0,0.0,0.0
"CALIBER WEALTH MANAGEMENT, LLC",0.0,0.0,0.0,1564.0,1513.0,1402.0,1969.0,2181.0,1971.0,0.0,0.0,0.0,0.0,0.0,0.0,0.0,0.0,0.0,0.0,0.0
CALIFORNIA PUBLIC EMPLOYEES RETIREMENT SYSTEM,0.0,0.0,0.0,17998.0,12994.0,0.0,117748.0,130376.0,92565.0,52808.0,116788.0,81316845.0,73757563.0,99049815.0,86815983.0,0.0,0.0,0.0,0.0,0.0
CALIFORNIA STATE TEACHERS RETIREMENT SYSTEM,0.0,0.0,0.0,680.0,753.0,50504.0,99439.0,126115.0,81156.0,49492.0,69640.0,59750535.0,63770063.0,78727117.0,64831310.0,90255256.0,73177490.0,65725878.0,55708823.0,72792580.0
"CALTON & ASSOCIATES, INC.",0.0,0.0,0.0,0.0,0.0,0.0,0.0,0.0,0.0,0.0,0.0,0.0,0.0,0.0,0.0,0.0,0.0,0.0,0.0,401466.0
CAMBRIDGE ASSOCIATES LLC /MA/ /ADV,0.0,0.0,0.0,0.0,0.0,0.0,1034.0,1726.0,1726.0,0.0,0.0,0.0,0.0,0.0,0.0,0.0,0.0,0.0,0.0,0.0
CAMBRIDGE TRUST CO,0.0,0.0,0.0,0.0,0.0,0.0,0.0,0.0,0.0,0.0,0.0,0.0,0.0,0.0,0.0,1592.0,0.0,0.0,0.0,0.0
CANADA LIFE ASSURANCE Co,0.0,0.0,0.0,0.0,0.0,0.0,0.0,0.0,0.0,0.0,0.0,0.0,0.0,0.0,0.0,0.0,28793.0,28478.0,37962.0,55376.0
CANADA PENSION PLAN INVESTMENT BOARD,0.0,0.0,7530.0,0.0,108948.0,164828.0,184493.0,116670.0,77522.0,47688.0,60460.0,9331966.0,14273368.0,8499834.0,5927476.0,9532100.0,36546325.0,24937074.0,18510263.0,41531812.0
CAPITAL ADVISORS INC/OK,0.0,0.0,0.0,0.0,0.0,0.0,0.0,0.0,0.0,0.0,0.0,0.0,0.0,0.0,0.0,0.0,0.0,282338.0,0.0,0.0
CAPITAL FUND MANAGEMENT S.A.,0.0,0.0,0.0,0.0,0.0,0.0,0.0,24902190.0,0.0,37059629.0,21788872.0,26224758.0,44142369.0,17474814.0,41431224.0,21233300.0,44792934.0,106224644.0,110644523.0,179980296.0
CAPITAL PERFORMANCE ADVISORS LLP,0.0,0.0,0.0,0.0,0.0,0.0,0.0,0.0,0.0,0.0,0.0,0.0,0.0,0.0,0.0,0.0,0.0,0.0,11641.0,0.0
"CAPROCK Group, Inc.",0.0,0.0,0.0,0.0,311.0,329.0,402.0,2033.0,322.0,436.0,621.0,625117.0,0.0,0.0,0.0,0.0,0.0,0.0,0.0,0.0
"CAPSTONE INVESTMENT ADVISORS, LLC",0.0,0.0,0.0,632.0,0.0,0.0,0.0,0.0,200.0,0.0,0.0,0.0,0.0,699169.0,0.0,16197804.0,28270789.0,924691.0,0.0,15552638.0
CAPTRUST FINANCIAL ADVISORS,0.0,0.0,52.0,46.0,754.0,782.0,1112.0,1226.0,424.0,1920.0,910.0,919805.0,3122202.0,4671670.0,5330084.0,6295484.0,4470985.0,2307057.0,1751890.0,2333949.0
CARLSON CAPITAL L P,0.0,0.0,0.0,0.0,0.0,0.0,0.0,0.0,0.0,0.0,0.0,0.0,0.0,0.0,6676049.0,12158900.0,0.0,0.0,0.0,0.0
CAROLINAS WEALTH CONSULTING LLC,0.0,0.0,0.0,0.0,43.0,0.0,27.0,2.0,1.0,5.0,8.0,11053.0,9257.0,10559.0,42088.0,45571.0,0.0,0.0,0.0,31500.0
CARY STREET PARTNERS INVESTMENT ADVISORY LLC,0.0,0.0,14.0,0.0,0.0,0.0,0.0,0.0,0.0,0.0,0.0,0.0,0.0,0.0,0.0,0.0,0.0,0.0,0.0,0.0
CASTLE WEALTH MANAGEMENT LLC,0.0,0.0,0.0,0.0,0.0,0.0,0.0,0.0,0.0,1.0,2.0,0.0,0.0,0.0,0.0,0.0,0.0,0.0,0.0,0.0
"CATALYST PRIVATE WEALTH, LLC",0.0,0.0,8.0,0.0,0.0,0.0,0.0,0.0,0.0,448.0,549.0,462342.0,503140.0,581614.0,498030.0,636800.0,503222.0,435665.0,382369.0,506465.0
CAXTON ASSOCIATES LP,0.0,0.0,0.0,0.0,0.0,0.0,0.0,0.0,0.0,0.0,0.0,0.0,0.0,4456869.0,6492725.0,0.0,0.0,0.0,2526920.0,0.0
CAZ INVESTMENTS LP,0.0,0.0,0.0,0.0,0.0,0.0,0.0,0.0,137.0,125.0,153.0,129.0,139.0,158.0,76.0,100.0,40.0,34.0,29.0,39.0
"CBIZ Investment Advisory Services, LLC",0.0,0.0,0.0,0.0,0.0,0.0,0.0,0.0,0.0,0.0,0.0,0.0,0.0,0.0,0.0,0.0,0.0,5539.0,4709.0,6794.0
"CENTAURUS FINANCIAL, INC.",0.0,0.0,0.0,254.0,235.0,728.0,913.0,1495.0,767.0,439.0,603.0,0.0,0.0,0.0,100.0,605.0,601.0,888.0,822.0,0.0
CENTRAL BANK & TRUST CO,0.0,0.0,0.0,0.0,0.0,0.0,0.0,0.0,0.0,0.0,0.0,0.0,1542.0,0.0,0.0,0.0,0.0,0.0,0.0,0.0
CENTRAL TRUST Co,0.0,0.0,0.0,2882.0,1824.0,1773.0,2129.0,2385.0,1554.0,1066.0,3187.0,168372.0,106769.0,159262.0,113050.0,79799.0,97768.0,79028.0,21250.0,28721.0
CERITY PARTNERS LLC,0.0,0.0,0.0,0.0,500.0,0.0,0.0,0.0,0.0,1520.0,0.0,0.0,0.0,0.0,0.0,0.0,0.0,0.0,0.0,0.0
"CERTUITY, LLC",0.0,0.0,0.0,0.0,0.0,0.0,0.0,0.0,0.0,0.0,0.0,0.0,0.0,0.0,0.0,295233.0,0.0,0.0,0.0,0.0
CHARLES SCHWAB INVESTMENT MANAGEMENT INC,0.0,0.0,31279.0,41102.0,66393.0,75889.0,198976.0,231315.0,161973.0,101508.0,147339.0,129238966.0,141971795.0,167013115.0,163515536.0,225141436.0,186907206.0,163567973.0,143289113.0,205446211.0
"CHARTWELL INVESTMENT PARTNERS, LLC",0.0,0.0,0.0,0.0,0.0,0.0,0.0,0.0,0.0,0.0,0.0,0.0,0.0,2101201.0,0.0,0.0,0.0,0.0,0.0,0.0
CHILTON CAPITAL MANAGEMENT LLC,0.0,0.0,0.0,0.0,0.0,0.0,0.0,0.0,0.0,8.0,0.0,0.0,0.0,0.0,0.0,3184.0,2586.0,2162.0,1838.0,0.0
CHILTON INVESTMENT CO INC.,0.0,0.0,0.0,0.0,0.0,0.0,0.0,0.0,0.0,1751.0,836.0,0.0,0.0,0.0,0.0,0.0,0.0,0.0,0.0,0.0
"CHIRON CAPITAL MANAGEMENT, LLC",0.0,0.0,1.0,0.0,0.0,0.0,0.0,0.0,0.0,0.0,0.0,0.0,0.0,0.0,0.0,0.0,0.0,0.0,0.0,0.0
"CHOREO, LLC",0.0,0.0,0.0,0.0,0.0,0.0,0.0,0.0,0.0,0.0,0.0,0.0,622714.0,692657.0,1219716.0,1387533.0,1335883.0,1745044.0,727801.0,1408291.0
CI INVESTMENTS INC.,0.0,0.0,0.0,9995.0,0.0,0.0,15392.0,43582.0,19014.0,561.0,15738.0,416.0,127.0,517.0,427.0,516.0,195.0,1570.0,1452.0,14628.0
"CI Private Wealth, LLC",0.0,0.0,0.0,0.0,0.0,0.0,0.0,0.0,0.0,0.0,0.0,840139.0,1730054.0,0.0,0.0,0.0,0.0,0.0,0.0,0.0
CIBC Asset Management Inc,0.0,0.0,2172.0,4962.0,2395.0,2528.0,3620.0,4491.0,3052.0,1807.0,2282.0,1490806.0,1493990.0,1705246.0,1529228.0,1820651.0,1657854.0,1507739.0,1344436.0,2056896.0
CIBC Private Wealth Group LLC,0.0,0.0,0.0,0.0,0.0,0.0,0.0,0.0,0.0,0.0,0.0,0.0,0.0,0.0,0.0,0.0,0.0,0.0,831816.0,1253941.0
"CIBC Private Wealth Group, LLC",0.0,0.0,0.0,0.0,0.0,0.0,0.0,0.0,0.0,0.0,0.0,0.0,0.0,0.0,0.0,0.0,1375477.0,1015340.0,0.0,0.0
CIBC WORLD MARKET INC.,0.0,0.0,0.0,0.0,0.0,0.0,0.0,0.0,3198.0,1771.0,2422.0,1968.0,3076.0,3336.0,3121.0,4801.0,16165.0,64841.0,1221.0,2872.0
CIBC WORLD MARKETS CORP,0.0,0.0,0.0,0.0,0.0,0.0,0.0,0.0,0.0,0.0,0.0,0.0,0.0,0.0,0.0,147120302.0,138737317.0,60393470.0,2615132.0,2108005.0
CIBC World Markets Inc.,0.0,0.0,0.0,669.0,757.0,1115.0,1626.0,3447.0,0.0,0.0,0.0,0.0,0.0,0.0,0.0,0.0,0.0,0.0,0.0,0.0
"CIC Wealth, LLC",0.0,0.0,0.0,0.0,0.0,0.0,0.0,0.0,0.0,0.0,0.0,0.0,0.0,0.0,0.0,201587.0,0.0,231679.0,0.0,0.0
CIM INVESTMENT MANAGEMENT INC,0.0,0.0,0.0,0.0,0.0,658.0,0.0,0.0,0.0,0.0,0.0,0.0,0.0,0.0,0.0,0.0,0.0,0.0,0.0,0.0
CITY HOLDING CO,0.0,0.0,0.0,0.0,0.0,0.0,0.0,53.0,46.0,28.0,34.0,28708.0,30858.0,35196.0,30554.0,39800.0,32320.0,27018.0,22972.0,30882.0
CKW FINANCIAL GROUP,0.0,0.0,0.0,0.0,0.0,0.0,15.0,20.0,0.0,0.0,0.0,0.0,0.0,0.0,0.0,0.0,0.0,0.0,0.0,0.0
"CLARIS ADVISORS, LLC / MO /",0.0,0.0,0.0,0.0,0.0,0.0,0.0,0.0,0.0,0.0,0.0,0.0,0.0,0.0,0.0,0.0,0.0,0.0,115.0,0.0
CLEAR STREET LLC,0.0,0.0,0.0,0.0,0.0,0.0,0.0,0.0,0.0,0.0,0.0,0.0,0.0,69196.0,0.0,0.0,0.0,0.0,0.0,0.0
CLEAR STREET MARKETS LLC,0.0,0.0,0.0,3039.0,1835.0,0.0,1149.0,0.0,0.0,0.0,0.0,0.0,0.0,0.0,0.0,0.0,0.0,0.0,0.0,0.0
"CLOVERFIELDS CAPITAL GROUP, LP",0.0,0.0,0.0,0.0,0.0,0.0,0.0,0.0,0.0,1400.0,1759.0,2222286.0,3641244.0,2322056.0,0.0,0.0,0.0,0.0,0.0,0.0
CMH Wealth Management LLC,0.0,0.0,0.0,0.0,0.0,0.0,0.0,0.0,0.0,0.0,0.0,0.0,0.0,0.0,6511363.0,8632620.0,6701067.0,5908161.0,9205340.0,7634649.0
CNB Bank,0.0,0.0,5.0,6.0,5.0,5.0,7.0,7.0,5.0,6.0,3.0,2871.0,3086.0,3520.0,3055.0,3980.0,3232.0,2702.0,2297.0,3088.0
COATUE MANAGEMENT LLC,0.0,0.0,971111.0,0.0,0.0,0.0,0.0,0.0,0.0,0.0,0.0,0.0,0.0,0.0,0.0,0.0,0.0,0.0,0.0,0.0
COLDSTREAM CAPITAL MANAGEMENT INC,0.0,0.0,0.0,0.0,0.0,0.0,0.0,287.0,232.0,0.0,0.0,318228.0,356102.0,381702.0,203643.0,328748.0,327886.0,278557.0,424274.0,228836.0
COLONY GROUP LLC,0.0,0.0,0.0,0.0,0.0,0.0,0.0,0.0,0.0,0.0,0.0,233.0,0.0,0.0,0.0,0.0,0.0,0.0,0.0,0.0
COMERICA BANK,0.0,0.0,0.0,0.0,0.0,990.0,0.0,0.0,336.0,298.0,1331.0,1022.0,0.0,0.0,2603214.0,3405057.0,3219619.0,2220925.0,1990157.0,5439482.0
"COMERICA SECURITIES,INC.",0.0,0.0,0.0,0.0,0.0,0.0,0.0,0.0,0.0,229.0,246.0,197657.0,211078.0,260644.0,222749.0,0.0,0.0,0.0,0.0,0.0
COMMERCE BANK,0.0,0.0,0.0,0.0,0.0,0.0,0.0,0.0,670.0,214.0,336.0,557078.0,779010.0,772024.0,856428.0,1125743.0,1000304.0,804325.0,595549.0,888320.0
"COMMONWEALTH EQUITY SERVICES, LLC",0.0,0.0,3094.0,6803.0,6129.0,9328.0,11179.0,17268.0,11522.0,7397.0,9139.0,7028.0,7766.0,8841.0,8152.0,11130.0,12318.0,9050.0,7351.0,10369.0
"CONCOURSE FINANCIAL GROUP SECURITIES, INC.",0.0,0.0,0.0,0.0,0.0,27.0,23.0,40.0,437.0,395.0,664.0,1003918.0,1086201.0,1100578.0,1837516.0,1055695.0,872478.0,301926.0,320689.0,449759.0
"CONWAY CAPITAL MANAGEMENT, INC.",0.0,0.0,0.0,0.0,0.0,0.0,0.0,203250.0,0.0,0.0,0.0,0.0,0.0,0.0,0.0,0.0,0.0,0.0,0.0,0.0
COOKSON PEIRCE & CO INC,0.0,0.0,0.0,0.0,0.0,0.0,1150.0,1496.0,0.0,1182.0,2059.0,430.0,1293.0,2274.0,1988.0,0.0,517.0,0.0,0.0,0.0
"CORNERSTONE PARTNERS CAPITAL MANAGEMENT, LLC",0.0,0.0,0.0,0.0,0.0,0.0,248.0,0.0,0.0,0.0,0.0,0.0,0.0,0.0,0.0,0.0,0.0,0.0,0.0,0.0
COWBIRD CAPITAL LP,0.0,0.0,0.0,0.0,0.0,0.0,0.0,0.0,0.0,0.0,0.0,0.0,0.0,0.0,0.0,0.0,8080000.0,0.0,0.0,0.0
"CPWM, LLC",0.0,0.0,0.0,0.0,545.0,0.0,496.0,496.0,680.0,398.0,0.0,0.0,0.0,0.0,0.0,0.0,0.0,0.0,0.0,0.0
CREATIVE FINANCIAL DESIGNS INC /ADV,0.0,0.0,0.0,0.0,34.0,44.0,73.0,98.0,101.0,13.0,15.0,12919.0,13886.0,33436.0,13749.0,0.0,7757.0,9051.0,22972.0,55433.0
CSS LLC/IL,0.0,0.0,0.0,0.0,0.0,0.0,0.0,1254.0,802.0,0.0,340.0,0.0,0.0,1055880.0,0.0,597000.0,2698720.0,1256337.0,574300.0,0.0
CTC LLC,0.0,0.0,0.0,0.0,0.0,0.0,0.0,0.0,0.0,0.0,0.0,0.0,0.0,0.0,0.0,0.0,124873168.0,104783639.0,80333084.0,148708256.0
CULLINAN ASSOCIATES INC,0.0,0.0,0.0,0.0,0.0,0.0,1255.0,0.0,0.0,0.0,0.0,0.0,0.0,0.0,0.0,0.0,0.0,0.0,0.0,0.0
"CVA Family Office, LLC",0.0,0.0,8.0,8.0,7.0,7.0,8.0,10.0,17.0,13.0,6.0,8612.0,22989.0,23933.0,0.0,7960.0,6949.0,1891.0,3216.0,16985.0
"CWA Asset Management Group, LLC",0.0,0.0,0.0,0.0,0.0,0.0,0.0,0.0,0.0,0.0,0.0,0.0,0.0,0.0,226405.0,1544837.0,2726596.0,0.0,0.0,0.0
"CWM, LLC",204.0,204.0,222.0,272.0,286.0,408.0,0.0,301.0,248.0,299.0,9899.0,11625.0,12748.0,19086.0,15810.0,20457.0,16380.0,16384.0,19742.0,26986.0
CX Institutional,0.0,0.0,0.0,0.0,0.0,0.0,0.0,0.0,0.0,1.0,0.0,0.0,0.0,0.0,0.0,0.0,0.0,0.0,0.0,0.0
"Cable Hill Partners, LLC",0.0,0.0,0.0,0.0,0.0,0.0,0.0,0.0,0.0,0.0,0.0,0.0,0.0,0.0,0.0,0.0,0.0,0.0,0.0,203821.0
"Cache Advisors, LLC",0.0,0.0,0.0,0.0,0.0,0.0,0.0,0.0,0.0,0.0,0.0,0.0,0.0,0.0,0.0,0.0,0.0,0.0,0.0,7432062.0
"Caitlin John, LLC",0.0,0.0,0.0,0.0,0.0,0.0,0.0,0.0,0.0,0.0,0.0,0.0,0.0,0.0,0.0,0.0,26664.0,675.0,1961.0,2316.0
"Caitong International Asset Management Co., Ltd",0.0,0.0,0.0,0.0,0.0,0.0,0.0,0.0,0.0,0.0,0.0,0.0,0.0,0.0,0.0,0.0,0.0,0.0,0.0,2042226.0
Calamos Advisors LLC,0.0,0.0,0.0,0.0,0.0,0.0,0.0,0.0,0.0,0.0,0.0,5197296.0,20470733.0,8228297.0,673257.0,5020770.0,0.0,0.0,913596.0,15593094.0
Calamos Wealth Management LLC,0.0,0.0,0.0,0.0,0.0,0.0,0.0,0.0,0.0,0.0,0.0,3194052.0,5343680.0,4427129.0,0.0,0.0,0.0,0.0,8175275.0,11212019.0
California Public Employees Retirement System,0.0,0.0,0.0,0.0,0.0,0.0,0.0,0.0,0.0,0.0,0.0,0.0,0.0,0.0,0.0,112858870.0,88796130.0,57332743.0,47141875.0,57358992.0
"Cambridge Investment Research Advisors, Inc.",0.0,0.0,525.0,1137.0,4197.0,4859.0,5485.0,6432.0,5556.0,4497.0,5247.0,3616.0,4541.0,8400.0,7237.0,10148.0,5765.0,5503.0,4243.0,7969.0
Campbell & CO Investment Adviser LLC,0.0,0.0,0.0,0.0,0.0,0.0,0.0,0.0,0.0,0.0,0.0,0.0,0.0,0.0,0.0,0.0,0.0,0.0,0.0,203358.0
Candlestick Capital Management LP,0.0,0.0,0.0,0.0,0.0,5900.0,17389.0,77151.0,51554.0,0.0,0.0,0.0,0.0,0.0,0.0,0.0,0.0,0.0,0.0,20103564.0
Candriam Luxembourg S.C.A.,0.0,0.0,0.0,0.0,0.0,4265.0,5173.0,3903.0,3048.0,0.0,0.0,0.0,0.0,0.0,0.0,0.0,0.0,0.0,0.0,0.0
Candriam S.C.A.,0.0,0.0,0.0,0.0,0.0,0.0,0.0,0.0,0.0,2139.0,2706.0,2502072.0,3588810.0,4237422.0,3902907.0,14961298.0,6030750.0,7063391.0,6254651.0,8297530.0
"Cannon Global Investment Management, LLC",0.0,0.0,0.0,0.0,206.0,0.0,0.0,0.0,0.0,0.0,0.0,0.0,0.0,0.0,0.0,0.0,0.0,0.0,0.0,0.0
"Canton Hathaway, LLC",0.0,0.0,0.0,0.0,0.0,0.0,542.0,1048.0,229.0,0.0,102.0,131.0,365.0,338.0,0.0,63.0,51.0,43.0,0.0,0.0
"Cape Investment Advisory, Inc.",0.0,0.0,0.0,0.0,0.0,0.0,0.0,0.0,0.0,0.0,0.0,0.0,5709.0,6511.0,0.0,7363.0,0.0,15400.0,2527.0,4323.0
"Capital A Wealth Management, LLC",0.0,0.0,0.0,0.0,0.0,0.0,0.0,0.0,0.0,0.0,0.0,0.0,0.0,0.0,0.0,0.0,0.0,0.0,0.0,30882.0
"Capital Advantage, Inc.",0.0,0.0,0.0,0.0,2454.0,2588.0,0.0,0.0,0.0,0.0,0.0,0.0,0.0,0.0,0.0,0.0,0.0,0.0,0.0,673846.0
"Capital Advisors, Ltd. LLC",0.0,0.0,0.0,0.0,0.0,0.0,0.0,1.0,0.0,0.0,1.0,4.0,2.0,23.0,6.0,8.0,6.0,1.0,1.0,0.0
"Capital Advisory Group Advisory Services, LLC",0.0,0.0,0.0,4.0,16.0,27.0,33.0,0.0,30.0,0.0,0.0,0.0,0.0,0.0,0.0,0.0,0.0,0.0,0.0,0.0
Capital Asset Advisory Services LLC,0.0,0.0,0.0,12.0,0.0,0.0,0.0,0.0,0.0,0.0,0.0,0.0,0.0,0.0,0.0,0.0,0.0,0.0,0.0,0.0
"Capital Investment Advisors, LLC",0.0,0.0,0.0,0.0,0.0,0.0,249.0,282.0,0.0,0.0,0.0,0.0,0.0,0.0,0.0,0.0,219776.0,224385.0,231788.0,396353.0
"Capital Investment Advisory Services, LLC",0.0,0.0,0.0,0.0,0.0,0.0,0.0,0.0,0.0,0.0,0.0,0.0,0.0,202025.0,222433.0,312629.0,243370.0,272341.0,317473.0,396216.0
"Capital Investment Services of America, Inc.",0.0,0.0,0.0,0.0,0.0,0.0,0.0,0.0,0.0,0.0,0.0,0.0,0.0,11671170.0,13816977.0,17949004.0,15099904.0,14674016.0,11512418.0,15383559.0
"Caprock Group, LLC",0.0,0.0,0.0,0.0,0.0,0.0,0.0,0.0,0.0,0.0,0.0,0.0,751238.0,480425.0,321123.0,445959.0,401253.0,826751.0,439340.0,623199.0
"Caption Management, LLC",0.0,0.0,0.0,0.0,12609.0,0.0,0.0,0.0,24747.0,3476.0,0.0,0.0,10954590.0,1249458.0,763850.0,0.0,0.0,134347005.0,0.0,0.0
"Carmichael Hill & Associates, Inc.",0.0,0.0,10.0,20.0,57.0,69.0,32.0,101.0,64.0,40.0,49.0,38469.0,10492.0,11967.0,10389.0,13532.0,24725.0,20399.0,28830.0,0.0
Carmignac Gestion,0.0,0.0,34932.0,0.0,0.0,0.0,0.0,0.0,0.0,0.0,0.0,0.0,0.0,439950.0,0.0,0.0,0.0,0.0,0.0,0.0
"Carolina Wealth Advisors, LLC",0.0,0.0,0.0,0.0,0.0,0.0,0.0,0.0,0.0,0.0,0.0,0.0,0.0,0.0,0.0,0.0,0.0,0.0,0.0,9265.0
Carrera Capital Advisors,0.0,0.0,0.0,0.0,0.0,0.0,0.0,0.0,0.0,0.0,0.0,0.0,0.0,0.0,0.0,0.0,0.0,850121.0,0.0,0.0
"Carroll Financial Associates, Inc.",0.0,0.0,0.0,140.0,7.0,8.0,10.0,12.0,0.0,0.0,0.0,0.0,0.0,0.0,0.0,0.0,0.0,0.0,0.0,0.0
"Carroll Investors, Inc",0.0,0.0,0.0,0.0,0.0,0.0,0.0,10312.0,9119.0,8011.0,10659.0,6740561.0,9393296.0,11053817.0,10659990.0,8515293.0,11740485.0,11408854.0,3840385.0,5155646.0
Carson Advisory Inc.,0.0,0.0,0.0,0.0,0.0,0.0,0.0,0.0,0.0,0.0,0.0,0.0,0.0,0.0,0.0,0.0,0.0,0.0,240057.0,311136.0
"CarsonAllaria Wealth Management, Ltd.",0.0,0.0,0.0,0.0,0.0,0.0,0.0,34.0,23.0,14.0,17.0,14.0,15429.0,17598.0,22610.0,25472.0,18584.0,15535.0,13209.0,17757.0
"Cassady Schiller Wealth Management, LLC",0.0,0.0,0.0,0.0,0.0,0.0,0.0,0.0,0.0,0.0,0.0,144.0,0.0,0.0,0.0,0.0,0.0,0.0,0.0,2934.0
"Castle Rock Wealth Management, LLC",0.0,0.0,0.0,0.0,0.0,0.0,1125.0,1364.0,0.0,502.0,209.0,0.0,0.0,0.0,0.0,0.0,0.0,0.0,0.0,0.0
CastleKnight Management LP,0.0,0.0,0.0,0.0,0.0,0.0,0.0,0.0,0.0,0.0,0.0,0.0,0.0,1645413.0,1581170.0,4527250.0,7158880.0,2296530.0,0.0,0.0
"Castleview Partners, LLC",0.0,0.0,0.0,0.0,0.0,0.0,0.0,0.0,0.0,4450.0,9.0,0.0,0.0,1408.0,5041.0,6567.0,49773.0,43229.0,77687.0,81711.0
"Catalytic Wealth RIA, LLC",0.0,0.0,0.0,0.0,0.0,0.0,0.0,0.0,0.0,0.0,0.0,0.0,0.0,0.0,0.0,230840.0,248864.0,0.0,0.0,0.0
"Cavalry Management Group, LLC",0.0,0.0,0.0,0.0,0.0,7467.0,0.0,0.0,36557.0,44889.0,29049.0,0.0,0.0,6634446.0,0.0,0.0,0.0,73195034.0,732806.0,0.0
"Cedar Mountain Advisors, LLC",0.0,0.0,0.0,0.0,0.0,0.0,0.0,0.0,0.0,0.0,0.0,0.0,0.0,0.0,14208.0,18507.0,15029.0,12563.0,10682.0,2779.0
"Cedar Wealth Management, LLC",0.0,0.0,0.0,0.0,435.0,1175.0,757.0,755.0,323.0,185.0,0.0,0.0,0.0,0.0,0.0,0.0,2586.0,0.0,0.0,0.0
"Center Lake Capital Management, LLC",0.0,0.0,0.0,0.0,8644.0,0.0,8468.0,10501.0,9165.0,5750.0,0.0,0.0,0.0,0.0,0.0,0.0,0.0,0.0,0.0,0.0
"Center for Financial Planning, Inc.",0.0,0.0,0.0,0.0,2.0,2.0,6.0,3.0,2.0,1.0,2.0,1435.0,1543.0,1760.0,1528.0,1990.0,1616.0,1351.0,1149.0,1545.0
CenterBook Partners LP,0.0,0.0,0.0,0.0,0.0,0.0,0.0,0.0,0.0,0.0,0.0,0.0,0.0,0.0,0.0,2124723.0,3536454.0,0.0,0.0,0.0
"CenterStar Asset Management, LLC",0.0,0.0,4372.0,15.0,1276.0,0.0,0.0,0.0,0.0,0.0,1021.0,189.0,0.0,1284654.0,290263.0,2507400.0,1943281.0,2161440.0,0.0,0.0
"Centiva Capital, LP",0.0,0.0,0.0,224.0,0.0,4763.0,4968.0,26761.0,8213.0,4144.0,2533.0,1148320.0,0.0,1495830.0,700603.0,4312728.0,1303950.0,1141240.0,2239770.0,0.0
Central Asset Investments & Management Holdings (HK) Ltd,0.0,0.0,0.0,0.0,0.0,0.0,0.0,0.0,0.0,0.0,0.0,0.0,0.0,279808.0,0.0,2391980.0,326432.0,0.0,0.0,833814.0
Centurion Wealth Management LLC,0.0,0.0,0.0,0.0,0.0,0.0,0.0,0.0,0.0,0.0,0.0,0.0,0.0,0.0,0.0,0.0,0.0,0.0,218694.0,314379.0
Cercano Management LLC,0.0,0.0,0.0,0.0,0.0,0.0,0.0,0.0,0.0,0.0,0.0,1210903.0,1301590.0,1484567.0,1288768.0,0.0,0.0,0.0,0.0,0.0
Cerity Partners LLC,0.0,0.0,0.0,577.0,500.0,831.0,1244.0,1392.0,2102.0,0.0,2042.0,3022404.0,3496257.0,0.0,4129223.0,0.0,0.0,6620146.0,6198461.0,0.0
Certified Advisory Corp,0.0,0.0,0.0,0.0,1.0,0.0,0.0,0.0,0.0,0.0,0.0,0.0,0.0,0.0,0.0,0.0,0.0,0.0,0.0,0.0
Cetera Advisor Networks LLC,0.0,0.0,526.0,302.0,270.0,761.0,1059.0,1047.0,909.0,624.0,785.0,1848652.0,2322990.0,3672703.0,2744208.0,4175418.0,4045656.0,0.0,0.0,0.0
Cetera Advisors LLC,0.0,0.0,0.0,0.0,519.0,491.0,775.0,677.0,356.0,970.0,1602.0,1749035.0,1942357.0,2241457.0,2106240.0,3250466.0,4659090.0,0.0,0.0,0.0
Cetera Investment Advisers,0.0,0.0,0.0,682.0,849.0,690.0,1034.0,1201.0,1197.0,885.0,1154.0,2854149.0,3282219.0,3868040.0,3347038.0,4203875.0,11879216.0,9294192.0,7165656.0,11901151.0
"Chan Zuckerberg Initiative, LLC",0.0,0.0,0.0,0.0,0.0,0.0,0.0,0.0,0.0,0.0,0.0,116875436.0,184374390.0,0.0,0.0,0.0,0.0,0.0,0.0,0.0
"Chaney Capital Management, Inc.",0.0,0.0,0.0,0.0,0.0,0.0,0.0,0.0,0.0,0.0,0.0,0.0,0.0,0.0,0.0,378697.0,0.0,0.0,0.0,0.0
Chanos & Co LP,0.0,0.0,0.0,0.0,0.0,0.0,0.0,0.0,0.0,0.0,0.0,574160.0,462870.0,879900.0,0.0,0.0,0.0,0.0,0.0,0.0
Charles Winkler,0.0,0.0,0.0,2814.0,0.0,0.0,0.0,0.0,0.0,0.0,0.0,0.0,0.0,0.0,0.0,0.0,0.0,0.0,0.0,0.0
"Charter Oak Capital Management, LLC",0.0,0.0,0.0,0.0,0.0,0.0,0.0,0.0,0.0,0.0,0.0,0.0,0.0,0.0,0.0,0.0,0.0,0.0,0.0,0.0
"Cherry Creek Investment Advisors, Inc.",0.0,0.0,0.0,0.0,0.0,0.0,249.0,279.0,0.0,0.0,225.0,0.0,208600.0,0.0,0.0,0.0,0.0,0.0,0.0,0.0
"Chicago Capital, LLC",0.0,0.0,0.0,0.0,0.0,409.0,696.0,0.0,770.0,467.0,540.0,554782.0,596331.0,680163.0,590456.0,869232.0,937442.0,830263.0,697545.0,1052613.0
Chicago Partners Investment Group LLC,0.0,0.0,0.0,0.0,0.0,0.0,0.0,0.0,0.0,241.0,395.0,565267.0,225451.0,0.0,0.0,509321.0,352831.0,536656.0,468073.0,808693.0
"China Universal Asset Management Co., Ltd.",0.0,0.0,0.0,0.0,0.0,0.0,0.0,0.0,0.0,0.0,0.0,0.0,0.0,0.0,0.0,0.0,307347.0,0.0,0.0,250453.0
Cinctive Capital Management LP,0.0,0.0,3138.0,2038.0,3718.0,3874.0,4024.0,1925.0,0.0,0.0,0.0,211578.0,0.0,0.0,1335974.0,12672718.0,26567848.0,0.0,12500903.0,0.0
Cipher Capital LP,0.0,0.0,0.0,0.0,0.0,0.0,0.0,0.0,0.0,0.0,0.0,2263052.0,0.0,0.0,0.0,0.0,0.0,0.0,0.0,0.0
"Circle Wealth Management, LLC",0.0,0.0,0.0,0.0,323.0,827.0,1239.0,2096.0,1217.0,742.0,884.0,746839.0,807554.0,923720.0,802654.0,0.0,973479.0,1321451.0,1354889.0,2706807.0
Citizens Business Bank,0.0,0.0,0.0,0.0,0.0,0.0,0.0,0.0,0.0,0.0,0.0,0.0,0.0,0.0,0.0,0.0,0.0,0.0,0.0,5746512.0
City State Bank,0.0,0.0,0.0,0.0,0.0,0.0,0.0,5.0,10.0,6.0,2.0,1.0,2.0,2.0,154.0,676.0,549.0,594855.0,506992.0,681566.0
"Cladis Investment Advisory, LLC",0.0,0.0,0.0,0.0,0.0,0.0,0.0,0.0,217673.0,598389.0,892978.0,845118.0,2152345.0,2188488.0,1996093.0,2682918.0,1939524.0,2547798.0,2069203.0,2584051.0
Clare Market Investments LLC,0.0,0.0,0.0,0.0,0.0,0.0,0.0,377706.0,274039.0,0.0,0.0,0.0,0.0,548354.0,370926.0,662073.0,1161419.0,910777.0,491371.0,496737.0
Claret Asset Management Corp,0.0,0.0,0.0,0.0,0.0,0.0,0.0,0.0,0.0,0.0,0.0,0.0,0.0,0.0,0.0,0.0,0.0,210.0,0.0,245.0
ClariVest Asset Management LLC,0.0,0.0,0.0,0.0,0.0,0.0,0.0,0.0,5744.0,3486.0,4142.0,0.0,0.0,0.0,0.0,0.0,0.0,0.0,0.0,0.0
"Clarity Asset Management, Inc.",0.0,0.0,0.0,0.0,0.0,0.0,0.0,0.0,0.0,0.0,0.0,0.0,0.0,0.0,0.0,0.0,0.0,675.0,0.0,0.0
Clarity Capital Partners LLC,0.0,0.0,0.0,0.0,0.0,0.0,0.0,0.0,0.0,0.0,0.0,0.0,0.0,0.0,0.0,1456879.0,1622302.0,1667146.0,1434601.0,2068940.0
Clarity Financial LLC,0.0,0.0,0.0,0.0,0.0,0.0,0.0,0.0,0.0,0.0,0.0,0.0,0.0,0.0,0.0,0.0,0.0,337725.0,0.0,0.0
"Clarity Wealth Advisors, LLC",0.0,0.0,0.0,0.0,0.0,0.0,0.0,0.0,0.0,0.0,0.0,0.0,0.0,0.0,280180.0,365165.0,296536.0,247890.0,303230.0,0.0
"Clarius Group, LLC",0.0,0.0,0.0,0.0,210.0,621.0,3630.0,6112.0,6112.0,2383.0,2864.0,2416.0,2168237.0,2468999.0,2090657.0,3207084.0,2707285.0,2152659.0,2081608.0,5501783.0
Claro Advisors LLC,0.0,0.0,0.0,0.0,231.0,201.0,249.0,294.0,294.0,0.0,0.0,0.0,0.0,0.0,0.0,0.0,0.0,227492.0,0.0,231461.0
"Clarus Group, Inc.",0.0,0.0,0.0,0.0,0.0,0.0,0.0,0.0,0.0,222.0,272.0,0.0,0.0,0.0,0.0,0.0,0.0,0.0,0.0,0.0
Clean Yield Group,0.0,0.0,0.0,0.0,0.0,5.0,6.0,7.0,5.0,3.0,3.0,2871.0,3086.0,3520.0,3271.0,3980.0,3232.0,2702.0,2297.0,3088.0
"Clear Creek Financial Management, LLC",0.0,0.0,0.0,341.0,0.0,0.0,0.0,0.0,0.0,0.0,0.0,0.0,0.0,0.0,0.0,0.0,0.0,231544.0,210079.0,352055.0
"Clear Perspective Advisors, LLC",0.0,0.0,0.0,0.0,0.0,0.0,0.0,602.0,0.0,0.0,0.0,0.0,0.0,0.0,0.0,0.0,0.0,0.0,0.0,0.0
"Clearbridge Investments, LLC",0.0,0.0,0.0,0.0,0.0,0.0,0.0,0.0,0.0,139343.0,224352.0,242753380.0,271316791.0,301200445.0,255229692.0,325890197.0,254570713.0,323144372.0,127368089.0,181749337.0
"Clearstead Advisors, LLC",0.0,0.0,0.0,464.0,1480.0,1356.0,1561.0,1519.0,787.0,265.0,280.0,243444.0,223412.0,275233.0,403924.0,286560.0,295612.0,235462.0,242700.0,357768.0
Clearview Wealth Advisors LLC,0.0,0.0,0.0,0.0,0.0,0.0,0.0,2.0,1.0,0.0,0.0,0.0,0.0,3520.0,0.0,0.0,0.0,0.0,0.0,0.0
Close Asset Management Ltd,0.0,0.0,0.0,0.0,5.0,0.0,0.0,0.0,0.0,0.0,0.0,0.0,0.0,0.0,0.0,0.0,0.0,0.0,0.0,0.0
CloudAlpha Capital Management Limited/Hong Kong,0.0,0.0,0.0,36863.0,11693.0,0.0,0.0,0.0,1375.0,0.0,5116.0,8440.0,0.0,42365513.0,23429910.0,18864145.0,10029219.0,0.0,0.0,7629089.0
"Coastal Capital Group, Inc.",0.0,0.0,5.0,18.0,15.0,0.0,0.0,0.0,0.0,0.0,0.0,0.0,0.0,0.0,0.0,0.0,0.0,0.0,0.0,0.0
"Coastal Investment Advisors, Inc.",0.0,0.0,0.0,0.0,0.0,0.0,330.0,647.0,346.0,223.0,302.0,218181.0,0.0,0.0,0.0,0.0,0.0,0.0,0.0,0.0
Coastline Trust Co,0.0,0.0,0.0,0.0,0.0,0.0,0.0,0.0,0.0,0.0,0.0,0.0,0.0,0.0,0.0,0.0,0.0,0.0,109232.0,349430.0
"Codex Capital, L.L.C.",0.0,0.0,1970.0,2093.0,2415.0,3642100.0,4545100.0,4917900.0,3331950.0,3331950.0,2295000.0,1937790.0,2082915.0,1671810.0,1451315.0,1791000.0,0.0,0.0,0.0,0.0
"Cohen Capital Management, Inc.",0.0,0.0,0.0,0.0,0.0,0.0,0.0,0.0,0.0,0.0,0.0,0.0,0.0,0.0,0.0,0.0,412080.0,2430809.0,2150639.0,2891173.0
Collaborative Holdings Management LP,0.0,0.0,0.0,0.0,0.0,0.0,0.0,0.0,0.0,4752.0,170.0,0.0,0.0,0.0,0.0,0.0,0.0,0.0,0.0,0.0
"Colonial River Wealth Management, LLC",0.0,0.0,0.0,0.0,0.0,0.0,1969.0,0.0,0.0,0.0,0.0,0.0,0.0,0.0,0.0,0.0,0.0,0.0,0.0,0.0
Colonial Trust Advisors,0.0,0.0,0.0,0.0,0.0,0.0,0.0,0.0,0.0,0.0,0.0,8612.0,15429.0,14078.0,38193.0,51740.0,69973.0,62276.0,57775.0,84153.0
Colonial Trust Co / SC,0.0,0.0,0.0,0.0,0.0,0.0,0.0,0.0,0.0,0.0,0.0,3417.0,6395.0,7910.0,7193.0,0.0,0.0,0.0,0.0,32735.0
"Colony Group, LLC",0.0,0.0,0.0,0.0,0.0,0.0,0.0,0.0,0.0,0.0,0.0,0.0,0.0,0.0,0.0,0.0,3537.0,6535.0,8754745.0,0.0
Columbia Asset Management,0.0,0.0,0.0,0.0,0.0,0.0,0.0,0.0,0.0,239.0,280.0,0.0,0.0,0.0,0.0,0.0,0.0,0.0,0.0,0.0
"Column Capital Advisors, LLC",0.0,0.0,110.0,123.0,225.0,228.0,279.0,303.0,246.0,195.0,248.0,209568.0,243778.0,278048.0,241377.0,0.0,0.0,0.0,0.0,0.0
"Comprehensive Financial Consultants Institutional, Inc.",0.0,0.0,0.0,0.0,0.0,0.0,0.0,1.0,0.0,0.0,0.0,0.0,0.0,0.0,0.0,0.0,0.0,0.0,0.0,0.0
Comprehensive Financial Management LLC,0.0,0.0,0.0,56280.0,43177.0,45535.0,55386.0,27991.0,19295.0,12158.0,14632.0,12357502.0,13282980.0,9613963.0,8345978.0,10871569.0,8828370.0,7380104.0,6430669.0,8644953.0
"Concentric Capital Strategies, LP",0.0,0.0,0.0,0.0,0.0,0.0,0.0,0.0,0.0,0.0,766.0,0.0,0.0,0.0,0.0,321982.0,5045637.0,3058843.0,3147738.0,6074644.0
Concentrum Wealth Management,0.0,0.0,236.0,277.0,242.0,256.0,332.0,398.0,279.0,0.0,0.0,0.0,0.0,0.0,0.0,0.0,0.0,0.0,0.0,0.0
Concord Wealth Partners,0.0,0.0,0.0,56.0,46.0,48.0,60.0,51.0,35.0,21.0,0.0,23253.0,24995.0,28509.0,46442.0,796.0,323.0,270.0,230.0,772.0
"Concurrent Investment Advisors, LLC",0.0,0.0,0.0,0.0,0.0,0.0,0.0,0.0,0.0,0.0,0.0,0.0,0.0,0.0,0.0,291137.0,258076.0,223709.0,234544.0,333510.0
Congress Park Capital LLC,0.0,0.0,0.0,0.0,0.0,0.0,0.0,0.0,0.0,0.0,0.0,241147.0,282351.0,282448.0,241377.0,463670.0,348248.0,1989741.0,1196267.0,1486351.0
Congress Wealth Management LLC / DE /,0.0,0.0,0.0,0.0,0.0,0.0,0.0,0.0,0.0,0.0,233.0,0.0,271627.0,0.0,0.0,0.0,0.0,262233.0,0.0,0.0
"Connective Portfolio Management, LLC",0.0,0.0,0.0,0.0,0.0,0.0,0.0,579.0,0.0,1321.0,0.0,0.0,852660.0,0.0,0.0,0.0,1425312.0,0.0,0.0,0.0
"Connor, Clark & Lunn Investment Management Ltd.",0.0,0.0,0.0,0.0,0.0,977.0,0.0,0.0,482.0,1499.0,4336.0,0.0,0.0,0.0,13618834.0,0.0,323200.0,1334689.0,2569648.0,19174325.0
Consolidated Portfolio Review Corp,0.0,0.0,0.0,0.0,0.0,0.0,0.0,0.0,0.0,0.0,0.0,0.0,0.0,0.0,0.0,0.0,0.0,0.0,0.0,202586.0
"Continuum Advisory, LLC",0.0,0.0,0.0,0.0,0.0,0.0,0.0,0.0,0.0,0.0,0.0,0.0,0.0,0.0,0.0,0.0,20107.0,6890.0,6593.0,7257.0
Coppell Advisory Solutions LLC,0.0,0.0,0.0,0.0,0.0,0.0,0.0,0.0,0.0,0.0,0.0,0.0,0.0,0.0,0.0,0.0,0.0,0.0,0.0,41222.0
Corbenic Partners LLC,0.0,0.0,0.0,16.0,34.0,34.0,52.0,59.0,23.0,11.0,0.0,0.0,0.0,0.0,0.0,0.0,0.0,0.0,0.0,0.0
Cordasco Financial Network,0.0,0.0,0.0,0.0,23.0,24.0,30.0,0.0,23.0,7.0,0.0,0.0,0.0,0.0,0.0,0.0,0.0,0.0,0.0,0.0
Cordatus Wealth Management LLC,0.0,0.0,0.0,0.0,0.0,0.0,0.0,1690.0,0.0,0.0,0.0,0.0,0.0,0.0,0.0,0.0,0.0,0.0,0.0,0.0
Core Alternative Capital,0.0,0.0,0.0,0.0,0.0,0.0,0.0,1.0,17.0,13.0,16.0,7177.0,14966.0,17246.0,14971.0,15522.0,162.0,135.0,115.0,154.0
"CoreCap Advisors, LLC",0.0,0.0,0.0,0.0,0.0,0.0,0.0,129.0,0.0,60.0,0.0,41627.0,0.0,0.0,0.0,0.0,21654.0,0.0,11716.0,41845.0
"Corient Capital Partners, LLC",0.0,0.0,0.0,0.0,36.0,37.0,0.0,0.0,104.0,0.0,0.0,0.0,0.0,0.0,0.0,0.0,0.0,0.0,0.0,0.0
Corient Private Wealth LLC,0.0,0.0,0.0,0.0,0.0,0.0,0.0,0.0,0.0,0.0,0.0,0.0,0.0,933936.0,924999.0,1711384.0,1913655.0,1823435.0,1540274.0,1310016.0
"Cornerstone Advisors, Inc.",0.0,0.0,44.0,0.0,0.0,0.0,0.0,0.0,0.0,0.0,0.0,0.0,0.0,0.0,0.0,0.0,0.0,0.0,0.0,0.0
"Cornerstone Advisory, LLC",0.0,0.0,0.0,269.0,225.0,370.0,463.0,648.0,380.0,206.0,251.0,226937.0,247173.0,276817.0,232668.0,293127.0,404808.0,0.0,0.0,0.0
Cornerstone Planning Group LLC,0.0,0.0,0.0,0.0,0.0,0.0,0.0,0.0,0.0,0.0,0.0,2570.0,0.0,3344.0,3361.0,9751.0,4461.0,6871.0,4972.0,10356.0
"Cornerstone Wealth Management, LLC",0.0,0.0,360.0,0.0,0.0,0.0,0.0,0.0,0.0,0.0,0.0,0.0,0.0,0.0,0.0,0.0,0.0,0.0,0.0,0.0
Corton Capital Inc.,0.0,0.0,0.0,0.0,0.0,0.0,0.0,0.0,1947.0,890.0,307.0,436936.0,549890.0,445405.0,703811.0,1930101.0,1182427.0,0.0,0.0,0.0
"Coston, McIsaac & Partners",0.0,0.0,0.0,0.0,0.0,0.0,0.0,0.0,0.0,0.0,0.0,0.0,0.0,0.0,0.0,1.0,0.0,0.0,0.0,0.0
"Cota Capital Management, LLC",0.0,0.0,0.0,0.0,0.0,0.0,0.0,0.0,0.0,0.0,0.0,0.0,0.0,0.0,0.0,0.0,979781.0,1751712.0,2800976.0,0.0
Counterpoint Mutual Funds LLC,0.0,0.0,0.0,0.0,0.0,0.0,0.0,0.0,0.0,0.0,0.0,0.0,0.0,0.0,0.0,0.0,0.0,0.0,229375.0,0.0
Covestor Ltd,0.0,0.0,0.0,0.0,0.0,0.0,0.0,50.0,28.0,16.0,23.0,40.0,21.0,24.0,21.0,56.0,57.0,96.0,95.0,123.0
Covington Capital Management,0.0,0.0,79.0,89.0,84.0,97.0,121.0,141.0,865.0,82.0,579.0,0.0,0.0,0.0,0.0,0.0,0.0,0.0,0.0,0.0
"Cravens & Co Advisors, LLC",0.0,0.0,0.0,0.0,0.0,0.0,0.0,0.0,0.0,0.0,0.0,355262.0,295157.0,343865.0,368940.0,474416.0,381538.0,0.0,0.0,0.0
"Crawford Fund Management, LLC",0.0,0.0,0.0,0.0,0.0,0.0,0.0,0.0,0.0,0.0,0.0,0.0,0.0,0.0,0.0,0.0,0.0,0.0,643216.0,818373.0
"Crawford Lake Capital Management, LLC",0.0,0.0,0.0,0.0,0.0,0.0,0.0,0.0,0.0,2404.0,0.0,0.0,0.0,0.0,0.0,0.0,0.0,0.0,0.0,0.0
Creative Capital Management Investments LLC,0.0,0.0,0.0,0.0,0.0,0.0,0.0,0.0,0.0,0.0,0.0,0.0,0.0,39420.0,0.0,0.0,0.0,0.0,0.0,0.0
Creative Planning,0.0,0.0,749.0,3695.0,0.0,29440.0,27297.0,29734.0,17884.0,13871.0,12565.0,10974953.0,6559284.0,9121911.0,19378797.0,29964361.0,23397646.0,21798293.0,15013407.0,22741733.0
"CreativeOne Wealth, LLC",0.0,0.0,0.0,0.0,0.0,0.0,0.0,0.0,262.0,256.0,0.0,0.0,208.0,250.0,0.0,0.0,0.0,0.0,0.0,0.0
Creekmur Asset Management LLC,0.0,0.0,0.0,0.0,0.0,0.0,0.0,0.0,0.0,0.0,0.0,0.0,0.0,0.0,0.0,1284943.0,800890.0,539685.0,61910.0,416289.0
"Crescent Capital Consulting, LLC",0.0,0.0,0.0,28.0,23.0,0.0,0.0,0.0,0.0,0.0,0.0,0.0,0.0,0.0,0.0,0.0,0.0,0.0,0.0,0.0
"Cresset Asset Management, LLC",0.0,0.0,0.0,0.0,0.0,0.0,258.0,3510.0,0.0,769.0,1310.0,1045273.0,1117985.0,3044278.0,0.0,0.0,19230.0,946.0,15162.0,5263574.0
"Cresta Advisors, Ltd.",0.0,0.0,0.0,0.0,0.0,0.0,0.0,0.0,0.0,0.0,0.0,0.0,0.0,0.0,313179.0,407950.0,331280.0,276935.0,235463.0,235463.0
"Crestline Management, LP",0.0,0.0,0.0,0.0,0.0,0.0,0.0,20325.0,0.0,0.0,0.0,0.0,0.0,0.0,0.0,4124076.0,6125771.0,0.0,8708685.0,3715568.0
Crestone Asset Management LLC,0.0,0.0,0.0,0.0,0.0,394.0,239.0,0.0,0.0,1139.0,1392.0,0.0,0.0,0.0,0.0,0.0,0.0,0.0,0.0,0.0
Crestwood Advisors Group LLC,0.0,0.0,203.0,234.0,207.0,212.0,0.0,0.0,0.0,0.0,0.0,0.0,0.0,0.0,0.0,0.0,0.0,0.0,0.0,0.0
Crewe Advisors LLC,0.0,0.0,0.0,0.0,0.0,0.0,0.0,0.0,0.0,5.0,6.0,7464.0,3395.0,1232.0,0.0,0.0,8888.0,6620.0,17229.0,23162.0
Cross Staff Investments Inc,0.0,0.0,0.0,0.0,0.0,0.0,0.0,339.0,229.0,0.0,0.0,0.0,0.0,0.0,0.0,0.0,0.0,0.0,0.0,0.0
"Crossmark Global Holdings, Inc.",0.0,0.0,0.0,0.0,0.0,0.0,315.0,390.0,275.0,0.0,278.0,275.0,279.0,302.0,273.0,324.0,339.0,284.0,237.0,248.0
Crossvault Capital Management LLC,0.0,0.0,0.0,0.0,1324.0,4331.0,4952.0,5481.0,3611.0,1694.0,0.0,0.0,0.0,0.0,0.0,0.0,0.0,0.0,0.0,0.0
Crystal Rock Capital Management,0.0,0.0,0.0,2216.0,1427.0,1650.0,1898.0,1050.0,710.0,431.0,527.0,444974.0,478299.0,739116.0,641634.0,835800.0,678720.0,567378.0,482412.0,648522.0
"Cunning Capital Partners, LP",0.0,0.0,0.0,1863.0,0.0,0.0,0.0,0.0,0.0,0.0,0.0,0.0,0.0,0.0,0.0,0.0,0.0,0.0,0.0,0.0
"Curi RMB Capital, LLC",0.0,0.0,0.0,0.0,0.0,0.0,0.0,0.0,0.0,0.0,0.0,0.0,0.0,0.0,0.0,0.0,3439510.0,2965090.0,2999224.0,3252597.0
"Curi Wealth Management, LLC",0.0,0.0,0.0,0.0,0.0,0.0,0.0,3.0,0.0,0.0,0.0,0.0,0.0,0.0,0.0,0.0,0.0,0.0,0.0,0.0
Cutler Group LLC / CA,0.0,0.0,0.0,0.0,0.0,0.0,0.0,0.0,0.0,0.0,8082.0,9838.0,9548.0,5966.0,6569.0,5015.0,451.0,0.0,0.0,0.0
Cutler Group LP,0.0,0.0,9527.0,11466.0,9117.0,11974.0,9938.0,7620.0,14115.0,7306.0,0.0,0.0,0.0,0.0,0.0,0.0,0.0,0.0,0.0,0.0
"Cynosure Group, LLC",0.0,0.0,0.0,0.0,0.0,0.0,0.0,0.0,0.0,0.0,0.0,0.0,0.0,0.0,0.0,0.0,0.0,0.0,637274.0,0.0
Cypress Capital Management LLC (WY),0.0,0.0,0.0,28.0,23.0,24.0,30.0,34.0,23.0,0.0,0.0,0.0,0.0,0.0,0.0,0.0,0.0,0.0,0.0,0.0
D L CARLSON INVESTMENT GROUP INC,0.0,0.0,0.0,0.0,0.0,0.0,0.0,5513.0,4253.0,2563.0,3119.0,2428.0,1498.0,1674626.0,1406706.0,0.0,0.0,0.0,0.0,0.0
"D'Orazio & Associates, Inc.",0.0,0.0,0.0,0.0,69.0,73.0,91.0,0.0,0.0,0.0,0.0,0.0,0.0,0.0,0.0,0.0,0.0,0.0,0.0,0.0
D.A. DAVIDSON & CO.,0.0,0.0,0.0,0.0,208.0,355.0,656.0,784.0,530.0,213.0,0.0,526935.0,488945.0,696705.0,626815.0,964553.0,1125221.0,2580759.0,3979669.0,10330183.0
"D.B. Root & Company, LLC",0.0,0.0,0.0,0.0,0.0,0.0,0.0,0.0,0.0,0.0,266.0,211291.0,229121.0,0.0,0.0,0.0,0.0,0.0,0.0,0.0
D1 Capital Partners L.P.,0.0,0.0,233684.0,279715.0,476787.0,506063.0,390862.0,459019.0,306562.0,254479.0,265138.0,162612734.0,46766379.0,33081248.0,0.0,0.0,0.0,0.0,0.0,0.0
DARK FOREST CAPITAL MANAGEMENT LP,0.0,0.0,0.0,0.0,0.0,0.0,250.0,0.0,0.0,12.0,8.0,0.0,0.0,1012765.0,1311989.0,0.0,0.0,0.0,586131.0,839218.0
DAVENPORT & Co LLC,0.0,0.0,0.0,0.0,0.0,0.0,0.0,0.0,0.0,0.0,0.0,0.0,0.0,0.0,0.0,0.0,0.0,0.0,0.0,402051.0
"DAYMARK WEALTH PARTNERS, LLC",0.0,0.0,0.0,0.0,0.0,0.0,0.0,0.0,0.0,0.0,0.0,0.0,0.0,369734.0,344649.0,579090.0,475750.0,419049.0,303690.0,802006.0
"DC Investments Management, LLC",0.0,0.0,1317.0,0.0,0.0,0.0,0.0,0.0,0.0,0.0,0.0,0.0,0.0,0.0,0.0,0.0,0.0,0.0,0.0,0.0
"DCF Advisers, LLC",0.0,0.0,0.0,0.0,0.0,0.0,0.0,0.0,0.0,0.0,0.0,0.0,0.0,0.0,0.0,0.0,0.0,439043.0,0.0,0.0
"DDD Partners, LLC",0.0,0.0,0.0,0.0,5407.0,5822.0,7313.0,8323.0,0.0,3079.0,3817.0,3286779.0,3494823.0,4049828.0,3526638.0,4294221.0,3464058.0,2875796.0,2429748.0,984209.0
DELTA ASSET MANAGEMENT LLC/TN,0.0,0.0,0.0,32.0,21.0,22.0,45.0,58.0,0.0,0.0,0.0,24402.0,26229.0,15838.0,13749.0,17910.0,15190.0,12698.0,10797.0,14515.0
DELTEC ASSET MANAGEMENT LLC,0.0,0.0,0.0,0.0,0.0,0.0,0.0,0.0,0.0,0.0,0.0,0.0,0.0,0.0,0.0,0.0,0.0,3208387.0,2325915.0,0.0
DEUTSCHE BANK AG\,0.0,0.0,0.0,0.0,0.0,0.0,0.0,0.0,0.0,0.0,0.0,0.0,0.0,0.0,0.0,0.0,0.0,18344682.0,17229.0,0.0
"DFPG INVESTMENTS, LLC",0.0,0.0,446.0,1638.0,1417.0,2087.0,2609.0,1599.0,1396.0,3164.0,3827.0,1776971.0,3164334.0,4517191.0,4643688.0,5508184.0,0.0,0.0,0.0,0.0
DIMENSION CAPITAL MANAGEMENT LLC,0.0,0.0,3.0,0.0,827.0,858.0,1037.0,1184.0,819.0,490.0,583.0,509136.0,540632.0,1256541.0,1091980.0,717548.0,626970.0,0.0,0.0,0.0
DIMENSIONAL FUND ADVISORS LP,0.0,0.0,0.0,0.0,0.0,0.0,0.0,0.0,0.0,14576.0,21999.0,20359.0,23531076.0,29672198.0,25184164.0,34209501.0,29649815.0,30031936.0,33959840.0,44517390.0
"DISCOVERY CAPITAL MANAGEMENT, LLC / CT",0.0,0.0,6275.0,0.0,5732.0,0.0,0.0,0.0,0.0,0.0,0.0,0.0,0.0,0.0,0.0,0.0,0.0,0.0,0.0,0.0
DOCKYARD CAPITAL MANAGEMENT LP,0.0,0.0,0.0,0.0,0.0,0.0,0.0,1694.0,0.0,0.0,0.0,0.0,0.0,0.0,0.0,0.0,0.0,0.0,0.0,0.0
"DOLIVER ADVISORS, LP",0.0,0.0,0.0,0.0,0.0,0.0,0.0,0.0,0.0,0.0,0.0,0.0,0.0,0.0,1263561.0,1735678.0,430179.0,328269.0,257401.0,1275735.0
DRIEHAUS CAPITAL MANAGEMENT LLC,0.0,0.0,956.0,644.0,0.0,0.0,0.0,0.0,0.0,0.0,0.0,0.0,0.0,0.0,0.0,0.0,0.0,0.0,0.0,0.0
DSM Capital Partners LLC,0.0,0.0,0.0,0.0,0.0,0.0,0.0,0.0,0.0,0.0,0.0,0.0,0.0,0.0,0.0,60496.0,49126.0,41067.0,34917.0,0.0
"DT Investment Partners, LLC",0.0,0.0,0.0,0.0,0.0,0.0,0.0,0.0,0.0,0.0,0.0,0.0,0.0,0.0,0.0,0.0,0.0,1486.0,2413.0,0.0
"DUALITY ADVISERS, LP",0.0,0.0,0.0,0.0,0.0,0.0,0.0,0.0,0.0,0.0,0.0,0.0,3862959.0,2364643.0,0.0,4365264.0,0.0,0.0,0.0,0.0
"DZ BANK AG Deutsche Zentral Genossenschafts Bank, Frankfurt am Main",0.0,0.0,0.0,0.0,0.0,0.0,0.0,38.0,0.0,0.0,8.0,0.0,0.0,0.0,0.0,0.0,60600.0,26907.0,0.0,44161.0
Daiwa Securities Group Inc.,0.0,0.0,342.0,384.0,313.0,330.0,2859.0,3507.0,2441.0,1558.0,1989.0,22793.0,31346.0,33393.0,33044.0,49105.0,107448.0,169981.0,2614.0,6394.0
Dakota Wealth Management,0.0,0.0,0.0,737.0,0.0,0.0,0.0,223.0,858.0,0.0,296.0,0.0,238996.0,1253858.0,0.0,206562.0,234482.0,0.0,0.0,0.0
"Dana Investment Advisors, Inc.",0.0,0.0,0.0,0.0,0.0,0.0,0.0,0.0,0.0,0.0,0.0,0.0,0.0,0.0,0.0,0.0,0.0,0.0,0.0,5296109.0
"Danda Trouve Investment Management, Inc.",0.0,0.0,0.0,0.0,0.0,0.0,0.0,1.0,0.0,0.0,0.0,0.0,0.0,0.0,0.0,0.0,0.0,0.0,0.0,0.0
Davidson Capital Management Inc.,0.0,0.0,0.0,0.0,0.0,2.0,3.0,3.0,3.0,2.0,3.0,2153.0,4166.0,4928.0,5195.0,6965.0,0.0,0.0,0.0,0.0
Davidson Kempner Capital Management LP,0.0,0.0,13868.0,0.0,0.0,21762.0,0.0,22103.0,0.0,0.0,0.0,0.0,0.0,0.0,0.0,0.0,0.0,8443125.0,8614500.0,11580750.0
"DeDora Capital, Inc.",0.0,0.0,0.0,0.0,0.0,0.0,0.0,0.0,48.0,0.0,0.0,0.0,0.0,0.0,0.0,0.0,0.0,0.0,0.0,0.0
"DecisionPoint Financial, LLC",0.0,0.0,0.0,0.0,0.0,0.0,0.0,0.0,0.0,0.0,0.0,0.0,0.0,0.0,0.0,0.0,0.0,0.0,0.0,3861.0
Degroof Petercam Asset Management,0.0,0.0,0.0,0.0,0.0,0.0,0.0,0.0,0.0,0.0,0.0,0.0,0.0,0.0,0.0,1361160.0,1105344.0,0.0,0.0,0.0
"Del-Sette Capital Management, LLC",0.0,0.0,0.0,0.0,0.0,0.0,0.0,0.0,0.0,1899.0,2610.0,0.0,0.0,0.0,0.0,0.0,0.0,0.0,0.0,0.0
"Delphi Financial Group, Inc.",0.0,0.0,0.0,0.0,0.0,0.0,2613.0,1833.0,0.0,2218.0,1963.0,1658174.0,401308.0,0.0,0.0,0.0,0.0,0.0,0.0,0.0
Delphia (USA) Inc.,0.0,0.0,0.0,0.0,0.0,0.0,0.0,259.0,1383.0,1003.0,313.0,401481.0,445590.0,229654.0,0.0,0.0,0.0,0.0,0.0,0.0
Desjardins Global Asset Management Inc.,0.0,0.0,0.0,0.0,0.0,0.0,0.0,840.0,542.0,114.0,144.0,125.0,246.0,187419.0,263418.0,387585.0,0.0,0.0,0.0,0.0
"Destiny Wealth Partners, LLC",0.0,0.0,0.0,0.0,0.0,0.0,0.0,0.0,0.0,0.0,0.0,3732.0,0.0,0.0,0.0,0.0,0.0,0.0,0.0,0.0
"Detalus Advisors, LLC",0.0,0.0,0.0,0.0,0.0,0.0,0.0,0.0,0.0,0.0,0.0,0.0,0.0,0.0,0.0,0.0,0.0,0.0,0.0,240346.0
"DiNuzzo Private Wealth, Inc.",0.0,0.0,0.0,0.0,0.0,0.0,0.0,0.0,0.0,0.0,0.0,0.0,0.0,0.0,0.0,1592.0,647.0,946.0,460.0,618.0
"Diligent Investors, LLC",0.0,0.0,0.0,0.0,0.0,0.0,0.0,0.0,0.0,0.0,0.0,0.0,0.0,0.0,0.0,0.0,0.0,364878.0,545126.0,732058.0
"Disciplined Investments, LLC",0.0,0.0,0.0,0.0,0.0,0.0,0.0,0.0,0.0,0.0,0.0,144.0,309.0,352.0,0.0,0.0,0.0,0.0,0.0,0.0
Diversified Trust Co,0.0,0.0,0.0,0.0,0.0,0.0,245.0,544.0,329.0,0.0,0.0,265.0,287750.0,305149.0,303248.0,672222.0,416604.0,0.0,205025.0,757535.0
"Diversify Advisory Services, LLC",0.0,0.0,0.0,0.0,0.0,0.0,0.0,0.0,0.0,0.0,0.0,0.0,0.0,0.0,0.0,0.0,9663143.0,4845190.0,10783311.0,16292139.0
Dixon Hughes Goodman Wealth Advisors LLC,0.0,0.0,0.0,0.0,0.0,0.0,0.0,39.0,23.0,0.0,0.0,0.0,0.0,0.0,0.0,0.0,0.0,0.0,0.0,0.0
Dixon Mitchell Investment Counsel Inc.,0.0,0.0,0.0,0.0,0.0,0.0,0.0,0.0,0.0,0.0,0.0,0.0,0.0,0.0,0.0,0.0,5494.0,0.0,0.0,0.0
Dodge & Cox,0.0,0.0,0.0,0.0,0.0,0.0,0.0,0.0,0.0,0.0,0.0,0.0,26192270.0,0.0,0.0,0.0,0.0,0.0,0.0,0.0
Dogwood Wealth Management LLC,0.0,0.0,0.0,0.0,0.0,0.0,0.0,0.0,0.0,0.0,0.0,0.0,0.0,0.0,0.0,9.0,5.0,0.0,3.0,0.0
Donoghue Forlines LLC,0.0,0.0,0.0,0.0,0.0,0.0,0.0,0.0,0.0,0.0,0.0,311195.0,299631.0,519317.0,0.0,0.0,0.0,479299.0,532261.0,1918390.0
"Douglass Winthrop Advisors, LLC",0.0,0.0,0.0,312.0,269.0,295.0,369.0,411.0,0.0,0.0,0.0,0.0,0.0,0.0,0.0,0.0,0.0,0.0,0.0,0.0
"Dragoneer Investment Group, LLC",0.0,0.0,974876.0,1091542.0,751258.0,743921.0,681567.0,466907.0,431883.0,390760.0,476026.0,374104426.0,477009136.0,265969485.0,43822686.0,57083946.0,80800.0,67545.0,57430.0,0.0
"Draper Asset Management, LLC",0.0,0.0,0.0,0.0,521.0,822.0,1165.0,1698.0,1356.0,891.0,1124.0,1004291.0,912746.0,1163715.0,1239464.0,1754955.0,1991166.0,1190066.0,0.0,0.0
"Dunhill Financial, LLC",0.0,0.0,0.0,0.0,0.0,0.0,0.0,0.0,0.0,0.0,0.0,0.0,0.0,0.0,0.0,0.0,16160.0,0.0,0.0,0.0
Durable Capital Partners LP,0.0,0.0,145530.0,165154.0,51934.0,0.0,0.0,0.0,0.0,0.0,0.0,0.0,0.0,0.0,0.0,0.0,0.0,0.0,0.0,0.0
Dynamic Advisor Solutions LLC,0.0,0.0,0.0,0.0,0.0,0.0,250.0,269.0,345.0,332.0,420.0,265836.0,258127.0,0.0,232974.0,262499.0,313666.0,259373.0,0.0,0.0
Dynamic Technology Lab Private Ltd,0.0,0.0,0.0,0.0,2162.0,1785.0,3785.0,0.0,0.0,0.0,683.0,0.0,0.0,2533.0,0.0,0.0,274.0,1568.0,1005000.0,1093000.0
"E Fund Management Co., Ltd.",0.0,0.0,0.0,0.0,0.0,0.0,0.0,0.0,0.0,0.0,0.0,0.0,0.0,0.0,0.0,0.0,0.0,0.0,0.0,590001.0
"E&G Advisors, LP",0.0,0.0,0.0,0.0,0.0,0.0,0.0,0.0,0.0,236.0,309.0,256937.0,538472.0,302158.0,262306.0,351832.0,346470.0,324621.0,264523.0,278401.0
E. Ohman J:or Asset Management AB,0.0,0.0,0.0,0.0,0.0,0.0,2721870.0,3455250.0,1443519.0,0.0,0.0,0.0,0.0,0.0,0.0,0.0,0.0,0.0,0.0,0.0
EA Series Trust,0.0,0.0,0.0,0.0,0.0,0.0,0.0,0.0,0.0,0.0,0.0,0.0,0.0,232470.0,0.0,0.0,0.0,0.0,0.0,0.0
EAGLE ASSET MANAGEMENT INC,0.0,0.0,0.0,0.0,0.0,0.0,0.0,0.0,1249.0,41637.0,51238.0,56050000.0,43278000.0,48767401.0,1224298.0,1365538.0,0.0,0.0,0.0,0.0
EARNEST PARTNERS LLC,0.0,0.0,0.0,0.0,0.0,0.0,0.0,36.0,24.0,15.0,18.0,15215.0,16355.0,18654.0,16194.0,0.0,0.0,0.0,0.0,0.0
EATON VANCE MANAGEMENT,0.0,0.0,0.0,0.0,70.0,30422.0,38079.0,85325.0,0.0,17509.0,36837.0,0.0,0.0,0.0,0.0,0.0,0.0,0.0,0.0,0.0
ECLECTIC ASSOCIATES INC /ADV,0.0,0.0,0.0,0.0,0.0,0.0,0.0,223.0,0.0,0.0,0.0,0.0,0.0,0.0,0.0,0.0,0.0,0.0,0.0,0.0
EDBI Pte Ltd,0.0,0.0,0.0,0.0,0.0,0.0,0.0,17158.0,12329.0,11156.0,16851.0,14231847.0,18439198.0,23309607.0,20953628.0,28135615.0,23433454.0,19589266.0,16655734.0,22390840.0
EDMOND DE ROTHSCHILD HOLDING S.A.,0.0,0.0,2.0,1618.0,967.0,949.0,2039.0,2671.0,1873.0,695.0,874.0,733202.0,951044.0,1085093.0,2021910.0,2224621.0,2075752.0,2124561.0,1422886.0,2570000.0
EFG Asset Management (North America) Corp.,0.0,0.0,0.0,0.0,0.0,0.0,0.0,0.0,0.0,0.0,0.0,0.0,0.0,0.0,0.0,0.0,1410746.0,0.0,0.0,1829221.0
EJF Capital LLC,0.0,0.0,0.0,0.0,0.0,0.0,0.0,0.0,344.0,209.0,1360.0,861240.0,462870.0,351960.0,0.0,0.0,0.0,202635.0,287150.0,0.0
ELEMENT CAPITAL MANAGEMENT LLC,0.0,0.0,0.0,0.0,0.0,0.0,0.0,0.0,0.0,0.0,0.0,0.0,0.0,0.0,0.0,0.0,999173.0,526581.0,0.0,0.0
"ELEMENT POINTE ADVISORS, LLC",0.0,0.0,0.0,0.0,230.0,542738.0,587.0,1215.0,824.0,329.0,402.0,0.0,0.0,215224.0,202115.0,526554.0,429532.0,206688.0,0.0,603280.0
"ELEVATION WEALTH PARTNERS, LLC",0.0,0.0,0.0,0.0,0.0,0.0,0.0,0.0,0.0,0.0,0.0,0.0,0.0,0.0,0.0,0.0,0.0,0.0,0.0,6949.0
ELKHORN PARTNERS LIMITED PARTNERSHIP,0.0,0.0,0.0,0.0,0.0,0.0,0.0,0.0,0.0,0.0,0.0,0.0,0.0,0.0,0.0,0.0,226.0,621.0,678.0,62.0
EMC Capital Management,0.0,0.0,0.0,0.0,0.0,0.0,0.0,0.0,0.0,0.0,0.0,0.0,0.0,0.0,0.0,0.0,63.0,540.0,818.0,472.0
"EMERALD ADVISERS, LLC",0.0,0.0,0.0,0.0,0.0,0.0,0.0,0.0,0.0,0.0,0.0,0.0,0.0,0.0,0.0,0.0,320614.0,14184.0,12060.0,16213.0
EMERALD MUTUAL FUND ADVISERS TRUST,0.0,0.0,0.0,0.0,0.0,0.0,0.0,0.0,0.0,0.0,0.0,0.0,0.0,0.0,0.0,0.0,86941.0,0.0,0.0,0.0
"EMFO, LLC",0.0,0.0,0.0,0.0,0.0,104.0,260.0,146.0,99.0,60.0,73.0,61722.0,66345.0,75672.0,65692.0,0.0,323200.0,0.0,0.0,0.0
EMJ Capital Ltd.,0.0,0.0,0.0,4784.0,0.0,0.0,0.0,0.0,0.0,0.0,0.0,0.0,0.0,0.0,0.0,0.0,0.0,0.0,0.0,0.0
ENGINE NO. 1 LLC,0.0,0.0,0.0,0.0,0.0,0.0,371.0,538.0,0.0,0.0,0.0,0.0,0.0,0.0,0.0,0.0,0.0,0.0,0.0,0.0
ENVESTNET ASSET MANAGEMENT INC,0.0,0.0,454.0,3256.0,5717.0,6547.0,11652.0,12954.0,21493.0,19462.0,25591.0,32561377.0,36428346.0,45808489.0,43897600.0,55954851.0,48052657.0,25154375.0,23630892.0,40621048.0
"EP Wealth Advisors, LLC",0.0,0.0,0.0,0.0,0.0,0.0,0.0,0.0,0.0,0.0,0.0,0.0,158711.0,1207223.0,0.0,0.0,0.0,201460.0,0.0,0.0
"EPIQ Capital Group, LLC",0.0,0.0,0.0,0.0,0.0,0.0,546.0,533.0,572.0,765.0,838.0,1453774.0,1007514.0,677347.0,493905.0,685953.0,487870.0,415132.0,311385.0,451958.0
ESSEX INVESTMENT MANAGEMENT CO LLC,0.0,0.0,76.0,86.0,67.0,0.0,0.0,0.0,0.0,0.0,0.0,0.0,0.0,0.0,0.0,0.0,0.0,0.0,0.0,0.0
"ETF MANAGERS GROUP, LLC",0.0,0.0,0.0,0.0,0.0,0.0,2555.0,0.0,0.0,943.0,0.0,0.0,0.0,0.0,0.0,0.0,0.0,0.0,0.0,0.0
EVERENCE CAPITAL MANAGEMENT INC,0.0,0.0,0.0,0.0,0.0,0.0,0.0,0.0,0.0,0.0,0.0,0.0,0.0,0.0,0.0,0.0,0.0,0.0,0.0,1390.0
EVERGREEN CAPITAL MANAGEMENT LLC,0.0,0.0,0.0,0.0,3726.0,4199.0,5690.0,6701.0,5324.0,235.0,147.0,0.0,0.0,0.0,0.0,150245.0,0.0,0.0,0.0,0.0
EVERMAY WEALTH MANAGEMENT LLC,0.0,0.0,0.0,0.0,0.0,58.0,58.0,5.0,3.0,2.0,3.0,2153.0,2161.0,2464.0,2139.0,122186.0,99223.0,82946.0,5973.0,11118.0
EVERPAR ADVISORS LLC,0.0,0.0,0.0,0.0,0.0,0.0,0.0,0.0,0.0,0.0,0.0,0.0,0.0,0.0,0.0,294719.0,0.0,0.0,0.0,0.0
"EVOKE WEALTH, LLC",0.0,0.0,0.0,0.0,506.0,0.0,0.0,0.0,0.0,0.0,0.0,5397248.0,6961719.0,8631819.0,1690400.0,5232705.0,4455474.0,0.0,2985786.0,3911360.0
EWG Elevate Inc.,0.0,0.0,0.0,0.0,0.0,0.0,0.0,0.0,0.0,0.0,0.0,14354.0,0.0,0.0,0.0,0.0,0.0,0.0,0.0,0.0
EXANE DERIVATIVES,0.0,0.0,0.0,0.0,0.0,58215.0,85585.0,280814.0,238739.0,42544.0,0.0,0.0,0.0,0.0,0.0,0.0,0.0,0.0,0.0,0.0
"EXCHANGE TRADED CONCEPTS, LLC",0.0,0.0,0.0,0.0,0.0,822.0,19.0,27.0,15.0,295.0,318.0,352169.0,370450.0,664852.0,1289073.0,2108007.0,2701952.0,2564954.0,2524163.0,2530780.0
"EXENCIAL WEALTH ADVISORS, LLC",0.0,0.0,0.0,312.0,263.0,251.0,314.0,347.0,264.0,0.0,0.0,0.0,0.0,0.0,0.0,0.0,0.0,0.0,0.0,0.0
Eagle Bay Advisors LLC,0.0,0.0,0.0,0.0,0.0,22.0,54.0,30.0,0.0,12376.0,15.0,0.0,0.0,0.0,0.0,0.0,0.0,0.0,0.0,0.0
Eagle Strategies LLC,0.0,0.0,0.0,0.0,0.0,0.0,0.0,0.0,0.0,0.0,0.0,0.0,0.0,0.0,0.0,0.0,0.0,0.0,0.0,877666.0
"East Coast Asset Management, LLC.",0.0,0.0,0.0,0.0,314.0,508.0,635.0,711.0,481.0,0.0,0.0,0.0,0.0,0.0,0.0,0.0,0.0,0.0,0.0,0.0
Eaton Vance Management,0.0,0.0,0.0,0.0,0.0,0.0,0.0,0.0,28879.0,0.0,0.0,0.0,0.0,0.0,0.0,0.0,0.0,0.0,0.0,0.0
Echo Street Capital Management LLC,0.0,0.0,0.0,0.0,0.0,75261.0,96992.0,96648.0,78521.0,0.0,0.0,0.0,238687.0,0.0,0.0,0.0,0.0,0.0,0.0,0.0
Econ Financial Services Corp,0.0,0.0,0.0,0.0,0.0,0.0,0.0,6.0,4.0,0.0,0.0,0.0,0.0,0.0,0.0,0.0,0.0,0.0,0.0,0.0
"Edge Capital Group, LLC",0.0,0.0,0.0,0.0,0.0,0.0,0.0,0.0,471.0,708.0,861.0,732341.0,774844.0,897146.0,775766.0,1090122.0,706515.0,0.0,0.0,0.0
Edge Wealth Management LLC,0.0,0.0,48.0,1.0,1.0,1.0,2.0,4.0,0.0,0.0,0.0,0.0,0.0,0.0,0.0,0.0,0.0,0.0,0.0,0.0
EdgeRock Capital LLC,0.0,0.0,0.0,0.0,0.0,0.0,0.0,0.0,0.0,0.0,0.0,0.0,0.0,0.0,324331.0,0.0,0.0,0.0,0.0,0.0
"Edgestream Partners, L.P.",0.0,0.0,0.0,0.0,0.0,0.0,0.0,0.0,0.0,0.0,0.0,0.0,0.0,510166.0,0.0,729932.0,0.0,0.0,4851916.0,0.0
Eisler Capital (UK) Ltd.,0.0,0.0,0.0,0.0,0.0,0.0,0.0,0.0,9171.0,0.0,0.0,0.0,0.0,0.0,0.0,0.0,0.0,0.0,0.0,0.0
Eisler Capital (US) LLC,0.0,0.0,0.0,0.0,0.0,0.0,0.0,0.0,0.0,0.0,0.0,0.0,4798419.0,9080568.0,10169593.0,19840300.0,9153994.0,6238456.0,1642498.0,0.0
"Elequin Capital, LP",0.0,0.0,0.0,0.0,0.0,0.0,0.0,0.0,0.0,0.0,0.0,0.0,0.0,0.0,0.0,0.0,0.0,0.0,8844.0,46477.0
"Ellevest, Inc.",0.0,0.0,0.0,0.0,0.0,0.0,11.0,91.0,128.0,57.0,145.0,118851.0,129758.0,223495.0,0.0,0.0,0.0,0.0,0.0,0.0
"Ellis Investment Partners, LLC",0.0,0.0,0.0,0.0,9.0,13.0,0.0,0.0,6.0,11.0,7.0,0.0,0.0,0.0,0.0,0.0,0.0,0.0,0.0,0.0
"Elmwood Wealth Management, Inc.",0.0,0.0,0.0,0.0,11.0,12.0,0.0,17.0,0.0,0.0,0.0,0.0,0.0,0.0,0.0,0.0,0.0,0.0,0.0,0.0
Elo Mutual Pension Insurance Co,0.0,0.0,0.0,0.0,0.0,0.0,3945.0,5361.0,3796.0,2350.0,2842.0,2474.0,2760.0,3765.0,3334.0,4887000.0,4133000.0,3728349.0,3289246.0,4251062.0
"Empire Financial Management Company, LLC",0.0,0.0,0.0,0.0,0.0,0.0,0.0,0.0,0.0,0.0,0.0,0.0,0.0,0.0,0.0,0.0,0.0,0.0,0.0,667051.0
"Empirical Financial Services, LLC d.b.a. Empirical Wealth Management",0.0,0.0,0.0,0.0,298.0,0.0,0.0,0.0,0.0,0.0,0.0,0.0,0.0,0.0,0.0,0.0,316090.0,0.0,0.0,0.0
Employees Retirement System of Texas,0.0,0.0,25.0,0.0,0.0,0.0,5141.0,14905.0,13977.0,8483.0,0.0,0.0,1617.0,1813.0,0.0,2539.0,1745.0,1459.0,1240.0,509172.0
"Empowered Funds, LLC",0.0,0.0,0.0,0.0,0.0,0.0,0.0,0.0,0.0,0.0,302.0,0.0,199960.0,232470.0,202267.0,216910.0,383316.0,173185.0,156899.0,596331.0
Engineers Gate Manager LP,0.0,0.0,0.0,2870.0,0.0,0.0,1858.0,11575.0,392.0,0.0,0.0,0.0,0.0,231062.0,332733.0,1133703.0,3383096.0,21407037.0,25498920.0,20435700.0
"Enlightenment Research, LLC",0.0,0.0,0.0,2364.0,665.0,1064.0,817.0,0.0,0.0,0.0,0.0,0.0,0.0,0.0,0.0,0.0,0.0,0.0,0.0,0.0
"Ensign Peak Advisors, Inc",0.0,0.0,0.0,0.0,0.0,0.0,0.0,0.0,0.0,0.0,23984.0,27468245.0,13831636.0,25124312.0,28790730.0,65148222.0,56562585.0,38031618.0,13067048.0,20468592.0
Enterprise Trust & Investment Co,0.0,0.0,25.0,29.0,23.0,24.0,30.0,34.0,23.0,14.0,0.0,0.0,0.0,0.0,0.0,0.0,0.0,0.0,0.0,0.0
"Entropy Technologies, LP",0.0,0.0,0.0,0.0,0.0,0.0,0.0,0.0,0.0,0.0,0.0,0.0,0.0,0.0,0.0,1696873.0,6277998.0,3052764.0,0.0,0.0
"EntryPoint Capital, LLC",0.0,0.0,0.0,0.0,0.0,0.0,0.0,0.0,0.0,0.0,0.0,0.0,0.0,0.0,0.0,0.0,282154.0,159541.0,233740.0,0.0
"Envestnet Portfolio Solutions, Inc.",0.0,0.0,0.0,0.0,0.0,0.0,0.0,0.0,0.0,0.0,0.0,0.0,0.0,0.0,2603659.0,3279520.0,2751078.0,1126786.0,954027.0,1429065.0
Ergoteles LLC,0.0,0.0,0.0,0.0,0.0,0.0,0.0,8037.0,0.0,263.0,0.0,0.0,0.0,0.0,0.0,0.0,0.0,0.0,0.0,0.0
Erste Asset Management GmbH,0.0,0.0,0.0,1520250.0,0.0,0.0,0.0,3095825.0,2171995.0,0.0,7163649.0,8735013.0,7545330.0,1592489.0,5018921.0,7703460.0,6225336.0,1205280.0,1025280.0,1427850.0
Eschler Asset Management LLP,0.0,0.0,0.0,0.0,0.0,0.0,0.0,0.0,0.0,0.0,0.0,0.0,0.0,0.0,364815.0,0.0,0.0,0.0,0.0,0.0
Estuary Capital Management LP,0.0,0.0,0.0,0.0,0.0,0.0,0.0,0.0,0.0,0.0,0.0,0.0,0.0,0.0,0.0,0.0,0.0,0.0,28462193.0,0.0
Ethic Inc.,0.0,0.0,0.0,0.0,0.0,0.0,837.0,1486.0,1273.0,883.0,1658.0,1191526.0,1862126.0,2732441.0,2516427.0,2093480.0,3407797.0,2370694.0,3407797.0,3832765.0
"Ethos Financial Group, LLC",0.0,0.0,0.0,0.0,0.0,0.0,0.0,0.0,0.0,0.0,0.0,0.0,0.0,0.0,0.0,0.0,0.0,218.0,0.0,0.0
Euclidean Capital LLC,0.0,0.0,0.0,0.0,0.0,22794.0,0.0,0.0,0.0,0.0,0.0,0.0,0.0,0.0,0.0,0.0,0.0,0.0,0.0,0.0
"Evanson Asset Management, LLC",0.0,0.0,0.0,0.0,0.0,383.0,397.0,540.0,437.0,273.0,344.0,615714.0,303026.0,389620.0,338233.0,410736.0,0.0,0.0,0.0,0.0
"EverSource Wealth Advisors, LLC",0.0,0.0,0.0,0.0,0.0,0.0,0.0,18.0,0.0,8.0,73.0,77656.0,61099.0,42412.0,36359.0,71043.0,143181.0,1115504.0,511219.0,690490.0
"Evercore Wealth Management, LLC",0.0,0.0,0.0,0.0,0.0,0.0,372.0,417.0,281.0,0.0,227.0,0.0,226961.0,234581.0,202573.0,263874.0,214282.0,0.0,0.0,204748.0
"Evoke Wealth, LLC",0.0,0.0,0.0,0.0,0.0,666.0,2835.0,6153.0,4834.0,4980.0,6550.0,0.0,0.0,0.0,0.0,0.0,0.0,0.0,0.0,0.0
"Evolution Wealth Advisors, LLC",0.0,0.0,0.0,3.0,0.0,0.0,0.0,0.0,1773.0,1093.0,1354.0,632007.0,0.0,0.0,0.0,0.0,0.0,338671.0,0.0,0.0
"Evolutionary Tree Capital Management, LLC",0.0,0.0,0.0,0.0,0.0,0.0,0.0,0.0,0.0,965.0,1915.0,1621141.0,1544751.0,1792180.0,1527853.0,2006517.0,2079954.0,1377378.0,0.0,0.0
"ExodusPoint Capital Management, LP",0.0,0.0,0.0,0.0,0.0,0.0,0.0,0.0,0.0,0.0,0.0,2746.0,9770.0,0.0,0.0,546.0,0.0,14232.0,31172.0,8393.0
F/M Investments LLC,0.0,0.0,0.0,0.0,0.0,0.0,0.0,0.0,0.0,0.0,0.0,0.0,0.0,0.0,0.0,1767319.0,1425797.0,0.0,0.0,0.0
FARMERS & MERCHANTS INVESTMENTS INC,0.0,0.0,0.0,0.0,0.0,0.0,0.0,0.0,0.0,0.0,3.0,2871.0,3086.0,2640.0,7486.0,2985.0,2424.0,2026.0,1723.0,2316.0
"FDx Advisors, Inc.",0.0,0.0,0.0,0.0,3162.0,0.0,0.0,0.0,0.0,204.0,0.0,352.0,352.0,418.0,427.0,461.0,380.0,0.0,0.0,0.0
FFT WEALTH MANAGEMENT LLC,0.0,0.0,0.0,0.0,0.0,0.0,0.0,439.0,458.0,281.0,340.0,288228.0,311357.0,0.0,0.0,0.0,0.0,0.0,0.0,0.0
"FIRST AMERICAN TRUST, FSB",0.0,0.0,0.0,0.0,0.0,0.0,0.0,0.0,0.0,0.0,0.0,0.0,0.0,0.0,0.0,0.0,0.0,0.0,0.0,3014355.0
"FIRST BUSINESS FINANCIAL SERVICES, INC.",0.0,0.0,0.0,0.0,0.0,0.0,0.0,339.0,230.0,0.0,0.0,0.0,0.0,0.0,0.0,0.0,0.0,0.0,0.0,0.0
FIRST FINANCIAL CORP /IN/,0.0,0.0,0.0,0.0,0.0,0.0,0.0,0.0,0.0,0.0,1.0,1004.0,1080.0,0.0,0.0,0.0,0.0,0.0,0.0,0.0
FIRST MANHATTAN CO,0.0,0.0,0.0,0.0,2078.0,1347.0,1989.0,3019.0,2042.0,1239.0,1515.0,1283391.0,0.0,0.0,0.0,0.0,0.0,0.0,0.0,0.0
FIRST MANHATTAN CO. LLC.,0.0,0.0,0.0,0.0,0.0,0.0,0.0,0.0,0.0,0.0,0.0,0.0,1375495.0,921607.0,800056.0,796.0,369256.0,0.0,249246.0,250453.0
"FIRST REPUBLIC INVESTMENT MANAGEMENT, INC.",0.0,0.0,0.0,7706.0,1085.0,13791.0,23690.0,30858.0,19419.0,8150.0,10822.0,8747328.0,9412616.0,10139968.0,0.0,0.0,0.0,0.0,0.0,0.0
FIRST TRUST ADVISORS LP,0.0,0.0,0.0,34907.0,172749.0,371780.0,342358.0,375568.0,244384.0,151331.0,173933.0,152170012.0,165321272.0,201394503.0,229184662.0,236714082.0,229858958.0,219990282.0,153415285.0,197509123.0
FJARDE AP-FONDEN /FOURTH SWEDISH NATIONAL PENSION FUND,0.0,0.0,2284.0,3349.0,2316.0,2442.0,19144.0,22358.0,13427.0,20158.0,6731.0,6559778.0,7051053.0,10242.0,8922.0,12079.0,10342.0,0.0,7925.0,10392.0
"FLAGSHIP HARBOR ADVISORS, LLC",0.0,0.0,64.0,402.0,368.0,0.0,0.0,418.0,0.0,0.0,0.0,0.0,0.0,0.0,0.0,0.0,614728.0,0.0,217546.0,0.0
FLOW TRADERS U.S. LLC,0.0,0.0,0.0,0.0,0.0,0.0,0.0,0.0,0.0,0.0,0.0,0.0,249.0,0.0,0.0,434.0,0.0,1533.0,0.0,0.0
FLPUTNAM INVESTMENT MANAGEMENT CO,0.0,0.0,0.0,0.0,0.0,0.0,0.0,0.0,0.0,0.0,0.0,0.0,0.0,0.0,0.0,0.0,0.0,971027.0,674803.0,903299.0
"FLYNN ZITO CAPITAL MANAGEMENT, LLC",0.0,0.0,0.0,0.0,0.0,0.0,0.0,0.0,0.0,0.0,0.0,0.0,0.0,0.0,0.0,0.0,422584.0,235733.0,0.0,0.0
"FNY Investment Advisers, LLC",0.0,0.0,0.0,5.0,6.0,1815.0,0.0,0.0,0.0,0.0,0.0,0.0,0.0,0.0,0.0,0.0,0.0,0.0,0.0,24.0
"FORA Capital, LLC",0.0,0.0,0.0,0.0,0.0,1044000.0,3278.0,2688.0,5928.0,2668.0,0.0,0.0,0.0,4858808.0,0.0,15751646.0,0.0,0.0,0.0,0.0
"FORESIGHT CAPITAL MANAGEMENT ADVISORS, INC.",0.0,0.0,0.0,0.0,0.0,0.0,0.0,4.0,3.0,0.0,0.0,0.0,0.0,0.0,0.0,0.0,0.0,0.0,0.0,0.0
FORMULA GROWTH LTD,0.0,0.0,0.0,0.0,0.0,0.0,0.0,0.0,0.0,0.0,0.0,0.0,0.0,0.0,3819250.0,0.0,6043840.0,6889590.0,4249820.0,1080870.0
FORSTA AP-FONDEN,0.0,0.0,0.0,0.0,0.0,1814.0,11099.0,13550.0,8890.0,6842.0,7325.0,7535850.0,6943050.0,10400418.0,8906491.0,13313100.0,11651360.0,7659603.0,7293610.0,9619743.0
FORT WASHINGTON INVESTMENT ADVISORS INC /OH/,0.0,0.0,0.0,0.0,0.0,1140.0,1426.0,3206.0,2168.0,1316.0,1609.0,1358.0,1460201.0,1665475.0,1445815.0,1883336.0,3412718.0,1950700.0,1658578.0,3005127.0
"FOSTER DYKEMA CABOT & PARTNERS, LLC",0.0,0.0,0.0,0.0,0.0,0.0,0.0,0.0,0.0,0.0,0.0,0.0,0.0,0.0,0.0,0.0,0.0,0.0,2872.0,0.0
"FOX RUN MANAGEMENT, L.L.C.",0.0,0.0,0.0,0.0,0.0,0.0,0.0,310.0,0.0,0.0,0.0,0.0,0.0,283504.0,0.0,0.0,815110.0,0.0,0.0,458598.0
"FPC INVESTMENT ADVISORY, INC.",0.0,0.0,0.0,0.0,0.0,0.0,0.0,0.0,0.0,0.0,0.0,0.0,0.0,0.0,0.0,0.0,0.0,0.0,0.0,4175.0
"FRED ALGER MANAGEMENT, LLC",0.0,0.0,862.0,0.0,53024.0,98551.0,80396.0,13214.0,92955.0,49415.0,0.0,119431739.0,9544070.0,15473217.0,14230373.0,20647046.0,55965312.0,21344.0,7466015.0,9015073.0
"FREEDOM WEALTH ALLIANCE, LLC",0.0,0.0,0.0,0.0,0.0,0.0,0.0,0.0,0.0,0.0,0.0,861.0,0.0,0.0,0.0,0.0,0.0,0.0,0.0,0.0
FRIESS ASSOCIATES LLC,0.0,0.0,2535.0,2842.0,98.0,95.0,0.0,0.0,0.0,0.0,0.0,0.0,0.0,0.0,0.0,0.0,0.0,0.0,0.0,0.0
FULLCIRCLE WEALTH LLC,0.0,0.0,0.0,0.0,0.0,0.0,0.0,0.0,0.0,0.0,0.0,0.0,0.0,0.0,0.0,0.0,0.0,4901064.0,4576691.0,7526263.0
"FULLER & THALER ASSET MANAGEMENT, INC.",0.0,0.0,0.0,0.0,0.0,0.0,0.0,0.0,0.0,0.0,0.0,0.0,0.0,0.0,0.0,0.0,0.0,0.0,0.0,8493.0
"FWL INVESTMENT MANAGEMENT, LLC",0.0,0.0,0.0,0.0,0.0,0.0,0.0,0.0,0.0,0.0,0.0,0.0,0.0,0.0,4583.0,172533.0,734472.0,0.0,0.0,0.0
"Fairfield Financial Advisors, LTD",0.0,0.0,0.0,0.0,0.0,0.0,0.0,0.0,8020.0,0.0,0.0,0.0,0.0,0.0,0.0,0.0,0.0,0.0,0.0,0.0
"Fairman Group, LLC",0.0,0.0,0.0,0.0,0.0,0.0,0.0,0.0,0.0,0.0,0.0,0.0,0.0,0.0,0.0,19900.0,16160.0,13509.0,11486.0,15441.0
"Fairscale Capital, LLC",0.0,0.0,0.0,0.0,0.0,0.0,0.0,0.0,0.0,0.0,0.0,0.0,0.0,0.0,0.0,0.0,0.0,2179.0,1838.0,2471.0
Family CFO Inc,0.0,0.0,0.0,0.0,0.0,0.0,0.0,0.0,0.0,0.0,0.0,0.0,0.0,0.0,1528.0,0.0,0.0,0.0,0.0,0.0
Family Management Corp,0.0,0.0,0.0,0.0,0.0,2734.0,0.0,0.0,826.0,464.0,0.0,0.0,0.0,0.0,0.0,0.0,0.0,0.0,0.0,0.0
Farmers & Merchants Trust Co of Chambersburg PA,0.0,0.0,0.0,0.0,0.0,0.0,0.0,0.0,88.0,54.0,65.0,55.0,59.0,68.0,59.0,0.0,0.0,0.0,0.0,0.0
"Farther Finance Advisors, LLC",0.0,0.0,0.0,0.0,0.0,0.0,0.0,0.0,0.0,0.0,0.0,9330.0,137936.0,189002.0,147040.0,336787.0,407624.0,596687.0,424761.0,573843.0
"Fernwood Investment Management, LLC",0.0,0.0,0.0,0.0,0.0,0.0,0.0,0.0,0.0,0.0,0.0,0.0,0.0,0.0,0.0,0.0,20200.0,0.0,0.0,0.0
Fiduciary Alliance LLC,0.0,0.0,0.0,0.0,0.0,0.0,0.0,0.0,0.0,0.0,0.0,431.0,0.0,8447.0,0.0,0.0,0.0,0.0,0.0,0.0
Fiduciary Trust Co,0.0,0.0,0.0,0.0,0.0,0.0,0.0,0.0,0.0,0.0,0.0,0.0,0.0,0.0,0.0,0.0,288941.0,239785.0,325628.0,367496.0
"Fieldpoint Private Securities, LLC",0.0,0.0,0.0,0.0,0.0,0.0,0.0,0.0,7.0,0.0,0.0,0.0,0.0,0.0,0.0,0.0,0.0,0.0,0.0,0.0
"FinTrust Capital Advisors, LLC",0.0,0.0,17.0,19.0,15.0,53.0,67.0,75.0,46.0,32.0,41.0,9904.0,9905.0,9905.0,10083.0,0.0,0.0,0.0,0.0,0.0
Financial Advocates Investment Management,0.0,0.0,0.0,0.0,0.0,214.0,356.0,437.0,309.0,223.0,273.0,261099.0,250259.0,287552.0,284458.0,586652.0,457489.0,591559.0,458295.0,710284.0
"Financial Architects, Inc",0.0,0.0,0.0,0.0,11464.0,7593.0,3271.0,3549.0,2315.0,0.0,5219.0,4407539.0,4737629.0,5403642.0,0.0,0.0,0.0,0.0,0.0,0.0
"Financial Avengers, Inc.",0.0,0.0,0.0,0.0,0.0,0.0,0.0,0.0,0.0,0.0,0.0,144.0,154.0,0.0,0.0,0.0,0.0,0.0,0.0,0.0
"Financial Connections Group, Inc.",0.0,0.0,0.0,0.0,0.0,0.0,0.0,3.0,2.0,1.0,1.0,0.0,0.0,0.0,0.0,0.0,0.0,0.0,0.0,0.0
Financial Engines Advisors L.L.C.,0.0,0.0,0.0,0.0,0.0,0.0,0.0,0.0,2228.0,0.0,0.0,0.0,0.0,0.0,0.0,0.0,0.0,0.0,0.0,0.0
"Financial Freedom, LLC",0.0,0.0,0.0,0.0,0.0,0.0,0.0,0.0,0.0,0.0,0.0,11914.0,12035.0,13726.0,11916.0,1393.0,1131.0,946.0,804.0,1081.0
"Financial Gravity Asset Management, Inc.",0.0,0.0,0.0,0.0,0.0,0.0,0.0,0.0,0.0,0.0,0.0,0.0,0.0,840.0,0.0,0.0,0.0,0.0,0.0,0.0
"Financial Perspectives, Inc",0.0,0.0,0.0,225964.0,1114.0,269849.0,347492.0,389224.0,271290.0,170627.0,237434.0,194353.0,208909.0,253059.0,221822.0,325166.0,212181.0,177373.0,150811.0,197799.0
"Financial Synergies Wealth Advisors, Inc.",0.0,0.0,0.0,0.0,0.0,0.0,0.0,0.0,0.0,1530.0,1190.0,1005.0,1081.0,1232.0,1681.0,1005.0,1778.0,0.0,0.0,0.0
FineMark National Bank & Trust,0.0,0.0,0.0,0.0,0.0,0.0,0.0,0.0,0.0,0.0,0.0,0.0,0.0,2815.0,5259.0,3184.0,2585.0,0.0,0.0,0.0
Firestone Capital Management,0.0,0.0,0.0,2.0,2.0,2.0,2.0,0.0,0.0,0.0,0.0,0.0,0.0,0.0,0.0,0.0,0.0,0.0,0.0,0.0
First Growth Investment Manager LP,0.0,0.0,0.0,0.0,0.0,0.0,0.0,0.0,0.0,695.0,680.0,821767.0,2484069.0,2877273.0,0.0,0.0,0.0,0.0,0.0,0.0
"First Horizon Advisors, Inc.",0.0,0.0,0.0,0.0,0.0,0.0,2.0,0.0,0.0,20.0,13.0,35741.0,37955.0,38891.0,33456.0,43581.0,35228.0,22289.0,31127.0,61146.0
First PREMIER Bank,0.0,0.0,0.0,0.0,0.0,0.0,0.0,0.0,0.0,0.0,0.0,0.0,0.0,0.0,0.0,0.0,0.0,0.0,0.0,0.0
First Pacific Financial,0.0,0.0,0.0,0.0,0.0,0.0,0.0,0.0,0.0,0.0,0.0,0.0,0.0,0.0,0.0,0.0,0.0,825806.0,751989.0,1000423.0
First Trust Direct Indexing L.P.,0.0,0.0,0.0,0.0,0.0,0.0,0.0,0.0,0.0,0.0,0.0,0.0,236989.0,315004.0,300346.0,614910.0,580306.0,342994.0,286498.0,0.0
First Washington CORP,0.0,0.0,0.0,0.0,3932.0,5254.0,4316.0,2391.0,1010.0,3442.0,3190.0,5778.0,2103222.0,2396496.0,2099824.0,2516753.0,0.0,0.0,0.0,0.0
Fjarde AP-fonden (The Fourth Swedish National Pensionfund),0.0,0.0,0.0,0.0,0.0,0.0,0.0,0.0,0.0,0.0,0.0,0.0,0.0,0.0,0.0,0.0,0.0,9119.0,0.0,0.0
"Flagship Private Wealth, LLC",0.0,0.0,0.0,13310.0,0.0,0.0,0.0,0.0,0.0,0.0,0.0,0.0,0.0,0.0,0.0,0.0,0.0,0.0,0.0,0.0
"Flaharty Asset Management, LLC",0.0,0.0,0.0,0.0,0.0,0.0,0.0,0.0,0.0,0.0,0.0,0.0,0.0,0.0,14208.0,0.0,0.0,0.0,10682.0,0.0
Focus Partners Wealth,0.0,0.0,0.0,0.0,0.0,0.0,0.0,0.0,0.0,0.0,0.0,0.0,0.0,0.0,0.0,0.0,0.0,0.0,0.0,15417177.0
"Focused Wealth Management, Inc",0.0,0.0,0.0,0.0,80.0,5.0,7.0,7.0,5.0,73.0,5.0,3876.0,29986.0,4751.0,7639.0,9950.0,0.0,0.0,468629.0,0.0
Force Hill Capital Management LP,0.0,0.0,0.0,15449.0,21644.0,14798.0,0.0,0.0,0.0,0.0,0.0,0.0,0.0,0.0,0.0,0.0,0.0,0.0,0.0,0.0
"Ford Financial Group, LLC",0.0,0.0,0.0,0.0,0.0,123.0,0.0,165.0,0.0,0.0,0.0,0.0,0.0,0.0,0.0,0.0,0.0,0.0,0.0,0.0
Fort Sheridan Advisors LLC,0.0,0.0,0.0,0.0,0.0,0.0,0.0,0.0,0.0,0.0,0.0,0.0,0.0,0.0,0.0,0.0,0.0,0.0,0.0,214167.0
Fortis Capital Management LLC,0.0,0.0,0.0,0.0,0.0,2230.0,2262.0,220.0,243.0,0.0,0.0,0.0,0.0,0.0,0.0,0.0,0.0,0.0,0.0,0.0
Fortitude Advisory Group L.L.C.,0.0,0.0,0.0,0.0,0.0,0.0,0.0,37.0,25.0,0.0,0.0,0.0,0.0,0.0,0.0,0.0,0.0,0.0,0.0,0.0
"Fortitude Family Office, LLC",0.0,0.0,0.0,0.0,0.0,0.0,0.0,0.0,0.0,0.0,0.0,0.0,0.0,0.0,0.0,0.0,0.0,0.0,34458.0,46323.0
"Forum Financial Management, LP",0.0,0.0,0.0,0.0,0.0,0.0,0.0,0.0,0.0,0.0,0.0,0.0,0.0,0.0,0.0,0.0,0.0,0.0,379383.0,636364.0
"Forza Wealth Management, LLC",0.0,0.0,0.0,0.0,0.0,0.0,0.0,0.0,0.0,0.0,0.0,0.0,0.0,207128.0,0.0,234223.0,0.0,0.0,0.0,0.0
"Foundations Investment Advisors, LLC",0.0,0.0,0.0,0.0,0.0,364.0,509.0,370.0,317.0,553.0,329.0,455883.0,642772.0,780119.0,683799.0,1226701.0,898977.0,1473635.0,0.0,0.0
"Fountainhead AM, LLC",0.0,0.0,0.0,0.0,0.0,0.0,0.0,0.0,0.0,0.0,0.0,0.0,0.0,0.0,0.0,0.0,648016.0,573052.0,552477.0,761396.0
"FourThought Financial Partners, LLC",0.0,0.0,0.0,0.0,0.0,0.0,0.0,0.0,0.0,0.0,0.0,3027833.0,3164334.0,2567020.0,2001287.0,5156886.0,2112920.0,2049180.0,1189375.0,2301172.0
"FourThought Financial, LLC",0.0,0.0,0.0,347.0,343.0,2387.0,2926.0,2855.0,2615.0,2411.0,3449.0,0.0,0.0,0.0,0.0,0.0,0.0,0.0,0.0,0.0
"Fourth Dimension Wealth, LLC",0.0,0.0,0.0,0.0,0.0,0.0,0.0,0.0,0.0,0.0,0.0,0.0,0.0,0.0,0.0,0.0,0.0,0.0,0.0,208144.0
"Foxhaven Asset Management, LP",0.0,0.0,5020.0,0.0,0.0,0.0,0.0,0.0,0.0,0.0,0.0,0.0,0.0,0.0,0.0,0.0,0.0,0.0,0.0,0.0
Franchise Capital Ltd,0.0,0.0,0.0,0.0,0.0,0.0,0.0,11590.0,7839.0,0.0,0.0,0.0,0.0,0.0,0.0,0.0,0.0,0.0,0.0,0.0
"Frank, Rimerman Advisors LLC",0.0,0.0,0.0,0.0,0.0,0.0,0.0,0.0,402352.0,241269.0,294881.0,332726.0,357644.0,407922.0,354121.0,461282.0,374589.0,437962.0,322527.0,409804.0
"Frazier Financial Advisors, LLC",0.0,0.0,0.0,0.0,0.0,0.0,0.0,0.0,0.0,0.0,0.0,0.0,0.0,0.0,0.0,0.0,0.0,541.0,0.0,0.0
Freestone Grove Partners LP,0.0,0.0,0.0,0.0,0.0,0.0,0.0,0.0,0.0,0.0,0.0,0.0,0.0,0.0,0.0,0.0,0.0,0.0,0.0,49071652.0
Front Row Advisors LLC,0.0,0.0,0.0,0.0,17.0,0.0,0.0,0.0,0.0,0.0,0.0,0.0,0.0,9.0,7639.0,11940.0,24240.0,20264.0,17229.0,0.0
Fulcrum Asset Management LLP,0.0,0.0,0.0,0.0,464.0,1159.0,367.0,367.0,1018.0,0.0,0.0,0.0,0.0,0.0,0.0,0.0,0.0,0.0,0.0,0.0
"Fulton Bank, N.A.",0.0,0.0,0.0,0.0,0.0,0.0,0.0,0.0,0.0,0.0,0.0,0.0,0.0,0.0,0.0,0.0,206686.0,203580.0,0.0,212622.0
Fund Management at Engine No. 1 LLC,0.0,0.0,0.0,0.0,0.0,0.0,0.0,0.0,458.0,340.0,463.0,449998.0,535695.0,662389.0,712214.0,0.0,0.0,0.0,0.0,0.0
Future Financial Wealth Managment LLC,0.0,0.0,0.0,225.0,0.0,0.0,0.0,66.0,46.0,0.0,0.0,0.0,0.0,0.0,0.0,0.0,64640.0,0.0,22972.0,0.0
G2 Investment Partners Management LLC,0.0,0.0,763.0,0.0,0.0,0.0,0.0,0.0,0.0,0.0,0.0,0.0,0.0,0.0,0.0,0.0,0.0,0.0,0.0,0.0
GABELLI FUNDS LLC,0.0,0.0,502.0,6472.0,15054.0,15884.0,25487.0,28552.0,41314.0,12736.0,23786.0,11153489.0,12027368.0,9397860.0,0.0,0.0,237875.0,248566.0,227997.0,316541.0
GABLES CAPITAL MANAGEMENT INC.,0.0,0.0,0.0,0.0,0.0,0.0,0.0,0.0,394.0,211.0,139.0,160766.0,311666.0,165422.0,254363.0,331335.0,188264.0,175617.0,166549.0,231615.0
GAM Holding AG,0.0,0.0,354.0,0.0,0.0,0.0,0.0,0.0,0.0,0.0,0.0,0.0,0.0,4558757.0,0.0,10761001.0,10897569.0,6978093.0,4721167.0,0.0
"GAMCO INVESTORS, INC. ET AL",0.0,0.0,0.0,0.0,2196.0,2617.0,3267.0,3553.0,5724.0,2277.0,5490.0,3604576.0,2454600.0,4145736.0,0.0,497500.0,938896.0,883354.0,888557.0,1138156.0
"GFG Capital, LLC",0.0,0.0,0.0,0.0,0.0,0.0,0.0,217.0,321.0,0.0,240.0,0.0,0.0,0.0,0.0,0.0,0.0,0.0,0.0,0.0
GGV Capital LLC,0.0,0.0,0.0,0.0,0.0,0.0,0.0,0.0,78378.0,47568.0,58138.0,49100441.0,52777672.0,0.0,0.0,0.0,0.0,0.0,0.0,0.0
"GHP Investment Advisors, Inc.",0.0,0.0,0.0,0.0,0.0,0.0,0.0,0.0,1.0,1.0,70.0,29282.0,31476.0,31288.0,32061.0,40596.0,32967.0,27018.0,22972.0,37522.0
GILDER GAGNON HOWE & CO LLC,0.0,0.0,0.0,0.0,0.0,0.0,0.0,0.0,0.0,0.0,0.0,0.0,0.0,0.0,23168525.0,32964400.0,281346.0,2204669.0,0.0,0.0
GLENMEDE TRUST CO NA,0.0,0.0,0.0,0.0,0.0,373.0,0.0,0.0,212.0,195.0,231.0,33734052.0,51636850.0,51636850.0,49684775.0,65706815.0,26118760.0,0.0,0.0,2101828.0
GLOBALT Investments LLC / GA,0.0,0.0,0.0,0.0,0.0,0.0,0.0,0.0,0.0,0.0,0.0,0.0,0.0,0.0,0.0,1386035.0,1087245.0,887947.0,0.0,0.0
GLYNN CAPITAL MANAGEMENT LLC,0.0,0.0,21335.0,23919.0,24428.0,28978.0,36456.0,34505.0,39859.0,25620.0,31313.0,26238538.0,28523592.0,32168968.0,28786146.0,36521873.0,28721814.0,19028507.0,15030005.0,18551898.0
"GM Advisory Group, Inc.",0.0,0.0,0.0,0.0,0.0,0.0,0.0,0.0,0.0,0.0,0.0,0.0,287905.0,555041.0,445936.0,0.0,0.0,0.0,0.0,0.0
"GM Advisory Group, LLC",0.0,0.0,0.0,0.0,0.0,0.0,0.0,0.0,0.0,0.0,0.0,0.0,0.0,0.0,0.0,530136.0,407070.0,481461.0,507451.0,251534.0
GMT CAPITAL CORP,0.0,0.0,0.0,0.0,0.0,0.0,0.0,0.0,0.0,2183.0,2668.0,0.0,0.0,0.0,0.0,0.0,0.0,0.0,0.0,3397020.0
"GODSEY & GIBB, INC",0.0,0.0,0.0,0.0,0.0,0.0,0.0,0.0,0.0,0.0,0.0,14354.0,0.0,0.0,0.0,0.0,0.0,0.0,0.0,0.0
"GPS Wealth Strategies Group, LLC",0.0,0.0,0.0,0.0,49.0,43.0,54.0,61.0,29.0,18.0,21.0,0.0,257355.0,295648.0,263223.0,468844.0,34581.0,37285.0,26417.0,41692.0
GQG Partners LLC,0.0,0.0,0.0,0.0,0.0,0.0,0.0,0.0,0.0,0.0,0.0,0.0,311427113.0,254759911.0,0.0,300598455.0,0.0,0.0,0.0,750571872.0
"GREAT VALLEY ADVISOR GROUP, INC.",0.0,0.0,0.0,0.0,420.0,446.0,517.0,709.0,536.0,326.0,376.0,292224.0,309320.0,333090.0,246725.0,528689.0,1091677.0,1593725.0,1723603.0,778901.0
GREAT WEST LIFE ASSURANCE CO /CAN/,0.0,0.0,0.0,0.0,0.0,0.0,0.0,0.0,39139.0,21721.0,27771.0,23566.0,28362.0,31464.0,27353.0,36671.0,0.0,0.0,0.0,0.0
GREENOAKS CAPITAL PARTNERS LLC,0.0,0.0,0.0,0.0,0.0,4352.0,8468.0,12618.0,76759.0,46585.0,40790.0,33875440.0,35486700.0,36955800.0,25970900.0,33830000.0,27472000.0,22965300.0,19526200.0,26249700.0
GREENUP STREET WEALTH MANAGEMENT LLC,0.0,0.0,0.0,0.0,0.0,0.0,0.0,808.0,877.0,505.0,539.0,775977.0,0.0,0.0,0.0,0.0,0.0,0.0,0.0,0.0
GRIES FINANCIAL LLC,0.0,0.0,0.0,0.0,0.0,0.0,0.0,0.0,0.0,0.0,0.0,0.0,0.0,0.0,0.0,0.0,0.0,208984.0,0.0,0.0
"GRIFFIN ASSET MANAGEMENT, INC.",0.0,0.0,0.0,0.0,0.0,218.0,0.0,0.0,0.0,0.0,0.0,0.0,0.0,0.0,0.0,0.0,0.0,0.0,0.0,0.0
GROUP ONE TRADING LLC,0.0,0.0,0.0,0.0,0.0,0.0,0.0,0.0,0.0,0.0,0.0,0.0,0.0,0.0,0.0,0.0,0.0,0.0,14014298.0,36671912.0
"GROUP ONE TRADING, L.P.",0.0,0.0,15221.0,103975.0,128550.0,179374.0,189175.0,228153.0,75223.0,53496.0,47181.0,47626572.0,34803504.0,34622305.0,15862873.0,23947660.0,9313493.0,10664815.0,0.0,0.0
GROUPAMA ASSET MANAGMENT,0.0,0.0,0.0,0.0,0.0,0.0,0.0,0.0,0.0,0.0,0.0,0.0,0.0,0.0,0.0,69075.0,0.0,0.0,19826.0,2374320.0
GSA CAPITAL PARTNERS LLP,0.0,0.0,1155.0,304.0,0.0,227.0,311.0,0.0,0.0,0.0,0.0,0.0,0.0,0.0,0.0,0.0,301.0,1081.0,675.0,675.0
"GUARDIAN WEALTH ADVISORS, LLC / NC",0.0,0.0,0.0,0.0,0.0,0.0,0.0,0.0,0.0,0.0,0.0,0.0,306420.0,0.0,0.0,0.0,0.0,0.0,0.0,0.0
"GW&K Investment Management, LLC",0.0,0.0,0.0,0.0,0.0,0.0,0.0,34.0,0.0,0.0,0.0,0.0,0.0,0.0,0.0,0.0,0.0,0.0,0.0,0.0
GWM Advisors LLC,0.0,0.0,354.0,0.0,1013.0,0.0,1407.0,0.0,0.0,0.0,0.0,0.0,0.0,0.0,0.0,0.0,0.0,0.0,0.0,0.0
Gainplan LLC,0.0,0.0,0.0,0.0,365.0,281.0,0.0,0.0,0.0,0.0,0.0,0.0,0.0,449296.0,0.0,0.0,0.0,0.0,0.0,0.0
"Gallagher Capital Advisors, LLC",0.0,0.0,0.0,0.0,0.0,0.0,0.0,0.0,0.0,0.0,0.0,0.0,0.0,0.0,0.0,0.0,0.0,0.0,0.0,2223195.0
"Garde Capital, Inc.",0.0,0.0,0.0,0.0,0.0,0.0,0.0,0.0,166.0,0.0,0.0,190.0,208.0,262.0,280.0,413.0,833.0,746.0,695.0,971.0
Gemmer Asset Management LLC,0.0,0.0,20.0,0.0,0.0,9.0,4.0,1799.0,2278.0,2773.0,1700.0,0.0,0.0,0.0,3999060.0,0.0,0.0,0.0,0.0,0.0
Gen-Wealth Partners Inc,0.0,0.0,0.0,0.0,0.0,0.0,0.0,0.0,0.0,0.0,0.0,0.0,0.0,0.0,0.0,0.0,0.0,1351.0,1190.0,1544.0
"GenTrust, LLC",0.0,0.0,0.0,0.0,0.0,0.0,0.0,0.0,0.0,0.0,0.0,0.0,0.0,0.0,0.0,0.0,0.0,0.0,0.0,11344966.0
Geneos Wealth Management Inc.,0.0,0.0,4.0,31.0,31.0,2.0,2.0,6.0,38.0,26.0,27.0,23110.0,2006.0,33436.0,29332.0,12736.0,2747.0,2297.0,1838.0,37985.0
Generali Asset Management SPA SGR,0.0,0.0,0.0,0.0,0.0,0.0,0.0,0.0,0.0,0.0,0.0,0.0,0.0,0.0,0.0,0.0,0.0,0.0,0.0,1467667.0
Generali Investments Towarzystwo Funduszy Inwestycyjnych,0.0,0.0,0.0,0.0,0.0,0.0,0.0,0.0,0.0,0.0,0.0,0.0,0.0,0.0,0.0,0.0,1616000.0,1999332.0,2205312.0,2887467.0
"Generali Investments, Management Co LLC",0.0,0.0,0.0,0.0,0.0,0.0,0.0,0.0,0.0,0.0,0.0,0.0,0.0,0.0,0.0,0.0,0.0,0.0,0.0,1624239.0
Generali Powszechne Towarzystwo Emerytalne,0.0,0.0,0.0,0.0,0.0,0.0,0.0,0.0,0.0,0.0,0.0,0.0,0.0,0.0,0.0,0.0,17953760.0,16291854.0,13852116.0,32473962.0
"Geneva Partners, LLC",0.0,0.0,0.0,2311.0,0.0,0.0,0.0,0.0,0.0,0.0,0.0,0.0,0.0,0.0,0.0,0.0,0.0,0.0,0.0,0.0
"GeoWealth Management, LLC",0.0,0.0,0.0,0.0,0.0,0.0,0.0,0.0,0.0,0.0,0.0,0.0,0.0,0.0,0.0,9.0,7595.0,0.0,5398.0,7257.0
Gerber Kawasaki Wealth & Investment Management,0.0,0.0,0.0,0.0,0.0,0.0,117.0,0.0,0.0,0.0,0.0,0.0,0.0,0.0,0.0,0.0,0.0,0.0,0.0,0.0
Ghisallo Capital Management LLC,0.0,0.0,0.0,0.0,37142.0,19585.0,16028.0,34891.0,0.0,0.0,0.0,0.0,0.0,0.0,0.0,0.0,0.0,0.0,0.0,0.0
Gilliland Jeter Wealth Management LLC,0.0,0.0,0.0,0.0,0.0,0.0,0.0,0.0,0.0,0.0,0.0,0.0,0.0,0.0,0.0,0.0,461530.0,455253.0,893289.0,604824.0
Gladstone Institutional Advisory LLC,0.0,0.0,0.0,0.0,0.0,554.0,454.0,662.0,468.0,0.0,456.0,0.0,0.0,228774.0,223044.0,483371.0,235128.0,0.0,0.0,0.0
Glass Jacobson Investment Advisors llc,0.0,0.0,0.0,0.0,0.0,0.0,0.0,0.0,0.0,0.0,0.0,10766.0,0.0,0.0,0.0,0.0,324.0,271.0,230.0,0.0
Glassman Wealth Services,0.0,0.0,3.0,3.0,2.0,4.0,7.0,27.0,24.0,11.0,43.0,22392.0,14658.0,23933.0,31165.0,37213.0,0.0,0.0,0.0,0.0
"Glaxis Capital Management, LLC",0.0,0.0,0.0,0.0,0.0,0.0,0.0,0.0,0.0,0.0,0.0,0.0,0.0,0.0,0.0,0.0,646400.0,0.0,0.0,0.0
"Glen Eagle Advisors, LLC",0.0,0.0,0.0,0.0,0.0,24180.0,12097.0,13550.0,32078.0,19468.0,23794.0,20096.0,21601.0,24638.0,21388.0,27860.0,22624.0,27153.0,23087.0,21617.0
"Global Financial Private Client, LLC",0.0,0.0,0.0,0.0,0.0,0.0,0.0,0.0,0.0,0.0,0.0,0.0,0.0,0.0,0.0,0.0,43982.0,0.0,0.0,154.0
"Global Retirement Partners, LLC",0.0,0.0,21.0,60.0,77.0,72.0,86.0,0.0,38.0,56.0,69.0,75071.0,86784.0,105588.0,85857.0,99651.0,134451.0,101182.0,139785.0,350511.0
"Global Trust Asset Management, LLC",0.0,0.0,0.0,0.0,0.0,0.0,0.0,0.0,0.0,0.0,0.0,287.0,309.0,26749.0,23221.0,0.0,0.0,0.0,22972.0,30882.0
"Global Wealth Management Investment Advisory, Inc.",0.0,0.0,19.0,21.0,22.0,0.0,0.0,0.0,0.0,0.0,0.0,0.0,0.0,19182.0,31471.0,42785.0,0.0,0.0,0.0,0.0
Global Wealth Strategies & Associates,0.0,0.0,0.0,0.0,0.0,0.0,0.0,0.0,0.0,0.0,0.0,0.0,0.0,0.0,0.0,0.0,0.0,0.0,1608.0,0.0
GoalVest Advisory LLC,0.0,0.0,0.0,0.0,0.0,0.0,0.0,0.0,48.0,32.0,36.0,32153.0,34561.0,73020.0,34220.0,21492.0,24240.0,5674.0,4824.0,6485.0
Golden State Equity Partners,0.0,0.0,0.0,0.0,0.0,0.0,0.0,0.0,0.0,0.0,0.0,0.0,0.0,0.0,0.0,0.0,0.0,0.0,1378.0,0.0
"Golden State Wealth Management, LLC",0.0,0.0,0.0,0.0,0.0,0.0,0.0,0.0,0.0,0.0,0.0,0.0,0.0,0.0,0.0,0.0,0.0,0.0,0.0,3860.0
"Good Life Advisors, LLC",0.0,0.0,0.0,0.0,0.0,0.0,0.0,264.0,212.0,0.0,0.0,0.0,0.0,0.0,0.0,0.0,0.0,0.0,0.0,0.0
Gordian Capital Singapore Pte Ltd,0.0,0.0,0.0,0.0,0.0,0.0,0.0,1.0,1.0,1.0,1.0,0.0,0.0,0.0,0.0,0.0,0.0,0.0,0.0,0.0
"Gotham Asset Management, LLC",0.0,0.0,0.0,0.0,0.0,278.0,350.0,410.0,0.0,0.0,72054.0,56423708.0,60322916.0,68811348.0,59732612.0,77816960.0,71581366.0,59838656.0,50883669.0,68905154.0
"Gould Capital, LLC",0.0,0.0,0.0,0.0,0.0,0.0,0.0,10.0,7.0,4.0,5.0,4306.0,4629.0,10558.0,4535.0,5970.0,4848.0,4053.0,0.0,0.0
Gradient Investments LLC,0.0,0.0,6.0,6.0,0.0,0.0,0.0,1.0,0.0,0.0,1.0,40048.0,49836.0,132161.0,114730.0,149449.0,0.0,946.0,0.0,0.0
"Graham Capital Management, L.P.",0.0,0.0,0.0,0.0,0.0,0.0,0.0,559.0,0.0,0.0,0.0,2914579.0,1827102.0,0.0,0.0,2094475.0,11796800.0,13550338.0,2297200.0,3175596.0
Grandview Asset Management LLC,0.0,0.0,0.0,0.0,157.0,0.0,0.0,219.0,0.0,0.0,0.0,0.0,0.0,0.0,0.0,0.0,0.0,0.0,0.0,0.0
"Graney & King, LLC",0.0,0.0,0.0,0.0,0.0,0.0,0.0,0.0,0.0,0.0,0.0,0.0,0.0,0.0,0.0,0.0,0.0,0.0,0.0,7721.0
Granger Management LLC,0.0,0.0,0.0,0.0,0.0,345.0,1030.0,776.0,525.0,319.0,390.0,328994.0,353633.0,403346.0,350149.0,515410.0,484315.0,1019524.0,515377.0,0.0
GraniteShares Advisors LLC,0.0,0.0,0.0,0.0,0.0,0.0,0.0,484.0,0.0,0.0,203.0,0.0,0.0,0.0,913259.0,0.0,0.0,0.0,0.0,780543.0
Grant Private Wealth Management Inc,0.0,0.0,0.0,0.0,0.0,0.0,0.0,0.0,0.0,0.0,0.0,0.0,0.0,0.0,0.0,0.0,0.0,0.0,0.0,487318.0
Grassi Investment Management,0.0,0.0,0.0,0.0,0.0,0.0,0.0,0.0,0.0,0.0,0.0,0.0,0.0,0.0,5305.0,11467.0,9373.0,8403.0,9106.0,24294.0
Graticule Asia Macro Advisors LLC,0.0,0.0,0.0,0.0,5709.0,0.0,0.0,0.0,0.0,0.0,0.0,0.0,0.0,0.0,0.0,0.0,0.0,0.0,0.0,0.0
Gratus Capital LLC,0.0,0.0,0.0,0.0,0.0,0.0,0.0,0.0,0.0,0.0,0.0,9312445.0,9986846.0,11634918.0,10080211.0,12983755.0,0.0,0.0,0.0,0.0
"Gratus Capital, LLC",0.0,0.0,0.0,0.0,0.0,0.0,0.0,0.0,0.0,0.0,0.0,0.0,0.0,0.0,0.0,12983755.0,10784538.0,9207870.0,0.0,0.0
Greenland Capital Management LP,0.0,0.0,0.0,0.0,0.0,0.0,0.0,0.0,0.0,0.0,0.0,0.0,645241.0,3212691.0,5384226.0,0.0,0.0,2894438.0,0.0,0.0
"Greenline Partners, LLC",0.0,0.0,0.0,0.0,0.0,0.0,0.0,0.0,0.0,0.0,0.0,285358.0,0.0,0.0,0.0,0.0,0.0,0.0,0.0,0.0
Greenvale Capital LLP,0.0,0.0,0.0,6.0,0.0,0.0,0.0,0.0,0.0,0.0,0.0,0.0,0.0,0.0,0.0,0.0,0.0,0.0,0.0,0.0
"Grey Street Capital, LLC",0.0,0.0,0.0,0.0,0.0,0.0,0.0,0.0,0.0,0.0,0.0,0.0,611759.0,763929.0,663175.0,863859.0,805091.0,0.0,0.0,0.0
"Ground Swell Capital, LLC",0.0,0.0,0.0,0.0,0.0,0.0,0.0,223.0,0.0,0.0,0.0,0.0,0.0,0.0,0.0,0.0,0.0,0.0,325513.0,226211.0
Grove Bank & Trust,0.0,0.0,0.0,0.0,0.0,0.0,0.0,0.0,0.0,0.0,0.0,0.0,0.0,0.0,7027.0,9154.0,7434.0,6214.0,5284.0,13125.0
Growth Interface Management LLC,0.0,0.0,0.0,0.0,64198.0,136617.0,154239.0,174456.0,66448.0,21554.0,23964.0,18660200.0,19594830.0,21117600.0,7332960.0,0.0,0.0,0.0,0.0,0.0
"Guardian Wealth Advisors, LLC",0.0,0.0,0.0,0.0,0.0,0.0,0.0,0.0,0.0,0.0,43.0,0.0,0.0,0.0,0.0,0.0,0.0,0.0,0.0,0.0
Gulf International Bank (UK) Ltd,0.0,0.0,0.0,1616.0,938.0,990.0,12117.0,11370.0,7690.0,4800.0,5739.0,4861.0,4561.0,4576.0,3661.0,4855.0,3959.0,3305.0,2699.0,3592.0
"HALBERT HARGROVE GLOBAL ADVISORS, LLC",0.0,0.0,0.0,0.0,0.0,0.0,0.0,0.0,0.0,0.0,0.0,0.0,0.0,0.0,0.0,0.0,0.0,0.0,0.0,656243.0
HAMILTON LANE ADVISORS LLC,0.0,0.0,0.0,0.0,21567.0,6731.0,2313.0,2590.0,1752.0,1063.0,1300.0,3506.0,1181036.0,3606793.0,0.0,0.0,0.0,0.0,0.0,0.0
"HANTZ FINANCIAL SERVICES, INC.",0.0,0.0,0.0,0.0,0.0,0.0,0.0,0.0,8.0,5.0,6.0,9.0,12.0,14.0,16.0,15.0,12.0,0.0,5.0,6.0
"HAP Trading, LLC",0.0,0.0,0.0,787.0,597.0,251.0,509.0,1196.0,534.0,408.0,594.0,176.0,3088.0,218622.0,1810181.0,17371.0,100121.0,4460029.0,3894348.0,739428.0
"HARBERT FUND ADVISORS, INC.",0.0,0.0,0.0,0.0,0.0,0.0,0.0,0.0,0.0,0.0,0.0,0.0,0.0,0.0,0.0,0.0,565600.0,0.0,0.0,0.0
"HARBOR CAPITAL ADVISORS, INC.",0.0,0.0,0.0,0.0,0.0,0.0,0.0,3463.0,3064.0,2243.0,2414.0,1941235.0,2299230.0,2027994.0,1615237.0,1779657.0,1100.0,1017.0,393.0,323.0
"HARBOR FINANCIAL SERVICES, LLC",0.0,0.0,0.0,0.0,274.0,0.0,0.0,0.0,0.0,0.0,0.0,0.0,0.0,0.0,0.0,0.0,0.0,0.0,0.0,0.0
"HARBOR INVESTMENT ADVISORY, LLC",0.0,0.0,11.0,241.0,285.0,264.0,191.0,214.0,183.0,414.0,432.0,286362.0,304260.0,347033.0,227933.0,269048.0,202323.0,77542.0,26992.0,67168.0
"HARBOUR INVESTMENTS, INC.",0.0,0.0,0.0,0.0,463.0,356.0,424.0,359.0,0.0,321.0,321.0,404352.0,439881.0,515445.0,487947.0,614910.0,619090.0,578185.0,461048.0,646823.0
HARTLINE INVESTMENT CORP/,0.0,0.0,0.0,475.0,411.0,3260.0,11822.0,16480.0,3260.0,475.0,0.0,7520491.0,9042474.0,12468711.0,10919541.0,14752467.0,315120.0,6724240.0,2915147.0,961511.0
HARVARD MANAGEMENT CO INC,0.0,0.0,0.0,0.0,0.0,0.0,0.0,0.0,0.0,0.0,0.0,0.0,0.0,0.0,0.0,0.0,0.0,0.0,2035981.0,0.0
HARVEY CAPITAL MANAGEMENT INC,0.0,0.0,0.0,0.0,0.0,0.0,0.0,0.0,0.0,0.0,0.0,358850.0,744575.0,439950.0,381925.0,497500.0,323200.0,270180.0,229720.0,308820.0
"HAZLETT, BURT & WATSON, INC.",0.0,0.0,0.0,0.0,0.0,0.0,0.0,0.0,11.0,7.0,8.0,7.0,11.0,3.0,12.0,13.0,11.0,3.0,3.0,3.0
"HB Wealth Management, LLC",0.0,0.0,0.0,0.0,0.0,0.0,0.0,211.0,0.0,0.0,0.0,252200.0,240847.0,359175.0,354732.0,453322.0,455389.0,224790.0,0.0,396680.0
HBK INVESTMENTS L P,0.0,0.0,15186.0,28140.0,0.0,0.0,0.0,0.0,0.0,0.0,0.0,0.0,0.0,0.0,0.0,1472600.0,0.0,0.0,0.0,0.0
"HEADINVEST, LLC",0.0,0.0,0.0,0.0,0.0,0.0,0.0,0.0,0.0,0.0,0.0,0.0,0.0,0.0,15571.0,0.0,0.0,0.0,0.0,0.0
HEALTHCARE OF ONTARIO PENSION PLAN TRUST FUND,0.0,0.0,2510.0,166.0,67.0,0.0,1317.0,5744.0,16015.0,95.0,1794.0,0.0,0.0,2555934.0,0.0,17910000.0,347440.0,32907924.0,502053.0,2063844.0
HELIOS CAPITAL MANAGEMENT PTE. LTD,0.0,0.0,0.0,0.0,0.0,0.0,0.0,1165.0,0.0,0.0,1054.0,0.0,0.0,0.0,0.0,1233800.0,1001920.0,837558.0,712132.0,957342.0
"HERITAGE WEALTH MANAGEMENT, LLC",0.0,0.0,0.0,0.0,0.0,0.0,0.0,0.0,0.0,13350.0,18.0,18947.0,0.0,0.0,0.0,0.0,0.0,0.0,0.0,0.0
HERSHEY TRUST CO,0.0,0.0,0.0,0.0,0.0,0.0,0.0,0.0,0.0,0.0,0.0,0.0,0.0,0.0,0.0,1616676.0,0.0,0.0,0.0,1202854.0
"HHM Wealth Advisors, LLC",0.0,0.0,0.0,0.0,0.0,0.0,3.0,3.0,2.0,1.0,2.0,1435.0,1543.0,1760.0,1528.0,0.0,0.0,13509.0,11486.0,15441.0
HIGHBRIDGE CAPITAL MANAGEMENT LLC,0.0,0.0,0.0,0.0,0.0,0.0,0.0,0.0,0.0,0.0,0.0,0.0,0.0,0.0,0.0,0.0,0.0,0.0,5283560.0,0.0
"HIGHLAND CAPITAL MANAGEMENT, LLC",0.0,0.0,0.0,0.0,0.0,0.0,0.0,0.0,0.0,1481.0,1780.0,2255.0,1048401.0,1187161.0,1014698.0,1317778.0,1129261.0,0.0,0.0,1616673.0
HIGHLINE WEALTH PARTNERS LLC,0.0,0.0,0.0,0.0,0.0,0.0,0.0,0.0,0.0,0.0,3569.0,0.0,0.0,0.0,32846.0,42785.0,31189.0,13239.0,19296.0,11581.0
HILLMAN CO,0.0,0.0,0.0,0.0,0.0,77296.0,0.0,2541.0,0.0,0.0,0.0,0.0,0.0,0.0,0.0,0.0,0.0,0.0,3152448.0,0.0
HM PAYSON & CO,0.0,0.0,9.0,8.0,6.0,0.0,0.0,41.0,0.0,0.0,0.0,0.0,0.0,0.0,0.0,0.0,0.0,0.0,0.0,0.0
"HOEY INVESTMENTS, INC",0.0,0.0,622.0,479.0,0.0,0.0,0.0,95.0,241.0,596.0,1049.0,657700.0,1623748.0,2212774.0,2784082.0,1156588.0,0.0,0.0,0.0,0.0
HOLLENCREST CAPITAL MANAGEMENT,0.0,0.0,0.0,0.0,11.0,0.0,0.0,0.0,0.0,0.0,0.0,53110.0,57087.0,55434.0,25360.0,49750.0,36360.0,0.0,0.0,100058.0
HOWE & RUSLING INC,0.0,0.0,10.0,11.0,9.0,9.0,8.0,9.0,6.0,0.0,0.0,0.0,0.0,0.0,0.0,0.0,0.0,0.0,0.0,0.0
"HOYLECOHEN, LLC",0.0,0.0,0.0,0.0,0.0,0.0,0.0,508.0,384.0,354.0,481.0,415261.0,524124.0,659574.0,558528.0,817293.0,685508.0,588588.0,0.0,0.0
HSBC HOLDINGS PLC,0.0,0.0,294.0,1698.0,10195.0,15095.0,32729.0,32242.0,20564.0,14572.0,12063.0,14884130.0,14927246.0,16800986.0,16473342.0,24156411.0,22897052.0,21543973.0,28048882.0,48411713.0
"HUB Investment Partners, LLC",0.0,0.0,0.0,0.0,0.0,0.0,0.0,0.0,0.0,0.0,0.0,0.0,0.0,0.0,0.0,0.0,0.0,0.0,0.0,1485908.0
Handelsbanken Fonder AB,0.0,0.0,0.0,0.0,0.0,9126.0,11605.0,11885.0,7871.0,8474.0,10806.0,5841.0,6278.0,10464.0,9260.0,19209.0,16076.0,16281.0,13998.0,19424.0
Harbor Advisors LLC,0.0,0.0,0.0,0.0,0.0,0.0,0.0,0.0,0.0,0.0,0.0,0.0,0.0,0.0,229155.0,298500.0,484800.0,540360.0,574300.0,772050.0
"Harbour Capital Advisors, LLC",0.0,0.0,0.0,0.0,0.0,0.0,0.0,0.0,250.0,0.0,0.0,0.0,0.0,0.0,296374.0,537893.0,566970.0,475567.0,0.0,0.0
HarbourVest Partners LLC,0.0,0.0,0.0,0.0,72964.0,0.0,0.0,0.0,0.0,0.0,0.0,0.0,0.0,0.0,0.0,0.0,0.0,0.0,0.0,0.0
Hardy Reed LLC,0.0,0.0,0.0,0.0,0.0,0.0,0.0,0.0,10.0,0.0,0.0,0.0,0.0,0.0,0.0,0.0,0.0,0.0,0.0,0.0
Hartford Financial Management Inc.,0.0,0.0,13.0,0.0,11.0,12.0,15.0,17.0,11.0,7.0,8.0,0.0,0.0,0.0,0.0,0.0,32320.0,33773.0,28715.0,38603.0
"Harvest Fund Management Co., Ltd",0.0,0.0,0.0,15.0,0.0,0.0,203.0,555.0,112.0,0.0,0.0,91.0,98.0,397.0,11.0,57.0,0.0,0.0,0.0,875.0
Headlands Technologies LLC,0.0,0.0,0.0,0.0,0.0,0.0,0.0,0.0,0.0,0.0,0.0,0.0,600188.0,0.0,94106.0,0.0,364570.0,2199535.0,0.0,0.0
"Heck Capital Advisors, LLC",0.0,0.0,0.0,0.0,0.0,0.0,0.0,0.0,0.0,0.0,0.0,0.0,0.0,0.0,0.0,0.0,0.0,0.0,0.0,11118.0
Hel Ved Capital Management Ltd,0.0,0.0,0.0,0.0,0.0,0.0,0.0,0.0,0.0,0.0,0.0,0.0,0.0,538499.0,4249298.0,5810004.0,0.0,924691.0,436468.0,1229876.0
Hemington Wealth Management,0.0,0.0,0.0,0.0,0.0,0.0,0.0,0.0,0.0,0.0,0.0,0.0,0.0,0.0,0.0,0.0,0.0,0.0,13.0,16.0
"Henrickson Nauta Wealth Advisors, Inc.",0.0,0.0,0.0,0.0,0.0,0.0,0.0,1.0,0.0,0.0,0.0,0.0,0.0,0.0,0.0,0.0,0.0,0.0,0.0,0.0
Heritage Trust Co,0.0,0.0,0.0,0.0,0.0,0.0,0.0,0.0,0.0,0.0,0.0,0.0,0.0,0.0,0.0,0.0,258560.0,246945.0,0.0,0.0
"Heritage Wealth Management, Inc.",0.0,0.0,0.0,0.0,0.0,0.0,0.0,0.0,0.0,0.0,0.0,0.0,0.0,0.0,0.0,0.0,0.0,529889.0,0.0,0.0
"Herold Advisors, Inc.",0.0,0.0,0.0,0.0,0.0,0.0,60.0,0.0,45826.0,0.0,0.0,0.0,0.0,0.0,0.0,0.0,0.0,0.0,0.0,0.0
"Hestia Capital Management, LLC",0.0,0.0,0.0,0.0,0.0,0.0,0.0,0.0,0.0,0.0,0.0,0.0,0.0,0.0,0.0,0.0,0.0,0.0,0.0,586758.0
Hexagon Capital Partners LLC,0.0,0.0,12.0,5.0,10.0,15.0,12.0,14.0,9.0,6.0,21.0,14785.0,16663.0,19006.0,6111.0,7960.0,9696.0,12159.0,17803.0,42772.0
High Net Worth Advisory Group LLC,0.0,0.0,0.0,0.0,0.0,0.0,0.0,382.0,87.0,29.0,57.0,33014.0,0.0,0.0,0.0,0.0,0.0,0.0,0.0,0.0
"High Note Wealth, LLC",0.0,0.0,0.0,0.0,0.0,0.0,0.0,0.0,558.0,340.0,354.0,0.0,0.0,0.0,0.0,0.0,0.0,0.0,0.0,0.0
HighMark Wealth Management LLC,0.0,0.0,0.0,0.0,0.0,18.0,23.0,25.0,17.0,10.0,13.0,10766.0,11572.0,13199.0,11458.0,14925.0,16160.0,19588.0,8615.0,11581.0
HighPoint Advisor Group LLC,0.0,0.0,0.0,0.0,0.0,0.0,334.0,0.0,0.0,0.0,0.0,0.0,0.0,0.0,0.0,268000.0,327.0,260.0,215042.0,327637.0
"HighTower Advisors, LLC",0.0,0.0,710.0,1975.0,2690.0,1775.0,8080.0,10061.0,6341.0,7111.0,5589.0,4961500.0,5643275.0,6501200.0,5833925.0,14769000.0,18642985.0,15600461.0,18731617.0,26655695.0
Highland Private Wealth Management,0.0,0.0,0.0,0.0,0.0,0.0,0.0,347.0,0.0,0.0,0.0,0.0,0.0,0.0,0.0,0.0,0.0,0.0,0.0,0.0
"Highlander Capital Management, LLC",0.0,0.0,0.0,7.0,6.0,6.0,8.0,8.0,6.0,52.0,4.0,4.0,4.0,4.0,9.0,11343.0,8080.0,0.0,0.0,0.0
"Hixon Zuercher, LLC",0.0,0.0,0.0,0.0,0.0,0.0,223.0,250.0,0.0,0.0,0.0,0.0,0.0,0.0,0.0,0.0,0.0,0.0,0.0,0.0
"Hobbs Group Advisors, LLC",0.0,0.0,0.0,0.0,0.0,0.0,0.0,0.0,0.0,0.0,0.0,0.0,0.0,0.0,0.0,2985.0,0.0,0.0,548.0,0.0
Hodges Capital Management Inc.,0.0,0.0,0.0,0.0,0.0,0.0,0.0,0.0,0.0,0.0,0.0,0.0,0.0,0.0,0.0,0.0,230.0,0.0,0.0,0.0
Holistic Financial Partners,0.0,0.0,0.0,0.0,0.0,0.0,0.0,227.0,230.0,0.0,253.0,213875.0,249642.0,287376.0,248710.0,0.0,0.0,0.0,0.0,0.0
"Holocene Advisors, LP",0.0,0.0,389.0,28145.0,80050.0,0.0,0.0,120754.0,69135.0,0.0,80893.0,15840500.0,0.0,0.0,192962870.0,135567755.0,0.0,84042326.0,57631924.0,3525489.0
Honeycomb Asset Management LP,0.0,0.0,0.0,0.0,52849.0,0.0,0.0,0.0,0.0,0.0,0.0,0.0,0.0,0.0,0.0,24875000.0,0.0,0.0,0.0,0.0
"Hoover Financial Advisors, Inc.",0.0,0.0,0.0,0.0,0.0,11.0,0.0,0.0,0.0,0.0,0.0,0.0,0.0,0.0,0.0,0.0,0.0,0.0,0.0,0.0
"Horan Securities, Inc.",0.0,0.0,0.0,0.0,0.0,0.0,0.0,0.0,0.0,0.0,1.0,558.0,769.0,1027.0,0.0,0.0,0.0,0.0,0.0,0.0
"Householder Group Estate & Retirement Specialist, LLC",0.0,0.0,0.0,0.0,0.0,0.0,0.0,0.0,0.0,0.0,5.0,0.0,8.0,0.0,5347.0,11.0,14544.0,4.0,4.0,3.0
Howard Capital Management Inc.,0.0,0.0,0.0,0.0,0.0,0.0,0.0,0.0,0.0,0.0,0.0,0.0,0.0,0.0,0.0,0.0,0.0,0.0,0.0,277938.0
"Hudock, Inc.",0.0,0.0,125.0,133.0,108.0,138.0,173.0,228.0,154.0,86.0,97.0,0.0,0.0,0.0,0.0,0.0,0.0,0.0,0.0,0.0
Hudson Bay Capital Management LP,0.0,0.0,0.0,2814.0,0.0,0.0,0.0,0.0,0.0,0.0,0.0,0.0,0.0,0.0,0.0,0.0,0.0,135090000.0,0.0,21617400.0
Hunt Lane Capital LP,0.0,0.0,0.0,0.0,0.0,0.0,0.0,0.0,5728.0,0.0,0.0,0.0,0.0,0.0,0.0,0.0,0.0,0.0,0.0,0.0
"Hunting Hill Global Capital, LLC",0.0,0.0,0.0,844.0,0.0,0.0,0.0,0.0,0.0,0.0,0.0,0.0,0.0,0.0,0.0,0.0,0.0,0.0,0.0,0.0
"IAM Advisory, LLC",0.0,0.0,0.0,0.0,0.0,0.0,1040.0,1001.0,794.0,524.0,675.0,543730.0,581365.0,658341.0,544625.0,723763.0,599698.0,475922.0,0.0,0.0
IBM Retirement Fund,0.0,0.0,0.0,0.0,0.0,816.0,1676.0,1121.0,740.0,0.0,0.0,0.0,0.0,0.0,0.0,0.0,0.0,0.0,0.0,0.0
"ICA Group Wealth Management, LLC",0.0,0.0,0.0,0.0,0.0,0.0,0.0,0.0,331.0,438.0,496.0,487462.0,566399.0,196044.0,269637.0,461481.0,469125.0,83079.0,0.0,0.0
ICAPITAL WEALTH LLC,0.0,0.0,0.0,0.0,0.0,0.0,0.0,1666.0,531492.0,2522.0,3426.0,3108502.0,4207643.0,0.0,0.0,0.0,0.0,0.0,0.0,0.0
"ICONIQ Capital, LLC",0.0,0.0,0.0,0.0,1857.0,1959.0,5877.0,6611.0,4509.0,3677.0,4912.0,3710940.0,3988859.0,5264266.0,3745615.0,3608268.0,276110.0,2354349.0,2036698.0,2830953.0
"IEQ CAPITAL, LLC",0.0,0.0,524.0,0.0,68798.0,105228.0,97446.0,128500.0,91948.0,63011.0,76495.0,64841204.0,71293268.0,81745907.0,90981129.0,192710924.0,154424088.0,131328095.0,114166545.0,183752935.0
IFM Investors Pty Ltd,0.0,0.0,384.0,899.0,697.0,735.0,7657.0,8894.0,15360.0,4914.0,6362.0,5852844.0,6532021.0,8870800.0,7917611.0,11231.0,9222997.0,7941536.0,6786044.0,0.0
"IFP Advisors, Inc",0.0,0.0,21.0,92.0,101.0,148.0,104.0,84.0,631.0,524.0,640.0,639.0,305479.0,2193439.0,247829.0,363859.0,701311.0,614467.0,541439.0,751800.0
"IFS Advisors, LLC",0.0,0.0,0.0,0.0,0.0,0.0,0.0,0.0,0.0,0.0,0.0,0.0,0.0,0.0,0.0,0.0,0.0,0.0,0.0,8955.0
"IHT Wealth Management, LLC",0.0,0.0,0.0,0.0,0.0,220.0,581.0,0.0,0.0,0.0,280.0,478132.0,630740.0,1234503.0,1170220.0,1333300.0,2050215.0,1519368.0,1297945.0,1356499.0
"IMA Wealth, Inc.",0.0,0.0,10.0,11.0,0.0,0.0,0.0,0.0,0.0,0.0,0.0,0.0,0.0,0.0,0.0,0.0,0.0,0.0,0.0,0.0
"IMC-Chicago, LLC",0.0,0.0,39407.0,173752.0,133280.0,136762.0,205285.0,270985.0,190270.0,137878.0,176827.0,149200988.0,173360244.0,265219458.0,200037038.0,263677985.0,325645008.0,364165625.0,311911404.0,453934518.0
"INDUSTRY VENTURES, L.L.C.",0.0,0.0,0.0,0.0,0.0,0.0,0.0,0.0,0.0,0.0,0.0,0.0,0.0,0.0,0.0,0.0,0.0,595477.0,165169.0,0.0
"INSIGNEO ADVISORY SERVICES, LLC",0.0,0.0,0.0,0.0,0.0,0.0,0.0,0.0,0.0,0.0,0.0,287000.0,324009.0,414081.0,402091.0,611527.0,640421.0,502796.0,449923.0,550665.0
"INSTITUTIONAL & FAMILY ASSET MANAGEMENT, LLC",0.0,0.0,0.0,0.0,0.0,0.0,0.0,0.0,0.0,16.0,28.0,42344.0,40578.0,46635.0,40484.0,56516.0,42986.0,35258.0,0.0,0.0
INTECH INVESTMENT MANAGEMENT LLC,0.0,0.0,0.0,0.0,0.0,0.0,0.0,0.0,0.0,576.0,7758948.0,17073508.0,10182986.0,5287144.0,5339007.0,6945100.0,5946882.0,1618242.0,1106561.0,1105576.0
"INTERNATIONAL ASSETS INVESTMENT MANAGEMENT, LLC",0.0,0.0,0.0,56618.0,154.0,0.0,233.0,482.0,0.0,259.0,528.0,572007.0,335735.0,375541.0,773004.0,511400.0,413178.0,577510.0,4622.0,733839.0
INTREPID CAPITAL MANAGEMENT INC,0.0,0.0,0.0,0.0,0.0,0.0,0.0,0.0,0.0,0.0,0.0,0.0,0.0,12318.0,15124.0,0.0,0.0,0.0,0.0,0.0
INVERNESS COUNSEL LLC /NY/,0.0,0.0,0.0,0.0,9486.0,29570.0,37235.0,38892.0,1596.0,612.0,765.0,0.0,0.0,0.0,0.0,0.0,0.0,0.0,0.0,0.0
INVESTMENT HOUSE LLC,0.0,0.0,0.0,0.0,0.0,0.0,0.0,0.0,0.0,0.0,0.0,0.0,0.0,0.0,0.0,0.0,1412707.0,1344146.0,1339957.0,0.0
"INVICTUS PRIVATE WEALTH, LLC",0.0,0.0,0.0,0.0,0.0,0.0,0.0,0.0,0.0,0.0,0.0,1139133.0,1170444.0,912632.0,1065724.0,1436183.0,0.0,0.0,0.0,0.0
IPG Investment Advisors LLC,0.0,0.0,0.0,0.0,0.0,0.0,0.0,0.0,0.0,0.0,262588.0,401194.0,0.0,0.0,0.0,0.0,461368.0,0.0,0.0,362091.0
IRONWOOD INVESTMENT MANAGEMENT LLC,0.0,0.0,0.0,0.0,0.0,0.0,0.0,0.0,0.0,353.0,425.0,365740.0,387422.0,417601.0,345413.0,461481.0,386224.0,0.0,0.0,0.0
"ISLAY CAPITAL MANAGEMENT, LLC",0.0,0.0,0.0,0.0,17.0,18.0,23.0,23.0,16.0,9.0,12.0,9761.0,0.0,0.0,0.0,0.0,0.0,0.0,0.0,0.0
ITHAKA GROUP LLC,0.0,0.0,0.0,0.0,0.0,0.0,0.0,0.0,0.0,0.0,0.0,0.0,4465770.0,4380670.0,3645856.0,4681276.0,3537747.0,2834999.0,0.0,0.0
IVC Wealth Advisors LLC,0.0,0.0,0.0,0.0,0.0,0.0,0.0,0.0,0.0,0.0,0.0,0.0,0.0,0.0,0.0,227855.0,0.0,213037.0,0.0,244277.0
"Icon Wealth Advisors, LLC",0.0,0.0,0.0,0.0,0.0,0.0,0.0,0.0,0.0,0.0,303.0,311912.0,0.0,0.0,0.0,299495.0,597597.0,111866.0,0.0,132021.0
"Icon Wealth Partners, LLC",0.0,0.0,0.0,0.0,0.0,0.0,0.0,0.0,0.0,230.0,0.0,0.0,310586.0,277520.0,232821.0,0.0,0.0,0.0,0.0,0.0
"Ignite Planners, LLC",0.0,0.0,0.0,0.0,0.0,0.0,0.0,0.0,0.0,0.0,0.0,0.0,0.0,0.0,0.0,286517.0,259401.0,290044.0,305069.0,453732.0
Illinois Municipal Retirement Fund,0.0,0.0,0.0,0.0,0.0,0.0,0.0,4068.0,0.0,0.0,0.0,0.0,0.0,0.0,0.0,0.0,480.0,401487.0,341364.0,0.0
Ilmarinen Mutual Pension Insurance Co,0.0,0.0,0.0,0.0,0.0,0.0,0.0,0.0,0.0,3477.0,4249.0,3589.0,3857.0,8799.0,7639.0,8955.0,6464.0,2026.0,1723.0,2316.0
"Impact Partnership Wealth, LLC",0.0,0.0,0.0,0.0,0.0,0.0,0.0,0.0,0.0,0.0,0.0,0.0,0.0,528.0,458.0,0.0,0.0,0.0,0.0,0.0
"In-Depth Partners, LLC",0.0,0.0,0.0,0.0,0.0,0.0,0.0,0.0,3615.0,1898.0,2453.0,2071282.0,2705629.0,3398350.0,3326720.0,4333424.0,3615962.0,2475930.0,1755865.0,2360466.0
Independence Bank of Kentucky,0.0,0.0,0.0,0.0,0.0,0.0,0.0,0.0,0.0,0.0,0.0,0.0,0.0,54906.0,440741.0,687545.0,761944.0,761908.0,756353.0,1076547.0
Independent Advisor Alliance,0.0,0.0,0.0,219.0,356.0,434.0,406.0,528.0,395.0,239.0,390.0,0.0,322773.0,494683.0,430506.0,432820.0,339199.0,476914.0,468437.0,791554.0
Infini Capital Management Ltd,0.0,0.0,0.0,0.0,0.0,0.0,454.0,630.0,458.0,584.0,0.0,0.0,0.0,0.0,0.0,0.0,0.0,0.0,0.0,0.0
Infini Master Fund,0.0,0.0,0.0,0.0,0.0,0.0,454.0,630.0,458.0,0.0,0.0,0.0,0.0,0.0,0.0,0.0,0.0,0.0,0.0,0.0
Insight Folios Inc,0.0,0.0,0.0,0.0,0.0,0.0,0.0,254.0,0.0,0.0,0.0,0.0,0.0,0.0,0.0,0.0,0.0,0.0,0.0,0.0
"Inspire Investing, LLC",0.0,0.0,0.0,0.0,0.0,0.0,0.0,0.0,0.0,0.0,0.0,0.0,0.0,0.0,364815.0,442974.0,441006.0,262615.0,284164.0,258482.0
"Institute for Wealth Management, LLC.",0.0,0.0,0.0,0.0,0.0,0.0,0.0,241.0,489.0,553.0,743.0,415715.0,509953.0,735977.0,636159.0,852349.0,827095.0,792730.0,682058.0,903620.0
Integrated Advisors Network LLC,0.0,0.0,0.0,0.0,583.0,550.0,752.0,862.0,0.0,242.0,0.0,0.0,0.0,254307.0,0.0,0.0,0.0,0.0,0.0,0.0
"Intellectus Partners, LLC",0.0,0.0,0.0,0.0,396.0,350.0,302.0,288.0,218.0,0.0,207.0,433491.0,489099.0,575455.0,534695.0,693007.0,591044.0,575814.0,2151954.0,2827316.0
Interactive Financial Advisors,0.0,0.0,0.0,21.0,123.0,18.0,23.0,26.0,17.0,0.0,0.0,0.0,0.0,0.0,0.0,0.0,0.0,0.0,0.0,0.0
Intersect Capital LLC,0.0,0.0,0.0,0.0,342.0,363.0,1276.0,243.0,0.0,0.0,0.0,0.0,0.0,0.0,0.0,0.0,0.0,0.0,0.0,0.0
"Interval Partners, LP",0.0,0.0,0.0,0.0,6963.0,0.0,0.0,474.0,0.0,0.0,1700.0,0.0,2237205.0,10558800.0,2031841.0,2089500.0,0.0,1958805.0,0.0,0.0
"Intrinsic Value Partners, LLC",0.0,0.0,0.0,0.0,0.0,0.0,0.0,0.0,0.0,598.0,731.0,571.0,596639.0,650598.0,564638.0,670829.0,540229.0,451606.0,0.0,0.0
Investment Management Corp of Ontario,0.0,0.0,0.0,0.0,0.0,0.0,0.0,0.0,0.0,0.0,0.0,0.0,0.0,0.0,0.0,1303649.0,735442.0,911993.0,1154458.0,0.0
"Investment Research & Advisory Group, Inc.",0.0,0.0,0.0,0.0,0.0,0.0,0.0,0.0,0.0,0.0,0.0,431.0,463.0,528.0,458.0,597.0,0.0,0.0,0.0,0.0
Investors Research Corp,0.0,0.0,0.0,0.0,0.0,0.0,1.0,1.0,1.0,1.0,1.0,1435.0,0.0,0.0,0.0,0.0,0.0,0.0,0.0,0.0
Iron Gate Global Advisors LLC,0.0,0.0,0.0,0.0,0.0,0.0,0.0,0.0,0.0,0.0,0.0,0.0,0.0,0.0,0.0,0.0,1878170.0,1662282.0,3360574.0,8474793.0
"Islet Management, LP",0.0,0.0,0.0,0.0,57320.0,0.0,22682.0,0.0,0.0,6953.0,0.0,0.0,0.0,0.0,0.0,0.0,0.0,0.0,0.0,0.0
J. Goldman & Co LP,0.0,0.0,0.0,0.0,0.0,0.0,416.0,0.0,0.0,0.0,965.0,0.0,9349974.0,1179066.0,0.0,3880500.0,735280.0,0.0,0.0,0.0
J.P. Morgan Private Wealth Advisors LLC,0.0,0.0,0.0,0.0,0.0,0.0,0.0,0.0,0.0,0.0,0.0,0.0,0.0,0.0,9061705.0,0.0,0.0,0.0,0.0,0.0
"J.W. COLE ADVISORS, INC.",0.0,0.0,0.0,0.0,0.0,0.0,0.0,245.0,66.0,0.0,0.0,0.0,224955.0,1125073.0,464482.0,303753.0,0.0,0.0,231328.0,486083.0
"JACKSON SQUARE CAPITAL, LLC",0.0,0.0,0.0,0.0,0.0,0.0,0.0,935.0,0.0,3186.0,2289.0,0.0,0.0,0.0,0.0,798985.0,0.0,0.0,0.0,0.0
"JACOBS LEVY EQUITY MANAGEMENT, INC",0.0,0.0,0.0,0.0,0.0,0.0,0.0,0.0,0.0,1144.0,51169.0,0.0,0.0,68605275.0,40921736.0,44893206.0,0.0,56666472.0,0.0,0.0
"JAMISON PRIVATE WEALTH MANAGEMENT, INC.",0.0,0.0,0.0,0.0,0.0,0.0,0.0,0.0,0.0,0.0,0.0,0.0,0.0,0.0,40332.0,39402.0,32967.0,27559.0,23432.0,0.0
"JANICZEK WEALTH MANAGEMENT, LLC",0.0,0.0,0.0,0.0,0.0,0.0,0.0,0.0,0.0,4.0,32.0,21890.0,21889.0,26397.0,22916.0,35820.0,29735.0,9322.0,0.0,0.0
JAT Capital Mgmt LP,0.0,0.0,0.0,0.0,0.0,0.0,0.0,0.0,0.0,0.0,4164.0,0.0,3736132.0,0.0,0.0,0.0,0.0,0.0,0.0,0.0
"JBF Capital, Inc.",0.0,0.0,0.0,0.0,0.0,0.0,0.0,0.0,0.0,0.0,0.0,0.0,0.0,0.0,1191606.0,1731300.0,2230080.0,2607237.0,2216798.0,0.0
"JEPPSON WEALTH MANAGEMENT, LLC",0.0,0.0,0.0,0.0,212.0,0.0,0.0,269.0,215.0,201.0,255.0,367031.0,383256.0,439774.0,379786.0,494117.0,494173.0,400947.0,0.0,0.0
"JFG Wealth Management, LLC",0.0,0.0,0.0,0.0,0.0,0.0,0.0,0.0,0.0,0.0,0.0,0.0,0.0,0.0,0.0,398000.0,242885.0,0.0,0.0,0.0
"JFS WEALTH ADVISORS, LLC",0.0,0.0,0.0,0.0,0.0,0.0,0.0,7.0,11.0,7.0,9.0,718.0,1235.0,1232.0,1528.0,3184.0,4202.0,4594.0,1723.0,464.0
JJJ Advisors Inc.,0.0,0.0,0.0,6.0,1.0,31.0,114.0,83.0,26.0,0.0,0.0,0.0,0.0,0.0,0.0,0.0,0.0,0.0,0.0,0.0
JNBA Financial Advisors,0.0,0.0,4.0,5.0,4.0,4.0,5.0,6.0,4.0,2.0,3.0,2440.0,2623.0,2992.0,2598.0,3383.0,2748.0,2297.0,1953.0,2625.0
JOHN G ULLMAN & ASSOCIATES INC,0.0,0.0,0.0,0.0,0.0,0.0,0.0,0.0,0.0,375.0,544.0,639.0,1041.0,1223061.0,1061751.0,2135668.0,1685811.0,2357320.0,3830581.0,3192427.0
JOHO CAPITAL LLC,0.0,0.0,1211.0,0.0,0.0,0.0,0.0,0.0,0.0,0.0,0.0,0.0,0.0,0.0,0.0,0.0,0.0,0.0,0.0,0.0
JONES FINANCIAL COMPANIES LLLP,0.0,0.0,0.0,0.0,0.0,0.0,0.0,0.0,0.0,0.0,0.0,1000.0,0.0,0.0,0.0,21890.0,138330.0,833910.0,1034963.0,1824354.0
JPMORGAN CHASE & CO,0.0,0.0,0.0,0.0,0.0,0.0,0.0,0.0,0.0,0.0,0.0,1.0,38572.0,14606.0,12986.0,24664458.0,23453978.0,9446302.0,1922756.0,0.0
JS Capital Management LLC,0.0,0.0,0.0,0.0,71535.0,371071.0,219262.0,202841.0,16429.0,0.0,1700.0,4019120.0,0.0,0.0,20318410.0,58806092.0,0.0,0.0,0.0,0.0
"JSF Financial, LLC",0.0,0.0,335.0,0.0,0.0,0.0,0.0,0.0,0.0,0.0,0.0,0.0,0.0,0.0,0.0,0.0,0.0,0.0,0.0,0.0
JTC Employer Solutions Trustee Ltd,0.0,0.0,0.0,0.0,0.0,0.0,0.0,0.0,0.0,0.0,0.0,4775.0,5132.0,5854.0,4964.0,6535.0,5198.0,4354.0,3701.0,5089.0
JUPITER ASSET MANAGEMENT LTD,0.0,0.0,0.0,0.0,0.0,0.0,1932.0,1703.0,0.0,0.0,0.0,0.0,0.0,0.0,0.0,372727.0,0.0,0.0,0.0,0.0
"Jackson Square Partners, LLC",0.0,0.0,12550.0,14059.0,308894.0,333522.0,375010.0,184261.0,115962.0,13030.0,12707.0,0.0,0.0,0.0,0.0,0.0,0.0,0.0,0.0,0.0
Jacobi Capital Management LLC,0.0,0.0,19.0,31.0,27.0,30.0,38.0,0.0,0.0,0.0,0.0,0.0,0.0,0.0,0.0,0.0,0.0,240731.0,218464.0,270526.0
"Jaffetilchin Investment Partners, LLC",0.0,0.0,0.0,536.0,392.0,879.0,390.0,429.0,0.0,0.0,0.0,0.0,0.0,0.0,0.0,0.0,0.0,0.0,65011.0,0.0
Jain Global LLC,0.0,0.0,0.0,0.0,0.0,0.0,0.0,0.0,0.0,0.0,0.0,0.0,0.0,0.0,0.0,0.0,0.0,0.0,0.0,1847670.0
Janney Capital Management LLC,0.0,0.0,0.0,0.0,0.0,0.0,0.0,0.0,0.0,0.0,0.0,4595.0,9217.0,10396.0,8970.0,11554.0,12072.0,11118.0,9187.0,12211.0
Janney Montgomery Scott LLC,0.0,0.0,618.0,1483.0,1738.0,2140.0,3433.0,3788.0,3274.0,3638.0,5053.0,4545.0,5460.0,5859.0,4048.0,6672.0,5545.0,4043.0,3916.0,6775.0
Jeneq Management LP,0.0,0.0,0.0,0.0,0.0,0.0,0.0,0.0,390.0,0.0,0.0,0.0,0.0,0.0,0.0,0.0,0.0,0.0,0.0,0.0
Jericho Capital Asset Management L.P.,0.0,0.0,31049.0,34809.0,0.0,0.0,0.0,0.0,24150.0,0.0,0.0,0.0,0.0,0.0,0.0,0.0,0.0,0.0,0.0,0.0
Jetstream Capital LLC,0.0,0.0,0.0,0.0,0.0,0.0,0.0,0.0,0.0,32957.0,0.0,0.0,0.0,0.0,0.0,0.0,0.0,0.0,0.0,0.0
"John W. Brooker & Co., CPAs",0.0,0.0,0.0,0.0,23.0,24.0,0.0,0.0,0.0,0.0,0.0,0.0,0.0,0.0,0.0,0.0,0.0,0.0,0.0,0.0
Johns Hopkins University,0.0,0.0,0.0,0.0,0.0,0.0,0.0,0.0,0.0,0.0,0.0,0.0,0.0,0.0,0.0,580.0,0.0,0.0,0.0,0.0
"Johnson Midwest Financial, LLC",0.0,0.0,0.0,0.0,0.0,0.0,0.0,0.0,0.0,0.0,0.0,5.0,5092.0,5807.0,5041.0,0.0,0.0,0.0,0.0,0.0
Jordan Park Group LLC,0.0,0.0,0.0,0.0,3442.0,0.0,0.0,0.0,0.0,0.0,0.0,0.0,0.0,0.0,0.0,0.0,0.0,0.0,0.0,0.0
"Joseph P. Lucia & Associates, LLC",0.0,0.0,0.0,0.0,73083.0,4.0,5.0,0.0,550.0,362.0,518.0,422725.0,454384.0,509462.0,440436.0,573717.0,478013.0,372578.0,1292175.0,0.0
"Joule Financial, LLC",0.0,0.0,0.0,0.0,0.0,0.0,0.0,0.0,0.0,0.0,0.0,0.0,0.0,241445.0,618566.0,1712395.0,0.0,0.0,0.0,468017.0
"Jump Financial, LLC",0.0,0.0,0.0,0.0,0.0,0.0,0.0,1344.0,0.0,0.0,0.0,0.0,0.0,7087770.0,2614200.0,2496256.0,0.0,7267301.0,0.0,0.0
Junson Asset Management (Hong Kong) Ltd,0.0,0.0,0.0,0.0,0.0,6142.0,0.0,9858.0,6828.0,3114.0,6407.0,0.0,0.0,0.0,0.0,0.0,0.0,0.0,0.0,0.0
Jupiter Wealth Management LLC,0.0,0.0,0.0,605.0,544.0,533.0,1029.0,457.0,0.0,0.0,0.0,0.0,0.0,0.0,0.0,0.0,0.0,0.0,0.0,0.0
JustInvest LLC,0.0,0.0,0.0,0.0,0.0,753.0,1326.0,2337.0,0.0,0.0,0.0,0.0,0.0,0.0,0.0,0.0,0.0,0.0,0.0,0.0
K.J. Harrison & Partners Inc,0.0,0.0,0.0,0.0,0.0,0.0,0.0,0.0,0.0,0.0,0.0,0.0,0.0,350689.0,0.0,0.0,0.0,0.0,0.0,1890908.0
"K2 PRINCIPAL FUND, L.P.",0.0,0.0,0.0,0.0,0.0,0.0,0.0,0.0,0.0,0.0,0.0,0.0,0.0,0.0,0.0,0.0,1616000.0,0.0,0.0,0.0
KADENSA CAPITAL Ltd,0.0,0.0,0.0,0.0,0.0,0.0,0.0,0.0,0.0,0.0,0.0,3545007.0,20690598.0,16827560.0,17054173.0,53932781.0,13248938.0,11288796.0,0.0,0.0
KAYNE ANDERSON RUDNICK INVESTMENT MANAGEMENT LLC,0.0,0.0,596.0,4925.0,4132.0,4416.0,8689.0,9745.0,5535.0,3508.0,17292.0,4960742.0,8105471.0,9078280.0,7298740.0,10239744.0,9239318.0,8428456.0,5437587.0,13799878.0
"KB FINANCIAL PARTNERS, LLC",0.0,0.0,0.0,0.0,82.0,0.0,0.0,0.0,0.0,0.0,0.0,0.0,0.0,0.0,59.0,0.0,0.0,0.0,0.0,0.0
"KCL Capital, L.P.",0.0,0.0,1004.0,0.0,5732.0,12090.0,0.0,0.0,17185.0,0.0,0.0,12200900.0,0.0,0.0,0.0,0.0,0.0,0.0,0.0,0.0
KENSICO CAPITAL MANAGEMENT CORP,0.0,0.0,3614.0,0.0,0.0,0.0,0.0,0.0,0.0,0.0,0.0,0.0,0.0,0.0,0.0,0.0,0.0,0.0,0.0,0.0
"KESTRA PRIVATE WEALTH SERVICES, LLC",0.0,0.0,0.0,0.0,0.0,211211.0,333333.0,354354.0,208208.0,0.0,225.0,0.0,0.0,210648.0,0.0,278003.0,391395.0,329176.0,380187.0,784248.0
KEYSTONE INVESTORS PTE LTD,0.0,0.0,0.0,0.0,0.0,0.0,0.0,0.0,0.0,0.0,0.0,0.0,0.0,15408281.0,1561615.0,1992786.0,0.0,0.0,0.0,2055352.0
"KG&L Capital Management,LLC",0.0,0.0,276.0,744.0,2368.0,2040.0,2212.0,2558.0,3688.0,872.0,977.0,730906.0,1109962.0,1243475.0,1109416.0,639387.0,1591760.0,1266739.0,1337085.0,1908508.0
"KIDS CAPITAL MANAGEMENT, L.P.",0.0,0.0,0.0,0.0,0.0,0.0,0.0,2710.0,1833.0,0.0,0.0,0.0,0.0,0.0,0.0,0.0,0.0,0.0,0.0,0.0
KINGS POINT CAPITAL MANAGEMENT,0.0,0.0,0.0,0.0,0.0,125.0,242.0,305.0,0.0,0.0,0.0,0.0,0.0,0.0,0.0,0.0,0.0,0.0,0.0,0.0
"KINGSWOOD WEALTH ADVISORS, LLC",0.0,0.0,0.0,0.0,0.0,0.0,0.0,0.0,0.0,0.0,0.0,0.0,0.0,0.0,0.0,0.0,215251.0,204661.0,629601.0,289673.0
"KIRTLAND HILLS CAPITAL MANAGEMENT, LLC",0.0,0.0,0.0,0.0,0.0,0.0,0.0,0.0,0.0,0.0,0.0,0.0,0.0,0.0,0.0,0.0,1389749.0,1237289.0,1304924.0,2458207.0
KLINGENSTEIN FIELDS & CO LP,0.0,0.0,0.0,0.0,0.0,0.0,0.0,7610.0,6506.0,4443.0,7381.0,3120560.0,6747565.0,8069739.0,7516895.0,8505061.0,7351669.0,0.0,0.0,0.0
KLP KAPITALFORVALTNING AS,0.0,0.0,0.0,0.0,0.0,0.0,0.0,0.0,0.0,0.0,0.0,0.0,0.0,0.0,0.0,0.0,0.0,0.0,0.0,15410118.0
"KMG FIDUCIARY PARTNERS, LLC",0.0,0.0,0.0,0.0,0.0,267.0,2922.0,3847.0,2325.0,0.0,0.0,0.0,0.0,0.0,0.0,0.0,0.0,0.0,0.0,0.0
KORNITZER CAPITAL MANAGEMENT INC /KS,0.0,0.0,0.0,0.0,0.0,0.0,0.0,0.0,0.0,0.0,0.0,247606.0,0.0,0.0,0.0,467650.0,0.0,0.0,0.0,7735941.0
"KRAEMATON INVESTMENT ADVISORS, INC",0.0,0.0,0.0,0.0,0.0,0.0,0.0,408.0,259.0,0.0,0.0,205980.0,249950.0,288607.0,250543.0,310440.0,300576.0,251267.0,0.0,240108.0
"KRS CAPITAL MANAGEMENT, LLC",0.0,0.0,0.0,0.0,0.0,0.0,0.0,33.0,0.0,0.0,0.0,0.0,0.0,0.0,0.0,0.0,0.0,0.0,0.0,0.0
"KRS Capital Management, LLC",0.0,0.0,0.0,0.0,0.0,0.0,0.0,0.0,0.0,0.0,0.0,0.0,0.0,0.0,0.0,225865.0,455712.0,307330.0,203302.0,0.0
Kaizen Financial Strategies,0.0,0.0,0.0,0.0,0.0,0.0,423.0,440.0,344.0,209.0,252.0,0.0,0.0,0.0,0.0,0.0,0.0,0.0,0.0,0.0
Kapitalo Investimentos Ltda,0.0,0.0,0.0,0.0,0.0,882570.0,862530.0,189700.0,116627.0,0.0,0.0,0.0,0.0,113331.0,0.0,0.0,0.0,0.0,0.0,0.0
Karani Asset Management LLC,0.0,0.0,0.0,0.0,0.0,0.0,0.0,0.0,0.0,0.0,423.0,491050.0,527826.0,0.0,0.0,0.0,0.0,0.0,0.0,0.0
Kayak Investment Partners LLC,0.0,0.0,0.0,10481.0,19293.0,26100.0,44409.0,6594.0,3958.0,1596.0,0.0,0.0,0.0,0.0,0.0,0.0,0.0,0.0,0.0,0.0
"Kazazian Asset Management, LLC",0.0,0.0,0.0,0.0,0.0,0.0,0.0,0.0,0.0,0.0,0.0,0.0,0.0,0.0,0.0,0.0,0.0,0.0,0.0,1266162.0
Keener Financial Planning LLC,0.0,0.0,0.0,0.0,0.0,0.0,0.0,0.0,0.0,0.0,0.0,0.0,0.0,0.0,0.0,6.0,5.0,3.0,3.0,4.0
Kelly Financial Services LLC,0.0,0.0,1757.0,1970.0,1605.0,7.0,2117.0,2371.0,1604.0,973.0,1190.0,1005.0,1080.0,1232.0,2903.0,3980.0,23594.0,19723.0,0.0,0.0
Kemnay Advisory Services Inc.,0.0,0.0,0.0,0.0,725.0,0.0,0.0,0.0,0.0,0.0,0.0,0.0,0.0,0.0,0.0,0.0,0.0,0.0,0.0,0.0
"Kercheville Advisors, LLC",0.0,0.0,0.0,0.0,0.0,0.0,0.0,0.0,0.0,0.0,0.0,0.0,0.0,0.0,0.0,398000.0,0.0,0.0,0.0,0.0
"Kessler Investment Group, LLC",0.0,0.0,0.0,1691.0,3064.0,671.0,273.0,0.0,0.0,0.0,212.0,179000.0,192863.0,149583.0,0.0,0.0,0.0,0.0,0.0,0.0
"Kestra Advisory Services, LLC",0.0,0.0,0.0,982982.0,1354353.0,1527526.0,1984983.0,2274272.0,2457455.0,2208.0,3250247.0,3949216.0,2591575.0,3068211.0,3028818.0,3434596.0,3761284.0,2603590.0,2593998.0,4066079.0
"Kestra Investment Management, LLC",0.0,0.0,0.0,0.0,0.0,0.0,0.0,0.0,0.0,0.0,0.0,0.0,0.0,0.0,0.0,0.0,0.0,0.0,0.0,15750.0
"Key Bridge Compliance, LLC",0.0,0.0,0.0,0.0,0.0,0.0,0.0,0.0,0.0,0.0,0.0,0.0,0.0,0.0,259709.0,0.0,0.0,0.0,0.0,0.0
Key Financial Inc,0.0,0.0,0.0,0.0,0.0,0.0,0.0,0.0,12.0,8.0,9.0,8838.0,8023.0,9151.0,7944.0,10348.0,18751.0,7025.0,5973.0,8029.0
Key Square Capital Management LLC,0.0,0.0,0.0,0.0,0.0,0.0,0.0,0.0,0.0,3889.0,0.0,0.0,0.0,0.0,0.0,0.0,0.0,0.0,0.0,0.0
King Wealth,0.0,0.0,0.0,0.0,0.0,0.0,0.0,0.0,0.0,0.0,0.0,0.0,0.0,865.0,306.0,0.0,0.0,0.0,0.0,0.0
King Wealth Management Group,0.0,0.0,0.0,0.0,0.0,0.0,0.0,0.0,0.0,0.0,0.0,0.0,0.0,0.0,0.0,398.0,330.0,282.0,243.0,0.0
Kingfisher Capital LLC,0.0,0.0,0.0,0.0,0.0,0.0,0.0,0.0,0.0,0.0,0.0,2171.0,2331939.0,2584.0,2253.0,2861.0,2319.0,1927.0,1471931.0,0.0
Kings Path Partners LLC,0.0,0.0,0.0,0.0,0.0,0.0,0.0,0.0,0.0,0.0,0.0,0.0,0.0,0.0,0.0,0.0,0.0,946.0,0.0,0.0
"Kingsview Wealth Management, LLC",0.0,0.0,0.0,0.0,218.0,208.0,284.0,476.0,315970.0,0.0,0.0,0.0,0.0,203961.0,0.0,269048.0,1063166.0,461467.0,257976.0,376915.0
"Kistler-Tiffany Companies, LLC",0.0,0.0,1.0,1.0,74.0,122.0,99.0,113.0,91.0,82.0,121.0,273444.0,456236.0,562609.0,0.0,0.0,0.0,0.0,0.0,0.0
Knights of Columbus Asset Advisors LLC,0.0,0.0,0.0,0.0,0.0,0.0,0.0,0.0,0.0,0.0,0.0,0.0,0.0,0.0,0.0,0.0,0.0,0.0,0.0,810189.0
"Knollwood Investment Advisory, LLC",0.0,0.0,0.0,0.0,0.0,0.0,0.0,0.0,0.0,0.0,0.0,1027603.0,1104562.0,1259841.0,1093680.0,1853884.0,348571.0,0.0,0.0,0.0
Knuff & Co LLC,0.0,0.0,0.0,0.0,0.0,73.0,91.0,102.0,0.0,0.0,0.0,0.0,0.0,0.0,0.0,0.0,0.0,0.0,0.0,0.0
Kodai Capital Management LP,0.0,0.0,0.0,0.0,0.0,0.0,0.0,0.0,0.0,0.0,0.0,0.0,0.0,0.0,0.0,0.0,68513552.0,87894958.0,24608870.0,54616207.0
"Kohmann Bosshard Financial Services, LLC",0.0,0.0,0.0,0.0,0.0,0.0,0.0,0.0,0.0,0.0,0.0,0.0,0.0,0.0,0.0,0.0,0.0,0.0,0.0,1081.0
Kore Private Wealth LLC,0.0,0.0,0.0,251.0,266.0,380.0,477.0,919.0,352.0,586.0,255.0,0.0,0.0,0.0,0.0,0.0,0.0,0.0,0.0,0.0
Korea Investment CORP,0.0,0.0,0.0,2251.0,1146.0,62210.0,83084.0,97718.0,70058.0,45234.0,51028.0,24927731.0,18654741.0,18330605.0,28325086.0,53961039.0,42066258.0,31283061.0,18677959.0,43786970.0
"Koshinski Asset Management, Inc.",0.0,0.0,0.0,0.0,0.0,0.0,240734.0,270661.0,228901.0,288.0,375.0,642342.0,375850.0,312892.0,237557.0,339892.0,302192.0,461591.0,202154.0,230071.0
"Kovack Advisors, Inc.",0.0,0.0,0.0,243.0,608.0,933.0,1236.0,1348.0,895.0,567.0,782.0,484878.0,524740.0,560498.0,464693.0,931121.0,689870.0,309761.0,366863.0,400540.0
"Kovitz Investment Group Partners, LLC",0.0,0.0,0.0,0.0,0.0,0.0,0.0,0.0,0.0,0.0,0.0,0.0,0.0,0.0,0.0,0.0,495627.0,501184.0,250498.0,696698.0
"Kowal Investment Group, LLC",0.0,0.0,0.0,0.0,0.0,0.0,2.0,0.0,0.0,0.0,0.0,0.0,0.0,0.0,0.0,0.0,0.0,0.0,0.0,0.0
"Kozak & Associates, Inc.",0.0,0.0,0.0,0.0,0.0,0.0,0.0,0.0,0.0,0.0,0.0,0.0,0.0,0.0,0.0,0.0,0.0,0.0,0.0,162.0
Krane Funds Advisors LLC,0.0,0.0,0.0,0.0,0.0,0.0,0.0,0.0,0.0,0.0,0.0,0.0,0.0,0.0,0.0,0.0,0.0,0.0,0.0,289673.0
L & S Advisors Inc,0.0,0.0,2566.0,1357.0,0.0,0.0,0.0,0.0,1834.0,1402.0,1276.0,0.0,0.0,1424030.0,1205355.0,1348424.0,1324635.0,0.0,0.0,1314338.0
LA FINANCIERE DE L'ECHIQUIER,0.0,0.0,11102.0,32418.0,41661.0,45918.0,60093.0,67039.0,40625.0,29901.0,28248.0,21689.0,26769315.0,29388660.0,25512590.0,40456700.0,34954080.0,31151754.0,0.0,0.0
"LAIRD NORTON TRUST COMPANY, LLC",0.0,0.0,0.0,0.0,0.0,0.0,0.0,0.0,1444.0,873.0,0.0,0.0,322466.0,279808.0,548444.0,0.0,0.0,0.0,0.0,0.0
"LAKE STREET ADVISORS GROUP, LLC",0.0,0.0,0.0,0.0,0.0,0.0,0.0,0.0,0.0,0.0,0.0,0.0,0.0,0.0,0.0,0.0,454351.0,369824.0,257372.0,370390.0
LAKE STREET FINANCIAL LLC,0.0,0.0,0.0,361.0,344.0,485.0,548.0,546.0,329.0,469.0,448.0,343922.0,367056.0,318700.0,327326.0,441979.0,0.0,0.0,0.0,0.0
"LAKE STREET PRIVATE WEALTH, LLC",0.0,0.0,0.0,0.0,0.0,0.0,0.0,0.0,0.0,0.0,0.0,0.0,0.0,0.0,0.0,0.0,430018.0,384466.0,0.0,222350.0
"LANDSCAPE CAPITAL MANAGEMENT, L.L.C.",0.0,0.0,0.0,0.0,0.0,0.0,0.0,0.0,0.0,0.0,0.0,0.0,0.0,0.0,0.0,0.0,0.0,0.0,292893.0,121057.0
LAZARD ASSET MANAGEMENT LLC,0.0,0.0,0.0,0.0,689.0,241.0,4817.0,3816.0,2110.0,1401.0,1856.0,2859.0,1474.0,1675.0,1414.0,1813.0,143390.0,1385.0,1334.0,2108.0
"LBMC INVESTMENT ADVISORS, LLC",0.0,0.0,0.0,0.0,0.0,0.0,0.0,0.0,0.0,0.0,0.0,0.0,0.0,0.0,0.0,0.0,0.0,0.0,0.0,487936.0
LBP AM SA,0.0,0.0,0.0,0.0,0.0,0.0,0.0,0.0,0.0,0.0,0.0,0.0,0.0,4863383.0,5107865.0,4034924.0,637997.0,0.0,0.0,0.0
LECAP ASSET MANAGEMENT LTD,0.0,0.0,0.0,0.0,0.0,0.0,0.0,0.0,0.0,0.0,0.0,0.0,0.0,0.0,0.0,868038.0,3168814.0,0.0,0.0,0.0
LEDERER & ASSOCIATES INVESTMENT COUNSEL/CA,0.0,0.0,0.0,0.0,45856.0,0.0,0.0,0.0,0.0,0.0,0.0,0.0,0.0,0.0,0.0,0.0,0.0,0.0,0.0,0.0
"LEVEL FOUR ADVISORY SERVICES, LLC",0.0,0.0,0.0,0.0,0.0,0.0,0.0,543.0,0.0,0.0,0.0,0.0,0.0,0.0,0.0,0.0,0.0,4199543.0,4242943.0,10903508.0
"LEVEL FOUR FINANCIAL, LLC",0.0,0.0,0.0,0.0,0.0,488.0,471.0,0.0,0.0,0.0,0.0,0.0,0.0,0.0,0.0,0.0,0.0,0.0,0.0,0.0
"LGL PARTNERS, LLC",0.0,0.0,0.0,0.0,0.0,0.0,0.0,0.0,0.0,0.0,0.0,0.0,0.0,0.0,0.0,0.0,363762.0,300305.0,370194.0,0.0
LGT Group Foundation,0.0,0.0,0.0,0.0,0.0,0.0,0.0,34.0,0.0,0.0,0.0,0.0,0.0,0.0,0.0,0.0,0.0,0.0,0.0,0.0
"LIBERTY ONE INVESTMENT MANAGEMENT, LLC",0.0,0.0,0.0,0.0,0.0,0.0,0.0,0.0,177.0,0.0,146.0,127320.0,154753.0,202905.0,172936.0,228054.0,212019.0,182.0,137602.0,188998.0
"LIGHT STREET CAPITAL MANAGEMENT, LLC",0.0,0.0,0.0,0.0,0.0,0.0,0.0,0.0,0.0,0.0,0.0,8138718.0,0.0,0.0,0.0,0.0,0.0,0.0,0.0,0.0
LINCOLN NATIONAL CORP,0.0,0.0,0.0,0.0,389.0,425.0,412.0,460.0,408.0,266.0,1033.0,911622.0,315214.0,417600.0,366954.0,522375.0,465085.0,0.0,0.0,0.0
LM Advisors LLC,0.0,0.0,0.0,0.0,0.0,0.0,0.0,0.0,0.0,0.0,0.0,0.0,0.0,0.0,0.0,37323.0,0.0,0.0,0.0,0.0
"LMCG INVESTMENTS, LLC",0.0,0.0,0.0,0.0,0.0,0.0,0.0,0.0,0.0,0.0,1243.0,2191999.0,2460463.0,3046390.0,2726486.0,3592348.0,3000912.0,497266.0,295075.0,320092.0
"LMDAGG, L.L.C.",0.0,0.0,0.0,0.0,0.0,0.0,0.0,0.0,6647.0,4034.0,4931.0,0.0,0.0,0.0,0.0,0.0,0.0,0.0,0.0,0.0
LMR Partners LLP,0.0,0.0,0.0,0.0,7436.0,0.0,0.0,4065.0,2750.0,0.0,0.0,0.0,0.0,0.0,0.0,23880000.0,18146387.0,0.0,0.0,3138074.0
LONE PINE CAPITAL LLC,0.0,0.0,427217.0,85000.0,290595.0,0.0,0.0,557799.0,0.0,0.0,0.0,0.0,0.0,0.0,0.0,0.0,0.0,0.0,0.0,0.0
LONG WALK MANAGEMENT LP,0.0,0.0,0.0,0.0,0.0,0.0,0.0,37601.0,19476.0,22980.0,11098.0,10776266.0,2777220.0,0.0,0.0,0.0,0.0,0.0,0.0,0.0
"LORD, ABBETT & CO. LLC",0.0,0.0,6275.0,0.0,0.0,0.0,0.0,116121.0,0.0,0.0,83319.0,110334.0,0.0,0.0,0.0,204128.0,0.0,0.0,0.0,0.0
LORING WOLCOTT & COOLIDGE FIDUCIARY ADVISORS LLP/MA,0.0,0.0,25.0,86.0,0.0,725.0,1307.0,1459.0,987.0,1242.0,1093.0,924360.0,992548.0,1126272.0,1056350.0,1447736.0,1089354.0,1007954.0,850408.0,1298848.0
LOS ANGELES CAPITAL MANAGEMENT LLC,0.0,0.0,0.0,0.0,2529.0,3065.0,8319.0,38660.0,29318.0,15729.0,10248.0,12439607.0,570410.0,581790.0,276666.0,34374066.0,2968107.0,212361.0,0.0,6314906.0
LPL Financial LLC,0.0,0.0,2545.0,4554.0,6846.0,9527.0,15996.0,18735.0,9665.0,8729.0,11657.0,11131183.0,12451064.0,15821482.0,15647009.0,23825076.0,23084237.0,18978166.0,14730037.0,27275971.0
"LRI Investments, LLC",0.0,0.0,0.0,0.0,0.0,0.0,0.0,0.0,0.0,0.0,0.0,0.0,0.0,0.0,0.0,0.0,41036.0,24857.0,23786.0,142520.0
"LS Investment Advisors, LLC",0.0,0.0,0.0,0.0,0.0,0.0,0.0,0.0,0.0,5.0,0.0,0.0,0.0,0.0,0.0,0.0,0.0,0.0,0.0,0.0
"LYELL WEALTH MANAGEMENT, LP",0.0,0.0,0.0,0.0,2865.0,4444.0,6147.0,7362.0,5441.0,3308.0,4002.0,3085105.0,3775322.0,4977946.0,4416428.0,9700653.0,9483334.0,7879800.0,6591011.0,8914089.0
"Laird Norton Wetherby Wealth Management, LLC",0.0,0.0,0.0,0.0,0.0,0.0,0.0,0.0,0.0,0.0,0.0,0.0,0.0,0.0,0.0,447352.0,322392.0,0.0,0.0,0.0
Lakewood Asset Management LLC,0.0,0.0,0.0,0.0,0.0,0.0,0.0,0.0,0.0,0.0,0.0,6000.0,0.0,0.0,0.0,0.0,0.0,0.0,0.0,0.0
"Landsberg, Bennett, & Dubbaneh LLC",0.0,0.0,0.0,581.0,322.0,355.0,567.0,0.0,0.0,0.0,0.0,0.0,0.0,0.0,0.0,0.0,0.0,0.0,0.0,0.0
"Lantern Wealth Advisors, LLC",0.0,0.0,0.0,0.0,0.0,0.0,0.0,0.0,0.0,0.0,0.0,0.0,0.0,0.0,0.0,1449914.0,0.0,0.0,0.0,0.0
Larson Financial Group LLC,0.0,0.0,8.0,16.0,29.0,14.0,18.0,21.0,13.0,130.0,27.0,24689.0,29932.0,34140.0,35901.0,88953.0,38622.0,25262.0,38938.0,63771.0
"Lattice Capital Management, LLC",0.0,0.0,0.0,0.0,0.0,0.0,0.0,0.0,0.0,0.0,0.0,0.0,0.0,0.0,1161052.0,0.0,0.0,0.0,0.0,0.0
"Laurel Wealth Advisors, Inc.",0.0,0.0,0.0,0.0,0.0,0.0,0.0,220.0,0.0,0.0,0.0,0.0,0.0,0.0,0.0,0.0,0.0,0.0,0.0,0.0
Laurion Capital Management LP,0.0,0.0,2510.0,0.0,0.0,0.0,0.0,0.0,0.0,0.0,0.0,0.0,0.0,53217583.0,0.0,641974.0,0.0,0.0,0.0,11058381.0
"Lead Edge Capital Management, LLC",0.0,0.0,1255.0,0.0,0.0,0.0,0.0,0.0,0.0,0.0,0.0,0.0,0.0,0.0,0.0,0.0,0.0,0.0,0.0,0.0
Lee Financial Co,0.0,0.0,0.0,0.0,0.0,0.0,0.0,0.0,0.0,0.0,0.0,0.0,0.0,0.0,0.0,0.0,0.0,0.0,0.0,0.0
"Leelyn Smith, LLC",0.0,0.0,6.0,6.0,5.0,5.0,7.0,11.0,7.0,4.0,5.0,4450.0,0.0,0.0,0.0,0.0,0.0,0.0,0.0,0.0
"Left Brain Wealth Management, LLC",0.0,0.0,0.0,0.0,0.0,0.0,0.0,0.0,0.0,0.0,0.0,0.0,2424070.0,3307368.0,2817690.0,3660207.0,3048261.0,0.0,0.0,333526.0
"Legacy Advisors, LLC",0.0,0.0,0.0,0.0,0.0,0.0,0.0,0.0,0.0,0.0,0.0,0.0,0.0,0.0,0.0,0.0,0.0,0.0,0.0,533023.0
"Legacy Bridge, LLC",0.0,0.0,0.0,0.0,0.0,0.0,0.0,0.0,0.0,0.0,0.0,0.0,0.0,0.0,0.0,0.0,11474.0,9592.0,8156.0,16368.0
"Legacy Investment Solutions, LLC",0.0,0.0,0.0,0.0,0.0,0.0,0.0,0.0,0.0,0.0,0.0,0.0,0.0,0.0,0.0,0.0,0.0,0.0,131.0,185.0
"Legacy Wealth Managment, LLC/ID",0.0,0.0,0.0,0.0,0.0,0.0,0.0,0.0,0.0,0.0,0.0,0.0,0.0,0.0,0.0,0.0,0.0,0.0,131.0,185.0
"Legal Advantage Investments, Inc.",0.0,0.0,0.0,0.0,0.0,0.0,0.0,0.0,0.0,0.0,0.0,0.0,0.0,0.0,0.0,0.0,242400.0,270180.0,229720.0,0.0
"Lenox Wealth Advisors, LLC",0.0,0.0,0.0,0.0,0.0,0.0,0.0,4.0,4.0,0.0,0.0,0.0,0.0,0.0,0.0,0.0,0.0,0.0,0.0,0.0
"Level Financial Advisors, Inc.",0.0,0.0,0.0,0.0,0.0,0.0,0.0,7.0,26.0,42.0,20.0,17000.0,10800.0,12319.0,10694.0,13930.0,0.0,0.0,0.0,0.0
Leverage Partners Absolute Return Fund SPC,0.0,0.0,0.0,0.0,0.0,0.0,2177.0,1423.0,0.0,1418.0,0.0,0.0,0.0,0.0,0.0,0.0,0.0,0.0,0.0,0.0
"Lewis Asset Management, LLC",0.0,0.0,0.0,0.0,0.0,0.0,0.0,0.0,0.0,0.0,0.0,0.0,0.0,0.0,0.0,0.0,448440.0,530228.0,381910.0,0.0
"Lido Advisors, LLC",0.0,0.0,0.0,0.0,301.0,0.0,0.0,355.0,383.0,419.0,325.0,486744.0,2286223.0,1335476.0,1019416.0,1278906.0,4427678.0,2869502.0,2439526.0,3280012.0
LifePro Asset Management,0.0,0.0,0.0,0.0,0.0,0.0,0.0,9368.0,7923.0,0.0,0.0,0.0,0.0,0.0,0.0,0.0,0.0,0.0,0.0,0.0
"Lindbrook Capital, LLC",0.0,0.0,0.0,4.0,1.0,1.0,9.0,46.0,8.0,40.0,76.0,57703.0,97357.0,131281.0,90440.0,139300.0,108918.0,63898.0,46174.0,59602.0
"Linden Thomas Advisory Services, LLC",0.0,0.0,0.0,0.0,0.0,0.0,0.0,0.0,0.0,0.0,0.0,0.0,0.0,0.0,0.0,0.0,0.0,1394669.0,1236008.0,1784516.0
Liontrust Investment Partners LLP,0.0,0.0,0.0,0.0,0.0,0.0,0.0,0.0,0.0,0.0,3059280.0,3301420.0,7051053.0,7743120.0,7486037.0,6169000.0,0.0,12942568.0,12942568.0,21489240.0
"Livforsakringsbolaget Skandia, Omsesidigt",0.0,0.0,0.0,84.0,69.0,73.0,726.0,508.0,458.0,181.0,51.0,43062.0,46269.0,52785.0,45831.0,127713.0,103683.0,86721.0,266084.0,357768.0
"Long Island Wealth Management, Inc.",0.0,0.0,0.0,0.0,0.0,0.0,0.0,0.0,0.0,0.0,0.0,0.0,0.0,0.0,0.0,0.0,0.0,0.0,0.0,0.0
Longitude (Cayman) Ltd.,0.0,0.0,0.0,0.0,0.0,0.0,0.0,0.0,0.0,0.0,0.0,0.0,0.0,0.0,0.0,0.0,565600.0,2701800.0,0.0,0.0
"Luxor Capital Group, LP",0.0,0.0,0.0,732.0,0.0,0.0,0.0,0.0,0.0,0.0,0.0,0.0,0.0,0.0,0.0,0.0,0.0,0.0,264178.0,0.0
Lynwood Capital Management Inc.,0.0,0.0,0.0,0.0,0.0,0.0,0.0,0.0,0.0,0.0,2549.0,0.0,0.0,0.0,0.0,0.0,0.0,0.0,0.0,0.0
M&G INVESTMENT MANAGEMENT LTD,0.0,0.0,0.0,0.0,0.0,0.0,0.0,0.0,1831.0,0.0,0.0,0.0,0.0,0.0,0.0,1235193.0,0.0,0.0,0.0,0.0
M&G Investments (USA) Inc.,0.0,0.0,0.0,0.0,0.0,0.0,0.0,0.0,0.0,0.0,0.0,0.0,0.0,0.0,0.0,1543245.0,0.0,0.0,0.0,0.0
M&G PLC,0.0,0.0,0.0,0.0,0.0,0.0,0.0,0.0,0.0,0.0,0.0,0.0,0.0,0.0,0.0,0.0,0.0,0.0,874920.0,1179024.0
M&G Plc,0.0,0.0,0.0,0.0,0.0,0.0,0.0,0.0,0.0,0.0,0.0,0.0,0.0,0.0,0.0,0.0,1232496.0,1027080.0,0.0,0.0
M&R CAPITAL MANAGEMENT INC,0.0,0.0,0.0,0.0,22.0,48.0,30.0,33.0,45.0,41.0,33.0,14354.0,30858.0,35196.0,15277.0,39800.0,16160.0,0.0,0.0,0.0
M&T Bank Corp,0.0,0.0,0.0,0.0,0.0,0.0,0.0,0.0,0.0,0.0,0.0,0.0,0.0,4752.0,3209.0,4179.0,1455.0,1216.0,0.0,0.0
MACKAY SHIELDS LLC,0.0,0.0,0.0,0.0,0.0,0.0,0.0,210.0,0.0,0.0,0.0,0.0,0.0,0.0,0.0,0.0,0.0,0.0,0.0,0.0
MACKENZIE FINANCIAL CORP,0.0,0.0,0.0,0.0,0.0,1197.0,2859.0,3572.0,4570.0,2168.0,2156.0,2270086.0,2981963.0,3282634.0,3299269.0,4535210.0,3341403.0,2788393.0,2514745.0,6155846.0
MACQUARIE GROUP LTD,0.0,0.0,6372.0,7756.0,81.0,27665.0,34707.0,1088.0,40649.0,48528.0,24677.0,18620000.0,28832608.0,15293160.0,4527762.0,9859527.0,2712618.0,4836754.0,3963264.0,63779806.0
MACROVIEW INVESTMENT MANAGEMENT LLC,0.0,0.0,0.0,0.0,0.0,0.0,10.0,17.0,6.0,3.0,4.0,3588.0,3858.0,4400.0,4736.0,12338.0,4040.0,3378.0,2872.0,0.0
MADDEN SECURITIES Corp,0.0,0.0,0.0,0.0,0.0,0.0,0.0,0.0,0.0,0.0,0.0,11053.0,0.0,0.0,0.0,0.0,996426.0,2057421.0,0.0,0.0
MAGNOLIA CAPITAL ADVISORS LLC,0.0,0.0,0.0,0.0,0.0,0.0,413.0,458.0,289.0,0.0,0.0,0.0,0.0,0.0,0.0,0.0,0.0,7238.0,0.0,0.0
MAI Capital Management,0.0,0.0,0.0,0.0,0.0,275.0,0.0,0.0,0.0,0.0,0.0,354442.0,424960.0,463003.0,613219.0,787826.0,1384600.0,1097618.0,791242.0,1148627.0
MAKENA CAPITAL MANAGEMENT LLC,0.0,0.0,0.0,0.0,284700.0,271745.0,49185.0,206407.0,159395.0,97019.0,124304.0,103006026.0,106091655.0,95822166.0,23378088.0,0.0,0.0,0.0,0.0,0.0
"MAPLELANE CAPITAL, LLC",0.0,0.0,0.0,0.0,0.0,532.0,332.0,307.0,0.0,0.0,0.0,0.0,0.0,0.0,0.0,0.0,0.0,0.0,0.0,0.0
MARK ASSET MANAGEMENT LP,0.0,0.0,251.0,3736.0,3411.0,0.0,0.0,0.0,0.0,0.0,0.0,0.0,0.0,0.0,0.0,0.0,0.0,0.0,0.0,0.0
"MARSHALL WACE, LLP",0.0,0.0,6551.0,0.0,0.0,2387.0,0.0,0.0,0.0,0.0,0.0,0.0,0.0,0.0,0.0,0.0,0.0,0.0,0.0,0.0
MARSICO CAPITAL MANAGEMENT LLC,0.0,0.0,0.0,0.0,0.0,0.0,0.0,0.0,0.0,0.0,4817.0,0.0,0.0,0.0,0.0,0.0,0.0,0.0,0.0,0.0
MASSACHUSETTS FINANCIAL SERVICES CO /MA/,0.0,0.0,65564.0,146582.0,0.0,0.0,0.0,0.0,0.0,0.0,0.0,0.0,0.0,0.0,0.0,0.0,0.0,0.0,11093179.0,14991821.0
MASSACHUSETTS INSTITUTE OF TECHNOLOGY,0.0,0.0,0.0,0.0,0.0,0.0,0.0,172851.0,116916.0,70957.0,86724.0,73242864.0,78728170.0,89795731.0,47398573.0,0.0,0.0,0.0,0.0,0.0
MASSMUTUAL TRUST CO FSB/ADV,0.0,0.0,0.0,0.0,1427.0,1129.0,76.0,86.0,57.0,36.0,5.0,0.0,3240.0,8095.0,5347.0,6766.0,7434.0,5404.0,62714.0,0.0
"MATHER GROUP, LLC.",0.0,0.0,0.0,0.0,0.0,0.0,0.0,0.0,0.0,0.0,0.0,0.0,0.0,0.0,0.0,0.0,55758.0,146450.0,0.0,19290.0
MAVERICK CAPITAL LTD,0.0,0.0,0.0,0.0,117.0,101492.0,63853.0,55558.0,43649.0,49154.0,63312.0,108683320.0,26184710.0,38995760.0,0.0,0.0,0.0,0.0,0.0,64680805.0
MBB PUBLIC MARKETS I LLC,0.0,0.0,0.0,0.0,0.0,0.0,0.0,532.0,0.0,0.0,0.0,0.0,0.0,0.0,0.0,0.0,318998.0,2893358.0,0.0,0.0
"MBM Wealth Consultants, LLC",0.0,0.0,0.0,0.0,0.0,0.0,0.0,0.0,0.0,0.0,0.0,1.0,1.0,0.0,0.0,0.0,0.0,0.0,0.0,0.0
"MEANS INVESTMENT CO., INC.",0.0,0.0,543.0,1509.0,1465.0,2516.0,3438.0,3731.0,2539.0,1568.0,1933.0,1369486.0,1584044.0,1961942.0,1719986.0,2412956.0,2074439.0,1773653.0,1473630.0,1014600.0
MEEDER ASSET MANAGEMENT INC,0.0,0.0,0.0,0.0,0.0,0.0,0.0,0.0,0.0,0.0,0.0,19234.0,0.0,0.0,0.0,0.0,21331.0,24586.0,27222.0,23162.0
MERCER GLOBAL ADVISORS INC /ADV,0.0,0.0,225.0,484.0,822.0,611.0,797.0,1073.0,1179.0,1042.0,1456.0,2124.0,1593.0,2098.0,3250.0,2398.0,1921.0,1392962.0,2721994.0,1787274.0
"MFA WEALTH ADVISORS, LLC",0.0,0.0,0.0,0.0,0.0,0.0,0.0,0.0,0.0,0.0,0.0,0.0,0.0,0.0,0.0,0.0,0.0,20128.0,17188.0,0.0
MGO ONE SEVEN LLC,0.0,0.0,0.0,0.0,0.0,0.0,0.0,0.0,0.0,0.0,264.0,0.0,0.0,0.0,309665.0,430636.0,390425.0,313004.0,218693.0,394054.0
MID ATLANTIC FINANCIAL MANAGEMENT INC/ADV,0.0,0.0,0.0,608.0,232.0,670.0,624.0,0.0,0.0,0.0,0.0,0.0,0.0,0.0,0.0,0.0,0.0,0.0,0.0,0.0
"MIG Capital, LLC",0.0,0.0,1255.0,0.0,15305.0,0.0,0.0,0.0,0.0,0.0,0.0,0.0,0.0,0.0,0.0,0.0,0.0,0.0,0.0,316386.0
MILLENNIUM MANAGEMENT LLC,0.0,0.0,0.0,10236.0,35683.0,74562.0,138982.0,149380.0,55594.0,24370.0,27578.0,13797.0,617.0,31507635.0,54638649.0,374279200.0,281089787.0,203491200.0,182977493.0,137376570.0
MIRABELLA FINANCIAL SERVICES LLP,0.0,0.0,0.0,0.0,0.0,0.0,0.0,0.0,0.0,0.0,0.0,0.0,0.0,0.0,0.0,271257.0,0.0,0.0,0.0,0.0
MMA ASSET MANAGEMENT LLC,0.0,0.0,0.0,0.0,0.0,0.0,0.0,0.0,0.0,0.0,0.0,0.0,0.0,0.0,0.0,0.0,0.0,0.0,0.0,308820.0
MMBG INVESTMENT ADVISORS CO.,0.0,0.0,0.0,0.0,0.0,0.0,0.0,4568.0,5490.0,3949.0,4996.0,4145141.0,4429203.0,5277782.0,4219813.0,4970423.0,3952251.0,3957056.0,463345.0,442230.0
"MN Wealth Advisors, LLC",0.0,0.0,0.0,0.0,0.0,0.0,0.0,0.0,0.0,0.0,0.0,0.0,0.0,0.0,0.0,543688.0,821574.0,890243.0,0.0,0.0
MONETA GROUP INVESTMENT ADVISORS LLC,0.0,0.0,0.0,0.0,0.0,0.0,0.0,0.0,0.0,0.0,0.0,0.0,0.0,0.0,0.0,252537.0,240304.0,0.0,0.0,0.0
MONETARY MANAGEMENT GROUP INC,0.0,0.0,0.0,0.0,11.0,30.0,38.0,42.0,29.0,17.0,21.0,17942.0,19286.0,21997.0,19096.0,24875.0,20200.0,16886.0,14357.0,0.0
MONEY CONCEPTS CAPITAL CORP,0.0,0.0,0.0,0.0,0.0,0.0,0.0,0.0,196.0,0.0,146.0,385691.0,0.0,0.0,0.0,0.0,0.0,0.0,0.0,0.0
MONTAG A & ASSOCIATES INC,0.0,0.0,0.0,84.0,2.0,2.0,3.0,3.0,2.0,1.0,2.0,1435.0,24687.0,2816.0,2896.0,87352.0,53321.0,40521.0,9783.0,13151.0
MOODY NATIONAL BANK TRUST DIVISION,0.0,0.0,0.0,0.0,0.0,0.0,0.0,0.0,0.0,0.0,0.0,0.0,0.0,0.0,0.0,835203.0,683406.0,576024.0,508026.0,643890.0
"MOORE CAPITAL MANAGEMENT, LP",0.0,0.0,252.0,0.0,0.0,0.0,0.0,12074.0,9532.0,2781.0,0.0,0.0,0.0,0.0,0.0,1990000.0,969600.0,520097.0,4732232.0,0.0
MORGENS WATERFALL VINTIADIS & CO INC,0.0,0.0,0.0,0.0,0.0,0.0,0.0,0.0,0.0,2169.0,0.0,0.0,0.0,0.0,0.0,0.0,0.0,0.0,0.0,0.0
MOSELEY INVESTMENT MANAGEMENT INC,0.0,0.0,0.0,0.0,0.0,301.0,390.0,404.0,307.0,248.0,275.0,233970.0,257510.0,312013.0,268264.0,272431.0,261146.0,0.0,0.0,0.0
MOTCO,0.0,0.0,0.0,0.0,0.0,0.0,0.0,0.0,0.0,0.0,0.0,0.0,0.0,176.0,153.0,199.0,0.0,0.0,0.0,0.0
"MPS Loria Financial Planners, LLC",0.0,0.0,0.0,348.0,229.0,242.0,302.0,340.0,0.0,0.0,0.0,0.0,0.0,0.0,0.0,0.0,0.0,0.0,0.0,0.0
MQS Management LLC,0.0,0.0,0.0,0.0,0.0,0.0,0.0,0.0,0.0,208.0,0.0,0.0,0.0,0.0,0.0,0.0,0.0,0.0,0.0,0.0
"MRP Capital Investments, LLC",0.0,0.0,0.0,0.0,0.0,0.0,0.0,0.0,0.0,0.0,0.0,266266.0,205206.0,52794.0,0.0,0.0,0.0,0.0,0.0,0.0
MUFG Securities EMEA plc,0.0,0.0,0.0,0.0,0.0,0.0,0.0,0.0,0.0,0.0,0.0,0.0,0.0,0.0,0.0,0.0,0.0,2917944.0,0.0,0.0
"MV CAPITAL MANAGEMENT, INC.",0.0,0.0,0.0,0.0,0.0,0.0,0.0,0.0,0.0,0.0,0.0,0.0,0.0,0.0,0.0,1194.0,3232.0,271.0,2642.0,20846.0
MY.Alpha Management HK Advisors Ltd,0.0,0.0,0.0,0.0,0.0,0.0,0.0,0.0,0.0,17087.0,0.0,0.0,0.0,0.0,0.0,0.0,0.0,0.0,0.0,0.0
MYDA Advisors LLC,0.0,0.0,0.0,0.0,1146.0,0.0,0.0,0.0,0.0,1710.0,0.0,0.0,0.0,0.0,0.0,0.0,0.0,0.0,0.0,540435.0
"Mach-1 Financial Group, Inc.",0.0,0.0,0.0,50.0,14.0,14.0,0.0,33.0,0.0,0.0,0.0,0.0,0.0,0.0,0.0,0.0,0.0,0.0,0.0,0.0
"Mach-1 Financial Group, LLC",0.0,0.0,0.0,0.0,0.0,0.0,0.0,0.0,14.0,8.0,10.0,0.0,0.0,0.0,0.0,753812.0,0.0,0.0,0.0,0.0
Machina Capital S.A.S.,0.0,0.0,0.0,0.0,0.0,629.0,0.0,0.0,0.0,0.0,0.0,0.0,0.0,0.0,0.0,915400.0,0.0,514558.0,0.0,566067.0
"Madrona Venture Group, LLC",0.0,0.0,0.0,700184.0,529283.0,517779.0,383405.0,213966.0,144726.0,87835.0,107352.0,90665.0,97455.0,111155.0,96495.0,105795.0,85912.0,71818.0,49577.0,35766.0
Magnetar Financial LLC,0.0,0.0,0.0,1683.0,885.0,0.0,0.0,0.0,0.0,0.0,0.0,0.0,0.0,0.0,0.0,0.0,0.0,0.0,0.0,0.0
"Main Street Financial Solutions, LLC",0.0,0.0,0.0,334.0,396.0,372.0,465.0,556.0,399.0,253.0,318.0,0.0,372302.0,437134.0,433714.0,571130.0,380568.0,0.0,0.0,0.0
"Main Street Group, LTD",0.0,0.0,0.0,0.0,0.0,0.0,0.0,0.0,0.0,0.0,0.0,0.0,0.0,0.0,0.0,6368.0,5137.0,4569.0,3676.0,4942.0
"Malaga Cove Capital, LLC",0.0,0.0,0.0,0.0,0.0,0.0,0.0,0.0,298.0,305.0,713.0,1000617.0,1071235.0,0.0,467629.0,609139.0,834179.0,697335.0,856511.0,576721.0
Man Group plc,0.0,0.0,0.0,0.0,0.0,0.0,0.0,0.0,0.0,0.0,17316.0,0.0,0.0,0.0,0.0,0.0,0.0,0.0,0.0,0.0
Manchester Capital Management LLC,0.0,0.0,0.0,0.0,99.0,4.0,5.0,6.0,4.0,2.0,3.0,2440.0,35796.0,41884.0,36360.0,48158.0,39108.0,137252.0,128184.0,291218.0
Manchester Global Management (UK) Ltd,0.0,0.0,0.0,0.0,0.0,0.0,0.0,0.0,0.0,0.0,0.0,24869166.0,27194538.0,20001183.0,14170334.0,18756944.0,21415878.0,21279917.0,22121577.0,36021537.0
"Mango Five Family, Inc.",0.0,0.0,0.0,0.0,0.0,0.0,0.0,0.0,0.0,0.0,0.0,0.0,0.0,0.0,0.0,25870.0,21008.0,0.0,0.0,0.0
"Manhattan West Asset Management, LLC",0.0,0.0,0.0,0.0,0.0,0.0,0.0,0.0,0.0,0.0,0.0,0.0,0.0,1240483.0,1285006.0,1817865.0,1722656.0,1054513.0,1212807.0,1542556.0
Marathon Trading Investment Management LLC,0.0,0.0,0.0,929.0,2201.0,0.0,0.0,0.0,275.0,0.0,238.0,0.0,0.0,0.0,0.0,0.0,0.0,0.0,0.0,0.0
"Marble Harbor Investment Counsel, LLC",0.0,0.0,0.0,0.0,0.0,0.0,0.0,0.0,0.0,0.0,0.0,0.0,0.0,0.0,0.0,0.0,0.0,0.0,0.0,504149.0
"Mariner, LLC",0.0,0.0,0.0,0.0,0.0,14858.0,19841.0,22501.0,55783.0,33978.0,19067.0,15867.0,19879.0,23169863.0,20801787.0,27319616.0,21850018.0,18411213.0,25518100.0,34301527.0
"Marquette Asset Management, LLC",0.0,0.0,0.0,0.0,0.0,0.0,0.0,0.0,0.0,0.0,2.0,0.0,0.0,0.0,0.0,0.0,0.0,0.0,0.0,0.0
Marshall & Sterling Wealth Advisors Inc.,0.0,0.0,0.0,0.0,0.0,0.0,0.0,0.0,0.0,0.0,0.0,0.0,0.0,0.0,0.0,0.0,0.0,0.0,0.0,5095.0
Maryland State Retirement & Pension System,0.0,0.0,0.0,0.0,0.0,2156.0,4470.0,5170.0,3588.0,2099.0,0.0,3462328.0,3785197.0,4165095.0,3615760.0,4869132.0,3661392.0,3305382.0,2072878.0,2606750.0
Mascoma Wealth Management LLC,0.0,0.0,0.0,0.0,0.0,0.0,0.0,0.0,0.0,0.0,0.0,0.0,0.0,0.0,0.0,0.0,0.0,0.0,0.0,1235.0
Mason & Associates Inc,0.0,0.0,0.0,0.0,0.0,0.0,0.0,0.0,0.0,0.0,0.0,0.0,0.0,0.0,0.0,0.0,0.0,0.0,288299.0,387569.0
"Mass General Brigham, Inc",0.0,0.0,0.0,0.0,0.0,1087.0,0.0,0.0,0.0,0.0,0.0,0.0,0.0,0.0,0.0,5588716.0,0.0,0.0,0.0,0.0
"MassMutual Private Wealth & Trust, FSB",0.0,0.0,0.0,0.0,0.0,0.0,0.0,0.0,0.0,0.0,0.0,0.0,0.0,0.0,0.0,0.0,0.0,0.0,0.0,29338.0
Maxi Investments CY Ltd,0.0,0.0,0.0,0.0,0.0,0.0,0.0,0.0,0.0,0.0,0.0,0.0,0.0,0.0,0.0,0.0,0.0,1611.0,597.0,932.0
"Mayflower Financial Advisors, LLC",0.0,0.0,0.0,0.0,0.0,0.0,0.0,0.0,0.0,0.0,0.0,0.0,206903.0,343161.0,287360.0,350041.0,370549.0,406621.0,481493.0,535185.0
"Maytus Capital Management, LLC",0.0,0.0,0.0,0.0,0.0,0.0,0.0,10163.0,0.0,0.0,4249.0,2009560.0,0.0,0.0,5117795.0,7363000.0,5009600.0,0.0,0.0,11966775.0
"McGlone Suttner Wealth Management, Inc.",0.0,0.0,0.0,0.0,0.0,0.0,0.0,0.0,0.0,0.0,0.0,0.0,0.0,0.0,0.0,1990.0,0.0,0.0,0.0,0.0
"McIlrath & Eck, LLC",0.0,0.0,0.0,0.0,3.0,3.0,4.0,4.0,3.0,2.0,2.0,1722.0,1851.0,2112.0,1833.0,2388.0,1939.0,1621.0,1378.0,1853.0
"Measured Risk Portfolios, Inc.",0.0,0.0,0.0,0.0,0.0,0.0,0.0,0.0,0.0,0.0,0.0,0.0,0.0,0.0,0.0,0.0,0.0,0.0,0.0,22853.0
"Meeder Advisory Services, Inc.",0.0,0.0,0.0,0.0,0.0,0.0,0.0,0.0,0.0,0.0,0.0,250621.0,535849.0,709903.0,553180.0,700082.0,576266.0,633302.0,542139.0,750741.0
Meiji Yasuda Life Insurance Co,0.0,0.0,0.0,0.0,0.0,0.0,575.0,644.0,465.0,282.0,753.0,831.0,948.0,1099.0,0.0,1326733.0,1339179.0,1085718.0,813783.0,1229876.0
Melqart Asset Management (UK) Ltd,0.0,0.0,0.0,0.0,21328.0,15744.0,19692.0,16981.0,45503.0,26658.0,24412.0,15297776.0,0.0,0.0,11444153.0,36702764.0,33590822.0,10207535.0,6779612.0,0.0
Melvin Capital Management LP,0.0,0.0,0.0,0.0,349652.0,586365.0,499010.0,685969.0,218298.0,0.0,0.0,0.0,0.0,0.0,0.0,0.0,0.0,0.0,0.0,0.0
"Meridian Wealth Management, LLC",0.0,0.0,0.0,0.0,0.0,0.0,2506.0,2708.0,1693.0,1058.0,1304.0,989134.0,1068458.0,0.0,0.0,287754.0,0.0,0.0,0.0,0.0
"Meridian Wealth Partners, LLC",0.0,0.0,0.0,0.0,5.0,0.0,7.0,0.0,0.0,0.0,0.0,0.0,0.0,0.0,0.0,0.0,0.0,0.0,0.0,0.0
"Merit Financial Group, LLC",0.0,0.0,0.0,0.0,0.0,0.0,0.0,0.0,0.0,0.0,0.0,0.0,0.0,0.0,0.0,0.0,286617.0,421211.0,0.0,492722.0
Meritech Capital Associates VI L.L.C.,0.0,0.0,0.0,0.0,0.0,0.0,0.0,93410.0,63182.0,38346.0,46866.0,39581011.0,42545313.0,48526309.0,42126175.0,0.0,0.0,0.0,0.0,0.0
"Metis Global Partners, LLC",0.0,0.0,0.0,0.0,0.0,0.0,0.0,0.0,285.0,0.0,228.0,398467.0,743831.0,981090.0,946563.0,1226437.0,976226.0,870384.0,802527.0,1172589.0
"Mill Creek Capital Advisors, LLC",0.0,0.0,0.0,0.0,0.0,0.0,0.0,0.0,0.0,0.0,0.0,550045.0,0.0,0.0,0.0,0.0,0.0,0.0,0.0,0.0
Mirador Capital Partners LP,0.0,0.0,0.0,0.0,0.0,0.0,0.0,0.0,0.0,1623.0,0.0,0.0,0.0,0.0,0.0,0.0,0.0,256806.0,3110409.0,3935602.0
"Mirae Asset Global Investments Co., Ltd.",0.0,0.0,0.0,481.0,503.0,5903.0,13179.0,5306.0,6942.0,16192.0,2237.0,508849.0,521809.0,491512.0,979103.0,4742568.0,2299891.0,1615745.0,1488934.0,4560919.0
"Mission Creek Capital Partners, Inc.",0.0,0.0,0.0,0.0,206532.0,0.0,0.0,1296.0,876.0,0.0,0.0,0.0,0.0,917384.0,0.0,0.0,0.0,0.0,0.0,4449324.0
Mitsubishi UFJ Trust & Banking Corp,0.0,0.0,5417.0,14521.0,19128.0,45167.0,81403.0,91125.0,60974.0,51106.0,62909.0,53084681.0,56277278.0,66321935.0,56297731.0,69559256.0,42102618.0,18562312.0,15902712.0,20819100.0
"Miura Global Management, LLC",0.0,0.0,3138.0,0.0,0.0,0.0,0.0,0.0,0.0,0.0,0.0,0.0,0.0,0.0,0.0,0.0,0.0,0.0,0.0,0.0
Mn Services Vermogensbeheer B.V.,0.0,0.0,0.0,0.0,0.0,0.0,0.0,0.0,0.0,17522.0,20106.0,14698.0,16308.0,21804.0,19188.0,24517.0,18293.0,14860.0,12324.0,17232.0
"Modera Wealth Management, LLC",0.0,0.0,0.0,0.0,0.0,0.0,0.0,0.0,0.0,0.0,0.0,0.0,0.0,200109.0,0.0,0.0,0.0,0.0,0.0,303107.0
"Modern Wealth Management, LLC",0.0,0.0,0.0,0.0,0.0,0.0,0.0,0.0,0.0,0.0,0.0,0.0,0.0,0.0,0.0,0.0,0.0,416618.0,0.0,0.0
"Modus Advisors, LLC",0.0,0.0,0.0,0.0,0.0,0.0,0.0,0.0,0.0,0.0,0.0,0.0,0.0,0.0,0.0,0.0,323362.0,323811.0,286116.0,220961.0
"Moisand Fitzgerald Tamayo, LLC",0.0,0.0,0.0,0.0,0.0,0.0,0.0,0.0,0.0,0.0,0.0,0.0,0.0,0.0,0.0,0.0,3232.0,2702.0,0.0,0.0
Monashee Investment Management LLC,0.0,0.0,6275.0,0.0,2293.0,0.0,4536.0,0.0,0.0,0.0,0.0,0.0,0.0,0.0,0.0,0.0,0.0,0.0,1148600.0,0.0
Monolith Management Ltd,0.0,0.0,0.0,0.0,0.0,0.0,0.0,0.0,0.0,0.0,0.0,0.0,0.0,0.0,0.0,6965000.0,0.0,13509000.0,0.0,5867580.0
Montz Harcus Wealth Management LLC,0.0,0.0,0.0,0.0,0.0,0.0,0.0,214.0,0.0,0.0,0.0,0.0,0.0,0.0,0.0,0.0,0.0,0.0,0.0,0.0
"Moors & Cabot, Inc.",0.0,0.0,0.0,0.0,0.0,0.0,31.0,0.0,0.0,0.0,0.0,0.0,0.0,0.0,0.0,0.0,0.0,0.0,0.0,284578.0
"Moran Wealth Management, LLC",0.0,0.0,0.0,0.0,0.0,0.0,0.0,0.0,0.0,0.0,0.0,0.0,0.0,0.0,0.0,240989.0,313989.0,0.0,0.0,0.0
Morangie Management LLC,0.0,0.0,0.0,0.0,0.0,0.0,0.0,0.0,0.0,0.0,0.0,0.0,0.0,0.0,0.0,0.0,0.0,0.0,0.0,1945974.0
Morningstar Investment Services LLC,0.0,0.0,0.0,0.0,0.0,0.0,0.0,0.0,0.0,0.0,0.0,0.0,0.0,0.0,0.0,710.0,0.0,0.0,0.0,0.0
"Morse Asset Management, Inc",0.0,0.0,0.0,0.0,0.0,0.0,0.0,0.0,0.0,0.0,0.0,0.0,523.0,704.0,480.0,505.0,0.0,0.0,0.0,0.0
"Morton Brown Family Wealth, LLC",0.0,0.0,0.0,0.0,0.0,0.0,0.0,0.0,0.0,0.0,0.0,0.0,0.0,0.0,0.0,0.0,0.0,0.0,0.0,13897.0
Motley Fool Asset Management LLC,0.0,0.0,0.0,0.0,0.0,1826.0,2358.0,2675.0,1743.0,1115.0,1217.0,993297.0,0.0,1325833.0,1278838.0,1804532.0,7852144.0,1857438.0,1485790.0,2047631.0
Mount Lucas Management LP,0.0,0.0,0.0,0.0,0.0,0.0,0.0,0.0,0.0,0.0,0.0,0.0,0.0,296878.0,228086.0,540882.0,403192.0,148734.0,129562.0,143910.0
"Mount Yale Investment Advisors, LLC",0.0,0.0,0.0,0.0,0.0,0.0,0.0,0.0,0.0,284.0,0.0,342917.0,0.0,0.0,0.0,0.0,323039.0,0.0,0.0,0.0
Murphy & Mullick Capital Management Corp,0.0,0.0,0.0,0.0,0.0,0.0,0.0,0.0,0.0,0.0,0.0,0.0,0.0,0.0,0.0,0.0,0.0,0.0,0.0,16057.0
"Mutual Advisors, LLC",0.0,0.0,0.0,0.0,248.0,1747.0,2399.0,2539.0,2023.0,1143.0,1431.0,1158224.0,1143906.0,1076470.0,895385.0,1014701.0,0.0,0.0,0.0,298127.0
"My Personal CFO, LLC",0.0,0.0,0.0,0.0,0.0,0.0,0.0,0.0,0.0,0.0,0.0,10191.0,0.0,0.0,0.0,0.0,0.0,0.0,0.0,0.0
Myriad Asset Management Ltd.,0.0,0.0,1255.0,0.0,0.0,0.0,0.0,0.0,0.0,0.0,0.0,0.0,0.0,0.0,0.0,0.0,0.0,0.0,0.0,0.0
"Mystic Asset Management, Inc.",0.0,0.0,0.0,0.0,0.0,0.0,0.0,0.0,0.0,0.0,0.0,0.0,0.0,0.0,0.0,0.0,0.0,208849.0,239483.0,321945.0
NATIXIS,0.0,0.0,0.0,31311.0,3348.0,0.0,10224.0,5972.0,4409.0,2160.0,2512.0,2464750.0,1689013.0,1871195.0,1358125.0,22237255.0,2482014.0,169691277.0,95104.0,0.0
"NBC SECURITIES, INC.",0.0,0.0,0.0,0.0,0.0,0.0,0.0,0.0,0.0,0.0,0.0,0.0,0.0,0.0,14.0,19.0,15.0,12.0,251.0,539.0
NEUBERGER BERMAN GROUP LLC,0.0,0.0,0.0,0.0,0.0,0.0,0.0,0.0,0.0,0.0,0.0,0.0,2006.0,2288.0,1986.0,2587.0,19715.0,0.0,0.0,0.0
NEVILLE RODIE & SHAW INC,0.0,0.0,0.0,0.0,0.0,0.0,0.0,0.0,0.0,0.0,0.0,0.0,0.0,691.0,2479.0,3969.0,962.0,786.0,421.0,309.0
NEW WAVE WEALTH ADVISORS LLC,0.0,0.0,0.0,0.0,0.0,0.0,0.0,0.0,0.0,0.0,0.0,0.0,0.0,0.0,0.0,0.0,0.0,0.0,0.0,8493.0
NEW YORK LIFE INVESTMENT MANAGEMENT LLC,0.0,0.0,0.0,0.0,0.0,0.0,0.0,0.0,0.0,0.0,0.0,0.0,3133013.0,3178727.0,2469985.0,931718.0,797981.0,686122.0,671012.0,865931.0
NEW YORK STATE COMMON RETIREMENT FUND,0.0,0.0,2225.0,4770.0,3887.0,60092.0,72367.0,128565.0,171264.0,54098.0,79983.0,77583.0,159072.0,84333.0,68215.0,83520.0,64940.0,53589.0,43371.0,58305.0
NEXT CENTURY GROWTH INVESTORS LLC,0.0,0.0,0.0,0.0,0.0,0.0,0.0,0.0,693.0,210.0,569.0,0.0,0.0,0.0,0.0,0.0,0.0,0.0,0.0,0.0
"NEXT Financial Group, Inc",0.0,0.0,0.0,28.0,17.0,140.0,168.0,251.0,0.0,0.0,0.0,0.0,0.0,0.0,0.0,0.0,0.0,0.0,0.0,0.0
"NICHOLAS COMPANY, INC.",0.0,0.0,0.0,0.0,0.0,0.0,0.0,0.0,0.0,0.0,0.0,0.0,0.0,0.0,0.0,0.0,0.0,26633669.0,24831009.0,45357938.0
NINE MASTS CAPITAL Ltd,0.0,0.0,0.0,0.0,0.0,484.0,0.0,0.0,0.0,0.0,0.0,0.0,0.0,0.0,0.0,0.0,0.0,0.0,0.0,553950.0
"NISA INVESTMENT ADVISORS, LLC",0.0,0.0,0.0,0.0,0.0,48.0,60.0,55.0,1993.0,2142.0,2914.0,3043.0,3595.0,4021143.0,3513710.0,8477400.0,6689432.0,2470796.0,177459.0,314224.0
NISSAY ASSET MANAGEMENT CORP /JAPAN/ /ADV,0.0,0.0,0.0,945.0,612.0,665.0,6103.0,7887.0,5456.0,3295.0,4331.0,3654241.0,3809882.0,4901923.0,4421775.0,6407999.0,5294339.0,4868103.0,4267623.0,5784538.0
NOMURA ASSET MANAGEMENT CO LTD,0.0,0.0,1283.0,1456293.0,966234.0,1018996.0,11137526.0,13838212.0,9739965.0,6397032.0,8396666.0,14548066.0,22480054.0,50690511.0,45145978.0,77173792.0,20403616.0,10503248.0,9728642.0,27659926.0
NOMURA HOLDINGS INC,0.0,0.0,0.0,4358.0,9409.0,0.0,0.0,224.0,741.0,46330.0,0.0,0.0,0.0,0.0,0.0,0.0,0.0,0.0,0.0,0.0
NORDEA INVESTMENT MANAGEMENT AB,0.0,0.0,446.0,462.0,335.0,30614.0,121761.0,48581.0,34591.0,31615.0,44594.0,56679410.0,60895470.0,8806478.0,6411138.0,5262974.0,4368072.0,3052430.0,2676204.0,3681816.0
NORDEN GROUP LLC,0.0,0.0,0.0,0.0,0.0,0.0,0.0,0.0,0.0,0.0,0.0,0.0,0.0,0.0,0.0,0.0,335961.0,0.0,20555806.0,1375174.0
NORGES BANK,0.0,0.0,29513.0,1522.0,459.0,8282.0,510134.0,680165.0,411656791.0,267046374.0,519752127.0,477434853.0,416995263.0,644969692.0,565238001.0,838454859.0,0.0,835465861.0,0.0,988949881.0
"NORTHWEST INVESTMENT COUNSELORS, LLC",0.0,0.0,0.0,0.0,0.0,0.0,0.0,0.0,1.0,0.0,0.0,0.0,0.0,0.0,2444.0,0.0,2586.0,0.0,1838.0,0.0
"NORTHWEST WEALTH MANAGEMENT, LLC",0.0,0.0,0.0,0.0,0.0,0.0,0.0,0.0,0.0,0.0,0.0,0.0,0.0,0.0,0.0,0.0,0.0,0.0,0.0,241034.0
"NVWM, LLC",0.0,0.0,0.0,0.0,16.0,22.0,28.0,34.0,11.0,0.0,430.0,361864.0,382485.0,438718.0,379328.0,844158.0,3878.0,2297.0,1953.0,18220.0
NWAM LLC,0.0,0.0,0.0,0.0,364.0,0.0,0.0,0.0,0.0,260.0,277.0,264073.0,285855.0,330968.0,318940.0,431773.0,552474.0,243664.0,0.0,406981.0
"NWK Group, Inc.",0.0,0.0,0.0,0.0,0.0,0.0,0.0,0.0,0.0,0.0,0.0,0.0,0.0,0.0,0.0,2778836.0,0.0,0.0,0.0,0.0
"NZS Capital, LLC",0.0,0.0,0.0,0.0,0.0,0.0,0.0,0.0,0.0,0.0,0.0,0.0,0.0,0.0,0.0,0.0,0.0,0.0,0.0,21523364.0
Napean Trading & Investment Co (Singapore) PTE Ltd,0.0,0.0,0.0,0.0,0.0,0.0,0.0,0.0,0.0,0.0,0.0,0.0,0.0,0.0,0.0,0.0,2166894.0,4878775.0,5124823.0,6646270.0
National Pension Service,0.0,0.0,0.0,0.0,0.0,0.0,0.0,74780.0,67924.0,43040.0,54317945.0,48697226.0,66342917.0,77220331.0,65917221.0,90701613.0,76439386.0,75058301.0,67954277.0,68341866.0
Nebula Research & Development LLC,0.0,0.0,0.0,0.0,0.0,0.0,0.0,0.0,0.0,0.0,0.0,0.0,0.0,0.0,419965.0,1343449.0,724776.0,1509361.0,451170.0,0.0
"Nelson, Van Denburg & Campbell Wealth Management Group, LLC",0.0,0.0,10.0,16.0,27.0,7.0,9.0,10.0,29.0,18.0,22.0,4306.0,5554.0,7215.0,0.0,0.0,0.0,0.0,0.0,0.0
Nemes Rush Group LLC,0.0,0.0,0.0,0.0,0.0,0.0,0.0,0.0,0.0,0.0,0.0,0.0,0.0,238981.0,355955.0,416507.0,334997.0,390545.0,334997.0,485311.0
Neo Ivy Capital Management,0.0,0.0,0.0,0.0,0.0,0.0,0.0,133.0,158.0,2.0,0.0,0.0,0.0,0.0,0.0,0.0,0.0,0.0,0.0,0.0
Neuberger Berman Group LLC,0.0,0.0,302.0,1673.0,3147.0,3323.0,4114.0,6089.0,4931.0,751.0,23.0,3301.0,0.0,0.0,0.0,0.0,0.0,0.0,0.0,0.0
"New Age Alpha Advisors, LLC",0.0,0.0,0.0,0.0,0.0,0.0,0.0,0.0,0.0,0.0,0.0,0.0,0.0,0.0,0.0,0.0,1616000.0,0.0,0.0,0.0
"New Century Financial Group, LLC",0.0,0.0,0.0,0.0,0.0,0.0,0.0,0.0,0.0,0.0,0.0,0.0,0.0,0.0,0.0,0.0,0.0,0.0,0.0,267176.0
"New England Research & Management, Inc.",0.0,0.0,0.0,0.0,0.0,0.0,0.0,0.0,0.0,0.0,0.0,0.0,0.0,0.0,0.0,0.0,650.0,523.0,0.0,494.0
"NewEdge Advisors, LLC",0.0,0.0,0.0,0.0,0.0,0.0,0.0,3307.0,0.0,412.0,360.0,494899.0,601399.0,1910093.0,1848056.0,1895583.0,1564934.0,1864243.0,994345.0,1741745.0
"NewEdge Wealth, LLC",0.0,0.0,0.0,0.0,415.0,437.0,608.0,690.0,696.0,589.0,337.0,325836.0,239612.0,347561.0,446088.0,877192.0,1097320.0,726580.0,725871.0,904784.0
NewSquare Capital LLC,0.0,0.0,3.0,6.0,0.0,0.0,0.0,0.0,0.0,0.0,0.0,287.0,309.0,352.0,0.0,3488669.0,9696.0,0.0,0.0,0.0
"Newbridge Financial Services Group, Inc.",0.0,0.0,0.0,37.0,207.0,209.0,257.0,311.0,244.0,152.0,274.0,190047.0,204280.0,297054.0,263987.0,418895.0,423392.0,451471.0,0.0,656088.0
Newlands Management Operations LLC,0.0,0.0,0.0,0.0,0.0,0.0,0.0,0.0,0.0,0.0,0.0,167308502.0,185987029.0,225802578.0,197475085.0,272967902.0,221959216.0,0.0,0.0,0.0
"Nicholas Investment Partners, LP",0.0,0.0,0.0,0.0,0.0,0.0,0.0,0.0,810.0,491.0,601.0,722724.0,1884807.0,2149772.0,384369.0,500684.0,227856.0,0.0,0.0,0.0
"Nilsine Partners, LLC",0.0,0.0,0.0,0.0,0.0,0.0,0.0,0.0,0.0,0.0,0.0,0.0,0.0,0.0,0.0,0.0,0.0,0.0,560287.0,756146.0
Ninety One SA (PTY) Ltd,0.0,0.0,0.0,0.0,0.0,0.0,0.0,0.0,0.0,0.0,0.0,0.0,0.0,0.0,0.0,0.0,1928338.0,0.0,0.0,0.0
Ninety One UK Ltd,0.0,0.0,0.0,0.0,0.0,0.0,0.0,0.0,0.0,0.0,0.0,0.0,0.0,0.0,0.0,0.0,117023449.0,80045283.0,0.0,0.0
"Nishkama Capital, LLC",0.0,0.0,0.0,0.0,0.0,0.0,0.0,0.0,1237.0,0.0,0.0,0.0,0.0,0.0,3513710.0,4179000.0,0.0,0.0,0.0,0.0
"Nokota Management, LP",0.0,0.0,0.0,0.0,0.0,0.0,0.0,339.0,0.0,0.0,0.0,0.0,0.0,0.0,0.0,0.0,0.0,0.0,0.0,0.0
"Nordwand Advisors, LLC",0.0,0.0,0.0,0.0,0.0,0.0,0.0,0.0,0.0,0.0,0.0,0.0,15429.0,17598.0,15277.0,19900.0,16160.0,13509.0,11486.0,15441.0
"North Fourth Asset Management, LP",0.0,0.0,0.0,0.0,10776.0,0.0,6049.0,3388.0,0.0,0.0,0.0,0.0,7714500.0,8623020.0,0.0,0.0,0.0,0.0,0.0,0.0
"NorthCrest Asset Manangement, LLC",0.0,0.0,0.0,0.0,0.0,0.0,0.0,1061.0,880.0,659.0,2186.0,798000.0,1104871.0,1216022.0,1055641.0,1375090.0,1112616.0,934282.0,793683.0,793682.0
"NorthRock Partners, LLC",0.0,0.0,0.0,0.0,0.0,497.0,1079.0,0.0,0.0,0.0,0.0,0.0,0.0,0.0,0.0,0.0,0.0,0.0,0.0,0.0
Northeast Financial Consultants Inc,0.0,0.0,0.0,0.0,0.0,0.0,0.0,0.0,0.0,233.0,363.0,503538.0,585222.0,0.0,0.0,0.0,0.0,0.0,0.0,200733.0
"Northside Capital Management, LLC",0.0,0.0,0.0,0.0,1228.0,1295.0,5258.0,7687.0,4783.0,6078.0,8779.0,8589147.0,11344172.0,14631505.0,13251728.0,17955571.0,14736142.0,12318722.0,10473969.0,14080493.0
Northwest Capital Management Inc,0.0,0.0,0.0,0.0,0.0,0.0,0.0,0.0,0.0,0.0,0.0,0.0,0.0,13550.0,11763.0,15323.0,12443.0,0.0,0.0,0.0
Northwest Financial Advisors,0.0,0.0,0.0,0.0,0.0,0.0,0.0,0.0,0.0,0.0,0.0,0.0,0.0,0.0,0.0,62685.0,50904.0,2161.0,1723.0,0.0
Numerai GP LLC,0.0,0.0,0.0,0.0,0.0,0.0,0.0,0.0,0.0,0.0,0.0,0.0,0.0,0.0,0.0,0.0,0.0,685447.0,4357329.0,2669131.0
"O'Dell Group, LLC",0.0,0.0,0.0,0.0,0.0,0.0,0.0,0.0,0.0,6.0,0.0,0.0,0.0,13199.0,0.0,14925.0,0.0,0.0,0.0,202586.0
"O'Neil Global Advisors, Inc.",0.0,0.0,0.0,0.0,0.0,7476.0,0.0,0.0,0.0,0.0,0.0,0.0,0.0,0.0,0.0,9373.0,0.0,0.0,0.0,0.0
"O'SHAUGHNESSY ASSET MANAGEMENT, LLC",0.0,0.0,0.0,0.0,4.0,5.0,98.0,0.0,229.0,0.0,470.0,356840.0,263682.0,880428.0,1178926.0,2078157.0,2041581.0,1037356.0,1182952.0,1944022.0
"OAK HARBOR WEALTH PARTNERS, LLC",0.0,0.0,0.0,0.0,0.0,0.0,0.0,0.0,256.0,228.0,618.0,525213.0,654807.0,746859.0,801126.0,741673.0,602606.0,457550.0,389031.0,329974.0
"OARSMAN CAPITAL, INC.",0.0,0.0,0.0,0.0,0.0,0.0,0.0,0.0,0.0,0.0,0.0,0.0,0.0,0.0,0.0,0.0,0.0,0.0,2527.0,9882.0
OBERNDORF WILLIAM E,0.0,0.0,0.0,0.0,0.0,0.0,0.0,0.0,0.0,2600.0,9362.0,7906614.0,8730191.0,10917624.0,8301216.0,5890400.0,0.0,0.0,0.0,0.0
OCCUDO QUANTITATIVE STRATEGIES LP,0.0,0.0,0.0,0.0,0.0,0.0,0.0,0.0,0.0,0.0,0.0,0.0,0.0,0.0,0.0,1163155.0,0.0,0.0,645858.0,1977992.0
ODDO BHF ASSET MANAGEMENT SAS,0.0,0.0,0.0,0.0,0.0,0.0,0.0,0.0,0.0,0.0,0.0,0.0,0.0,0.0,0.0,0.0,0.0,0.0,12145296.0,15378464.0
OFI INVEST ASSET MANAGEMENT,0.0,0.0,0.0,0.0,0.0,0.0,0.0,0.0,0.0,0.0,0.0,0.0,0.0,0.0,24241.0,30625.0,29926.0,136509.0,0.0,408132.0
OKABENA INVESTMENT SERVICES INC,0.0,0.0,0.0,0.0,0.0,0.0,0.0,0.0,963.0,902.0,1401.0,1602.0,0.0,0.0,0.0,0.0,0.0,0.0,0.0,0.0
OLD NATIONAL BANCORP /IN/,0.0,0.0,0.0,0.0,0.0,0.0,0.0,0.0,0.0,0.0,0.0,0.0,0.0,0.0,0.0,0.0,0.0,0.0,0.0,244276.0
OLD POINT TRUST & FINANCIAL SERVICES N A,0.0,0.0,0.0,0.0,0.0,0.0,0.0,0.0,0.0,0.0,0.0,0.0,0.0,0.0,0.0,0.0,4040.0,0.0,0.0,0.0
OLIVER LAGORE VANVALIN INVESTMENT GROUP,0.0,0.0,0.0,0.0,0.0,0.0,0.0,0.0,1.0,45.0,9.0,21962.0,123895.0,539203.0,648356.0,714410.0,1054602.0,1183523.0,1378.0,0.0
OMC Financial Services LTD,0.0,0.0,0.0,0.0,0.0,0.0,0.0,0.0,0.0,0.0,0.0,0.0,0.0,0.0,0.0,0.0,0.0,2451.0,2451.0,2795.0
OMERS ADMINISTRATION Corp,0.0,0.0,0.0,0.0,0.0,0.0,0.0,0.0,0.0,0.0,0.0,0.0,0.0,0.0,0.0,0.0,0.0,1332798.0,3154745.0,3023502.0
"ONCE CAPITAL MANAGEMENT, LLC",0.0,0.0,0.0,0.0,0.0,0.0,0.0,0.0,0.0,0.0,0.0,3588500.0,3857250.0,4399500.0,3819250.0,4975000.0,5656000.0,0.0,0.0,0.0
ONTARIO TEACHERS PENSION PLAN BOARD,0.0,0.0,0.0,0.0,0.0,400.0,469.0,241.0,418.0,254.0,0.0,523060.0,637681.0,1472249.0,2073394.0,2107211.0,2264662.0,1782107.0,295458513.0,147498145.0
OPPENHEIMER & CO INC,0.0,0.0,0.0,681.0,590.0,644.0,2075.0,2722.0,1699.0,1236.0,1226.0,895546.0,845818.0,964546.0,807848.0,1280565.0,2328494.0,2944692.0,4002986.0,3352241.0
OPSEU Pension Plan Trust Fund,0.0,0.0,0.0,0.0,0.0,0.0,622.0,661.0,507.0,0.0,0.0,0.0,0.0,0.0,0.0,0.0,0.0,0.0,0.0,0.0
"OPTIONS SOLUTIONS, LLC",0.0,0.0,0.0,0.0,0.0,0.0,0.0,0.0,0.0,0.0,0.0,0.0,0.0,246372.0,213878.0,0.0,0.0,0.0,0.0,0.0
OREGON PUBLIC EMPLOYEES RETIREMENT FUND,0.0,0.0,0.0,0.0,0.0,0.0,0.0,9931.0,6961.0,0.0,0.0,0.0,0.0,0.0,0.0,0.0,0.0,0.0,0.0,0.0
ORG Partners LLC,0.0,0.0,0.0,0.0,0.0,0.0,0.0,0.0,0.0,0.0,0.0,0.0,0.0,92364.0,15387.0,7761.0,1763.0,319035.0,295264.0,426294.0
"ORG Wealth Partners, LLC",0.0,0.0,0.0,0.0,0.0,0.0,0.0,0.0,0.0,0.0,0.0,0.0,0.0,0.0,0.0,0.0,0.0,0.0,2641.0,0.0
"OSAIC HOLDINGS, INC.",0.0,0.0,0.0,0.0,0.0,0.0,0.0,0.0,0.0,0.0,0.0,0.0,0.0,369910.0,289194.0,310440.0,357459.0,405540.0,319541.0,22698.0
OSTERWEIS CAPITAL MANAGEMENT INC,0.0,0.0,0.0,0.0,0.0,0.0,0.0,0.0,0.0,0.0,4.0,0.0,0.0,0.0,0.0,0.0,0.0,0.0,0.0,0.0
OUTFITTER FINANCIAL LLC,0.0,0.0,0.0,0.0,0.0,0.0,0.0,0.0,0.0,0.0,0.0,0.0,0.0,0.0,0.0,0.0,502576.0,552518.0,708112.0,982820.0
OV Management LLC,0.0,0.0,0.0,0.0,0.0,0.0,0.0,0.0,0.0,0.0,0.0,0.0,0.0,0.0,0.0,349245.0,283608.0,239379.0,764738.0,544758.0
OVERSEA-CHINESE BANKING Corp Ltd,0.0,0.0,0.0,0.0,0.0,0.0,0.0,0.0,0.0,0.0,0.0,0.0,0.0,466682.0,229672.0,363009.0,800200.0,3277190.0,3556371.0,0.0
OXFORD ASSET MANAGEMENT LLP,0.0,0.0,0.0,0.0,0.0,0.0,0.0,0.0,0.0,0.0,0.0,0.0,0.0,0.0,0.0,0.0,0.0,0.0,423719.0,0.0
Oak Grove Capital LLC,0.0,0.0,0.0,0.0,0.0,399.0,423.0,271.0,0.0,0.0,0.0,0.0,0.0,0.0,0.0,786050.0,961520.0,1006421.0,895908.0,1127193.0
Oak Harvest Investment Services,0.0,0.0,0.0,0.0,0.0,0.0,0.0,0.0,0.0,0.0,0.0,0.0,0.0,0.0,766753.0,1349419.0,2692580.0,0.0,0.0,2369885.0
Oak Thistle LLC,0.0,0.0,0.0,0.0,0.0,0.0,0.0,0.0,0.0,0.0,0.0,0.0,0.0,0.0,0.0,0.0,0.0,610471.0,538464.0,800307.0
Oak Wealth Advisors LLC,0.0,0.0,0.0,0.0,0.0,0.0,0.0,0.0,0.0,0.0,0.0,0.0,0.0,0.0,0.0,0.0,0.0,0.0,0.0,735918.0
Oasis Management Co Ltd.,0.0,0.0,0.0,450.0,367.0,0.0,0.0,0.0,0.0,0.0,0.0,271000.0,0.0,0.0,0.0,0.0,0.0,0.0,0.0,0.0
Octahedron Capital Management L.P.,0.0,0.0,0.0,0.0,0.0,0.0,0.0,0.0,0.0,0.0,0.0,0.0,0.0,0.0,0.0,0.0,0.0,10266840.0,10050250.0,5126412.0
"Octavia Wealth Advisors, LLC",0.0,0.0,0.0,0.0,0.0,0.0,242.0,269.0,0.0,0.0,0.0,0.0,0.0,0.0,0.0,249148.0,0.0,0.0,0.0,0.0
"Oder Investment Management, LLC",0.0,0.0,0.0,471.0,377.0,595.0,612.0,907.0,982.0,0.0,0.0,0.0,0.0,0.0,0.0,0.0,0.0,0.0,0.0,0.0
"Old North State Trust, LLC",0.0,0.0,0.0,0.0,0.0,0.0,0.0,0.0,0.0,0.0,0.0,0.0,4.0,0.0,0.0,0.0,0.0,0.0,0.0,0.0
"Olistico Wealth, LLC",0.0,0.0,0.0,0.0,0.0,0.0,0.0,0.0,0.0,0.0,0.0,0.0,0.0,0.0,0.0,0.0,0.0,0.0,0.0,1235.0
Olympiad Research LP,0.0,0.0,0.0,0.0,0.0,0.0,0.0,0.0,0.0,0.0,0.0,0.0,0.0,0.0,0.0,0.0,0.0,0.0,254759.0,0.0
"Once Capital Management, LLC",0.0,0.0,0.0,0.0,0.0,0.0,0.0,9451.0,5247.0,3477.0,4249.0,0.0,0.0,0.0,0.0,0.0,0.0,0.0,0.0,0.0
One Madison Group LLC,0.0,0.0,0.0,0.0,0.0,0.0,0.0,0.0,0.0,0.0,0.0,0.0,0.0,0.0,0.0,0.0,0.0,0.0,0.0,15284737.0
"One01 Capital, LP",0.0,0.0,0.0,0.0,0.0,0.0,0.0,0.0,0.0,0.0,0.0,0.0,0.0,1407840.0,2704029.0,0.0,0.0,0.0,0.0,0.0
OneAscent Financial Services LLC,0.0,0.0,0.0,0.0,0.0,0.0,0.0,0.0,0.0,0.0,0.0,0.0,0.0,0.0,0.0,218.0,0.0,0.0,0.0,0.0
OneDigital Investment Advisors LLC,0.0,0.0,0.0,0.0,0.0,0.0,0.0,0.0,0.0,0.0,0.0,0.0,0.0,0.0,0.0,0.0,0.0,343102.0,362245.0,476787.0
Onyx Bridge Wealth Group LLC,0.0,0.0,0.0,0.0,0.0,0.0,0.0,0.0,0.0,0.0,0.0,0.0,0.0,0.0,0.0,0.0,0.0,0.0,0.0,237174.0
"Opal Wealth Advisors, LLC",0.0,0.0,0.0,0.0,0.0,0.0,0.0,0.0,0.0,0.0,0.0,0.0,0.0,0.0,0.0,0.0,0.0,39312.0,0.0,0.0
"Optimus Prime Fund Management Co., Ltd.",0.0,0.0,0.0,0.0,0.0,0.0,6049.0,6775.0,29787.0,53677.0,65639.0,72157558.0,80647383.0,91984746.0,81380579.0,106007300.0,92548320.0,85471443.0,82435022.0,112364157.0
Oracle Alpha Inc.,0.0,0.0,0.0,0.0,0.0,0.0,0.0,0.0,0.0,0.0,0.0,0.0,0.0,0.0,0.0,843959.0,498374.0,0.0,0.0,0.0
"Oribel Capital Management, LP",0.0,0.0,0.0,0.0,0.0,0.0,696.0,1050.0,0.0,2600.0,2719.0,0.0,10136853.0,0.0,7348237.0,0.0,0.0,0.0,0.0,0.0
"Orion Portfolio Solutions, LLC",0.0,0.0,0.0,0.0,0.0,0.0,0.0,0.0,0.0,0.0,0.0,0.0,541866.0,1259312.0,618566.0,746326.0,723321.0,612633.0,582455.0,1016245.0
Outfitter Financial LLC,0.0,0.0,0.0,0.0,0.0,0.0,0.0,7.0,0.0,0.0,0.0,0.0,0.0,0.0,0.0,0.0,0.0,0.0,0.0,0.0
"Owl Creek Asset Management, L.P.",0.0,0.0,0.0,0.0,0.0,0.0,0.0,0.0,0.0,0.0,0.0,0.0,0.0,0.0,0.0,0.0,0.0,0.0,6719310.0,0.0
"Oxford Wealth Group, LLC",0.0,0.0,0.0,0.0,0.0,0.0,0.0,0.0,0.0,0.0,0.0,0.0,0.0,0.0,0.0,0.0,0.0,389194.0,0.0,0.0
Oxinas Partners Wealth Management LLC,0.0,0.0,0.0,0.0,0.0,0.0,0.0,0.0,0.0,0.0,0.0,0.0,0.0,0.0,0.0,0.0,0.0,0.0,0.0,364408.0
Oxler Private Wealth LLC,0.0,0.0,0.0,247.0,0.0,216.0,270.0,303.0,205.0,124458.0,50136.0,0.0,0.0,0.0,0.0,0.0,0.0,0.0,0.0,0.0
"PACES FERRY WEALTH ADVISORS, LLC",0.0,0.0,6.0,0.0,0.0,0.0,0.0,0.0,0.0,0.0,0.0,0.0,0.0,0.0,0.0,0.0,0.0,0.0,0.0,0.0
"PACIFIC CAPITAL WEALTH ADVISORS, INC",0.0,0.0,0.0,0.0,0.0,0.0,0.0,0.0,0.0,0.0,0.0,0.0,0.0,0.0,0.0,0.0,13413.0,8781.0,0.0,0.0
PANAGORA ASSET MANAGEMENT INC,0.0,0.0,125.0,0.0,209.0,185.0,659.0,738.0,623.0,543.0,2972.0,2964819.0,11988179.0,853503.0,973298.0,1267829.0,1029554.0,3028583.0,2674171.0,18204939.0
PARK AVENUE SECURITIES LLC,0.0,0.0,0.0,0.0,352.0,847.0,897.0,1196000.0,1372.0,1342.0,1660000.0,2106000.0,2320.0,2718.0,2113.0,2669.0,2179.0,1508.0,991.0,2007.0
"PARTNERS CAPITAL INVESTMENT GROUP, LLP",0.0,0.0,0.0,0.0,0.0,0.0,0.0,0.0,0.0,8.0,10.0,8325.0,8949.0,805812.0,699534.0,1362354.0,0.0,375280.0,0.0,0.0
"PATHSTONE FAMILY OFFICE, LLC",0.0,0.0,0.0,4.0,448.0,966.0,728.0,1114.0,1042.0,394391.0,1312812.0,476310.0,419892.0,2991445.0,1883195.0,0.0,0.0,0.0,0.0,0.0
"PATHWAY CAPITAL MANAGEMENT, LP",0.0,0.0,0.0,0.0,0.0,4830.0,0.0,0.0,0.0,0.0,0.0,0.0,0.0,0.0,0.0,15716025.0,0.0,0.0,0.0,0.0
"PAX Financial Group, LLC",0.0,0.0,0.0,0.0,0.0,0.0,218.0,254.0,0.0,0.0,0.0,0.0,0.0,0.0,0.0,0.0,0.0,0.0,0.0,0.0
"PDT Partners, LLC",0.0,0.0,0.0,0.0,3923.0,6093.0,6865.0,7032.0,8111.0,660.0,1268.0,1665925.0,4250690.0,4218241.0,4529631.0,6298350.0,4048080.0,1384673.0,3068485.0,0.0
PEAK FINANCIAL ADVISORS LLC,0.0,0.0,0.0,0.0,912.0,973.0,1244.0,1461.0,0.0,0.0,0.0,0.0,0.0,0.0,0.0,0.0,0.0,0.0,0.0,0.0
PEAPACK GLADSTONE FINANCIAL CORP,0.0,0.0,0.0,0.0,0.0,0.0,0.0,0.0,0.0,0.0,0.0,0.0,0.0,0.0,0.0,0.0,0.0,0.0,0.0,247.0
"PEDDOCK CAPITAL ADVISORS, LLC",0.0,0.0,0.0,0.0,385.0,449.0,414.0,464.0,314.0,0.0,233.0,0.0,0.0,0.0,0.0,0.0,0.0,0.0,0.0,0.0
PEREGRINE CAPITAL MANAGEMENT LLC,0.0,0.0,0.0,0.0,0.0,0.0,0.0,0.0,0.0,0.0,0.0,25903.0,28178908.0,31786739.0,27598512.0,34605105.0,34305094.0,29122027.0,39093864.0,50165802.0
PETERSON WEALTH MANAGEMENT,0.0,0.0,0.0,0.0,0.0,0.0,0.0,0.0,0.0,0.0,0.0,0.0,0.0,342281.0,839471.0,1109624.0,1937584.0,460117.0,229146.0,0.0
PFG Advisors,0.0,0.0,0.0,0.0,0.0,0.0,0.0,312.0,0.0,0.0,0.0,0.0,0.0,0.0,0.0,0.0,0.0,0.0,0.0,267438.0
"PFG Investments, LLC",0.0,0.0,0.0,0.0,0.0,0.0,0.0,0.0,0.0,0.0,0.0,0.0,215852.0,248308.0,274222.0,386458.0,679851.0,933202.0,682154.0,710904.0
PFS INVESTMENTS INC.,0.0,0.0,0.0,0.0,0.0,0.0,0.0,0.0,0.0,1828.0,2863.0,7594.0,3902.0,4742.0,0.0,0.0,0.0,0.0,0.0,0.0
"PFS Partners, LLC",0.0,0.0,0.0,0.0,0.0,0.0,0.0,0.0,0.0,0.0,0.0,0.0,0.0,0.0,0.0,0.0,0.0,0.0,2298.0,3089.0
PGIM Custom Harvest LLC,0.0,0.0,0.0,0.0,0.0,0.0,0.0,0.0,0.0,0.0,0.0,0.0,0.0,0.0,0.0,0.0,0.0,0.0,0.0,658713.0
PICTET ASSET MANAGEMENT Holding SA,0.0,0.0,0.0,0.0,0.0,0.0,0.0,0.0,0.0,0.0,0.0,0.0,0.0,0.0,0.0,0.0,16723822.0,0.0,0.0,0.0
PICTET ASSET MANAGEMENT SA,0.0,0.0,0.0,0.0,0.0,0.0,0.0,0.0,0.0,0.0,0.0,0.0,0.0,16618143.0,0.0,0.0,0.0,0.0,0.0,0.0
PICTON MAHONEY ASSET MANAGEMENT,0.0,0.0,0.0,0.0,0.0,0.0,0.0,0.0,0.0,0.0,0.0,0.0,4569.0,3311.0,2901.0,4427.0,2470.0,0.0,0.0,0.0
"PINEBRIDGE INVESTMENTS, L.P.",0.0,0.0,0.0,0.0,0.0,5918.0,6813.0,8590.0,3903.0,2186.0,4085.0,3321229.0,8056098.0,8085225.0,6176644.0,14235188.0,13122577.0,7802021.0,5696804.0,10726091.0
PINNACLE ASSOCIATES LTD,0.0,0.0,0.0,0.0,16496.0,17380.0,21738.0,23529.0,15898.0,9651.0,11711.0,18164693.0,9728756.0,11132847.0,9659189.0,12482673.0,10134259.0,8468252.0,12482673.0,9709146.0
PITTENGER & ANDERSON INC,0.0,0.0,48.0,62.0,50.0,132.0,237.0,498.0,379.0,77.0,94.0,72488.0,77917.0,7040.0,3056.0,556205.0,582245.0,163459.0,17229.0,23162.0
"PNC Managed Account Solutions, Inc.",0.0,0.0,0.0,0.0,0.0,188.0,0.0,0.0,0.0,0.0,0.0,0.0,0.0,0.0,0.0,0.0,0.0,0.0,0.0,0.0
POWER WEALTH MANAGEMENT LLC,0.0,0.0,0.0,0.0,0.0,0.0,0.0,0.0,0.0,0.0,0.0,0.0,0.0,0.0,0.0,235218.0,0.0,0.0,0.0,0.0
PRAKASH INVESTMENT ADVISORS LLC,0.0,0.0,0.0,0.0,0.0,0.0,0.0,0.0,0.0,0.0,0.0,0.0,0.0,0.0,0.0,0.0,0.0,0.0,0.0,480215.0
"PRESCOTT GROUP CAPITAL MANAGEMENT, L.L.C.",0.0,0.0,0.0,0.0,0.0,0.0,0.0,0.0,0.0,0.0,0.0,718000.0,1543000.0,0.0,0.0,0.0,0.0,0.0,0.0,0.0
PRICE T ROWE ASSOCIATES INC /MD/,0.0,0.0,418371.0,415954.0,445775.0,462111.0,935168.0,1051681.0,1712008.0,1215656.0,793124.0,404876.0,346206.0,272123.0,242145.0,837522.0,267964.0,209789.0,174539.0,577611.0
"PRINCIPAL SECURITIES, INC.",0.0,0.0,0.0,0.0,0.0,0.0,0.0,0.0,0.0,0.0,0.0,0.0,0.0,0.0,0.0,4904952.0,3185621.0,2764482.0,567408.0,1145413.0
"PROEQUITIES, INC.",0.0,0.0,18.0,24.0,14.0,0.0,0.0,0.0,0.0,0.0,0.0,0.0,0.0,0.0,0.0,0.0,0.0,0.0,0.0,0.0
PROFFITT & GOODSON INC,0.0,0.0,0.0,0.0,0.0,0.0,0.0,0.0,0.0,0.0,0.0,0.0,0.0,0.0,1070.0,0.0,0.0,136.0,0.0,0.0
PROFUND ADVISORS LLC,0.0,0.0,0.0,0.0,2644.0,2849.0,6225.0,5904.0,3660.0,2047.0,2219.0,1951570.0,1879869.0,2165258.0,2088519.0,2547598.0,2440806.0,2683968.0,1674085.0,2161740.0
"PROSPERA PRIVATE WEALTH, LLC",0.0,0.0,0.0,0.0,0.0,0.0,0.0,0.0,0.0,0.0,0.0,0.0,0.0,0.0,0.0,0.0,207818.0,0.0,146102.0,0.0
PROVENCE WEALTH MANAGEMENT GROUP,0.0,0.0,0.0,0.0,0.0,0.0,0.0,0.0,0.0,0.0,0.0,0.0,0.0,0.0,29790.0,38805.0,0.0,0.0,0.0,0.0
"PSI Advisors, LLC",0.0,0.0,0.0,0.0,0.0,0.0,35.0,39.0,29.0,17.0,21.0,17943.0,21292.0,47867.0,42471.0,62088.0,37006.0,57953.0,53296.0,68559.0
PUBLIC EMPLOYEES RETIREMENT ASSOCIATION OF COLORADO,0.0,0.0,0.0,1691.0,1301.0,1370.0,10344.0,12448.0,8072.0,4898.0,6738.0,5678.0,5737.0,7625.0,12430.0,8533.0,6514.0,5656.0,4812.0,6345.0
PUBLIC EMPLOYEES RETIREMENT SYSTEM OF OHIO,0.0,0.0,0.0,0.0,0.0,18112.0,37432.0,41337.0,27543.0,16170.0,30943.0,26267241.0,29421392.0,29635606.0,23837814.0,31590056.0,23907104.0,19211689.0,16205253.0,20760116.0
PUBLIC SECTOR PENSION INVESTMENT BOARD,0.0,0.0,0.0,0.0,0.0,0.0,0.0,0.0,0.0,0.0,0.0,1717313.0,0.0,0.0,0.0,0.0,0.0,0.0,0.0,0.0
"PUREfi Wealth, LLC",0.0,0.0,0.0,0.0,0.0,0.0,0.0,0.0,0.0,0.0,0.0,0.0,0.0,0.0,0.0,0.0,0.0,0.0,0.0,205365.0
PURSUE WEALTH PARTNERS LLC,0.0,0.0,0.0,0.0,0.0,0.0,0.0,0.0,0.0,0.0,0.0,0.0,0.0,6521643.0,5525385.0,7289967.0,8505008.0,5757536.0,0.0,0.0
"Pacer Advisors, Inc.",0.0,0.0,0.0,0.0,0.0,114.0,289.0,58.0,0.0,30.0,37.0,31435.0,36567.0,672948.0,542639.0,1082958.0,2147987.0,1273358.0,1208672.0,6388251.0
"Pacific Capital Wealth Advisors, Inc.",0.0,0.0,0.0,0.0,0.0,0.0,0.0,0.0,0.0,0.0,0.0,0.0,0.0,0.0,0.0,0.0,0.0,0.0,7466.0,10037.0
Pacific Center for Financial Services,0.0,0.0,0.0,0.0,0.0,0.0,0.0,0.0,0.0,0.0,0.0,0.0,0.0,0.0,0.0,0.0,2748.0,2297.0,1953.0,2625.0
"Pacific Wealth Strategies Group, Inc.",0.0,0.0,0.0,0.0,0.0,0.0,0.0,210.0,0.0,0.0,0.0,0.0,0.0,0.0,0.0,0.0,0.0,0.0,0.0,0.0
Pacitti Group Inc.,0.0,0.0,0.0,0.0,0.0,0.0,5.0,0.0,0.0,0.0,0.0,0.0,0.0,0.0,0.0,0.0,0.0,0.0,0.0,0.0
Pactiv General Employee Benefit Trust,0.0,0.0,24598.0,27577.0,22469.0,23962.0,0.0,0.0,0.0,0.0,0.0,0.0,0.0,0.0,0.0,0.0,0.0,0.0,0.0,0.0
Pallas Capital Advisors LLC,0.0,0.0,0.0,0.0,0.0,0.0,0.0,0.0,0.0,0.0,0.0,0.0,0.0,0.0,0.0,0.0,216677.0,716618.0,312516.0,770571.0
Palumbo Wealth Management LLC,0.0,0.0,0.0,0.0,0.0,0.0,0.0,0.0,0.0,0.0,0.0,0.0,0.0,0.0,0.0,0.0,0.0,0.0,0.0,292604.0
"Pantheon Investment Group, LLC",0.0,0.0,0.0,0.0,0.0,271.0,403.0,1086.0,0.0,0.0,0.0,0.0,0.0,0.0,0.0,0.0,0.0,0.0,0.0,0.0
"Paradigm Financial Advisors, LLC",0.0,0.0,0.0,326.0,268.0,0.0,0.0,0.0,0.0,0.0,0.0,0.0,0.0,0.0,0.0,0.0,0.0,0.0,0.0,0.0
"Paradigm Financial Partners, LLC",0.0,0.0,0.0,0.0,0.0,0.0,0.0,0.0,0.0,0.0,0.0,0.0,0.0,0.0,0.0,0.0,284578.0,213442.0,0.0,0.0
"Paragon Advisors, LLC",0.0,0.0,0.0,1048.0,1187.0,794.0,952.0,866.0,0.0,0.0,0.0,0.0,0.0,0.0,0.0,0.0,0.0,0.0,0.0,0.0
"Paragon Wealth Strategies, LLC",0.0,0.0,0.0,0.0,0.0,2.0,0.0,0.0,0.0,0.0,1.0,29856.0,0.0,0.0,0.0,0.0,0.0,0.0,0.0,0.0
"Parallax Volatility Advisers, L.P.",0.0,0.0,3209.0,26762.0,118660.0,492554.0,462707.0,222095.0,209064.0,269772.0,59200.0,157578212.0,57942992.0,110539725.0,97924653.0,138321119.0,181185920.0,87100763.0,51305895.0,134538823.0
"Parallel Advisors, LLC",0.0,0.0,58.0,310.0,1493.0,4177.0,9377.0,5709.0,2789.0,1780.0,1830.0,1493323.0,3378190.0,3979448.0,3408156.0,1738862.0,1561030.0,1660493.0,1861392.0,2267318.0
Parametric Portfolio Associates LLC,0.0,0.0,239.0,6587.0,9443.0,59285.0,67871.0,135266.0,75186.0,0.0,0.0,0.0,0.0,0.0,0.0,0.0,0.0,0.0,0.0,0.0
Parametrica Management Ltd,0.0,0.0,0.0,0.0,0.0,0.0,0.0,0.0,0.0,0.0,0.0,0.0,0.0,0.0,1509979.0,982065.0,0.0,0.0,0.0,0.0
Parisi Gray Wealth Management,0.0,0.0,0.0,0.0,0.0,83.0,0.0,0.0,0.0,0.0,0.0,0.0,0.0,0.0,259862.0,378697.0,340168.0,320433.0,0.0,0.0
Park Place Capital Corp,0.0,0.0,0.0,0.0,0.0,0.0,0.0,0.0,0.0,0.0,0.0,4.0,6480.0,7391.0,6416.0,8358.0,6787.0,5674.0,4824.0,6485.0
Park West Asset Management LLC,0.0,0.0,2510.0,0.0,0.0,0.0,0.0,0.0,0.0,0.0,0.0,0.0,0.0,0.0,0.0,0.0,0.0,0.0,0.0,0.0
Parkside Financial Bank & Trust,0.0,0.0,0.0,0.0,0.0,0.0,1.0,2.0,1.0,0.0,1.0,718.0,7098.0,880.0,1375.0,4975.0,970.0,2837.0,3791.0,4478.0
Parkwood LLC,0.0,0.0,0.0,4458.0,7716.0,0.0,2614.0,921.0,347.0,702.0,1575.0,1372.0,1283.0,1320.0,484.0,0.0,0.0,0.0,0.0,0.0
"Parkworth Wealth Management, Inc.",0.0,0.0,0.0,0.0,0.0,0.0,0.0,0.0,0.0,0.0,0.0,0.0,0.0,0.0,0.0,0.0,0.0,0.0,0.0,154.0
"Pathstone Holdings, LLC",0.0,0.0,0.0,0.0,0.0,0.0,0.0,0.0,0.0,0.0,0.0,0.0,0.0,0.0,0.0,4641245.0,3711630.0,3349896.0,2765944.0,4726892.0
"Pathway Financial Advisers, LLC",0.0,0.0,0.0,0.0,0.0,0.0,0.0,0.0,0.0,0.0,0.0,0.0,0.0,0.0,0.0,0.0,0.0,0.0,0.0,6486.0
"Patriot Financial Group Insurance Agency, LLC",0.0,0.0,0.0,0.0,0.0,1.0,2.0,7.0,2.0,26.0,0.0,0.0,0.0,0.0,0.0,0.0,0.0,0.0,0.0,0.0
"Peak Asset Management, LLC",0.0,0.0,0.0,0.0,0.0,0.0,0.0,0.0,0.0,0.0,0.0,0.0,0.0,0.0,0.0,0.0,977034.0,806083.0,525830.0,706889.0
"Pearl River Capital, LLC",0.0,0.0,0.0,0.0,0.0,0.0,0.0,1686.0,0.0,0.0,0.0,0.0,0.0,1000270.0,0.0,0.0,3517709.0,0.0,0.0,0.0
"Peninsula Wealth, LLC",0.0,0.0,0.0,14492.0,10639.0,10487.0,11607.0,11971.0,8099.0,4915.0,6006.0,5072704.0,5452609.0,6132551.0,74434675.0,93258166.0,75649000.0,63547562.0,55659230.0,72213697.0
Pensionfund DSM Netherlands,0.0,0.0,0.0,0.0,0.0,0.0,1331.0,1491.0,0.0,0.0,0.0,0.0,0.0,0.0,0.0,0.0,0.0,0.0,0.0,0.0
Pentwater Capital Management LP,0.0,0.0,0.0,0.0,4586.0,4352.0,3629.0,0.0,0.0,0.0,0.0,0.0,0.0,0.0,0.0,0.0,0.0,0.0,1952620.0,0.0
"Peregrine Asset Advisers, Inc.",0.0,0.0,1647.0,225.0,0.0,0.0,609.0,0.0,2574.0,0.0,0.0,0.0,0.0,0.0,0.0,0.0,0.0,0.0,0.0,0.0
"Perennial Advisors, LLC",0.0,0.0,0.0,7.0,6.0,6.0,0.0,0.0,0.0,0.0,0.0,0.0,0.0,0.0,0.0,0.0,0.0,0.0,0.0,0.0
"Perigon Wealth Management, LLC",0.0,0.0,0.0,0.0,0.0,0.0,0.0,385.0,458.0,259.0,670.0,1187362.0,647094.0,10439838.0,5052410.0,4574811.0,3566027.0,1719155.0,1252277.0,1175826.0
Periscope Capital Inc.,0.0,0.0,0.0,0.0,0.0,0.0,0.0,0.0,241.0,0.0,0.0,0.0,0.0,0.0,0.0,0.0,0.0,0.0,0.0,0.0
Perkins Coie Trust Co,0.0,0.0,0.0,0.0,0.0,0.0,155.0,159.0,108.0,65.0,80.0,0.0,0.0,0.0,38498.0,19701.0,15998.0,0.0,11715.0,37212.0
Personal Wealth Partners,0.0,0.0,0.0,0.0,0.0,1.0,0.0,0.0,0.0,0.0,0.0,0.0,0.0,0.0,0.0,0.0,0.0,0.0,0.0,0.0
Pertento Partners LLP,0.0,0.0,0.0,0.0,0.0,0.0,0.0,0.0,0.0,0.0,0.0,0.0,0.0,0.0,0.0,0.0,0.0,64978290.0,27623830.0,39451755.0
"Petrus Trust Company, LTA",0.0,0.0,0.0,0.0,0.0,0.0,0.0,0.0,0.0,0.0,0.0,0.0,0.0,0.0,0.0,0.0,0.0,454037.0,427164.0,0.0
Phocas Financial Corp.,0.0,0.0,0.0,0.0,0.0,0.0,0.0,0.0,0.0,0.0,0.0,22249.0,0.0,0.0,0.0,0.0,0.0,0.0,0.0,0.0
Phoenix Financial Ltd.,0.0,0.0,0.0,0.0,0.0,0.0,0.0,0.0,0.0,0.0,0.0,0.0,0.0,0.0,0.0,0.0,0.0,0.0,430725.0,579037.0
Phoenix Holdings Ltd.,0.0,0.0,0.0,0.0,0.0,0.0,0.0,0.0,0.0,0.0,0.0,0.0,0.0,0.0,0.0,0.0,606165.0,506587.0,0.0,0.0
"Physician Wealth Advisors, Inc.",0.0,0.0,0.0,0.0,0.0,0.0,0.0,0.0,0.0,0.0,0.0,0.0,0.0,0.0,0.0,0.0,0.0,0.0,0.0,7103.0
Pictet & Cie (Europe) SA,0.0,0.0,0.0,4545.0,3703.0,3905.0,9768.0,5471.0,3700.0,2246.0,2744854.0,2318171.0,2576643.0,0.0,0.0,0.0,0.0,0.0,0.0,0.0
Pictet Asset Management Holding SA,0.0,0.0,0.0,0.0,0.0,0.0,0.0,0.0,0.0,0.0,0.0,0.0,0.0,0.0,14745513.0,20688836.0,0.0,16139743.0,14076782.0,265539495.0
Pinnacle Investment Management Ltd,0.0,0.0,0.0,0.0,0.0,0.0,0.0,0.0,0.0,0.0,0.0,0.0,0.0,0.0,0.0,0.0,0.0,0.0,0.0,3088200.0
"Pinnacle Private Wealth, LLC",0.0,0.0,0.0,0.0,0.0,0.0,0.0,443.0,353.0,0.0,0.0,0.0,0.0,0.0,0.0,0.0,0.0,0.0,0.0,0.0
"Pinz Capital Management, LP",0.0,0.0,8592.0,0.0,0.0,0.0,0.0,1524.0,0.0,0.0,0.0,0.0,0.0,0.0,0.0,0.0,0.0,0.0,0.0,0.0
Piscataqua Savings Bank,0.0,0.0,0.0,0.0,0.0,0.0,0.0,0.0,0.0,0.0,0.0,0.0,0.0,0.0,0.0,0.0,1616.0,0.0,0.0,0.0
Planning Capital Management Corp,0.0,0.0,0.0,0.0,0.0,0.0,0.0,0.0,0.0,0.0,0.0,0.0,0.0,0.0,0.0,85968.0,69812.0,83216.0,73626.0,0.0
"Plante Moran Financial Advisors, LLC",0.0,0.0,0.0,56.0,0.0,0.0,0.0,0.0,0.0,0.0,0.0,0.0,0.0,1584.0,0.0,11940.0,1293.0,0.0,0.0,0.0
Platform Technology Partners,0.0,0.0,0.0,0.0,0.0,0.0,0.0,218.0,207.0,243.0,288.0,265118.0,249950.0,232095.0,0.0,398851.0,0.0,284770.0,0.0,0.0
Plato Investment Management Ltd,0.0,0.0,0.0,0.0,0.0,0.0,0.0,0.0,0.0,0.0,0.0,0.0,0.0,0.0,0.0,34427.0,92093.0,63087.0,615258.0,1121371.0
PointState Capital LP,0.0,0.0,0.0,0.0,0.0,0.0,45447.0,56833.0,0.0,0.0,0.0,0.0,0.0,0.0,0.0,0.0,0.0,0.0,0.0,0.0
Pointe Capital Management LLC,0.0,0.0,0.0,0.0,0.0,0.0,0.0,0.0,0.0,0.0,0.0,0.0,15429.0,0.0,0.0,0.0,0.0,0.0,0.0,0.0
Polar Asset Management Partners Inc.,0.0,0.0,0.0,0.0,0.0,0.0,7258.0,8469.0,5728.0,11125.0,0.0,0.0,13083792.0,6036114.0,0.0,0.0,0.0,0.0,10681980.0,0.0
Polar Capital Holdings Plc,0.0,0.0,0.0,0.0,42451.0,0.0,0.0,0.0,0.0,0.0,0.0,0.0,0.0,0.0,0.0,0.0,0.0,0.0,0.0,0.0
Polianta Ltd,0.0,0.0,0.0,0.0,0.0,0.0,0.0,0.0,0.0,0.0,0.0,0.0,0.0,0.0,0.0,0.0,1179.0,0.0,0.0,0.0
Portman Ltd,0.0,0.0,0.0,0.0,0.0,0.0,0.0,0.0,0.0,0.0,0.0,0.0,0.0,0.0,0.0,12247455.0,0.0,0.0,0.0,0.0
"Portside Wealth Group, LLC",0.0,0.0,0.0,0.0,0.0,0.0,0.0,0.0,0.0,0.0,0.0,0.0,0.0,169995.0,0.0,0.0,0.0,0.0,0.0,0.0
"Powell Investment Advisors, LLC",0.0,0.0,0.0,0.0,0.0,0.0,0.0,0.0,0.0,0.0,0.0,0.0,0.0,0.0,0.0,260292.0,211373.0,0.0,0.0,201968.0
"PrairieView Partners, LLC",0.0,0.0,0.0,17.0,14.0,15.0,36.0,34.0,23.0,14.0,17.0,14.0,15.0,17.0,15.0,20.0,0.0,0.0,0.0,0.0
"Premier Path Wealth Partners, LLC",0.0,0.0,0.0,0.0,0.0,0.0,0.0,0.0,0.0,0.0,0.0,0.0,0.0,0.0,0.0,297505.0,0.0,0.0,0.0,0.0
Prestige Wealth Management Group LLC,0.0,0.0,3.0,0.0,0.0,0.0,30.0,34.0,46.0,28.0,0.0,0.0,0.0,0.0,0.0,0.0,0.0,0.0,2872.0,3861.0
"Prime Capital Investment Advisors, LLC",0.0,0.0,0.0,0.0,0.0,0.0,0.0,0.0,0.0,0.0,479.0,1390328.0,1467452.0,5107644.0,3658842.0,4923758.0,4011159.0,2298016.0,1714286.0,1721054.0
Prime Capital Management Co Ltd,0.0,0.0,104640.0,117314.0,95585.0,100805.0,13890.0,12638.0,8548.0,36939.0,45147.0,33443000.0,35947564.0,20295421.0,17618659.0,22950272.0,0.0,0.0,0.0,0.0
"Private Advisor Group, LLC",0.0,0.0,782.0,1101.0,1309.0,1658.0,2555.0,3608.0,6021.0,3314.0,2327.0,0.0,1425961.0,2118308.0,2336929.0,4044574.0,4154852.0,4110076.0,3382076.0,3607488.0
"Private Capital Group, LLC",0.0,0.0,0.0,0.0,0.0,0.0,35.0,45.0,27.0,46.0,0.0,0.0,0.0,0.0,0.0,0.0,0.0,0.0,0.0,0.0
"Private Ocean, LLC",0.0,0.0,0.0,0.0,0.0,0.0,0.0,4.0,3.0,1.0,1.0,1579.0,1697.0,1936.0,1680.0,2189.0,0.0,0.0,0.0,0.0
Private Portfolio Partners LLC,0.0,0.0,0.0,0.0,227443.0,0.0,0.0,0.0,0.0,0.0,0.0,0.0,0.0,0.0,0.0,0.0,0.0,0.0,0.0,0.0
"Private Wealth Management Group, LLC",0.0,0.0,0.0,0.0,0.0,0.0,0.0,0.0,0.0,0.0,0.0,0.0,0.0,0.0,0.0,995.0,0.0,0.0,0.0,0.0
"Private Wealth Partners, LLC",0.0,0.0,0.0,0.0,0.0,0.0,0.0,0.0,0.0,0.0,0.0,0.0,0.0,0.0,0.0,0.0,0.0,0.0,0.0,419223.0
Privium Fund Management (UK) Ltd,0.0,0.0,0.0,0.0,0.0,0.0,0.0,45950.0,0.0,0.0,0.0,0.0,0.0,0.0,0.0,0.0,0.0,0.0,0.0,0.0
Privium Fund Management B.V.,0.0,0.0,0.0,0.0,0.0,0.0,0.0,22975.0,17334.0,13788.0,20534.0,19520298.0,23976666.0,23746527.0,19707330.0,49780960.0,20846400.0,18350180.0,10878800.0,11580750.0
ProShare Advisors LLC,0.0,0.0,312.0,437.0,690.0,808.0,3624.0,5672.0,2977.0,1267.0,1522.0,1168559.0,0.0,0.0,0.0,224671.0,230119.0,329349.0,214329.0,282879.0
"Procyon Advisors, LLC",0.0,0.0,0.0,0.0,0.0,0.0,0.0,0.0,0.0,0.0,0.0,0.0,0.0,0.0,0.0,0.0,742875.0,563595.0,577859.0,697779.0
Proem Advisors LLC,0.0,0.0,0.0,0.0,0.0,0.0,0.0,0.0,0.0,0.0,0.0,0.0,0.0,0.0,0.0,0.0,0.0,0.0,0.0,6176400.0
"Professional Financial Advisors, LLC",0.0,0.0,0.0,0.0,0.0,337.0,10.0,271.0,0.0,0.0,8.0,0.0,0.0,0.0,0.0,0.0,0.0,0.0,0.0,0.0
Proficio Capital Partners LLC,0.0,0.0,0.0,0.0,0.0,0.0,209.0,305.0,0.0,235.0,377.0,336601.0,825142.0,289028.0,271685.0,258977.0,226141.0,0.0,0.0,53889.0
Prospect Financial Services LLC,0.0,0.0,0.0,0.0,0.0,0.0,0.0,0.0,0.0,0.0,0.0,0.0,0.0,0.0,0.0,0.0,0.0,0.0,0.0,288284.0
"Prospect Hill Management, LLC",0.0,0.0,0.0,0.0,355.0,514.0,643.0,720.0,544.0,386.0,472.0,315788.0,0.0,0.0,0.0,0.0,0.0,0.0,0.0,0.0
Prospera Financial Services Inc,0.0,0.0,25.0,0.0,0.0,0.0,1477.0,1879.0,133.0,438.0,0.0,0.0,0.0,0.0,0.0,0.0,797637.0,707983.0,579446.0,1056139.0
"Prosperity Financial Group, Inc.",0.0,0.0,0.0,0.0,0.0,0.0,0.0,0.0,0.0,0.0,0.0,0.0,0.0,0.0,0.0,0.0,0.0,229653.0,0.0,0.0
"Prosperity Wealth Management, Inc.",0.0,0.0,0.0,0.0,0.0,0.0,0.0,0.0,0.0,0.0,0.0,0.0,0.0,347209.0,352135.0,476605.0,0.0,0.0,0.0,0.0
"Providence Capital Advisors, LLC",0.0,0.0,0.0,0.0,0.0,0.0,0.0,0.0,0.0,0.0,0.0,0.0,0.0,0.0,0.0,0.0,4848.0,4053.0,0.0,0.0
Public Sector Pension Investment Board,0.0,0.0,0.0,0.0,18545.0,0.0,0.0,0.0,0.0,0.0,0.0,0.0,2091710.0,2843309.0,0.0,0.0,0.0,0.0,0.0,0.0
"Pure Financial Advisors, LLC",0.0,0.0,0.0,0.0,0.0,0.0,0.0,0.0,0.0,0.0,0.0,0.0,0.0,0.0,0.0,0.0,0.0,0.0,375993.0,0.0
"QCM Cayman, Ltd.",0.0,0.0,0.0,0.0,0.0,0.0,0.0,0.0,0.0,0.0,0.0,0.0,233749.0,387156.0,219225.0,0.0,0.0,0.0,0.0,0.0
"QRG CAPITAL MANAGEMENT, INC.",0.0,0.0,0.0,0.0,0.0,0.0,0.0,0.0,0.0,0.0,0.0,0.0,0.0,0.0,4892467.0,6962974.0,5843074.0,4681923.0,3884421.0,6201440.0
QUADRANT CAPITAL GROUP LLC,0.0,0.0,0.0,1.0,1.0,19.0,74.0,133.0,56.0,110.0,185.0,110669.0,45207.0,49099.0,32388.0,70645.0,48480.0,23236.0,14013.0,32890.0
QUATTRO FINANCIAL ADVISORS LLC,0.0,0.0,0.0,0.0,0.0,0.0,0.0,0.0,0.0,695.0,850.0,717700.0,771450.0,879900.0,763850.0,995000.0,808000.0,675450.0,1232900.0,1750900.0
"Qsemble Capital Management, LP",0.0,0.0,0.0,0.0,0.0,0.0,0.0,0.0,0.0,0.0,0.0,0.0,0.0,0.0,595803.0,2698440.0,2013536.0,3981913.0,1197645.0,6211142.0
Qtron Investments LLC,0.0,0.0,0.0,0.0,0.0,0.0,0.0,681.0,461.0,234.0,286.0,241147.0,259207.0,448925.0,436158.0,568145.0,461368.0,261940.0,0.0,0.0
"QuadCap Wealth Management, LLC",0.0,0.0,0.0,0.0,0.0,0.0,0.0,0.0,0.0,0.0,0.0,0.0,0.0,0.0,0.0,0.0,217836.0,0.0,0.0,0.0
"Quadcap Wealth Management, LLC",0.0,0.0,0.0,0.0,0.0,0.0,0.0,0.0,0.0,0.0,0.0,0.0,0.0,0.0,0.0,297505.0,0.0,0.0,0.0,0.0
"Quadrant Private Wealth Management, LLC",0.0,0.0,0.0,0.0,0.0,0.0,0.0,0.0,0.0,0.0,0.0,0.0,0.0,483593.0,0.0,8846346.0,9122966.0,7626911.0,6255620.0,7979291.0
Quadrature Capital Ltd,0.0,0.0,0.0,0.0,0.0,21726.0,5969.0,33030.0,2050.0,19798.0,0.0,0.0,6141618.0,0.0,0.0,40470697.0,0.0,0.0,0.0,0.0
Quantamental Technologies LLC,0.0,0.0,0.0,0.0,0.0,0.0,248.0,0.0,771.0,314.0,0.0,0.0,335118.0,0.0,0.0,0.0,0.0,0.0,0.0,0.0
Quantbot Technologies LP,0.0,0.0,0.0,0.0,78.0,0.0,4483.0,7359.0,612.0,0.0,0.0,0.0,0.0,0.0,0.0,8952015.0,1819778.0,10634015.0,12798850.0,7390217.0
Quantinno Capital Management LP,0.0,0.0,0.0,0.0,0.0,0.0,0.0,0.0,0.0,0.0,0.0,0.0,0.0,0.0,1496000.0,2232000.0,2627000.0,2787987.0,3951873.0,6466834.0
"Quantitative Investment Management, LLC",0.0,0.0,0.0,0.0,0.0,0.0,0.0,0.0,0.0,0.0,0.0,0.0,0.0,0.0,0.0,0.0,0.0,0.0,0.0,2945.0
Quantitative Systematic Strategies LLC,0.0,0.0,223.0,0.0,0.0,0.0,0.0,0.0,0.0,0.0,0.0,0.0,0.0,0.0,0.0,0.0,0.0,0.0,0.0,0.0
"Quantum Private Wealth, LLC",0.0,0.0,0.0,0.0,0.0,0.0,0.0,1202.0,832.0,517.0,675.0,623968.0,820206.0,1039514.0,925328.0,1185642.0,1375826.0,1397881.0,1608359.0,2415556.0
Qube Research & Technologies Ltd,0.0,0.0,0.0,2876.0,3815.0,0.0,0.0,11586.0,0.0,4050.0,0.0,0.0,0.0,23900900.0,361301.0,84562463.0,59782951.0,150431901.0,340847509.0,158145950.0
"Quent Capital, LLC",0.0,0.0,0.0,0.0,0.0,0.0,0.0,0.0,1.0,30.0,37.0,50957.0,123074.0,142544.0,203796.0,324768.0,304778.0,19183.0,4135.0,1081.0
Quest Partners LLC,0.0,0.0,0.0,0.0,0.0,0.0,0.0,0.0,0.0,0.0,0.0,0.0,0.0,0.0,0.0,13930.0,145117.0,730161.0,56052.0,0.0
Quintet Private Bank (Europe) S.A.,0.0,0.0,0.0,0.0,0.0,0.0,0.0,0.0,0.0,0.0,0.0,0.0,0.0,0.0,0.0,0.0,0.0,0.0,0.0,9265.0
"Quotient Wealth Partners, LLC",0.0,0.0,0.0,0.0,0.0,0.0,0.0,0.0,0.0,0.0,0.0,0.0,0.0,0.0,0.0,218900.0,229364.0,0.0,0.0,243864.0
RAYMOND JAMES & ASSOCIATES,0.0,0.0,1242.0,6946.0,7097.0,14391.0,20846.0,24253.0,20637.0,18839.0,25756.0,25140026.0,32946447.0,39764240.0,28957378.0,58801714.0,29671845.0,22042347.0,17502233.0,0.0
RAYMOND JAMES TRUST N.A.,0.0,0.0,0.0,0.0,0.0,0.0,0.0,0.0,310.0,516.0,647.0,474.0,763.0,902.0,1566658.0,4182781.0,4231980.0,2873638.0,1612521.0,0.0
"RBF Capital, LLC",0.0,0.0,0.0,844.0,917.0,0.0,0.0,0.0,0.0,0.0,0.0,0.0,0.0,0.0,0.0,0.0,0.0,0.0,0.0,0.0
READYSTATE ASSET MANAGEMENT LP,0.0,0.0,0.0,0.0,0.0,0.0,0.0,0.0,0.0,0.0,0.0,0.0,0.0,0.0,5377504.0,9193800.0,0.0,864576.0,0.0,0.0
"REAP Financial Group, LLC",0.0,0.0,0.0,0.0,0.0,0.0,0.0,0.0,0.0,0.0,0.0,0.0,0.0,0.0,0.0,0.0,0.0,0.0,0.0,15441.0
"REGATTA CAPITAL GROUP, LLC",0.0,0.0,0.0,0.0,0.0,0.0,0.0,465.0,0.0,0.0,0.0,0.0,0.0,0.0,0.0,0.0,0.0,0.0,0.0,0.0
REGENTS OF THE UNIVERSITY OF CALIFORNIA,0.0,0.0,0.0,0.0,0.0,2899.0,0.0,0.0,0.0,0.0,0.0,0.0,0.0,0.0,0.0,0.0,0.0,0.0,0.0,0.0
REGIONS FINANCIAL CORP,0.0,0.0,0.0,333.0,266.0,274.0,343.0,384.0,263.0,0.0,0.0,0.0,223.0,241445.0,209753.0,307853.0,0.0,211281.0,0.0,0.0
"REILLY FINANCIAL ADVISORS, LLC",0.0,0.0,0.0,28.0,2.0,4.0,5.0,5.0,0.0,0.0,0.0,0.0,0.0,0.0,0.0,0.0,0.0,0.0,0.0,0.0
RENAISSANCE TECHNOLOGIES LLC,0.0,0.0,0.0,0.0,0.0,155405.0,101877.0,0.0,176499.0,281457.0,197442.0,265822.0,373783.0,386927.0,316402.0,232492.0,78085.0,84363975.0,51021042.0,25940880.0
RESOURCES MANAGEMENT CORP /CT/ /ADV,0.0,0.0,0.0,0.0,0.0,0.0,0.0,0.0,0.0,0.0,0.0,8.0,1913.0,12.0,46.0,184.0,875.0,1037.0,1031.0,1474.0
"REUTER JAMES WEALTH MANAGEMENT, LLC",0.0,0.0,0.0,0.0,0.0,0.0,0.0,0.0,0.0,0.0,0.0,0.0,205051.0,241973.0,203337.0,258501.0,0.0,0.0,0.0,0.0
"RFG Advisory, LLC",0.0,0.0,0.0,0.0,0.0,0.0,0.0,0.0,0.0,0.0,0.0,0.0,219179.0,325706.0,310963.0,434480.0,385351.0,0.0,0.0,0.0
"RFG Holdings, Inc.",0.0,0.0,0.0,0.0,0.0,0.0,0.0,0.0,0.0,0.0,0.0,0.0,0.0,0.0,0.0,0.0,248218.0,415537.0,423374.0,688364.0
RFP Financial Group LLC,0.0,0.0,0.0,0.0,0.0,0.0,0.0,0.0,0.0,0.0,0.0,2010.0,2160.0,4928.0,2139.0,2786.0,2262.0,946.0,0.0,0.0
RHUMBLINE ADVISERS,0.0,0.0,0.0,318.0,259.0,26000.0,50036.0,60139.0,41632.0,24440.0,51435.0,45911.0,51736.0,67442399.0,58165747.0,76724251.0,60892619.0,50271801.0,43482728.0,58195524.0
"RICHARDS, MERRILL & PETERSON, INC.",0.0,0.0,0.0,0.0,0.0,0.0,0.0,0.0,0.0,0.0,0.0,0.0,0.0,0.0,0.0,0.0,0.0,0.0,0.0,703646.0
RICHARDSON FINANCIAL SERVICES INC.,0.0,0.0,0.0,0.0,0.0,0.0,0.0,0.0,0.0,0.0,0.0,0.0,0.0,0.0,0.0,42586.0,34582.0,28909.0,28909.0,33164.0
RITHOLTZ WEALTH MANAGEMENT,0.0,0.0,0.0,0.0,0.0,0.0,0.0,0.0,0.0,0.0,430.0,0.0,0.0,0.0,0.0,0.0,335379.0,290211.0,0.0,0.0
RIVER & MERCANTILE ASSET MANAGEMENT LLP,0.0,0.0,0.0,0.0,0.0,0.0,0.0,0.0,0.0,0.0,0.0,0.0,0.0,250.0,212427.0,0.0,0.0,0.0,0.0,0.0
RIVER GLOBAL INVESTORS LLP,0.0,0.0,0.0,0.0,0.0,0.0,0.0,0.0,0.0,0.0,0.0,0.0,0.0,0.0,0.0,638382.0,512617.0,423086.0,0.0,0.0
RIVERPARK CAPITAL MANAGEMENT LLC,0.0,0.0,0.0,0.0,1317.0,1748.0,2187.0,1567.0,2232.0,0.0,0.0,0.0,0.0,0.0,0.0,0.0,0.0,0.0,0.0,0.0
"RMB Capital Management, LLC",0.0,0.0,0.0,0.0,0.0,0.0,0.0,0.0,0.0,0.0,2499.0,868991.0,2282875.0,2864250.0,2618121.0,3511764.0,0.0,0.0,0.0,0.0
RMR Wealth Builders,0.0,0.0,0.0,25.0,49.0,0.0,0.0,0.0,0.0,0.0,0.0,0.0,0.0,0.0,0.0,0.0,0.0,0.0,0.0,432822.0
ROBERTS GLORE & CO INC /IL/,0.0,0.0,0.0,0.0,0.0,0.0,0.0,0.0,0.0,0.0,0.0,0.0,0.0,0.0,0.0,0.0,0.0,0.0,701680.0,855895.0
ROMANO BROTHERS AND COMPANY,0.0,0.0,0.0,0.0,0.0,0.0,0.0,0.0,0.0,0.0,0.0,8038.0,0.0,0.0,655980.0,0.0,0.0,0.0,0.0,0.0
ROTHSCHILD INVESTMENT LLC,0.0,0.0,0.0,0.0,0.0,0.0,0.0,0.0,0.0,0.0,0.0,0.0,0.0,0.0,0.0,1062660.0,906576.0,730837.0,513424.0,709977.0
ROYAL BANK OF CANADA,0.0,0.0,0.0,0.0,0.0,715.0,2468.0,2877.0,1815.0,181.0,237.0,0.0,0.0,0.0,0.0,0.0,0.0,0.0,0.0,0.0
ROYAL LONDON ASSET MANAGEMENT LTD,0.0,0.0,0.0,0.0,43477.0,80424.0,168831.0,132900.0,62234.0,37286.0,26855.0,23841676.0,26791533.0,37260419.0,34021596.0,89987004.0,38366910.0,29558774.0,16552704.0,22882327.0
"RPG Investment Advisory, LLC",0.0,0.0,0.0,0.0,0.0,0.0,0.0,0.0,0.0,0.0,0.0,0.0,292225.0,333306.0,516210.0,728141.0,1254662.0,1734015.0,2727810.0,3663223.0
"RWA WEALTH PARTNERS, LLC",0.0,0.0,0.0,0.0,0.0,0.0,0.0,0.0,0.0,0.0,0.0,0.0,0.0,0.0,0.0,0.0,0.0,310707.0,312879.0,412892.0
"RWQ Financial Management Services, Inc.",0.0,0.0,0.0,0.0,0.0,0.0,0.0,0.0,0.0,0.0,0.0,0.0,0.0,488344.0,0.0,0.0,0.0,0.0,0.0,0.0
"Rafferty Asset Management, LLC",0.0,0.0,0.0,0.0,710.0,982.0,2385.0,4746.0,4027.0,2397.0,2896.0,3046493.0,3691234.0,4003017.0,4053446.0,6181935.0,5530437.0,6867435.0,2137659.0,3374476.0
Railway Pension Investments Ltd,0.0,0.0,0.0,0.0,0.0,189.0,237.0,265.0,358.0,109.0,1329.0,1122483.0,0.0,0.0,0.0,0.0,0.0,0.0,0.0,0.0
Raine Capital LLC,0.0,0.0,0.0,0.0,0.0,0.0,0.0,0.0,0.0,0.0,3572729.0,0.0,0.0,0.0,0.0,0.0,0.0,0.0,0.0,0.0
Raleigh Capital Management Inc.,0.0,0.0,0.0,0.0,0.0,0.0,0.0,0.0,0.0,0.0,4.0,4880.0,9566.0,11791.0,0.0,0.0,4040.0,3377.0,0.0,1235.0
"Ramirez Asset Management, Inc.",0.0,0.0,0.0,0.0,0.0,0.0,0.0,0.0,0.0,0.0,0.0,0.0,0.0,0.0,106939.0,169150.0,137360.0,114826.0,97631.0,131248.0
Ratan Capital Management LP,0.0,0.0,2761.0,6190.0,0.0,19828.0,0.0,0.0,0.0,0.0,0.0,2153.0,0.0,0.0,0.0,0.0,0.0,0.0,0.0,0.0
"Rather & Kittrell, Inc.",0.0,0.0,0.0,0.0,0.0,0.0,0.0,88.0,0.0,0.0,0.0,0.0,0.0,0.0,0.0,0.0,0.0,0.0,0.0,0.0
"Raymond James Financial Services Advisors, Inc.",0.0,0.0,874.0,1855.0,3111.0,4613.0,6966.0,9651.0,7909.0,8547.0,10586.0,9315028.0,10938235.0,12316840.0,13708816.0,18751372.0,17528106.0,17263151.0,14567120.0,0.0
"Red Spruce Capital, LLC",0.0,0.0,0.0,0.0,0.0,0.0,977.0,1490.0,2424.0,1447.0,1686.0,1503007.0,1621742.0,1866268.0,1612640.0,2180244.0,1829958.0,1763600.0,1519253.0,2103064.0
Red Wave Investments LLC,0.0,0.0,0.0,0.0,0.0,0.0,0.0,0.0,0.0,0.0,0.0,0.0,0.0,0.0,0.0,0.0,0.0,0.0,434171.0,506465.0
Redpoint Investment Management Pty Ltd,0.0,0.0,0.0,0.0,0.0,0.0,722.0,870.0,1169.0,819.0,888.0,0.0,0.0,0.0,0.0,0.0,0.0,0.0,0.0,0.0
"Redpoint Management, LLC",0.0,0.0,0.0,0.0,0.0,0.0,0.0,169225.0,114464.0,69469.0,84905.0,71706555.0,77076804.0,87912217.0,76317476.0,99412042.0,80728573.0,67485290.0,57379232.0,0.0
Regal Investment Advisors LLC,0.0,0.0,0.0,0.0,0.0,229.0,0.0,0.0,0.0,0.0,0.0,0.0,0.0,0.0,0.0,0.0,0.0,0.0,0.0,0.0
"Regal Wealth Group, Inc.",0.0,0.0,1.0,1.0,1.0,0.0,0.0,0.0,0.0,0.0,0.0,0.0,0.0,0.0,0.0,0.0,0.0,0.0,0.0,0.0
Regency Capital Management Inc.\DE,0.0,0.0,0.0,0.0,9.0,10.0,0.0,0.0,0.0,0.0,0.0,0.0,0.0,0.0,0.0,0.0,0.0,0.0,0.0,0.0
Regent Peak Wealth Advisors LLC,0.0,0.0,0.0,14.0,0.0,0.0,0.0,214.0,0.0,0.0,0.0,0.0,0.0,0.0,0.0,0.0,0.0,0.0,0.0,0.0
Regis Management CO LLC,0.0,0.0,0.0,0.0,0.0,226.0,282.0,316.0,214.0,0.0,0.0,0.0,216.0,247.0,214.0,279.0,226.0,0.0,0.0,0.0
Rehmann Capital Advisory Group,0.0,0.0,0.0,423788.0,265506.0,583705.0,1469507.0,442746.0,267394.0,224720.0,302358.0,0.0,0.0,222262.0,207003.0,305266.0,267448.0,235326.0,221909.0,298011.0
"Relative Value Partners Group, LLC",0.0,0.0,0.0,0.0,0.0,0.0,0.0,0.0,0.0,0.0,0.0,0.0,0.0,0.0,0.0,0.0,0.0,384466.0,0.0,0.0
Renaissance Capital LLC,0.0,0.0,0.0,14112.0,11915.0,60105.0,28375.0,27479.0,14560.0,12338.0,16369.0,13695438.0,14271054.0,17441906.0,0.0,0.0,0.0,0.0,0.0,0.0
Resolute Advisors LLC,0.0,0.0,0.0,0.0,0.0,0.0,30.0,34.0,0.0,0.0,46.0,0.0,41504.0,0.0,0.0,0.0,0.0,0.0,0.0,0.0
Resurgent Financial Advisors LLC,0.0,0.0,0.0,0.0,0.0,0.0,0.0,0.0,0.0,0.0,0.0,0.0,0.0,0.0,29485.0,38407.0,0.0,0.0,0.0,0.0
"Retireful, LLC",0.0,0.0,0.0,0.0,0.0,0.0,0.0,0.0,0.0,0.0,0.0,0.0,0.0,0.0,0.0,0.0,0.0,0.0,0.0,631074.0
"Retirement Group, LLC",0.0,0.0,66.0,79.0,73.0,24.0,30.0,34.0,23.0,14.0,17.0,15.0,16.0,18126.0,15735.0,20497.0,646.0,0.0,0.0,0.0
"Retirement Planning Co of New England, Inc.",0.0,0.0,0.0,0.0,0.0,0.0,0.0,11.0,0.0,0.0,0.0,0.0,0.0,0.0,0.0,0.0,430179.0,380278.0,445083.0,600346.0
Rheos Capital Works Inc.,0.0,0.0,0.0,0.0,0.0,0.0,0.0,0.0,0.0,0.0,0.0,0.0,0.0,0.0,4583.0,0.0,0.0,0.0,0.0,0.0
Ridgewood Investments LLC,0.0,0.0,0.0,0.0,0.0,0.0,0.0,0.0,0.0,0.0,0.0,0.0,59453.0,59012.0,0.0,0.0,243914.0,260518.0,155695.0,195180.0
Riggs Asset Managment Co. Inc.,0.0,0.0,0.0,0.0,0.0,0.0,0.0,2169.0,0.0,0.0,16.0,3014.0,3241.0,3520.0,2903.0,3781.0,3717.0,3378.0,2183.0,3565.0
Rinkey Investments,0.0,0.0,0.0,0.0,0.0,0.0,0.0,0.0,0.0,0.0,0.0,0.0,0.0,0.0,0.0,0.0,0.0,0.0,0.0,0.0
"Rise Advisors, LLC",0.0,0.0,0.0,0.0,0.0,0.0,0.0,11856.0,10.0,7.0,8.0,6746.0,8332.0,7919.0,14513.0,16915.0,13736.0,11483.0,1723.0,0.0
"RiverPark Advisors, LLC",0.0,0.0,0.0,0.0,9001.0,1709.0,2138.0,1532.0,0.0,0.0,0.0,0.0,0.0,0.0,0.0,0.0,0.0,0.0,0.0,0.0
Riverview Trust Co,0.0,0.0,0.0,0.0,0.0,0.0,0.0,0.0,35.0,0.0,15.0,13.0,15275.0,34140.0,29637.0,0.0,31350.0,26207.0,919.0,1235.0
Robbins Farley,0.0,0.0,0.0,0.0,0.0,0.0,0.0,0.0,0.0,0.0,0.0,0.0,0.0,0.0,1223.0,0.0,0.0,0.0,0.0,0.0
Robeco Schweiz AG,0.0,0.0,0.0,0.0,0.0,0.0,0.0,0.0,0.0,0.0,2141.0,0.0,0.0,0.0,0.0,0.0,0.0,0.0,0.0,0.0
"Roberts Wealth Advisors, LLC",0.0,0.0,0.0,0.0,0.0,0.0,1224.0,1343.0,950.0,646.0,764.0,548233.0,628870.0,712015.0,655980.0,0.0,379950.0,343650.0,283800.0,414280.0
Robocap Asset Management Ltd,0.0,0.0,0.0,0.0,0.0,0.0,0.0,0.0,0.0,0.0,0.0,0.0,2444416.0,2468999.0,2631005.0,3978010.0,2372934.0,1714968.0,0.0,0.0
"Rockbridge Investment Management, LCC",0.0,0.0,3.0,0.0,0.0,0.0,0.0,0.0,0.0,0.0,0.0,0.0,0.0,0.0,0.0,0.0,0.0,0.0,0.0,0.0
"Rockline Wealth Management, LLC",0.0,0.0,0.0,0.0,0.0,0.0,0.0,0.0,0.0,0.0,0.0,0.0,0.0,0.0,0.0,482296.0,465683.0,0.0,0.0,0.0
Rokos Capital Management LLP,0.0,0.0,3234.0,0.0,0.0,22737.0,0.0,3454.0,28089.0,0.0,0.0,0.0,0.0,0.0,0.0,0.0,0.0,0.0,0.0,0.0
"Ronald Blue Trust, Inc.",0.0,0.0,0.0,0.0,0.0,0.0,0.0,0.0,0.0,32.0,28.0,27.0,23.0,21.0,24.0,0.0,0.0,0.0,0.0,0.0
Ronit Capital LLP,0.0,0.0,0.0,6.0,0.0,0.0,0.0,0.0,0.0,0.0,0.0,0.0,0.0,0.0,0.0,0.0,0.0,0.0,0.0,0.0
Rosenberg Matthew Hamilton,0.0,0.0,0.0,0.0,0.0,0.0,0.0,0.0,0.0,0.0,0.0,287.0,309.0,352.0,0.0,0.0,0.0,0.0,0.0,9419.0
Rossmore Private Capital,0.0,0.0,0.0,0.0,0.0,0.0,0.0,237.0,0.0,0.0,0.0,0.0,0.0,0.0,0.0,208154.0,0.0,0.0,0.0,0.0
"Round Rock Advisors, LLC",0.0,0.0,0.0,0.0,0.0,0.0,0.0,0.0,0.0,0.0,0.0,0.0,0.0,0.0,0.0,0.0,730917.0,609391.0,518133.0,666125.0
"Round Table Services, LLC",0.0,0.0,0.0,0.0,0.0,0.0,0.0,0.0,0.0,202.0,246.0,0.0,0.0,0.0,0.0,0.0,0.0,0.0,0.0,0.0
Rovida Advisors Inc.,0.0,0.0,0.0,0.0,0.0,0.0,0.0,59824.0,0.0,0.0,0.0,0.0,0.0,0.0,0.0,0.0,0.0,0.0,0.0,0.0
Roxbury Financial LLC,0.0,0.0,0.0,0.0,0.0,0.0,0.0,0.0,0.0,0.0,0.0,0.0,0.0,0.0,0.0,0.0,0.0,0.0,0.0,350.0
Royal Bank of Canada,0.0,0.0,0.0,0.0,0.0,0.0,0.0,0.0,0.0,0.0,0.0,250000.0,0.0,1000.0,2521000.0,17540000.0,57900000.0,232272000.0,101980000.0,13905000.0
"Royal Fund Management, LLC",0.0,0.0,0.0,0.0,1586.0,2097.0,2973.0,3596.0,2485.0,2365.0,3534.0,3775963.0,5609367.0,6942763.0,6715158.0,3517723.0,4972917.0,4439466.0,8412602.0,3566099.0
"Russell Investments Group, Ltd.",0.0,0.0,0.0,0.0,4997.0,6293.0,6247.0,5276.0,1841.0,3074.0,1718.0,1898460.0,1834199.0,1768950.0,1103763.0,1437775.0,1184851.0,32421.0,14702.0,0.0
"SAGESPRING WEALTH PARTNERS, LLC",0.0,0.0,0.0,0.0,0.0,0.0,0.0,0.0,0.0,0.0,0.0,0.0,0.0,0.0,0.0,0.0,0.0,0.0,0.0,416596.0
SALEM INVESTMENT COUNSELORS INC,0.0,0.0,0.0,4.0,2.0,2.0,5.0,57.0,4.0,3.0,1.0,718.0,2469.0,22526.0,19555.0,995.0,12928.0,11348.0,17344.0,23008.0
"SALESFORCE.COM, INC",0.0,0.0,522917.0,586250.0,1142975.0,0.0,0.0,0.0,0.0,0.0,0.0,0.0,0.0,0.0,0.0,0.0,0.0,0.0,0.0,0.0
"SALESFORCE.COM, INC.",0.0,0.0,0.0,0.0,0.0,503750.0,31503.0,35287.0,0.0,0.0,0.0,0.0,0.0,0.0,0.0,0.0,0.0,0.0,0.0,0.0
"SAMLYN CAPITAL, LLC",0.0,0.0,303.0,0.0,0.0,0.0,0.0,0.0,0.0,0.0,0.0,0.0,0.0,0.0,0.0,0.0,0.0,0.0,0.0,0.0
SAN FRANCISCO SENTRY INVESTMENT GROUP (CA),0.0,0.0,0.0,2.0,0.0,0.0,0.0,0.0,0.0,0.0,0.0,0.0,0.0,0.0,0.0,0.0,0.0,0.0,0.0,0.0
SANDERS MORRIS HARRIS LLC,0.0,0.0,2579.0,2849.0,0.0,0.0,0.0,0.0,0.0,0.0,0.0,0.0,0.0,0.0,2854424.0,0.0,0.0,709223.0,804020.0,1239760.0
"SANDS CAPITAL MANAGEMENT, LLC",0.0,0.0,985364.0,1188151.0,1427766.0,899418.0,1379467.0,1463459.0,1229790.0,795697.0,911680.0,743276.0,793751231.0,874804147.0,738251248.0,1083237794.0,830776712.0,511365768.0,347777243.0,450512947.0
SAPIENT CAPITAL LLC,0.0,0.0,0.0,0.0,0.0,0.0,0.0,0.0,0.0,0.0,0.0,0.0,0.0,0.0,0.0,1194398.0,455066.0,379333.0,267279.0,0.0
"SAPPHIRE VENTURES, L.L.C.",0.0,0.0,1255.0,1407.0,1146.0,0.0,0.0,0.0,0.0,0.0,0.0,0.0,0.0,0.0,0.0,0.0,0.0,0.0,0.0,0.0
"SCGE MANAGEMENT, L.P.",0.0,0.0,181225.0,203174.0,165543.0,174583.0,218358.0,244582.0,165435.0,100403.0,122713.0,103637602.0,0.0,0.0,0.0,0.0,0.0,0.0,0.0,0.0
"SCHF (GPE), LLC",0.0,0.0,0.0,0.0,0.0,1179.0,0.0,0.0,0.0,0.0,0.0,0.0,0.0,0.0,0.0,0.0,0.0,0.0,0.0,0.0
SCHRODER INVESTMENT MANAGEMENT GROUP,0.0,0.0,0.0,0.0,0.0,220.0,963.0,2243.0,3278.0,2499.0,5315.0,3045057.0,3498988.0,13766564.0,14073783.0,33843134.0,27173848.0,24282157.0,27817829.0,80271274.0
SCHRODERS IS Ltd,0.0,0.0,0.0,0.0,0.0,0.0,0.0,0.0,147.0,56.0,0.0,0.0,0.0,0.0,0.0,0.0,0.0,0.0,0.0,0.0
SECURITY BENEFIT LIFE INSURANCE CO /KS/,0.0,0.0,126.0,0.0,0.0,1989.0,8659.0,17142.0,12318.0,12151.0,50463.0,14206154.0,19222220.0,0.0,0.0,0.0,0.0,0.0,0.0,0.0
SECURITY NATIONAL TRUST CO,0.0,0.0,0.0,0.0,138.0,151.0,151.0,0.0,0.0,0.0,0.0,0.0,0.0,0.0,0.0,0.0,0.0,0.0,0.0,0.0
SEI INVESTMENTS CO,0.0,0.0,8134.0,8580.0,34142.0,19966.0,42481.0,35818.0,26554.0,18655.0,28408.0,28345312.0,30283056.0,34675539.0,68643094.0,83416267.0,34472651.0,18989196.0,15170352.0,62662463.0
SENTINEL TRUST CO LBA,0.0,0.0,0.0,0.0,0.0,0.0,259.0,740.0,346.0,215.0,257.0,217.0,233.0,266.0,231.0,334.0,271.0,227.0,212.0,283.0
"SEVEN EIGHT CAPITAL, LP",0.0,0.0,0.0,0.0,0.0,0.0,0.0,801.0,0.0,0.0,0.0,0.0,3035501.0,0.0,5173403.0,0.0,4904237.0,0.0,4147709.0,0.0
"SEVEN GRAND MANAGERS, LLC",0.0,0.0,0.0,0.0,0.0,0.0,0.0,0.0,5728.0,0.0,0.0,0.0,0.0,0.0,0.0,4975000.0,4040000.0,0.0,0.0,0.0
"SG Americas Securities, LLC",0.0,0.0,2093.0,2006.0,3623.0,113516.0,7790.0,734.0,5132.0,9047.0,3236.0,842.0,1330.0,917.0,562.0,1301.0,12157.0,17992.0,87605.0,5037.0
"SG3 Management, LLC",0.0,0.0,778.0,23919.0,61241.0,12695.0,0.0,0.0,3047.0,0.0,0.0,0.0,0.0,0.0,0.0,0.0,0.0,0.0,0.0,0.0
"SHARIAPORTFOLIO, INC.",0.0,0.0,0.0,0.0,0.0,0.0,0.0,0.0,0.0,0.0,0.0,0.0,0.0,0.0,1715.0,588.0,335482.0,248160.0,0.0,0.0
SHEETS SMITH WEALTH MANAGEMENT,0.0,0.0,0.0,1258.0,1229.0,1300.0,1626.0,1822.0,1236.0,297.0,373.0,306889.0,678258.0,366214.0,315012.0,411731.0,0.0,0.0,0.0,0.0
SHELL ASSET MANAGEMENT CO,0.0,0.0,0.0,162.0,132.0,108.0,880.0,2607.0,1785.0,1228.0,1277.0,947.0,1037.0,993.0,833.0,884.0,732.0,0.0,269.0,340.0
SHERBROOKE PARK ADVISERS LLC,0.0,0.0,0.0,0.0,0.0,0.0,0.0,0.0,0.0,0.0,0.0,0.0,231435.0,0.0,531487.0,0.0,1098072.0,333537.0,394659.0,0.0
"SIERRA OCEAN, LLC",0.0,0.0,0.0,0.0,0.0,0.0,0.0,0.0,0.0,0.0,0.0,0.0,0.0,0.0,0.0,0.0,0.0,0.0,0.0,5096.0
SIERRA SUMMIT ADVISORS LLC,0.0,0.0,0.0,0.0,0.0,0.0,0.0,0.0,0.0,0.0,0.0,0.0,0.0,0.0,0.0,4037710.0,7348437.0,0.0,0.0,0.0
"SIG BROKERAGE, LP",0.0,0.0,0.0,0.0,0.0,0.0,0.0,0.0,0.0,0.0,0.0,0.0,0.0,0.0,0.0,0.0,0.0,0.0,0.0,2619720.0
SIGMA INVESTMENT COUNSELORS INC,0.0,0.0,0.0,0.0,2068.0,2241.0,2870.0,3144.0,2226.0,1991.0,2399.0,1817073.0,1946369.0,2450874.0,1822699.0,2505609.0,283608.0,0.0,0.0,0.0
"SIGNATUREFD, LLC",0.0,0.0,51.0,87.0,91.0,101.0,147.0,340.0,254.0,324.0,765.0,426314.0,282196.0,398419.0,343580.0,570135.0,523422.0,258454.0,248262.0,373048.0
"SILVER OAK SECURITIES, Inc",0.0,0.0,0.0,0.0,0.0,0.0,0.0,0.0,0.0,0.0,0.0,0.0,0.0,0.0,0.0,0.0,0.0,1486.0,0.0,0.0
SILVERCREST ASSET MANAGEMENT GROUP LLC,0.0,0.0,0.0,0.0,0.0,0.0,0.0,0.0,0.0,0.0,0.0,0.0,0.0,0.0,0.0,322181.0,1307021.0,676395.0,0.0,259254.0
"SIMON QUICK ADVISORS, LLC",0.0,0.0,0.0,0.0,0.0,0.0,0.0,0.0,0.0,0.0,0.0,0.0,0.0,0.0,0.0,0.0,0.0,300981.0,0.0,0.0
"SIMPLEX TRADING, LLC",0.0,0.0,42122.0,0.0,188077.0,161388.0,166463.0,387631.0,207316.0,132828.0,195300.0,199647.0,315035.0,314903.0,276833.0,327155.0,279831.0,295453.0,204831.0,235499.0
"SITTNER & NELSON, LLC",0.0,0.0,0.0,609.0,509.0,561.0,702.0,786.0,589.0,365.0,438.0,347797.0,373845.0,455612.0,388647.0,516206.0,459590.0,420670.0,361809.0,481759.0
SJS Investment Consulting Inc.,0.0,0.0,0.0,0.0,0.0,0.0,0.0,1.0,22.0,0.0,16.0,13349.0,14349.0,16367.0,14208.0,0.0,647.0,541.0,460.0,618.0
"SOA Wealth Advisors, LLC.",0.0,0.0,0.0,12.0,9.0,36.0,12.0,13.0,9.0,22.0,30.0,6890.0,7406.0,8447.0,7333.0,19104.0,50581.0,42283.0,11026.0,14824.0
SOMA EQUITY PARTNERS LP,0.0,0.0,0.0,0.0,0.0,0.0,0.0,0.0,0.0,27812.0,0.0,0.0,0.0,0.0,61108000.0,0.0,0.0,0.0,0.0,0.0
SORA INVESTORS LLC,0.0,0.0,0.0,0.0,0.0,0.0,0.0,0.0,0.0,0.0,0.0,0.0,0.0,0.0,0.0,0.0,7272000.0,0.0,0.0,0.0
SOROS CAPITAL MANAGEMENT LLC,0.0,0.0,0.0,0.0,0.0,0.0,14114.0,0.0,0.0,0.0,0.0,0.0,0.0,0.0,0.0,0.0,0.0,0.0,0.0,0.0
SOROS FUND MANAGEMENT LLC,0.0,0.0,0.0,0.0,1146.0,3627.0,7863.0,4404.0,17809.0,14156.0,17471.0,4079550.0,5940165.0,0.0,10968886.0,23641200.0,0.0,3377250.0,412807.0,12924117.0
SP Asset Management LLC,0.0,0.0,0.0,0.0,0.0,0.0,0.0,0.0,0.0,0.0,0.0,2541663.0,2732013.0,3116078.0,2706473.0,3545384.0,2877934.0,2392309.0,2034056.0,2734447.0
SPX Gestao de Recursos Ltda,0.0,0.0,0.0,0.0,0.0,0.0,0.0,0.0,0.0,0.0,0.0,0.0,0.0,0.0,0.0,0.0,0.0,0.0,0.0,3088200.0
SQN Investors LP,0.0,0.0,0.0,0.0,5732.0,0.0,0.0,12276.0,0.0,0.0,0.0,0.0,0.0,0.0,0.0,0.0,0.0,0.0,0.0,0.0
SQUARE PEG CAPITAL PTY LTD,0.0,0.0,0.0,0.0,0.0,0.0,0.0,0.0,0.0,0.0,0.0,0.0,0.0,0.0,0.0,0.0,0.0,0.0,0.0,11639735.0
"SRS Capital Advisors, Inc.",0.0,0.0,1.0,1.0,0.0,0.0,0.0,0.0,3.0,0.0,0.0,61292.0,0.0,0.0,0.0,0.0,0.0,116853.0,119570.0,278556.0
"SRS Investment Management, LLC",0.0,0.0,35140.0,0.0,0.0,92853.0,120770.0,98051.0,3915.0,0.0,0.0,0.0,0.0,0.0,0.0,0.0,0.0,0.0,0.0,0.0
ST GERMAIN D J CO INC,0.0,0.0,0.0,0.0,0.0,0.0,0.0,0.0,0.0,0.0,0.0,17225.0,0.0,21118.0,0.0,0.0,439229.0,667210.0,305528.0,410731.0
"STANSBERRY ASSET MANAGEMENT, LLC",0.0,0.0,0.0,0.0,0.0,0.0,0.0,0.0,0.0,0.0,0.0,0.0,0.0,4334036.0,2222956.0,2758936.0,2385539.0,753532.0,601867.0,749043.0
STATE BOARD OF ADMINISTRATION OF FLORIDA RETIREMENT SYSTEM,0.0,0.0,0.0,405.0,342.0,24658.0,60698.0,78667.0,53833.0,33004.0,58547.0,49183593.0,52329586.0,57787432.0,53194821.0,64842558.0,52277309.0,43421304.0,35999996.0,48766538.0
STATE OF MICHIGAN RETIREMENT SYSTEM,0.0,0.0,0.0,0.0,0.0,0.0,0.0,1509.0,0.0,0.0,0.0,0.0,0.0,0.0,0.0,0.0,0.0,0.0,0.0,0.0
STATE OF WISCONSIN INVESTMENT BOARD,0.0,0.0,4179.0,5004.0,3854.0,8818.0,38130.0,54905.0,40844.0,24278.0,25752.0,20593397.0,22787707.0,30240755.0,21193018.0,30465905.0,24109427.0,21534292.0,20587162.0,25731346.0
STOCK YARDS BANK & TRUST CO,0.0,0.0,0.0,0.0,0.0,0.0,0.0,0.0,0.0,0.0,0.0,194.0,0.0,0.0,0.0,0.0,0.0,0.0,0.0,0.0
"STONNINGTON GROUP, LLC",0.0,0.0,0.0,0.0,0.0,715.0,3580.0,9720.0,563.0,695.0,2383.0,845572.0,1925596.0,0.0,0.0,0.0,0.0,0.0,0.0,0.0
STRS OHIO,0.0,0.0,125.0,242.0,10827.0,20610.0,17522.0,19671.0,17204.0,9908.0,16313.0,13272.0,43389.0,15543.0,26434.0,16771.0,13685.0,10417060.0,8709604.0,0.0
STUDIO INVESTMENT MANAGEMENT LLC,0.0,0.0,0.0,0.0,0.0,0.0,0.0,0.0,0.0,0.0,0.0,0.0,0.0,0.0,0.0,0.0,0.0,13509.0,0.0,0.0
"SUMITOMO MITSUI FINANCIAL GROUP, INC.",0.0,0.0,0.0,0.0,0.0,0.0,764.0,1973.0,5394.0,6594.0,4391.0,1838268.0,0.0,0.0,0.0,0.0,0.0,0.0,0.0,0.0
"SUMMIT PARTNERS PUBLIC ASSET MANAGEMENT, LLC",0.0,0.0,0.0,0.0,0.0,2418.0,15122.0,0.0,4583.0,5562.0,0.0,0.0,0.0,5279400.0,3819250.0,0.0,0.0,0.0,0.0,135093309.0
SUMMIT SECURITIES GROUP LLC,0.0,0.0,0.0,0.0,0.0,0.0,0.0,0.0,0.0,0.0,0.0,0.0,0.0,0.0,0.0,0.0,0.0,91.0,23.0,1080870.0
"SUSQUEHANNA FUNDAMENTAL INVESTMENTS, LLC",0.0,0.0,0.0,0.0,0.0,0.0,0.0,0.0,0.0,0.0,0.0,0.0,0.0,0.0,0.0,0.0,0.0,0.0,0.0,27048772.0
SVB WEALTH LLC,0.0,0.0,0.0,0.0,0.0,0.0,0.0,0.0,0.0,0.0,104.0,1931905.0,2003147.0,79191.0,65233.0,106664.0,61246.0,21885.0,0.0,12044.0
SWAN Capital LLC,0.0,0.0,0.0,0.0,0.0,0.0,0.0,0.0,0.0,0.0,0.0,0.0,0.0,0.0,0.0,0.0,0.0,27018.0,22972.0,31191.0
SWS Partners,0.0,0.0,0.0,0.0,1880.0,2327.0,2966.0,3406.0,2416.0,1969.0,2421.0,2080.0,2419576.0,8192025.0,2384129.0,3054053.0,2448724.0,2491870.0,2082526.0,3115435.0
SYCOMORE ASSET MANAGEMENT,0.0,0.0,0.0,0.0,0.0,0.0,0.0,0.0,0.0,0.0,0.0,0.0,0.0,0.0,0.0,0.0,0.0,0.0,6294.0,7159.0
SYM FINANCIAL Corp,0.0,0.0,0.0,0.0,0.0,0.0,0.0,0.0,0.0,0.0,0.0,0.0,0.0,0.0,0.0,0.0,0.0,244513.0,0.0,242269.0
SYMMETRY PEAK MANAGEMENT LLC,0.0,0.0,0.0,0.0,0.0,0.0,0.0,0.0,0.0,626.0,1275.0,4719165.0,0.0,0.0,8020425.0,4278500.0,0.0,337725.0,0.0,231615.0
SYMONS CAPITAL MANAGEMENT INC,0.0,0.0,0.0,0.0,3388.0,3533.0,0.0,0.0,0.0,0.0,0.0,0.0,0.0,0.0,0.0,0.0,0.0,0.0,0.0,0.0
SYNOVUS FINANCIAL CORP,0.0,0.0,0.0,0.0,0.0,0.0,0.0,0.0,0.0,0.0,0.0,0.0,0.0,0.0,0.0,478396.0,531179.0,0.0,0.0,0.0
"SYNTAX RESEARCH, INC.",0.0,0.0,0.0,0.0,0.0,0.0,0.0,0.0,0.0,0.0,0.0,0.0,0.0,0.0,0.0,0.0,0.0,0.0,17229.0,0.0
SYON CAPITAL LLC,0.0,0.0,0.0,0.0,0.0,0.0,0.0,0.0,0.0,0.0,0.0,0.0,0.0,0.0,0.0,591030.0,0.0,0.0,0.0,0.0
SYSTM Wealth Solutions LLC,0.0,0.0,0.0,0.0,0.0,0.0,0.0,0.0,0.0,0.0,0.0,0.0,0.0,0.0,0.0,39203.0,31836.0,24047.0,460.0,0.0
"Sachetta, LLC",0.0,0.0,0.0,0.0,0.0,0.0,0.0,0.0,0.0,0.0,0.0,0.0,0.0,0.0,0.0,12935.0,12935.0,8378.0,7466.0,10037.0
"SageView Advisory Group, LLC",0.0,0.0,0.0,0.0,0.0,0.0,0.0,0.0,0.0,0.0,0.0,481577.0,872510.0,921608.0,696479.0,5212350.0,0.0,1058971.0,466332.0,541825.0
"Samalin Investment Counsel, LLC",0.0,0.0,0.0,141544.0,0.0,0.0,0.0,0.0,0.0,0.0,0.0,0.0,0.0,0.0,0.0,0.0,0.0,0.0,0.0,0.0
San Luis Wealth Advisors LLC,0.0,0.0,0.0,0.0,0.0,0.0,0.0,0.0,103.0,0.0,0.0,0.0,0.0,0.0,0.0,0.0,0.0,0.0,0.0,0.0
"Sanctuary Advisors, LLC",0.0,0.0,0.0,0.0,0.0,0.0,0.0,0.0,0.0,0.0,0.0,0.0,0.0,0.0,0.0,0.0,0.0,3923838.0,4240845.0,5175385.0
"Sand Hill Global Advisors, LLC",0.0,0.0,0.0,0.0,0.0,0.0,0.0,0.0,0.0,0.0,0.0,0.0,0.0,0.0,0.0,208552.0,0.0,0.0,0.0,0.0
"Sandbox Financial Partners, LLC",0.0,0.0,0.0,0.0,0.0,0.0,0.0,0.0,8757.0,5316.0,6500.0,5493394.0,5904806.0,6735611.0,5847251.0,7614592.0,6186258.0,5160573.0,7990351.0,10742458.0
"Sands Capital Ventures, LLC",0.0,0.0,0.0,0.0,0.0,0.0,191484.0,72703.0,49176.0,29845.0,36477.0,30938.0,33254895.0,37960294.0,32967613.0,42952757.0,34843384.0,14630787.0,12439797.0,6023071.0
"Sandy Cove Advisors, LLC",0.0,0.0,0.0,0.0,0.0,0.0,0.0,15.0,13.0,0.0,0.0,0.0,0.0,0.0,0.0,0.0,0.0,0.0,0.0,0.0
Sandy Spring Bank,0.0,0.0,5.0,6.0,5.0,46.0,44.0,83.0,57.0,20.0,109.0,92583.0,99518.0,227895.0,595957.0,895102.0,1194386.0,1029927.0,671587.0,698088.0
"Sanibel Captiva Trust Company, Inc.",0.0,0.0,0.0,0.0,0.0,0.0,0.0,0.0,0.0,0.0,0.0,0.0,0.0,0.0,0.0,0.0,2004163.0,2321251.0,1725657.0,840454.0
Sargent Bickham Lagudis LLC,0.0,0.0,0.0,3.0,3.0,121.0,152.0,168.0,0.0,0.0,0.0,0.0,0.0,0.0,0.0,0.0,0.0,0.0,0.0,0.0
"Sargent Investment Group, LLC",0.0,0.0,0.0,0.0,0.0,0.0,0.0,0.0,0.0,0.0,0.0,0.0,0.0,0.0,0.0,0.0,0.0,0.0,0.0,586210.0
Sassicaia Capital Advisers LLC,0.0,0.0,0.0,0.0,0.0,0.0,212.0,0.0,0.0,0.0,0.0,0.0,3949824.0,0.0,0.0,0.0,0.0,0.0,0.0,0.0
"Savant Capital, LLC",0.0,0.0,0.0,0.0,0.0,0.0,0.0,0.0,0.0,0.0,0.0,0.0,0.0,0.0,0.0,0.0,205394.0,0.0,0.0,2936466.0
Savior LLC,0.0,0.0,0.0,1.0,5.0,5.0,0.0,0.0,0.0,0.0,0.0,0.0,0.0,0.0,0.0,0.0,0.0,0.0,0.0,0.0
"Sawtooth Solutions, LLC",0.0,0.0,0.0,0.0,0.0,0.0,0.0,0.0,0.0,0.0,269.0,0.0,0.0,0.0,0.0,0.0,0.0,0.0,0.0,0.0
"Scarborough Advisors, LLC",0.0,0.0,0.0,0.0,0.0,0.0,0.0,0.0,0.0,0.0,0.0,0.0,0.0,0.0,0.0,4975.0,0.0,0.0,0.0,0.0
Schonfeld Strategic Advisors LLC,0.0,0.0,0.0,7216.0,5595.0,1438.0,0.0,20019.0,5133.0,0.0,2808.0,1667504.0,4397265.0,9262409.0,7699608.0,0.0,0.0,10085008.0,1300100.0,7606079.0
Schubert & Co,0.0,0.0,0.0,0.0,0.0,0.0,0.0,0.0,1.0,0.0,0.0,0.0,0.0,0.0,0.0,0.0,0.0,0.0,0.0,0.0
"Schusterman Interests, LLC",0.0,0.0,0.0,0.0,0.0,0.0,0.0,2619.0,3245.0,1970.0,0.0,0.0,0.0,598332.0,519418.0,676600.0,549440.0,459306.0,0.0,0.0
Sciencast Management LP,0.0,0.0,0.0,0.0,0.0,966.0,1151.0,0.0,0.0,0.0,0.0,0.0,0.0,664145.0,0.0,590831.0,295728.0,2249249.0,669864.0,0.0
Scientech Research LLC,0.0,0.0,0.0,0.0,0.0,0.0,0.0,0.0,0.0,0.0,0.0,0.0,0.0,0.0,0.0,0.0,0.0,0.0,0.0,559891.0
Sculptor Capital LP,0.0,0.0,61853.0,56280.0,0.0,0.0,0.0,0.0,0.0,0.0,3173.0,0.0,0.0,0.0,0.0,0.0,0.0,0.0,0.0,0.0
"SeaCrest Wealth Management, LLC",0.0,0.0,0.0,0.0,2458.0,2101.0,2656.0,3550.0,2134.0,1303.0,1647.0,1202148.0,1292487.0,1514484.0,1311225.0,1609600.0,1454077.0,1209866.0,1026963.0,1480329.0
"Seaport Global Advisors, LLC",0.0,0.0,0.0,0.0,0.0,0.0,0.0,0.0,96.0,188.0,288.0,170669.0,209526.0,229654.0,173852.0,0.0,0.0,0.0,0.0,0.0
"Segment Wealth Management, LLC",0.0,0.0,0.0,0.0,0.0,0.0,0.0,0.0,0.0,0.0,0.0,0.0,0.0,0.0,788752.0,758787.0,0.0,0.0,0.0,0.0
Senator Investment Group LP,0.0,0.0,16064.0,0.0,0.0,0.0,0.0,0.0,0.0,0.0,0.0,0.0,0.0,0.0,0.0,0.0,0.0,0.0,0.0,0.0
"Sender Co & Partners, Inc.",0.0,0.0,0.0,0.0,0.0,0.0,0.0,3725.0,2118.0,0.0,0.0,1938651.0,1247435.0,0.0,0.0,0.0,975256.0,573052.0,978837.0,0.0
"Sepio Capital, LP",0.0,0.0,311.0,971.0,1549.0,1496.0,1015.0,1245.0,1036.0,2708.0,1332.0,1218080.0,1053029.0,1203879.0,1165788.0,1132708.0,832240.0,685000.0,576712.0,774247.0
"Sequoia Financial Advisors, LLC",0.0,0.0,0.0,0.0,269.0,0.0,0.0,636.0,0.0,0.0,0.0,0.0,0.0,494559.0,230119.0,926942.0,635562.0,551303.0,680776.0,527619.0
"SevenBridge Financial Group, LLC",0.0,0.0,0.0,0.0,0.0,0.0,473.0,506.0,290.0,0.0,225.0,0.0,210914.0,491160.0,456935.0,507450.0,367233.0,260067.0,285903.0,401975.0
Shaolin Capital Management LLC,0.0,0.0,0.0,0.0,0.0,0.0,0.0,0.0,0.0,0.0,0.0,0.0,0.0,0.0,0.0,0.0,0.0,0.0,689160.0,0.0
ShawSpring Partners LLC,0.0,0.0,0.0,0.0,0.0,0.0,0.0,0.0,0.0,34765.0,46698.0,46231650.0,38514796.0,0.0,0.0,0.0,0.0,0.0,0.0,0.0
Shay Capital LLC,0.0,0.0,0.0,0.0,11327.0,943.0,467.0,537.0,0.0,0.0,0.0,0.0,432012.0,0.0,235266.0,1492500.0,10394758.0,17359065.0,28588654.0,13996494.0
"Sheaff Brock Investment Advisors, LLC",0.0,0.0,0.0,0.0,0.0,217.0,297.0,356.0,217.0,0.0,0.0,204257.0,234984.0,268018.0,239391.0,282978.0,222847.0,0.0,0.0,218182.0
"Shellback Capital, LP",0.0,0.0,0.0,0.0,0.0,0.0,0.0,0.0,0.0,0.0,0.0,0.0,0.0,4288457.0,0.0,40297500.0,17776000.0,0.0,0.0,0.0
"ShoreHaven Wealth Partners, LLC",0.0,0.0,0.0,4.0,3.0,0.0,0.0,0.0,0.0,0.0,0.0,0.0,0.0,0.0,0.0,0.0,0.0,0.0,0.0,0.0
Sicart Associates LLC,0.0,0.0,0.0,0.0,0.0,0.0,0.0,0.0,0.0,0.0,0.0,0.0,0.0,0.0,0.0,200194.0,0.0,0.0,0.0,0.0
Siemens Fonds Invest GmbH,0.0,0.0,0.0,0.0,0.0,0.0,277.0,777.0,522.0,317.0,388.0,320955.0,344992.0,410124.0,680438.0,1754782.0,1439210.0,1235938.0,1265413.0,4689400.0
Sigma Planning Corp,0.0,0.0,0.0,0.0,260.0,380.0,488.0,713.0,341.0,298.0,218.0,0.0,0.0,230006.0,232210.0,0.0,1058318.0,608445.0,400517.0,307585.0
Silicon Valley Capital Partners,0.0,0.0,0.0,256.0,0.0,0.0,0.0,0.0,0.0,0.0,0.0,1711.0,1839.0,2098.0,1821.0,2372.0,149.0,0.0,0.0,154410.0
Silicon Valley Community Foundation,0.0,0.0,0.0,0.0,0.0,0.0,0.0,0.0,1370656.0,32597333.0,56198124.0,0.0,0.0,0.0,0.0,0.0,0.0,0.0,0.0,0.0
"Silver Lake Group, L.L.C.",0.0,0.0,5020.0,0.0,0.0,0.0,0.0,9624.0,2170.0,1317.0,1610.0,1359467.0,1461281.0,1666707.0,2893770.0,1884729.0,1530514.0,1279437.0,1087839.0,1462417.0
"Simplicity Solutions, LLC",0.0,0.0,0.0,0.0,0.0,0.0,0.0,0.0,0.0,0.0,0.0,313635.0,1946662.0,1756015.0,1255464.0,1536877.0,0.0,0.0,0.0,0.0
"Simplicity Wealth,LLC",0.0,0.0,0.0,0.0,0.0,0.0,0.0,0.0,0.0,0.0,0.0,0.0,0.0,0.0,0.0,0.0,1128453.0,268694.0,0.0,0.0
Simplify Asset Management Inc.,0.0,0.0,0.0,257.0,293.0,208.0,378.0,717.0,587.0,0.0,0.0,0.0,383102.0,0.0,0.0,0.0,0.0,0.0,0.0,0.0
"Sivia Capital Partners, LLC",0.0,0.0,0.0,0.0,0.0,0.0,0.0,0.0,0.0,0.0,0.0,0.0,0.0,0.0,0.0,17002162.0,6902906.0,2609398.0,1772060.0,1188339.0
"SkyOak Wealth, LLC",0.0,0.0,0.0,0.0,0.0,0.0,435.0,288.0,0.0,0.0,0.0,0.0,0.0,0.0,596567.0,578095.0,526008.0,574808.0,592103.0,0.0
"SlateStone Wealth, LLC",0.0,0.0,866.0,231.0,404.0,498.0,1394.0,1656.0,0.0,0.0,0.0,0.0,0.0,0.0,0.0,0.0,0.0,0.0,0.0,0.0
"Slow Capital, Inc.",0.0,0.0,0.0,0.0,0.0,0.0,0.0,0.0,0.0,0.0,2518.0,3039029.0,3265085.0,3616038.0,3261029.0,4155518.0,4039192.0,4240070.0,3787968.0,5119618.0
Smartleaf Asset Management LLC,0.0,0.0,0.0,0.0,0.0,0.0,0.0,0.0,0.0,0.0,0.0,0.0,0.0,0.0,0.0,12474.0,26685.0,61334.0,54909.0,137458.0
"Smith Group Asset Management, LLC",0.0,0.0,0.0,0.0,0.0,0.0,0.0,0.0,0.0,0.0,0.0,0.0,0.0,0.0,0.0,0.0,0.0,0.0,0.0,773594.0
Smithfield Trust Co,0.0,0.0,0.0,0.0,0.0,0.0,0.0,0.0,0.0,84.0,102.0,86.0,93.0,105.0,92.0,120.0,100.0,0.0,0.0,0.0
Snowden Capital Advisors LLC,0.0,0.0,0.0,0.0,0.0,0.0,246178.0,137.0,323.0,214.0,258.0,235262.0,377393.0,635112.0,422867.0,486953.0,3415093.0,3122065.0,0.0,298011.0
"Solstein Capital, LLC",0.0,0.0,0.0,0.0,136.0,110.0,0.0,0.0,0.0,0.0,0.0,0.0,0.0,0.0,0.0,0.0,0.0,0.0,0.0,0.0
Sonnipe Ltd,0.0,0.0,0.0,0.0,0.0,0.0,0.0,0.0,0.0,0.0,0.0,40909.0,0.0,0.0,0.0,0.0,0.0,0.0,0.0,0.0
"Sound Income Strategies, LLC",0.0,0.0,1.0,1.0,24074.0,1.0,2.0,2.0,1.0,1.0,1.0,861.0,771.0,880.0,764.0,995.0,5171.0,4323.0,3676.0,4941.0
South Shore Capital Advisors,0.0,0.0,0.0,0.0,487.0,359.0,496.0,0.0,0.0,0.0,0.0,0.0,0.0,0.0,0.0,0.0,0.0,0.0,0.0,0.0
"Sovereign Financial Group, Inc.",0.0,0.0,0.0,0.0,0.0,0.0,0.0,0.0,0.0,0.0,0.0,0.0,0.0,233525.0,0.0,0.0,269064.0,0.0,0.0,0.0
Sowell Financial Services LLC,0.0,0.0,25.0,44.0,50.0,0.0,0.0,0.0,0.0,0.0,0.0,0.0,0.0,0.0,0.0,0.0,0.0,0.0,0.0,0.0
"Spider Management Company, LLC",0.0,0.0,0.0,0.0,0.0,0.0,0.0,0.0,0.0,0.0,0.0,0.0,0.0,0.0,0.0,0.0,0.0,0.0,1238650.0,0.0
"SpiderRock Advisors, LLC",0.0,0.0,0.0,0.0,27503.0,27503.0,28529.0,29839.0,7500.0,1634.0,1634.0,1634.0,0.0,0.0,0.0,0.0,13827339.0,12192412.0,12462826.0,0.0
"Spinnaker Investment Group, LLC",0.0,0.0,0.0,0.0,0.0,0.0,0.0,600.0,489.0,269.0,298.0,233396.0,250876.0,288783.0,220905.0,287754.0,233674.0,0.0,0.0,226365.0
Spire Wealth Management,0.0,0.0,0.0,0.0,503.0,330.0,910.0,1390.0,631.0,369.0,268.0,166.0,147571.0,168098.0,205592.0,995487.0,417859.0,238671.0,134014.0,131712.0
"Spotlight Asset Group, Inc.",0.0,0.0,0.0,0.0,0.0,0.0,0.0,0.0,0.0,0.0,0.0,0.0,0.0,52794.0,129855.0,129855.0,202000.0,290444.0,0.0,0.0
"Spouting Rock Asset Management, LLC",0.0,0.0,0.0,505.0,0.0,0.0,0.0,0.0,0.0,0.0,281.0,0.0,0.0,756890.0,0.0,0.0,0.0,0.0,0.0,0.0
"Spurstone Advisory Services, LLC",0.0,0.0,0.0,0.0,0.0,0.0,0.0,0.0,0.0,0.0,0.0,0.0,0.0,0.0,0.0,0.0,0.0,0.0,0.0,30882.0
Spyglass Capital Management LLC,0.0,0.0,0.0,0.0,0.0,0.0,0.0,0.0,0.0,0.0,0.0,0.0,0.0,0.0,0.0,51429361.0,58989494.0,59606031.0,62925821.0,89099820.0
"Stablepoint Partners, LLC",0.0,0.0,0.0,0.0,0.0,0.0,0.0,0.0,0.0,0.0,0.0,0.0,0.0,0.0,0.0,575110.0,645430.0,665342.0,697889.0,984673.0
"Stamos Capital Partners, L.P.",0.0,0.0,0.0,0.0,0.0,0.0,0.0,0.0,0.0,0.0,755.0,506696.0,0.0,1789717.0,1627001.0,505460.0,1247552.0,1053702.0,1503517.0,1241456.0
Standard Family Office LLC,0.0,0.0,0.0,192.0,338.0,356.0,0.0,0.0,0.0,0.0,6.0,0.0,0.0,0.0,0.0,0.0,0.0,0.0,0.0,0.0
"Stanley-Laman Group, Ltd.",0.0,0.0,0.0,0.0,0.0,0.0,0.0,0.0,9578.0,5488.0,0.0,0.0,5816424.0,6541881.0,5587410.0,0.0,0.0,0.0,7165311.0,8875641.0
"State of Alaska, Department of Revenue",0.0,0.0,0.0,0.0,0.0,0.0,1640.0,1587.0,996.0,0.0,0.0,0.0,0.0,0.0,0.0,0.0,0.0,0.0,0.0,0.0
State of New Jersey Common Pension Fund D,0.0,0.0,0.0,2814.0,3490.0,3856.0,34441.0,41959.0,28603.0,17831.0,22369.0,19114791.0,20670694.0,27246104.0,22839726.0,31937709.0,25935346.0,15001204.0,12754744.0,17146613.0
State of Wyoming,0.0,0.0,0.0,0.0,92.0,470.0,166.0,82.0,69.0,51.0,0.0,0.0,0.0,0.0,0.0,0.0,60115.0,61196.0,0.0,0.0
Steadview Capital Management LLC,0.0,0.0,0.0,16161.0,0.0,40598.0,50778.0,65979.0,47893.0,37521.0,45859.0,38730106.0,40512080.0,46207245.0,20580563.0,0.0,0.0,0.0,0.0,0.0
Steel Peak Wealth Management LLC,0.0,0.0,0.0,0.0,233.0,519.0,287.0,440.0,0.0,450.0,510.0,430620.0,462870.0,0.0,0.0,0.0,0.0,0.0,0.0,0.0
"SteelPeak Wealth, LLC",0.0,0.0,0.0,0.0,0.0,0.0,0.0,0.0,0.0,0.0,0.0,0.0,0.0,0.0,0.0,0.0,0.0,0.0,0.0,397452.0
"Stephens Consulting, LLC",0.0,0.0,0.0,0.0,0.0,0.0,0.0,14905.0,6187.0,3755.0,4589.0,3876.0,4166.0,4752.0,4125.0,5373.0,4364.0,3648.0,3102.0,312990.0
Sterling Capital Management LLC,0.0,0.0,0.0,0.0,0.0,0.0,0.0,0.0,0.0,0.0,0.0,0.0,0.0,0.0,0.0,0.0,0.0,0.0,1429203.0,2071719.0
"Sterling Financial Planning, Inc.",0.0,0.0,0.0,10.0,8.0,8.0,11.0,0.0,0.0,0.0,0.0,0.0,0.0,0.0,0.0,0.0,0.0,0.0,0.0,0.0
"Sterling Investment Advisors, Ltd.",0.0,0.0,23.0,25.0,21.0,22.0,27.0,30.0,21.0,13.0,0.0,0.0,0.0,0.0,0.0,0.0,0.0,0.0,0.0,0.0
"Sterling Manor Financial, LLC",0.0,0.0,0.0,0.0,0.0,0.0,396.0,0.0,0.0,0.0,0.0,0.0,0.0,0.0,0.0,0.0,0.0,0.0,0.0,0.0
Steward Financial Group LLC,0.0,0.0,0.0,0.0,0.0,0.0,0.0,0.0,0.0,0.0,0.0,0.0,0.0,0.0,0.0,0.0,0.0,0.0,0.0,0.0
"Steward Partners Investment Advisory, LLC",0.0,0.0,164.0,356.0,574118.0,539.0,3878.0,4715.0,551.0,296.0,288.0,557653.0,809097.0,908761.0,921356.0,1285938.0,889123.0,579266.0,506303.0,792278.0
Stiles Financial Services Inc,0.0,0.0,0.0,0.0,0.0,0.0,0.0,769.0,524.0,318.0,375.0,286649.0,264916.0,302158.0,0.0,0.0,0.0,0.0,0.0,0.0
"Stone House Investment Management, LLC",0.0,0.0,0.0,0.0,0.0,0.0,0.0,0.0,0.0,0.0,0.0,0.0,3240.0,3696.0,3208.0,4179.0,3394.0,0.0,0.0,0.0
"StoneCrest Wealth Management, Inc.",0.0,0.0,0.0,0.0,0.0,0.0,0.0,0.0,0.0,0.0,0.0,0.0,0.0,0.0,0.0,461481.0,336451.0,0.0,0.0,0.0
Stonebridge Capital Advisors LLC,0.0,0.0,0.0,0.0,0.0,0.0,642.0,750.0,1395.0,439.0,556.0,484448.0,527363.0,238101.0,208531.0,264272.0,0.0,0.0,0.0,0.0
"Stonebridge Financial Group, LLC",0.0,0.0,0.0,0.0,0.0,0.0,0.0,0.0,0.0,0.0,0.0,0.0,0.0,0.0,0.0,0.0,0.0,0.0,0.0,28566.0
"Stonebridge Financial Planning Group, LLC",0.0,0.0,0.0,0.0,23.0,27.0,35.0,25.0,0.0,0.0,0.0,0.0,0.0,0.0,0.0,0.0,0.0,0.0,0.0,0.0
"Stonegate Investment Group, LLC",0.0,0.0,0.0,0.0,0.0,0.0,0.0,0.0,0.0,0.0,215.0,1215927.0,1418079.0,0.0,0.0,0.0,0.0,0.0,0.0,0.0
Stony Point Capital LLC,0.0,0.0,1054.0,1182.0,9034.0,10102.0,13008.0,22283.0,17982.0,11609.0,8272.0,7537429.0,7788096.0,9057515.0,0.0,0.0,0.0,0.0,0.0,0.0
Strategic Advisors LLC,0.0,0.0,0.0,0.0,0.0,0.0,1514.0,5952.0,1991.0,1209.0,1511.0,1287841.0,1393547.0,1571149.0,1368819.0,1817467.0,1478640.0,0.0,0.0,0.0
Strategic Advocates LLC,0.0,0.0,0.0,0.0,0.0,0.0,0.0,0.0,0.0,0.0,0.0,0.0,0.0,0.0,768433.0,3118728.0,0.0,0.0,0.0,0.0
"Strategic Asset Management, LLC",0.0,0.0,0.0,0.0,0.0,0.0,0.0,11.0,4.0,4.0,5.0,0.0,0.0,0.0,0.0,0.0,0.0,0.0,0.0,0.0
"Strategic Investment Solutions, Inc. /IL",0.0,0.0,0.0,0.0,0.0,0.0,0.0,0.0,0.0,0.0,0.0,0.0,6480.0,167.0,10260.0,86366.0,0.0,6519.0,5858.0,92051.0
Strategic Vision Investment Ltd,0.0,0.0,0.0,0.0,0.0,411.0,0.0,0.0,0.0,0.0,0.0,0.0,1830497.0,0.0,0.0,3893236.0,0.0,0.0,0.0,0.0
"Strategic Wealth Investment Group, LLC",0.0,0.0,0.0,0.0,0.0,0.0,0.0,0.0,0.0,0.0,0.0,0.0,0.0,0.0,0.0,0.0,0.0,817929.0,650798.0,0.0
"Stratos Wealth Advisors, LLC",0.0,0.0,0.0,0.0,0.0,546.0,474.0,212.0,0.0,0.0,0.0,0.0,0.0,0.0,398424.0,604562.0,817300.0,629594.0,908376.0,1069374.0
"Stratos Wealth Partners, LTD.",0.0,0.0,0.0,0.0,249.0,352.0,515.0,586.0,532.0,287.0,237.0,269568.0,271396.0,353544.0,736046.0,1104649.0,768570.0,865792.0,693640.0,923372.0
"Strengthening Families & Communities, LLC",0.0,0.0,0.0,0.0,0.0,0.0,0.0,0.0,0.0,0.0,0.0,0.0,0.0,0.0,0.0,0.0,0.0,23.0,115.0,0.0
"StrongBox Wealth, LLC",0.0,0.0,0.0,0.0,213.0,0.0,0.0,0.0,0.0,0.0,0.0,0.0,0.0,0.0,0.0,0.0,0.0,0.0,0.0,0.0
Sturgeon Ventures LLP,0.0,0.0,0.0,0.0,0.0,0.0,2458.0,3697.0,2607.0,1515.0,1133.0,1890996.0,0.0,0.0,0.0,0.0,0.0,0.0,0.0,0.0
"Sugarloaf Wealth Management, LLC",0.0,0.0,0.0,0.0,0.0,0.0,0.0,0.0,0.0,1.0,2.0,1435.0,1543.0,1760.0,1528.0,1990.0,3232.0,2702.0,2297.0,3088.0
"Sumitomo Mitsui DS Asset Management Company, Ltd",0.0,0.0,405.0,450.0,370.0,1141.0,4095.0,5217.0,3999.0,2922.0,3246.0,3101756.0,3507166.0,4665582.0,4624501.0,6337752.0,6699290.0,7322824.0,6376568.0,8080121.0
Summit Global Investments,0.0,0.0,0.0,0.0,0.0,0.0,0.0,0.0,0.0,0.0,0.0,0.0,0.0,0.0,0.0,0.0,0.0,1470.0,0.0,0.0
"Summit Trail Advisors, LLC",0.0,0.0,0.0,16920.0,58287.0,52671.0,24604.0,16254.0,9923.0,6050.0,7413.0,5022895.0,5404624.0,6350062.0,5531038.0,5824332.0,5674584.0,5310523.0,2746877.0,0.0
"Sunbelt Securities, Inc.",0.0,0.0,0.0,379.0,418.0,457.0,457.0,0.0,0.0,0.0,0.0,0.0,111983.0,138672.0,312567.0,402179.0,594203.0,728540.0,635750.0,859619.0
"Surevest, LLC",0.0,0.0,0.0,0.0,0.0,0.0,0.0,0.0,0.0,0.0,109.0,0.0,0.0,0.0,0.0,0.0,0.0,0.0,0.0,0.0
Sutton Wealth Advisors Inc.,0.0,0.0,0.0,0.0,0.0,0.0,1210.0,3049.0,41014.0,0.0,5099.0,9904.0,1080.0,2112.0,1069.0,0.0,0.0,0.0,0.0,0.0
Swedbank AB,0.0,0.0,0.0,0.0,47920.0,59725.0,86797.0,109683.0,81799.0,112221.0,131209.0,118708.0,108774.0,71272.0,61872.0,90545.0,90.0,78217.0,62828.0,54816.0
Swiss National Bank,0.0,0.0,21335.0,34359.0,23937.0,25002.0,230179.0,271203.0,209035.0,129340.0,163994.0,129903700.0,137163810.0,165262818.0,128112922.0,174383700.0,135469280.0,120297645.0,102719298.0,131603643.0
Symmetry Investments LP,0.0,0.0,0.0,0.0,0.0,0.0,0.0,0.0,0.0,0.0,0.0,0.0,3086.0,0.0,0.0,0.0,0.0,297.0,345.0,0.0
"Symphony Financial, Ltd. Co.",0.0,0.0,0.0,0.0,220.0,0.0,0.0,0.0,0.0,0.0,0.0,0.0,0.0,0.0,0.0,0.0,0.0,0.0,0.0,0.0
"Synergy Financial Group, LTD",0.0,0.0,0.0,0.0,0.0,0.0,0.0,807.0,611.0,406.0,570.0,344640.0,319843.0,441710.0,387272.0,428447.0,372003.0,379333.0,324480.0,544758.0
"TAP Consulting, LLC",0.0,0.0,0.0,0.0,0.0,0.0,0.0,46.0,0.0,0.0,0.0,0.0,0.0,0.0,0.0,0.0,0.0,0.0,0.0,0.0
"TBH Global Asset Management, LLC",0.0,0.0,0.0,0.0,586.0,599.0,711.0,796.0,0.0,0.0,0.0,0.0,0.0,0.0,0.0,0.0,316818.0,575179.0,697980.0,889987.0
"TCG Advisory Services, LLC",0.0,0.0,0.0,0.0,0.0,0.0,0.0,0.0,0.0,0.0,0.0,0.0,0.0,0.0,0.0,0.0,233027.0,0.0,743259.0,0.0
"TCI Wealth Advisors, Inc.",0.0,0.0,0.0,0.0,0.0,0.0,46.0,59.0,16.0,9.0,24.0,20526.0,58476.0,0.0,0.0,0.0,0.0,0.0,0.0,0.0
TCWP LLC,0.0,0.0,0.0,0.0,0.0,0.0,0.0,0.0,30.0,0.0,0.0,0.0,0.0,0.0,0.0,0.0,0.0,0.0,0.0,0.0
TD ASSET MANAGEMENT INC,0.0,0.0,9417.0,7795.0,6157.0,27473.0,38053.0,64942.0,146026.0,102298.0,93325.0,0.0,0.0,0.0,0.0,0.0,0.0,0.0,0.0,12519872.0
TD Asset Management Inc,0.0,0.0,0.0,0.0,0.0,0.0,0.0,0.0,0.0,0.0,0.0,62021481.0,33197808.0,38323693.0,29154627.0,12858584.0,10594173.0,10028947.0,8649034.0,0.0
TEACHER RETIREMENT SYSTEM OF TEXAS,0.0,0.0,1255.0,1674.0,18216.0,800.0,9378.0,22850.0,11764.0,4596.0,12196.0,9938.0,10308.0,13767.0,3086.0,2564.0,1151.0,790.0,232.0,2747.0
TEACHERS RETIREMENT SYSTEM OF THE STATE OF KENTUCKY,0.0,0.0,2635.0,2955.0,4288.0,8295.0,29248.0,30865.0,20882.0,0.0,15489.0,13081.0,14446.0,13397.0,7119.0,8820.0,7131.0,5961.0,5068.0,6813.0
"TELEMUS CAPITAL, LLC",0.0,0.0,0.0,367.0,409.0,0.0,0.0,0.0,0.0,0.0,0.0,0.0,0.0,369734.0,363440.0,534713.0,0.0,0.0,0.0,0.0
TFC Financial Management,0.0,0.0,0.0,0.0,0.0,0.0,0.0,0.0,13.0,8.0,10.0,0.0,0.0,0.0,0.0,0.0,0.0,0.0,0.0,0.0
"TFC Financial Management, Inc.",0.0,0.0,0.0,0.0,0.0,0.0,0.0,0.0,0.0,0.0,0.0,8193.0,8807.0,10045.0,8720.0,11359.0,13252.0,10808.0,9189.0,8493.0
"THOMPSON DAVIS & CO., INC.",0.0,0.0,0.0,0.0,0.0,0.0,0.0,425.0,0.0,0.0,0.0,0.0,0.0,364279.0,293318.0,354220.0,315120.0,0.0,0.0,0.0
THORNBURG INVESTMENT MANAGEMENT INC,0.0,0.0,1255.0,0.0,0.0,0.0,0.0,0.0,0.0,0.0,0.0,0.0,0.0,0.0,0.0,0.0,0.0,0.0,0.0,0.0
"THOROUGHBRED FINANCIAL SERVICES, LLC",0.0,0.0,0.0,0.0,0.0,216.0,286.0,352.0,293.0,0.0,0.0,0.0,0.0,0.0,245.0,312.0,0.0,0.0,0.0,0.0
"THURSTON, SPRINGER, MILLER, HERD & TITAK, INC.",0.0,0.0,0.0,0.0,0.0,0.0,0.0,0.0,0.0,0.0,0.0,0.0,0.0,0.0,0.0,0.0,0.0,40524.0,33308.0,58674.0
"TIAA TRUST, NATIONAL ASSOCIATION",0.0,0.0,0.0,0.0,0.0,0.0,0.0,0.0,0.0,0.0,0.0,0.0,0.0,0.0,0.0,0.0,1361318.0,316921.0,0.0,0.0
"TIEDEMANN ADVISORS, LLC",0.0,0.0,0.0,0.0,0.0,0.0,0.0,0.0,0.0,0.0,0.0,0.0,3329412.0,3795185.0,3394245.0,0.0,0.0,0.0,0.0,0.0
TIGER GLOBAL MANAGEMENT LLC,0.0,0.0,313750.0,493462.0,511673.0,1012962.0,1564094.0,2039502.0,1567655.0,296099.0,442001.0,366738958.0,286030208.0,139826669.0,121384931.0,0.0,0.0,0.0,0.0,0.0
TIGER MANAGEMENT L.L.C.,0.0,0.0,0.0,0.0,0.0,0.0,0.0,1863.0,2016.0,0.0,0.0,0.0,0.0,0.0,0.0,0.0,0.0,0.0,0.0,0.0
"TILIA FIDUCIARY PARTNERS, INC.",0.0,0.0,0.0,0.0,0.0,0.0,0.0,4.0,3.0,2.0,2.0,12635.0,1697.0,1936.0,0.0,0.0,0.0,0.0,0.0,0.0
"TITLEIST ASSET MANAGEMENT, LLC",0.0,0.0,0.0,0.0,0.0,0.0,0.0,0.0,0.0,0.0,0.0,0.0,606977.0,673475.0,574874.0,775503.0,595981.0,505237.0,438765.0,310673.0
"TITLEIST ASSET MANAGEMENT, LTD.",0.0,0.0,0.0,0.0,0.0,0.0,0.0,1175.0,1343.0,1518.0,1503.0,1148176.0,0.0,0.0,0.0,0.0,0.0,0.0,0.0,0.0
TOCQUEVILLE ASSET MANAGEMENT L.P.,0.0,0.0,0.0,0.0,0.0,0.0,0.0,0.0,0.0,0.0,0.0,0.0,0.0,0.0,0.0,0.0,484962.0,476192.0,0.0,0.0
TOKIO MARINE ASSET MANAGEMENT CO LTD,0.0,0.0,0.0,0.0,0.0,0.0,0.0,0.0,0.0,0.0,0.0,0.0,0.0,1015581.0,980478.0,0.0,0.0,0.0,0.0,0.0
"TORNO CAPITAL, LLC",0.0,0.0,0.0,0.0,0.0,0.0,0.0,0.0,0.0,0.0,0.0,0.0,0.0,0.0,0.0,0.0,0.0,3444795.0,0.0,0.0
TORONTO DOMINION BANK,0.0,0.0,1217.0,1712.0,785.0,1654.0,9378.0,69589.0,10335.0,6503.0,10153.0,9592.0,11927.0,27032.0,17752486.0,7516031.0,4529648.0,4050944.0,8543286.0,12546122.0
TOTH FINANCIAL ADVISORY CORP,0.0,0.0,0.0,0.0,2.0,799.0,1019.0,1199.0,2.0,230.0,0.0,0.0,0.0,880.0,0.0,540683.0,0.0,0.0,11486.0,15441.0
TOWER BRIDGE ADVISORS,0.0,0.0,0.0,0.0,0.0,0.0,211701.0,237125.0,0.0,0.0,0.0,0.0,0.0,0.0,0.0,0.0,0.0,0.0,0.0,0.0
TOWNSQUARE CAPITAL LLC,0.0,0.0,0.0,232.0,0.0,0.0,0.0,0.0,0.0,0.0,0.0,27718723.0,702020.0,1307531.0,1790312.0,2189199.0,13622557.0,12330475.0,12791676.0,16676.0
"TRANSCEND CAPITAL ADVISORS, LLC",0.0,0.0,0.0,0.0,0.0,0.0,0.0,0.0,660.0,374.0,447.0,384861.0,404273.0,994500.0,865322.0,543113.0,480999.0,394663.0,0.0,0.0
"TRANSCEND WEALTH COLLECTIVE, LLC",0.0,0.0,0.0,0.0,0.0,1566.0,942.0,813.0,0.0,0.0,0.0,0.0,0.0,0.0,0.0,0.0,0.0,0.0,0.0,0.0
"TRU INDEPENDENCE ASSET MANAGEMENT 2, LLC",0.0,0.0,0.0,0.0,0.0,0.0,436.0,492.0,0.0,0.0,0.0,0.0,0.0,0.0,0.0,0.0,0.0,0.0,0.0,0.0
TRUST CO OF OKLAHOMA,0.0,0.0,0.0,0.0,0.0,0.0,0.0,0.0,0.0,246136.0,305928.0,0.0,208292.0,237573.0,202420.0,263675.0,214282.0,0.0,0.0,0.0
"TRUSTCORE FINANCIAL SERVICES, LLC",0.0,0.0,0.0,0.0,0.0,0.0,0.0,19.0,92.0,97.0,244.0,200238.0,0.0,0.0,0.0,0.0,0.0,0.0,0.0,0.0
"TSFG, LLC",0.0,0.0,80.0,90.0,73.0,222.0,286.0,169.0,70.0,27.0,33.0,28.0,20.0,23.0,20.0,26.0,21.0,11.0,9.0,399.0
TUCKER ASSET MANAGEMENT LLC,0.0,0.0,0.0,563.0,459.0,0.0,0.0,0.0,0.0,0.0,0.0,0.0,1697.0,1936.0,1680.0,2189.0,970.0,270.0,1608.0,926.0
TWIN CAPITAL MANAGEMENT INC,0.0,0.0,0.0,0.0,0.0,0.0,0.0,0.0,0.0,1713.0,2065.0,1646.0,1525774.0,1674626.0,1359500.0,1740255.0,1582710.0,1369542.0,1159397.0,0.0
"TWIN PEAKS WEALTH ADVISORS, LLC",0.0,0.0,0.0,0.0,0.0,0.0,0.0,0.0,0.0,0.0,0.0,0.0,0.0,0.0,0.0,0.0,0.0,0.0,0.0,247982.0
TWINBEECH CAPITAL LP,0.0,0.0,0.0,0.0,0.0,0.0,0.0,12666.0,0.0,0.0,0.0,0.0,0.0,0.0,0.0,0.0,0.0,0.0,44543053.0,3172817.0
"TWO SIGMA ADVISERS, LP",0.0,0.0,0.0,0.0,0.0,0.0,0.0,0.0,0.0,75635.0,22163.0,5052608.0,12497490.0,100554972.0,13642361.0,204631700.0,104215840.0,427087035.0,464401952.0,417648168.0
"TWO SIGMA INVESTMENTS, LP",0.0,0.0,0.0,0.0,0.0,21762.0,31422.0,90545.0,0.0,50440.0,92025.0,19950768.0,7716043.0,73803196.0,1664582.0,241841317.0,82309990.0,261533159.0,255791382.0,218906748.0
"TWO SIGMA SECURITIES, LLC",0.0,0.0,0.0,0.0,0.0,6217.0,8922.0,2947.0,14138.0,20211.0,5082.0,24232423.0,44851640.0,20246323.0,50076173.0,51380606.0,40901122.0,69778173.0,27078704.0,4970303.0
TYBOURNE CAPITAL MANAGEMENT (HK) LTD,0.0,0.0,0.0,58616.0,0.0,0.0,290242.0,348250.0,42068.0,25531.0,19460.0,14497971.0,13149828.0,0.0,0.0,0.0,0.0,0.0,0.0,0.0
Tairen Capital Ltd,0.0,0.0,2510.0,0.0,18501.0,11181.0,4494.0,5177.0,0.0,0.0,3399.0,0.0,3309366.0,66266149.0,77995654.0,80140882.0,26865192.0,0.0,38246542.0,21693061.0
"Talon Private Wealth, LLC",0.0,0.0,0.0,0.0,0.0,0.0,0.0,0.0,0.0,0.0,0.0,0.0,0.0,0.0,0.0,0.0,0.0,0.0,0.0,1189883.0
"Tatro Capital, LLC",0.0,0.0,0.0,0.0,328.0,421.0,0.0,0.0,0.0,0.0,0.0,0.0,0.0,0.0,0.0,0.0,0.0,0.0,0.0,0.0
"Teamwork Financial Advisors, LLC",0.0,0.0,0.0,0.0,0.0,0.0,0.0,0.0,0.0,0.0,0.0,0.0,0.0,0.0,0.0,691724.0,794102.0,940632.0,0.0,0.0
Ted Buchan & Co,0.0,0.0,0.0,0.0,0.0,0.0,0.0,0.0,0.0,0.0,0.0,0.0,0.0,0.0,0.0,0.0,377013.0,0.0,0.0,0.0
"Telemark Asset Management, LLC",0.0,0.0,0.0,0.0,0.0,0.0,0.0,0.0,0.0,13906.0,11897.0,0.0,0.0,0.0,0.0,0.0,0.0,0.0,0.0,0.0
"Telemetry Investments, L.L.C.",0.0,0.0,0.0,0.0,0.0,0.0,0.0,0.0,0.0,209.0,0.0,0.0,0.0,0.0,0.0,0.0,0.0,0.0,0.0,0.0
"Ten Capital Wealth Advisors, LLC",0.0,0.0,0.0,14.0,11.0,0.0,0.0,0.0,0.0,0.0,0.0,0.0,0.0,0.0,0.0,0.0,0.0,0.0,0.0,0.0
Tenere Capital LLC,0.0,0.0,0.0,0.0,0.0,0.0,0.0,0.0,0.0,0.0,0.0,0.0,0.0,4487490.0,0.0,8132931.0,0.0,0.0,0.0,0.0
Tennessee Valley Asset Management Partners,0.0,0.0,0.0,0.0,0.0,0.0,0.0,0.0,0.0,0.0,0.0,0.0,0.0,0.0,0.0,80993.0,0.0,0.0,0.0,0.0
Teza Capital Management LLC,0.0,0.0,0.0,0.0,0.0,0.0,0.0,0.0,0.0,0.0,0.0,0.0,0.0,0.0,0.0,4858585.0,0.0,1258634.0,0.0,0.0
Think Investments LP,0.0,0.0,7028.0,31939.0,22309.0,17579.0,2117.0,2371.0,1604.0,0.0,0.0,0.0,0.0,0.0,0.0,0.0,0.0,0.0,0.0,0.0
"Thrive Wealth Management, LLC",0.0,0.0,0.0,0.0,0.0,0.0,0.0,518.0,352.0,216.0,0.0,0.0,0.0,0.0,0.0,0.0,0.0,0.0,0.0,0.0
Thrivent Financial for Lutherans,0.0,0.0,4480.0,2496.0,2536.0,9691.0,6157.0,5125.0,1580.0,787.0,1231.0,957.0,637.0,1103.0,1048.0,1419.0,371.0,0.0,0.0,0.0
Tidal Investments LLC,0.0,0.0,0.0,0.0,0.0,0.0,0.0,0.0,0.0,0.0,0.0,0.0,0.0,0.0,0.0,3306584.0,3721163.0,1300916.0,1613093.0,5295337.0
"Tidemark, LLC",0.0,0.0,0.0,0.0,0.0,0.0,0.0,0.0,0.0,0.0,0.0,0.0,0.0,0.0,0.0,3383.0,2747.0,3242.0,10338.0,13897.0
"TimeScale Financial, Inc.",0.0,0.0,0.0,0.0,0.0,16.0,20.0,23.0,11.0,7.0,8.0,7988.0,7714.0,8799.0,0.0,0.0,0.0,0.0,0.0,0.0
Titus Wealth Management,0.0,0.0,0.0,0.0,0.0,230.0,298.0,328.0,307.0,233.0,0.0,0.0,0.0,0.0,0.0,0.0,0.0,0.0,0.0,0.0
"Toroso Investments, LLC",0.0,0.0,0.0,0.0,0.0,941.0,1394.0,1770.0,1674.0,1023.0,1117.0,982.0,2138.0,1577.0,1413581.0,0.0,0.0,0.0,0.0,0.0
"Tortoise Investment Management, LLC",0.0,0.0,0.0,0.0,0.0,0.0,0.0,0.0,0.0,0.0,0.0,287.0,309.0,352.0,306.0,834.0,323.0,270.0,230.0,309.0
"Total Clarity Wealth Management, Inc.",0.0,0.0,0.0,0.0,5.0,378.0,488.0,556.0,376.0,21.0,0.0,0.0,0.0,0.0,0.0,0.0,0.0,0.0,0.0,0.0
"Totem Point Management, LLC",0.0,0.0,0.0,0.0,0.0,10916.0,4851.0,9219.0,5219.0,0.0,0.0,0.0,0.0,0.0,0.0,0.0,0.0,0.0,0.0,0.0
TownSquare Capital LLC,0.0,0.0,0.0,0.0,0.0,0.0,57297.0,64204.0,43471.0,26824.0,32942.0,0.0,0.0,0.0,0.0,0.0,0.0,0.0,0.0,0.0
"Tradewinds Capital Management, LLC",0.0,0.0,0.0,0.0,0.0,0.0,8.0,17.0,11.0,19.0,23.0,19378.0,20830.0,23758.0,20624.0,26865.0,21816.0,21615.0,18378.0,24706.0
"Tradition Wealth Management, LLC",0.0,0.0,0.0,127.0,113.0,106.0,1019.0,1538.0,1065.0,294.0,326.0,261.0,304.0,409.0,383.0,569.0,629594.0,518611.0,397990.0,488090.0
"Transamerica Financial Advisors, Inc.",0.0,0.0,0.0,0.0,0.0,0.0,0.0,0.0,0.0,0.0,0.0,2.0,0.0,0.0,0.0,0.0,0.0,0.0,0.0,0.0
"Traynor Capital Management, Inc.",0.0,0.0,5222.0,0.0,0.0,0.0,0.0,0.0,0.0,0.0,714.0,0.0,0.0,0.0,0.0,0.0,228341.0,256097.0,0.0,0.0
Treasurer of the State of North Carolina,0.0,0.0,0.0,0.0,0.0,12148.0,24978.0,29038.0,19755.0,11640.0,22349.0,19675.0,21517.0,24489.0,21340.0,57004.0,23291.0,18591.0,15871.0,21472.0
"Trek Financial, LLC",0.0,0.0,0.0,0.0,0.0,0.0,0.0,0.0,0.0,0.0,0.0,2570227.0,0.0,0.0,0.0,0.0,0.0,0.0,0.0,0.0
"Trellus Management Company, LLC",0.0,0.0,0.0,0.0,459.0,967.0,1210.0,678.0,305.0,324.0,397.0,334879.0,359959.0,0.0,0.0,0.0,0.0,0.0,0.0,0.0
Trexquant Investment LP,0.0,0.0,0.0,0.0,0.0,0.0,0.0,7425.0,3600.0,0.0,0.0,0.0,0.0,12035272.0,437839.0,2089301.0,0.0,18542724.0,10600200.0,18130977.0
"Triad Wealth Partners, LLC",0.0,0.0,0.0,0.0,0.0,0.0,0.0,0.0,0.0,0.0,0.0,0.0,0.0,0.0,0.0,0.0,0.0,1081.0,0.0,0.0
Triasima Portfolio Management inc.,0.0,0.0,0.0,0.0,0.0,0.0,0.0,0.0,0.0,0.0,17.0,0.0,0.0,0.0,0.0,0.0,0.0,0.0,0.0,0.0
Triatomic Management LP,0.0,0.0,0.0,0.0,0.0,0.0,0.0,0.0,0.0,0.0,0.0,0.0,0.0,1731644.0,354426.0,0.0,6464000.0,0.0,0.0,0.0
"Trifecta Capital Advisors, LLC",0.0,0.0,0.0,0.0,0.0,0.0,0.0,0.0,0.0,0.0,0.0,54545.0,58631.0,66873.0,58053.0,75620.0,61408.0,51335.0,44222.0,59448.0
Trinity Financial Advisors LLC,0.0,0.0,0.0,0.0,0.0,0.0,0.0,0.0,0.0,0.0,359.0,0.0,0.0,0.0,0.0,201189.0,0.0,0.0,0.0,0.0
"Triton Wealth Management, PLLC",0.0,0.0,0.0,0.0,0.0,0.0,0.0,0.0,0.0,0.0,0.0,0.0,0.0,0.0,0.0,201867.0,0.0,0.0,0.0,0.0
Triumph Capital Management,0.0,0.0,0.0,0.0,0.0,0.0,252.0,0.0,835.0,589.0,875.0,1019708.0,477528.0,694769.0,752545.0,1358374.0,791364.0,706926.0,679397.0,1189883.0
Trivest Advisors Ltd,0.0,0.0,0.0,0.0,344.0,78585.0,67896.0,0.0,57740.0,12915.0,0.0,0.0,36258.0,880.0,0.0,173747.0,2456.0,0.0,0.0,41073060.0
Troluce Capital Advisors LLC,0.0,0.0,0.0,0.0,0.0,0.0,0.0,0.0,0.0,0.0,0.0,0.0,0.0,0.0,0.0,0.0,16160000.0,0.0,0.0,0.0
"True Wealth Design, LLC",0.0,0.0,0.0,0.0,0.0,0.0,0.0,0.0,0.0,0.0,0.0,0.0,0.0,176.0,153.0,199.0,324.0,541.0,23547.0,71318.0
"TrueMark Investments, LLC",0.0,0.0,0.0,0.0,0.0,0.0,0.0,0.0,0.0,0.0,0.0,0.0,0.0,0.0,0.0,2285515.0,2105971.0,1760493.0,1591845.0,1978147.0
"Trueblood Wealth Management, LLC",0.0,0.0,0.0,0.0,0.0,0.0,0.0,0.0,0.0,0.0,0.0,0.0,0.0,0.0,0.0,0.0,0.0,0.0,0.0,275622.0
Trustees of Columbia University in the City of New York,0.0,0.0,0.0,0.0,0.0,415.0,0.0,0.0,0.0,0.0,0.0,0.0,0.0,0.0,0.0,0.0,0.0,0.0,0.0,1643694.0
Truvestments Capital LLC,0.0,0.0,0.0,0.0,0.0,0.0,0.0,0.0,0.0,28.0,33.0,12775.0,3703.0,4224.0,3666.0,4179.0,3394.0,0.0,0.0,1853.0
Trybe Capital Management LP,0.0,0.0,0.0,0.0,0.0,0.0,0.0,0.0,0.0,0.0,0.0,0.0,0.0,0.0,14386962.0,18740626.0,0.0,0.0,0.0,0.0
Tsai Capital Corp,0.0,0.0,0.0,0.0,4947.0,6390.0,8334.0,10065.0,6603.0,4680.0,4849.0,3050369.0,3007729.0,3459063.0,0.0,0.0,0.0,0.0,0.0,0.0
Turim 21 Investimentos Ltda.,0.0,0.0,0.0,0.0,4.0,0.0,0.0,0.0,0.0,0.0,0.0,0.0,0.0,0.0,0.0,0.0,0.0,0.0,0.0,0.0
"Turtle Creek Wealth Advisors, LLC",0.0,0.0,0.0,0.0,0.0,0.0,0.0,0.0,0.0,0.0,0.0,0.0,0.0,0.0,0.0,20497.0,0.0,0.0,0.0,0.0
"Tuttle Capital Management, LLC",0.0,0.0,0.0,0.0,0.0,0.0,314.0,0.0,0.0,0.0,0.0,0.0,0.0,0.0,0.0,0.0,0.0,0.0,0.0,0.0
Tuttle Tactical Management,0.0,0.0,0.0,0.0,232.0,314.0,0.0,0.0,0.0,0.0,0.0,0.0,0.0,0.0,0.0,0.0,0.0,0.0,0.0,0.0
Twenty Acre Capital LP,0.0,0.0,0.0,0.0,0.0,0.0,0.0,0.0,0.0,0.0,0.0,0.0,0.0,0.0,0.0,0.0,0.0,0.0,5444364.0,8137407.0
"Twin Tree Management, LP",0.0,0.0,0.0,0.0,0.0,0.0,52925.0,163003.0,179575.0,62038.0,196097.0,221873788.0,219091791.0,281462405.0,221680581.0,348847000.0,180885997.0,126070577.0,19170134.0,72755060.0
Tyler-Stone Wealth Management,0.0,0.0,0.0,0.0,0.0,0.0,0.0,44.0,30.0,18.0,22.0,19.0,0.0,23.0,20.0,19900.0,88395.0,87404.0,0.0,896206.0
"U.S. Capital Wealth Advisors, LLC",0.0,0.0,0.0,0.0,0.0,0.0,239.0,1085.0,452.0,0.0,0.0,10622.0,0.0,0.0,0.0,0.0,331926.0,268019.0,0.0,0.0
"UBS AM, a distinct business unit of UBS ASSET MANAGEMENT AMERICAS LLC",0.0,0.0,0.0,0.0,0.0,0.0,0.0,0.0,0.0,0.0,0.0,0.0,0.0,0.0,0.0,0.0,0.0,0.0,111392722.0,155257248.0
UBS ASSET MANAGEMENT AMERICAS INC,0.0,0.0,12621786.0,30039602.0,12910986.0,13197927.0,268597459.0,334144016.0,143235808.0,87658556.0,94393066.0,80685843.0,93266452.0,93266452.0,91361655.0,124441466.0,0.0,0.0,0.0,0.0
UBS ASSET MANAGEMENT AMERICAS LLC,0.0,0.0,0.0,0.0,0.0,0.0,0.0,0.0,0.0,0.0,0.0,0.0,0.0,0.0,0.0,0.0,125789924.0,129877957.0,0.0,0.0
"UDINE WEALTH MANAGEMENT, INC.",0.0,0.0,0.0,0.0,0.0,0.0,0.0,0.0,0.0,0.0,0.0,0.0,0.0,0.0,0.0,1679162.0,0.0,0.0,0.0,0.0
UMB BANK N A/MO,0.0,0.0,0.0,0.0,0.0,0.0,0.0,12.0,16.0,0.0,0.0,0.0,0.0,0.0,0.0,0.0,0.0,0.0,0.0,0.0
"UMB Bank, n.a.",0.0,0.0,0.0,0.0,0.0,0.0,0.0,0.0,0.0,11.0,9.0,7.0,7869.0,2288.0,1986.0,0.0,0.0,4053.0,0.0,0.0
"UNC Management Company, Inc.",0.0,0.0,0.0,0.0,0.0,0.0,0.0,4296.0,0.0,0.0,0.0,0.0,0.0,0.0,0.0,0.0,0.0,0.0,0.0,0.0
"UNICOM Systems, Inc.",0.0,0.0,0.0,0.0,0.0,0.0,0.0,0.0,0.0,0.0,0.0,0.0,0.0,0.0,0.0,0.0,0.0,0.0,0.0,2091483.0
UNITED MARITIME CAPITAL LLC,0.0,0.0,0.0,0.0,264.0,278.0,333.0,339.0,229.0,0.0,0.0,0.0,0.0,0.0,0.0,0.0,0.0,0.0,0.0,0.0
UNIVERSITY OF TEXAS/TEXAS AM INVESTMENT MANAGMENT CO,0.0,0.0,0.0,0.0,0.0,0.0,0.0,0.0,0.0,0.0,0.0,10.0,0.0,0.0,0.0,0.0,0.0,0.0,0.0,0.0
"US FINANCIAL ADVISORS, LLC",0.0,0.0,0.0,0.0,0.0,0.0,0.0,0.0,214.0,0.0,0.0,0.0,0.0,0.0,0.0,0.0,0.0,0.0,0.0,0.0
USS Investment Management Ltd,0.0,0.0,0.0,0.0,0.0,0.0,1693.0,1897.0,19100.0,5789.0,6959.0,6402538.0,7318569.0,8541827.0,7688014.0,9272264.0,7922472.0,6744254.0,6679959.0,8472660.0
"Ulland Investment Advisors, LLC",0.0,0.0,0.0,0.0,0.0,0.0,0.0,0.0,0.0,0.0,0.0,0.0,0.0,9.0,28.0,345.0,264.0,146.0,0.0,0.0
Ulysses Management LLC,0.0,0.0,0.0,0.0,0.0,0.0,0.0,0.0,0.0,0.0,0.0,0.0,0.0,0.0,0.0,4477500.0,404000.0,0.0,0.0,0.0
Uncommon Cents Investing LLC,0.0,0.0,0.0,0.0,0.0,0.0,0.0,0.0,0.0,0.0,0.0,0.0,0.0,0.0,0.0,0.0,0.0,0.0,1149.0,0.0
UniSuper Management Pty Ltd,0.0,0.0,0.0,0.0,0.0,0.0,0.0,0.0,0.0,0.0,0.0,0.0,0.0,33489698.0,290263.0,398000.0,646400.0,932121.0,792534.0,895578.0
United American Securities Inc. (d/b/a UAS Asset Management),0.0,0.0,0.0,0.0,0.0,0.0,0.0,0.0,0.0,417.0,0.0,0.0,0.0,0.0,0.0,497500.0,0.0,0.0,0.0,0.0
"United Asset Strategies, Inc.",0.0,0.0,0.0,0.0,0.0,0.0,0.0,0.0,0.0,0.0,0.0,0.0,0.0,223319.0,0.0,0.0,0.0,0.0,0.0,0.0
Utah Retirement Systems,0.0,0.0,0.0,0.0,361.0,1499.0,5154.0,9255.0,6306.0,3772.0,5629.0,4783040.0,5202967.0,5916799.0,5151710.0,6830078.0,5530275.0,4541996.0,3884795.0,5237896.0
V Wealth Advisors LLC,0.0,0.0,0.0,0.0,0.0,810.0,1826.0,1117.0,770.0,358.0,601.0,678226.0,1130177.0,1354167.0,640412.0,0.0,0.0,0.0,0.0,0.0
V-Square Quantitative Management LLC,0.0,0.0,0.0,0.0,0.0,0.0,0.0,0.0,0.0,0.0,0.0,0.0,0.0,87638.0,76079.0,99102.0,80477.0,0.0,29978.0,139389.0
VALLEY NATIONAL ADVISERS INC,0.0,0.0,4.0,4.0,3.0,4.0,5.0,5.0,3.0,2.0,20.0,16.0,16.0,21.0,45.0,68.0,55.0,17.0,13.0,17.0
VAN ECK ASSOCIATES CORP,0.0,0.0,0.0,0.0,0.0,2714.0,1964.0,1863.0,1498.0,883.0,1000.0,825.0,719.0,986.0,484.0,573.0,1057.0,1083.0,489.0,1265.0
VANGUARD GROUP INC,0.0,0.0,400589.0,461173.0,540324.0,2664885.0,4453536.0,5131364.0,3419831.0,2157953.0,2837488.0,2454184480.0,5377393460.0,3174106209.0,5732136334.0,8070241622.0,3323315312.0,2935840723.0,3028699808.0,4027464295.0
"VERUS CAPITAL PARTNERS, LLC",0.0,0.0,0.0,0.0,0.0,0.0,0.0,0.0,463.0,410.0,597.0,536696.0,586765.0,641095.0,582512.0,825054.0,661267.0,550761.0,0.0,0.0
"VESTOR CAPITAL, LLC",0.0,0.0,0.0,0.0,0.0,0.0,2359.0,2675.0,4015.0,120.0,147.0,2393.0,8621.0,9938.0,11400.0,16142.0,9507.0,0.0,0.0,13319.0
"VETAMER CAPITAL MANAGEMENT, L.P.",0.0,0.0,0.0,0.0,0.0,0.0,0.0,5611.0,3212.0,1944.0,2044.0,1919704.0,1905636.0,1953202.0,0.0,0.0,0.0,0.0,0.0,0.0
"VIAWEALTH, LLC",0.0,0.0,0.0,0.0,0.0,0.0,0.0,0.0,0.0,0.0,0.0,0.0,0.0,0.0,0.0,201985.0,222200.0,243162.0,357789.0,446245.0
VICTORY CAPITAL MANAGEMENT INC,0.0,0.0,0.0,1335.0,2992.0,3253.0,3968.0,4487.0,2287.0,24564.0,35135.0,143389011.0,44639028.0,57250518.0,51317887.0,67772634.0,64041111.0,37910172.0,48251308.0,62316170.0
VIKING GLOBAL INVESTORS LP,0.0,0.0,161001.0,176482.0,143795.0,131960.0,868782.0,0.0,0.0,0.0,0.0,0.0,59055578.0,0.0,0.0,0.0,0.0,0.0,0.0,0.0
VIRGINIA RETIREMENT SYSTEMS ET AL,0.0,0.0,0.0,0.0,0.0,0.0,0.0,0.0,6714.0,0.0,0.0,0.0,0.0,0.0,0.0,0.0,0.0,0.0,0.0,0.0
"VIRGINIA WEALTH MANAGEMENT GROUP, INC.",0.0,0.0,0.0,0.0,0.0,0.0,0.0,0.0,0.0,410.0,0.0,0.0,0.0,0.0,0.0,0.0,0.0,0.0,0.0,0.0
"VIRIDIAN RIA, LLC",0.0,0.0,0.0,2231.0,1843.0,2115.0,0.0,3043.0,2280.0,0.0,0.0,0.0,0.0,0.0,0.0,0.0,0.0,0.0,0.0,0.0
"VISTA FINANCE, LLC",0.0,0.0,0.0,0.0,0.0,0.0,0.0,498.0,0.0,0.0,0.0,0.0,0.0,0.0,0.0,0.0,0.0,0.0,0.0,0.0
"VOISARD ASSET MANAGEMENT GROUP, INC.",0.0,0.0,0.0,0.0,0.0,0.0,0.0,0.0,0.0,0.0,0.0,0.0,0.0,0.0,0.0,0.0,0.0,0.0,345.0,0.0
"VOLORIDGE INVESTMENT MANAGEMENT, LLC",0.0,0.0,0.0,0.0,46196.0,49932.0,8574.0,46121.0,0.0,98704.0,26456.0,1095067.0,0.0,0.0,0.0,230003404.0,0.0,38366911.0,88127139.0,0.0
"Valeo Financial Advisors, LLC",0.0,0.0,136.0,423.0,638.0,1051.0,1709.0,1971.0,1982.0,1957.0,2616.0,2189629.0,2765452.0,3147002.0,3227695.0,3999066.0,6848210.0,2473690.0,1805548.0,2059533.0
"Valiant Capital Management, L.P.",0.0,0.0,17570.0,0.0,0.0,0.0,0.0,0.0,0.0,0.0,0.0,0.0,0.0,0.0,0.0,0.0,0.0,0.0,0.0,0.0
Valliance Asset Management Ltd,0.0,0.0,0.0,0.0,0.0,0.0,0.0,0.0,0.0,0.0,0.0,0.0,0.0,0.0,0.0,0.0,1189376.0,810540.0,0.0,0.0
Value Star Asset Management (Hong Kong) Ltd,0.0,0.0,0.0,0.0,0.0,725400.0,604860.0,508125.0,21732980.0,17000085.0,33688111.0,29025510.0,34994823.0,41674175.0,20320243.0,27066.0,21009.0,0.0,0.0,617640.0
"Van Hulzen Asset Management, LLC",0.0,0.0,0.0,0.0,0.0,0.0,0.0,0.0,0.0,0.0,0.0,0.0,0.0,0.0,590.0,664.0,539.0,369.0,724.0,880137.0
"Van Leeuwen & Company, LLC",0.0,0.0,0.0,0.0,0.0,0.0,0.0,0.0,0.0,0.0,0.0,0.0,0.0,836051.0,451581.0,0.0,0.0,0.0,0.0,0.0
"Vanguard Personalized Indexing Management, LLC",0.0,0.0,0.0,0.0,0.0,0.0,0.0,0.0,1511.0,3228.0,2743.0,1825542.0,2186135.0,2504547.0,1971879.0,2893858.0,2399760.0,1974334.0,1623196.0,2490633.0
"Vantage Financial Partners, LLC",0.0,0.0,0.0,0.0,0.0,0.0,0.0,0.0,0.0,0.0,0.0,0.0,0.0,0.0,0.0,0.0,0.0,0.0,221910.0,0.0
"Vantage Investment Partners, LLC",0.0,0.0,0.0,0.0,0.0,0.0,0.0,40189.0,16766.0,796.0,973.0,821.0,1900.0,4358.0,4352.0,8159.0,6404.0,5110.0,2295.0,6360.0
"Variant Private Wealth, LLC",0.0,0.0,0.0,0.0,0.0,0.0,0.0,0.0,0.0,0.0,0.0,0.0,0.0,0.0,0.0,0.0,0.0,0.0,0.0,836392.0
Varma Mutual Pension Insurance Co,0.0,0.0,0.0,7190.0,9171.0,0.0,0.0,0.0,0.0,11974.0,36519.0,30842726.0,15429000.0,12318600.0,10693900.0,5273500.0,10875680.0,8746537.0,7020784.0,10306250.0
Venator Capital Management Ltd.,0.0,0.0,0.0,0.0,0.0,0.0,0.0,6098.0,0.0,0.0,0.0,0.0,0.0,0.0,0.0,0.0,0.0,0.0,0.0,0.0
Venture Visionary Partners LLC,0.0,0.0,0.0,0.0,0.0,0.0,0.0,0.0,0.0,11541.0,0.0,0.0,0.0,0.0,0.0,0.0,381578.0,1198113.0,769338.0,898203.0
"Venturi Wealth Management, LLC",0.0,0.0,0.0,0.0,0.0,0.0,0.0,227.0,203.0,0.0,0.0,0.0,267231.0,0.0,121453.0,173528.0,189072.0,163459.0,13554.0,515112.0
Veracity Capital LLC,0.0,0.0,0.0,0.0,0.0,0.0,0.0,0.0,0.0,0.0,0.0,0.0,0.0,0.0,0.0,278799.0,0.0,0.0,0.0,0.0
Verdence Capital Advisors LLC,0.0,0.0,0.0,282.0,0.0,0.0,0.0,0.0,0.0,0.0,0.0,0.0,0.0,0.0,0.0,0.0,0.0,0.0,0.0,0.0
"Veritable, L.P.",0.0,0.0,0.0,0.0,0.0,0.0,0.0,0.0,0.0,0.0,0.0,0.0,0.0,225782.0,0.0,0.0,0.0,0.0,0.0,0.0
Veriti Management LLC,0.0,0.0,0.0,0.0,0.0,0.0,0.0,0.0,201.0,0.0,290.0,222343.0,0.0,0.0,0.0,0.0,0.0,0.0,0.0,0.0
Verition Fund Management LLC,0.0,0.0,0.0,0.0,445.0,1566.0,1303.0,14850.0,3048.0,5128.0,3948.0,1336070.0,2633576.0,1701023.0,1727981.0,6641426.0,6791078.0,13800524.0,6309834.0,24760570.0
"Verity Asset Management, Inc.",0.0,0.0,0.0,0.0,0.0,0.0,0.0,0.0,0.0,0.0,0.0,0.0,0.0,0.0,0.0,0.0,0.0,0.0,0.0,0.0
"Vermillion & White Wealth Management Group, LLC",0.0,0.0,0.0,0.0,0.0,0.0,0.0,0.0,0.0,0.0,0.0,0.0,0.0,0.0,0.0,7960.0,6464.0,5404.0,0.0,0.0
"Vermillion Wealth Management, Inc.",0.0,0.0,0.0,0.0,0.0,0.0,0.0,0.0,0.0,0.0,0.0,0.0,0.0,0.0,0.0,0.0,0.0,0.0,0.0,4632.0
"Versant Capital Management, Inc",0.0,0.0,0.0,0.0,0.0,0.0,0.0,0.0,0.0,0.0,0.0,287.0,0.0,1056.0,1986.0,3781.0,2101.0,42553.0,60646.0,26559.0
Versor Investments LP,0.0,0.0,0.0,0.0,0.0,0.0,0.0,0.0,0.0,0.0,0.0,0.0,0.0,0.0,1176482.0,279595.0,0.0,1202301.0,0.0,346496.0
Vestcor Inc,0.0,0.0,0.0,0.0,0.0,103.0,858.0,881.0,763.0,694.0,892.0,758.0,811.0,1114.0,868.0,1121.0,828.0,801.0,681.0,915.0
"Vestmark Advisory Solutions, Inc.",0.0,0.0,0.0,0.0,415.0,437.0,608.0,681.0,826.0,907.0,1080.0,1475879.0,1703516.0,1926101.0,331511.0,800975.0,650925.0,471599.0,0.0,0.0
Victrix Investment Advisors,0.0,0.0,0.0,0.0,0.0,0.0,0.0,0.0,0.0,0.0,0.0,0.0,0.0,0.0,0.0,0.0,0.0,0.0,0.0,580118.0
"Vident Advisory, LLC",0.0,0.0,0.0,0.0,0.0,0.0,0.0,0.0,0.0,0.0,0.0,0.0,0.0,0.0,0.0,0.0,0.0,0.0,0.0,14206.0
"Vident Investment Advisory, LLC",0.0,0.0,0.0,0.0,388.0,374.0,467.0,769.0,790.0,574.0,1114.0,0.0,0.0,0.0,0.0,0.0,0.0,0.0,0.0,0.0
Vienna Asset Management LLC,0.0,0.0,0.0,0.0,0.0,0.0,0.0,0.0,204.0,0.0,0.0,0.0,0.0,0.0,0.0,0.0,0.0,0.0,0.0,0.0
"Vigilant Capital Management, LLC",0.0,0.0,28.0,31.0,25.0,27.0,33.0,37.0,25.0,15.0,19.0,16.0,17.0,19.0,0.0,0.0,0.0,0.0,0.0,0.0
Vigilare Wealth Management,0.0,0.0,0.0,0.0,0.0,592.0,723.0,695.0,383.0,0.0,0.0,0.0,0.0,0.0,0.0,0.0,0.0,0.0,0.0,0.0
Vinva Investment Management Ltd,0.0,0.0,0.0,0.0,0.0,0.0,0.0,0.0,0.0,0.0,0.0,0.0,1043372.0,878147.0,754996.0,1388889.0,1223797.0,989401.0,1069025.0,2322845.0
"Vise Technologies, Inc.",0.0,0.0,0.0,0.0,0.0,0.0,0.0,0.0,0.0,0.0,0.0,0.0,0.0,0.0,0.0,0.0,0.0,0.0,0.0,212623.0
"Vishria Bird Financial Group, LLC",0.0,0.0,0.0,0.0,0.0,0.0,0.0,0.0,0.0,3326.0,4066.0,3429.0,3675.0,4187.0,3634.0,4608.0,3847.0,3214.0,2731.0,3649.0
"VisionPoint Advisory Group, LLC",0.0,0.0,0.0,0.0,0.0,0.0,0.0,0.0,0.0,0.0,0.0,0.0,0.0,0.0,0.0,0.0,7595.0,0.0,0.0,0.0
Visionary Wealth Advisors,0.0,0.0,0.0,0.0,0.0,0.0,0.0,0.0,0.0,0.0,234.0,0.0,227033.0,271009.0,0.0,0.0,0.0,0.0,0.0,0.0
"Vista Wealth Management Group, LLC",0.0,0.0,222.0,0.0,1841.0,11462.0,17825.0,45127.0,41797.0,29332.0,35659.0,29194457.0,31178460.0,0.0,0.0,0.0,0.0,0.0,0.0,0.0
"VitalStone Financial, LLC",0.0,0.0,0.0,0.0,0.0,0.0,0.0,0.0,0.0,0.0,0.0,26000.0,16.0,27.0,26.0,28.0,25.0,2161.0,1149.0,0.0
WADE G W & INC,0.0,0.0,0.0,0.0,0.0,0.0,0.0,212.0,201.0,0.0,0.0,0.0,0.0,0.0,0.0,0.0,0.0,0.0,0.0,0.0
WAFRA INC.,0.0,0.0,0.0,0.0,0.0,0.0,0.0,0.0,0.0,0.0,0.0,0.0,0.0,0.0,0.0,2028606.0,2460037.0,0.0,0.0,0.0
WASATCH ADVISORS INC,0.0,0.0,3729.0,0.0,0.0,0.0,0.0,0.0,0.0,0.0,0.0,0.0,0.0,0.0,0.0,0.0,0.0,0.0,0.0,0.0
"WASHBURN CAPITAL MANAGEMENT, INC.",0.0,0.0,0.0,0.0,0.0,0.0,0.0,318.0,280.0,0.0,0.0,0.0,0.0,0.0,0.0,0.0,0.0,0.0,0.0,0.0
"WASHINGTON CAPITAL MANAGEMENT, INC",0.0,0.0,0.0,0.0,0.0,0.0,0.0,0.0,0.0,0.0,0.0,0.0,0.0,0.0,0.0,0.0,0.0,0.0,0.0,602199.0
WASHINGTON TRUST Co,0.0,0.0,0.0,0.0,9.0,10.0,12.0,28.0,9.0,6.0,7.0,5748.0,6178.0,7039.0,6111.0,7960.0,38784.0,32422.0,50538.0,6176.0
WASHINGTON UNIVERSITY,0.0,0.0,0.0,0.0,0.0,0.0,0.0,0.0,0.0,0.0,0.0,320.0,0.0,1175194.0,0.0,0.0,0.0,0.0,0.0,0.0
WATER ISLAND CAPITAL LLC,0.0,0.0,0.0,0.0,0.0,0.0,0.0,0.0,0.0,243.0,200.0,0.0,0.0,0.0,0.0,0.0,0.0,0.0,0.0,0.0
"WAYCROSS PARTNERS, LLC",0.0,0.0,0.0,0.0,0.0,0.0,0.0,0.0,0.0,0.0,595.0,502000.0,478299.0,492744.0,427756.0,0.0,0.0,0.0,0.0,0.0
WCG Wealth Advisors LLC,0.0,0.0,0.0,0.0,0.0,0.0,0.0,0.0,0.0,0.0,218.0,0.0,0.0,0.0,0.0,0.0,0.0,0.0,0.0,0.0
"WCM INVESTMENT MANAGEMENT, LLC",0.0,0.0,0.0,0.0,0.0,0.0,0.0,0.0,0.0,186647.0,251134.0,228760416.0,238123934.0,338397979.0,285817392.0,369531930.0,298643749.0,0.0,0.0,0.0
WD RUTHERFORD LLC,0.0,0.0,0.0,0.0,0.0,0.0,0.0,0.0,24.0,0.0,0.0,0.0,0.0,0.0,0.0,0.0,682760.0,2331653.0,1948715.0,1878861.0
"WEALTH ENHANCEMENT ADVISORY SERVICES, LLC",0.0,0.0,0.0,0.0,0.0,0.0,0.0,0.0,0.0,0.0,0.0,0.0,0.0,0.0,1510773.0,2960697.0,2254085.0,1896717.0,1186250.0,1165584.0
"WEALTHSOURCE PARTNERS, LLC",0.0,0.0,0.0,0.0,0.0,0.0,0.0,232.0,0.0,226.0,0.0,0.0,0.0,0.0,0.0,0.0,0.0,0.0,0.0,0.0
WEATHERLY ASSET MANAGEMENT L. P.,0.0,0.0,0.0,0.0,0.0,0.0,0.0,217.0,0.0,0.0,0.0,0.0,0.0,0.0,0.0,0.0,0.0,0.0,0.0,0.0
WEDBUSH SECURITIES INC,0.0,0.0,0.0,250.0,404.0,461.0,528.0,445.0,378.0,255.0,431.0,367.0,417.0,622.0,392.0,689.0,1126.0,1191.0,594.0,432.0
WELCH & FORBES LLC,0.0,0.0,0.0,0.0,1427.0,1129.0,0.0,0.0,0.0,0.0,0.0,0.0,0.0,0.0,0.0,0.0,0.0,0.0,0.0,0.0
WELD CAPITAL MANAGEMENT LLC,0.0,0.0,0.0,266.0,0.0,302.0,0.0,0.0,0.0,0.0,0.0,0.0,0.0,0.0,0.0,0.0,0.0,0.0,0.0,0.0
WEST PACES ADVISORS INC.,0.0,0.0,0.0,0.0,0.0,0.0,0.0,0.0,0.0,0.0,0.0,0.0,0.0,0.0,0.0,995.0,808.0,0.0,0.0,30882.0
"WESTERLY CAPITAL MANAGEMENT, LLC",0.0,0.0,0.0,0.0,0.0,0.0,0.0,0.0,0.0,1669.0,0.0,0.0,0.0,0.0,0.0,0.0,5494400.0,0.0,0.0,0.0
WESTFIELD CAPITAL MANAGEMENT CO LP,0.0,0.0,0.0,0.0,0.0,0.0,0.0,0.0,12411.0,54165.0,52314.0,517031.0,0.0,0.0,0.0,0.0,0.0,0.0,0.0,0.0
WETHERBY ASSET MANAGEMENT INC,0.0,0.0,0.0,0.0,0.0,0.0,0.0,384.0,443.0,270.0,702.0,720284.0,567171.0,801237.0,253904.0,0.0,0.0,0.0,0.0,0.0
"WETZEL INVESTMENT ADVISORS, INC.",0.0,0.0,0.0,0.0,0.0,0.0,0.0,0.0,0.0,0.0,0.0,0.0,0.0,0.0,0.0,5.0,3710.0,4040.0,0.0,0.0
WFA Asset Management Corp,0.0,0.0,0.0,0.0,0.0,0.0,0.0,0.0,0.0,5563.0,6799.0,5742.0,6172.0,7040.0,12222.0,15920.0,0.0,0.0,0.0,0.0
"WFA of San Diego, LLC",0.0,0.0,0.0,281.0,0.0,0.0,0.0,0.0,0.0,1.0,0.0,0.0,0.0,0.0,0.0,0.0,0.0,0.0,0.0,0.0
WHITE SQUARE CAPITAL LLP,0.0,0.0,0.0,911.0,0.0,0.0,0.0,0.0,0.0,0.0,0.0,0.0,0.0,0.0,0.0,0.0,0.0,0.0,0.0,0.0
"WHITENER CAPITAL MANAGEMENT, INC.",0.0,0.0,0.0,410.0,284.0,0.0,410.0,333.0,262.0,337.0,525.0,424878.0,452070.0,525300.0,424701.0,569140.0,469125.0,309761.0,0.0,0.0
WHITTIER TRUST CO,0.0,0.0,23.0,25.0,5.0,0.0,0.0,0.0,238.0,145.0,149.0,125453.0,156757.0,153806.0,134283.0,77809.0,56720.0,23370.0,4019.0,8492.0
WHITTIER TRUST CO OF NEVADA INC,0.0,0.0,0.0,0.0,0.0,0.0,0.0,0.0,0.0,9.0,14.0,45929.0,53536.0,23403.0,31316.0,26069.0,21167.0,17694.0,82696.0,69170.0
WINTON GROUP Ltd,0.0,0.0,0.0,0.0,0.0,1982.0,1665.0,0.0,301.0,0.0,0.0,0.0,0.0,0.0,391855.0,1189025.0,1009838.0,0.0,0.0,0.0
"WIPFLI FINANCIAL ADVISORS LLC,",0.0,0.0,0.0,0.0,0.0,0.0,0.0,0.0,0.0,0.0,175.0,0.0,0.0,0.0,0.0,0.0,0.0,0.0,0.0,0.0
WISCONSIN CAPITAL MANAGEMENT LLC,0.0,0.0,0.0,0.0,0.0,484.0,680.0,847.0,631.0,420.0,569.0,0.0,0.0,0.0,0.0,0.0,0.0,0.0,0.0,0.0
"WIT, LLC",0.0,0.0,0.0,0.0,0.0,2053.0,0.0,0.0,0.0,0.0,2122.0,0.0,0.0,0.0,0.0,0.0,0.0,0.0,0.0,0.0
"WMG Financial Advisors, LLC",0.0,0.0,0.0,0.0,0.0,0.0,0.0,1085.0,1468.0,445.0,543.0,387991.0,602195.0,634058.0,607719.0,622472.0,287325.0,0.0,0.0,0.0
WOLFF WIESE MAGANA LLC,0.0,0.0,0.0,0.0,196.0,479.0,994.0,543.0,375.0,223.0,248.0,202966.0,216315.0,245493.0,211892.0,2587.0,21816.0,145628.0,133123.0,153330.0
"WOODWARD DIVERSIFIED CAPITAL, LLC",0.0,0.0,0.0,0.0,300.0,0.0,212.0,241.0,0.0,0.0,0.0,0.0,0.0,0.0,291943.0,479789.0,376690.0,343669.0,234774.0,313298.0
"WORLD EQUITY GROUP, INC.",0.0,0.0,0.0,0.0,0.0,0.0,0.0,0.0,0.0,0.0,0.0,0.0,553334.0,0.0,0.0,0.0,0.0,0.0,0.0,0.0
"WP Advisors, LLC",0.0,0.0,0.0,0.0,0.0,778.0,974.0,1090.0,715.0,437.0,483.0,0.0,0.0,0.0,0.0,0.0,0.0,0.0,0.0,0.0
"WR Wealth Planners, LLC",0.0,0.0,0.0,0.0,0.0,0.0,0.0,0.0,0.0,0.0,0.0,82105.0,91340.0,104180.0,90440.0,0.0,77083.0,65924.0,2527.0,4478.0
WRAPMANAGER INC,0.0,0.0,0.0,0.0,0.0,0.0,0.0,0.0,0.0,234.0,357.0,404.0,474133.0,502951.0,410340.0,529141.0,391718.0,287877.0,0.0,0.0
WT Asset Management Ltd,0.0,0.0,0.0,0.0,0.0,0.0,0.0,0.0,0.0,0.0,0.0,0.0,0.0,527940.0,0.0,31083800.0,51333533.0,0.0,0.0,0.0
"Wagner Wealth Management, LLC",0.0,0.0,0.0,0.0,0.0,0.0,5.0,5.0,0.0,44.0,53.0,0.0,0.0,0.0,0.0,0.0,0.0,0.0,0.0,0.0
Waldron Private Wealth LLC,0.0,0.0,0.0,0.0,0.0,0.0,0.0,0.0,0.0,0.0,0.0,0.0,0.0,0.0,0.0,0.0,0.0,0.0,39857.0,0.0
Walleye Capital LLC,0.0,0.0,0.0,0.0,0.0,766.0,600.0,3220.0,2836.0,0.0,2884.0,3114818.0,13293781.0,28706913.0,132426842.0,94873051.0,107607178.0,100596795.0,82291102.0,105567646.0
Walleye Trading LLC,0.0,0.0,0.0,7626.0,84727.0,89130.0,148775.0,139477.0,136691.0,91956.0,120824.0,128130120.0,134803173.0,131580246.0,389407064.0,211893011.0,129923330.0,97345854.0,108511343.0,241164178.0
Waratah Capital Advisors Ltd.,0.0,0.0,8037.0,0.0,0.0,0.0,0.0,0.0,0.0,0.0,0.0,0.0,0.0,0.0,0.0,0.0,0.0,0.0,0.0,0.0
"Warther Private Wealth, LLC",0.0,0.0,0.0,0.0,0.0,0.0,311.0,457.0,0.0,0.0,0.0,0.0,0.0,0.0,0.0,0.0,0.0,0.0,0.0,0.0
"Washington Trust Advisors, Inc.",0.0,0.0,0.0,0.0,0.0,0.0,0.0,339.0,229.0,0.0,0.0,0.0,3086.0,1760.0,1528.0,1990.0,7136095.0,7245958.0,6653725.0,8878112.0
"Watershed Asset Management, L.L.C.",0.0,0.0,0.0,0.0,0.0,0.0,0.0,0.0,0.0,973.0,879.0,0.0,0.0,0.0,0.0,0.0,0.0,0.0,0.0,0.0
"Watts Gwilliam & Co., LLC",0.0,0.0,0.0,0.0,0.0,0.0,0.0,0.0,0.0,0.0,0.0,0.0,0.0,0.0,0.0,0.0,251887.0,0.0,1729250.0,224029.0
"Waverly Advisors, LLC",0.0,0.0,0.0,0.0,0.0,0.0,0.0,0.0,0.0,0.0,0.0,0.0,0.0,0.0,0.0,0.0,1273965.0,1132189.0,0.0,0.0
Waverton Investment Management Ltd,0.0,0.0,0.0,0.0,0.0,0.0,0.0,0.0,0.0,0.0,4586.0,6037.0,9015319.0,0.0,0.0,0.0,0.0,0.0,0.0,0.0
"Wealth Advisory Solutions, LLC",0.0,0.0,0.0,0.0,0.0,0.0,0.0,0.0,0.0,0.0,0.0,0.0,262293.0,0.0,598009.0,338300.0,428240.0,4376357.0,1513868.0,2017384.0
"Wealth Architects, LLC",0.0,0.0,0.0,0.0,410.0,276.0,0.0,0.0,0.0,0.0,0.0,0.0,2364031.0,2693726.0,2336312.0,3059824.0,2145563.0,1790618.0,1384867.0,1799031.0
"Wealth Dimensions Group, Ltd.",0.0,0.0,0.0,0.0,1989.0,2124.0,1765.0,2019.0,1366.0,0.0,0.0,0.0,0.0,201321.0,0.0,0.0,205232.0,0.0,0.0,0.0
"Wealth Management Partners, LLC",0.0,0.0,0.0,269.0,336.0,324.0,851.0,748.0,613.0,431.0,622.0,543155.0,737043.0,1012941.0,1100250.0,1469814.0,1395254.0,884029.0,0.0,0.0
"WealthPLAN Partners, LLC",0.0,0.0,0.0,0.0,0.0,0.0,0.0,0.0,0.0,0.0,0.0,0.0,17743.0,7039.0,0.0,0.0,0.0,0.0,0.0,0.0
"WealthShield Partners, LLC",0.0,0.0,0.0,0.0,34.0,91.0,0.0,0.0,0.0,0.0,0.0,0.0,0.0,0.0,0.0,0.0,0.0,0.0,0.0,0.0
Wealthcare Advisory Partners LLC,0.0,0.0,0.0,0.0,18.0,0.0,0.0,0.0,0.0,0.0,0.0,253635.0,401308.0,553809.0,968256.0,1435984.0,1699224.0,1648233.0,1398995.0,1917927.0
Wealthfront Advisers LLC,0.0,0.0,0.0,0.0,0.0,0.0,922.0,3873.0,413.0,1395.0,2140.0,1797121.0,1421474.0,2305162.0,1707357.0,2757145.0,2389740.0,1856677.0,1674199.0,0.0
"Wealthspire Advisors, LLC",0.0,0.0,0.0,0.0,0.0,0.0,0.0,0.0,1389.0,842.0,1038.0,1229707.0,1270733.0,1447612.0,1264478.0,1645730.0,1399133.0,1195412.0,1007438.0,1476469.0
Weaver Consulting Group,0.0,0.0,13.0,0.0,0.0,0.0,0.0,0.0,0.0,0.0,0.0,0.0,0.0,0.0,0.0,0.0,0.0,0.0,0.0,0.0
Wedmont Private Capital,0.0,0.0,0.0,0.0,0.0,0.0,0.0,0.0,0.0,0.0,0.0,0.0,0.0,0.0,0.0,249365.0,0.0,452591.0,358647.0,512236.0
"Weil Company, Inc.",0.0,0.0,0.0,0.0,0.0,0.0,0.0,0.0,0.0,0.0,0.0,0.0,0.0,0.0,0.0,0.0,241592.0,310437.0,0.0,0.0
Weiss Multi-Strategy Advisers LLC,0.0,0.0,1004.0,0.0,0.0,0.0,0.0,1015.0,0.0,685.0,1546.0,4306.0,4474.0,2640.0,0.0,15303.0,0.0,0.0,0.0,0.0
"Wellington Shields & Co., LLC",0.0,0.0,0.0,0.0,0.0,0.0,0.0,0.0,0.0,0.0,0.0,0.0,0.0,0.0,0.0,0.0,0.0,324216.0,585786.0,849255.0
"Wellington Shields Capital Management, LLC",0.0,0.0,0.0,0.0,0.0,0.0,0.0,0.0,0.0,0.0,0.0,0.0,0.0,0.0,0.0,0.0,0.0,27018.0,22972.0,30882.0
Werba Rubin Papier Wealth Management,0.0,0.0,0.0,0.0,0.0,0.0,0.0,0.0,0.0,0.0,0.0,0.0,4656472.0,31676.0,3694132.0,3817019.0,1489305.0,1250528.0,1090481.0,1171509.0
"Werlinich Asset Management, LLC",0.0,0.0,0.0,0.0,0.0,0.0,0.0,0.0,0.0,0.0,0.0,0.0,0.0,0.0,0.0,0.0,228857.0,200880.0,0.0,0.0
Wernau Asset Management Inc.,0.0,0.0,0.0,0.0,0.0,0.0,0.0,0.0,0.0,0.0,0.0,0.0,0.0,0.0,0.0,0.0,0.0,0.0,0.0,702149.0
"West Tower Group, LLC",0.0,0.0,0.0,0.0,0.0,0.0,0.0,0.0,0.0,0.0,0.0,0.0,0.0,0.0,0.0,10348.0,161600.0,0.0,0.0,0.0
"Westend Capital Management, LLC",0.0,0.0,0.0,0.0,0.0,0.0,0.0,0.0,0.0,0.0,0.0,0.0,0.0,0.0,0.0,0.0,0.0,0.0,0.0,10549909.0
Western Financial Corp/CA,0.0,0.0,0.0,0.0,0.0,0.0,0.0,0.0,0.0,0.0,0.0,585069.0,0.0,0.0,0.0,0.0,0.0,0.0,0.0,0.0
"Western Pacific Wealth Management, LP",0.0,0.0,0.0,0.0,0.0,0.0,0.0,0.0,0.0,0.0,0.0,0.0,61716.0,105588.0,91662.0,119400.0,16160.0,13509.0,0.0,0.0
"Western Wealth Management, LLC",0.0,0.0,0.0,0.0,0.0,0.0,0.0,0.0,222.0,0.0,0.0,0.0,0.0,0.0,415237.0,0.0,396567.0,301251.0,242928.0,0.0
"Westover Capital Advisors, LLC",0.0,0.0,0.0,0.0,0.0,0.0,0.0,0.0,0.0,236.0,289.0,244018.0,262293.0,299166.0,259709.0,338300.0,274720.0,0.0,0.0,0.0
"Westside Investment Management, Inc.",0.0,0.0,0.0,1.0,68872.0,72633.0,91232.0,91178.0,70564.0,70766.0,280847.0,264769.0,939630.0,1073687.0,956344.0,1283152.0,1023657.0,1131117.0,1438084.0,1941556.0
Westwood Wealth Management,0.0,0.0,0.0,0.0,0.0,0.0,0.0,31547.0,0.0,0.0,0.0,0.0,0.0,0.0,0.0,0.0,0.0,0.0,0.0,0.0
Whale Rock Capital Management LLC,0.0,0.0,75300.0,84420.0,68876.0,381094.0,238144.0,0.0,0.0,0.0,0.0,0.0,0.0,0.0,0.0,0.0,0.0,0.0,0.0,0.0
Whalen Wealth Management Inc.,0.0,0.0,0.0,0.0,0.0,0.0,0.0,0.0,0.0,0.0,0.0,0.0,0.0,0.0,0.0,0.0,0.0,568324.0,0.0,0.0
"Wharton Business Group, LLC",0.0,0.0,0.0,0.0,0.0,0.0,0.0,0.0,0.0,0.0,0.0,0.0,228.0,309.0,336.0,358.0,274.0,0.0,0.0,0.0
"Whipplewood Advisors, LLC",0.0,0.0,0.0,0.0,0.0,0.0,0.0,0.0,0.0,0.0,0.0,0.0,0.0,0.0,0.0,0.0,0.0,0.0,0.0,48175.0
White Lighthouse Investment Management Inc.,0.0,0.0,0.0,1446.0,897.0,0.0,0.0,0.0,0.0,0.0,0.0,0.0,0.0,0.0,0.0,0.0,0.0,0.0,0.0,0.0
"Wildcat Capital Management, LLC",0.0,0.0,0.0,0.0,9797.0,0.0,0.0,2420.0,362.0,4674.0,3842.0,3244722.0,1678058.0,0.0,311345.0,0.0,0.0,0.0,0.0,0.0
"Williams Jones Wealth Management, LLC.",0.0,0.0,0.0,0.0,0.0,0.0,0.0,0.0,0.0,0.0,218.0,0.0,0.0,0.0,0.0,0.0,0.0,0.0,0.0,0.0
"Winch Advisory Services, LLC",0.0,0.0,0.0,11.0,13.0,10.0,0.0,20.0,39.0,0.0,0.0,0.0,0.0,0.0,0.0,8159.0,7757.0,8916.0,2986.0,4015.0
Windmill Hill Asset Management Ltd,0.0,0.0,0.0,0.0,0.0,415.0,0.0,0.0,0.0,0.0,0.0,0.0,0.0,0.0,0.0,0.0,0.0,0.0,0.0,0.0
"Wingate Wealth Advisors, Inc.",0.0,0.0,0.0,0.0,0.0,0.0,0.0,0.0,0.0,0.0,0.0,0.0,0.0,0.0,0.0,0.0,0.0,0.0,0.0,1544.0
"Winslow Capital Management, LLC",0.0,0.0,2033.0,0.0,29387.0,0.0,20515.0,5515.0,0.0,0.0,0.0,0.0,0.0,0.0,38077006.0,49091111.0,0.0,0.0,0.0,0.0
"Winthrop Capital Management, LLC",0.0,0.0,0.0,0.0,0.0,0.0,0.0,0.0,0.0,0.0,0.0,0.0,0.0,0.0,0.0,796.0,0.0,0.0,0.0,11.0
Woodline Partners LP,0.0,0.0,0.0,0.0,0.0,0.0,0.0,0.0,0.0,0.0,0.0,26341169.0,10743984.0,0.0,64399430.0,83887455.0,101221069.0,67343986.0,57617222.0,77870044.0
World Asset Management Inc,0.0,0.0,0.0,0.0,0.0,461.0,853.0,0.0,0.0,0.0,0.0,0.0,0.0,0.0,0.0,0.0,0.0,0.0,0.0,0.0
World Investment Advisors,0.0,0.0,0.0,0.0,0.0,0.0,0.0,0.0,0.0,0.0,0.0,0.0,0.0,0.0,0.0,0.0,0.0,0.0,0.0,331365.0
"Worth Asset Management, LLC",0.0,0.0,0.0,0.0,0.0,0.0,0.0,0.0,0.0,0.0,0.0,0.0,0.0,63528.0,0.0,0.0,0.0,0.0,0.0,0.0
XN Exponent Advisors LLC,0.0,0.0,0.0,44344.0,0.0,0.0,0.0,0.0,0.0,0.0,0.0,0.0,0.0,0.0,0.0,0.0,0.0,0.0,0.0,0.0
"XPONANCE, INC.",0.0,0.0,0.0,0.0,0.0,3178.0,6320.0,7261.0,5014.0,3022.0,5859.0,5719925.0,6216498.0,7678535.0,6779169.0,8486156.0,8729794.0,7519650.0,6268255.0,9147712.0
XR Securities LLC,0.0,0.0,0.0,0.0,0.0,0.0,0.0,0.0,0.0,0.0,0.0,214519.0,0.0,217511.0,406827.0,1202159.0,750794.0,287472.0,0.0,0.0
"Xcel Wealth Management, LLC",0.0,0.0,0.0,0.0,0.0,0.0,242.0,0.0,0.0,0.0,0.0,0.0,0.0,0.0,0.0,0.0,0.0,0.0,0.0,0.0
Y-Intercept (Hong Kong) Ltd,0.0,0.0,0.0,417.0,0.0,0.0,0.0,892.0,0.0,0.0,0.0,0.0,1331986.0,1404848.0,1914208.0,0.0,5013802.0,1379269.0,0.0,5142779.0
Y.D. More Investments Ltd,0.0,0.0,0.0,0.0,0.0,0.0,0.0,0.0,0.0,0.0,0.0,21169.0,0.0,0.0,0.0,54866.0,468640.0,0.0,0.0,0.0
"YHB Investment Advisors, Inc.",0.0,0.0,0.0,0.0,0.0,0.0,0.0,0.0,0.0,0.0,0.0,0.0,0.0,0.0,0.0,0.0,5656.0,0.0,0.0,0.0
"YOUSIF CAPITAL MANAGEMENT, LLC",0.0,0.0,0.0,0.0,0.0,0.0,0.0,966.0,654.0,286.0,475.0,821622.0,448521.0,494856.0,454032.0,618890.0,556066.0,520232.0,449217.0,598493.0
"Yarbrough Capital, LLC",0.0,0.0,0.0,0.0,0.0,0.0,0.0,3052.0,2065.0,0.0,0.0,933154.0,1003039.0,2288092.0,993158.0,1293699.0,0.0,0.0,0.0,0.0
Yong Rong (HK) Asset Management Ltd,0.0,0.0,0.0,6191.0,0.0,0.0,0.0,0.0,0.0,2573.0,0.0,0.0,371.0,0.0,0.0,0.0,0.0,0.0,0.0,0.0
"Your Advocates Ltd., LLP",0.0,0.0,0.0,0.0,0.0,0.0,0.0,0.0,0.0,0.0,0.0,0.0,0.0,0.0,1680.0,2189.0,1778.0,2837.0,0.0,0.0
ZACKS INVESTMENT MANAGEMENT,0.0,0.0,0.0,0.0,0.0,0.0,0.0,0.0,0.0,0.0,7061.0,5937353.0,6814248.0,15235180.0,0.0,0.0,0.0,0.0,0.0,201194.0
"ZEGA Investments, LLC",0.0,0.0,0.0,0.0,0.0,0.0,0.0,0.0,0.0,0.0,0.0,0.0,0.0,0.0,0.0,0.0,0.0,0.0,0.0,599321.0
ZEVENBERGEN CAPITAL INVESTMENTS LLC,0.0,0.0,0.0,28693.0,72421.0,86659.0,117303.0,128157.0,87709.0,58844.0,73664.0,58491402.0,74375495.0,85036704.0,72679258.0,90448883.0,73513294.0,61644269.0,25968353.0,31669800.0
"ZRC WEALTH MANAGEMENT, LLC",0.0,0.0,0.0,0.0,0.0,0.0,0.0,0.0,0.0,0.0,0.0,0.0,0.0,0.0,0.0,0.0,7272.0,6080.0,5169.0,0.0
Zenyatta Capital Management LP,0.0,0.0,0.0,0.0,0.0,0.0,0.0,0.0,0.0,0.0,0.0,2511950.0,0.0,0.0,1527700.0,0.0,0.0,0.0,0.0,0.0
"Zimmer Partners, LP",0.0,0.0,13604.0,0.0,0.0,0.0,0.0,0.0,0.0,0.0,0.0,0.0,0.0,0.0,0.0,0.0,0.0,0.0,0.0,0.0
"Zions Bancorporation, N.A.",0.0,0.0,0.0,1.0,209.0,5.0,161.0,16.0,6.0,5.0,17.0,11627.0,4629.0,6159.0,178130.0,232631.0,4848.0,2297.0,1034.0,151322.0
Zurcher Kantonalbank (Zurich Cantonalbank),0.0,0.0,46.0,3350.0,3953.0,6066.0,16383.0,14458.0,9138.0,5172.0,7389.0,7163938.0,7470105.0,10032972.0,9050706.0,12601675.0,11065398.0,10868666.0,19688612.0,13582830.0
Zweig-DiMenna Associates LLC,0.0,0.0,0.0,0.0,0.0,0.0,0.0,3726.0,0.0,0.0,0.0,0.0,0.0,4223520.0,3101231.0,626850.0,711040.0,0.0,0.0,0.0
"a16z Perennial Management, L.P.",0.0,0.0,0.0,0.0,0.0,0.0,0.0,0.0,0.0,0.0,0.0,0.0,0.0,0.0,0.0,5572.0,4525.0,7566.0,6432.0,8646.0
"bLong Financial, LLC",0.0,0.0,0.0,0.0,0.0,0.0,0.0,0.0,0.0,0.0,0.0,0.0,0.0,0.0,0.0,0.0,0.0,0.0,0.0,337232.0
black-and-white Capital LP,0.0,0.0,5020.0,0.0,0.0,0.0,0.0,0.0,0.0,0.0,0.0,0.0,0.0,0.0,0.0,0.0,0.0,0.0,0.0,0.0
iA Global Asset Management Inc.,0.0,0.0,0.0,0.0,0.0,0.0,0.0,0.0,0.0,0.0,0.0,0.0,0.0,0.0,0.0,0.0,3993.0,0.0,0.0,6975.0
tru Independence LLC,0.0,0.0,0.0,22512.0,0.0,0.0,0.0,0.0,0.0,0.0,0.0,0.0,0.0,0.0,0.0,0.0,0.0,0.0,0.0,0.0
united american securities inc. (d/b/a uas asset management),0.0,0.0,0.0,0.0,0.0,0.0,0.0,423.0,0.0,417.0,0.0,0.0,0.0,0.0,0.0,0.0,0.0,0.0,0.0,0.0
